caseKey,caseName,caseDescription,scenarioKey,scenario,metric,estimate,lower95,upper95,n,method
synthetic-baseline,Synthetic baseline,Synthetic docket using the same world assumptions as the imported comparisons.,current-federal-court,Current-style federal supreme court,directionalScore,0.516,0.513,0.518,9600,cluster-bootstrap-runs-200-95
synthetic-baseline,Synthetic baseline,Synthetic docket using the same world assumptions as the imported comparisons.,current-federal-court,Current-style federal supreme court,legalStability,0.719,0.717,0.721,9600,cluster-bootstrap-runs-200-95
synthetic-baseline,Synthetic baseline,Synthetic docket using the same world assumptions as the imported comparisons.,current-federal-court,Current-style federal supreme court,rightsProtection,0.643,0.641,0.646,9600,cluster-bootstrap-runs-200-95
synthetic-baseline,Synthetic baseline,Synthetic docket using the same world assumptions as the imported comparisons.,current-federal-court,Current-style federal supreme court,partisanAlignment,0.214,0.211,0.216,9600,cluster-bootstrap-runs-200-95
synthetic-baseline,Synthetic baseline,Synthetic docket using the same world assumptions as the imported comparisons.,current-federal-court,Current-style federal supreme court,shadowDocketAbuse,0.651,0.644,0.658,9600,cluster-bootstrap-runs-200-95
synthetic-baseline,Synthetic baseline,Synthetic docket using the same world assumptions as the imported comparisons.,current-federal-court,Current-style federal supreme court,legitimacy,0.515,0.513,0.517,9600,cluster-bootstrap-runs-200-95
synthetic-baseline,Synthetic baseline,Synthetic docket using the same world assumptions as the imported comparisons.,current-federal-court,Current-style federal supreme court,reversalRate,0.108,0.103,0.114,9600,cluster-bootstrap-runs-200-95
synthetic-baseline,Synthetic baseline,Synthetic docket using the same world assumptions as the imported comparisons.,current-federal-court,Current-style federal supreme court,reviewRate,1.000,1.000,1.000,9600,cluster-bootstrap-runs-200-95
synthetic-baseline,Synthetic baseline,Synthetic docket using the same world assumptions as the imported comparisons.,current-federal-court,Current-style federal supreme court,intakeAcceptanceRate,0.023,0.023,0.023,422985,cluster-bootstrap-runs-200-95
synthetic-baseline,Synthetic baseline,Synthetic docket using the same world assumptions as the imported comparisons.,current-federal-court,Current-style federal supreme court,emergencyReliefRate,0.682,0.670,0.692,7451,cluster-bootstrap-runs-200-95
synthetic-baseline,Synthetic baseline,Synthetic docket using the same world assumptions as the imported comparisons.,current-federal-court,Current-style federal supreme court,emergencyReasonGivingRate,0.025,0.022,0.028,7451,cluster-bootstrap-runs-200-95
synthetic-baseline,Synthetic baseline,Synthetic docket using the same world assumptions as the imported comparisons.,current-federal-court,Current-style federal supreme court,emergencyVoteDisclosureRate,0.365,0.355,0.374,7451,cluster-bootstrap-runs-200-95
synthetic-baseline,Synthetic baseline,Synthetic docket using the same world assumptions as the imported comparisons.,current-federal-court,Current-style federal supreme court,emergencyPublicDisagreementRate,0.570,0.559,0.580,7451,cluster-bootstrap-runs-200-95
synthetic-baseline,Synthetic baseline,Synthetic docket using the same world assumptions as the imported comparisons.,current-federal-court,Current-style federal supreme court,governmentEmergencyWinRate,0.667,0.654,0.679,7451,cluster-bootstrap-runs-200-95
synthetic-baseline,Synthetic baseline,Synthetic docket using the same world assumptions as the imported comparisons.,current-federal-court,Current-style federal supreme court,meritsFollowUpRate,0.000,0.000,0.000,7451,cluster-bootstrap-runs-200-95
synthetic-baseline,Synthetic baseline,Synthetic docket using the same world assumptions as the imported comparisons.,current-federal-court,Current-style federal supreme court,meritsInvalidationRate,0.483,0.463,0.504,2149,cluster-bootstrap-runs-200-95
synthetic-baseline,Synthetic baseline,Synthetic docket using the same world assumptions as the imported comparisons.,current-federal-court,Current-style federal supreme court,constitutionalConflict,0.429,0.426,0.431,9600,cluster-bootstrap-runs-200-95
synthetic-baseline,Synthetic baseline,Synthetic docket using the same world assumptions as the imported comparisons.,current-federal-court,Current-style federal supreme court,democraticResponsiveness,0.362,0.360,0.365,9600,cluster-bootstrap-runs-200-95
synthetic-baseline,Synthetic baseline,Synthetic docket using the same world assumptions as the imported comparisons.,current-federal-court,Current-style federal supreme court,complianceRate,0.264,0.256,0.274,9600,cluster-bootstrap-runs-200-95
synthetic-baseline,Synthetic baseline,Synthetic docket using the same world assumptions as the imported comparisons.,current-federal-court,Current-style federal supreme court,publicTrust,0.018,0.017,0.018,9600,cluster-bootstrap-runs-200-95
synthetic-baseline,Synthetic baseline,Synthetic docket using the same world assumptions as the imported comparisons.,current-federal-court,Current-style federal supreme court,administrativeLoad,0.522,0.521,0.523,9600,cluster-bootstrap-runs-200-95
synthetic-baseline,Synthetic baseline,Synthetic docket using the same world assumptions as the imported comparisons.,current-federal-court,Current-style federal supreme court,directCourtCost,0.310,0.309,0.310,9600,cluster-bootstrap-runs-200-95
synthetic-baseline,Synthetic baseline,Synthetic docket using the same world assumptions as the imported comparisons.,current-federal-court,Current-style federal supreme court,upstreamScreeningCost,0.699,0.699,0.700,9600,cluster-bootstrap-runs-200-95
synthetic-baseline,Synthetic baseline,Synthetic docket using the same world assumptions as the imported comparisons.,current-federal-court,Current-style federal supreme court,capacityStrainCost,0.447,0.447,0.448,9600,cluster-bootstrap-runs-200-95
synthetic-baseline,Synthetic baseline,Synthetic docket using the same world assumptions as the imported comparisons.,current-federal-court,Current-style federal supreme court,institutionalBudgetCost,0.383,0.383,0.384,9600,cluster-bootstrap-runs-200-95
synthetic-baseline,Synthetic baseline,Synthetic docket using the same world assumptions as the imported comparisons.,current-federal-court,Current-style federal supreme court,institutionalDelayCost,0.429,0.428,0.430,9600,cluster-bootstrap-runs-200-95
synthetic-baseline,Synthetic baseline,Synthetic docket using the same world assumptions as the imported comparisons.,current-federal-court,Current-style federal supreme court,implementationComplexity,0.442,0.442,0.442,9600,cluster-bootstrap-runs-200-95
synthetic-baseline,Synthetic baseline,Synthetic docket using the same world assumptions as the imported comparisons.,current-federal-court,Current-style federal supreme court,totalInstitutionalCost,0.459,0.459,0.459,9600,cluster-bootstrap-runs-200-95
synthetic-baseline,Synthetic baseline,Synthetic docket using the same world assumptions as the imported comparisons.,eighteen-year-terms,Staggered 18-year nonrenewable terms,directionalScore,0.530,0.527,0.532,9600,cluster-bootstrap-runs-200-95
synthetic-baseline,Synthetic baseline,Synthetic docket using the same world assumptions as the imported comparisons.,eighteen-year-terms,Staggered 18-year nonrenewable terms,legalStability,0.729,0.726,0.731,9600,cluster-bootstrap-runs-200-95
synthetic-baseline,Synthetic baseline,Synthetic docket using the same world assumptions as the imported comparisons.,eighteen-year-terms,Staggered 18-year nonrenewable terms,rightsProtection,0.656,0.653,0.658,9600,cluster-bootstrap-runs-200-95
synthetic-baseline,Synthetic baseline,Synthetic docket using the same world assumptions as the imported comparisons.,eighteen-year-terms,Staggered 18-year nonrenewable terms,partisanAlignment,0.196,0.194,0.199,9600,cluster-bootstrap-runs-200-95
synthetic-baseline,Synthetic baseline,Synthetic docket using the same world assumptions as the imported comparisons.,eighteen-year-terms,Staggered 18-year nonrenewable terms,shadowDocketAbuse,0.642,0.635,0.648,9600,cluster-bootstrap-runs-200-95
synthetic-baseline,Synthetic baseline,Synthetic docket using the same world assumptions as the imported comparisons.,eighteen-year-terms,Staggered 18-year nonrenewable terms,legitimacy,0.526,0.525,0.528,9600,cluster-bootstrap-runs-200-95
synthetic-baseline,Synthetic baseline,Synthetic docket using the same world assumptions as the imported comparisons.,eighteen-year-terms,Staggered 18-year nonrenewable terms,reversalRate,0.099,0.095,0.106,9600,cluster-bootstrap-runs-200-95
synthetic-baseline,Synthetic baseline,Synthetic docket using the same world assumptions as the imported comparisons.,eighteen-year-terms,Staggered 18-year nonrenewable terms,reviewRate,1.000,1.000,1.000,9600,cluster-bootstrap-runs-200-95
synthetic-baseline,Synthetic baseline,Synthetic docket using the same world assumptions as the imported comparisons.,eighteen-year-terms,Staggered 18-year nonrenewable terms,intakeAcceptanceRate,0.023,0.023,0.023,422772,cluster-bootstrap-runs-200-95
synthetic-baseline,Synthetic baseline,Synthetic docket using the same world assumptions as the imported comparisons.,eighteen-year-terms,Staggered 18-year nonrenewable terms,emergencyReliefRate,0.627,0.614,0.639,7468,cluster-bootstrap-runs-200-95
synthetic-baseline,Synthetic baseline,Synthetic docket using the same world assumptions as the imported comparisons.,eighteen-year-terms,Staggered 18-year nonrenewable terms,emergencyReasonGivingRate,0.034,0.030,0.038,7468,cluster-bootstrap-runs-200-95
synthetic-baseline,Synthetic baseline,Synthetic docket using the same world assumptions as the imported comparisons.,eighteen-year-terms,Staggered 18-year nonrenewable terms,emergencyVoteDisclosureRate,0.378,0.368,0.390,7468,cluster-bootstrap-runs-200-95
synthetic-baseline,Synthetic baseline,Synthetic docket using the same world assumptions as the imported comparisons.,eighteen-year-terms,Staggered 18-year nonrenewable terms,emergencyPublicDisagreementRate,0.552,0.541,0.565,7468,cluster-bootstrap-runs-200-95
synthetic-baseline,Synthetic baseline,Synthetic docket using the same world assumptions as the imported comparisons.,eighteen-year-terms,Staggered 18-year nonrenewable terms,governmentEmergencyWinRate,0.613,0.601,0.626,7468,cluster-bootstrap-runs-200-95
synthetic-baseline,Synthetic baseline,Synthetic docket using the same world assumptions as the imported comparisons.,eighteen-year-terms,Staggered 18-year nonrenewable terms,meritsFollowUpRate,0.000,0.000,0.000,7468,cluster-bootstrap-runs-200-95
synthetic-baseline,Synthetic baseline,Synthetic docket using the same world assumptions as the imported comparisons.,eighteen-year-terms,Staggered 18-year nonrenewable terms,meritsInvalidationRate,0.447,0.430,0.468,2132,cluster-bootstrap-runs-200-95
synthetic-baseline,Synthetic baseline,Synthetic docket using the same world assumptions as the imported comparisons.,eighteen-year-terms,Staggered 18-year nonrenewable terms,constitutionalConflict,0.422,0.420,0.424,9600,cluster-bootstrap-runs-200-95
synthetic-baseline,Synthetic baseline,Synthetic docket using the same world assumptions as the imported comparisons.,eighteen-year-terms,Staggered 18-year nonrenewable terms,democraticResponsiveness,0.375,0.373,0.378,9600,cluster-bootstrap-runs-200-95
synthetic-baseline,Synthetic baseline,Synthetic docket using the same world assumptions as the imported comparisons.,eighteen-year-terms,Staggered 18-year nonrenewable terms,complianceRate,0.272,0.264,0.281,9600,cluster-bootstrap-runs-200-95
synthetic-baseline,Synthetic baseline,Synthetic docket using the same world assumptions as the imported comparisons.,eighteen-year-terms,Staggered 18-year nonrenewable terms,publicTrust,0.019,0.017,0.020,9600,cluster-bootstrap-runs-200-95
synthetic-baseline,Synthetic baseline,Synthetic docket using the same world assumptions as the imported comparisons.,eighteen-year-terms,Staggered 18-year nonrenewable terms,administrativeLoad,0.530,0.529,0.531,9600,cluster-bootstrap-runs-200-95
synthetic-baseline,Synthetic baseline,Synthetic docket using the same world assumptions as the imported comparisons.,eighteen-year-terms,Staggered 18-year nonrenewable terms,directCourtCost,0.314,0.314,0.314,9600,cluster-bootstrap-runs-200-95
synthetic-baseline,Synthetic baseline,Synthetic docket using the same world assumptions as the imported comparisons.,eighteen-year-terms,Staggered 18-year nonrenewable terms,upstreamScreeningCost,0.699,0.699,0.700,9600,cluster-bootstrap-runs-200-95
synthetic-baseline,Synthetic baseline,Synthetic docket using the same world assumptions as the imported comparisons.,eighteen-year-terms,Staggered 18-year nonrenewable terms,capacityStrainCost,0.462,0.461,0.462,9600,cluster-bootstrap-runs-200-95
synthetic-baseline,Synthetic baseline,Synthetic docket using the same world assumptions as the imported comparisons.,eighteen-year-terms,Staggered 18-year nonrenewable terms,institutionalBudgetCost,0.388,0.388,0.388,9600,cluster-bootstrap-runs-200-95
synthetic-baseline,Synthetic baseline,Synthetic docket using the same world assumptions as the imported comparisons.,eighteen-year-terms,Staggered 18-year nonrenewable terms,institutionalDelayCost,0.431,0.430,0.431,9600,cluster-bootstrap-runs-200-95
synthetic-baseline,Synthetic baseline,Synthetic docket using the same world assumptions as the imported comparisons.,eighteen-year-terms,Staggered 18-year nonrenewable terms,implementationComplexity,0.445,0.444,0.445,9600,cluster-bootstrap-runs-200-95
synthetic-baseline,Synthetic baseline,Synthetic docket using the same world assumptions as the imported comparisons.,eighteen-year-terms,Staggered 18-year nonrenewable terms,totalInstitutionalCost,0.464,0.464,0.464,9600,cluster-bootstrap-runs-200-95
synthetic-baseline,Synthetic baseline,Synthetic docket using the same world assumptions as the imported comparisons.,fifteen-justice-commission,Fifteen-justice supermajority commission court,directionalScore,0.639,0.636,0.642,9600,cluster-bootstrap-runs-200-95
synthetic-baseline,Synthetic baseline,Synthetic docket using the same world assumptions as the imported comparisons.,fifteen-justice-commission,Fifteen-justice supermajority commission court,legalStability,0.853,0.851,0.856,9600,cluster-bootstrap-runs-200-95
synthetic-baseline,Synthetic baseline,Synthetic docket using the same world assumptions as the imported comparisons.,fifteen-justice-commission,Fifteen-justice supermajority commission court,rightsProtection,0.723,0.721,0.725,9600,cluster-bootstrap-runs-200-95
synthetic-baseline,Synthetic baseline,Synthetic docket using the same world assumptions as the imported comparisons.,fifteen-justice-commission,Fifteen-justice supermajority commission court,partisanAlignment,0.157,0.155,0.160,9600,cluster-bootstrap-runs-200-95
synthetic-baseline,Synthetic baseline,Synthetic docket using the same world assumptions as the imported comparisons.,fifteen-justice-commission,Fifteen-justice supermajority commission court,shadowDocketAbuse,0.187,0.181,0.191,9600,cluster-bootstrap-runs-200-95
synthetic-baseline,Synthetic baseline,Synthetic docket using the same world assumptions as the imported comparisons.,fifteen-justice-commission,Fifteen-justice supermajority commission court,legitimacy,0.675,0.674,0.677,9600,cluster-bootstrap-runs-200-95
synthetic-baseline,Synthetic baseline,Synthetic docket using the same world assumptions as the imported comparisons.,fifteen-justice-commission,Fifteen-justice supermajority commission court,reversalRate,0.294,0.285,0.304,9600,cluster-bootstrap-runs-200-95
synthetic-baseline,Synthetic baseline,Synthetic docket using the same world assumptions as the imported comparisons.,fifteen-justice-commission,Fifteen-justice supermajority commission court,reviewRate,1.000,1.000,1.000,9600,cluster-bootstrap-runs-200-95
synthetic-baseline,Synthetic baseline,Synthetic docket using the same world assumptions as the imported comparisons.,fifteen-justice-commission,Fifteen-justice supermajority commission court,intakeAcceptanceRate,0.022,0.022,0.022,441340,cluster-bootstrap-runs-200-95
synthetic-baseline,Synthetic baseline,Synthetic docket using the same world assumptions as the imported comparisons.,fifteen-justice-commission,Fifteen-justice supermajority commission court,emergencyReliefRate,0.455,0.442,0.470,4668,cluster-bootstrap-runs-200-95
synthetic-baseline,Synthetic baseline,Synthetic docket using the same world assumptions as the imported comparisons.,fifteen-justice-commission,Fifteen-justice supermajority commission court,emergencyReasonGivingRate,0.660,0.647,0.675,4668,cluster-bootstrap-runs-200-95
synthetic-baseline,Synthetic baseline,Synthetic docket using the same world assumptions as the imported comparisons.,fifteen-justice-commission,Fifteen-justice supermajority commission court,emergencyVoteDisclosureRate,0.583,0.570,0.596,4668,cluster-bootstrap-runs-200-95
synthetic-baseline,Synthetic baseline,Synthetic docket using the same world assumptions as the imported comparisons.,fifteen-justice-commission,Fifteen-justice supermajority commission court,emergencyPublicDisagreementRate,0.287,0.276,0.300,4668,cluster-bootstrap-runs-200-95
synthetic-baseline,Synthetic baseline,Synthetic docket using the same world assumptions as the imported comparisons.,fifteen-justice-commission,Fifteen-justice supermajority commission court,governmentEmergencyWinRate,0.434,0.418,0.451,4668,cluster-bootstrap-runs-200-95
synthetic-baseline,Synthetic baseline,Synthetic docket using the same world assumptions as the imported comparisons.,fifteen-justice-commission,Fifteen-justice supermajority commission court,meritsFollowUpRate,0.249,0.236,0.263,4668,cluster-bootstrap-runs-200-95
synthetic-baseline,Synthetic baseline,Synthetic docket using the same world assumptions as the imported comparisons.,fifteen-justice-commission,Fifteen-justice supermajority commission court,meritsInvalidationRate,0.464,0.447,0.475,6094,cluster-bootstrap-runs-200-95
synthetic-baseline,Synthetic baseline,Synthetic docket using the same world assumptions as the imported comparisons.,fifteen-justice-commission,Fifteen-justice supermajority commission court,constitutionalConflict,0.292,0.290,0.294,9600,cluster-bootstrap-runs-200-95
synthetic-baseline,Synthetic baseline,Synthetic docket using the same world assumptions as the imported comparisons.,fifteen-justice-commission,Fifteen-justice supermajority commission court,democraticResponsiveness,0.441,0.439,0.443,9600,cluster-bootstrap-runs-200-95
synthetic-baseline,Synthetic baseline,Synthetic docket using the same world assumptions as the imported comparisons.,fifteen-justice-commission,Fifteen-justice supermajority commission court,complianceRate,0.359,0.351,0.369,9600,cluster-bootstrap-runs-200-95
synthetic-baseline,Synthetic baseline,Synthetic docket using the same world assumptions as the imported comparisons.,fifteen-justice-commission,Fifteen-justice supermajority commission court,publicTrust,0.032,0.030,0.035,9600,cluster-bootstrap-runs-200-95
synthetic-baseline,Synthetic baseline,Synthetic docket using the same world assumptions as the imported comparisons.,fifteen-justice-commission,Fifteen-justice supermajority commission court,administrativeLoad,0.514,0.512,0.515,9600,cluster-bootstrap-runs-200-95
synthetic-baseline,Synthetic baseline,Synthetic docket using the same world assumptions as the imported comparisons.,fifteen-justice-commission,Fifteen-justice supermajority commission court,directCourtCost,0.367,0.367,0.367,9600,cluster-bootstrap-runs-200-95
synthetic-baseline,Synthetic baseline,Synthetic docket using the same world assumptions as the imported comparisons.,fifteen-justice-commission,Fifteen-justice supermajority commission court,upstreamScreeningCost,0.702,0.701,0.702,9600,cluster-bootstrap-runs-200-95
synthetic-baseline,Synthetic baseline,Synthetic docket using the same world assumptions as the imported comparisons.,fifteen-justice-commission,Fifteen-justice supermajority commission court,capacityStrainCost,0.448,0.448,0.449,9600,cluster-bootstrap-runs-200-95
synthetic-baseline,Synthetic baseline,Synthetic docket using the same world assumptions as the imported comparisons.,fifteen-justice-commission,Fifteen-justice supermajority commission court,institutionalBudgetCost,0.442,0.442,0.442,9600,cluster-bootstrap-runs-200-95
synthetic-baseline,Synthetic baseline,Synthetic docket using the same world assumptions as the imported comparisons.,fifteen-justice-commission,Fifteen-justice supermajority commission court,institutionalDelayCost,0.437,0.437,0.438,9600,cluster-bootstrap-runs-200-95
synthetic-baseline,Synthetic baseline,Synthetic docket using the same world assumptions as the imported comparisons.,fifteen-justice-commission,Fifteen-justice supermajority commission court,implementationComplexity,0.462,0.462,0.462,9600,cluster-bootstrap-runs-200-95
synthetic-baseline,Synthetic baseline,Synthetic docket using the same world assumptions as the imported comparisons.,fifteen-justice-commission,Fifteen-justice supermajority commission court,totalInstitutionalCost,0.479,0.479,0.479,9600,cluster-bootstrap-runs-200-95
synthetic-baseline,Synthetic baseline,Synthetic docket using the same world assumptions as the imported comparisons.,supermajority-invalidation,Supermajority required to invalidate laws,directionalScore,0.630,0.628,0.634,9600,cluster-bootstrap-runs-200-95
synthetic-baseline,Synthetic baseline,Synthetic docket using the same world assumptions as the imported comparisons.,supermajority-invalidation,Supermajority required to invalidate laws,legalStability,0.862,0.859,0.864,9600,cluster-bootstrap-runs-200-95
synthetic-baseline,Synthetic baseline,Synthetic docket using the same world assumptions as the imported comparisons.,supermajority-invalidation,Supermajority required to invalidate laws,rightsProtection,0.718,0.716,0.721,9600,cluster-bootstrap-runs-200-95
synthetic-baseline,Synthetic baseline,Synthetic docket using the same world assumptions as the imported comparisons.,supermajority-invalidation,Supermajority required to invalidate laws,partisanAlignment,0.174,0.171,0.176,9600,cluster-bootstrap-runs-200-95
synthetic-baseline,Synthetic baseline,Synthetic docket using the same world assumptions as the imported comparisons.,supermajority-invalidation,Supermajority required to invalidate laws,shadowDocketAbuse,0.192,0.187,0.196,9600,cluster-bootstrap-runs-200-95
synthetic-baseline,Synthetic baseline,Synthetic docket using the same world assumptions as the imported comparisons.,supermajority-invalidation,Supermajority required to invalidate laws,legitimacy,0.651,0.650,0.653,9600,cluster-bootstrap-runs-200-95
synthetic-baseline,Synthetic baseline,Synthetic docket using the same world assumptions as the imported comparisons.,supermajority-invalidation,Supermajority required to invalidate laws,reversalRate,0.278,0.269,0.288,9600,cluster-bootstrap-runs-200-95
synthetic-baseline,Synthetic baseline,Synthetic docket using the same world assumptions as the imported comparisons.,supermajority-invalidation,Supermajority required to invalidate laws,reviewRate,1.000,1.000,1.000,9600,cluster-bootstrap-runs-200-95
synthetic-baseline,Synthetic baseline,Synthetic docket using the same world assumptions as the imported comparisons.,supermajority-invalidation,Supermajority required to invalidate laws,intakeAcceptanceRate,0.022,0.022,0.022,441519,cluster-bootstrap-runs-200-95
synthetic-baseline,Synthetic baseline,Synthetic docket using the same world assumptions as the imported comparisons.,supermajority-invalidation,Supermajority required to invalidate laws,emergencyReliefRate,0.487,0.471,0.501,4644,cluster-bootstrap-runs-200-95
synthetic-baseline,Synthetic baseline,Synthetic docket using the same world assumptions as the imported comparisons.,supermajority-invalidation,Supermajority required to invalidate laws,emergencyReasonGivingRate,0.638,0.623,0.653,4644,cluster-bootstrap-runs-200-95
synthetic-baseline,Synthetic baseline,Synthetic docket using the same world assumptions as the imported comparisons.,supermajority-invalidation,Supermajority required to invalidate laws,emergencyVoteDisclosureRate,0.523,0.511,0.535,4644,cluster-bootstrap-runs-200-95
synthetic-baseline,Synthetic baseline,Synthetic docket using the same world assumptions as the imported comparisons.,supermajority-invalidation,Supermajority required to invalidate laws,emergencyPublicDisagreementRate,0.298,0.285,0.313,4644,cluster-bootstrap-runs-200-95
synthetic-baseline,Synthetic baseline,Synthetic docket using the same world assumptions as the imported comparisons.,supermajority-invalidation,Supermajority required to invalidate laws,governmentEmergencyWinRate,0.472,0.454,0.489,4644,cluster-bootstrap-runs-200-95
synthetic-baseline,Synthetic baseline,Synthetic docket using the same world assumptions as the imported comparisons.,supermajority-invalidation,Supermajority required to invalidate laws,meritsFollowUpRate,0.250,0.237,0.264,4644,cluster-bootstrap-runs-200-95
synthetic-baseline,Synthetic baseline,Synthetic docket using the same world assumptions as the imported comparisons.,supermajority-invalidation,Supermajority required to invalidate laws,meritsInvalidationRate,0.436,0.424,0.449,6119,cluster-bootstrap-runs-200-95
synthetic-baseline,Synthetic baseline,Synthetic docket using the same world assumptions as the imported comparisons.,supermajority-invalidation,Supermajority required to invalidate laws,constitutionalConflict,0.293,0.291,0.295,9600,cluster-bootstrap-runs-200-95
synthetic-baseline,Synthetic baseline,Synthetic docket using the same world assumptions as the imported comparisons.,supermajority-invalidation,Supermajority required to invalidate laws,democraticResponsiveness,0.435,0.433,0.437,9600,cluster-bootstrap-runs-200-95
synthetic-baseline,Synthetic baseline,Synthetic docket using the same world assumptions as the imported comparisons.,supermajority-invalidation,Supermajority required to invalidate laws,complianceRate,0.370,0.357,0.382,9600,cluster-bootstrap-runs-200-95
synthetic-baseline,Synthetic baseline,Synthetic docket using the same world assumptions as the imported comparisons.,supermajority-invalidation,Supermajority required to invalidate laws,publicTrust,0.032,0.030,0.035,9600,cluster-bootstrap-runs-200-95
synthetic-baseline,Synthetic baseline,Synthetic docket using the same world assumptions as the imported comparisons.,supermajority-invalidation,Supermajority required to invalidate laws,administrativeLoad,0.493,0.492,0.494,9600,cluster-bootstrap-runs-200-95
synthetic-baseline,Synthetic baseline,Synthetic docket using the same world assumptions as the imported comparisons.,supermajority-invalidation,Supermajority required to invalidate laws,directCourtCost,0.307,0.307,0.307,9600,cluster-bootstrap-runs-200-95
synthetic-baseline,Synthetic baseline,Synthetic docket using the same world assumptions as the imported comparisons.,supermajority-invalidation,Supermajority required to invalidate laws,upstreamScreeningCost,0.702,0.701,0.702,9600,cluster-bootstrap-runs-200-95
synthetic-baseline,Synthetic baseline,Synthetic docket using the same world assumptions as the imported comparisons.,supermajority-invalidation,Supermajority required to invalidate laws,capacityStrainCost,0.426,0.426,0.427,9600,cluster-bootstrap-runs-200-95
synthetic-baseline,Synthetic baseline,Synthetic docket using the same world assumptions as the imported comparisons.,supermajority-invalidation,Supermajority required to invalidate laws,institutionalBudgetCost,0.382,0.382,0.383,9600,cluster-bootstrap-runs-200-95
synthetic-baseline,Synthetic baseline,Synthetic docket using the same world assumptions as the imported comparisons.,supermajority-invalidation,Supermajority required to invalidate laws,institutionalDelayCost,0.435,0.434,0.435,9600,cluster-bootstrap-runs-200-95
synthetic-baseline,Synthetic baseline,Synthetic docket using the same world assumptions as the imported comparisons.,supermajority-invalidation,Supermajority required to invalidate laws,implementationComplexity,0.498,0.498,0.499,9600,cluster-bootstrap-runs-200-95
synthetic-baseline,Synthetic baseline,Synthetic docket using the same world assumptions as the imported comparisons.,supermajority-invalidation,Supermajority required to invalidate laws,totalInstitutionalCost,0.465,0.465,0.466,9600,cluster-bootstrap-runs-200-95
synthetic-baseline,Synthetic baseline,Synthetic docket using the same world assumptions as the imported comparisons.,strict-recusal-court,Strict recusal with substitute justices,directionalScore,0.651,0.648,0.653,9600,cluster-bootstrap-runs-200-95
synthetic-baseline,Synthetic baseline,Synthetic docket using the same world assumptions as the imported comparisons.,strict-recusal-court,Strict recusal with substitute justices,legalStability,0.856,0.853,0.858,9600,cluster-bootstrap-runs-200-95
synthetic-baseline,Synthetic baseline,Synthetic docket using the same world assumptions as the imported comparisons.,strict-recusal-court,Strict recusal with substitute justices,rightsProtection,0.724,0.723,0.726,9600,cluster-bootstrap-runs-200-95
synthetic-baseline,Synthetic baseline,Synthetic docket using the same world assumptions as the imported comparisons.,strict-recusal-court,Strict recusal with substitute justices,partisanAlignment,0.156,0.154,0.158,9600,cluster-bootstrap-runs-200-95
synthetic-baseline,Synthetic baseline,Synthetic docket using the same world assumptions as the imported comparisons.,strict-recusal-court,Strict recusal with substitute justices,shadowDocketAbuse,0.178,0.174,0.183,9600,cluster-bootstrap-runs-200-95
synthetic-baseline,Synthetic baseline,Synthetic docket using the same world assumptions as the imported comparisons.,strict-recusal-court,Strict recusal with substitute justices,legitimacy,0.696,0.694,0.697,9600,cluster-bootstrap-runs-200-95
synthetic-baseline,Synthetic baseline,Synthetic docket using the same world assumptions as the imported comparisons.,strict-recusal-court,Strict recusal with substitute justices,reversalRate,0.289,0.278,0.300,9600,cluster-bootstrap-runs-200-95
synthetic-baseline,Synthetic baseline,Synthetic docket using the same world assumptions as the imported comparisons.,strict-recusal-court,Strict recusal with substitute justices,reviewRate,1.000,1.000,1.000,9600,cluster-bootstrap-runs-200-95
synthetic-baseline,Synthetic baseline,Synthetic docket using the same world assumptions as the imported comparisons.,strict-recusal-court,Strict recusal with substitute justices,intakeAcceptanceRate,0.022,0.022,0.022,442072,cluster-bootstrap-runs-200-95
synthetic-baseline,Synthetic baseline,Synthetic docket using the same world assumptions as the imported comparisons.,strict-recusal-court,Strict recusal with substitute justices,emergencyReliefRate,0.444,0.430,0.457,4566,cluster-bootstrap-runs-200-95
synthetic-baseline,Synthetic baseline,Synthetic docket using the same world assumptions as the imported comparisons.,strict-recusal-court,Strict recusal with substitute justices,emergencyReasonGivingRate,0.700,0.688,0.711,4566,cluster-bootstrap-runs-200-95
synthetic-baseline,Synthetic baseline,Synthetic docket using the same world assumptions as the imported comparisons.,strict-recusal-court,Strict recusal with substitute justices,emergencyVoteDisclosureRate,0.660,0.649,0.673,4566,cluster-bootstrap-runs-200-95
synthetic-baseline,Synthetic baseline,Synthetic docket using the same world assumptions as the imported comparisons.,strict-recusal-court,Strict recusal with substitute justices,emergencyPublicDisagreementRate,0.276,0.263,0.292,4566,cluster-bootstrap-runs-200-95
synthetic-baseline,Synthetic baseline,Synthetic docket using the same world assumptions as the imported comparisons.,strict-recusal-court,Strict recusal with substitute justices,governmentEmergencyWinRate,0.423,0.407,0.438,4566,cluster-bootstrap-runs-200-95
synthetic-baseline,Synthetic baseline,Synthetic docket using the same world assumptions as the imported comparisons.,strict-recusal-court,Strict recusal with substitute justices,meritsFollowUpRate,0.250,0.236,0.264,4566,cluster-bootstrap-runs-200-95
synthetic-baseline,Synthetic baseline,Synthetic docket using the same world assumptions as the imported comparisons.,strict-recusal-court,Strict recusal with substitute justices,meritsInvalidationRate,0.449,0.435,0.461,6174,cluster-bootstrap-runs-200-95
synthetic-baseline,Synthetic baseline,Synthetic docket using the same world assumptions as the imported comparisons.,strict-recusal-court,Strict recusal with substitute justices,constitutionalConflict,0.289,0.287,0.290,9600,cluster-bootstrap-runs-200-95
synthetic-baseline,Synthetic baseline,Synthetic docket using the same world assumptions as the imported comparisons.,strict-recusal-court,Strict recusal with substitute justices,democraticResponsiveness,0.443,0.441,0.445,9600,cluster-bootstrap-runs-200-95
synthetic-baseline,Synthetic baseline,Synthetic docket using the same world assumptions as the imported comparisons.,strict-recusal-court,Strict recusal with substitute justices,complianceRate,0.374,0.363,0.384,9600,cluster-bootstrap-runs-200-95
synthetic-baseline,Synthetic baseline,Synthetic docket using the same world assumptions as the imported comparisons.,strict-recusal-court,Strict recusal with substitute justices,publicTrust,0.034,0.031,0.036,9600,cluster-bootstrap-runs-200-95
synthetic-baseline,Synthetic baseline,Synthetic docket using the same world assumptions as the imported comparisons.,strict-recusal-court,Strict recusal with substitute justices,administrativeLoad,0.513,0.512,0.514,9600,cluster-bootstrap-runs-200-95
synthetic-baseline,Synthetic baseline,Synthetic docket using the same world assumptions as the imported comparisons.,strict-recusal-court,Strict recusal with substitute justices,directCourtCost,0.366,0.365,0.366,9600,cluster-bootstrap-runs-200-95
synthetic-baseline,Synthetic baseline,Synthetic docket using the same world assumptions as the imported comparisons.,strict-recusal-court,Strict recusal with substitute justices,upstreamScreeningCost,0.702,0.701,0.703,9600,cluster-bootstrap-runs-200-95
synthetic-baseline,Synthetic baseline,Synthetic docket using the same world assumptions as the imported comparisons.,strict-recusal-court,Strict recusal with substitute justices,capacityStrainCost,0.448,0.447,0.449,9600,cluster-bootstrap-runs-200-95
synthetic-baseline,Synthetic baseline,Synthetic docket using the same world assumptions as the imported comparisons.,strict-recusal-court,Strict recusal with substitute justices,institutionalBudgetCost,0.441,0.441,0.441,9600,cluster-bootstrap-runs-200-95
synthetic-baseline,Synthetic baseline,Synthetic docket using the same world assumptions as the imported comparisons.,strict-recusal-court,Strict recusal with substitute justices,institutionalDelayCost,0.437,0.437,0.438,9600,cluster-bootstrap-runs-200-95
synthetic-baseline,Synthetic baseline,Synthetic docket using the same world assumptions as the imported comparisons.,strict-recusal-court,Strict recusal with substitute justices,implementationComplexity,0.496,0.496,0.496,9600,cluster-bootstrap-runs-200-95
synthetic-baseline,Synthetic baseline,Synthetic docket using the same world assumptions as the imported comparisons.,strict-recusal-court,Strict recusal with substitute justices,totalInstitutionalCost,0.484,0.484,0.485,9600,cluster-bootstrap-runs-200-95
synthetic-baseline,Synthetic baseline,Synthetic docket using the same world assumptions as the imported comparisons.,reasoned-emergency-review,Reasoned emergency orders with merits follow-up,directionalScore,0.670,0.667,0.673,9600,cluster-bootstrap-runs-200-95
synthetic-baseline,Synthetic baseline,Synthetic docket using the same world assumptions as the imported comparisons.,reasoned-emergency-review,Reasoned emergency orders with merits follow-up,legalStability,0.883,0.881,0.885,9600,cluster-bootstrap-runs-200-95
synthetic-baseline,Synthetic baseline,Synthetic docket using the same world assumptions as the imported comparisons.,reasoned-emergency-review,Reasoned emergency orders with merits follow-up,rightsProtection,0.736,0.734,0.737,9600,cluster-bootstrap-runs-200-95
synthetic-baseline,Synthetic baseline,Synthetic docket using the same world assumptions as the imported comparisons.,reasoned-emergency-review,Reasoned emergency orders with merits follow-up,partisanAlignment,0.174,0.172,0.177,9600,cluster-bootstrap-runs-200-95
synthetic-baseline,Synthetic baseline,Synthetic docket using the same world assumptions as the imported comparisons.,reasoned-emergency-review,Reasoned emergency orders with merits follow-up,shadowDocketAbuse,0.011,0.011,0.012,9600,cluster-bootstrap-runs-200-95
synthetic-baseline,Synthetic baseline,Synthetic docket using the same world assumptions as the imported comparisons.,reasoned-emergency-review,Reasoned emergency orders with merits follow-up,legitimacy,0.732,0.731,0.733,9600,cluster-bootstrap-runs-200-95
synthetic-baseline,Synthetic baseline,Synthetic docket using the same world assumptions as the imported comparisons.,reasoned-emergency-review,Reasoned emergency orders with merits follow-up,reversalRate,0.459,0.450,0.468,9600,cluster-bootstrap-runs-200-95
synthetic-baseline,Synthetic baseline,Synthetic docket using the same world assumptions as the imported comparisons.,reasoned-emergency-review,Reasoned emergency orders with merits follow-up,reviewRate,1.000,1.000,1.000,9600,cluster-bootstrap-runs-200-95
synthetic-baseline,Synthetic baseline,Synthetic docket using the same world assumptions as the imported comparisons.,reasoned-emergency-review,Reasoned emergency orders with merits follow-up,intakeAcceptanceRate,0.021,0.021,0.021,447980,cluster-bootstrap-runs-200-95
synthetic-baseline,Synthetic baseline,Synthetic docket using the same world assumptions as the imported comparisons.,reasoned-emergency-review,Reasoned emergency orders with merits follow-up,emergencyReliefRate,0.485,0.470,0.499,3668,cluster-bootstrap-runs-200-95
synthetic-baseline,Synthetic baseline,Synthetic docket using the same world assumptions as the imported comparisons.,reasoned-emergency-review,Reasoned emergency orders with merits follow-up,emergencyReasonGivingRate,0.875,0.866,0.885,3668,cluster-bootstrap-runs-200-95
synthetic-baseline,Synthetic baseline,Synthetic docket using the same world assumptions as the imported comparisons.,reasoned-emergency-review,Reasoned emergency orders with merits follow-up,emergencyVoteDisclosureRate,0.709,0.692,0.724,3668,cluster-bootstrap-runs-200-95
synthetic-baseline,Synthetic baseline,Synthetic docket using the same world assumptions as the imported comparisons.,reasoned-emergency-review,Reasoned emergency orders with merits follow-up,emergencyPublicDisagreementRate,0.124,0.115,0.133,3668,cluster-bootstrap-runs-200-95
synthetic-baseline,Synthetic baseline,Synthetic docket using the same world assumptions as the imported comparisons.,reasoned-emergency-review,Reasoned emergency orders with merits follow-up,governmentEmergencyWinRate,0.463,0.447,0.481,3668,cluster-bootstrap-runs-200-95
synthetic-baseline,Synthetic baseline,Synthetic docket using the same world assumptions as the imported comparisons.,reasoned-emergency-review,Reasoned emergency orders with merits follow-up,meritsFollowUpRate,1.000,1.000,1.000,3668,cluster-bootstrap-runs-200-95
synthetic-baseline,Synthetic baseline,Synthetic docket using the same world assumptions as the imported comparisons.,reasoned-emergency-review,Reasoned emergency orders with merits follow-up,meritsInvalidationRate,0.459,0.450,0.468,9600,cluster-bootstrap-runs-200-95
synthetic-baseline,Synthetic baseline,Synthetic docket using the same world assumptions as the imported comparisons.,reasoned-emergency-review,Reasoned emergency orders with merits follow-up,constitutionalConflict,0.255,0.253,0.256,9600,cluster-bootstrap-runs-200-95
synthetic-baseline,Synthetic baseline,Synthetic docket using the same world assumptions as the imported comparisons.,reasoned-emergency-review,Reasoned emergency orders with merits follow-up,democraticResponsiveness,0.452,0.450,0.453,9600,cluster-bootstrap-runs-200-95
synthetic-baseline,Synthetic baseline,Synthetic docket using the same world assumptions as the imported comparisons.,reasoned-emergency-review,Reasoned emergency orders with merits follow-up,complianceRate,0.404,0.391,0.416,9600,cluster-bootstrap-runs-200-95
synthetic-baseline,Synthetic baseline,Synthetic docket using the same world assumptions as the imported comparisons.,reasoned-emergency-review,Reasoned emergency orders with merits follow-up,publicTrust,0.038,0.036,0.042,9600,cluster-bootstrap-runs-200-95
synthetic-baseline,Synthetic baseline,Synthetic docket using the same world assumptions as the imported comparisons.,reasoned-emergency-review,Reasoned emergency orders with merits follow-up,administrativeLoad,0.495,0.494,0.496,9600,cluster-bootstrap-runs-200-95
synthetic-baseline,Synthetic baseline,Synthetic docket using the same world assumptions as the imported comparisons.,reasoned-emergency-review,Reasoned emergency orders with merits follow-up,directCourtCost,0.312,0.312,0.312,9600,cluster-bootstrap-runs-200-95
synthetic-baseline,Synthetic baseline,Synthetic docket using the same world assumptions as the imported comparisons.,reasoned-emergency-review,Reasoned emergency orders with merits follow-up,upstreamScreeningCost,0.703,0.702,0.703,9600,cluster-bootstrap-runs-200-95
synthetic-baseline,Synthetic baseline,Synthetic docket using the same world assumptions as the imported comparisons.,reasoned-emergency-review,Reasoned emergency orders with merits follow-up,capacityStrainCost,0.434,0.433,0.435,9600,cluster-bootstrap-runs-200-95
synthetic-baseline,Synthetic baseline,Synthetic docket using the same world assumptions as the imported comparisons.,reasoned-emergency-review,Reasoned emergency orders with merits follow-up,institutionalBudgetCost,0.388,0.387,0.388,9600,cluster-bootstrap-runs-200-95
synthetic-baseline,Synthetic baseline,Synthetic docket using the same world assumptions as the imported comparisons.,reasoned-emergency-review,Reasoned emergency orders with merits follow-up,institutionalDelayCost,0.439,0.438,0.439,9600,cluster-bootstrap-runs-200-95
synthetic-baseline,Synthetic baseline,Synthetic docket using the same world assumptions as the imported comparisons.,reasoned-emergency-review,Reasoned emergency orders with merits follow-up,implementationComplexity,0.493,0.492,0.493,9600,cluster-bootstrap-runs-200-95
synthetic-baseline,Synthetic baseline,Synthetic docket using the same world assumptions as the imported comparisons.,reasoned-emergency-review,Reasoned emergency orders with merits follow-up,totalInstitutionalCost,0.468,0.468,0.468,9600,cluster-bootstrap-runs-200-95
synthetic-baseline,Synthetic baseline,Synthetic docket using the same world assumptions as the imported comparisons.,panel-en-banc-review,Panel review with en banc safety valve,directionalScore,0.635,0.633,0.638,9600,cluster-bootstrap-runs-200-95
synthetic-baseline,Synthetic baseline,Synthetic docket using the same world assumptions as the imported comparisons.,panel-en-banc-review,Panel review with en banc safety valve,legalStability,0.849,0.846,0.851,9600,cluster-bootstrap-runs-200-95
synthetic-baseline,Synthetic baseline,Synthetic docket using the same world assumptions as the imported comparisons.,panel-en-banc-review,Panel review with en banc safety valve,rightsProtection,0.722,0.720,0.724,9600,cluster-bootstrap-runs-200-95
synthetic-baseline,Synthetic baseline,Synthetic docket using the same world assumptions as the imported comparisons.,panel-en-banc-review,Panel review with en banc safety valve,partisanAlignment,0.155,0.153,0.158,9600,cluster-bootstrap-runs-200-95
synthetic-baseline,Synthetic baseline,Synthetic docket using the same world assumptions as the imported comparisons.,panel-en-banc-review,Panel review with en banc safety valve,shadowDocketAbuse,0.184,0.180,0.188,9600,cluster-bootstrap-runs-200-95
synthetic-baseline,Synthetic baseline,Synthetic docket using the same world assumptions as the imported comparisons.,panel-en-banc-review,Panel review with en banc safety valve,legitimacy,0.688,0.686,0.689,9600,cluster-bootstrap-runs-200-95
synthetic-baseline,Synthetic baseline,Synthetic docket using the same world assumptions as the imported comparisons.,panel-en-banc-review,Panel review with en banc safety valve,reversalRate,0.300,0.292,0.309,9600,cluster-bootstrap-runs-200-95
synthetic-baseline,Synthetic baseline,Synthetic docket using the same world assumptions as the imported comparisons.,panel-en-banc-review,Panel review with en banc safety valve,reviewRate,1.000,1.000,1.000,9600,cluster-bootstrap-runs-200-95
synthetic-baseline,Synthetic baseline,Synthetic docket using the same world assumptions as the imported comparisons.,panel-en-banc-review,Panel review with en banc safety valve,intakeAcceptanceRate,0.022,0.022,0.022,441649,cluster-bootstrap-runs-200-95
synthetic-baseline,Synthetic baseline,Synthetic docket using the same world assumptions as the imported comparisons.,panel-en-banc-review,Panel review with en banc safety valve,emergencyReliefRate,0.459,0.446,0.472,4625,cluster-bootstrap-runs-200-95
synthetic-baseline,Synthetic baseline,Synthetic docket using the same world assumptions as the imported comparisons.,panel-en-banc-review,Panel review with en banc safety valve,emergencyReasonGivingRate,0.691,0.679,0.703,4625,cluster-bootstrap-runs-200-95
synthetic-baseline,Synthetic baseline,Synthetic docket using the same world assumptions as the imported comparisons.,panel-en-banc-review,Panel review with en banc safety valve,emergencyVoteDisclosureRate,0.637,0.626,0.650,4625,cluster-bootstrap-runs-200-95
synthetic-baseline,Synthetic baseline,Synthetic docket using the same world assumptions as the imported comparisons.,panel-en-banc-review,Panel review with en banc safety valve,emergencyPublicDisagreementRate,0.270,0.256,0.286,4625,cluster-bootstrap-runs-200-95
synthetic-baseline,Synthetic baseline,Synthetic docket using the same world assumptions as the imported comparisons.,panel-en-banc-review,Panel review with en banc safety valve,governmentEmergencyWinRate,0.437,0.420,0.450,4625,cluster-bootstrap-runs-200-95
synthetic-baseline,Synthetic baseline,Synthetic docket using the same world assumptions as the imported comparisons.,panel-en-banc-review,Panel review with en banc safety valve,meritsFollowUpRate,0.245,0.232,0.258,4625,cluster-bootstrap-runs-200-95
synthetic-baseline,Synthetic baseline,Synthetic docket using the same world assumptions as the imported comparisons.,panel-en-banc-review,Panel review with en banc safety valve,meritsInvalidationRate,0.472,0.459,0.484,6109,cluster-bootstrap-runs-200-95
synthetic-baseline,Synthetic baseline,Synthetic docket using the same world assumptions as the imported comparisons.,panel-en-banc-review,Panel review with en banc safety valve,constitutionalConflict,0.292,0.290,0.294,9600,cluster-bootstrap-runs-200-95
synthetic-baseline,Synthetic baseline,Synthetic docket using the same world assumptions as the imported comparisons.,panel-en-banc-review,Panel review with en banc safety valve,democraticResponsiveness,0.441,0.439,0.443,9600,cluster-bootstrap-runs-200-95
synthetic-baseline,Synthetic baseline,Synthetic docket using the same world assumptions as the imported comparisons.,panel-en-banc-review,Panel review with en banc safety valve,complianceRate,0.366,0.356,0.376,9600,cluster-bootstrap-runs-200-95
synthetic-baseline,Synthetic baseline,Synthetic docket using the same world assumptions as the imported comparisons.,panel-en-banc-review,Panel review with en banc safety valve,publicTrust,0.033,0.031,0.035,9600,cluster-bootstrap-runs-200-95
synthetic-baseline,Synthetic baseline,Synthetic docket using the same world assumptions as the imported comparisons.,panel-en-banc-review,Panel review with en banc safety valve,administrativeLoad,0.715,0.713,0.717,9600,cluster-bootstrap-runs-200-95
synthetic-baseline,Synthetic baseline,Synthetic docket using the same world assumptions as the imported comparisons.,panel-en-banc-review,Panel review with en banc safety valve,directCourtCost,0.438,0.438,0.439,9600,cluster-bootstrap-runs-200-95
synthetic-baseline,Synthetic baseline,Synthetic docket using the same world assumptions as the imported comparisons.,panel-en-banc-review,Panel review with en banc safety valve,upstreamScreeningCost,0.702,0.701,0.703,9600,cluster-bootstrap-runs-200-95
synthetic-baseline,Synthetic baseline,Synthetic docket using the same world assumptions as the imported comparisons.,panel-en-banc-review,Panel review with en banc safety valve,capacityStrainCost,0.485,0.484,0.486,9600,cluster-bootstrap-runs-200-95
synthetic-baseline,Synthetic baseline,Synthetic docket using the same world assumptions as the imported comparisons.,panel-en-banc-review,Panel review with en banc safety valve,institutionalBudgetCost,0.509,0.509,0.510,9600,cluster-bootstrap-runs-200-95
synthetic-baseline,Synthetic baseline,Synthetic docket using the same world assumptions as the imported comparisons.,panel-en-banc-review,Panel review with en banc safety valve,institutionalDelayCost,0.511,0.510,0.512,9600,cluster-bootstrap-runs-200-95
synthetic-baseline,Synthetic baseline,Synthetic docket using the same world assumptions as the imported comparisons.,panel-en-banc-review,Panel review with en banc safety valve,implementationComplexity,0.489,0.489,0.490,9600,cluster-bootstrap-runs-200-95
synthetic-baseline,Synthetic baseline,Synthetic docket using the same world assumptions as the imported comparisons.,panel-en-banc-review,Panel review with en banc safety valve,totalInstitutionalCost,0.522,0.522,0.523,9600,cluster-bootstrap-runs-200-95
synthetic-baseline,Synthetic baseline,Synthetic docket using the same world assumptions as the imported comparisons.,dual-cross-checking-courts,Dual supreme courts with cross-checking invalidations,directionalScore,0.673,0.670,0.676,9600,cluster-bootstrap-runs-200-95
synthetic-baseline,Synthetic baseline,Synthetic docket using the same world assumptions as the imported comparisons.,dual-cross-checking-courts,Dual supreme courts with cross-checking invalidations,legalStability,0.907,0.905,0.909,9600,cluster-bootstrap-runs-200-95
synthetic-baseline,Synthetic baseline,Synthetic docket using the same world assumptions as the imported comparisons.,dual-cross-checking-courts,Dual supreme courts with cross-checking invalidations,rightsProtection,0.742,0.740,0.744,9600,cluster-bootstrap-runs-200-95
synthetic-baseline,Synthetic baseline,Synthetic docket using the same world assumptions as the imported comparisons.,dual-cross-checking-courts,Dual supreme courts with cross-checking invalidations,partisanAlignment,0.143,0.141,0.145,9600,cluster-bootstrap-runs-200-95
synthetic-baseline,Synthetic baseline,Synthetic docket using the same world assumptions as the imported comparisons.,dual-cross-checking-courts,Dual supreme courts with cross-checking invalidations,shadowDocketAbuse,0.013,0.013,0.014,9600,cluster-bootstrap-runs-200-95
synthetic-baseline,Synthetic baseline,Synthetic docket using the same world assumptions as the imported comparisons.,dual-cross-checking-courts,Dual supreme courts with cross-checking invalidations,legitimacy,0.742,0.740,0.743,9600,cluster-bootstrap-runs-200-95
synthetic-baseline,Synthetic baseline,Synthetic docket using the same world assumptions as the imported comparisons.,dual-cross-checking-courts,Dual supreme courts with cross-checking invalidations,reversalRate,0.337,0.328,0.346,9600,cluster-bootstrap-runs-200-95
synthetic-baseline,Synthetic baseline,Synthetic docket using the same world assumptions as the imported comparisons.,dual-cross-checking-courts,Dual supreme courts with cross-checking invalidations,reviewRate,1.000,1.000,1.000,9600,cluster-bootstrap-runs-200-95
synthetic-baseline,Synthetic baseline,Synthetic docket using the same world assumptions as the imported comparisons.,dual-cross-checking-courts,Dual supreme courts with cross-checking invalidations,intakeAcceptanceRate,0.021,0.021,0.021,452193,cluster-bootstrap-runs-200-95
synthetic-baseline,Synthetic baseline,Synthetic docket using the same world assumptions as the imported comparisons.,dual-cross-checking-courts,Dual supreme courts with cross-checking invalidations,emergencyReliefRate,0.403,0.383,0.420,3027,cluster-bootstrap-runs-200-95
synthetic-baseline,Synthetic baseline,Synthetic docket using the same world assumptions as the imported comparisons.,dual-cross-checking-courts,Dual supreme courts with cross-checking invalidations,emergencyReasonGivingRate,0.866,0.855,0.880,3027,cluster-bootstrap-runs-200-95
synthetic-baseline,Synthetic baseline,Synthetic docket using the same world assumptions as the imported comparisons.,dual-cross-checking-courts,Dual supreme courts with cross-checking invalidations,emergencyVoteDisclosureRate,0.737,0.718,0.755,3027,cluster-bootstrap-runs-200-95
synthetic-baseline,Synthetic baseline,Synthetic docket using the same world assumptions as the imported comparisons.,dual-cross-checking-courts,Dual supreme courts with cross-checking invalidations,emergencyPublicDisagreementRate,0.127,0.117,0.139,3027,cluster-bootstrap-runs-200-95
synthetic-baseline,Synthetic baseline,Synthetic docket using the same world assumptions as the imported comparisons.,dual-cross-checking-courts,Dual supreme courts with cross-checking invalidations,governmentEmergencyWinRate,0.383,0.363,0.402,3027,cluster-bootstrap-runs-200-95
synthetic-baseline,Synthetic baseline,Synthetic docket using the same world assumptions as the imported comparisons.,dual-cross-checking-courts,Dual supreme courts with cross-checking invalidations,meritsFollowUpRate,1.000,1.000,1.000,3027,cluster-bootstrap-runs-200-95
synthetic-baseline,Synthetic baseline,Synthetic docket using the same world assumptions as the imported comparisons.,dual-cross-checking-courts,Dual supreme courts with cross-checking invalidations,meritsInvalidationRate,0.337,0.328,0.346,9600,cluster-bootstrap-runs-200-95
synthetic-baseline,Synthetic baseline,Synthetic docket using the same world assumptions as the imported comparisons.,dual-cross-checking-courts,Dual supreme courts with cross-checking invalidations,constitutionalConflict,0.260,0.258,0.261,9600,cluster-bootstrap-runs-200-95
synthetic-baseline,Synthetic baseline,Synthetic docket using the same world assumptions as the imported comparisons.,dual-cross-checking-courts,Dual supreme courts with cross-checking invalidations,democraticResponsiveness,0.461,0.459,0.463,9600,cluster-bootstrap-runs-200-95
synthetic-baseline,Synthetic baseline,Synthetic docket using the same world assumptions as the imported comparisons.,dual-cross-checking-courts,Dual supreme courts with cross-checking invalidations,complianceRate,0.419,0.407,0.431,9600,cluster-bootstrap-runs-200-95
synthetic-baseline,Synthetic baseline,Synthetic docket using the same world assumptions as the imported comparisons.,dual-cross-checking-courts,Dual supreme courts with cross-checking invalidations,publicTrust,0.047,0.044,0.051,9600,cluster-bootstrap-runs-200-95
synthetic-baseline,Synthetic baseline,Synthetic docket using the same world assumptions as the imported comparisons.,dual-cross-checking-courts,Dual supreme courts with cross-checking invalidations,administrativeLoad,0.888,0.887,0.889,9600,cluster-bootstrap-runs-200-95
synthetic-baseline,Synthetic baseline,Synthetic docket using the same world assumptions as the imported comparisons.,dual-cross-checking-courts,Dual supreme courts with cross-checking invalidations,directCourtCost,0.520,0.520,0.520,9600,cluster-bootstrap-runs-200-95
synthetic-baseline,Synthetic baseline,Synthetic docket using the same world assumptions as the imported comparisons.,dual-cross-checking-courts,Dual supreme courts with cross-checking invalidations,upstreamScreeningCost,0.703,0.703,0.704,9600,cluster-bootstrap-runs-200-95
synthetic-baseline,Synthetic baseline,Synthetic docket using the same world assumptions as the imported comparisons.,dual-cross-checking-courts,Dual supreme courts with cross-checking invalidations,capacityStrainCost,0.587,0.586,0.587,9600,cluster-bootstrap-runs-200-95
synthetic-baseline,Synthetic baseline,Synthetic docket using the same world assumptions as the imported comparisons.,dual-cross-checking-courts,Dual supreme courts with cross-checking invalidations,institutionalBudgetCost,0.588,0.588,0.588,9600,cluster-bootstrap-runs-200-95
synthetic-baseline,Synthetic baseline,Synthetic docket using the same world assumptions as the imported comparisons.,dual-cross-checking-courts,Dual supreme courts with cross-checking invalidations,institutionalDelayCost,0.566,0.565,0.567,9600,cluster-bootstrap-runs-200-95
synthetic-baseline,Synthetic baseline,Synthetic docket using the same world assumptions as the imported comparisons.,dual-cross-checking-courts,Dual supreme courts with cross-checking invalidations,implementationComplexity,0.628,0.628,0.628,9600,cluster-bootstrap-runs-200-95
synthetic-baseline,Synthetic baseline,Synthetic docket using the same world assumptions as the imported comparisons.,dual-cross-checking-courts,Dual supreme courts with cross-checking invalidations,totalInstitutionalCost,0.597,0.596,0.597,9600,cluster-bootstrap-runs-200-95
synthetic-baseline,Synthetic baseline,Synthetic docket using the same world assumptions as the imported comparisons.,constitutional-council,Pre-enactment constitutional council,directionalScore,0.660,0.657,0.663,9600,cluster-bootstrap-runs-200-95
synthetic-baseline,Synthetic baseline,Synthetic docket using the same world assumptions as the imported comparisons.,constitutional-council,Pre-enactment constitutional council,legalStability,0.913,0.911,0.915,9600,cluster-bootstrap-runs-200-95
synthetic-baseline,Synthetic baseline,Synthetic docket using the same world assumptions as the imported comparisons.,constitutional-council,Pre-enactment constitutional council,rightsProtection,0.727,0.725,0.728,9600,cluster-bootstrap-runs-200-95
synthetic-baseline,Synthetic baseline,Synthetic docket using the same world assumptions as the imported comparisons.,constitutional-council,Pre-enactment constitutional council,partisanAlignment,0.136,0.134,0.138,9600,cluster-bootstrap-runs-200-95
synthetic-baseline,Synthetic baseline,Synthetic docket using the same world assumptions as the imported comparisons.,constitutional-council,Pre-enactment constitutional council,shadowDocketAbuse,0.176,0.170,0.180,9600,cluster-bootstrap-runs-200-95
synthetic-baseline,Synthetic baseline,Synthetic docket using the same world assumptions as the imported comparisons.,constitutional-council,Pre-enactment constitutional council,legitimacy,0.720,0.719,0.722,9600,cluster-bootstrap-runs-200-95
synthetic-baseline,Synthetic baseline,Synthetic docket using the same world assumptions as the imported comparisons.,constitutional-council,Pre-enactment constitutional council,reversalRate,0.221,0.213,0.228,9600,cluster-bootstrap-runs-200-95
synthetic-baseline,Synthetic baseline,Synthetic docket using the same world assumptions as the imported comparisons.,constitutional-council,Pre-enactment constitutional council,reviewRate,1.000,1.000,1.000,9600,cluster-bootstrap-runs-200-95
synthetic-baseline,Synthetic baseline,Synthetic docket using the same world assumptions as the imported comparisons.,constitutional-council,Pre-enactment constitutional council,intakeAcceptanceRate,0.022,0.022,0.022,441478,cluster-bootstrap-runs-200-95
synthetic-baseline,Synthetic baseline,Synthetic docket using the same world assumptions as the imported comparisons.,constitutional-council,Pre-enactment constitutional council,emergencyReliefRate,0.412,0.398,0.424,4650,cluster-bootstrap-runs-200-95
synthetic-baseline,Synthetic baseline,Synthetic docket using the same world assumptions as the imported comparisons.,constitutional-council,Pre-enactment constitutional council,emergencyReasonGivingRate,0.751,0.738,0.762,4650,cluster-bootstrap-runs-200-95
synthetic-baseline,Synthetic baseline,Synthetic docket using the same world assumptions as the imported comparisons.,constitutional-council,Pre-enactment constitutional council,emergencyVoteDisclosureRate,0.723,0.711,0.734,4650,cluster-bootstrap-runs-200-95
synthetic-baseline,Synthetic baseline,Synthetic docket using the same world assumptions as the imported comparisons.,constitutional-council,Pre-enactment constitutional council,emergencyPublicDisagreementRate,0.256,0.242,0.268,4650,cluster-bootstrap-runs-200-95
synthetic-baseline,Synthetic baseline,Synthetic docket using the same world assumptions as the imported comparisons.,constitutional-council,Pre-enactment constitutional council,governmentEmergencyWinRate,0.382,0.367,0.395,4650,cluster-bootstrap-runs-200-95
synthetic-baseline,Synthetic baseline,Synthetic docket using the same world assumptions as the imported comparisons.,constitutional-council,Pre-enactment constitutional council,meritsFollowUpRate,0.246,0.235,0.257,4650,cluster-bootstrap-runs-200-95
synthetic-baseline,Synthetic baseline,Synthetic docket using the same world assumptions as the imported comparisons.,constitutional-council,Pre-enactment constitutional council,meritsInvalidationRate,0.348,0.335,0.360,6096,cluster-bootstrap-runs-200-95
synthetic-baseline,Synthetic baseline,Synthetic docket using the same world assumptions as the imported comparisons.,constitutional-council,Pre-enactment constitutional council,constitutionalConflict,0.280,0.278,0.282,9600,cluster-bootstrap-runs-200-95
synthetic-baseline,Synthetic baseline,Synthetic docket using the same world assumptions as the imported comparisons.,constitutional-council,Pre-enactment constitutional council,democraticResponsiveness,0.449,0.446,0.451,9600,cluster-bootstrap-runs-200-95
synthetic-baseline,Synthetic baseline,Synthetic docket using the same world assumptions as the imported comparisons.,constitutional-council,Pre-enactment constitutional council,complianceRate,0.375,0.364,0.385,9600,cluster-bootstrap-runs-200-95
synthetic-baseline,Synthetic baseline,Synthetic docket using the same world assumptions as the imported comparisons.,constitutional-council,Pre-enactment constitutional council,publicTrust,0.040,0.037,0.043,9600,cluster-bootstrap-runs-200-95
synthetic-baseline,Synthetic baseline,Synthetic docket using the same world assumptions as the imported comparisons.,constitutional-council,Pre-enactment constitutional council,administrativeLoad,0.768,0.766,0.769,9600,cluster-bootstrap-runs-200-95
synthetic-baseline,Synthetic baseline,Synthetic docket using the same world assumptions as the imported comparisons.,constitutional-council,Pre-enactment constitutional council,directCourtCost,0.445,0.445,0.446,9600,cluster-bootstrap-runs-200-95
synthetic-baseline,Synthetic baseline,Synthetic docket using the same world assumptions as the imported comparisons.,constitutional-council,Pre-enactment constitutional council,upstreamScreeningCost,0.702,0.701,0.703,9600,cluster-bootstrap-runs-200-95
synthetic-baseline,Synthetic baseline,Synthetic docket using the same world assumptions as the imported comparisons.,constitutional-council,Pre-enactment constitutional council,capacityStrainCost,0.510,0.509,0.511,9600,cluster-bootstrap-runs-200-95
synthetic-baseline,Synthetic baseline,Synthetic docket using the same world assumptions as the imported comparisons.,constitutional-council,Pre-enactment constitutional council,institutionalBudgetCost,0.515,0.515,0.515,9600,cluster-bootstrap-runs-200-95
synthetic-baseline,Synthetic baseline,Synthetic docket using the same world assumptions as the imported comparisons.,constitutional-council,Pre-enactment constitutional council,institutionalDelayCost,0.505,0.505,0.506,9600,cluster-bootstrap-runs-200-95
synthetic-baseline,Synthetic baseline,Synthetic docket using the same world assumptions as the imported comparisons.,constitutional-council,Pre-enactment constitutional council,implementationComplexity,0.572,0.572,0.573,9600,cluster-bootstrap-runs-200-95
synthetic-baseline,Synthetic baseline,Synthetic docket using the same world assumptions as the imported comparisons.,constitutional-council,Pre-enactment constitutional council,totalInstitutionalCost,0.542,0.542,0.542,9600,cluster-bootstrap-runs-200-95
synthetic-baseline,Synthetic baseline,Synthetic docket using the same world assumptions as the imported comparisons.,legislative-override-court,Judicial review with delayed legislative override,directionalScore,0.635,0.632,0.637,9600,cluster-bootstrap-runs-200-95
synthetic-baseline,Synthetic baseline,Synthetic docket using the same world assumptions as the imported comparisons.,legislative-override-court,Judicial review with delayed legislative override,legalStability,0.839,0.837,0.842,9600,cluster-bootstrap-runs-200-95
synthetic-baseline,Synthetic baseline,Synthetic docket using the same world assumptions as the imported comparisons.,legislative-override-court,Judicial review with delayed legislative override,rightsProtection,0.719,0.717,0.720,9600,cluster-bootstrap-runs-200-95
synthetic-baseline,Synthetic baseline,Synthetic docket using the same world assumptions as the imported comparisons.,legislative-override-court,Judicial review with delayed legislative override,partisanAlignment,0.168,0.167,0.171,9600,cluster-bootstrap-runs-200-95
synthetic-baseline,Synthetic baseline,Synthetic docket using the same world assumptions as the imported comparisons.,legislative-override-court,Judicial review with delayed legislative override,shadowDocketAbuse,0.189,0.186,0.194,9600,cluster-bootstrap-runs-200-95
synthetic-baseline,Synthetic baseline,Synthetic docket using the same world assumptions as the imported comparisons.,legislative-override-court,Judicial review with delayed legislative override,legitimacy,0.667,0.665,0.668,9600,cluster-bootstrap-runs-200-95
synthetic-baseline,Synthetic baseline,Synthetic docket using the same world assumptions as the imported comparisons.,legislative-override-court,Judicial review with delayed legislative override,reversalRate,0.308,0.300,0.318,9600,cluster-bootstrap-runs-200-95
synthetic-baseline,Synthetic baseline,Synthetic docket using the same world assumptions as the imported comparisons.,legislative-override-court,Judicial review with delayed legislative override,reviewRate,1.000,1.000,1.000,9600,cluster-bootstrap-runs-200-95
synthetic-baseline,Synthetic baseline,Synthetic docket using the same world assumptions as the imported comparisons.,legislative-override-court,Judicial review with delayed legislative override,intakeAcceptanceRate,0.022,0.022,0.022,441275,cluster-bootstrap-runs-200-95
synthetic-baseline,Synthetic baseline,Synthetic docket using the same world assumptions as the imported comparisons.,legislative-override-court,Judicial review with delayed legislative override,emergencyReliefRate,0.474,0.458,0.490,4682,cluster-bootstrap-runs-200-95
synthetic-baseline,Synthetic baseline,Synthetic docket using the same world assumptions as the imported comparisons.,legislative-override-court,Judicial review with delayed legislative override,emergencyReasonGivingRate,0.660,0.648,0.670,4682,cluster-bootstrap-runs-200-95
synthetic-baseline,Synthetic baseline,Synthetic docket using the same world assumptions as the imported comparisons.,legislative-override-court,Judicial review with delayed legislative override,emergencyVoteDisclosureRate,0.566,0.551,0.581,4682,cluster-bootstrap-runs-200-95
synthetic-baseline,Synthetic baseline,Synthetic docket using the same world assumptions as the imported comparisons.,legislative-override-court,Judicial review with delayed legislative override,emergencyPublicDisagreementRate,0.292,0.281,0.304,4682,cluster-bootstrap-runs-200-95
synthetic-baseline,Synthetic baseline,Synthetic docket using the same world assumptions as the imported comparisons.,legislative-override-court,Judicial review with delayed legislative override,governmentEmergencyWinRate,0.455,0.438,0.474,4682,cluster-bootstrap-runs-200-95
synthetic-baseline,Synthetic baseline,Synthetic docket using the same world assumptions as the imported comparisons.,legislative-override-court,Judicial review with delayed legislative override,meritsFollowUpRate,0.250,0.237,0.261,4682,cluster-bootstrap-runs-200-95
synthetic-baseline,Synthetic baseline,Synthetic docket using the same world assumptions as the imported comparisons.,legislative-override-court,Judicial review with delayed legislative override,meritsInvalidationRate,0.486,0.473,0.497,6087,cluster-bootstrap-runs-200-95
synthetic-baseline,Synthetic baseline,Synthetic docket using the same world assumptions as the imported comparisons.,legislative-override-court,Judicial review with delayed legislative override,constitutionalConflict,0.301,0.298,0.303,9600,cluster-bootstrap-runs-200-95
synthetic-baseline,Synthetic baseline,Synthetic docket using the same world assumptions as the imported comparisons.,legislative-override-court,Judicial review with delayed legislative override,democraticResponsiveness,0.441,0.439,0.443,9600,cluster-bootstrap-runs-200-95
synthetic-baseline,Synthetic baseline,Synthetic docket using the same world assumptions as the imported comparisons.,legislative-override-court,Judicial review with delayed legislative override,complianceRate,0.364,0.354,0.374,9600,cluster-bootstrap-runs-200-95
synthetic-baseline,Synthetic baseline,Synthetic docket using the same world assumptions as the imported comparisons.,legislative-override-court,Judicial review with delayed legislative override,publicTrust,0.031,0.029,0.034,9600,cluster-bootstrap-runs-200-95
synthetic-baseline,Synthetic baseline,Synthetic docket using the same world assumptions as the imported comparisons.,legislative-override-court,Judicial review with delayed legislative override,administrativeLoad,0.507,0.506,0.508,9600,cluster-bootstrap-runs-200-95
synthetic-baseline,Synthetic baseline,Synthetic docket using the same world assumptions as the imported comparisons.,legislative-override-court,Judicial review with delayed legislative override,directCourtCost,0.314,0.314,0.314,9600,cluster-bootstrap-runs-200-95
synthetic-baseline,Synthetic baseline,Synthetic docket using the same world assumptions as the imported comparisons.,legislative-override-court,Judicial review with delayed legislative override,upstreamScreeningCost,0.702,0.701,0.702,9600,cluster-bootstrap-runs-200-95
synthetic-baseline,Synthetic baseline,Synthetic docket using the same world assumptions as the imported comparisons.,legislative-override-court,Judicial review with delayed legislative override,capacityStrainCost,0.443,0.443,0.444,9600,cluster-bootstrap-runs-200-95
synthetic-baseline,Synthetic baseline,Synthetic docket using the same world assumptions as the imported comparisons.,legislative-override-court,Judicial review with delayed legislative override,institutionalBudgetCost,0.388,0.388,0.389,9600,cluster-bootstrap-runs-200-95
synthetic-baseline,Synthetic baseline,Synthetic docket using the same world assumptions as the imported comparisons.,legislative-override-court,Judicial review with delayed legislative override,institutionalDelayCost,0.437,0.436,0.437,9600,cluster-bootstrap-runs-200-95
synthetic-baseline,Synthetic baseline,Synthetic docket using the same world assumptions as the imported comparisons.,legislative-override-court,Judicial review with delayed legislative override,implementationComplexity,0.522,0.522,0.522,9600,cluster-bootstrap-runs-200-95
synthetic-baseline,Synthetic baseline,Synthetic docket using the same world assumptions as the imported comparisons.,legislative-override-court,Judicial review with delayed legislative override,totalInstitutionalCost,0.475,0.474,0.475,9600,cluster-bootstrap-runs-200-95
synthetic-baseline,Synthetic baseline,Synthetic docket using the same world assumptions as the imported comparisons.,accountability-retention-court,Retention-election accountability court,directionalScore,0.658,0.655,0.661,9600,cluster-bootstrap-runs-200-95
synthetic-baseline,Synthetic baseline,Synthetic docket using the same world assumptions as the imported comparisons.,accountability-retention-court,Retention-election accountability court,legalStability,0.857,0.855,0.860,9600,cluster-bootstrap-runs-200-95
synthetic-baseline,Synthetic baseline,Synthetic docket using the same world assumptions as the imported comparisons.,accountability-retention-court,Retention-election accountability court,rightsProtection,0.724,0.721,0.726,9600,cluster-bootstrap-runs-200-95
synthetic-baseline,Synthetic baseline,Synthetic docket using the same world assumptions as the imported comparisons.,accountability-retention-court,Retention-election accountability court,partisanAlignment,0.144,0.143,0.146,9600,cluster-bootstrap-runs-200-95
synthetic-baseline,Synthetic baseline,Synthetic docket using the same world assumptions as the imported comparisons.,accountability-retention-court,Retention-election accountability court,shadowDocketAbuse,0.171,0.168,0.176,9600,cluster-bootstrap-runs-200-95
synthetic-baseline,Synthetic baseline,Synthetic docket using the same world assumptions as the imported comparisons.,accountability-retention-court,Retention-election accountability court,legitimacy,0.690,0.688,0.691,9600,cluster-bootstrap-runs-200-95
synthetic-baseline,Synthetic baseline,Synthetic docket using the same world assumptions as the imported comparisons.,accountability-retention-court,Retention-election accountability court,reversalRate,0.212,0.203,0.220,9600,cluster-bootstrap-runs-200-95
synthetic-baseline,Synthetic baseline,Synthetic docket using the same world assumptions as the imported comparisons.,accountability-retention-court,Retention-election accountability court,reviewRate,1.000,1.000,1.000,9600,cluster-bootstrap-runs-200-95
synthetic-baseline,Synthetic baseline,Synthetic docket using the same world assumptions as the imported comparisons.,accountability-retention-court,Retention-election accountability court,intakeAcceptanceRate,0.022,0.022,0.022,441601,cluster-bootstrap-runs-200-95
synthetic-baseline,Synthetic baseline,Synthetic docket using the same world assumptions as the imported comparisons.,accountability-retention-court,Retention-election accountability court,emergencyReliefRate,0.319,0.305,0.333,4619,cluster-bootstrap-runs-200-95
synthetic-baseline,Synthetic baseline,Synthetic docket using the same world assumptions as the imported comparisons.,accountability-retention-court,Retention-election accountability court,emergencyReasonGivingRate,0.685,0.671,0.697,4619,cluster-bootstrap-runs-200-95
synthetic-baseline,Synthetic baseline,Synthetic docket using the same world assumptions as the imported comparisons.,accountability-retention-court,Retention-election accountability court,emergencyVoteDisclosureRate,0.587,0.573,0.601,4619,cluster-bootstrap-runs-200-95
synthetic-baseline,Synthetic baseline,Synthetic docket using the same world assumptions as the imported comparisons.,accountability-retention-court,Retention-election accountability court,emergencyPublicDisagreementRate,0.251,0.238,0.264,4619,cluster-bootstrap-runs-200-95
synthetic-baseline,Synthetic baseline,Synthetic docket using the same world assumptions as the imported comparisons.,accountability-retention-court,Retention-election accountability court,governmentEmergencyWinRate,0.300,0.285,0.315,4619,cluster-bootstrap-runs-200-95
synthetic-baseline,Synthetic baseline,Synthetic docket using the same world assumptions as the imported comparisons.,accountability-retention-court,Retention-election accountability court,meritsFollowUpRate,0.249,0.235,0.261,4619,cluster-bootstrap-runs-200-95
synthetic-baseline,Synthetic baseline,Synthetic docket using the same world assumptions as the imported comparisons.,accountability-retention-court,Retention-election accountability court,meritsInvalidationRate,0.332,0.320,0.343,6130,cluster-bootstrap-runs-200-95
synthetic-baseline,Synthetic baseline,Synthetic docket using the same world assumptions as the imported comparisons.,accountability-retention-court,Retention-election accountability court,constitutionalConflict,0.289,0.286,0.291,9600,cluster-bootstrap-runs-200-95
synthetic-baseline,Synthetic baseline,Synthetic docket using the same world assumptions as the imported comparisons.,accountability-retention-court,Retention-election accountability court,democraticResponsiveness,0.463,0.461,0.465,9600,cluster-bootstrap-runs-200-95
synthetic-baseline,Synthetic baseline,Synthetic docket using the same world assumptions as the imported comparisons.,accountability-retention-court,Retention-election accountability court,complianceRate,0.364,0.353,0.377,9600,cluster-bootstrap-runs-200-95
synthetic-baseline,Synthetic baseline,Synthetic docket using the same world assumptions as the imported comparisons.,accountability-retention-court,Retention-election accountability court,publicTrust,0.036,0.033,0.038,9600,cluster-bootstrap-runs-200-95
synthetic-baseline,Synthetic baseline,Synthetic docket using the same world assumptions as the imported comparisons.,accountability-retention-court,Retention-election accountability court,administrativeLoad,0.526,0.525,0.528,9600,cluster-bootstrap-runs-200-95
synthetic-baseline,Synthetic baseline,Synthetic docket using the same world assumptions as the imported comparisons.,accountability-retention-court,Retention-election accountability court,directCourtCost,0.325,0.325,0.325,9600,cluster-bootstrap-runs-200-95
synthetic-baseline,Synthetic baseline,Synthetic docket using the same world assumptions as the imported comparisons.,accountability-retention-court,Retention-election accountability court,upstreamScreeningCost,0.702,0.701,0.703,9600,cluster-bootstrap-runs-200-95
synthetic-baseline,Synthetic baseline,Synthetic docket using the same world assumptions as the imported comparisons.,accountability-retention-court,Retention-election accountability court,capacityStrainCost,0.479,0.478,0.480,9600,cluster-bootstrap-runs-200-95
synthetic-baseline,Synthetic baseline,Synthetic docket using the same world assumptions as the imported comparisons.,accountability-retention-court,Retention-election accountability court,institutionalBudgetCost,0.399,0.399,0.400,9600,cluster-bootstrap-runs-200-95
synthetic-baseline,Synthetic baseline,Synthetic docket using the same world assumptions as the imported comparisons.,accountability-retention-court,Retention-election accountability court,institutionalDelayCost,0.441,0.440,0.441,9600,cluster-bootstrap-runs-200-95
synthetic-baseline,Synthetic baseline,Synthetic docket using the same world assumptions as the imported comparisons.,accountability-retention-court,Retention-election accountability court,implementationComplexity,0.548,0.548,0.549,9600,cluster-bootstrap-runs-200-95
synthetic-baseline,Synthetic baseline,Synthetic docket using the same world assumptions as the imported comparisons.,accountability-retention-court,Retention-election accountability court,totalInstitutionalCost,0.490,0.490,0.490,9600,cluster-bootstrap-runs-200-95
synthetic-baseline,Synthetic baseline,Synthetic docket using the same world assumptions as the imported comparisons.,independence-accountability-hybrid,Hybrid court balancing independence and accountability,directionalScore,0.681,0.678,0.684,9600,cluster-bootstrap-runs-200-95
synthetic-baseline,Synthetic baseline,Synthetic docket using the same world assumptions as the imported comparisons.,independence-accountability-hybrid,Hybrid court balancing independence and accountability,legalStability,0.910,0.908,0.912,9600,cluster-bootstrap-runs-200-95
synthetic-baseline,Synthetic baseline,Synthetic docket using the same world assumptions as the imported comparisons.,independence-accountability-hybrid,Hybrid court balancing independence and accountability,rightsProtection,0.740,0.738,0.742,9600,cluster-bootstrap-runs-200-95
synthetic-baseline,Synthetic baseline,Synthetic docket using the same world assumptions as the imported comparisons.,independence-accountability-hybrid,Hybrid court balancing independence and accountability,partisanAlignment,0.147,0.144,0.149,9600,cluster-bootstrap-runs-200-95
synthetic-baseline,Synthetic baseline,Synthetic docket using the same world assumptions as the imported comparisons.,independence-accountability-hybrid,Hybrid court balancing independence and accountability,shadowDocketAbuse,0.010,0.009,0.010,9600,cluster-bootstrap-runs-200-95
synthetic-baseline,Synthetic baseline,Synthetic docket using the same world assumptions as the imported comparisons.,independence-accountability-hybrid,Hybrid court balancing independence and accountability,legitimacy,0.745,0.744,0.746,9600,cluster-bootstrap-runs-200-95
synthetic-baseline,Synthetic baseline,Synthetic docket using the same world assumptions as the imported comparisons.,independence-accountability-hybrid,Hybrid court balancing independence and accountability,reversalRate,0.367,0.358,0.377,9600,cluster-bootstrap-runs-200-95
synthetic-baseline,Synthetic baseline,Synthetic docket using the same world assumptions as the imported comparisons.,independence-accountability-hybrid,Hybrid court balancing independence and accountability,reviewRate,1.000,1.000,1.000,9600,cluster-bootstrap-runs-200-95
synthetic-baseline,Synthetic baseline,Synthetic docket using the same world assumptions as the imported comparisons.,independence-accountability-hybrid,Hybrid court balancing independence and accountability,intakeAcceptanceRate,0.021,0.021,0.021,447888,cluster-bootstrap-runs-200-95
synthetic-baseline,Synthetic baseline,Synthetic docket using the same world assumptions as the imported comparisons.,independence-accountability-hybrid,Hybrid court balancing independence and accountability,emergencyReliefRate,0.431,0.416,0.449,3681,cluster-bootstrap-runs-200-95
synthetic-baseline,Synthetic baseline,Synthetic docket using the same world assumptions as the imported comparisons.,independence-accountability-hybrid,Hybrid court balancing independence and accountability,emergencyReasonGivingRate,0.879,0.867,0.890,3681,cluster-bootstrap-runs-200-95
synthetic-baseline,Synthetic baseline,Synthetic docket using the same world assumptions as the imported comparisons.,independence-accountability-hybrid,Hybrid court balancing independence and accountability,emergencyVoteDisclosureRate,0.724,0.709,0.740,3681,cluster-bootstrap-runs-200-95
synthetic-baseline,Synthetic baseline,Synthetic docket using the same world assumptions as the imported comparisons.,independence-accountability-hybrid,Hybrid court balancing independence and accountability,emergencyPublicDisagreementRate,0.112,0.102,0.124,3681,cluster-bootstrap-runs-200-95
synthetic-baseline,Synthetic baseline,Synthetic docket using the same world assumptions as the imported comparisons.,independence-accountability-hybrid,Hybrid court balancing independence and accountability,governmentEmergencyWinRate,0.404,0.387,0.426,3681,cluster-bootstrap-runs-200-95
synthetic-baseline,Synthetic baseline,Synthetic docket using the same world assumptions as the imported comparisons.,independence-accountability-hybrid,Hybrid court balancing independence and accountability,meritsFollowUpRate,1.000,1.000,1.000,3681,cluster-bootstrap-runs-200-95
synthetic-baseline,Synthetic baseline,Synthetic docket using the same world assumptions as the imported comparisons.,independence-accountability-hybrid,Hybrid court balancing independence and accountability,meritsInvalidationRate,0.367,0.358,0.377,9600,cluster-bootstrap-runs-200-95
synthetic-baseline,Synthetic baseline,Synthetic docket using the same world assumptions as the imported comparisons.,independence-accountability-hybrid,Hybrid court balancing independence and accountability,constitutionalConflict,0.243,0.241,0.244,9600,cluster-bootstrap-runs-200-95
synthetic-baseline,Synthetic baseline,Synthetic docket using the same world assumptions as the imported comparisons.,independence-accountability-hybrid,Hybrid court balancing independence and accountability,democraticResponsiveness,0.460,0.458,0.461,9600,cluster-bootstrap-runs-200-95
synthetic-baseline,Synthetic baseline,Synthetic docket using the same world assumptions as the imported comparisons.,independence-accountability-hybrid,Hybrid court balancing independence and accountability,complianceRate,0.420,0.407,0.431,9600,cluster-bootstrap-runs-200-95
synthetic-baseline,Synthetic baseline,Synthetic docket using the same world assumptions as the imported comparisons.,independence-accountability-hybrid,Hybrid court balancing independence and accountability,publicTrust,0.044,0.041,0.047,9600,cluster-bootstrap-runs-200-95
synthetic-baseline,Synthetic baseline,Synthetic docket using the same world assumptions as the imported comparisons.,independence-accountability-hybrid,Hybrid court balancing independence and accountability,administrativeLoad,0.703,0.701,0.705,9600,cluster-bootstrap-runs-200-95
synthetic-baseline,Synthetic baseline,Synthetic docket using the same world assumptions as the imported comparisons.,independence-accountability-hybrid,Hybrid court balancing independence and accountability,directCourtCost,0.461,0.461,0.462,9600,cluster-bootstrap-runs-200-95
synthetic-baseline,Synthetic baseline,Synthetic docket using the same world assumptions as the imported comparisons.,independence-accountability-hybrid,Hybrid court balancing independence and accountability,upstreamScreeningCost,0.703,0.702,0.703,9600,cluster-bootstrap-runs-200-95
synthetic-baseline,Synthetic baseline,Synthetic docket using the same world assumptions as the imported comparisons.,independence-accountability-hybrid,Hybrid court balancing independence and accountability,capacityStrainCost,0.478,0.477,0.478,9600,cluster-bootstrap-runs-200-95
synthetic-baseline,Synthetic baseline,Synthetic docket using the same world assumptions as the imported comparisons.,independence-accountability-hybrid,Hybrid court balancing independence and accountability,institutionalBudgetCost,0.533,0.533,0.534,9600,cluster-bootstrap-runs-200-95
synthetic-baseline,Synthetic baseline,Synthetic docket using the same world assumptions as the imported comparisons.,independence-accountability-hybrid,Hybrid court balancing independence and accountability,institutionalDelayCost,0.511,0.510,0.512,9600,cluster-bootstrap-runs-200-95
synthetic-baseline,Synthetic baseline,Synthetic docket using the same world assumptions as the imported comparisons.,independence-accountability-hybrid,Hybrid court balancing independence and accountability,implementationComplexity,0.643,0.643,0.644,9600,cluster-bootstrap-runs-200-95
synthetic-baseline,Synthetic baseline,Synthetic docket using the same world assumptions as the imported comparisons.,independence-accountability-hybrid,Hybrid court balancing independence and accountability,totalInstitutionalCost,0.553,0.552,0.553,9600,cluster-bootstrap-runs-200-95
legislative-all,All imported legislative outputs,Docket generated from every imported legislative campaign row.,current-federal-court,Current-style federal supreme court,directionalScore,0.696,0.691,0.699,9600,cluster-bootstrap-runs-200-95
legislative-all,All imported legislative outputs,Docket generated from every imported legislative campaign row.,current-federal-court,Current-style federal supreme court,legalStability,0.942,0.940,0.943,9600,cluster-bootstrap-runs-200-95
legislative-all,All imported legislative outputs,Docket generated from every imported legislative campaign row.,current-federal-court,Current-style federal supreme court,rightsProtection,0.790,0.789,0.791,9600,cluster-bootstrap-runs-200-95
legislative-all,All imported legislative outputs,Docket generated from every imported legislative campaign row.,current-federal-court,Current-style federal supreme court,partisanAlignment,0.137,0.137,0.138,9600,cluster-bootstrap-runs-200-95
legislative-all,All imported legislative outputs,Docket generated from every imported legislative campaign row.,current-federal-court,Current-style federal supreme court,shadowDocketAbuse,0.053,0.050,0.055,9600,cluster-bootstrap-runs-200-95
legislative-all,All imported legislative outputs,Docket generated from every imported legislative campaign row.,current-federal-court,Current-style federal supreme court,legitimacy,0.693,0.692,0.695,9600,cluster-bootstrap-runs-200-95
legislative-all,All imported legislative outputs,Docket generated from every imported legislative campaign row.,current-federal-court,Current-style federal supreme court,reversalRate,0.142,0.137,0.146,9600,cluster-bootstrap-runs-200-95
legislative-all,All imported legislative outputs,Docket generated from every imported legislative campaign row.,current-federal-court,Current-style federal supreme court,reviewRate,1.000,1.000,1.000,9600,cluster-bootstrap-runs-200-95
legislative-all,All imported legislative outputs,Docket generated from every imported legislative campaign row.,current-federal-court,Current-style federal supreme court,intakeAcceptanceRate,0.019,0.019,0.019,501534,cluster-bootstrap-runs-200-95
legislative-all,All imported legislative outputs,Docket generated from every imported legislative campaign row.,current-federal-court,Current-style federal supreme court,emergencyReliefRate,0.277,0.252,0.305,838,cluster-bootstrap-runs-200-95
legislative-all,All imported legislative outputs,Docket generated from every imported legislative campaign row.,current-federal-court,Current-style federal supreme court,emergencyReasonGivingRate,0.014,0.007,0.022,838,cluster-bootstrap-runs-200-95
legislative-all,All imported legislative outputs,Docket generated from every imported legislative campaign row.,current-federal-court,Current-style federal supreme court,emergencyVoteDisclosureRate,0.322,0.295,0.351,838,cluster-bootstrap-runs-200-95
legislative-all,All imported legislative outputs,Docket generated from every imported legislative campaign row.,current-federal-court,Current-style federal supreme court,emergencyPublicDisagreementRate,0.418,0.389,0.448,838,cluster-bootstrap-runs-200-95
legislative-all,All imported legislative outputs,Docket generated from every imported legislative campaign row.,current-federal-court,Current-style federal supreme court,governmentEmergencyWinRate,0.310,0.276,0.339,838,cluster-bootstrap-runs-200-95
legislative-all,All imported legislative outputs,Docket generated from every imported legislative campaign row.,current-federal-court,Current-style federal supreme court,meritsFollowUpRate,0.000,0.000,0.000,838,cluster-bootstrap-runs-200-95
legislative-all,All imported legislative outputs,Docket generated from every imported legislative campaign row.,current-federal-court,Current-style federal supreme court,meritsInvalidationRate,0.155,0.150,0.161,8762,cluster-bootstrap-runs-200-95
legislative-all,All imported legislative outputs,Docket generated from every imported legislative campaign row.,current-federal-court,Current-style federal supreme court,constitutionalConflict,0.213,0.212,0.215,9600,cluster-bootstrap-runs-200-95
legislative-all,All imported legislative outputs,Docket generated from every imported legislative campaign row.,current-federal-court,Current-style federal supreme court,democraticResponsiveness,0.590,0.588,0.591,9600,cluster-bootstrap-runs-200-95
legislative-all,All imported legislative outputs,Docket generated from every imported legislative campaign row.,current-federal-court,Current-style federal supreme court,complianceRate,0.643,0.618,0.661,9600,cluster-bootstrap-runs-200-95
legislative-all,All imported legislative outputs,Docket generated from every imported legislative campaign row.,current-federal-court,Current-style federal supreme court,publicTrust,0.133,0.124,0.140,9600,cluster-bootstrap-runs-200-95
legislative-all,All imported legislative outputs,Docket generated from every imported legislative campaign row.,current-federal-court,Current-style federal supreme court,administrativeLoad,0.423,0.422,0.423,9600,cluster-bootstrap-runs-200-95
legislative-all,All imported legislative outputs,Docket generated from every imported legislative campaign row.,current-federal-court,Current-style federal supreme court,directCourtCost,0.302,0.302,0.302,9600,cluster-bootstrap-runs-200-95
legislative-all,All imported legislative outputs,Docket generated from every imported legislative campaign row.,current-federal-court,Current-style federal supreme court,upstreamScreeningCost,0.671,0.670,0.671,9600,cluster-bootstrap-runs-200-95
legislative-all,All imported legislative outputs,Docket generated from every imported legislative campaign row.,current-federal-court,Current-style federal supreme court,capacityStrainCost,0.395,0.394,0.395,9600,cluster-bootstrap-runs-200-95
legislative-all,All imported legislative outputs,Docket generated from every imported legislative campaign row.,current-federal-court,Current-style federal supreme court,institutionalBudgetCost,0.372,0.371,0.372,9600,cluster-bootstrap-runs-200-95
legislative-all,All imported legislative outputs,Docket generated from every imported legislative campaign row.,current-federal-court,Current-style federal supreme court,institutionalDelayCost,0.442,0.441,0.442,9600,cluster-bootstrap-runs-200-95
legislative-all,All imported legislative outputs,Docket generated from every imported legislative campaign row.,current-federal-court,Current-style federal supreme court,implementationComplexity,0.416,0.415,0.416,9600,cluster-bootstrap-runs-200-95
legislative-all,All imported legislative outputs,Docket generated from every imported legislative campaign row.,current-federal-court,Current-style federal supreme court,totalInstitutionalCost,0.439,0.438,0.439,9600,cluster-bootstrap-runs-200-95
legislative-all,All imported legislative outputs,Docket generated from every imported legislative campaign row.,eighteen-year-terms,Staggered 18-year nonrenewable terms,directionalScore,0.716,0.712,0.719,9600,cluster-bootstrap-runs-200-95
legislative-all,All imported legislative outputs,Docket generated from every imported legislative campaign row.,eighteen-year-terms,Staggered 18-year nonrenewable terms,legalStability,0.952,0.950,0.953,9600,cluster-bootstrap-runs-200-95
legislative-all,All imported legislative outputs,Docket generated from every imported legislative campaign row.,eighteen-year-terms,Staggered 18-year nonrenewable terms,rightsProtection,0.795,0.794,0.796,9600,cluster-bootstrap-runs-200-95
legislative-all,All imported legislative outputs,Docket generated from every imported legislative campaign row.,eighteen-year-terms,Staggered 18-year nonrenewable terms,partisanAlignment,0.124,0.123,0.125,9600,cluster-bootstrap-runs-200-95
legislative-all,All imported legislative outputs,Docket generated from every imported legislative campaign row.,eighteen-year-terms,Staggered 18-year nonrenewable terms,shadowDocketAbuse,0.051,0.049,0.054,9600,cluster-bootstrap-runs-200-95
legislative-all,All imported legislative outputs,Docket generated from every imported legislative campaign row.,eighteen-year-terms,Staggered 18-year nonrenewable terms,legitimacy,0.706,0.704,0.707,9600,cluster-bootstrap-runs-200-95
legislative-all,All imported legislative outputs,Docket generated from every imported legislative campaign row.,eighteen-year-terms,Staggered 18-year nonrenewable terms,reversalRate,0.107,0.103,0.111,9600,cluster-bootstrap-runs-200-95
legislative-all,All imported legislative outputs,Docket generated from every imported legislative campaign row.,eighteen-year-terms,Staggered 18-year nonrenewable terms,reviewRate,1.000,1.000,1.000,9600,cluster-bootstrap-runs-200-95
legislative-all,All imported legislative outputs,Docket generated from every imported legislative campaign row.,eighteen-year-terms,Staggered 18-year nonrenewable terms,intakeAcceptanceRate,0.019,0.019,0.019,501522,cluster-bootstrap-runs-200-95
legislative-all,All imported legislative outputs,Docket generated from every imported legislative campaign row.,eighteen-year-terms,Staggered 18-year nonrenewable terms,emergencyReliefRate,0.211,0.186,0.232,840,cluster-bootstrap-runs-200-95
legislative-all,All imported legislative outputs,Docket generated from every imported legislative campaign row.,eighteen-year-terms,Staggered 18-year nonrenewable terms,emergencyReasonGivingRate,0.040,0.029,0.055,840,cluster-bootstrap-runs-200-95
legislative-all,All imported legislative outputs,Docket generated from every imported legislative campaign row.,eighteen-year-terms,Staggered 18-year nonrenewable terms,emergencyVoteDisclosureRate,0.332,0.306,0.359,840,cluster-bootstrap-runs-200-95
legislative-all,All imported legislative outputs,Docket generated from every imported legislative campaign row.,eighteen-year-terms,Staggered 18-year nonrenewable terms,emergencyPublicDisagreementRate,0.388,0.348,0.423,840,cluster-bootstrap-runs-200-95
legislative-all,All imported legislative outputs,Docket generated from every imported legislative campaign row.,eighteen-year-terms,Staggered 18-year nonrenewable terms,governmentEmergencyWinRate,0.258,0.228,0.286,840,cluster-bootstrap-runs-200-95
legislative-all,All imported legislative outputs,Docket generated from every imported legislative campaign row.,eighteen-year-terms,Staggered 18-year nonrenewable terms,meritsFollowUpRate,0.000,0.000,0.000,840,cluster-bootstrap-runs-200-95
legislative-all,All imported legislative outputs,Docket generated from every imported legislative campaign row.,eighteen-year-terms,Staggered 18-year nonrenewable terms,meritsInvalidationRate,0.117,0.113,0.122,8760,cluster-bootstrap-runs-200-95
legislative-all,All imported legislative outputs,Docket generated from every imported legislative campaign row.,eighteen-year-terms,Staggered 18-year nonrenewable terms,constitutionalConflict,0.205,0.204,0.207,9600,cluster-bootstrap-runs-200-95
legislative-all,All imported legislative outputs,Docket generated from every imported legislative campaign row.,eighteen-year-terms,Staggered 18-year nonrenewable terms,democraticResponsiveness,0.603,0.602,0.605,9600,cluster-bootstrap-runs-200-95
legislative-all,All imported legislative outputs,Docket generated from every imported legislative campaign row.,eighteen-year-terms,Staggered 18-year nonrenewable terms,complianceRate,0.664,0.647,0.679,9600,cluster-bootstrap-runs-200-95
legislative-all,All imported legislative outputs,Docket generated from every imported legislative campaign row.,eighteen-year-terms,Staggered 18-year nonrenewable terms,publicTrust,0.143,0.135,0.151,9600,cluster-bootstrap-runs-200-95
legislative-all,All imported legislative outputs,Docket generated from every imported legislative campaign row.,eighteen-year-terms,Staggered 18-year nonrenewable terms,administrativeLoad,0.431,0.430,0.431,9600,cluster-bootstrap-runs-200-95
legislative-all,All imported legislative outputs,Docket generated from every imported legislative campaign row.,eighteen-year-terms,Staggered 18-year nonrenewable terms,directCourtCost,0.306,0.306,0.306,9600,cluster-bootstrap-runs-200-95
legislative-all,All imported legislative outputs,Docket generated from every imported legislative campaign row.,eighteen-year-terms,Staggered 18-year nonrenewable terms,upstreamScreeningCost,0.671,0.670,0.671,9600,cluster-bootstrap-runs-200-95
legislative-all,All imported legislative outputs,Docket generated from every imported legislative campaign row.,eighteen-year-terms,Staggered 18-year nonrenewable terms,capacityStrainCost,0.409,0.409,0.410,9600,cluster-bootstrap-runs-200-95
legislative-all,All imported legislative outputs,Docket generated from every imported legislative campaign row.,eighteen-year-terms,Staggered 18-year nonrenewable terms,institutionalBudgetCost,0.376,0.376,0.376,9600,cluster-bootstrap-runs-200-95
legislative-all,All imported legislative outputs,Docket generated from every imported legislative campaign row.,eighteen-year-terms,Staggered 18-year nonrenewable terms,institutionalDelayCost,0.443,0.443,0.444,9600,cluster-bootstrap-runs-200-95
legislative-all,All imported legislative outputs,Docket generated from every imported legislative campaign row.,eighteen-year-terms,Staggered 18-year nonrenewable terms,implementationComplexity,0.418,0.418,0.418,9600,cluster-bootstrap-runs-200-95
legislative-all,All imported legislative outputs,Docket generated from every imported legislative campaign row.,eighteen-year-terms,Staggered 18-year nonrenewable terms,totalInstitutionalCost,0.443,0.443,0.444,9600,cluster-bootstrap-runs-200-95
legislative-all,All imported legislative outputs,Docket generated from every imported legislative campaign row.,fifteen-justice-commission,Fifteen-justice supermajority commission court,directionalScore,0.793,0.787,0.801,9600,cluster-bootstrap-runs-200-95
legislative-all,All imported legislative outputs,Docket generated from every imported legislative campaign row.,fifteen-justice-commission,Fifteen-justice supermajority commission court,legalStability,0.973,0.972,0.974,9600,cluster-bootstrap-runs-200-95
legislative-all,All imported legislative outputs,Docket generated from every imported legislative campaign row.,fifteen-justice-commission,Fifteen-justice supermajority commission court,rightsProtection,0.802,0.801,0.802,9600,cluster-bootstrap-runs-200-95
legislative-all,All imported legislative outputs,Docket generated from every imported legislative campaign row.,fifteen-justice-commission,Fifteen-justice supermajority commission court,partisanAlignment,0.105,0.105,0.106,9600,cluster-bootstrap-runs-200-95
legislative-all,All imported legislative outputs,Docket generated from every imported legislative campaign row.,fifteen-justice-commission,Fifteen-justice supermajority commission court,shadowDocketAbuse,0.004,0.003,0.004,9600,cluster-bootstrap-runs-200-95
legislative-all,All imported legislative outputs,Docket generated from every imported legislative campaign row.,fifteen-justice-commission,Fifteen-justice supermajority commission court,legitimacy,0.775,0.773,0.778,9600,cluster-bootstrap-runs-200-95
legislative-all,All imported legislative outputs,Docket generated from every imported legislative campaign row.,fifteen-justice-commission,Fifteen-justice supermajority commission court,reversalRate,0.092,0.088,0.094,9600,cluster-bootstrap-runs-200-95
legislative-all,All imported legislative outputs,Docket generated from every imported legislative campaign row.,fifteen-justice-commission,Fifteen-justice supermajority commission court,reviewRate,1.000,1.000,1.000,9600,cluster-bootstrap-runs-200-95
legislative-all,All imported legislative outputs,Docket generated from every imported legislative campaign row.,fifteen-justice-commission,Fifteen-justice supermajority commission court,intakeAcceptanceRate,0.019,0.019,0.019,507447,cluster-bootstrap-runs-200-95
legislative-all,All imported legislative outputs,Docket generated from every imported legislative campaign row.,fifteen-justice-commission,Fifteen-justice supermajority commission court,emergencyReliefRate,0.000,0.000,0.000,112,cluster-bootstrap-runs-200-95
legislative-all,All imported legislative outputs,Docket generated from every imported legislative campaign row.,fifteen-justice-commission,Fifteen-justice supermajority commission court,emergencyReasonGivingRate,0.616,0.539,0.708,112,cluster-bootstrap-runs-200-95
legislative-all,All imported legislative outputs,Docket generated from every imported legislative campaign row.,fifteen-justice-commission,Fifteen-justice supermajority commission court,emergencyVoteDisclosureRate,0.545,0.460,0.630,112,cluster-bootstrap-runs-200-95
legislative-all,All imported legislative outputs,Docket generated from every imported legislative campaign row.,fifteen-justice-commission,Fifteen-justice supermajority commission court,emergencyPublicDisagreementRate,0.188,0.123,0.259,112,cluster-bootstrap-runs-200-95
legislative-all,All imported legislative outputs,Docket generated from every imported legislative campaign row.,fifteen-justice-commission,Fifteen-justice supermajority commission court,governmentEmergencyWinRate,0.000,0.000,0.000,112,cluster-bootstrap-runs-200-95
legislative-all,All imported legislative outputs,Docket generated from every imported legislative campaign row.,fifteen-justice-commission,Fifteen-justice supermajority commission court,meritsFollowUpRate,0.000,0.000,0.000,112,cluster-bootstrap-runs-200-95
legislative-all,All imported legislative outputs,Docket generated from every imported legislative campaign row.,fifteen-justice-commission,Fifteen-justice supermajority commission court,meritsInvalidationRate,0.093,0.089,0.095,9488,cluster-bootstrap-runs-200-95
legislative-all,All imported legislative outputs,Docket generated from every imported legislative campaign row.,fifteen-justice-commission,Fifteen-justice supermajority commission court,constitutionalConflict,0.186,0.185,0.187,9600,cluster-bootstrap-runs-200-95
legislative-all,All imported legislative outputs,Docket generated from every imported legislative campaign row.,fifteen-justice-commission,Fifteen-justice supermajority commission court,democraticResponsiveness,0.616,0.615,0.617,9600,cluster-bootstrap-runs-200-95
legislative-all,All imported legislative outputs,Docket generated from every imported legislative campaign row.,fifteen-justice-commission,Fifteen-justice supermajority commission court,complianceRate,0.732,0.717,0.748,9600,cluster-bootstrap-runs-200-95
legislative-all,All imported legislative outputs,Docket generated from every imported legislative campaign row.,fifteen-justice-commission,Fifteen-justice supermajority commission court,publicTrust,0.254,0.235,0.277,9600,cluster-bootstrap-runs-200-95
legislative-all,All imported legislative outputs,Docket generated from every imported legislative campaign row.,fifteen-justice-commission,Fifteen-justice supermajority commission court,administrativeLoad,0.434,0.434,0.435,9600,cluster-bootstrap-runs-200-95
legislative-all,All imported legislative outputs,Docket generated from every imported legislative campaign row.,fifteen-justice-commission,Fifteen-justice supermajority commission court,directCourtCost,0.360,0.360,0.360,9600,cluster-bootstrap-runs-200-95
legislative-all,All imported legislative outputs,Docket generated from every imported legislative campaign row.,fifteen-justice-commission,Fifteen-justice supermajority commission court,upstreamScreeningCost,0.671,0.671,0.672,9600,cluster-bootstrap-runs-200-95
legislative-all,All imported legislative outputs,Docket generated from every imported legislative campaign row.,fifteen-justice-commission,Fifteen-justice supermajority commission court,capacityStrainCost,0.411,0.411,0.411,9600,cluster-bootstrap-runs-200-95
legislative-all,All imported legislative outputs,Docket generated from every imported legislative campaign row.,fifteen-justice-commission,Fifteen-justice supermajority commission court,institutionalBudgetCost,0.431,0.430,0.431,9600,cluster-bootstrap-runs-200-95
legislative-all,All imported legislative outputs,Docket generated from every imported legislative campaign row.,fifteen-justice-commission,Fifteen-justice supermajority commission court,institutionalDelayCost,0.446,0.445,0.446,9600,cluster-bootstrap-runs-200-95
legislative-all,All imported legislative outputs,Docket generated from every imported legislative campaign row.,fifteen-justice-commission,Fifteen-justice supermajority commission court,implementationComplexity,0.439,0.439,0.439,9600,cluster-bootstrap-runs-200-95
legislative-all,All imported legislative outputs,Docket generated from every imported legislative campaign row.,fifteen-justice-commission,Fifteen-justice supermajority commission court,totalInstitutionalCost,0.461,0.461,0.462,9600,cluster-bootstrap-runs-200-95
legislative-all,All imported legislative outputs,Docket generated from every imported legislative campaign row.,supermajority-invalidation,Supermajority required to invalidate laws,directionalScore,0.779,0.771,0.786,9600,cluster-bootstrap-runs-200-95
legislative-all,All imported legislative outputs,Docket generated from every imported legislative campaign row.,supermajority-invalidation,Supermajority required to invalidate laws,legalStability,0.975,0.974,0.976,9600,cluster-bootstrap-runs-200-95
legislative-all,All imported legislative outputs,Docket generated from every imported legislative campaign row.,supermajority-invalidation,Supermajority required to invalidate laws,rightsProtection,0.801,0.801,0.802,9600,cluster-bootstrap-runs-200-95
legislative-all,All imported legislative outputs,Docket generated from every imported legislative campaign row.,supermajority-invalidation,Supermajority required to invalidate laws,partisanAlignment,0.120,0.120,0.121,9600,cluster-bootstrap-runs-200-95
legislative-all,All imported legislative outputs,Docket generated from every imported legislative campaign row.,supermajority-invalidation,Supermajority required to invalidate laws,shadowDocketAbuse,0.004,0.003,0.004,9600,cluster-bootstrap-runs-200-95
legislative-all,All imported legislative outputs,Docket generated from every imported legislative campaign row.,supermajority-invalidation,Supermajority required to invalidate laws,legitimacy,0.747,0.745,0.749,9600,cluster-bootstrap-runs-200-95
legislative-all,All imported legislative outputs,Docket generated from every imported legislative campaign row.,supermajority-invalidation,Supermajority required to invalidate laws,reversalRate,0.093,0.089,0.096,9600,cluster-bootstrap-runs-200-95
legislative-all,All imported legislative outputs,Docket generated from every imported legislative campaign row.,supermajority-invalidation,Supermajority required to invalidate laws,reviewRate,1.000,1.000,1.000,9600,cluster-bootstrap-runs-200-95
legislative-all,All imported legislative outputs,Docket generated from every imported legislative campaign row.,supermajority-invalidation,Supermajority required to invalidate laws,intakeAcceptanceRate,0.019,0.019,0.019,507530,cluster-bootstrap-runs-200-95
legislative-all,All imported legislative outputs,Docket generated from every imported legislative campaign row.,supermajority-invalidation,Supermajority required to invalidate laws,emergencyReliefRate,0.028,0.000,0.064,106,cluster-bootstrap-runs-200-95
legislative-all,All imported legislative outputs,Docket generated from every imported legislative campaign row.,supermajority-invalidation,Supermajority required to invalidate laws,emergencyReasonGivingRate,0.575,0.487,0.647,106,cluster-bootstrap-runs-200-95
legislative-all,All imported legislative outputs,Docket generated from every imported legislative campaign row.,supermajority-invalidation,Supermajority required to invalidate laws,emergencyVoteDisclosureRate,0.443,0.330,0.552,106,cluster-bootstrap-runs-200-95
legislative-all,All imported legislative outputs,Docket generated from every imported legislative campaign row.,supermajority-invalidation,Supermajority required to invalidate laws,emergencyPublicDisagreementRate,0.179,0.121,0.248,106,cluster-bootstrap-runs-200-95
legislative-all,All imported legislative outputs,Docket generated from every imported legislative campaign row.,supermajority-invalidation,Supermajority required to invalidate laws,governmentEmergencyWinRate,0.029,0.000,0.065,106,cluster-bootstrap-runs-200-95
legislative-all,All imported legislative outputs,Docket generated from every imported legislative campaign row.,supermajority-invalidation,Supermajority required to invalidate laws,meritsFollowUpRate,0.000,0.000,0.000,106,cluster-bootstrap-runs-200-95
legislative-all,All imported legislative outputs,Docket generated from every imported legislative campaign row.,supermajority-invalidation,Supermajority required to invalidate laws,meritsInvalidationRate,0.094,0.090,0.097,9494,cluster-bootstrap-runs-200-95
legislative-all,All imported legislative outputs,Docket generated from every imported legislative campaign row.,supermajority-invalidation,Supermajority required to invalidate laws,constitutionalConflict,0.186,0.185,0.187,9600,cluster-bootstrap-runs-200-95
legislative-all,All imported legislative outputs,Docket generated from every imported legislative campaign row.,supermajority-invalidation,Supermajority required to invalidate laws,democraticResponsiveness,0.615,0.614,0.616,9600,cluster-bootstrap-runs-200-95
legislative-all,All imported legislative outputs,Docket generated from every imported legislative campaign row.,supermajority-invalidation,Supermajority required to invalidate laws,complianceRate,0.726,0.711,0.740,9600,cluster-bootstrap-runs-200-95
legislative-all,All imported legislative outputs,Docket generated from every imported legislative campaign row.,supermajority-invalidation,Supermajority required to invalidate laws,publicTrust,0.213,0.201,0.227,9600,cluster-bootstrap-runs-200-95
legislative-all,All imported legislative outputs,Docket generated from every imported legislative campaign row.,supermajority-invalidation,Supermajority required to invalidate laws,administrativeLoad,0.415,0.415,0.416,9600,cluster-bootstrap-runs-200-95
legislative-all,All imported legislative outputs,Docket generated from every imported legislative campaign row.,supermajority-invalidation,Supermajority required to invalidate laws,directCourtCost,0.301,0.301,0.301,9600,cluster-bootstrap-runs-200-95
legislative-all,All imported legislative outputs,Docket generated from every imported legislative campaign row.,supermajority-invalidation,Supermajority required to invalidate laws,upstreamScreeningCost,0.671,0.671,0.672,9600,cluster-bootstrap-runs-200-95
legislative-all,All imported legislative outputs,Docket generated from every imported legislative campaign row.,supermajority-invalidation,Supermajority required to invalidate laws,capacityStrainCost,0.390,0.390,0.390,9600,cluster-bootstrap-runs-200-95
legislative-all,All imported legislative outputs,Docket generated from every imported legislative campaign row.,supermajority-invalidation,Supermajority required to invalidate laws,institutionalBudgetCost,0.371,0.371,0.372,9600,cluster-bootstrap-runs-200-95
legislative-all,All imported legislative outputs,Docket generated from every imported legislative campaign row.,supermajority-invalidation,Supermajority required to invalidate laws,institutionalDelayCost,0.443,0.443,0.444,9600,cluster-bootstrap-runs-200-95
legislative-all,All imported legislative outputs,Docket generated from every imported legislative campaign row.,supermajority-invalidation,Supermajority required to invalidate laws,implementationComplexity,0.476,0.475,0.476,9600,cluster-bootstrap-runs-200-95
legislative-all,All imported legislative outputs,Docket generated from every imported legislative campaign row.,supermajority-invalidation,Supermajority required to invalidate laws,totalInstitutionalCost,0.448,0.448,0.448,9600,cluster-bootstrap-runs-200-95
legislative-all,All imported legislative outputs,Docket generated from every imported legislative campaign row.,strict-recusal-court,Strict recusal with substitute justices,directionalScore,0.809,0.801,0.815,9600,cluster-bootstrap-runs-200-95
legislative-all,All imported legislative outputs,Docket generated from every imported legislative campaign row.,strict-recusal-court,Strict recusal with substitute justices,legalStability,0.974,0.973,0.975,9600,cluster-bootstrap-runs-200-95
legislative-all,All imported legislative outputs,Docket generated from every imported legislative campaign row.,strict-recusal-court,Strict recusal with substitute justices,rightsProtection,0.803,0.802,0.803,9600,cluster-bootstrap-runs-200-95
legislative-all,All imported legislative outputs,Docket generated from every imported legislative campaign row.,strict-recusal-court,Strict recusal with substitute justices,partisanAlignment,0.105,0.105,0.105,9600,cluster-bootstrap-runs-200-95
legislative-all,All imported legislative outputs,Docket generated from every imported legislative campaign row.,strict-recusal-court,Strict recusal with substitute justices,shadowDocketAbuse,0.003,0.003,0.004,9600,cluster-bootstrap-runs-200-95
legislative-all,All imported legislative outputs,Docket generated from every imported legislative campaign row.,strict-recusal-court,Strict recusal with substitute justices,legitimacy,0.803,0.800,0.806,9600,cluster-bootstrap-runs-200-95
legislative-all,All imported legislative outputs,Docket generated from every imported legislative campaign row.,strict-recusal-court,Strict recusal with substitute justices,reversalRate,0.086,0.082,0.089,9600,cluster-bootstrap-runs-200-95
legislative-all,All imported legislative outputs,Docket generated from every imported legislative campaign row.,strict-recusal-court,Strict recusal with substitute justices,reviewRate,1.000,1.000,1.000,9600,cluster-bootstrap-runs-200-95
legislative-all,All imported legislative outputs,Docket generated from every imported legislative campaign row.,strict-recusal-court,Strict recusal with substitute justices,intakeAcceptanceRate,0.019,0.019,0.019,507494,cluster-bootstrap-runs-200-95
legislative-all,All imported legislative outputs,Docket generated from every imported legislative campaign row.,strict-recusal-court,Strict recusal with substitute justices,emergencyReliefRate,0.000,0.000,0.000,107,cluster-bootstrap-runs-200-95
legislative-all,All imported legislative outputs,Docket generated from every imported legislative campaign row.,strict-recusal-court,Strict recusal with substitute justices,emergencyReasonGivingRate,0.645,0.556,0.738,107,cluster-bootstrap-runs-200-95
legislative-all,All imported legislative outputs,Docket generated from every imported legislative campaign row.,strict-recusal-court,Strict recusal with substitute justices,emergencyVoteDisclosureRate,0.673,0.591,0.767,107,cluster-bootstrap-runs-200-95
legislative-all,All imported legislative outputs,Docket generated from every imported legislative campaign row.,strict-recusal-court,Strict recusal with substitute justices,emergencyPublicDisagreementRate,0.093,0.048,0.151,107,cluster-bootstrap-runs-200-95
legislative-all,All imported legislative outputs,Docket generated from every imported legislative campaign row.,strict-recusal-court,Strict recusal with substitute justices,governmentEmergencyWinRate,0.000,0.000,0.000,107,cluster-bootstrap-runs-200-95
legislative-all,All imported legislative outputs,Docket generated from every imported legislative campaign row.,strict-recusal-court,Strict recusal with substitute justices,meritsFollowUpRate,0.000,0.000,0.000,107,cluster-bootstrap-runs-200-95
legislative-all,All imported legislative outputs,Docket generated from every imported legislative campaign row.,strict-recusal-court,Strict recusal with substitute justices,meritsInvalidationRate,0.087,0.083,0.090,9493,cluster-bootstrap-runs-200-95
legislative-all,All imported legislative outputs,Docket generated from every imported legislative campaign row.,strict-recusal-court,Strict recusal with substitute justices,constitutionalConflict,0.184,0.183,0.185,9600,cluster-bootstrap-runs-200-95
legislative-all,All imported legislative outputs,Docket generated from every imported legislative campaign row.,strict-recusal-court,Strict recusal with substitute justices,democraticResponsiveness,0.618,0.617,0.619,9600,cluster-bootstrap-runs-200-95
legislative-all,All imported legislative outputs,Docket generated from every imported legislative campaign row.,strict-recusal-court,Strict recusal with substitute justices,complianceRate,0.750,0.734,0.765,9600,cluster-bootstrap-runs-200-95
legislative-all,All imported legislative outputs,Docket generated from every imported legislative campaign row.,strict-recusal-court,Strict recusal with substitute justices,publicTrust,0.326,0.301,0.351,9600,cluster-bootstrap-runs-200-95
legislative-all,All imported legislative outputs,Docket generated from every imported legislative campaign row.,strict-recusal-court,Strict recusal with substitute justices,administrativeLoad,0.435,0.434,0.435,9600,cluster-bootstrap-runs-200-95
legislative-all,All imported legislative outputs,Docket generated from every imported legislative campaign row.,strict-recusal-court,Strict recusal with substitute justices,directCourtCost,0.359,0.359,0.359,9600,cluster-bootstrap-runs-200-95
legislative-all,All imported legislative outputs,Docket generated from every imported legislative campaign row.,strict-recusal-court,Strict recusal with substitute justices,upstreamScreeningCost,0.671,0.671,0.672,9600,cluster-bootstrap-runs-200-95
legislative-all,All imported legislative outputs,Docket generated from every imported legislative campaign row.,strict-recusal-court,Strict recusal with substitute justices,capacityStrainCost,0.412,0.412,0.412,9600,cluster-bootstrap-runs-200-95
legislative-all,All imported legislative outputs,Docket generated from every imported legislative campaign row.,strict-recusal-court,Strict recusal with substitute justices,institutionalBudgetCost,0.430,0.429,0.430,9600,cluster-bootstrap-runs-200-95
legislative-all,All imported legislative outputs,Docket generated from every imported legislative campaign row.,strict-recusal-court,Strict recusal with substitute justices,institutionalDelayCost,0.446,0.445,0.446,9600,cluster-bootstrap-runs-200-95
legislative-all,All imported legislative outputs,Docket generated from every imported legislative campaign row.,strict-recusal-court,Strict recusal with substitute justices,implementationComplexity,0.473,0.473,0.473,9600,cluster-bootstrap-runs-200-95
legislative-all,All imported legislative outputs,Docket generated from every imported legislative campaign row.,strict-recusal-court,Strict recusal with substitute justices,totalInstitutionalCost,0.467,0.467,0.467,9600,cluster-bootstrap-runs-200-95
legislative-all,All imported legislative outputs,Docket generated from every imported legislative campaign row.,reasoned-emergency-review,Reasoned emergency orders with merits follow-up,directionalScore,0.804,0.797,0.812,9600,cluster-bootstrap-runs-200-95
legislative-all,All imported legislative outputs,Docket generated from every imported legislative campaign row.,reasoned-emergency-review,Reasoned emergency orders with merits follow-up,legalStability,0.965,0.965,0.966,9600,cluster-bootstrap-runs-200-95
legislative-all,All imported legislative outputs,Docket generated from every imported legislative campaign row.,reasoned-emergency-review,Reasoned emergency orders with merits follow-up,rightsProtection,0.798,0.797,0.799,9600,cluster-bootstrap-runs-200-95
legislative-all,All imported legislative outputs,Docket generated from every imported legislative campaign row.,reasoned-emergency-review,Reasoned emergency orders with merits follow-up,partisanAlignment,0.116,0.115,0.116,9600,cluster-bootstrap-runs-200-95
legislative-all,All imported legislative outputs,Docket generated from every imported legislative campaign row.,reasoned-emergency-review,Reasoned emergency orders with merits follow-up,shadowDocketAbuse,0.000,0.000,0.000,9600,cluster-bootstrap-runs-200-95
legislative-all,All imported legislative outputs,Docket generated from every imported legislative campaign row.,reasoned-emergency-review,Reasoned emergency orders with merits follow-up,legitimacy,0.797,0.794,0.800,9600,cluster-bootstrap-runs-200-95
legislative-all,All imported legislative outputs,Docket generated from every imported legislative campaign row.,reasoned-emergency-review,Reasoned emergency orders with merits follow-up,reversalRate,0.131,0.126,0.136,9600,cluster-bootstrap-runs-200-95
legislative-all,All imported legislative outputs,Docket generated from every imported legislative campaign row.,reasoned-emergency-review,Reasoned emergency orders with merits follow-up,reviewRate,1.000,1.000,1.000,9600,cluster-bootstrap-runs-200-95
legislative-all,All imported legislative outputs,Docket generated from every imported legislative campaign row.,reasoned-emergency-review,Reasoned emergency orders with merits follow-up,intakeAcceptanceRate,0.019,0.019,0.019,507794,cluster-bootstrap-runs-200-95
legislative-all,All imported legislative outputs,Docket generated from every imported legislative campaign row.,reasoned-emergency-review,Reasoned emergency orders with merits follow-up,emergencyReliefRate,0.000,0.000,0.000,69,cluster-bootstrap-runs-200-95
legislative-all,All imported legislative outputs,Docket generated from every imported legislative campaign row.,reasoned-emergency-review,Reasoned emergency orders with merits follow-up,emergencyReasonGivingRate,0.826,0.746,0.911,69,cluster-bootstrap-runs-200-95
legislative-all,All imported legislative outputs,Docket generated from every imported legislative campaign row.,reasoned-emergency-review,Reasoned emergency orders with merits follow-up,emergencyVoteDisclosureRate,0.594,0.468,0.709,69,cluster-bootstrap-runs-200-95
legislative-all,All imported legislative outputs,Docket generated from every imported legislative campaign row.,reasoned-emergency-review,Reasoned emergency orders with merits follow-up,emergencyPublicDisagreementRate,0.058,0.012,0.114,69,cluster-bootstrap-runs-200-95
legislative-all,All imported legislative outputs,Docket generated from every imported legislative campaign row.,reasoned-emergency-review,Reasoned emergency orders with merits follow-up,governmentEmergencyWinRate,0.000,0.000,0.000,69,cluster-bootstrap-runs-200-95
legislative-all,All imported legislative outputs,Docket generated from every imported legislative campaign row.,reasoned-emergency-review,Reasoned emergency orders with merits follow-up,meritsFollowUpRate,1.000,1.000,1.000,69,cluster-bootstrap-runs-200-95
legislative-all,All imported legislative outputs,Docket generated from every imported legislative campaign row.,reasoned-emergency-review,Reasoned emergency orders with merits follow-up,meritsInvalidationRate,0.131,0.126,0.136,9600,cluster-bootstrap-runs-200-95
legislative-all,All imported legislative outputs,Docket generated from every imported legislative campaign row.,reasoned-emergency-review,Reasoned emergency orders with merits follow-up,constitutionalConflict,0.193,0.192,0.194,9600,cluster-bootstrap-runs-200-95
legislative-all,All imported legislative outputs,Docket generated from every imported legislative campaign row.,reasoned-emergency-review,Reasoned emergency orders with merits follow-up,democraticResponsiveness,0.604,0.602,0.605,9600,cluster-bootstrap-runs-200-95
legislative-all,All imported legislative outputs,Docket generated from every imported legislative campaign row.,reasoned-emergency-review,Reasoned emergency orders with merits follow-up,complianceRate,0.751,0.734,0.765,9600,cluster-bootstrap-runs-200-95
legislative-all,All imported legislative outputs,Docket generated from every imported legislative campaign row.,reasoned-emergency-review,Reasoned emergency orders with merits follow-up,publicTrust,0.271,0.251,0.293,9600,cluster-bootstrap-runs-200-95
legislative-all,All imported legislative outputs,Docket generated from every imported legislative campaign row.,reasoned-emergency-review,Reasoned emergency orders with merits follow-up,administrativeLoad,0.427,0.426,0.427,9600,cluster-bootstrap-runs-200-95
legislative-all,All imported legislative outputs,Docket generated from every imported legislative campaign row.,reasoned-emergency-review,Reasoned emergency orders with merits follow-up,directCourtCost,0.307,0.306,0.307,9600,cluster-bootstrap-runs-200-95
legislative-all,All imported legislative outputs,Docket generated from every imported legislative campaign row.,reasoned-emergency-review,Reasoned emergency orders with merits follow-up,upstreamScreeningCost,0.671,0.671,0.672,9600,cluster-bootstrap-runs-200-95
legislative-all,All imported legislative outputs,Docket generated from every imported legislative campaign row.,reasoned-emergency-review,Reasoned emergency orders with merits follow-up,capacityStrainCost,0.404,0.404,0.404,9600,cluster-bootstrap-runs-200-95
legislative-all,All imported legislative outputs,Docket generated from every imported legislative campaign row.,reasoned-emergency-review,Reasoned emergency orders with merits follow-up,institutionalBudgetCost,0.377,0.377,0.377,9600,cluster-bootstrap-runs-200-95
legislative-all,All imported legislative outputs,Docket generated from every imported legislative campaign row.,reasoned-emergency-review,Reasoned emergency orders with merits follow-up,institutionalDelayCost,0.445,0.445,0.446,9600,cluster-bootstrap-runs-200-95
legislative-all,All imported legislative outputs,Docket generated from every imported legislative campaign row.,reasoned-emergency-review,Reasoned emergency orders with merits follow-up,implementationComplexity,0.471,0.471,0.472,9600,cluster-bootstrap-runs-200-95
legislative-all,All imported legislative outputs,Docket generated from every imported legislative campaign row.,reasoned-emergency-review,Reasoned emergency orders with merits follow-up,totalInstitutionalCost,0.452,0.452,0.452,9600,cluster-bootstrap-runs-200-95
legislative-all,All imported legislative outputs,Docket generated from every imported legislative campaign row.,panel-en-banc-review,Panel review with en banc safety valve,directionalScore,0.799,0.793,0.805,9600,cluster-bootstrap-runs-200-95
legislative-all,All imported legislative outputs,Docket generated from every imported legislative campaign row.,panel-en-banc-review,Panel review with en banc safety valve,legalStability,0.970,0.970,0.971,9600,cluster-bootstrap-runs-200-95
legislative-all,All imported legislative outputs,Docket generated from every imported legislative campaign row.,panel-en-banc-review,Panel review with en banc safety valve,rightsProtection,0.801,0.800,0.802,9600,cluster-bootstrap-runs-200-95
legislative-all,All imported legislative outputs,Docket generated from every imported legislative campaign row.,panel-en-banc-review,Panel review with en banc safety valve,partisanAlignment,0.105,0.104,0.105,9600,cluster-bootstrap-runs-200-95
legislative-all,All imported legislative outputs,Docket generated from every imported legislative campaign row.,panel-en-banc-review,Panel review with en banc safety valve,shadowDocketAbuse,0.004,0.003,0.005,9600,cluster-bootstrap-runs-200-95
legislative-all,All imported legislative outputs,Docket generated from every imported legislative campaign row.,panel-en-banc-review,Panel review with en banc safety valve,legitimacy,0.793,0.790,0.796,9600,cluster-bootstrap-runs-200-95
legislative-all,All imported legislative outputs,Docket generated from every imported legislative campaign row.,panel-en-banc-review,Panel review with en banc safety valve,reversalRate,0.102,0.098,0.106,9600,cluster-bootstrap-runs-200-95
legislative-all,All imported legislative outputs,Docket generated from every imported legislative campaign row.,panel-en-banc-review,Panel review with en banc safety valve,reviewRate,1.000,1.000,1.000,9600,cluster-bootstrap-runs-200-95
legislative-all,All imported legislative outputs,Docket generated from every imported legislative campaign row.,panel-en-banc-review,Panel review with en banc safety valve,intakeAcceptanceRate,0.019,0.019,0.019,507409,cluster-bootstrap-runs-200-95
legislative-all,All imported legislative outputs,Docket generated from every imported legislative campaign row.,panel-en-banc-review,Panel review with en banc safety valve,emergencyReliefRate,0.000,0.000,0.000,121,cluster-bootstrap-runs-200-95
legislative-all,All imported legislative outputs,Docket generated from every imported legislative campaign row.,panel-en-banc-review,Panel review with en banc safety valve,emergencyReasonGivingRate,0.711,0.625,0.791,121,cluster-bootstrap-runs-200-95
legislative-all,All imported legislative outputs,Docket generated from every imported legislative campaign row.,panel-en-banc-review,Panel review with en banc safety valve,emergencyVoteDisclosureRate,0.587,0.500,0.659,121,cluster-bootstrap-runs-200-95
legislative-all,All imported legislative outputs,Docket generated from every imported legislative campaign row.,panel-en-banc-review,Panel review with en banc safety valve,emergencyPublicDisagreementRate,0.124,0.073,0.178,121,cluster-bootstrap-runs-200-95
legislative-all,All imported legislative outputs,Docket generated from every imported legislative campaign row.,panel-en-banc-review,Panel review with en banc safety valve,governmentEmergencyWinRate,0.000,0.000,0.000,121,cluster-bootstrap-runs-200-95
legislative-all,All imported legislative outputs,Docket generated from every imported legislative campaign row.,panel-en-banc-review,Panel review with en banc safety valve,meritsFollowUpRate,0.000,0.000,0.000,121,cluster-bootstrap-runs-200-95
legislative-all,All imported legislative outputs,Docket generated from every imported legislative campaign row.,panel-en-banc-review,Panel review with en banc safety valve,meritsInvalidationRate,0.103,0.099,0.107,9479,cluster-bootstrap-runs-200-95
legislative-all,All imported legislative outputs,Docket generated from every imported legislative campaign row.,panel-en-banc-review,Panel review with en banc safety valve,constitutionalConflict,0.188,0.187,0.189,9600,cluster-bootstrap-runs-200-95
legislative-all,All imported legislative outputs,Docket generated from every imported legislative campaign row.,panel-en-banc-review,Panel review with en banc safety valve,democraticResponsiveness,0.613,0.612,0.614,9600,cluster-bootstrap-runs-200-95
legislative-all,All imported legislative outputs,Docket generated from every imported legislative campaign row.,panel-en-banc-review,Panel review with en banc safety valve,complianceRate,0.743,0.727,0.758,9600,cluster-bootstrap-runs-200-95
legislative-all,All imported legislative outputs,Docket generated from every imported legislative campaign row.,panel-en-banc-review,Panel review with en banc safety valve,publicTrust,0.303,0.278,0.332,9600,cluster-bootstrap-runs-200-95
legislative-all,All imported legislative outputs,Docket generated from every imported legislative campaign row.,panel-en-banc-review,Panel review with en banc safety valve,administrativeLoad,0.517,0.515,0.519,9600,cluster-bootstrap-runs-200-95
legislative-all,All imported legislative outputs,Docket generated from every imported legislative campaign row.,panel-en-banc-review,Panel review with en banc safety valve,directCourtCost,0.408,0.407,0.408,9600,cluster-bootstrap-runs-200-95
legislative-all,All imported legislative outputs,Docket generated from every imported legislative campaign row.,panel-en-banc-review,Panel review with en banc safety valve,upstreamScreeningCost,0.671,0.671,0.672,9600,cluster-bootstrap-runs-200-95
legislative-all,All imported legislative outputs,Docket generated from every imported legislative campaign row.,panel-en-banc-review,Panel review with en banc safety valve,capacityStrainCost,0.427,0.426,0.427,9600,cluster-bootstrap-runs-200-95
legislative-all,All imported legislative outputs,Docket generated from every imported legislative campaign row.,panel-en-banc-review,Panel review with en banc safety valve,institutionalBudgetCost,0.477,0.477,0.477,9600,cluster-bootstrap-runs-200-95
legislative-all,All imported legislative outputs,Docket generated from every imported legislative campaign row.,panel-en-banc-review,Panel review with en banc safety valve,institutionalDelayCost,0.481,0.480,0.481,9600,cluster-bootstrap-runs-200-95
legislative-all,All imported legislative outputs,Docket generated from every imported legislative campaign row.,panel-en-banc-review,Panel review with en banc safety valve,implementationComplexity,0.450,0.450,0.450,9600,cluster-bootstrap-runs-200-95
legislative-all,All imported legislative outputs,Docket generated from every imported legislative campaign row.,panel-en-banc-review,Panel review with en banc safety valve,totalInstitutionalCost,0.485,0.484,0.485,9600,cluster-bootstrap-runs-200-95
legislative-all,All imported legislative outputs,Docket generated from every imported legislative campaign row.,dual-cross-checking-courts,Dual supreme courts with cross-checking invalidations,directionalScore,0.799,0.790,0.809,9600,cluster-bootstrap-runs-200-95
legislative-all,All imported legislative outputs,Docket generated from every imported legislative campaign row.,dual-cross-checking-courts,Dual supreme courts with cross-checking invalidations,legalStability,0.979,0.978,0.979,9600,cluster-bootstrap-runs-200-95
legislative-all,All imported legislative outputs,Docket generated from every imported legislative campaign row.,dual-cross-checking-courts,Dual supreme courts with cross-checking invalidations,rightsProtection,0.803,0.803,0.804,9600,cluster-bootstrap-runs-200-95
legislative-all,All imported legislative outputs,Docket generated from every imported legislative campaign row.,dual-cross-checking-courts,Dual supreme courts with cross-checking invalidations,partisanAlignment,0.096,0.096,0.096,9600,cluster-bootstrap-runs-200-95
legislative-all,All imported legislative outputs,Docket generated from every imported legislative campaign row.,dual-cross-checking-courts,Dual supreme courts with cross-checking invalidations,shadowDocketAbuse,0.000,0.000,0.000,9600,cluster-bootstrap-runs-200-95
legislative-all,All imported legislative outputs,Docket generated from every imported legislative campaign row.,dual-cross-checking-courts,Dual supreme courts with cross-checking invalidations,legitimacy,0.816,0.814,0.819,9600,cluster-bootstrap-runs-200-95
legislative-all,All imported legislative outputs,Docket generated from every imported legislative campaign row.,dual-cross-checking-courts,Dual supreme courts with cross-checking invalidations,reversalRate,0.071,0.068,0.073,9600,cluster-bootstrap-runs-200-95
legislative-all,All imported legislative outputs,Docket generated from every imported legislative campaign row.,dual-cross-checking-courts,Dual supreme courts with cross-checking invalidations,reviewRate,1.000,1.000,1.000,9600,cluster-bootstrap-runs-200-95
legislative-all,All imported legislative outputs,Docket generated from every imported legislative campaign row.,dual-cross-checking-courts,Dual supreme courts with cross-checking invalidations,intakeAcceptanceRate,0.019,0.019,0.019,507978,cluster-bootstrap-runs-200-95
legislative-all,All imported legislative outputs,Docket generated from every imported legislative campaign row.,dual-cross-checking-courts,Dual supreme courts with cross-checking invalidations,emergencyReliefRate,0.000,0.000,0.000,47,cluster-bootstrap-runs-200-95
legislative-all,All imported legislative outputs,Docket generated from every imported legislative campaign row.,dual-cross-checking-courts,Dual supreme courts with cross-checking invalidations,emergencyReasonGivingRate,0.745,0.634,0.860,47,cluster-bootstrap-runs-200-95
legislative-all,All imported legislative outputs,Docket generated from every imported legislative campaign row.,dual-cross-checking-courts,Dual supreme courts with cross-checking invalidations,emergencyVoteDisclosureRate,0.702,0.567,0.840,47,cluster-bootstrap-runs-200-95
legislative-all,All imported legislative outputs,Docket generated from every imported legislative campaign row.,dual-cross-checking-courts,Dual supreme courts with cross-checking invalidations,emergencyPublicDisagreementRate,0.021,0.000,0.075,47,cluster-bootstrap-runs-200-95
legislative-all,All imported legislative outputs,Docket generated from every imported legislative campaign row.,dual-cross-checking-courts,Dual supreme courts with cross-checking invalidations,governmentEmergencyWinRate,0.000,0.000,0.000,47,cluster-bootstrap-runs-200-95
legislative-all,All imported legislative outputs,Docket generated from every imported legislative campaign row.,dual-cross-checking-courts,Dual supreme courts with cross-checking invalidations,meritsFollowUpRate,1.000,1.000,1.000,47,cluster-bootstrap-runs-200-95
legislative-all,All imported legislative outputs,Docket generated from every imported legislative campaign row.,dual-cross-checking-courts,Dual supreme courts with cross-checking invalidations,meritsInvalidationRate,0.071,0.068,0.073,9600,cluster-bootstrap-runs-200-95
legislative-all,All imported legislative outputs,Docket generated from every imported legislative campaign row.,dual-cross-checking-courts,Dual supreme courts with cross-checking invalidations,constitutionalConflict,0.192,0.191,0.193,9600,cluster-bootstrap-runs-200-95
legislative-all,All imported legislative outputs,Docket generated from every imported legislative campaign row.,dual-cross-checking-courts,Dual supreme courts with cross-checking invalidations,democraticResponsiveness,0.622,0.621,0.622,9600,cluster-bootstrap-runs-200-95
legislative-all,All imported legislative outputs,Docket generated from every imported legislative campaign row.,dual-cross-checking-courts,Dual supreme courts with cross-checking invalidations,complianceRate,0.755,0.741,0.771,9600,cluster-bootstrap-runs-200-95
legislative-all,All imported legislative outputs,Docket generated from every imported legislative campaign row.,dual-cross-checking-courts,Dual supreme courts with cross-checking invalidations,publicTrust,0.344,0.323,0.371,9600,cluster-bootstrap-runs-200-95
legislative-all,All imported legislative outputs,Docket generated from every imported legislative campaign row.,dual-cross-checking-courts,Dual supreme courts with cross-checking invalidations,administrativeLoad,0.823,0.823,0.824,9600,cluster-bootstrap-runs-200-95
legislative-all,All imported legislative outputs,Docket generated from every imported legislative campaign row.,dual-cross-checking-courts,Dual supreme courts with cross-checking invalidations,directCourtCost,0.514,0.514,0.514,9600,cluster-bootstrap-runs-200-95
legislative-all,All imported legislative outputs,Docket generated from every imported legislative campaign row.,dual-cross-checking-courts,Dual supreme courts with cross-checking invalidations,upstreamScreeningCost,0.671,0.671,0.672,9600,cluster-bootstrap-runs-200-95
legislative-all,All imported legislative outputs,Docket generated from every imported legislative campaign row.,dual-cross-checking-courts,Dual supreme courts with cross-checking invalidations,capacityStrainCost,0.561,0.561,0.561,9600,cluster-bootstrap-runs-200-95
legislative-all,All imported legislative outputs,Docket generated from every imported legislative campaign row.,dual-cross-checking-courts,Dual supreme courts with cross-checking invalidations,institutionalBudgetCost,0.577,0.576,0.577,9600,cluster-bootstrap-runs-200-95
legislative-all,All imported legislative outputs,Docket generated from every imported legislative campaign row.,dual-cross-checking-courts,Dual supreme courts with cross-checking invalidations,institutionalDelayCost,0.571,0.571,0.572,9600,cluster-bootstrap-runs-200-95
legislative-all,All imported legislative outputs,Docket generated from every imported legislative campaign row.,dual-cross-checking-courts,Dual supreme courts with cross-checking invalidations,implementationComplexity,0.608,0.608,0.608,9600,cluster-bootstrap-runs-200-95
legislative-all,All imported legislative outputs,Docket generated from every imported legislative campaign row.,dual-cross-checking-courts,Dual supreme courts with cross-checking invalidations,totalInstitutionalCost,0.581,0.581,0.582,9600,cluster-bootstrap-runs-200-95
legislative-all,All imported legislative outputs,Docket generated from every imported legislative campaign row.,constitutional-council,Pre-enactment constitutional council,directionalScore,0.807,0.800,0.814,9600,cluster-bootstrap-runs-200-95
legislative-all,All imported legislative outputs,Docket generated from every imported legislative campaign row.,constitutional-council,Pre-enactment constitutional council,legalStability,0.990,0.990,0.991,9600,cluster-bootstrap-runs-200-95
legislative-all,All imported legislative outputs,Docket generated from every imported legislative campaign row.,constitutional-council,Pre-enactment constitutional council,rightsProtection,0.803,0.803,0.804,9600,cluster-bootstrap-runs-200-95
legislative-all,All imported legislative outputs,Docket generated from every imported legislative campaign row.,constitutional-council,Pre-enactment constitutional council,partisanAlignment,0.089,0.088,0.089,9600,cluster-bootstrap-runs-200-95
legislative-all,All imported legislative outputs,Docket generated from every imported legislative campaign row.,constitutional-council,Pre-enactment constitutional council,shadowDocketAbuse,0.003,0.003,0.004,9600,cluster-bootstrap-runs-200-95
legislative-all,All imported legislative outputs,Docket generated from every imported legislative campaign row.,constitutional-council,Pre-enactment constitutional council,legitimacy,0.841,0.838,0.845,9600,cluster-bootstrap-runs-200-95
legislative-all,All imported legislative outputs,Docket generated from every imported legislative campaign row.,constitutional-council,Pre-enactment constitutional council,reversalRate,0.054,0.052,0.057,9600,cluster-bootstrap-runs-200-95
legislative-all,All imported legislative outputs,Docket generated from every imported legislative campaign row.,constitutional-council,Pre-enactment constitutional council,reviewRate,1.000,1.000,1.000,9600,cluster-bootstrap-runs-200-95
legislative-all,All imported legislative outputs,Docket generated from every imported legislative campaign row.,constitutional-council,Pre-enactment constitutional council,intakeAcceptanceRate,0.019,0.019,0.019,507532,cluster-bootstrap-runs-200-95
legislative-all,All imported legislative outputs,Docket generated from every imported legislative campaign row.,constitutional-council,Pre-enactment constitutional council,emergencyReliefRate,0.000,0.000,0.000,106,cluster-bootstrap-runs-200-95
legislative-all,All imported legislative outputs,Docket generated from every imported legislative campaign row.,constitutional-council,Pre-enactment constitutional council,emergencyReasonGivingRate,0.726,0.657,0.802,106,cluster-bootstrap-runs-200-95
legislative-all,All imported legislative outputs,Docket generated from every imported legislative campaign row.,constitutional-council,Pre-enactment constitutional council,emergencyVoteDisclosureRate,0.613,0.524,0.717,106,cluster-bootstrap-runs-200-95
legislative-all,All imported legislative outputs,Docket generated from every imported legislative campaign row.,constitutional-council,Pre-enactment constitutional council,emergencyPublicDisagreementRate,0.151,0.095,0.209,106,cluster-bootstrap-runs-200-95
legislative-all,All imported legislative outputs,Docket generated from every imported legislative campaign row.,constitutional-council,Pre-enactment constitutional council,governmentEmergencyWinRate,0.000,0.000,0.000,106,cluster-bootstrap-runs-200-95
legislative-all,All imported legislative outputs,Docket generated from every imported legislative campaign row.,constitutional-council,Pre-enactment constitutional council,meritsFollowUpRate,0.000,0.000,0.000,106,cluster-bootstrap-runs-200-95
legislative-all,All imported legislative outputs,Docket generated from every imported legislative campaign row.,constitutional-council,Pre-enactment constitutional council,meritsInvalidationRate,0.055,0.052,0.057,9494,cluster-bootstrap-runs-200-95
legislative-all,All imported legislative outputs,Docket generated from every imported legislative campaign row.,constitutional-council,Pre-enactment constitutional council,constitutionalConflict,0.178,0.178,0.179,9600,cluster-bootstrap-runs-200-95
legislative-all,All imported legislative outputs,Docket generated from every imported legislative campaign row.,constitutional-council,Pre-enactment constitutional council,democraticResponsiveness,0.625,0.625,0.626,9600,cluster-bootstrap-runs-200-95
legislative-all,All imported legislative outputs,Docket generated from every imported legislative campaign row.,constitutional-council,Pre-enactment constitutional council,complianceRate,0.754,0.740,0.768,9600,cluster-bootstrap-runs-200-95
legislative-all,All imported legislative outputs,Docket generated from every imported legislative campaign row.,constitutional-council,Pre-enactment constitutional council,publicTrust,0.461,0.432,0.491,9600,cluster-bootstrap-runs-200-95
legislative-all,All imported legislative outputs,Docket generated from every imported legislative campaign row.,constitutional-council,Pre-enactment constitutional council,administrativeLoad,0.687,0.687,0.688,9600,cluster-bootstrap-runs-200-95
legislative-all,All imported legislative outputs,Docket generated from every imported legislative campaign row.,constitutional-council,Pre-enactment constitutional council,directCourtCost,0.438,0.438,0.439,9600,cluster-bootstrap-runs-200-95
legislative-all,All imported legislative outputs,Docket generated from every imported legislative campaign row.,constitutional-council,Pre-enactment constitutional council,upstreamScreeningCost,0.671,0.671,0.672,9600,cluster-bootstrap-runs-200-95
legislative-all,All imported legislative outputs,Docket generated from every imported legislative campaign row.,constitutional-council,Pre-enactment constitutional council,capacityStrainCost,0.473,0.472,0.473,9600,cluster-bootstrap-runs-200-95
legislative-all,All imported legislative outputs,Docket generated from every imported legislative campaign row.,constitutional-council,Pre-enactment constitutional council,institutionalBudgetCost,0.503,0.503,0.504,9600,cluster-bootstrap-runs-200-95
legislative-all,All imported legislative outputs,Docket generated from every imported legislative campaign row.,constitutional-council,Pre-enactment constitutional council,institutionalDelayCost,0.514,0.513,0.514,9600,cluster-bootstrap-runs-200-95
legislative-all,All imported legislative outputs,Docket generated from every imported legislative campaign row.,constitutional-council,Pre-enactment constitutional council,implementationComplexity,0.549,0.549,0.549,9600,cluster-bootstrap-runs-200-95
legislative-all,All imported legislative outputs,Docket generated from every imported legislative campaign row.,constitutional-council,Pre-enactment constitutional council,totalInstitutionalCost,0.524,0.524,0.525,9600,cluster-bootstrap-runs-200-95
legislative-all,All imported legislative outputs,Docket generated from every imported legislative campaign row.,legislative-override-court,Judicial review with delayed legislative override,directionalScore,0.796,0.788,0.803,9600,cluster-bootstrap-runs-200-95
legislative-all,All imported legislative outputs,Docket generated from every imported legislative campaign row.,legislative-override-court,Judicial review with delayed legislative override,legalStability,0.966,0.965,0.967,9600,cluster-bootstrap-runs-200-95
legislative-all,All imported legislative outputs,Docket generated from every imported legislative campaign row.,legislative-override-court,Judicial review with delayed legislative override,rightsProtection,0.800,0.799,0.801,9600,cluster-bootstrap-runs-200-95
legislative-all,All imported legislative outputs,Docket generated from every imported legislative campaign row.,legislative-override-court,Judicial review with delayed legislative override,partisanAlignment,0.112,0.112,0.113,9600,cluster-bootstrap-runs-200-95
legislative-all,All imported legislative outputs,Docket generated from every imported legislative campaign row.,legislative-override-court,Judicial review with delayed legislative override,shadowDocketAbuse,0.004,0.004,0.005,9600,cluster-bootstrap-runs-200-95
legislative-all,All imported legislative outputs,Docket generated from every imported legislative campaign row.,legislative-override-court,Judicial review with delayed legislative override,legitimacy,0.763,0.761,0.765,9600,cluster-bootstrap-runs-200-95
legislative-all,All imported legislative outputs,Docket generated from every imported legislative campaign row.,legislative-override-court,Judicial review with delayed legislative override,reversalRate,0.097,0.094,0.101,9600,cluster-bootstrap-runs-200-95
legislative-all,All imported legislative outputs,Docket generated from every imported legislative campaign row.,legislative-override-court,Judicial review with delayed legislative override,reviewRate,1.000,1.000,1.000,9600,cluster-bootstrap-runs-200-95
legislative-all,All imported legislative outputs,Docket generated from every imported legislative campaign row.,legislative-override-court,Judicial review with delayed legislative override,intakeAcceptanceRate,0.019,0.019,0.019,507375,cluster-bootstrap-runs-200-95
legislative-all,All imported legislative outputs,Docket generated from every imported legislative campaign row.,legislative-override-court,Judicial review with delayed legislative override,emergencyReliefRate,0.008,0.000,0.027,124,cluster-bootstrap-runs-200-95
legislative-all,All imported legislative outputs,Docket generated from every imported legislative campaign row.,legislative-override-court,Judicial review with delayed legislative override,emergencyReasonGivingRate,0.726,0.644,0.802,124,cluster-bootstrap-runs-200-95
legislative-all,All imported legislative outputs,Docket generated from every imported legislative campaign row.,legislative-override-court,Judicial review with delayed legislative override,emergencyVoteDisclosureRate,0.589,0.496,0.669,124,cluster-bootstrap-runs-200-95
legislative-all,All imported legislative outputs,Docket generated from every imported legislative campaign row.,legislative-override-court,Judicial review with delayed legislative override,emergencyPublicDisagreementRate,0.153,0.097,0.220,124,cluster-bootstrap-runs-200-95
legislative-all,All imported legislative outputs,Docket generated from every imported legislative campaign row.,legislative-override-court,Judicial review with delayed legislative override,governmentEmergencyWinRate,0.008,0.000,0.027,124,cluster-bootstrap-runs-200-95
legislative-all,All imported legislative outputs,Docket generated from every imported legislative campaign row.,legislative-override-court,Judicial review with delayed legislative override,meritsFollowUpRate,0.000,0.000,0.000,124,cluster-bootstrap-runs-200-95
legislative-all,All imported legislative outputs,Docket generated from every imported legislative campaign row.,legislative-override-court,Judicial review with delayed legislative override,meritsInvalidationRate,0.099,0.095,0.102,9476,cluster-bootstrap-runs-200-95
legislative-all,All imported legislative outputs,Docket generated from every imported legislative campaign row.,legislative-override-court,Judicial review with delayed legislative override,constitutionalConflict,0.197,0.196,0.199,9600,cluster-bootstrap-runs-200-95
legislative-all,All imported legislative outputs,Docket generated from every imported legislative campaign row.,legislative-override-court,Judicial review with delayed legislative override,democraticResponsiveness,0.621,0.620,0.622,9600,cluster-bootstrap-runs-200-95
legislative-all,All imported legislative outputs,Docket generated from every imported legislative campaign row.,legislative-override-court,Judicial review with delayed legislative override,complianceRate,0.719,0.701,0.732,9600,cluster-bootstrap-runs-200-95
legislative-all,All imported legislative outputs,Docket generated from every imported legislative campaign row.,legislative-override-court,Judicial review with delayed legislative override,publicTrust,0.216,0.197,0.232,9600,cluster-bootstrap-runs-200-95
legislative-all,All imported legislative outputs,Docket generated from every imported legislative campaign row.,legislative-override-court,Judicial review with delayed legislative override,administrativeLoad,0.428,0.428,0.429,9600,cluster-bootstrap-runs-200-95
legislative-all,All imported legislative outputs,Docket generated from every imported legislative campaign row.,legislative-override-court,Judicial review with delayed legislative override,directCourtCost,0.307,0.307,0.307,9600,cluster-bootstrap-runs-200-95
legislative-all,All imported legislative outputs,Docket generated from every imported legislative campaign row.,legislative-override-court,Judicial review with delayed legislative override,upstreamScreeningCost,0.671,0.671,0.672,9600,cluster-bootstrap-runs-200-95
legislative-all,All imported legislative outputs,Docket generated from every imported legislative campaign row.,legislative-override-court,Judicial review with delayed legislative override,capacityStrainCost,0.406,0.406,0.406,9600,cluster-bootstrap-runs-200-95
legislative-all,All imported legislative outputs,Docket generated from every imported legislative campaign row.,legislative-override-court,Judicial review with delayed legislative override,institutionalBudgetCost,0.377,0.377,0.377,9600,cluster-bootstrap-runs-200-95
legislative-all,All imported legislative outputs,Docket generated from every imported legislative campaign row.,legislative-override-court,Judicial review with delayed legislative override,institutionalDelayCost,0.445,0.445,0.446,9600,cluster-bootstrap-runs-200-95
legislative-all,All imported legislative outputs,Docket generated from every imported legislative campaign row.,legislative-override-court,Judicial review with delayed legislative override,implementationComplexity,0.499,0.499,0.499,9600,cluster-bootstrap-runs-200-95
legislative-all,All imported legislative outputs,Docket generated from every imported legislative campaign row.,legislative-override-court,Judicial review with delayed legislative override,totalInstitutionalCost,0.457,0.457,0.457,9600,cluster-bootstrap-runs-200-95
legislative-all,All imported legislative outputs,Docket generated from every imported legislative campaign row.,accountability-retention-court,Retention-election accountability court,directionalScore,0.802,0.795,0.809,9600,cluster-bootstrap-runs-200-95
legislative-all,All imported legislative outputs,Docket generated from every imported legislative campaign row.,accountability-retention-court,Retention-election accountability court,legalStability,0.979,0.978,0.979,9600,cluster-bootstrap-runs-200-95
legislative-all,All imported legislative outputs,Docket generated from every imported legislative campaign row.,accountability-retention-court,Retention-election accountability court,rightsProtection,0.799,0.798,0.800,9600,cluster-bootstrap-runs-200-95
legislative-all,All imported legislative outputs,Docket generated from every imported legislative campaign row.,accountability-retention-court,Retention-election accountability court,partisanAlignment,0.107,0.107,0.107,9600,cluster-bootstrap-runs-200-95
legislative-all,All imported legislative outputs,Docket generated from every imported legislative campaign row.,accountability-retention-court,Retention-election accountability court,shadowDocketAbuse,0.004,0.003,0.004,9600,cluster-bootstrap-runs-200-95
legislative-all,All imported legislative outputs,Docket generated from every imported legislative campaign row.,accountability-retention-court,Retention-election accountability court,legitimacy,0.792,0.789,0.795,9600,cluster-bootstrap-runs-200-95
legislative-all,All imported legislative outputs,Docket generated from every imported legislative campaign row.,accountability-retention-court,Retention-election accountability court,reversalRate,0.040,0.038,0.043,9600,cluster-bootstrap-runs-200-95
legislative-all,All imported legislative outputs,Docket generated from every imported legislative campaign row.,accountability-retention-court,Retention-election accountability court,reviewRate,1.000,1.000,1.000,9600,cluster-bootstrap-runs-200-95
legislative-all,All imported legislative outputs,Docket generated from every imported legislative campaign row.,accountability-retention-court,Retention-election accountability court,intakeAcceptanceRate,0.019,0.019,0.019,507483,cluster-bootstrap-runs-200-95
legislative-all,All imported legislative outputs,Docket generated from every imported legislative campaign row.,accountability-retention-court,Retention-election accountability court,emergencyReliefRate,0.000,0.000,0.000,109,cluster-bootstrap-runs-200-95
legislative-all,All imported legislative outputs,Docket generated from every imported legislative campaign row.,accountability-retention-court,Retention-election accountability court,emergencyReasonGivingRate,0.569,0.478,0.646,109,cluster-bootstrap-runs-200-95
legislative-all,All imported legislative outputs,Docket generated from every imported legislative campaign row.,accountability-retention-court,Retention-election accountability court,emergencyVoteDisclosureRate,0.550,0.450,0.628,109,cluster-bootstrap-runs-200-95
legislative-all,All imported legislative outputs,Docket generated from every imported legislative campaign row.,accountability-retention-court,Retention-election accountability court,emergencyPublicDisagreementRate,0.092,0.038,0.154,109,cluster-bootstrap-runs-200-95
legislative-all,All imported legislative outputs,Docket generated from every imported legislative campaign row.,accountability-retention-court,Retention-election accountability court,governmentEmergencyWinRate,0.000,0.000,0.000,109,cluster-bootstrap-runs-200-95
legislative-all,All imported legislative outputs,Docket generated from every imported legislative campaign row.,accountability-retention-court,Retention-election accountability court,meritsFollowUpRate,0.000,0.000,0.000,109,cluster-bootstrap-runs-200-95
legislative-all,All imported legislative outputs,Docket generated from every imported legislative campaign row.,accountability-retention-court,Retention-election accountability court,meritsInvalidationRate,0.041,0.038,0.043,9491,cluster-bootstrap-runs-200-95
legislative-all,All imported legislative outputs,Docket generated from every imported legislative campaign row.,accountability-retention-court,Retention-election accountability court,constitutionalConflict,0.183,0.182,0.184,9600,cluster-bootstrap-runs-200-95
legislative-all,All imported legislative outputs,Docket generated from every imported legislative campaign row.,accountability-retention-court,Retention-election accountability court,democraticResponsiveness,0.631,0.631,0.632,9600,cluster-bootstrap-runs-200-95
legislative-all,All imported legislative outputs,Docket generated from every imported legislative campaign row.,accountability-retention-court,Retention-election accountability court,complianceRate,0.714,0.698,0.729,9600,cluster-bootstrap-runs-200-95
legislative-all,All imported legislative outputs,Docket generated from every imported legislative campaign row.,accountability-retention-court,Retention-election accountability court,publicTrust,0.284,0.260,0.308,9600,cluster-bootstrap-runs-200-95
legislative-all,All imported legislative outputs,Docket generated from every imported legislative campaign row.,accountability-retention-court,Retention-election accountability court,administrativeLoad,0.448,0.448,0.449,9600,cluster-bootstrap-runs-200-95
legislative-all,All imported legislative outputs,Docket generated from every imported legislative campaign row.,accountability-retention-court,Retention-election accountability court,directCourtCost,0.319,0.318,0.319,9600,cluster-bootstrap-runs-200-95
legislative-all,All imported legislative outputs,Docket generated from every imported legislative campaign row.,accountability-retention-court,Retention-election accountability court,upstreamScreeningCost,0.671,0.671,0.672,9600,cluster-bootstrap-runs-200-95
legislative-all,All imported legislative outputs,Docket generated from every imported legislative campaign row.,accountability-retention-court,Retention-election accountability court,capacityStrainCost,0.442,0.442,0.442,9600,cluster-bootstrap-runs-200-95
legislative-all,All imported legislative outputs,Docket generated from every imported legislative campaign row.,accountability-retention-court,Retention-election accountability court,institutionalBudgetCost,0.388,0.388,0.388,9600,cluster-bootstrap-runs-200-95
legislative-all,All imported legislative outputs,Docket generated from every imported legislative campaign row.,accountability-retention-court,Retention-election accountability court,institutionalDelayCost,0.449,0.449,0.450,9600,cluster-bootstrap-runs-200-95
legislative-all,All imported legislative outputs,Docket generated from every imported legislative campaign row.,accountability-retention-court,Retention-election accountability court,implementationComplexity,0.525,0.525,0.526,9600,cluster-bootstrap-runs-200-95
legislative-all,All imported legislative outputs,Docket generated from every imported legislative campaign row.,accountability-retention-court,Retention-election accountability court,totalInstitutionalCost,0.473,0.472,0.473,9600,cluster-bootstrap-runs-200-95
legislative-all,All imported legislative outputs,Docket generated from every imported legislative campaign row.,independence-accountability-hybrid,Hybrid court balancing independence and accountability,directionalScore,0.819,0.810,0.826,9600,cluster-bootstrap-runs-200-95
legislative-all,All imported legislative outputs,Docket generated from every imported legislative campaign row.,independence-accountability-hybrid,Hybrid court balancing independence and accountability,legalStability,0.977,0.976,0.978,9600,cluster-bootstrap-runs-200-95
legislative-all,All imported legislative outputs,Docket generated from every imported legislative campaign row.,independence-accountability-hybrid,Hybrid court balancing independence and accountability,rightsProtection,0.802,0.801,0.802,9600,cluster-bootstrap-runs-200-95
legislative-all,All imported legislative outputs,Docket generated from every imported legislative campaign row.,independence-accountability-hybrid,Hybrid court balancing independence and accountability,partisanAlignment,0.097,0.097,0.098,9600,cluster-bootstrap-runs-200-95
legislative-all,All imported legislative outputs,Docket generated from every imported legislative campaign row.,independence-accountability-hybrid,Hybrid court balancing independence and accountability,shadowDocketAbuse,0.000,0.000,0.000,9600,cluster-bootstrap-runs-200-95
legislative-all,All imported legislative outputs,Docket generated from every imported legislative campaign row.,independence-accountability-hybrid,Hybrid court balancing independence and accountability,legitimacy,0.816,0.813,0.820,9600,cluster-bootstrap-runs-200-95
legislative-all,All imported legislative outputs,Docket generated from every imported legislative campaign row.,independence-accountability-hybrid,Hybrid court balancing independence and accountability,reversalRate,0.096,0.092,0.099,9600,cluster-bootstrap-runs-200-95
legislative-all,All imported legislative outputs,Docket generated from every imported legislative campaign row.,independence-accountability-hybrid,Hybrid court balancing independence and accountability,reviewRate,1.000,1.000,1.000,9600,cluster-bootstrap-runs-200-95
legislative-all,All imported legislative outputs,Docket generated from every imported legislative campaign row.,independence-accountability-hybrid,Hybrid court balancing independence and accountability,intakeAcceptanceRate,0.019,0.019,0.019,507824,cluster-bootstrap-runs-200-95
legislative-all,All imported legislative outputs,Docket generated from every imported legislative campaign row.,independence-accountability-hybrid,Hybrid court balancing independence and accountability,emergencyReliefRate,0.000,0.000,0.000,64,cluster-bootstrap-runs-200-95
legislative-all,All imported legislative outputs,Docket generated from every imported legislative campaign row.,independence-accountability-hybrid,Hybrid court balancing independence and accountability,emergencyReasonGivingRate,0.875,0.763,0.952,64,cluster-bootstrap-runs-200-95
legislative-all,All imported legislative outputs,Docket generated from every imported legislative campaign row.,independence-accountability-hybrid,Hybrid court balancing independence and accountability,emergencyVoteDisclosureRate,0.688,0.583,0.803,64,cluster-bootstrap-runs-200-95
legislative-all,All imported legislative outputs,Docket generated from every imported legislative campaign row.,independence-accountability-hybrid,Hybrid court balancing independence and accountability,emergencyPublicDisagreementRate,0.031,0.000,0.077,64,cluster-bootstrap-runs-200-95
legislative-all,All imported legislative outputs,Docket generated from every imported legislative campaign row.,independence-accountability-hybrid,Hybrid court balancing independence and accountability,governmentEmergencyWinRate,0.000,0.000,0.000,64,cluster-bootstrap-runs-200-95
legislative-all,All imported legislative outputs,Docket generated from every imported legislative campaign row.,independence-accountability-hybrid,Hybrid court balancing independence and accountability,meritsFollowUpRate,1.000,1.000,1.000,64,cluster-bootstrap-runs-200-95
legislative-all,All imported legislative outputs,Docket generated from every imported legislative campaign row.,independence-accountability-hybrid,Hybrid court balancing independence and accountability,meritsInvalidationRate,0.096,0.092,0.099,9600,cluster-bootstrap-runs-200-95
legislative-all,All imported legislative outputs,Docket generated from every imported legislative campaign row.,independence-accountability-hybrid,Hybrid court balancing independence and accountability,constitutionalConflict,0.186,0.185,0.186,9600,cluster-bootstrap-runs-200-95
legislative-all,All imported legislative outputs,Docket generated from every imported legislative campaign row.,independence-accountability-hybrid,Hybrid court balancing independence and accountability,democraticResponsiveness,0.615,0.613,0.616,9600,cluster-bootstrap-runs-200-95
legislative-all,All imported legislative outputs,Docket generated from every imported legislative campaign row.,independence-accountability-hybrid,Hybrid court balancing independence and accountability,complianceRate,0.746,0.730,0.763,9600,cluster-bootstrap-runs-200-95
legislative-all,All imported legislative outputs,Docket generated from every imported legislative campaign row.,independence-accountability-hybrid,Hybrid court balancing independence and accountability,publicTrust,0.347,0.317,0.373,9600,cluster-bootstrap-runs-200-95
legislative-all,All imported legislative outputs,Docket generated from every imported legislative campaign row.,independence-accountability-hybrid,Hybrid court balancing independence and accountability,administrativeLoad,0.506,0.505,0.507,9600,cluster-bootstrap-runs-200-95
legislative-all,All imported legislative outputs,Docket generated from every imported legislative campaign row.,independence-accountability-hybrid,Hybrid court balancing independence and accountability,directCourtCost,0.430,0.430,0.430,9600,cluster-bootstrap-runs-200-95
legislative-all,All imported legislative outputs,Docket generated from every imported legislative campaign row.,independence-accountability-hybrid,Hybrid court balancing independence and accountability,upstreamScreeningCost,0.671,0.671,0.672,9600,cluster-bootstrap-runs-200-95
legislative-all,All imported legislative outputs,Docket generated from every imported legislative campaign row.,independence-accountability-hybrid,Hybrid court balancing independence and accountability,capacityStrainCost,0.425,0.424,0.425,9600,cluster-bootstrap-runs-200-95
legislative-all,All imported legislative outputs,Docket generated from every imported legislative campaign row.,independence-accountability-hybrid,Hybrid court balancing independence and accountability,institutionalBudgetCost,0.500,0.499,0.500,9600,cluster-bootstrap-runs-200-95
legislative-all,All imported legislative outputs,Docket generated from every imported legislative campaign row.,independence-accountability-hybrid,Hybrid court balancing independence and accountability,institutionalDelayCost,0.477,0.476,0.477,9600,cluster-bootstrap-runs-200-95
legislative-all,All imported legislative outputs,Docket generated from every imported legislative campaign row.,independence-accountability-hybrid,Hybrid court balancing independence and accountability,implementationComplexity,0.605,0.605,0.605,9600,cluster-bootstrap-runs-200-95
legislative-all,All imported legislative outputs,Docket generated from every imported legislative campaign row.,independence-accountability-hybrid,Hybrid court balancing independence and accountability,totalInstitutionalCost,0.515,0.515,0.516,9600,cluster-bootstrap-runs-200-95
legislative-high-capture,High-capture legislative outputs,Imported rows with high lobby-capture or proposer-gain signals.,current-federal-court,Current-style federal supreme court,directionalScore,0.657,0.648,0.665,9600,cluster-bootstrap-runs-200-95
legislative-high-capture,High-capture legislative outputs,Imported rows with high lobby-capture or proposer-gain signals.,current-federal-court,Current-style federal supreme court,legalStability,0.944,0.943,0.945,9600,cluster-bootstrap-runs-200-95
legislative-high-capture,High-capture legislative outputs,Imported rows with high lobby-capture or proposer-gain signals.,current-federal-court,Current-style federal supreme court,rightsProtection,0.782,0.781,0.783,9600,cluster-bootstrap-runs-200-95
legislative-high-capture,High-capture legislative outputs,Imported rows with high lobby-capture or proposer-gain signals.,current-federal-court,Current-style federal supreme court,partisanAlignment,0.164,0.164,0.165,9600,cluster-bootstrap-runs-200-95
legislative-high-capture,High-capture legislative outputs,Imported rows with high lobby-capture or proposer-gain signals.,current-federal-court,Current-style federal supreme court,shadowDocketAbuse,0.005,0.004,0.006,9600,cluster-bootstrap-runs-200-95
legislative-high-capture,High-capture legislative outputs,Imported rows with high lobby-capture or proposer-gain signals.,current-federal-court,Current-style federal supreme court,legitimacy,0.687,0.686,0.688,9600,cluster-bootstrap-runs-200-95
legislative-high-capture,High-capture legislative outputs,Imported rows with high lobby-capture or proposer-gain signals.,current-federal-court,Current-style federal supreme court,reversalRate,0.185,0.179,0.190,9600,cluster-bootstrap-runs-200-95
legislative-high-capture,High-capture legislative outputs,Imported rows with high lobby-capture or proposer-gain signals.,current-federal-court,Current-style federal supreme court,reviewRate,1.000,1.000,1.000,9600,cluster-bootstrap-runs-200-95
legislative-high-capture,High-capture legislative outputs,Imported rows with high lobby-capture or proposer-gain signals.,current-federal-court,Current-style federal supreme court,intakeAcceptanceRate,0.019,0.019,0.019,501382,cluster-bootstrap-runs-200-95
legislative-high-capture,High-capture legislative outputs,Imported rows with high lobby-capture or proposer-gain signals.,current-federal-court,Current-style federal supreme court,emergencyReliefRate,0.429,0.333,0.529,70,cluster-bootstrap-runs-200-95
legislative-high-capture,High-capture legislative outputs,Imported rows with high lobby-capture or proposer-gain signals.,current-federal-court,Current-style federal supreme court,emergencyReasonGivingRate,0.000,0.000,0.000,70,cluster-bootstrap-runs-200-95
legislative-high-capture,High-capture legislative outputs,Imported rows with high lobby-capture or proposer-gain signals.,current-federal-court,Current-style federal supreme court,emergencyVoteDisclosureRate,0.386,0.259,0.508,70,cluster-bootstrap-runs-200-95
legislative-high-capture,High-capture legislative outputs,Imported rows with high lobby-capture or proposer-gain signals.,current-federal-court,Current-style federal supreme court,emergencyPublicDisagreementRate,0.471,0.362,0.569,70,cluster-bootstrap-runs-200-95
legislative-high-capture,High-capture legislative outputs,Imported rows with high lobby-capture or proposer-gain signals.,current-federal-court,Current-style federal supreme court,governmentEmergencyWinRate,0.462,0.370,0.568,70,cluster-bootstrap-runs-200-95
legislative-high-capture,High-capture legislative outputs,Imported rows with high lobby-capture or proposer-gain signals.,current-federal-court,Current-style federal supreme court,meritsFollowUpRate,0.000,0.000,0.000,70,cluster-bootstrap-runs-200-95
legislative-high-capture,High-capture legislative outputs,Imported rows with high lobby-capture or proposer-gain signals.,current-federal-court,Current-style federal supreme court,meritsInvalidationRate,0.186,0.180,0.191,9530,cluster-bootstrap-runs-200-95
legislative-high-capture,High-capture legislative outputs,Imported rows with high lobby-capture or proposer-gain signals.,current-federal-court,Current-style federal supreme court,constitutionalConflict,0.217,0.216,0.219,9600,cluster-bootstrap-runs-200-95
legislative-high-capture,High-capture legislative outputs,Imported rows with high lobby-capture or proposer-gain signals.,current-federal-court,Current-style federal supreme court,democraticResponsiveness,0.574,0.573,0.577,9600,cluster-bootstrap-runs-200-95
legislative-high-capture,High-capture legislative outputs,Imported rows with high lobby-capture or proposer-gain signals.,current-federal-court,Current-style federal supreme court,complianceRate,0.495,0.478,0.514,9600,cluster-bootstrap-runs-200-95
legislative-high-capture,High-capture legislative outputs,Imported rows with high lobby-capture or proposer-gain signals.,current-federal-court,Current-style federal supreme court,publicTrust,0.096,0.090,0.102,9600,cluster-bootstrap-runs-200-95
legislative-high-capture,High-capture legislative outputs,Imported rows with high lobby-capture or proposer-gain signals.,current-federal-court,Current-style federal supreme court,administrativeLoad,0.418,0.417,0.418,9600,cluster-bootstrap-runs-200-95
legislative-high-capture,High-capture legislative outputs,Imported rows with high lobby-capture or proposer-gain signals.,current-federal-court,Current-style federal supreme court,directCourtCost,0.301,0.301,0.301,9600,cluster-bootstrap-runs-200-95
legislative-high-capture,High-capture legislative outputs,Imported rows with high lobby-capture or proposer-gain signals.,current-federal-court,Current-style federal supreme court,upstreamScreeningCost,0.674,0.674,0.675,9600,cluster-bootstrap-runs-200-95
legislative-high-capture,High-capture legislative outputs,Imported rows with high lobby-capture or proposer-gain signals.,current-federal-court,Current-style federal supreme court,capacityStrainCost,0.389,0.389,0.389,9600,cluster-bootstrap-runs-200-95
legislative-high-capture,High-capture legislative outputs,Imported rows with high lobby-capture or proposer-gain signals.,current-federal-court,Current-style federal supreme court,institutionalBudgetCost,0.372,0.372,0.372,9600,cluster-bootstrap-runs-200-95
legislative-high-capture,High-capture legislative outputs,Imported rows with high lobby-capture or proposer-gain signals.,current-federal-court,Current-style federal supreme court,institutionalDelayCost,0.446,0.446,0.446,9600,cluster-bootstrap-runs-200-95
legislative-high-capture,High-capture legislative outputs,Imported rows with high lobby-capture or proposer-gain signals.,current-federal-court,Current-style federal supreme court,implementationComplexity,0.415,0.415,0.415,9600,cluster-bootstrap-runs-200-95
legislative-high-capture,High-capture legislative outputs,Imported rows with high lobby-capture or proposer-gain signals.,current-federal-court,Current-style federal supreme court,totalInstitutionalCost,0.439,0.438,0.439,9600,cluster-bootstrap-runs-200-95
legislative-high-capture,High-capture legislative outputs,Imported rows with high lobby-capture or proposer-gain signals.,eighteen-year-terms,Staggered 18-year nonrenewable terms,directionalScore,0.685,0.674,0.696,9600,cluster-bootstrap-runs-200-95
legislative-high-capture,High-capture legislative outputs,Imported rows with high lobby-capture or proposer-gain signals.,eighteen-year-terms,Staggered 18-year nonrenewable terms,legalStability,0.957,0.955,0.958,9600,cluster-bootstrap-runs-200-95
legislative-high-capture,High-capture legislative outputs,Imported rows with high lobby-capture or proposer-gain signals.,eighteen-year-terms,Staggered 18-year nonrenewable terms,rightsProtection,0.789,0.788,0.790,9600,cluster-bootstrap-runs-200-95
legislative-high-capture,High-capture legislative outputs,Imported rows with high lobby-capture or proposer-gain signals.,eighteen-year-terms,Staggered 18-year nonrenewable terms,partisanAlignment,0.147,0.146,0.148,9600,cluster-bootstrap-runs-200-95
legislative-high-capture,High-capture legislative outputs,Imported rows with high lobby-capture or proposer-gain signals.,eighteen-year-terms,Staggered 18-year nonrenewable terms,shadowDocketAbuse,0.004,0.003,0.004,9600,cluster-bootstrap-runs-200-95
legislative-high-capture,High-capture legislative outputs,Imported rows with high lobby-capture or proposer-gain signals.,eighteen-year-terms,Staggered 18-year nonrenewable terms,legitimacy,0.702,0.702,0.704,9600,cluster-bootstrap-runs-200-95
legislative-high-capture,High-capture legislative outputs,Imported rows with high lobby-capture or proposer-gain signals.,eighteen-year-terms,Staggered 18-year nonrenewable terms,reversalRate,0.140,0.135,0.146,9600,cluster-bootstrap-runs-200-95
legislative-high-capture,High-capture legislative outputs,Imported rows with high lobby-capture or proposer-gain signals.,eighteen-year-terms,Staggered 18-year nonrenewable terms,reviewRate,1.000,1.000,1.000,9600,cluster-bootstrap-runs-200-95
legislative-high-capture,High-capture legislative outputs,Imported rows with high lobby-capture or proposer-gain signals.,eighteen-year-terms,Staggered 18-year nonrenewable terms,intakeAcceptanceRate,0.019,0.019,0.019,501550,cluster-bootstrap-runs-200-95
legislative-high-capture,High-capture legislative outputs,Imported rows with high lobby-capture or proposer-gain signals.,eighteen-year-terms,Staggered 18-year nonrenewable terms,emergencyReliefRate,0.333,0.217,0.472,51,cluster-bootstrap-runs-200-95
legislative-high-capture,High-capture legislative outputs,Imported rows with high lobby-capture or proposer-gain signals.,eighteen-year-terms,Staggered 18-year nonrenewable terms,emergencyReasonGivingRate,0.039,0.000,0.093,51,cluster-bootstrap-runs-200-95
legislative-high-capture,High-capture legislative outputs,Imported rows with high lobby-capture or proposer-gain signals.,eighteen-year-terms,Staggered 18-year nonrenewable terms,emergencyVoteDisclosureRate,0.353,0.228,0.500,51,cluster-bootstrap-runs-200-95
legislative-high-capture,High-capture legislative outputs,Imported rows with high lobby-capture or proposer-gain signals.,eighteen-year-terms,Staggered 18-year nonrenewable terms,emergencyPublicDisagreementRate,0.471,0.333,0.600,51,cluster-bootstrap-runs-200-95
legislative-high-capture,High-capture legislative outputs,Imported rows with high lobby-capture or proposer-gain signals.,eighteen-year-terms,Staggered 18-year nonrenewable terms,governmentEmergencyWinRate,0.347,0.228,0.500,51,cluster-bootstrap-runs-200-95
legislative-high-capture,High-capture legislative outputs,Imported rows with high lobby-capture or proposer-gain signals.,eighteen-year-terms,Staggered 18-year nonrenewable terms,meritsFollowUpRate,0.000,0.000,0.000,51,cluster-bootstrap-runs-200-95
legislative-high-capture,High-capture legislative outputs,Imported rows with high lobby-capture or proposer-gain signals.,eighteen-year-terms,Staggered 18-year nonrenewable terms,meritsInvalidationRate,0.141,0.136,0.147,9549,cluster-bootstrap-runs-200-95
legislative-high-capture,High-capture legislative outputs,Imported rows with high lobby-capture or proposer-gain signals.,eighteen-year-terms,Staggered 18-year nonrenewable terms,constitutionalConflict,0.207,0.205,0.208,9600,cluster-bootstrap-runs-200-95
legislative-high-capture,High-capture legislative outputs,Imported rows with high lobby-capture or proposer-gain signals.,eighteen-year-terms,Staggered 18-year nonrenewable terms,democraticResponsiveness,0.589,0.588,0.591,9600,cluster-bootstrap-runs-200-95
legislative-high-capture,High-capture legislative outputs,Imported rows with high lobby-capture or proposer-gain signals.,eighteen-year-terms,Staggered 18-year nonrenewable terms,complianceRate,0.559,0.537,0.579,9600,cluster-bootstrap-runs-200-95
legislative-high-capture,High-capture legislative outputs,Imported rows with high lobby-capture or proposer-gain signals.,eighteen-year-terms,Staggered 18-year nonrenewable terms,publicTrust,0.117,0.112,0.124,9600,cluster-bootstrap-runs-200-95
legislative-high-capture,High-capture legislative outputs,Imported rows with high lobby-capture or proposer-gain signals.,eighteen-year-terms,Staggered 18-year nonrenewable terms,administrativeLoad,0.426,0.425,0.426,9600,cluster-bootstrap-runs-200-95
legislative-high-capture,High-capture legislative outputs,Imported rows with high lobby-capture or proposer-gain signals.,eighteen-year-terms,Staggered 18-year nonrenewable terms,directCourtCost,0.306,0.306,0.306,9600,cluster-bootstrap-runs-200-95
legislative-high-capture,High-capture legislative outputs,Imported rows with high lobby-capture or proposer-gain signals.,eighteen-year-terms,Staggered 18-year nonrenewable terms,upstreamScreeningCost,0.674,0.674,0.675,9600,cluster-bootstrap-runs-200-95
legislative-high-capture,High-capture legislative outputs,Imported rows with high lobby-capture or proposer-gain signals.,eighteen-year-terms,Staggered 18-year nonrenewable terms,capacityStrainCost,0.403,0.403,0.404,9600,cluster-bootstrap-runs-200-95
legislative-high-capture,High-capture legislative outputs,Imported rows with high lobby-capture or proposer-gain signals.,eighteen-year-terms,Staggered 18-year nonrenewable terms,institutionalBudgetCost,0.377,0.376,0.377,9600,cluster-bootstrap-runs-200-95
legislative-high-capture,High-capture legislative outputs,Imported rows with high lobby-capture or proposer-gain signals.,eighteen-year-terms,Staggered 18-year nonrenewable terms,institutionalDelayCost,0.448,0.447,0.448,9600,cluster-bootstrap-runs-200-95
legislative-high-capture,High-capture legislative outputs,Imported rows with high lobby-capture or proposer-gain signals.,eighteen-year-terms,Staggered 18-year nonrenewable terms,implementationComplexity,0.417,0.417,0.417,9600,cluster-bootstrap-runs-200-95
legislative-high-capture,High-capture legislative outputs,Imported rows with high lobby-capture or proposer-gain signals.,eighteen-year-terms,Staggered 18-year nonrenewable terms,totalInstitutionalCost,0.443,0.443,0.444,9600,cluster-bootstrap-runs-200-95
legislative-high-capture,High-capture legislative outputs,Imported rows with high lobby-capture or proposer-gain signals.,fifteen-justice-commission,Fifteen-justice supermajority commission court,directionalScore,0.764,0.722,0.805,9600,cluster-bootstrap-runs-200-95
legislative-high-capture,High-capture legislative outputs,Imported rows with high lobby-capture or proposer-gain signals.,fifteen-justice-commission,Fifteen-justice supermajority commission court,legalStability,0.969,0.968,0.970,9600,cluster-bootstrap-runs-200-95
legislative-high-capture,High-capture legislative outputs,Imported rows with high lobby-capture or proposer-gain signals.,fifteen-justice-commission,Fifteen-justice supermajority commission court,rightsProtection,0.794,0.793,0.794,9600,cluster-bootstrap-runs-200-95
legislative-high-capture,High-capture legislative outputs,Imported rows with high lobby-capture or proposer-gain signals.,fifteen-justice-commission,Fifteen-justice supermajority commission court,partisanAlignment,0.124,0.124,0.125,9600,cluster-bootstrap-runs-200-95
legislative-high-capture,High-capture legislative outputs,Imported rows with high lobby-capture or proposer-gain signals.,fifteen-justice-commission,Fifteen-justice supermajority commission court,shadowDocketAbuse,0.000,0.000,0.000,9600,cluster-bootstrap-runs-200-95
legislative-high-capture,High-capture legislative outputs,Imported rows with high lobby-capture or proposer-gain signals.,fifteen-justice-commission,Fifteen-justice supermajority commission court,legitimacy,0.757,0.756,0.758,9600,cluster-bootstrap-runs-200-95
legislative-high-capture,High-capture legislative outputs,Imported rows with high lobby-capture or proposer-gain signals.,fifteen-justice-commission,Fifteen-justice supermajority commission court,reversalRate,0.105,0.102,0.109,9600,cluster-bootstrap-runs-200-95
legislative-high-capture,High-capture legislative outputs,Imported rows with high lobby-capture or proposer-gain signals.,fifteen-justice-commission,Fifteen-justice supermajority commission court,reviewRate,1.000,1.000,1.000,9600,cluster-bootstrap-runs-200-95
legislative-high-capture,High-capture legislative outputs,Imported rows with high lobby-capture or proposer-gain signals.,fifteen-justice-commission,Fifteen-justice supermajority commission court,intakeAcceptanceRate,0.019,0.019,0.019,501827,cluster-bootstrap-runs-200-95
legislative-high-capture,High-capture legislative outputs,Imported rows with high lobby-capture or proposer-gain signals.,fifteen-justice-commission,Fifteen-justice supermajority commission court,emergencyReliefRate,0.000,0.000,0.000,7,cluster-bootstrap-runs-200-95
legislative-high-capture,High-capture legislative outputs,Imported rows with high lobby-capture or proposer-gain signals.,fifteen-justice-commission,Fifteen-justice supermajority commission court,emergencyReasonGivingRate,0.571,0.166,1.000,7,cluster-bootstrap-runs-200-95
legislative-high-capture,High-capture legislative outputs,Imported rows with high lobby-capture or proposer-gain signals.,fifteen-justice-commission,Fifteen-justice supermajority commission court,emergencyVoteDisclosureRate,0.571,0.098,1.000,7,cluster-bootstrap-runs-200-95
legislative-high-capture,High-capture legislative outputs,Imported rows with high lobby-capture or proposer-gain signals.,fifteen-justice-commission,Fifteen-justice supermajority commission court,emergencyPublicDisagreementRate,0.429,0.000,0.875,7,cluster-bootstrap-runs-200-95
legislative-high-capture,High-capture legislative outputs,Imported rows with high lobby-capture or proposer-gain signals.,fifteen-justice-commission,Fifteen-justice supermajority commission court,governmentEmergencyWinRate,0.000,0.000,0.000,7,cluster-bootstrap-runs-200-95
legislative-high-capture,High-capture legislative outputs,Imported rows with high lobby-capture or proposer-gain signals.,fifteen-justice-commission,Fifteen-justice supermajority commission court,meritsFollowUpRate,0.000,0.000,0.000,7,cluster-bootstrap-runs-200-95
legislative-high-capture,High-capture legislative outputs,Imported rows with high lobby-capture or proposer-gain signals.,fifteen-justice-commission,Fifteen-justice supermajority commission court,meritsInvalidationRate,0.105,0.102,0.109,9593,cluster-bootstrap-runs-200-95
legislative-high-capture,High-capture legislative outputs,Imported rows with high lobby-capture or proposer-gain signals.,fifteen-justice-commission,Fifteen-justice supermajority commission court,constitutionalConflict,0.198,0.197,0.199,9600,cluster-bootstrap-runs-200-95
legislative-high-capture,High-capture legislative outputs,Imported rows with high lobby-capture or proposer-gain signals.,fifteen-justice-commission,Fifteen-justice supermajority commission court,democraticResponsiveness,0.601,0.600,0.603,9600,cluster-bootstrap-runs-200-95
legislative-high-capture,High-capture legislative outputs,Imported rows with high lobby-capture or proposer-gain signals.,fifteen-justice-commission,Fifteen-justice supermajority commission court,complianceRate,0.667,0.646,0.685,9600,cluster-bootstrap-runs-200-95
legislative-high-capture,High-capture legislative outputs,Imported rows with high lobby-capture or proposer-gain signals.,fifteen-justice-commission,Fifteen-justice supermajority commission court,publicTrust,0.162,0.153,0.173,9600,cluster-bootstrap-runs-200-95
legislative-high-capture,High-capture legislative outputs,Imported rows with high lobby-capture or proposer-gain signals.,fifteen-justice-commission,Fifteen-justice supermajority commission court,administrativeLoad,0.437,0.436,0.438,9600,cluster-bootstrap-runs-200-95
legislative-high-capture,High-capture legislative outputs,Imported rows with high lobby-capture or proposer-gain signals.,fifteen-justice-commission,Fifteen-justice supermajority commission court,directCourtCost,0.360,0.360,0.360,9600,cluster-bootstrap-runs-200-95
legislative-high-capture,High-capture legislative outputs,Imported rows with high lobby-capture or proposer-gain signals.,fifteen-justice-commission,Fifteen-justice supermajority commission court,upstreamScreeningCost,0.674,0.674,0.675,9600,cluster-bootstrap-runs-200-95
legislative-high-capture,High-capture legislative outputs,Imported rows with high lobby-capture or proposer-gain signals.,fifteen-justice-commission,Fifteen-justice supermajority commission court,capacityStrainCost,0.411,0.411,0.411,9600,cluster-bootstrap-runs-200-95
legislative-high-capture,High-capture legislative outputs,Imported rows with high lobby-capture or proposer-gain signals.,fifteen-justice-commission,Fifteen-justice supermajority commission court,institutionalBudgetCost,0.432,0.431,0.432,9600,cluster-bootstrap-runs-200-95
legislative-high-capture,High-capture legislative outputs,Imported rows with high lobby-capture or proposer-gain signals.,fifteen-justice-commission,Fifteen-justice supermajority commission court,institutionalDelayCost,0.449,0.448,0.449,9600,cluster-bootstrap-runs-200-95
legislative-high-capture,High-capture legislative outputs,Imported rows with high lobby-capture or proposer-gain signals.,fifteen-justice-commission,Fifteen-justice supermajority commission court,implementationComplexity,0.440,0.440,0.440,9600,cluster-bootstrap-runs-200-95
legislative-high-capture,High-capture legislative outputs,Imported rows with high lobby-capture or proposer-gain signals.,fifteen-justice-commission,Fifteen-justice supermajority commission court,totalInstitutionalCost,0.463,0.462,0.463,9600,cluster-bootstrap-runs-200-95
legislative-high-capture,High-capture legislative outputs,Imported rows with high lobby-capture or proposer-gain signals.,supermajority-invalidation,Supermajority required to invalidate laws,directionalScore,0.769,0.747,0.793,9600,cluster-bootstrap-runs-200-95
legislative-high-capture,High-capture legislative outputs,Imported rows with high lobby-capture or proposer-gain signals.,supermajority-invalidation,Supermajority required to invalidate laws,legalStability,0.970,0.969,0.971,9600,cluster-bootstrap-runs-200-95
legislative-high-capture,High-capture legislative outputs,Imported rows with high lobby-capture or proposer-gain signals.,supermajority-invalidation,Supermajority required to invalidate laws,rightsProtection,0.792,0.792,0.793,9600,cluster-bootstrap-runs-200-95
legislative-high-capture,High-capture legislative outputs,Imported rows with high lobby-capture or proposer-gain signals.,supermajority-invalidation,Supermajority required to invalidate laws,partisanAlignment,0.144,0.143,0.144,9600,cluster-bootstrap-runs-200-95
legislative-high-capture,High-capture legislative outputs,Imported rows with high lobby-capture or proposer-gain signals.,supermajority-invalidation,Supermajority required to invalidate laws,shadowDocketAbuse,0.000,0.000,0.001,9600,cluster-bootstrap-runs-200-95
legislative-high-capture,High-capture legislative outputs,Imported rows with high lobby-capture or proposer-gain signals.,supermajority-invalidation,Supermajority required to invalidate laws,legitimacy,0.729,0.727,0.730,9600,cluster-bootstrap-runs-200-95
legislative-high-capture,High-capture legislative outputs,Imported rows with high lobby-capture or proposer-gain signals.,supermajority-invalidation,Supermajority required to invalidate laws,reversalRate,0.110,0.106,0.114,9600,cluster-bootstrap-runs-200-95
legislative-high-capture,High-capture legislative outputs,Imported rows with high lobby-capture or proposer-gain signals.,supermajority-invalidation,Supermajority required to invalidate laws,reviewRate,1.000,1.000,1.000,9600,cluster-bootstrap-runs-200-95
legislative-high-capture,High-capture legislative outputs,Imported rows with high lobby-capture or proposer-gain signals.,supermajority-invalidation,Supermajority required to invalidate laws,intakeAcceptanceRate,0.019,0.019,0.019,501811,cluster-bootstrap-runs-200-95
legislative-high-capture,High-capture legislative outputs,Imported rows with high lobby-capture or proposer-gain signals.,supermajority-invalidation,Supermajority required to invalidate laws,emergencyReliefRate,0.100,0.000,0.313,10,cluster-bootstrap-runs-200-95
legislative-high-capture,High-capture legislative outputs,Imported rows with high lobby-capture or proposer-gain signals.,supermajority-invalidation,Supermajority required to invalidate laws,emergencyReasonGivingRate,0.700,0.400,1.000,10,cluster-bootstrap-runs-200-95
legislative-high-capture,High-capture legislative outputs,Imported rows with high lobby-capture or proposer-gain signals.,supermajority-invalidation,Supermajority required to invalidate laws,emergencyVoteDisclosureRate,0.600,0.250,0.900,10,cluster-bootstrap-runs-200-95
legislative-high-capture,High-capture legislative outputs,Imported rows with high lobby-capture or proposer-gain signals.,supermajority-invalidation,Supermajority required to invalidate laws,emergencyPublicDisagreementRate,0.100,0.000,0.313,10,cluster-bootstrap-runs-200-95
legislative-high-capture,High-capture legislative outputs,Imported rows with high lobby-capture or proposer-gain signals.,supermajority-invalidation,Supermajority required to invalidate laws,governmentEmergencyWinRate,0.100,0.000,0.313,10,cluster-bootstrap-runs-200-95
legislative-high-capture,High-capture legislative outputs,Imported rows with high lobby-capture or proposer-gain signals.,supermajority-invalidation,Supermajority required to invalidate laws,meritsFollowUpRate,0.000,0.000,0.000,10,cluster-bootstrap-runs-200-95
legislative-high-capture,High-capture legislative outputs,Imported rows with high lobby-capture or proposer-gain signals.,supermajority-invalidation,Supermajority required to invalidate laws,meritsInvalidationRate,0.110,0.106,0.114,9590,cluster-bootstrap-runs-200-95
legislative-high-capture,High-capture legislative outputs,Imported rows with high lobby-capture or proposer-gain signals.,supermajority-invalidation,Supermajority required to invalidate laws,constitutionalConflict,0.199,0.198,0.200,9600,cluster-bootstrap-runs-200-95
legislative-high-capture,High-capture legislative outputs,Imported rows with high lobby-capture or proposer-gain signals.,supermajority-invalidation,Supermajority required to invalidate laws,democraticResponsiveness,0.599,0.598,0.600,9600,cluster-bootstrap-runs-200-95
legislative-high-capture,High-capture legislative outputs,Imported rows with high lobby-capture or proposer-gain signals.,supermajority-invalidation,Supermajority required to invalidate laws,complianceRate,0.643,0.620,0.661,9600,cluster-bootstrap-runs-200-95
legislative-high-capture,High-capture legislative outputs,Imported rows with high lobby-capture or proposer-gain signals.,supermajority-invalidation,Supermajority required to invalidate laws,publicTrust,0.140,0.132,0.148,9600,cluster-bootstrap-runs-200-95
legislative-high-capture,High-capture legislative outputs,Imported rows with high lobby-capture or proposer-gain signals.,supermajority-invalidation,Supermajority required to invalidate laws,administrativeLoad,0.417,0.417,0.418,9600,cluster-bootstrap-runs-200-95
legislative-high-capture,High-capture legislative outputs,Imported rows with high lobby-capture or proposer-gain signals.,supermajority-invalidation,Supermajority required to invalidate laws,directCourtCost,0.301,0.301,0.301,9600,cluster-bootstrap-runs-200-95
legislative-high-capture,High-capture legislative outputs,Imported rows with high lobby-capture or proposer-gain signals.,supermajority-invalidation,Supermajority required to invalidate laws,upstreamScreeningCost,0.674,0.674,0.675,9600,cluster-bootstrap-runs-200-95
legislative-high-capture,High-capture legislative outputs,Imported rows with high lobby-capture or proposer-gain signals.,supermajority-invalidation,Supermajority required to invalidate laws,capacityStrainCost,0.389,0.389,0.389,9600,cluster-bootstrap-runs-200-95
legislative-high-capture,High-capture legislative outputs,Imported rows with high lobby-capture or proposer-gain signals.,supermajority-invalidation,Supermajority required to invalidate laws,institutionalBudgetCost,0.372,0.372,0.372,9600,cluster-bootstrap-runs-200-95
legislative-high-capture,High-capture legislative outputs,Imported rows with high lobby-capture or proposer-gain signals.,supermajority-invalidation,Supermajority required to invalidate laws,institutionalDelayCost,0.446,0.446,0.447,9600,cluster-bootstrap-runs-200-95
legislative-high-capture,High-capture legislative outputs,Imported rows with high lobby-capture or proposer-gain signals.,supermajority-invalidation,Supermajority required to invalidate laws,implementationComplexity,0.476,0.476,0.476,9600,cluster-bootstrap-runs-200-95
legislative-high-capture,High-capture legislative outputs,Imported rows with high lobby-capture or proposer-gain signals.,supermajority-invalidation,Supermajority required to invalidate laws,totalInstitutionalCost,0.449,0.449,0.449,9600,cluster-bootstrap-runs-200-95
legislative-high-capture,High-capture legislative outputs,Imported rows with high lobby-capture or proposer-gain signals.,strict-recusal-court,Strict recusal with substitute justices,directionalScore,0.750,0.710,0.786,9600,cluster-bootstrap-runs-200-95
legislative-high-capture,High-capture legislative outputs,Imported rows with high lobby-capture or proposer-gain signals.,strict-recusal-court,Strict recusal with substitute justices,legalStability,0.971,0.970,0.971,9600,cluster-bootstrap-runs-200-95
legislative-high-capture,High-capture legislative outputs,Imported rows with high lobby-capture or proposer-gain signals.,strict-recusal-court,Strict recusal with substitute justices,rightsProtection,0.795,0.794,0.795,9600,cluster-bootstrap-runs-200-95
legislative-high-capture,High-capture legislative outputs,Imported rows with high lobby-capture or proposer-gain signals.,strict-recusal-court,Strict recusal with substitute justices,partisanAlignment,0.123,0.123,0.124,9600,cluster-bootstrap-runs-200-95
legislative-high-capture,High-capture legislative outputs,Imported rows with high lobby-capture or proposer-gain signals.,strict-recusal-court,Strict recusal with substitute justices,shadowDocketAbuse,0.000,0.000,0.000,9600,cluster-bootstrap-runs-200-95
legislative-high-capture,High-capture legislative outputs,Imported rows with high lobby-capture or proposer-gain signals.,strict-recusal-court,Strict recusal with substitute justices,legitimacy,0.779,0.777,0.781,9600,cluster-bootstrap-runs-200-95
legislative-high-capture,High-capture legislative outputs,Imported rows with high lobby-capture or proposer-gain signals.,strict-recusal-court,Strict recusal with substitute justices,reversalRate,0.095,0.092,0.098,9600,cluster-bootstrap-runs-200-95
legislative-high-capture,High-capture legislative outputs,Imported rows with high lobby-capture or proposer-gain signals.,strict-recusal-court,Strict recusal with substitute justices,reviewRate,1.000,1.000,1.000,9600,cluster-bootstrap-runs-200-95
legislative-high-capture,High-capture legislative outputs,Imported rows with high lobby-capture or proposer-gain signals.,strict-recusal-court,Strict recusal with substitute justices,intakeAcceptanceRate,0.019,0.019,0.019,501830,cluster-bootstrap-runs-200-95
legislative-high-capture,High-capture legislative outputs,Imported rows with high lobby-capture or proposer-gain signals.,strict-recusal-court,Strict recusal with substitute justices,emergencyReliefRate,0.000,0.000,0.000,7,cluster-bootstrap-runs-200-95
legislative-high-capture,High-capture legislative outputs,Imported rows with high lobby-capture or proposer-gain signals.,strict-recusal-court,Strict recusal with substitute justices,emergencyReasonGivingRate,0.429,0.000,0.875,7,cluster-bootstrap-runs-200-95
legislative-high-capture,High-capture legislative outputs,Imported rows with high lobby-capture or proposer-gain signals.,strict-recusal-court,Strict recusal with substitute justices,emergencyVoteDisclosureRate,0.286,0.000,0.667,7,cluster-bootstrap-runs-200-95
legislative-high-capture,High-capture legislative outputs,Imported rows with high lobby-capture or proposer-gain signals.,strict-recusal-court,Strict recusal with substitute justices,emergencyPublicDisagreementRate,0.429,0.000,0.801,7,cluster-bootstrap-runs-200-95
legislative-high-capture,High-capture legislative outputs,Imported rows with high lobby-capture or proposer-gain signals.,strict-recusal-court,Strict recusal with substitute justices,governmentEmergencyWinRate,0.000,0.000,0.000,7,cluster-bootstrap-runs-200-95
legislative-high-capture,High-capture legislative outputs,Imported rows with high lobby-capture or proposer-gain signals.,strict-recusal-court,Strict recusal with substitute justices,meritsFollowUpRate,0.000,0.000,0.000,7,cluster-bootstrap-runs-200-95
legislative-high-capture,High-capture legislative outputs,Imported rows with high lobby-capture or proposer-gain signals.,strict-recusal-court,Strict recusal with substitute justices,meritsInvalidationRate,0.095,0.092,0.098,9593,cluster-bootstrap-runs-200-95
legislative-high-capture,High-capture legislative outputs,Imported rows with high lobby-capture or proposer-gain signals.,strict-recusal-court,Strict recusal with substitute justices,constitutionalConflict,0.196,0.195,0.196,9600,cluster-bootstrap-runs-200-95
legislative-high-capture,High-capture legislative outputs,Imported rows with high lobby-capture or proposer-gain signals.,strict-recusal-court,Strict recusal with substitute justices,democraticResponsiveness,0.604,0.603,0.605,9600,cluster-bootstrap-runs-200-95
legislative-high-capture,High-capture legislative outputs,Imported rows with high lobby-capture or proposer-gain signals.,strict-recusal-court,Strict recusal with substitute justices,complianceRate,0.675,0.654,0.694,9600,cluster-bootstrap-runs-200-95
legislative-high-capture,High-capture legislative outputs,Imported rows with high lobby-capture or proposer-gain signals.,strict-recusal-court,Strict recusal with substitute justices,publicTrust,0.185,0.173,0.199,9600,cluster-bootstrap-runs-200-95
legislative-high-capture,High-capture legislative outputs,Imported rows with high lobby-capture or proposer-gain signals.,strict-recusal-court,Strict recusal with substitute justices,administrativeLoad,0.438,0.437,0.438,9600,cluster-bootstrap-runs-200-95
legislative-high-capture,High-capture legislative outputs,Imported rows with high lobby-capture or proposer-gain signals.,strict-recusal-court,Strict recusal with substitute justices,directCourtCost,0.359,0.359,0.359,9600,cluster-bootstrap-runs-200-95
legislative-high-capture,High-capture legislative outputs,Imported rows with high lobby-capture or proposer-gain signals.,strict-recusal-court,Strict recusal with substitute justices,upstreamScreeningCost,0.674,0.674,0.675,9600,cluster-bootstrap-runs-200-95
legislative-high-capture,High-capture legislative outputs,Imported rows with high lobby-capture or proposer-gain signals.,strict-recusal-court,Strict recusal with substitute justices,capacityStrainCost,0.411,0.411,0.411,9600,cluster-bootstrap-runs-200-95
legislative-high-capture,High-capture legislative outputs,Imported rows with high lobby-capture or proposer-gain signals.,strict-recusal-court,Strict recusal with substitute justices,institutionalBudgetCost,0.431,0.430,0.431,9600,cluster-bootstrap-runs-200-95
legislative-high-capture,High-capture legislative outputs,Imported rows with high lobby-capture or proposer-gain signals.,strict-recusal-court,Strict recusal with substitute justices,institutionalDelayCost,0.449,0.448,0.449,9600,cluster-bootstrap-runs-200-95
legislative-high-capture,High-capture legislative outputs,Imported rows with high lobby-capture or proposer-gain signals.,strict-recusal-court,Strict recusal with substitute justices,implementationComplexity,0.474,0.474,0.474,9600,cluster-bootstrap-runs-200-95
legislative-high-capture,High-capture legislative outputs,Imported rows with high lobby-capture or proposer-gain signals.,strict-recusal-court,Strict recusal with substitute justices,totalInstitutionalCost,0.468,0.468,0.468,9600,cluster-bootstrap-runs-200-95
legislative-high-capture,High-capture legislative outputs,Imported rows with high lobby-capture or proposer-gain signals.,reasoned-emergency-review,Reasoned emergency orders with merits follow-up,directionalScore,0.748,0.689,0.804,9600,cluster-bootstrap-runs-200-95
legislative-high-capture,High-capture legislative outputs,Imported rows with high lobby-capture or proposer-gain signals.,reasoned-emergency-review,Reasoned emergency orders with merits follow-up,legalStability,0.958,0.957,0.959,9600,cluster-bootstrap-runs-200-95
legislative-high-capture,High-capture legislative outputs,Imported rows with high lobby-capture or proposer-gain signals.,reasoned-emergency-review,Reasoned emergency orders with merits follow-up,rightsProtection,0.788,0.787,0.789,9600,cluster-bootstrap-runs-200-95
legislative-high-capture,High-capture legislative outputs,Imported rows with high lobby-capture or proposer-gain signals.,reasoned-emergency-review,Reasoned emergency orders with merits follow-up,partisanAlignment,0.138,0.137,0.138,9600,cluster-bootstrap-runs-200-95
legislative-high-capture,High-capture legislative outputs,Imported rows with high lobby-capture or proposer-gain signals.,reasoned-emergency-review,Reasoned emergency orders with merits follow-up,shadowDocketAbuse,0.000,0.000,0.000,9600,cluster-bootstrap-runs-200-95
legislative-high-capture,High-capture legislative outputs,Imported rows with high lobby-capture or proposer-gain signals.,reasoned-emergency-review,Reasoned emergency orders with merits follow-up,legitimacy,0.772,0.770,0.773,9600,cluster-bootstrap-runs-200-95
legislative-high-capture,High-capture legislative outputs,Imported rows with high lobby-capture or proposer-gain signals.,reasoned-emergency-review,Reasoned emergency orders with merits follow-up,reversalRate,0.154,0.148,0.158,9600,cluster-bootstrap-runs-200-95
legislative-high-capture,High-capture legislative outputs,Imported rows with high lobby-capture or proposer-gain signals.,reasoned-emergency-review,Reasoned emergency orders with merits follow-up,reviewRate,1.000,1.000,1.000,9600,cluster-bootstrap-runs-200-95
legislative-high-capture,High-capture legislative outputs,Imported rows with high lobby-capture or proposer-gain signals.,reasoned-emergency-review,Reasoned emergency orders with merits follow-up,intakeAcceptanceRate,0.019,0.019,0.019,501851,cluster-bootstrap-runs-200-95
legislative-high-capture,High-capture legislative outputs,Imported rows with high lobby-capture or proposer-gain signals.,reasoned-emergency-review,Reasoned emergency orders with merits follow-up,emergencyReliefRate,0.000,0.000,0.000,4,cluster-bootstrap-runs-200-95
legislative-high-capture,High-capture legislative outputs,Imported rows with high lobby-capture or proposer-gain signals.,reasoned-emergency-review,Reasoned emergency orders with merits follow-up,emergencyReasonGivingRate,0.500,0.000,1.000,4,cluster-bootstrap-runs-200-95
legislative-high-capture,High-capture legislative outputs,Imported rows with high lobby-capture or proposer-gain signals.,reasoned-emergency-review,Reasoned emergency orders with merits follow-up,emergencyVoteDisclosureRate,0.500,0.000,1.000,4,cluster-bootstrap-runs-200-95
legislative-high-capture,High-capture legislative outputs,Imported rows with high lobby-capture or proposer-gain signals.,reasoned-emergency-review,Reasoned emergency orders with merits follow-up,emergencyPublicDisagreementRate,0.250,0.000,0.800,4,cluster-bootstrap-runs-200-95
legislative-high-capture,High-capture legislative outputs,Imported rows with high lobby-capture or proposer-gain signals.,reasoned-emergency-review,Reasoned emergency orders with merits follow-up,governmentEmergencyWinRate,0.000,0.000,0.000,4,cluster-bootstrap-runs-200-95
legislative-high-capture,High-capture legislative outputs,Imported rows with high lobby-capture or proposer-gain signals.,reasoned-emergency-review,Reasoned emergency orders with merits follow-up,meritsFollowUpRate,1.000,1.000,1.000,4,cluster-bootstrap-runs-200-95
legislative-high-capture,High-capture legislative outputs,Imported rows with high lobby-capture or proposer-gain signals.,reasoned-emergency-review,Reasoned emergency orders with merits follow-up,meritsInvalidationRate,0.154,0.148,0.158,9600,cluster-bootstrap-runs-200-95
legislative-high-capture,High-capture legislative outputs,Imported rows with high lobby-capture or proposer-gain signals.,reasoned-emergency-review,Reasoned emergency orders with merits follow-up,constitutionalConflict,0.209,0.207,0.210,9600,cluster-bootstrap-runs-200-95
legislative-high-capture,High-capture legislative outputs,Imported rows with high lobby-capture or proposer-gain signals.,reasoned-emergency-review,Reasoned emergency orders with merits follow-up,democraticResponsiveness,0.586,0.584,0.588,9600,cluster-bootstrap-runs-200-95
legislative-high-capture,High-capture legislative outputs,Imported rows with high lobby-capture or proposer-gain signals.,reasoned-emergency-review,Reasoned emergency orders with merits follow-up,complianceRate,0.624,0.599,0.649,9600,cluster-bootstrap-runs-200-95
legislative-high-capture,High-capture legislative outputs,Imported rows with high lobby-capture or proposer-gain signals.,reasoned-emergency-review,Reasoned emergency orders with merits follow-up,publicTrust,0.148,0.139,0.159,9600,cluster-bootstrap-runs-200-95
legislative-high-capture,High-capture legislative outputs,Imported rows with high lobby-capture or proposer-gain signals.,reasoned-emergency-review,Reasoned emergency orders with merits follow-up,administrativeLoad,0.430,0.429,0.430,9600,cluster-bootstrap-runs-200-95
legislative-high-capture,High-capture legislative outputs,Imported rows with high lobby-capture or proposer-gain signals.,reasoned-emergency-review,Reasoned emergency orders with merits follow-up,directCourtCost,0.307,0.307,0.307,9600,cluster-bootstrap-runs-200-95
legislative-high-capture,High-capture legislative outputs,Imported rows with high lobby-capture or proposer-gain signals.,reasoned-emergency-review,Reasoned emergency orders with merits follow-up,upstreamScreeningCost,0.674,0.674,0.675,9600,cluster-bootstrap-runs-200-95
legislative-high-capture,High-capture legislative outputs,Imported rows with high lobby-capture or proposer-gain signals.,reasoned-emergency-review,Reasoned emergency orders with merits follow-up,capacityStrainCost,0.404,0.404,0.404,9600,cluster-bootstrap-runs-200-95
legislative-high-capture,High-capture legislative outputs,Imported rows with high lobby-capture or proposer-gain signals.,reasoned-emergency-review,Reasoned emergency orders with merits follow-up,institutionalBudgetCost,0.378,0.377,0.378,9600,cluster-bootstrap-runs-200-95
legislative-high-capture,High-capture legislative outputs,Imported rows with high lobby-capture or proposer-gain signals.,reasoned-emergency-review,Reasoned emergency orders with merits follow-up,institutionalDelayCost,0.448,0.447,0.448,9600,cluster-bootstrap-runs-200-95
legislative-high-capture,High-capture legislative outputs,Imported rows with high lobby-capture or proposer-gain signals.,reasoned-emergency-review,Reasoned emergency orders with merits follow-up,implementationComplexity,0.472,0.472,0.472,9600,cluster-bootstrap-runs-200-95
legislative-high-capture,High-capture legislative outputs,Imported rows with high lobby-capture or proposer-gain signals.,reasoned-emergency-review,Reasoned emergency orders with merits follow-up,totalInstitutionalCost,0.453,0.453,0.453,9600,cluster-bootstrap-runs-200-95
legislative-high-capture,High-capture legislative outputs,Imported rows with high lobby-capture or proposer-gain signals.,panel-en-banc-review,Panel review with en banc safety valve,directionalScore,0.781,0.755,0.809,9600,cluster-bootstrap-runs-200-95
legislative-high-capture,High-capture legislative outputs,Imported rows with high lobby-capture or proposer-gain signals.,panel-en-banc-review,Panel review with en banc safety valve,legalStability,0.967,0.966,0.967,9600,cluster-bootstrap-runs-200-95
legislative-high-capture,High-capture legislative outputs,Imported rows with high lobby-capture or proposer-gain signals.,panel-en-banc-review,Panel review with en banc safety valve,rightsProtection,0.793,0.792,0.794,9600,cluster-bootstrap-runs-200-95
legislative-high-capture,High-capture legislative outputs,Imported rows with high lobby-capture or proposer-gain signals.,panel-en-banc-review,Panel review with en banc safety valve,partisanAlignment,0.123,0.122,0.124,9600,cluster-bootstrap-runs-200-95
legislative-high-capture,High-capture legislative outputs,Imported rows with high lobby-capture or proposer-gain signals.,panel-en-banc-review,Panel review with en banc safety valve,shadowDocketAbuse,0.000,0.000,0.000,9600,cluster-bootstrap-runs-200-95
legislative-high-capture,High-capture legislative outputs,Imported rows with high lobby-capture or proposer-gain signals.,panel-en-banc-review,Panel review with en banc safety valve,legitimacy,0.769,0.768,0.770,9600,cluster-bootstrap-runs-200-95
legislative-high-capture,High-capture legislative outputs,Imported rows with high lobby-capture or proposer-gain signals.,panel-en-banc-review,Panel review with en banc safety valve,reversalRate,0.115,0.112,0.119,9600,cluster-bootstrap-runs-200-95
legislative-high-capture,High-capture legislative outputs,Imported rows with high lobby-capture or proposer-gain signals.,panel-en-banc-review,Panel review with en banc safety valve,reviewRate,1.000,1.000,1.000,9600,cluster-bootstrap-runs-200-95
legislative-high-capture,High-capture legislative outputs,Imported rows with high lobby-capture or proposer-gain signals.,panel-en-banc-review,Panel review with en banc safety valve,intakeAcceptanceRate,0.019,0.019,0.019,501828,cluster-bootstrap-runs-200-95
legislative-high-capture,High-capture legislative outputs,Imported rows with high lobby-capture or proposer-gain signals.,panel-en-banc-review,Panel review with en banc safety valve,emergencyReliefRate,0.000,0.000,0.000,7,cluster-bootstrap-runs-200-95
legislative-high-capture,High-capture legislative outputs,Imported rows with high lobby-capture or proposer-gain signals.,panel-en-banc-review,Panel review with en banc safety valve,emergencyReasonGivingRate,0.714,0.374,1.000,7,cluster-bootstrap-runs-200-95
legislative-high-capture,High-capture legislative outputs,Imported rows with high lobby-capture or proposer-gain signals.,panel-en-banc-review,Panel review with en banc safety valve,emergencyVoteDisclosureRate,0.714,0.399,1.000,7,cluster-bootstrap-runs-200-95
legislative-high-capture,High-capture legislative outputs,Imported rows with high lobby-capture or proposer-gain signals.,panel-en-banc-review,Panel review with en banc safety valve,emergencyPublicDisagreementRate,0.143,0.000,0.500,7,cluster-bootstrap-runs-200-95
legislative-high-capture,High-capture legislative outputs,Imported rows with high lobby-capture or proposer-gain signals.,panel-en-banc-review,Panel review with en banc safety valve,governmentEmergencyWinRate,0.000,0.000,0.000,7,cluster-bootstrap-runs-200-95
legislative-high-capture,High-capture legislative outputs,Imported rows with high lobby-capture or proposer-gain signals.,panel-en-banc-review,Panel review with en banc safety valve,meritsFollowUpRate,0.000,0.000,0.000,7,cluster-bootstrap-runs-200-95
legislative-high-capture,High-capture legislative outputs,Imported rows with high lobby-capture or proposer-gain signals.,panel-en-banc-review,Panel review with en banc safety valve,meritsInvalidationRate,0.115,0.112,0.119,9593,cluster-bootstrap-runs-200-95
legislative-high-capture,High-capture legislative outputs,Imported rows with high lobby-capture or proposer-gain signals.,panel-en-banc-review,Panel review with en banc safety valve,constitutionalConflict,0.200,0.199,0.201,9600,cluster-bootstrap-runs-200-95
legislative-high-capture,High-capture legislative outputs,Imported rows with high lobby-capture or proposer-gain signals.,panel-en-banc-review,Panel review with en banc safety valve,democraticResponsiveness,0.598,0.597,0.600,9600,cluster-bootstrap-runs-200-95
legislative-high-capture,High-capture legislative outputs,Imported rows with high lobby-capture or proposer-gain signals.,panel-en-banc-review,Panel review with en banc safety valve,complianceRate,0.649,0.631,0.669,9600,cluster-bootstrap-runs-200-95
legislative-high-capture,High-capture legislative outputs,Imported rows with high lobby-capture or proposer-gain signals.,panel-en-banc-review,Panel review with en banc safety valve,publicTrust,0.158,0.149,0.167,9600,cluster-bootstrap-runs-200-95
legislative-high-capture,High-capture legislative outputs,Imported rows with high lobby-capture or proposer-gain signals.,panel-en-banc-review,Panel review with en banc safety valve,administrativeLoad,0.526,0.524,0.528,9600,cluster-bootstrap-runs-200-95
legislative-high-capture,High-capture legislative outputs,Imported rows with high lobby-capture or proposer-gain signals.,panel-en-banc-review,Panel review with en banc safety valve,directCourtCost,0.409,0.409,0.410,9600,cluster-bootstrap-runs-200-95
legislative-high-capture,High-capture legislative outputs,Imported rows with high lobby-capture or proposer-gain signals.,panel-en-banc-review,Panel review with en banc safety valve,upstreamScreeningCost,0.674,0.674,0.675,9600,cluster-bootstrap-runs-200-95
legislative-high-capture,High-capture legislative outputs,Imported rows with high lobby-capture or proposer-gain signals.,panel-en-banc-review,Panel review with en banc safety valve,capacityStrainCost,0.427,0.427,0.427,9600,cluster-bootstrap-runs-200-95
legislative-high-capture,High-capture legislative outputs,Imported rows with high lobby-capture or proposer-gain signals.,panel-en-banc-review,Panel review with en banc safety valve,institutionalBudgetCost,0.479,0.479,0.479,9600,cluster-bootstrap-runs-200-95
legislative-high-capture,High-capture legislative outputs,Imported rows with high lobby-capture or proposer-gain signals.,panel-en-banc-review,Panel review with en banc safety valve,institutionalDelayCost,0.486,0.485,0.487,9600,cluster-bootstrap-runs-200-95
legislative-high-capture,High-capture legislative outputs,Imported rows with high lobby-capture or proposer-gain signals.,panel-en-banc-review,Panel review with en banc safety valve,implementationComplexity,0.452,0.451,0.452,9600,cluster-bootstrap-runs-200-95
legislative-high-capture,High-capture legislative outputs,Imported rows with high lobby-capture or proposer-gain signals.,panel-en-banc-review,Panel review with en banc safety valve,totalInstitutionalCost,0.487,0.486,0.487,9600,cluster-bootstrap-runs-200-95
legislative-high-capture,High-capture legislative outputs,Imported rows with high lobby-capture or proposer-gain signals.,dual-cross-checking-courts,Dual supreme courts with cross-checking invalidations,directionalScore,0.764,0.719,0.766,9600,cluster-bootstrap-runs-200-95
legislative-high-capture,High-capture legislative outputs,Imported rows with high lobby-capture or proposer-gain signals.,dual-cross-checking-courts,Dual supreme courts with cross-checking invalidations,legalStability,0.976,0.975,0.976,9600,cluster-bootstrap-runs-200-95
legislative-high-capture,High-capture legislative outputs,Imported rows with high lobby-capture or proposer-gain signals.,dual-cross-checking-courts,Dual supreme courts with cross-checking invalidations,rightsProtection,0.796,0.795,0.796,9600,cluster-bootstrap-runs-200-95
legislative-high-capture,High-capture legislative outputs,Imported rows with high lobby-capture or proposer-gain signals.,dual-cross-checking-courts,Dual supreme courts with cross-checking invalidations,partisanAlignment,0.112,0.111,0.112,9600,cluster-bootstrap-runs-200-95
legislative-high-capture,High-capture legislative outputs,Imported rows with high lobby-capture or proposer-gain signals.,dual-cross-checking-courts,Dual supreme courts with cross-checking invalidations,shadowDocketAbuse,0.000,0.000,0.000,9600,cluster-bootstrap-runs-200-95
legislative-high-capture,High-capture legislative outputs,Imported rows with high lobby-capture or proposer-gain signals.,dual-cross-checking-courts,Dual supreme courts with cross-checking invalidations,legitimacy,0.790,0.788,0.791,9600,cluster-bootstrap-runs-200-95
legislative-high-capture,High-capture legislative outputs,Imported rows with high lobby-capture or proposer-gain signals.,dual-cross-checking-courts,Dual supreme courts with cross-checking invalidations,reversalRate,0.077,0.074,0.079,9600,cluster-bootstrap-runs-200-95
legislative-high-capture,High-capture legislative outputs,Imported rows with high lobby-capture or proposer-gain signals.,dual-cross-checking-courts,Dual supreme courts with cross-checking invalidations,reviewRate,1.000,1.000,1.000,9600,cluster-bootstrap-runs-200-95
legislative-high-capture,High-capture legislative outputs,Imported rows with high lobby-capture or proposer-gain signals.,dual-cross-checking-courts,Dual supreme courts with cross-checking invalidations,intakeAcceptanceRate,0.019,0.019,0.019,501872,cluster-bootstrap-runs-200-95
legislative-high-capture,High-capture legislative outputs,Imported rows with high lobby-capture or proposer-gain signals.,dual-cross-checking-courts,Dual supreme courts with cross-checking invalidations,emergencyReliefRate,0.000,0.000,0.000,1,cluster-bootstrap-runs-200-95
legislative-high-capture,High-capture legislative outputs,Imported rows with high lobby-capture or proposer-gain signals.,dual-cross-checking-courts,Dual supreme courts with cross-checking invalidations,emergencyReasonGivingRate,0.000,0.000,0.000,1,cluster-bootstrap-runs-200-95
legislative-high-capture,High-capture legislative outputs,Imported rows with high lobby-capture or proposer-gain signals.,dual-cross-checking-courts,Dual supreme courts with cross-checking invalidations,emergencyVoteDisclosureRate,1.000,0.000,1.000,1,cluster-bootstrap-runs-200-95
legislative-high-capture,High-capture legislative outputs,Imported rows with high lobby-capture or proposer-gain signals.,dual-cross-checking-courts,Dual supreme courts with cross-checking invalidations,emergencyPublicDisagreementRate,0.000,0.000,0.000,1,cluster-bootstrap-runs-200-95
legislative-high-capture,High-capture legislative outputs,Imported rows with high lobby-capture or proposer-gain signals.,dual-cross-checking-courts,Dual supreme courts with cross-checking invalidations,governmentEmergencyWinRate,0.000,0.000,0.000,1,cluster-bootstrap-runs-200-95
legislative-high-capture,High-capture legislative outputs,Imported rows with high lobby-capture or proposer-gain signals.,dual-cross-checking-courts,Dual supreme courts with cross-checking invalidations,meritsFollowUpRate,1.000,0.000,1.000,1,cluster-bootstrap-runs-200-95
legislative-high-capture,High-capture legislative outputs,Imported rows with high lobby-capture or proposer-gain signals.,dual-cross-checking-courts,Dual supreme courts with cross-checking invalidations,meritsInvalidationRate,0.077,0.074,0.079,9600,cluster-bootstrap-runs-200-95
legislative-high-capture,High-capture legislative outputs,Imported rows with high lobby-capture or proposer-gain signals.,dual-cross-checking-courts,Dual supreme courts with cross-checking invalidations,constitutionalConflict,0.205,0.204,0.206,9600,cluster-bootstrap-runs-200-95
legislative-high-capture,High-capture legislative outputs,Imported rows with high lobby-capture or proposer-gain signals.,dual-cross-checking-courts,Dual supreme courts with cross-checking invalidations,democraticResponsiveness,0.609,0.609,0.610,9600,cluster-bootstrap-runs-200-95
legislative-high-capture,High-capture legislative outputs,Imported rows with high lobby-capture or proposer-gain signals.,dual-cross-checking-courts,Dual supreme courts with cross-checking invalidations,complianceRate,0.702,0.687,0.716,9600,cluster-bootstrap-runs-200-95
legislative-high-capture,High-capture legislative outputs,Imported rows with high lobby-capture or proposer-gain signals.,dual-cross-checking-courts,Dual supreme courts with cross-checking invalidations,publicTrust,0.181,0.172,0.191,9600,cluster-bootstrap-runs-200-95
legislative-high-capture,High-capture legislative outputs,Imported rows with high lobby-capture or proposer-gain signals.,dual-cross-checking-courts,Dual supreme courts with cross-checking invalidations,administrativeLoad,0.827,0.827,0.828,9600,cluster-bootstrap-runs-200-95
legislative-high-capture,High-capture legislative outputs,Imported rows with high lobby-capture or proposer-gain signals.,dual-cross-checking-courts,Dual supreme courts with cross-checking invalidations,directCourtCost,0.515,0.515,0.515,9600,cluster-bootstrap-runs-200-95
legislative-high-capture,High-capture legislative outputs,Imported rows with high lobby-capture or proposer-gain signals.,dual-cross-checking-courts,Dual supreme courts with cross-checking invalidations,upstreamScreeningCost,0.674,0.674,0.675,9600,cluster-bootstrap-runs-200-95
legislative-high-capture,High-capture legislative outputs,Imported rows with high lobby-capture or proposer-gain signals.,dual-cross-checking-courts,Dual supreme courts with cross-checking invalidations,capacityStrainCost,0.561,0.561,0.561,9600,cluster-bootstrap-runs-200-95
legislative-high-capture,High-capture legislative outputs,Imported rows with high lobby-capture or proposer-gain signals.,dual-cross-checking-courts,Dual supreme courts with cross-checking invalidations,institutionalBudgetCost,0.578,0.578,0.578,9600,cluster-bootstrap-runs-200-95
legislative-high-capture,High-capture legislative outputs,Imported rows with high lobby-capture or proposer-gain signals.,dual-cross-checking-courts,Dual supreme courts with cross-checking invalidations,institutionalDelayCost,0.574,0.573,0.574,9600,cluster-bootstrap-runs-200-95
legislative-high-capture,High-capture legislative outputs,Imported rows with high lobby-capture or proposer-gain signals.,dual-cross-checking-courts,Dual supreme courts with cross-checking invalidations,implementationComplexity,0.609,0.609,0.609,9600,cluster-bootstrap-runs-200-95
legislative-high-capture,High-capture legislative outputs,Imported rows with high lobby-capture or proposer-gain signals.,dual-cross-checking-courts,Dual supreme courts with cross-checking invalidations,totalInstitutionalCost,0.583,0.582,0.583,9600,cluster-bootstrap-runs-200-95
legislative-high-capture,High-capture legislative outputs,Imported rows with high lobby-capture or proposer-gain signals.,constitutional-council,Pre-enactment constitutional council,directionalScore,0.783,0.762,0.811,9600,cluster-bootstrap-runs-200-95
legislative-high-capture,High-capture legislative outputs,Imported rows with high lobby-capture or proposer-gain signals.,constitutional-council,Pre-enactment constitutional council,legalStability,0.989,0.989,0.990,9600,cluster-bootstrap-runs-200-95
legislative-high-capture,High-capture legislative outputs,Imported rows with high lobby-capture or proposer-gain signals.,constitutional-council,Pre-enactment constitutional council,rightsProtection,0.796,0.795,0.797,9600,cluster-bootstrap-runs-200-95
legislative-high-capture,High-capture legislative outputs,Imported rows with high lobby-capture or proposer-gain signals.,constitutional-council,Pre-enactment constitutional council,partisanAlignment,0.103,0.103,0.104,9600,cluster-bootstrap-runs-200-95
legislative-high-capture,High-capture legislative outputs,Imported rows with high lobby-capture or proposer-gain signals.,constitutional-council,Pre-enactment constitutional council,shadowDocketAbuse,0.000,0.000,0.000,9600,cluster-bootstrap-runs-200-95
legislative-high-capture,High-capture legislative outputs,Imported rows with high lobby-capture or proposer-gain signals.,constitutional-council,Pre-enactment constitutional council,legitimacy,0.815,0.812,0.819,9600,cluster-bootstrap-runs-200-95
legislative-high-capture,High-capture legislative outputs,Imported rows with high lobby-capture or proposer-gain signals.,constitutional-council,Pre-enactment constitutional council,reversalRate,0.060,0.057,0.063,9600,cluster-bootstrap-runs-200-95
legislative-high-capture,High-capture legislative outputs,Imported rows with high lobby-capture or proposer-gain signals.,constitutional-council,Pre-enactment constitutional council,reviewRate,1.000,1.000,1.000,9600,cluster-bootstrap-runs-200-95
legislative-high-capture,High-capture legislative outputs,Imported rows with high lobby-capture or proposer-gain signals.,constitutional-council,Pre-enactment constitutional council,intakeAcceptanceRate,0.019,0.019,0.019,501819,cluster-bootstrap-runs-200-95
legislative-high-capture,High-capture legislative outputs,Imported rows with high lobby-capture or proposer-gain signals.,constitutional-council,Pre-enactment constitutional council,emergencyReliefRate,0.000,0.000,0.000,9,cluster-bootstrap-runs-200-95
legislative-high-capture,High-capture legislative outputs,Imported rows with high lobby-capture or proposer-gain signals.,constitutional-council,Pre-enactment constitutional council,emergencyReasonGivingRate,0.556,0.250,0.903,9,cluster-bootstrap-runs-200-95
legislative-high-capture,High-capture legislative outputs,Imported rows with high lobby-capture or proposer-gain signals.,constitutional-council,Pre-enactment constitutional council,emergencyVoteDisclosureRate,0.444,0.111,0.858,9,cluster-bootstrap-runs-200-95
legislative-high-capture,High-capture legislative outputs,Imported rows with high lobby-capture or proposer-gain signals.,constitutional-council,Pre-enactment constitutional council,emergencyPublicDisagreementRate,0.111,0.000,0.333,9,cluster-bootstrap-runs-200-95
legislative-high-capture,High-capture legislative outputs,Imported rows with high lobby-capture or proposer-gain signals.,constitutional-council,Pre-enactment constitutional council,governmentEmergencyWinRate,0.000,0.000,0.000,9,cluster-bootstrap-runs-200-95
legislative-high-capture,High-capture legislative outputs,Imported rows with high lobby-capture or proposer-gain signals.,constitutional-council,Pre-enactment constitutional council,meritsFollowUpRate,0.000,0.000,0.000,9,cluster-bootstrap-runs-200-95
legislative-high-capture,High-capture legislative outputs,Imported rows with high lobby-capture or proposer-gain signals.,constitutional-council,Pre-enactment constitutional council,meritsInvalidationRate,0.060,0.057,0.063,9591,cluster-bootstrap-runs-200-95
legislative-high-capture,High-capture legislative outputs,Imported rows with high lobby-capture or proposer-gain signals.,constitutional-council,Pre-enactment constitutional council,constitutionalConflict,0.188,0.187,0.189,9600,cluster-bootstrap-runs-200-95
legislative-high-capture,High-capture legislative outputs,Imported rows with high lobby-capture or proposer-gain signals.,constitutional-council,Pre-enactment constitutional council,democraticResponsiveness,0.613,0.613,0.614,9600,cluster-bootstrap-runs-200-95
legislative-high-capture,High-capture legislative outputs,Imported rows with high lobby-capture or proposer-gain signals.,constitutional-council,Pre-enactment constitutional council,complianceRate,0.722,0.703,0.742,9600,cluster-bootstrap-runs-200-95
legislative-high-capture,High-capture legislative outputs,Imported rows with high lobby-capture or proposer-gain signals.,constitutional-council,Pre-enactment constitutional council,publicTrust,0.290,0.264,0.316,9600,cluster-bootstrap-runs-200-95
legislative-high-capture,High-capture legislative outputs,Imported rows with high lobby-capture or proposer-gain signals.,constitutional-council,Pre-enactment constitutional council,administrativeLoad,0.690,0.690,0.691,9600,cluster-bootstrap-runs-200-95
legislative-high-capture,High-capture legislative outputs,Imported rows with high lobby-capture or proposer-gain signals.,constitutional-council,Pre-enactment constitutional council,directCourtCost,0.439,0.439,0.439,9600,cluster-bootstrap-runs-200-95
legislative-high-capture,High-capture legislative outputs,Imported rows with high lobby-capture or proposer-gain signals.,constitutional-council,Pre-enactment constitutional council,upstreamScreeningCost,0.674,0.674,0.675,9600,cluster-bootstrap-runs-200-95
legislative-high-capture,High-capture legislative outputs,Imported rows with high lobby-capture or proposer-gain signals.,constitutional-council,Pre-enactment constitutional council,capacityStrainCost,0.472,0.472,0.472,9600,cluster-bootstrap-runs-200-95
legislative-high-capture,High-capture legislative outputs,Imported rows with high lobby-capture or proposer-gain signals.,constitutional-council,Pre-enactment constitutional council,institutionalBudgetCost,0.504,0.504,0.505,9600,cluster-bootstrap-runs-200-95
legislative-high-capture,High-capture legislative outputs,Imported rows with high lobby-capture or proposer-gain signals.,constitutional-council,Pre-enactment constitutional council,institutionalDelayCost,0.516,0.516,0.517,9600,cluster-bootstrap-runs-200-95
legislative-high-capture,High-capture legislative outputs,Imported rows with high lobby-capture or proposer-gain signals.,constitutional-council,Pre-enactment constitutional council,implementationComplexity,0.550,0.550,0.550,9600,cluster-bootstrap-runs-200-95
legislative-high-capture,High-capture legislative outputs,Imported rows with high lobby-capture or proposer-gain signals.,constitutional-council,Pre-enactment constitutional council,totalInstitutionalCost,0.525,0.525,0.526,9600,cluster-bootstrap-runs-200-95
legislative-high-capture,High-capture legislative outputs,Imported rows with high lobby-capture or proposer-gain signals.,legislative-override-court,Judicial review with delayed legislative override,directionalScore,0.738,0.718,0.770,9600,cluster-bootstrap-runs-200-95
legislative-high-capture,High-capture legislative outputs,Imported rows with high lobby-capture or proposer-gain signals.,legislative-override-court,Judicial review with delayed legislative override,legalStability,0.959,0.958,0.960,9600,cluster-bootstrap-runs-200-95
legislative-high-capture,High-capture legislative outputs,Imported rows with high lobby-capture or proposer-gain signals.,legislative-override-court,Judicial review with delayed legislative override,rightsProtection,0.791,0.791,0.792,9600,cluster-bootstrap-runs-200-95
legislative-high-capture,High-capture legislative outputs,Imported rows with high lobby-capture or proposer-gain signals.,legislative-override-court,Judicial review with delayed legislative override,partisanAlignment,0.134,0.133,0.134,9600,cluster-bootstrap-runs-200-95
legislative-high-capture,High-capture legislative outputs,Imported rows with high lobby-capture or proposer-gain signals.,legislative-override-court,Judicial review with delayed legislative override,shadowDocketAbuse,0.000,0.000,0.000,9600,cluster-bootstrap-runs-200-95
legislative-high-capture,High-capture legislative outputs,Imported rows with high lobby-capture or proposer-gain signals.,legislative-override-court,Judicial review with delayed legislative override,legitimacy,0.744,0.743,0.745,9600,cluster-bootstrap-runs-200-95
legislative-high-capture,High-capture legislative outputs,Imported rows with high lobby-capture or proposer-gain signals.,legislative-override-court,Judicial review with delayed legislative override,reversalRate,0.116,0.112,0.119,9600,cluster-bootstrap-runs-200-95
legislative-high-capture,High-capture legislative outputs,Imported rows with high lobby-capture or proposer-gain signals.,legislative-override-court,Judicial review with delayed legislative override,reviewRate,1.000,1.000,1.000,9600,cluster-bootstrap-runs-200-95
legislative-high-capture,High-capture legislative outputs,Imported rows with high lobby-capture or proposer-gain signals.,legislative-override-court,Judicial review with delayed legislative override,intakeAcceptanceRate,0.019,0.019,0.019,501839,cluster-bootstrap-runs-200-95
legislative-high-capture,High-capture legislative outputs,Imported rows with high lobby-capture or proposer-gain signals.,legislative-override-court,Judicial review with delayed legislative override,emergencyReliefRate,0.000,0.000,0.000,7,cluster-bootstrap-runs-200-95
legislative-high-capture,High-capture legislative outputs,Imported rows with high lobby-capture or proposer-gain signals.,legislative-override-court,Judicial review with delayed legislative override,emergencyReasonGivingRate,0.143,0.000,0.500,7,cluster-bootstrap-runs-200-95
legislative-high-capture,High-capture legislative outputs,Imported rows with high lobby-capture or proposer-gain signals.,legislative-override-court,Judicial review with delayed legislative override,emergencyVoteDisclosureRate,0.429,0.000,1.000,7,cluster-bootstrap-runs-200-95
legislative-high-capture,High-capture legislative outputs,Imported rows with high lobby-capture or proposer-gain signals.,legislative-override-court,Judicial review with delayed legislative override,emergencyPublicDisagreementRate,0.143,0.000,0.500,7,cluster-bootstrap-runs-200-95
legislative-high-capture,High-capture legislative outputs,Imported rows with high lobby-capture or proposer-gain signals.,legislative-override-court,Judicial review with delayed legislative override,governmentEmergencyWinRate,0.000,0.000,0.000,7,cluster-bootstrap-runs-200-95
legislative-high-capture,High-capture legislative outputs,Imported rows with high lobby-capture or proposer-gain signals.,legislative-override-court,Judicial review with delayed legislative override,meritsFollowUpRate,0.000,0.000,0.000,7,cluster-bootstrap-runs-200-95
legislative-high-capture,High-capture legislative outputs,Imported rows with high lobby-capture or proposer-gain signals.,legislative-override-court,Judicial review with delayed legislative override,meritsInvalidationRate,0.116,0.112,0.119,9593,cluster-bootstrap-runs-200-95
legislative-high-capture,High-capture legislative outputs,Imported rows with high lobby-capture or proposer-gain signals.,legislative-override-court,Judicial review with delayed legislative override,constitutionalConflict,0.215,0.213,0.217,9600,cluster-bootstrap-runs-200-95
legislative-high-capture,High-capture legislative outputs,Imported rows with high lobby-capture or proposer-gain signals.,legislative-override-court,Judicial review with delayed legislative override,democraticResponsiveness,0.608,0.607,0.609,9600,cluster-bootstrap-runs-200-95
legislative-high-capture,High-capture legislative outputs,Imported rows with high lobby-capture or proposer-gain signals.,legislative-override-court,Judicial review with delayed legislative override,complianceRate,0.595,0.571,0.613,9600,cluster-bootstrap-runs-200-95
legislative-high-capture,High-capture legislative outputs,Imported rows with high lobby-capture or proposer-gain signals.,legislative-override-court,Judicial review with delayed legislative override,publicTrust,0.133,0.124,0.143,9600,cluster-bootstrap-runs-200-95
legislative-high-capture,High-capture legislative outputs,Imported rows with high lobby-capture or proposer-gain signals.,legislative-override-court,Judicial review with delayed legislative override,administrativeLoad,0.430,0.430,0.431,9600,cluster-bootstrap-runs-200-95
legislative-high-capture,High-capture legislative outputs,Imported rows with high lobby-capture or proposer-gain signals.,legislative-override-court,Judicial review with delayed legislative override,directCourtCost,0.307,0.307,0.307,9600,cluster-bootstrap-runs-200-95
legislative-high-capture,High-capture legislative outputs,Imported rows with high lobby-capture or proposer-gain signals.,legislative-override-court,Judicial review with delayed legislative override,upstreamScreeningCost,0.674,0.674,0.675,9600,cluster-bootstrap-runs-200-95
legislative-high-capture,High-capture legislative outputs,Imported rows with high lobby-capture or proposer-gain signals.,legislative-override-court,Judicial review with delayed legislative override,capacityStrainCost,0.405,0.405,0.405,9600,cluster-bootstrap-runs-200-95
legislative-high-capture,High-capture legislative outputs,Imported rows with high lobby-capture or proposer-gain signals.,legislative-override-court,Judicial review with delayed legislative override,institutionalBudgetCost,0.378,0.378,0.378,9600,cluster-bootstrap-runs-200-95
legislative-high-capture,High-capture legislative outputs,Imported rows with high lobby-capture or proposer-gain signals.,legislative-override-court,Judicial review with delayed legislative override,institutionalDelayCost,0.448,0.448,0.448,9600,cluster-bootstrap-runs-200-95
legislative-high-capture,High-capture legislative outputs,Imported rows with high lobby-capture or proposer-gain signals.,legislative-override-court,Judicial review with delayed legislative override,implementationComplexity,0.500,0.499,0.500,9600,cluster-bootstrap-runs-200-95
legislative-high-capture,High-capture legislative outputs,Imported rows with high lobby-capture or proposer-gain signals.,legislative-override-court,Judicial review with delayed legislative override,totalInstitutionalCost,0.458,0.458,0.459,9600,cluster-bootstrap-runs-200-95
legislative-high-capture,High-capture legislative outputs,Imported rows with high lobby-capture or proposer-gain signals.,accountability-retention-court,Retention-election accountability court,directionalScore,0.774,0.751,0.800,9600,cluster-bootstrap-runs-200-95
legislative-high-capture,High-capture legislative outputs,Imported rows with high lobby-capture or proposer-gain signals.,accountability-retention-court,Retention-election accountability court,legalStability,0.974,0.973,0.975,9600,cluster-bootstrap-runs-200-95
legislative-high-capture,High-capture legislative outputs,Imported rows with high lobby-capture or proposer-gain signals.,accountability-retention-court,Retention-election accountability court,rightsProtection,0.790,0.789,0.791,9600,cluster-bootstrap-runs-200-95
legislative-high-capture,High-capture legislative outputs,Imported rows with high lobby-capture or proposer-gain signals.,accountability-retention-court,Retention-election accountability court,partisanAlignment,0.127,0.126,0.127,9600,cluster-bootstrap-runs-200-95
legislative-high-capture,High-capture legislative outputs,Imported rows with high lobby-capture or proposer-gain signals.,accountability-retention-court,Retention-election accountability court,shadowDocketAbuse,0.000,0.000,0.000,9600,cluster-bootstrap-runs-200-95
legislative-high-capture,High-capture legislative outputs,Imported rows with high lobby-capture or proposer-gain signals.,accountability-retention-court,Retention-election accountability court,legitimacy,0.772,0.771,0.774,9600,cluster-bootstrap-runs-200-95
legislative-high-capture,High-capture legislative outputs,Imported rows with high lobby-capture or proposer-gain signals.,accountability-retention-court,Retention-election accountability court,reversalRate,0.047,0.045,0.050,9600,cluster-bootstrap-runs-200-95
legislative-high-capture,High-capture legislative outputs,Imported rows with high lobby-capture or proposer-gain signals.,accountability-retention-court,Retention-election accountability court,reviewRate,1.000,1.000,1.000,9600,cluster-bootstrap-runs-200-95
legislative-high-capture,High-capture legislative outputs,Imported rows with high lobby-capture or proposer-gain signals.,accountability-retention-court,Retention-election accountability court,intakeAcceptanceRate,0.019,0.019,0.019,501833,cluster-bootstrap-runs-200-95
legislative-high-capture,High-capture legislative outputs,Imported rows with high lobby-capture or proposer-gain signals.,accountability-retention-court,Retention-election accountability court,emergencyReliefRate,0.000,0.000,0.000,7,cluster-bootstrap-runs-200-95
legislative-high-capture,High-capture legislative outputs,Imported rows with high lobby-capture or proposer-gain signals.,accountability-retention-court,Retention-election accountability court,emergencyReasonGivingRate,0.714,0.333,1.000,7,cluster-bootstrap-runs-200-95
legislative-high-capture,High-capture legislative outputs,Imported rows with high lobby-capture or proposer-gain signals.,accountability-retention-court,Retention-election accountability court,emergencyVoteDisclosureRate,0.429,0.000,0.833,7,cluster-bootstrap-runs-200-95
legislative-high-capture,High-capture legislative outputs,Imported rows with high lobby-capture or proposer-gain signals.,accountability-retention-court,Retention-election accountability court,emergencyPublicDisagreementRate,0.429,0.000,0.833,7,cluster-bootstrap-runs-200-95
legislative-high-capture,High-capture legislative outputs,Imported rows with high lobby-capture or proposer-gain signals.,accountability-retention-court,Retention-election accountability court,governmentEmergencyWinRate,0.000,0.000,0.000,7,cluster-bootstrap-runs-200-95
legislative-high-capture,High-capture legislative outputs,Imported rows with high lobby-capture or proposer-gain signals.,accountability-retention-court,Retention-election accountability court,meritsFollowUpRate,0.000,0.000,0.000,7,cluster-bootstrap-runs-200-95
legislative-high-capture,High-capture legislative outputs,Imported rows with high lobby-capture or proposer-gain signals.,accountability-retention-court,Retention-election accountability court,meritsInvalidationRate,0.047,0.045,0.050,9593,cluster-bootstrap-runs-200-95
legislative-high-capture,High-capture legislative outputs,Imported rows with high lobby-capture or proposer-gain signals.,accountability-retention-court,Retention-election accountability court,constitutionalConflict,0.197,0.195,0.198,9600,cluster-bootstrap-runs-200-95
legislative-high-capture,High-capture legislative outputs,Imported rows with high lobby-capture or proposer-gain signals.,accountability-retention-court,Retention-election accountability court,democraticResponsiveness,0.620,0.620,0.621,9600,cluster-bootstrap-runs-200-95
legislative-high-capture,High-capture legislative outputs,Imported rows with high lobby-capture or proposer-gain signals.,accountability-retention-court,Retention-election accountability court,complianceRate,0.668,0.651,0.687,9600,cluster-bootstrap-runs-200-95
legislative-high-capture,High-capture legislative outputs,Imported rows with high lobby-capture or proposer-gain signals.,accountability-retention-court,Retention-election accountability court,publicTrust,0.182,0.172,0.196,9600,cluster-bootstrap-runs-200-95
legislative-high-capture,High-capture legislative outputs,Imported rows with high lobby-capture or proposer-gain signals.,accountability-retention-court,Retention-election accountability court,administrativeLoad,0.451,0.450,0.451,9600,cluster-bootstrap-runs-200-95
legislative-high-capture,High-capture legislative outputs,Imported rows with high lobby-capture or proposer-gain signals.,accountability-retention-court,Retention-election accountability court,directCourtCost,0.319,0.319,0.319,9600,cluster-bootstrap-runs-200-95
legislative-high-capture,High-capture legislative outputs,Imported rows with high lobby-capture or proposer-gain signals.,accountability-retention-court,Retention-election accountability court,upstreamScreeningCost,0.674,0.674,0.675,9600,cluster-bootstrap-runs-200-95
legislative-high-capture,High-capture legislative outputs,Imported rows with high lobby-capture or proposer-gain signals.,accountability-retention-court,Retention-election accountability court,capacityStrainCost,0.442,0.442,0.442,9600,cluster-bootstrap-runs-200-95
legislative-high-capture,High-capture legislative outputs,Imported rows with high lobby-capture or proposer-gain signals.,accountability-retention-court,Retention-election accountability court,institutionalBudgetCost,0.389,0.389,0.389,9600,cluster-bootstrap-runs-200-95
legislative-high-capture,High-capture legislative outputs,Imported rows with high lobby-capture or proposer-gain signals.,accountability-retention-court,Retention-election accountability court,institutionalDelayCost,0.452,0.452,0.452,9600,cluster-bootstrap-runs-200-95
legislative-high-capture,High-capture legislative outputs,Imported rows with high lobby-capture or proposer-gain signals.,accountability-retention-court,Retention-election accountability court,implementationComplexity,0.526,0.526,0.526,9600,cluster-bootstrap-runs-200-95
legislative-high-capture,High-capture legislative outputs,Imported rows with high lobby-capture or proposer-gain signals.,accountability-retention-court,Retention-election accountability court,totalInstitutionalCost,0.474,0.473,0.474,9600,cluster-bootstrap-runs-200-95
legislative-high-capture,High-capture legislative outputs,Imported rows with high lobby-capture or proposer-gain signals.,independence-accountability-hybrid,Hybrid court balancing independence and accountability,directionalScore,0.735,0.732,0.738,9600,cluster-bootstrap-runs-200-95
legislative-high-capture,High-capture legislative outputs,Imported rows with high lobby-capture or proposer-gain signals.,independence-accountability-hybrid,Hybrid court balancing independence and accountability,legalStability,0.974,0.973,0.975,9600,cluster-bootstrap-runs-200-95
legislative-high-capture,High-capture legislative outputs,Imported rows with high lobby-capture or proposer-gain signals.,independence-accountability-hybrid,Hybrid court balancing independence and accountability,rightsProtection,0.794,0.793,0.795,9600,cluster-bootstrap-runs-200-95
legislative-high-capture,High-capture legislative outputs,Imported rows with high lobby-capture or proposer-gain signals.,independence-accountability-hybrid,Hybrid court balancing independence and accountability,partisanAlignment,0.113,0.113,0.114,9600,cluster-bootstrap-runs-200-95
legislative-high-capture,High-capture legislative outputs,Imported rows with high lobby-capture or proposer-gain signals.,independence-accountability-hybrid,Hybrid court balancing independence and accountability,shadowDocketAbuse,0.000,0.000,0.000,9600,cluster-bootstrap-runs-200-95
legislative-high-capture,High-capture legislative outputs,Imported rows with high lobby-capture or proposer-gain signals.,independence-accountability-hybrid,Hybrid court balancing independence and accountability,legitimacy,0.791,0.789,0.792,9600,cluster-bootstrap-runs-200-95
legislative-high-capture,High-capture legislative outputs,Imported rows with high lobby-capture or proposer-gain signals.,independence-accountability-hybrid,Hybrid court balancing independence and accountability,reversalRate,0.102,0.099,0.106,9600,cluster-bootstrap-runs-200-95
legislative-high-capture,High-capture legislative outputs,Imported rows with high lobby-capture or proposer-gain signals.,independence-accountability-hybrid,Hybrid court balancing independence and accountability,reviewRate,1.000,1.000,1.000,9600,cluster-bootstrap-runs-200-95
legislative-high-capture,High-capture legislative outputs,Imported rows with high lobby-capture or proposer-gain signals.,independence-accountability-hybrid,Hybrid court balancing independence and accountability,intakeAcceptanceRate,0.019,0.019,0.019,501879,cluster-bootstrap-runs-200-95
legislative-high-capture,High-capture legislative outputs,Imported rows with high lobby-capture or proposer-gain signals.,independence-accountability-hybrid,Hybrid court balancing independence and accountability,emergencyReliefRate,0.000,0.000,0.000,0,cluster-bootstrap-runs-200-95
legislative-high-capture,High-capture legislative outputs,Imported rows with high lobby-capture or proposer-gain signals.,independence-accountability-hybrid,Hybrid court balancing independence and accountability,emergencyReasonGivingRate,0.000,0.000,0.000,0,cluster-bootstrap-runs-200-95
legislative-high-capture,High-capture legislative outputs,Imported rows with high lobby-capture or proposer-gain signals.,independence-accountability-hybrid,Hybrid court balancing independence and accountability,emergencyVoteDisclosureRate,0.000,0.000,0.000,0,cluster-bootstrap-runs-200-95
legislative-high-capture,High-capture legislative outputs,Imported rows with high lobby-capture or proposer-gain signals.,independence-accountability-hybrid,Hybrid court balancing independence and accountability,emergencyPublicDisagreementRate,0.000,0.000,0.000,0,cluster-bootstrap-runs-200-95
legislative-high-capture,High-capture legislative outputs,Imported rows with high lobby-capture or proposer-gain signals.,independence-accountability-hybrid,Hybrid court balancing independence and accountability,governmentEmergencyWinRate,0.000,0.000,0.000,0,cluster-bootstrap-runs-200-95
legislative-high-capture,High-capture legislative outputs,Imported rows with high lobby-capture or proposer-gain signals.,independence-accountability-hybrid,Hybrid court balancing independence and accountability,meritsFollowUpRate,0.000,0.000,0.000,0,cluster-bootstrap-runs-200-95
legislative-high-capture,High-capture legislative outputs,Imported rows with high lobby-capture or proposer-gain signals.,independence-accountability-hybrid,Hybrid court balancing independence and accountability,meritsInvalidationRate,0.102,0.099,0.106,9600,cluster-bootstrap-runs-200-95
legislative-high-capture,High-capture legislative outputs,Imported rows with high lobby-capture or proposer-gain signals.,independence-accountability-hybrid,Hybrid court balancing independence and accountability,constitutionalConflict,0.197,0.196,0.198,9600,cluster-bootstrap-runs-200-95
legislative-high-capture,High-capture legislative outputs,Imported rows with high lobby-capture or proposer-gain signals.,independence-accountability-hybrid,Hybrid court balancing independence and accountability,democraticResponsiveness,0.602,0.601,0.603,9600,cluster-bootstrap-runs-200-95
legislative-high-capture,High-capture legislative outputs,Imported rows with high lobby-capture or proposer-gain signals.,independence-accountability-hybrid,Hybrid court balancing independence and accountability,complianceRate,0.682,0.664,0.701,9600,cluster-bootstrap-runs-200-95
legislative-high-capture,High-capture legislative outputs,Imported rows with high lobby-capture or proposer-gain signals.,independence-accountability-hybrid,Hybrid court balancing independence and accountability,publicTrust,0.191,0.179,0.204,9600,cluster-bootstrap-runs-200-95
legislative-high-capture,High-capture legislative outputs,Imported rows with high lobby-capture or proposer-gain signals.,independence-accountability-hybrid,Hybrid court balancing independence and accountability,administrativeLoad,0.515,0.514,0.517,9600,cluster-bootstrap-runs-200-95
legislative-high-capture,High-capture legislative outputs,Imported rows with high lobby-capture or proposer-gain signals.,independence-accountability-hybrid,Hybrid court balancing independence and accountability,directCourtCost,0.432,0.431,0.432,9600,cluster-bootstrap-runs-200-95
legislative-high-capture,High-capture legislative outputs,Imported rows with high lobby-capture or proposer-gain signals.,independence-accountability-hybrid,Hybrid court balancing independence and accountability,upstreamScreeningCost,0.674,0.674,0.675,9600,cluster-bootstrap-runs-200-95
legislative-high-capture,High-capture legislative outputs,Imported rows with high lobby-capture or proposer-gain signals.,independence-accountability-hybrid,Hybrid court balancing independence and accountability,capacityStrainCost,0.425,0.425,0.426,9600,cluster-bootstrap-runs-200-95
legislative-high-capture,High-capture legislative outputs,Imported rows with high lobby-capture or proposer-gain signals.,independence-accountability-hybrid,Hybrid court balancing independence and accountability,institutionalBudgetCost,0.502,0.501,0.502,9600,cluster-bootstrap-runs-200-95
legislative-high-capture,High-capture legislative outputs,Imported rows with high lobby-capture or proposer-gain signals.,independence-accountability-hybrid,Hybrid court balancing independence and accountability,institutionalDelayCost,0.481,0.481,0.482,9600,cluster-bootstrap-runs-200-95
legislative-high-capture,High-capture legislative outputs,Imported rows with high lobby-capture or proposer-gain signals.,independence-accountability-hybrid,Hybrid court balancing independence and accountability,implementationComplexity,0.607,0.606,0.607,9600,cluster-bootstrap-runs-200-95
legislative-high-capture,High-capture legislative outputs,Imported rows with high lobby-capture or proposer-gain signals.,independence-accountability-hybrid,Hybrid court balancing independence and accountability,totalInstitutionalCost,0.518,0.517,0.518,9600,cluster-bootstrap-runs-200-95
legislative-high-volatility,High-volatility legislative outputs,"Imported rows with high policy-shift, reversal, or status-quo volatility signals.",current-federal-court,Current-style federal supreme court,directionalScore,0.598,0.595,0.600,9600,cluster-bootstrap-runs-200-95
legislative-high-volatility,High-volatility legislative outputs,"Imported rows with high policy-shift, reversal, or status-quo volatility signals.",current-federal-court,Current-style federal supreme court,legalStability,0.870,0.868,0.872,9600,cluster-bootstrap-runs-200-95
legislative-high-volatility,High-volatility legislative outputs,"Imported rows with high policy-shift, reversal, or status-quo volatility signals.",current-federal-court,Current-style federal supreme court,rightsProtection,0.736,0.734,0.738,9600,cluster-bootstrap-runs-200-95
legislative-high-volatility,High-volatility legislative outputs,"Imported rows with high policy-shift, reversal, or status-quo volatility signals.",current-federal-court,Current-style federal supreme court,partisanAlignment,0.182,0.181,0.184,9600,cluster-bootstrap-runs-200-95
legislative-high-volatility,High-volatility legislative outputs,"Imported rows with high policy-shift, reversal, or status-quo volatility signals.",current-federal-court,Current-style federal supreme court,shadowDocketAbuse,0.154,0.149,0.160,9600,cluster-bootstrap-runs-200-95
legislative-high-volatility,High-volatility legislative outputs,"Imported rows with high policy-shift, reversal, or status-quo volatility signals.",current-federal-court,Current-style federal supreme court,legitimacy,0.633,0.631,0.634,9600,cluster-bootstrap-runs-200-95
legislative-high-volatility,High-volatility legislative outputs,"Imported rows with high policy-shift, reversal, or status-quo volatility signals.",current-federal-court,Current-style federal supreme court,reversalRate,0.258,0.252,0.265,9600,cluster-bootstrap-runs-200-95
legislative-high-volatility,High-volatility legislative outputs,"Imported rows with high policy-shift, reversal, or status-quo volatility signals.",current-federal-court,Current-style federal supreme court,reviewRate,1.000,1.000,1.000,9600,cluster-bootstrap-runs-200-95
legislative-high-volatility,High-volatility legislative outputs,"Imported rows with high policy-shift, reversal, or status-quo volatility signals.",current-federal-court,Current-style federal supreme court,intakeAcceptanceRate,0.020,0.020,0.021,468958,cluster-bootstrap-runs-200-95
legislative-high-volatility,High-volatility legislative outputs,"Imported rows with high policy-shift, reversal, or status-quo volatility signals.",current-federal-court,Current-style federal supreme court,emergencyReliefRate,0.496,0.480,0.513,2295,cluster-bootstrap-runs-200-95
legislative-high-volatility,High-volatility legislative outputs,"Imported rows with high policy-shift, reversal, or status-quo volatility signals.",current-federal-court,Current-style federal supreme court,emergencyReasonGivingRate,0.015,0.010,0.020,2295,cluster-bootstrap-runs-200-95
legislative-high-volatility,High-volatility legislative outputs,"Imported rows with high policy-shift, reversal, or status-quo volatility signals.",current-federal-court,Current-style federal supreme court,emergencyVoteDisclosureRate,0.335,0.317,0.354,2295,cluster-bootstrap-runs-200-95
legislative-high-volatility,High-volatility legislative outputs,"Imported rows with high policy-shift, reversal, or status-quo volatility signals.",current-federal-court,Current-style federal supreme court,emergencyPublicDisagreementRate,0.446,0.423,0.466,2295,cluster-bootstrap-runs-200-95
legislative-high-volatility,High-volatility legislative outputs,"Imported rows with high policy-shift, reversal, or status-quo volatility signals.",current-federal-court,Current-style federal supreme court,governmentEmergencyWinRate,0.551,0.533,0.568,2295,cluster-bootstrap-runs-200-95
legislative-high-volatility,High-volatility legislative outputs,"Imported rows with high policy-shift, reversal, or status-quo volatility signals.",current-federal-court,Current-style federal supreme court,meritsFollowUpRate,0.000,0.000,0.000,2295,cluster-bootstrap-runs-200-95
legislative-high-volatility,High-volatility legislative outputs,"Imported rows with high policy-shift, reversal, or status-quo volatility signals.",current-federal-court,Current-style federal supreme court,meritsInvalidationRate,0.339,0.331,0.347,7305,cluster-bootstrap-runs-200-95
legislative-high-volatility,High-volatility legislative outputs,"Imported rows with high policy-shift, reversal, or status-quo volatility signals.",current-federal-court,Current-style federal supreme court,constitutionalConflict,0.295,0.293,0.297,9600,cluster-bootstrap-runs-200-95
legislative-high-volatility,High-volatility legislative outputs,"Imported rows with high policy-shift, reversal, or status-quo volatility signals.",current-federal-court,Current-style federal supreme court,democraticResponsiveness,0.514,0.511,0.516,9600,cluster-bootstrap-runs-200-95
legislative-high-volatility,High-volatility legislative outputs,"Imported rows with high policy-shift, reversal, or status-quo volatility signals.",current-federal-court,Current-style federal supreme court,complianceRate,0.363,0.353,0.372,9600,cluster-bootstrap-runs-200-95
legislative-high-volatility,High-volatility legislative outputs,"Imported rows with high policy-shift, reversal, or status-quo volatility signals.",current-federal-court,Current-style federal supreme court,publicTrust,0.040,0.038,0.042,9600,cluster-bootstrap-runs-200-95
legislative-high-volatility,High-volatility legislative outputs,"Imported rows with high policy-shift, reversal, or status-quo volatility signals.",current-federal-court,Current-style federal supreme court,administrativeLoad,0.447,0.446,0.448,9600,cluster-bootstrap-runs-200-95
legislative-high-volatility,High-volatility legislative outputs,"Imported rows with high policy-shift, reversal, or status-quo volatility signals.",current-federal-court,Current-style federal supreme court,directCourtCost,0.304,0.303,0.304,9600,cluster-bootstrap-runs-200-95
legislative-high-volatility,High-volatility legislative outputs,"Imported rows with high policy-shift, reversal, or status-quo volatility signals.",current-federal-court,Current-style federal supreme court,upstreamScreeningCost,0.680,0.679,0.680,9600,cluster-bootstrap-runs-200-95
legislative-high-volatility,High-volatility legislative outputs,"Imported rows with high policy-shift, reversal, or status-quo volatility signals.",current-federal-court,Current-style federal supreme court,capacityStrainCost,0.406,0.405,0.406,9600,cluster-bootstrap-runs-200-95
legislative-high-volatility,High-volatility legislative outputs,"Imported rows with high policy-shift, reversal, or status-quo volatility signals.",current-federal-court,Current-style federal supreme court,institutionalBudgetCost,0.375,0.375,0.375,9600,cluster-bootstrap-runs-200-95
legislative-high-volatility,High-volatility legislative outputs,"Imported rows with high policy-shift, reversal, or status-quo volatility signals.",current-federal-court,Current-style federal supreme court,institutionalDelayCost,0.441,0.441,0.442,9600,cluster-bootstrap-runs-200-95
legislative-high-volatility,High-volatility legislative outputs,"Imported rows with high policy-shift, reversal, or status-quo volatility signals.",current-federal-court,Current-style federal supreme court,implementationComplexity,0.421,0.421,0.422,9600,cluster-bootstrap-runs-200-95
legislative-high-volatility,High-volatility legislative outputs,"Imported rows with high policy-shift, reversal, or status-quo volatility signals.",current-federal-court,Current-style federal supreme court,totalInstitutionalCost,0.444,0.444,0.444,9600,cluster-bootstrap-runs-200-95
legislative-high-volatility,High-volatility legislative outputs,"Imported rows with high policy-shift, reversal, or status-quo volatility signals.",eighteen-year-terms,Staggered 18-year nonrenewable terms,directionalScore,0.617,0.615,0.619,9600,cluster-bootstrap-runs-200-95
legislative-high-volatility,High-volatility legislative outputs,"Imported rows with high policy-shift, reversal, or status-quo volatility signals.",eighteen-year-terms,Staggered 18-year nonrenewable terms,legalStability,0.885,0.883,0.886,9600,cluster-bootstrap-runs-200-95
legislative-high-volatility,High-volatility legislative outputs,"Imported rows with high policy-shift, reversal, or status-quo volatility signals.",eighteen-year-terms,Staggered 18-year nonrenewable terms,rightsProtection,0.747,0.745,0.749,9600,cluster-bootstrap-runs-200-95
legislative-high-volatility,High-volatility legislative outputs,"Imported rows with high policy-shift, reversal, or status-quo volatility signals.",eighteen-year-terms,Staggered 18-year nonrenewable terms,partisanAlignment,0.164,0.163,0.165,9600,cluster-bootstrap-runs-200-95
legislative-high-volatility,High-volatility legislative outputs,"Imported rows with high policy-shift, reversal, or status-quo volatility signals.",eighteen-year-terms,Staggered 18-year nonrenewable terms,shadowDocketAbuse,0.152,0.148,0.157,9600,cluster-bootstrap-runs-200-95
legislative-high-volatility,High-volatility legislative outputs,"Imported rows with high policy-shift, reversal, or status-quo volatility signals.",eighteen-year-terms,Staggered 18-year nonrenewable terms,legitimacy,0.647,0.646,0.648,9600,cluster-bootstrap-runs-200-95
legislative-high-volatility,High-volatility legislative outputs,"Imported rows with high policy-shift, reversal, or status-quo volatility signals.",eighteen-year-terms,Staggered 18-year nonrenewable terms,reversalRate,0.210,0.204,0.216,9600,cluster-bootstrap-runs-200-95
legislative-high-volatility,High-volatility legislative outputs,"Imported rows with high policy-shift, reversal, or status-quo volatility signals.",eighteen-year-terms,Staggered 18-year nonrenewable terms,reviewRate,1.000,1.000,1.000,9600,cluster-bootstrap-runs-200-95
legislative-high-volatility,High-volatility legislative outputs,"Imported rows with high policy-shift, reversal, or status-quo volatility signals.",eighteen-year-terms,Staggered 18-year nonrenewable terms,intakeAcceptanceRate,0.020,0.020,0.021,468668,cluster-bootstrap-runs-200-95
legislative-high-volatility,High-volatility legislative outputs,"Imported rows with high policy-shift, reversal, or status-quo volatility signals.",eighteen-year-terms,Staggered 18-year nonrenewable terms,emergencyReliefRate,0.418,0.401,0.438,2323,cluster-bootstrap-runs-200-95
legislative-high-volatility,High-volatility legislative outputs,"Imported rows with high policy-shift, reversal, or status-quo volatility signals.",eighteen-year-terms,Staggered 18-year nonrenewable terms,emergencyReasonGivingRate,0.024,0.019,0.029,2323,cluster-bootstrap-runs-200-95
legislative-high-volatility,High-volatility legislative outputs,"Imported rows with high policy-shift, reversal, or status-quo volatility signals.",eighteen-year-terms,Staggered 18-year nonrenewable terms,emergencyVoteDisclosureRate,0.353,0.333,0.372,2323,cluster-bootstrap-runs-200-95
legislative-high-volatility,High-volatility legislative outputs,"Imported rows with high policy-shift, reversal, or status-quo volatility signals.",eighteen-year-terms,Staggered 18-year nonrenewable terms,emergencyPublicDisagreementRate,0.439,0.417,0.458,2323,cluster-bootstrap-runs-200-95
legislative-high-volatility,High-volatility legislative outputs,"Imported rows with high policy-shift, reversal, or status-quo volatility signals.",eighteen-year-terms,Staggered 18-year nonrenewable terms,governmentEmergencyWinRate,0.487,0.467,0.509,2323,cluster-bootstrap-runs-200-95
legislative-high-volatility,High-volatility legislative outputs,"Imported rows with high policy-shift, reversal, or status-quo volatility signals.",eighteen-year-terms,Staggered 18-year nonrenewable terms,meritsFollowUpRate,0.000,0.000,0.000,2323,cluster-bootstrap-runs-200-95
legislative-high-volatility,High-volatility legislative outputs,"Imported rows with high policy-shift, reversal, or status-quo volatility signals.",eighteen-year-terms,Staggered 18-year nonrenewable terms,meritsInvalidationRate,0.277,0.270,0.284,7277,cluster-bootstrap-runs-200-95
legislative-high-volatility,High-volatility legislative outputs,"Imported rows with high policy-shift, reversal, or status-quo volatility signals.",eighteen-year-terms,Staggered 18-year nonrenewable terms,constitutionalConflict,0.281,0.279,0.283,9600,cluster-bootstrap-runs-200-95
legislative-high-volatility,High-volatility legislative outputs,"Imported rows with high policy-shift, reversal, or status-quo volatility signals.",eighteen-year-terms,Staggered 18-year nonrenewable terms,democraticResponsiveness,0.536,0.534,0.538,9600,cluster-bootstrap-runs-200-95
legislative-high-volatility,High-volatility legislative outputs,"Imported rows with high policy-shift, reversal, or status-quo volatility signals.",eighteen-year-terms,Staggered 18-year nonrenewable terms,complianceRate,0.370,0.360,0.382,9600,cluster-bootstrap-runs-200-95
legislative-high-volatility,High-volatility legislative outputs,"Imported rows with high policy-shift, reversal, or status-quo volatility signals.",eighteen-year-terms,Staggered 18-year nonrenewable terms,publicTrust,0.046,0.044,0.048,9600,cluster-bootstrap-runs-200-95
legislative-high-volatility,High-volatility legislative outputs,"Imported rows with high policy-shift, reversal, or status-quo volatility signals.",eighteen-year-terms,Staggered 18-year nonrenewable terms,administrativeLoad,0.456,0.455,0.457,9600,cluster-bootstrap-runs-200-95
legislative-high-volatility,High-volatility legislative outputs,"Imported rows with high policy-shift, reversal, or status-quo volatility signals.",eighteen-year-terms,Staggered 18-year nonrenewable terms,directCourtCost,0.308,0.308,0.308,9600,cluster-bootstrap-runs-200-95
legislative-high-volatility,High-volatility legislative outputs,"Imported rows with high policy-shift, reversal, or status-quo volatility signals.",eighteen-year-terms,Staggered 18-year nonrenewable terms,upstreamScreeningCost,0.680,0.679,0.680,9600,cluster-bootstrap-runs-200-95
legislative-high-volatility,High-volatility legislative outputs,"Imported rows with high policy-shift, reversal, or status-quo volatility signals.",eighteen-year-terms,Staggered 18-year nonrenewable terms,capacityStrainCost,0.420,0.420,0.421,9600,cluster-bootstrap-runs-200-95
legislative-high-volatility,High-volatility legislative outputs,"Imported rows with high policy-shift, reversal, or status-quo volatility signals.",eighteen-year-terms,Staggered 18-year nonrenewable terms,institutionalBudgetCost,0.379,0.379,0.380,9600,cluster-bootstrap-runs-200-95
legislative-high-volatility,High-volatility legislative outputs,"Imported rows with high policy-shift, reversal, or status-quo volatility signals.",eighteen-year-terms,Staggered 18-year nonrenewable terms,institutionalDelayCost,0.443,0.442,0.443,9600,cluster-bootstrap-runs-200-95
legislative-high-volatility,High-volatility legislative outputs,"Imported rows with high policy-shift, reversal, or status-quo volatility signals.",eighteen-year-terms,Staggered 18-year nonrenewable terms,implementationComplexity,0.424,0.424,0.424,9600,cluster-bootstrap-runs-200-95
legislative-high-volatility,High-volatility legislative outputs,"Imported rows with high policy-shift, reversal, or status-quo volatility signals.",eighteen-year-terms,Staggered 18-year nonrenewable terms,totalInstitutionalCost,0.449,0.449,0.449,9600,cluster-bootstrap-runs-200-95
legislative-high-volatility,High-volatility legislative outputs,"Imported rows with high policy-shift, reversal, or status-quo volatility signals.",fifteen-justice-commission,Fifteen-justice supermajority commission court,directionalScore,0.711,0.707,0.716,9600,cluster-bootstrap-runs-200-95
legislative-high-volatility,High-volatility legislative outputs,"Imported rows with high policy-shift, reversal, or status-quo volatility signals.",fifteen-justice-commission,Fifteen-justice supermajority commission court,legalStability,0.933,0.932,0.934,9600,cluster-bootstrap-runs-200-95
legislative-high-volatility,High-volatility legislative outputs,"Imported rows with high policy-shift, reversal, or status-quo volatility signals.",fifteen-justice-commission,Fifteen-justice supermajority commission court,rightsProtection,0.771,0.770,0.772,9600,cluster-bootstrap-runs-200-95
legislative-high-volatility,High-volatility legislative outputs,"Imported rows with high policy-shift, reversal, or status-quo volatility signals.",fifteen-justice-commission,Fifteen-justice supermajority commission court,partisanAlignment,0.140,0.139,0.141,9600,cluster-bootstrap-runs-200-95
legislative-high-volatility,High-volatility legislative outputs,"Imported rows with high policy-shift, reversal, or status-quo volatility signals.",fifteen-justice-commission,Fifteen-justice supermajority commission court,shadowDocketAbuse,0.010,0.009,0.011,9600,cluster-bootstrap-runs-200-95
legislative-high-volatility,High-volatility legislative outputs,"Imported rows with high policy-shift, reversal, or status-quo volatility signals.",fifteen-justice-commission,Fifteen-justice supermajority commission court,legitimacy,0.729,0.728,0.730,9600,cluster-bootstrap-runs-200-95
legislative-high-volatility,High-volatility legislative outputs,"Imported rows with high policy-shift, reversal, or status-quo volatility signals.",fifteen-justice-commission,Fifteen-justice supermajority commission court,reversalRate,0.232,0.228,0.237,9600,cluster-bootstrap-runs-200-95
legislative-high-volatility,High-volatility legislative outputs,"Imported rows with high policy-shift, reversal, or status-quo volatility signals.",fifteen-justice-commission,Fifteen-justice supermajority commission court,reviewRate,1.000,1.000,1.000,9600,cluster-bootstrap-runs-200-95
legislative-high-volatility,High-volatility legislative outputs,"Imported rows with high policy-shift, reversal, or status-quo volatility signals.",fifteen-justice-commission,Fifteen-justice supermajority commission court,intakeAcceptanceRate,0.020,0.020,0.020,483642,cluster-bootstrap-runs-200-95
legislative-high-volatility,High-volatility legislative outputs,"Imported rows with high policy-shift, reversal, or status-quo volatility signals.",fifteen-justice-commission,Fifteen-justice supermajority commission court,emergencyReliefRate,0.143,0.107,0.187,294,cluster-bootstrap-runs-200-95
legislative-high-volatility,High-volatility legislative outputs,"Imported rows with high policy-shift, reversal, or status-quo volatility signals.",fifteen-justice-commission,Fifteen-justice supermajority commission court,emergencyReasonGivingRate,0.629,0.575,0.685,294,cluster-bootstrap-runs-200-95
legislative-high-volatility,High-volatility legislative outputs,"Imported rows with high policy-shift, reversal, or status-quo volatility signals.",fifteen-justice-commission,Fifteen-justice supermajority commission court,emergencyVoteDisclosureRate,0.537,0.471,0.594,294,cluster-bootstrap-runs-200-95
legislative-high-volatility,High-volatility legislative outputs,"Imported rows with high policy-shift, reversal, or status-quo volatility signals.",fifteen-justice-commission,Fifteen-justice supermajority commission court,emergencyPublicDisagreementRate,0.160,0.115,0.203,294,cluster-bootstrap-runs-200-95
legislative-high-volatility,High-volatility legislative outputs,"Imported rows with high policy-shift, reversal, or status-quo volatility signals.",fifteen-justice-commission,Fifteen-justice supermajority commission court,governmentEmergencyWinRate,0.153,0.115,0.199,294,cluster-bootstrap-runs-200-95
legislative-high-volatility,High-volatility legislative outputs,"Imported rows with high policy-shift, reversal, or status-quo volatility signals.",fifteen-justice-commission,Fifteen-justice supermajority commission court,meritsFollowUpRate,0.020,0.006,0.038,294,cluster-bootstrap-runs-200-95
legislative-high-volatility,High-volatility legislative outputs,"Imported rows with high policy-shift, reversal, or status-quo volatility signals.",fifteen-justice-commission,Fifteen-justice supermajority commission court,meritsInvalidationRate,0.239,0.235,0.244,9312,cluster-bootstrap-runs-200-95
legislative-high-volatility,High-volatility legislative outputs,"Imported rows with high policy-shift, reversal, or status-quo volatility signals.",fifteen-justice-commission,Fifteen-justice supermajority commission court,constitutionalConflict,0.234,0.233,0.236,9600,cluster-bootstrap-runs-200-95
legislative-high-volatility,High-volatility legislative outputs,"Imported rows with high policy-shift, reversal, or status-quo volatility signals.",fifteen-justice-commission,Fifteen-justice supermajority commission court,democraticResponsiveness,0.570,0.569,0.571,9600,cluster-bootstrap-runs-200-95
legislative-high-volatility,High-volatility legislative outputs,"Imported rows with high policy-shift, reversal, or status-quo volatility signals.",fifteen-justice-commission,Fifteen-justice supermajority commission court,complianceRate,0.452,0.439,0.469,9600,cluster-bootstrap-runs-200-95
legislative-high-volatility,High-volatility legislative outputs,"Imported rows with high policy-shift, reversal, or status-quo volatility signals.",fifteen-justice-commission,Fifteen-justice supermajority commission court,publicTrust,0.071,0.067,0.076,9600,cluster-bootstrap-runs-200-95
legislative-high-volatility,High-volatility legislative outputs,"Imported rows with high policy-shift, reversal, or status-quo volatility signals.",fifteen-justice-commission,Fifteen-justice supermajority commission court,administrativeLoad,0.447,0.446,0.447,9600,cluster-bootstrap-runs-200-95
legislative-high-volatility,High-volatility legislative outputs,"Imported rows with high policy-shift, reversal, or status-quo volatility signals.",fifteen-justice-commission,Fifteen-justice supermajority commission court,directCourtCost,0.361,0.361,0.361,9600,cluster-bootstrap-runs-200-95
legislative-high-volatility,High-volatility legislative outputs,"Imported rows with high policy-shift, reversal, or status-quo volatility signals.",fifteen-justice-commission,Fifteen-justice supermajority commission court,upstreamScreeningCost,0.682,0.681,0.682,9600,cluster-bootstrap-runs-200-95
legislative-high-volatility,High-volatility legislative outputs,"Imported rows with high policy-shift, reversal, or status-quo volatility signals.",fifteen-justice-commission,Fifteen-justice supermajority commission court,capacityStrainCost,0.413,0.413,0.413,9600,cluster-bootstrap-runs-200-95
legislative-high-volatility,High-volatility legislative outputs,"Imported rows with high policy-shift, reversal, or status-quo volatility signals.",fifteen-justice-commission,Fifteen-justice supermajority commission court,institutionalBudgetCost,0.434,0.434,0.434,9600,cluster-bootstrap-runs-200-95
legislative-high-volatility,High-volatility legislative outputs,"Imported rows with high policy-shift, reversal, or status-quo volatility signals.",fifteen-justice-commission,Fifteen-justice supermajority commission court,institutionalDelayCost,0.448,0.448,0.448,9600,cluster-bootstrap-runs-200-95
legislative-high-volatility,High-volatility legislative outputs,"Imported rows with high policy-shift, reversal, or status-quo volatility signals.",fifteen-justice-commission,Fifteen-justice supermajority commission court,implementationComplexity,0.443,0.443,0.443,9600,cluster-bootstrap-runs-200-95
legislative-high-volatility,High-volatility legislative outputs,"Imported rows with high policy-shift, reversal, or status-quo volatility signals.",fifteen-justice-commission,Fifteen-justice supermajority commission court,totalInstitutionalCost,0.465,0.465,0.465,9600,cluster-bootstrap-runs-200-95
legislative-high-volatility,High-volatility legislative outputs,"Imported rows with high policy-shift, reversal, or status-quo volatility signals.",supermajority-invalidation,Supermajority required to invalidate laws,directionalScore,0.696,0.692,0.701,9600,cluster-bootstrap-runs-200-95
legislative-high-volatility,High-volatility legislative outputs,"Imported rows with high policy-shift, reversal, or status-quo volatility signals.",supermajority-invalidation,Supermajority required to invalidate laws,legalStability,0.936,0.935,0.937,9600,cluster-bootstrap-runs-200-95
legislative-high-volatility,High-volatility legislative outputs,"Imported rows with high policy-shift, reversal, or status-quo volatility signals.",supermajority-invalidation,Supermajority required to invalidate laws,rightsProtection,0.769,0.768,0.770,9600,cluster-bootstrap-runs-200-95
legislative-high-volatility,High-volatility legislative outputs,"Imported rows with high policy-shift, reversal, or status-quo volatility signals.",supermajority-invalidation,Supermajority required to invalidate laws,partisanAlignment,0.158,0.158,0.159,9600,cluster-bootstrap-runs-200-95
legislative-high-volatility,High-volatility legislative outputs,"Imported rows with high policy-shift, reversal, or status-quo volatility signals.",supermajority-invalidation,Supermajority required to invalidate laws,shadowDocketAbuse,0.010,0.009,0.011,9600,cluster-bootstrap-runs-200-95
legislative-high-volatility,High-volatility legislative outputs,"Imported rows with high policy-shift, reversal, or status-quo volatility signals.",supermajority-invalidation,Supermajority required to invalidate laws,legitimacy,0.703,0.702,0.704,9600,cluster-bootstrap-runs-200-95
legislative-high-volatility,High-volatility legislative outputs,"Imported rows with high policy-shift, reversal, or status-quo volatility signals.",supermajority-invalidation,Supermajority required to invalidate laws,reversalRate,0.240,0.237,0.244,9600,cluster-bootstrap-runs-200-95
legislative-high-volatility,High-volatility legislative outputs,"Imported rows with high policy-shift, reversal, or status-quo volatility signals.",supermajority-invalidation,Supermajority required to invalidate laws,reviewRate,1.000,1.000,1.000,9600,cluster-bootstrap-runs-200-95
legislative-high-volatility,High-volatility legislative outputs,"Imported rows with high policy-shift, reversal, or status-quo volatility signals.",supermajority-invalidation,Supermajority required to invalidate laws,intakeAcceptanceRate,0.020,0.020,0.020,483655,cluster-bootstrap-runs-200-95
legislative-high-volatility,High-volatility legislative outputs,"Imported rows with high policy-shift, reversal, or status-quo volatility signals.",supermajority-invalidation,Supermajority required to invalidate laws,emergencyReliefRate,0.159,0.117,0.201,290,cluster-bootstrap-runs-200-95
legislative-high-volatility,High-volatility legislative outputs,"Imported rows with high policy-shift, reversal, or status-quo volatility signals.",supermajority-invalidation,Supermajority required to invalidate laws,emergencyReasonGivingRate,0.624,0.574,0.672,290,cluster-bootstrap-runs-200-95
legislative-high-volatility,High-volatility legislative outputs,"Imported rows with high policy-shift, reversal, or status-quo volatility signals.",supermajority-invalidation,Supermajority required to invalidate laws,emergencyVoteDisclosureRate,0.479,0.419,0.534,290,cluster-bootstrap-runs-200-95
legislative-high-volatility,High-volatility legislative outputs,"Imported rows with high policy-shift, reversal, or status-quo volatility signals.",supermajority-invalidation,Supermajority required to invalidate laws,emergencyPublicDisagreementRate,0.183,0.150,0.217,290,cluster-bootstrap-runs-200-95
legislative-high-volatility,High-volatility legislative outputs,"Imported rows with high policy-shift, reversal, or status-quo volatility signals.",supermajority-invalidation,Supermajority required to invalidate laws,governmentEmergencyWinRate,0.170,0.127,0.214,290,cluster-bootstrap-runs-200-95
legislative-high-volatility,High-volatility legislative outputs,"Imported rows with high policy-shift, reversal, or status-quo volatility signals.",supermajority-invalidation,Supermajority required to invalidate laws,meritsFollowUpRate,0.031,0.017,0.051,290,cluster-bootstrap-runs-200-95
legislative-high-volatility,High-volatility legislative outputs,"Imported rows with high policy-shift, reversal, or status-quo volatility signals.",supermajority-invalidation,Supermajority required to invalidate laws,meritsInvalidationRate,0.248,0.244,0.252,9319,cluster-bootstrap-runs-200-95
legislative-high-volatility,High-volatility legislative outputs,"Imported rows with high policy-shift, reversal, or status-quo volatility signals.",supermajority-invalidation,Supermajority required to invalidate laws,constitutionalConflict,0.236,0.235,0.238,9600,cluster-bootstrap-runs-200-95
legislative-high-volatility,High-volatility legislative outputs,"Imported rows with high policy-shift, reversal, or status-quo volatility signals.",supermajority-invalidation,Supermajority required to invalidate laws,democraticResponsiveness,0.567,0.566,0.568,9600,cluster-bootstrap-runs-200-95
legislative-high-volatility,High-volatility legislative outputs,"Imported rows with high policy-shift, reversal, or status-quo volatility signals.",supermajority-invalidation,Supermajority required to invalidate laws,complianceRate,0.429,0.419,0.443,9600,cluster-bootstrap-runs-200-95
legislative-high-volatility,High-volatility legislative outputs,"Imported rows with high policy-shift, reversal, or status-quo volatility signals.",supermajority-invalidation,Supermajority required to invalidate laws,publicTrust,0.064,0.061,0.067,9600,cluster-bootstrap-runs-200-95
legislative-high-volatility,High-volatility legislative outputs,"Imported rows with high policy-shift, reversal, or status-quo volatility signals.",supermajority-invalidation,Supermajority required to invalidate laws,administrativeLoad,0.427,0.426,0.427,9600,cluster-bootstrap-runs-200-95
legislative-high-volatility,High-volatility legislative outputs,"Imported rows with high policy-shift, reversal, or status-quo volatility signals.",supermajority-invalidation,Supermajority required to invalidate laws,directCourtCost,0.302,0.302,0.302,9600,cluster-bootstrap-runs-200-95
legislative-high-volatility,High-volatility legislative outputs,"Imported rows with high policy-shift, reversal, or status-quo volatility signals.",supermajority-invalidation,Supermajority required to invalidate laws,upstreamScreeningCost,0.682,0.681,0.682,9600,cluster-bootstrap-runs-200-95
legislative-high-volatility,High-volatility legislative outputs,"Imported rows with high policy-shift, reversal, or status-quo volatility signals.",supermajority-invalidation,Supermajority required to invalidate laws,capacityStrainCost,0.391,0.391,0.391,9600,cluster-bootstrap-runs-200-95
legislative-high-volatility,High-volatility legislative outputs,"Imported rows with high policy-shift, reversal, or status-quo volatility signals.",supermajority-invalidation,Supermajority required to invalidate laws,institutionalBudgetCost,0.374,0.374,0.375,9600,cluster-bootstrap-runs-200-95
legislative-high-volatility,High-volatility legislative outputs,"Imported rows with high policy-shift, reversal, or status-quo volatility signals.",supermajority-invalidation,Supermajority required to invalidate laws,institutionalDelayCost,0.446,0.445,0.446,9600,cluster-bootstrap-runs-200-95
legislative-high-volatility,High-volatility legislative outputs,"Imported rows with high policy-shift, reversal, or status-quo volatility signals.",supermajority-invalidation,Supermajority required to invalidate laws,implementationComplexity,0.479,0.479,0.479,9600,cluster-bootstrap-runs-200-95
legislative-high-volatility,High-volatility legislative outputs,"Imported rows with high policy-shift, reversal, or status-quo volatility signals.",supermajority-invalidation,Supermajority required to invalidate laws,totalInstitutionalCost,0.452,0.451,0.452,9600,cluster-bootstrap-runs-200-95
legislative-high-volatility,High-volatility legislative outputs,"Imported rows with high policy-shift, reversal, or status-quo volatility signals.",strict-recusal-court,Strict recusal with substitute justices,directionalScore,0.723,0.718,0.728,9600,cluster-bootstrap-runs-200-95
legislative-high-volatility,High-volatility legislative outputs,"Imported rows with high policy-shift, reversal, or status-quo volatility signals.",strict-recusal-court,Strict recusal with substitute justices,legalStability,0.934,0.933,0.935,9600,cluster-bootstrap-runs-200-95
legislative-high-volatility,High-volatility legislative outputs,"Imported rows with high policy-shift, reversal, or status-quo volatility signals.",strict-recusal-court,Strict recusal with substitute justices,rightsProtection,0.772,0.771,0.772,9600,cluster-bootstrap-runs-200-95
legislative-high-volatility,High-volatility legislative outputs,"Imported rows with high policy-shift, reversal, or status-quo volatility signals.",strict-recusal-court,Strict recusal with substitute justices,partisanAlignment,0.139,0.139,0.140,9600,cluster-bootstrap-runs-200-95
legislative-high-volatility,High-volatility legislative outputs,"Imported rows with high policy-shift, reversal, or status-quo volatility signals.",strict-recusal-court,Strict recusal with substitute justices,shadowDocketAbuse,0.010,0.009,0.011,9600,cluster-bootstrap-runs-200-95
legislative-high-volatility,High-volatility legislative outputs,"Imported rows with high policy-shift, reversal, or status-quo volatility signals.",strict-recusal-court,Strict recusal with substitute justices,legitimacy,0.749,0.748,0.750,9600,cluster-bootstrap-runs-200-95
legislative-high-volatility,High-volatility legislative outputs,"Imported rows with high policy-shift, reversal, or status-quo volatility signals.",strict-recusal-court,Strict recusal with substitute justices,reversalRate,0.221,0.216,0.225,9600,cluster-bootstrap-runs-200-95
legislative-high-volatility,High-volatility legislative outputs,"Imported rows with high policy-shift, reversal, or status-quo volatility signals.",strict-recusal-court,Strict recusal with substitute justices,reviewRate,1.000,1.000,1.000,9600,cluster-bootstrap-runs-200-95
legislative-high-volatility,High-volatility legislative outputs,"Imported rows with high policy-shift, reversal, or status-quo volatility signals.",strict-recusal-court,Strict recusal with substitute justices,intakeAcceptanceRate,0.020,0.020,0.020,483554,cluster-bootstrap-runs-200-95
legislative-high-volatility,High-volatility legislative outputs,"Imported rows with high policy-shift, reversal, or status-quo volatility signals.",strict-recusal-court,Strict recusal with substitute justices,emergencyReliefRate,0.132,0.091,0.169,302,cluster-bootstrap-runs-200-95
legislative-high-volatility,High-volatility legislative outputs,"Imported rows with high policy-shift, reversal, or status-quo volatility signals.",strict-recusal-court,Strict recusal with substitute justices,emergencyReasonGivingRate,0.666,0.606,0.720,302,cluster-bootstrap-runs-200-95
legislative-high-volatility,High-volatility legislative outputs,"Imported rows with high policy-shift, reversal, or status-quo volatility signals.",strict-recusal-court,Strict recusal with substitute justices,emergencyVoteDisclosureRate,0.593,0.534,0.649,302,cluster-bootstrap-runs-200-95
legislative-high-volatility,High-volatility legislative outputs,"Imported rows with high policy-shift, reversal, or status-quo volatility signals.",strict-recusal-court,Strict recusal with substitute justices,emergencyPublicDisagreementRate,0.166,0.131,0.206,302,cluster-bootstrap-runs-200-95
legislative-high-volatility,High-volatility legislative outputs,"Imported rows with high policy-shift, reversal, or status-quo volatility signals.",strict-recusal-court,Strict recusal with substitute justices,governmentEmergencyWinRate,0.146,0.101,0.185,302,cluster-bootstrap-runs-200-95
legislative-high-volatility,High-volatility legislative outputs,"Imported rows with high policy-shift, reversal, or status-quo volatility signals.",strict-recusal-court,Strict recusal with substitute justices,meritsFollowUpRate,0.020,0.006,0.038,302,cluster-bootstrap-runs-200-95
legislative-high-volatility,High-volatility legislative outputs,"Imported rows with high policy-shift, reversal, or status-quo volatility signals.",strict-recusal-court,Strict recusal with substitute justices,meritsInvalidationRate,0.228,0.223,0.232,9304,cluster-bootstrap-runs-200-95
legislative-high-volatility,High-volatility legislative outputs,"Imported rows with high policy-shift, reversal, or status-quo volatility signals.",strict-recusal-court,Strict recusal with substitute justices,constitutionalConflict,0.232,0.231,0.233,9600,cluster-bootstrap-runs-200-95
legislative-high-volatility,High-volatility legislative outputs,"Imported rows with high policy-shift, reversal, or status-quo volatility signals.",strict-recusal-court,Strict recusal with substitute justices,democraticResponsiveness,0.574,0.572,0.575,9600,cluster-bootstrap-runs-200-95
legislative-high-volatility,High-volatility legislative outputs,"Imported rows with high policy-shift, reversal, or status-quo volatility signals.",strict-recusal-court,Strict recusal with substitute justices,complianceRate,0.479,0.461,0.497,9600,cluster-bootstrap-runs-200-95
legislative-high-volatility,High-volatility legislative outputs,"Imported rows with high policy-shift, reversal, or status-quo volatility signals.",strict-recusal-court,Strict recusal with substitute justices,publicTrust,0.081,0.076,0.085,9600,cluster-bootstrap-runs-200-95
legislative-high-volatility,High-volatility legislative outputs,"Imported rows with high policy-shift, reversal, or status-quo volatility signals.",strict-recusal-court,Strict recusal with substitute justices,administrativeLoad,0.447,0.446,0.448,9600,cluster-bootstrap-runs-200-95
legislative-high-volatility,High-volatility legislative outputs,"Imported rows with high policy-shift, reversal, or status-quo volatility signals.",strict-recusal-court,Strict recusal with substitute justices,directCourtCost,0.360,0.360,0.360,9600,cluster-bootstrap-runs-200-95
legislative-high-volatility,High-volatility legislative outputs,"Imported rows with high policy-shift, reversal, or status-quo volatility signals.",strict-recusal-court,Strict recusal with substitute justices,upstreamScreeningCost,0.682,0.681,0.682,9600,cluster-bootstrap-runs-200-95
legislative-high-volatility,High-volatility legislative outputs,"Imported rows with high policy-shift, reversal, or status-quo volatility signals.",strict-recusal-court,Strict recusal with substitute justices,capacityStrainCost,0.413,0.413,0.413,9600,cluster-bootstrap-runs-200-95
legislative-high-volatility,High-volatility legislative outputs,"Imported rows with high policy-shift, reversal, or status-quo volatility signals.",strict-recusal-court,Strict recusal with substitute justices,institutionalBudgetCost,0.433,0.433,0.433,9600,cluster-bootstrap-runs-200-95
legislative-high-volatility,High-volatility legislative outputs,"Imported rows with high policy-shift, reversal, or status-quo volatility signals.",strict-recusal-court,Strict recusal with substitute justices,institutionalDelayCost,0.448,0.448,0.448,9600,cluster-bootstrap-runs-200-95
legislative-high-volatility,High-volatility legislative outputs,"Imported rows with high policy-shift, reversal, or status-quo volatility signals.",strict-recusal-court,Strict recusal with substitute justices,implementationComplexity,0.477,0.477,0.477,9600,cluster-bootstrap-runs-200-95
legislative-high-volatility,High-volatility legislative outputs,"Imported rows with high policy-shift, reversal, or status-quo volatility signals.",strict-recusal-court,Strict recusal with substitute justices,totalInstitutionalCost,0.471,0.471,0.471,9600,cluster-bootstrap-runs-200-95
legislative-high-volatility,High-volatility legislative outputs,"Imported rows with high policy-shift, reversal, or status-quo volatility signals.",reasoned-emergency-review,Reasoned emergency orders with merits follow-up,directionalScore,0.724,0.718,0.730,9600,cluster-bootstrap-runs-200-95
legislative-high-volatility,High-volatility legislative outputs,"Imported rows with high policy-shift, reversal, or status-quo volatility signals.",reasoned-emergency-review,Reasoned emergency orders with merits follow-up,legalStability,0.923,0.921,0.924,9600,cluster-bootstrap-runs-200-95
legislative-high-volatility,High-volatility legislative outputs,"Imported rows with high policy-shift, reversal, or status-quo volatility signals.",reasoned-emergency-review,Reasoned emergency orders with merits follow-up,rightsProtection,0.765,0.764,0.766,9600,cluster-bootstrap-runs-200-95
legislative-high-volatility,High-volatility legislative outputs,"Imported rows with high policy-shift, reversal, or status-quo volatility signals.",reasoned-emergency-review,Reasoned emergency orders with merits follow-up,partisanAlignment,0.155,0.154,0.156,9600,cluster-bootstrap-runs-200-95
legislative-high-volatility,High-volatility legislative outputs,"Imported rows with high policy-shift, reversal, or status-quo volatility signals.",reasoned-emergency-review,Reasoned emergency orders with merits follow-up,shadowDocketAbuse,0.000,0.000,0.000,9600,cluster-bootstrap-runs-200-95
legislative-high-volatility,High-volatility legislative outputs,"Imported rows with high policy-shift, reversal, or status-quo volatility signals.",reasoned-emergency-review,Reasoned emergency orders with merits follow-up,legitimacy,0.747,0.746,0.748,9600,cluster-bootstrap-runs-200-95
legislative-high-volatility,High-volatility legislative outputs,"Imported rows with high policy-shift, reversal, or status-quo volatility signals.",reasoned-emergency-review,Reasoned emergency orders with merits follow-up,reversalRate,0.297,0.291,0.304,9600,cluster-bootstrap-runs-200-95
legislative-high-volatility,High-volatility legislative outputs,"Imported rows with high policy-shift, reversal, or status-quo volatility signals.",reasoned-emergency-review,Reasoned emergency orders with merits follow-up,reviewRate,1.000,1.000,1.000,9600,cluster-bootstrap-runs-200-95
legislative-high-volatility,High-volatility legislative outputs,"Imported rows with high policy-shift, reversal, or status-quo volatility signals.",reasoned-emergency-review,Reasoned emergency orders with merits follow-up,intakeAcceptanceRate,0.020,0.020,0.020,484601,cluster-bootstrap-runs-200-95
legislative-high-volatility,High-volatility legislative outputs,"Imported rows with high policy-shift, reversal, or status-quo volatility signals.",reasoned-emergency-review,Reasoned emergency orders with merits follow-up,emergencyReliefRate,0.032,0.011,0.062,158,cluster-bootstrap-runs-200-95
legislative-high-volatility,High-volatility legislative outputs,"Imported rows with high policy-shift, reversal, or status-quo volatility signals.",reasoned-emergency-review,Reasoned emergency orders with merits follow-up,emergencyReasonGivingRate,0.861,0.812,0.913,158,cluster-bootstrap-runs-200-95
legislative-high-volatility,High-volatility legislative outputs,"Imported rows with high policy-shift, reversal, or status-quo volatility signals.",reasoned-emergency-review,Reasoned emergency orders with merits follow-up,emergencyVoteDisclosureRate,0.671,0.594,0.738,158,cluster-bootstrap-runs-200-95
legislative-high-volatility,High-volatility legislative outputs,"Imported rows with high policy-shift, reversal, or status-quo volatility signals.",reasoned-emergency-review,Reasoned emergency orders with merits follow-up,emergencyPublicDisagreementRate,0.044,0.019,0.085,158,cluster-bootstrap-runs-200-95
legislative-high-volatility,High-volatility legislative outputs,"Imported rows with high policy-shift, reversal, or status-quo volatility signals.",reasoned-emergency-review,Reasoned emergency orders with merits follow-up,governmentEmergencyWinRate,0.033,0.011,0.064,158,cluster-bootstrap-runs-200-95
legislative-high-volatility,High-volatility legislative outputs,"Imported rows with high policy-shift, reversal, or status-quo volatility signals.",reasoned-emergency-review,Reasoned emergency orders with merits follow-up,meritsFollowUpRate,1.000,1.000,1.000,158,cluster-bootstrap-runs-200-95
legislative-high-volatility,High-volatility legislative outputs,"Imported rows with high policy-shift, reversal, or status-quo volatility signals.",reasoned-emergency-review,Reasoned emergency orders with merits follow-up,meritsInvalidationRate,0.297,0.291,0.304,9600,cluster-bootstrap-runs-200-95
legislative-high-volatility,High-volatility legislative outputs,"Imported rows with high policy-shift, reversal, or status-quo volatility signals.",reasoned-emergency-review,Reasoned emergency orders with merits follow-up,constitutionalConflict,0.246,0.244,0.247,9600,cluster-bootstrap-runs-200-95
legislative-high-volatility,High-volatility legislative outputs,"Imported rows with high policy-shift, reversal, or status-quo volatility signals.",reasoned-emergency-review,Reasoned emergency orders with merits follow-up,democraticResponsiveness,0.552,0.550,0.554,9600,cluster-bootstrap-runs-200-95
legislative-high-volatility,High-volatility legislative outputs,"Imported rows with high policy-shift, reversal, or status-quo volatility signals.",reasoned-emergency-review,Reasoned emergency orders with merits follow-up,complianceRate,0.439,0.426,0.453,9600,cluster-bootstrap-runs-200-95
legislative-high-volatility,High-volatility legislative outputs,"Imported rows with high policy-shift, reversal, or status-quo volatility signals.",reasoned-emergency-review,Reasoned emergency orders with merits follow-up,publicTrust,0.066,0.062,0.070,9600,cluster-bootstrap-runs-200-95
legislative-high-volatility,High-volatility legislative outputs,"Imported rows with high policy-shift, reversal, or status-quo volatility signals.",reasoned-emergency-review,Reasoned emergency orders with merits follow-up,administrativeLoad,0.437,0.437,0.438,9600,cluster-bootstrap-runs-200-95
legislative-high-volatility,High-volatility legislative outputs,"Imported rows with high policy-shift, reversal, or status-quo volatility signals.",reasoned-emergency-review,Reasoned emergency orders with merits follow-up,directCourtCost,0.308,0.308,0.308,9600,cluster-bootstrap-runs-200-95
legislative-high-volatility,High-volatility legislative outputs,"Imported rows with high policy-shift, reversal, or status-quo volatility signals.",reasoned-emergency-review,Reasoned emergency orders with merits follow-up,upstreamScreeningCost,0.682,0.682,0.682,9600,cluster-bootstrap-runs-200-95
legislative-high-volatility,High-volatility legislative outputs,"Imported rows with high policy-shift, reversal, or status-quo volatility signals.",reasoned-emergency-review,Reasoned emergency orders with merits follow-up,capacityStrainCost,0.405,0.405,0.405,9600,cluster-bootstrap-runs-200-95
legislative-high-volatility,High-volatility legislative outputs,"Imported rows with high policy-shift, reversal, or status-quo volatility signals.",reasoned-emergency-review,Reasoned emergency orders with merits follow-up,institutionalBudgetCost,0.380,0.380,0.380,9600,cluster-bootstrap-runs-200-95
legislative-high-volatility,High-volatility legislative outputs,"Imported rows with high policy-shift, reversal, or status-quo volatility signals.",reasoned-emergency-review,Reasoned emergency orders with merits follow-up,institutionalDelayCost,0.448,0.447,0.448,9600,cluster-bootstrap-runs-200-95
legislative-high-volatility,High-volatility legislative outputs,"Imported rows with high policy-shift, reversal, or status-quo volatility signals.",reasoned-emergency-review,Reasoned emergency orders with merits follow-up,implementationComplexity,0.475,0.475,0.475,9600,cluster-bootstrap-runs-200-95
legislative-high-volatility,High-volatility legislative outputs,"Imported rows with high policy-shift, reversal, or status-quo volatility signals.",reasoned-emergency-review,Reasoned emergency orders with merits follow-up,totalInstitutionalCost,0.456,0.455,0.456,9600,cluster-bootstrap-runs-200-95
legislative-high-volatility,High-volatility legislative outputs,"Imported rows with high policy-shift, reversal, or status-quo volatility signals.",panel-en-banc-review,Panel review with en banc safety valve,directionalScore,0.704,0.699,0.709,9600,cluster-bootstrap-runs-200-95
legislative-high-volatility,High-volatility legislative outputs,"Imported rows with high policy-shift, reversal, or status-quo volatility signals.",panel-en-banc-review,Panel review with en banc safety valve,legalStability,0.929,0.928,0.930,9600,cluster-bootstrap-runs-200-95
legislative-high-volatility,High-volatility legislative outputs,"Imported rows with high policy-shift, reversal, or status-quo volatility signals.",panel-en-banc-review,Panel review with en banc safety valve,rightsProtection,0.770,0.769,0.771,9600,cluster-bootstrap-runs-200-95
legislative-high-volatility,High-volatility legislative outputs,"Imported rows with high policy-shift, reversal, or status-quo volatility signals.",panel-en-banc-review,Panel review with en banc safety valve,partisanAlignment,0.143,0.142,0.144,9600,cluster-bootstrap-runs-200-95
legislative-high-volatility,High-volatility legislative outputs,"Imported rows with high policy-shift, reversal, or status-quo volatility signals.",panel-en-banc-review,Panel review with en banc safety valve,shadowDocketAbuse,0.010,0.009,0.011,9600,cluster-bootstrap-runs-200-95
legislative-high-volatility,High-volatility legislative outputs,"Imported rows with high policy-shift, reversal, or status-quo volatility signals.",panel-en-banc-review,Panel review with en banc safety valve,legitimacy,0.741,0.741,0.742,9600,cluster-bootstrap-runs-200-95
legislative-high-volatility,High-volatility legislative outputs,"Imported rows with high policy-shift, reversal, or status-quo volatility signals.",panel-en-banc-review,Panel review with en banc safety valve,reversalRate,0.251,0.248,0.256,9600,cluster-bootstrap-runs-200-95
legislative-high-volatility,High-volatility legislative outputs,"Imported rows with high policy-shift, reversal, or status-quo volatility signals.",panel-en-banc-review,Panel review with en banc safety valve,reviewRate,1.000,1.000,1.000,9600,cluster-bootstrap-runs-200-95
legislative-high-volatility,High-volatility legislative outputs,"Imported rows with high policy-shift, reversal, or status-quo volatility signals.",panel-en-banc-review,Panel review with en banc safety valve,intakeAcceptanceRate,0.020,0.020,0.020,483628,cluster-bootstrap-runs-200-95
legislative-high-volatility,High-volatility legislative outputs,"Imported rows with high policy-shift, reversal, or status-quo volatility signals.",panel-en-banc-review,Panel review with en banc safety valve,emergencyReliefRate,0.126,0.091,0.156,293,cluster-bootstrap-runs-200-95
legislative-high-volatility,High-volatility legislative outputs,"Imported rows with high policy-shift, reversal, or status-quo volatility signals.",panel-en-banc-review,Panel review with en banc safety valve,emergencyReasonGivingRate,0.635,0.566,0.695,293,cluster-bootstrap-runs-200-95
legislative-high-volatility,High-volatility legislative outputs,"Imported rows with high policy-shift, reversal, or status-quo volatility signals.",panel-en-banc-review,Panel review with en banc safety valve,emergencyVoteDisclosureRate,0.563,0.501,0.614,293,cluster-bootstrap-runs-200-95
legislative-high-volatility,High-volatility legislative outputs,"Imported rows with high policy-shift, reversal, or status-quo volatility signals.",panel-en-banc-review,Panel review with en banc safety valve,emergencyPublicDisagreementRate,0.201,0.163,0.243,293,cluster-bootstrap-runs-200-95
legislative-high-volatility,High-volatility legislative outputs,"Imported rows with high policy-shift, reversal, or status-quo volatility signals.",panel-en-banc-review,Panel review with en banc safety valve,governmentEmergencyWinRate,0.139,0.099,0.173,293,cluster-bootstrap-runs-200-95
legislative-high-volatility,High-volatility legislative outputs,"Imported rows with high policy-shift, reversal, or status-quo volatility signals.",panel-en-banc-review,Panel review with en banc safety valve,meritsFollowUpRate,0.027,0.011,0.043,293,cluster-bootstrap-runs-200-95
legislative-high-volatility,High-volatility legislative outputs,"Imported rows with high policy-shift, reversal, or status-quo volatility signals.",panel-en-banc-review,Panel review with en banc safety valve,meritsInvalidationRate,0.259,0.255,0.263,9315,cluster-bootstrap-runs-200-95
legislative-high-volatility,High-volatility legislative outputs,"Imported rows with high policy-shift, reversal, or status-quo volatility signals.",panel-en-banc-review,Panel review with en banc safety valve,constitutionalConflict,0.238,0.237,0.240,9600,cluster-bootstrap-runs-200-95
legislative-high-volatility,High-volatility legislative outputs,"Imported rows with high policy-shift, reversal, or status-quo volatility signals.",panel-en-banc-review,Panel review with en banc safety valve,democraticResponsiveness,0.565,0.564,0.567,9600,cluster-bootstrap-runs-200-95
legislative-high-volatility,High-volatility legislative outputs,"Imported rows with high policy-shift, reversal, or status-quo volatility signals.",panel-en-banc-review,Panel review with en banc safety valve,complianceRate,0.451,0.435,0.466,9600,cluster-bootstrap-runs-200-95
legislative-high-volatility,High-volatility legislative outputs,"Imported rows with high policy-shift, reversal, or status-quo volatility signals.",panel-en-banc-review,Panel review with en banc safety valve,publicTrust,0.071,0.068,0.075,9600,cluster-bootstrap-runs-200-95
legislative-high-volatility,High-volatility legislative outputs,"Imported rows with high policy-shift, reversal, or status-quo volatility signals.",panel-en-banc-review,Panel review with en banc safety valve,administrativeLoad,0.561,0.559,0.562,9600,cluster-bootstrap-runs-200-95
legislative-high-volatility,High-volatility legislative outputs,"Imported rows with high policy-shift, reversal, or status-quo volatility signals.",panel-en-banc-review,Panel review with en banc safety valve,directCourtCost,0.415,0.415,0.416,9600,cluster-bootstrap-runs-200-95
legislative-high-volatility,High-volatility legislative outputs,"Imported rows with high policy-shift, reversal, or status-quo volatility signals.",panel-en-banc-review,Panel review with en banc safety valve,upstreamScreeningCost,0.682,0.681,0.682,9600,cluster-bootstrap-runs-200-95
legislative-high-volatility,High-volatility legislative outputs,"Imported rows with high policy-shift, reversal, or status-quo volatility signals.",panel-en-banc-review,Panel review with en banc safety valve,capacityStrainCost,0.434,0.433,0.434,9600,cluster-bootstrap-runs-200-95
legislative-high-volatility,High-volatility legislative outputs,"Imported rows with high policy-shift, reversal, or status-quo volatility signals.",panel-en-banc-review,Panel review with en banc safety valve,institutionalBudgetCost,0.486,0.485,0.486,9600,cluster-bootstrap-runs-200-95
legislative-high-volatility,High-volatility legislative outputs,"Imported rows with high policy-shift, reversal, or status-quo volatility signals.",panel-en-banc-review,Panel review with en banc safety valve,institutionalDelayCost,0.493,0.493,0.494,9600,cluster-bootstrap-runs-200-95
legislative-high-volatility,High-volatility legislative outputs,"Imported rows with high policy-shift, reversal, or status-quo volatility signals.",panel-en-banc-review,Panel review with en banc safety valve,implementationComplexity,0.458,0.458,0.458,9600,cluster-bootstrap-runs-200-95
legislative-high-volatility,High-volatility legislative outputs,"Imported rows with high policy-shift, reversal, or status-quo volatility signals.",panel-en-banc-review,Panel review with en banc safety valve,totalInstitutionalCost,0.494,0.493,0.494,9600,cluster-bootstrap-runs-200-95
legislative-high-volatility,High-volatility legislative outputs,"Imported rows with high policy-shift, reversal, or status-quo volatility signals.",dual-cross-checking-courts,Dual supreme courts with cross-checking invalidations,directionalScore,0.728,0.721,0.734,9600,cluster-bootstrap-runs-200-95
legislative-high-volatility,High-volatility legislative outputs,"Imported rows with high policy-shift, reversal, or status-quo volatility signals.",dual-cross-checking-courts,Dual supreme courts with cross-checking invalidations,legalStability,0.943,0.943,0.944,9600,cluster-bootstrap-runs-200-95
legislative-high-volatility,High-volatility legislative outputs,"Imported rows with high policy-shift, reversal, or status-quo volatility signals.",dual-cross-checking-courts,Dual supreme courts with cross-checking invalidations,rightsProtection,0.774,0.773,0.774,9600,cluster-bootstrap-runs-200-95
legislative-high-volatility,High-volatility legislative outputs,"Imported rows with high policy-shift, reversal, or status-quo volatility signals.",dual-cross-checking-courts,Dual supreme courts with cross-checking invalidations,partisanAlignment,0.130,0.129,0.130,9600,cluster-bootstrap-runs-200-95
legislative-high-volatility,High-volatility legislative outputs,"Imported rows with high policy-shift, reversal, or status-quo volatility signals.",dual-cross-checking-courts,Dual supreme courts with cross-checking invalidations,shadowDocketAbuse,0.000,0.000,0.000,9600,cluster-bootstrap-runs-200-95
legislative-high-volatility,High-volatility legislative outputs,"Imported rows with high policy-shift, reversal, or status-quo volatility signals.",dual-cross-checking-courts,Dual supreme courts with cross-checking invalidations,legitimacy,0.761,0.761,0.762,9600,cluster-bootstrap-runs-200-95
legislative-high-volatility,High-volatility legislative outputs,"Imported rows with high policy-shift, reversal, or status-quo volatility signals.",dual-cross-checking-courts,Dual supreme courts with cross-checking invalidations,reversalRate,0.200,0.196,0.203,9600,cluster-bootstrap-runs-200-95
legislative-high-volatility,High-volatility legislative outputs,"Imported rows with high policy-shift, reversal, or status-quo volatility signals.",dual-cross-checking-courts,Dual supreme courts with cross-checking invalidations,reviewRate,1.000,1.000,1.000,9600,cluster-bootstrap-runs-200-95
legislative-high-volatility,High-volatility legislative outputs,"Imported rows with high policy-shift, reversal, or status-quo volatility signals.",dual-cross-checking-courts,Dual supreme courts with cross-checking invalidations,intakeAcceptanceRate,0.020,0.020,0.020,484952,cluster-bootstrap-runs-200-95
legislative-high-volatility,High-volatility legislative outputs,"Imported rows with high policy-shift, reversal, or status-quo volatility signals.",dual-cross-checking-courts,Dual supreme courts with cross-checking invalidations,emergencyReliefRate,0.000,0.000,0.000,109,cluster-bootstrap-runs-200-95
legislative-high-volatility,High-volatility legislative outputs,"Imported rows with high policy-shift, reversal, or status-quo volatility signals.",dual-cross-checking-courts,Dual supreme courts with cross-checking invalidations,emergencyReasonGivingRate,0.817,0.747,0.895,109,cluster-bootstrap-runs-200-95
legislative-high-volatility,High-volatility legislative outputs,"Imported rows with high policy-shift, reversal, or status-quo volatility signals.",dual-cross-checking-courts,Dual supreme courts with cross-checking invalidations,emergencyVoteDisclosureRate,0.633,0.546,0.724,109,cluster-bootstrap-runs-200-95
legislative-high-volatility,High-volatility legislative outputs,"Imported rows with high policy-shift, reversal, or status-quo volatility signals.",dual-cross-checking-courts,Dual supreme courts with cross-checking invalidations,emergencyPublicDisagreementRate,0.037,0.008,0.073,109,cluster-bootstrap-runs-200-95
legislative-high-volatility,High-volatility legislative outputs,"Imported rows with high policy-shift, reversal, or status-quo volatility signals.",dual-cross-checking-courts,Dual supreme courts with cross-checking invalidations,governmentEmergencyWinRate,0.000,0.000,0.000,109,cluster-bootstrap-runs-200-95
legislative-high-volatility,High-volatility legislative outputs,"Imported rows with high policy-shift, reversal, or status-quo volatility signals.",dual-cross-checking-courts,Dual supreme courts with cross-checking invalidations,meritsFollowUpRate,1.000,1.000,1.000,109,cluster-bootstrap-runs-200-95
legislative-high-volatility,High-volatility legislative outputs,"Imported rows with high policy-shift, reversal, or status-quo volatility signals.",dual-cross-checking-courts,Dual supreme courts with cross-checking invalidations,meritsInvalidationRate,0.200,0.196,0.203,9600,cluster-bootstrap-runs-200-95
legislative-high-volatility,High-volatility legislative outputs,"Imported rows with high policy-shift, reversal, or status-quo volatility signals.",dual-cross-checking-courts,Dual supreme courts with cross-checking invalidations,constitutionalConflict,0.240,0.239,0.241,9600,cluster-bootstrap-runs-200-95
legislative-high-volatility,High-volatility legislative outputs,"Imported rows with high policy-shift, reversal, or status-quo volatility signals.",dual-cross-checking-courts,Dual supreme courts with cross-checking invalidations,democraticResponsiveness,0.580,0.580,0.581,9600,cluster-bootstrap-runs-200-95
legislative-high-volatility,High-volatility legislative outputs,"Imported rows with high policy-shift, reversal, or status-quo volatility signals.",dual-cross-checking-courts,Dual supreme courts with cross-checking invalidations,complianceRate,0.504,0.488,0.520,9600,cluster-bootstrap-runs-200-95
legislative-high-volatility,High-volatility legislative outputs,"Imported rows with high policy-shift, reversal, or status-quo volatility signals.",dual-cross-checking-courts,Dual supreme courts with cross-checking invalidations,publicTrust,0.083,0.078,0.087,9600,cluster-bootstrap-runs-200-95
legislative-high-volatility,High-volatility legislative outputs,"Imported rows with high policy-shift, reversal, or status-quo volatility signals.",dual-cross-checking-courts,Dual supreme courts with cross-checking invalidations,administrativeLoad,0.836,0.835,0.836,9600,cluster-bootstrap-runs-200-95
legislative-high-volatility,High-volatility legislative outputs,"Imported rows with high policy-shift, reversal, or status-quo volatility signals.",dual-cross-checking-courts,Dual supreme courts with cross-checking invalidations,directCourtCost,0.516,0.516,0.516,9600,cluster-bootstrap-runs-200-95
legislative-high-volatility,High-volatility legislative outputs,"Imported rows with high policy-shift, reversal, or status-quo volatility signals.",dual-cross-checking-courts,Dual supreme courts with cross-checking invalidations,upstreamScreeningCost,0.682,0.682,0.682,9600,cluster-bootstrap-runs-200-95
legislative-high-volatility,High-volatility legislative outputs,"Imported rows with high policy-shift, reversal, or status-quo volatility signals.",dual-cross-checking-courts,Dual supreme courts with cross-checking invalidations,capacityStrainCost,0.562,0.562,0.562,9600,cluster-bootstrap-runs-200-95
legislative-high-volatility,High-volatility legislative outputs,"Imported rows with high policy-shift, reversal, or status-quo volatility signals.",dual-cross-checking-courts,Dual supreme courts with cross-checking invalidations,institutionalBudgetCost,0.580,0.580,0.580,9600,cluster-bootstrap-runs-200-95
legislative-high-volatility,High-volatility legislative outputs,"Imported rows with high policy-shift, reversal, or status-quo volatility signals.",dual-cross-checking-courts,Dual supreme courts with cross-checking invalidations,institutionalDelayCost,0.574,0.573,0.574,9600,cluster-bootstrap-runs-200-95
legislative-high-volatility,High-volatility legislative outputs,"Imported rows with high policy-shift, reversal, or status-quo volatility signals.",dual-cross-checking-courts,Dual supreme courts with cross-checking invalidations,implementationComplexity,0.611,0.611,0.612,9600,cluster-bootstrap-runs-200-95
legislative-high-volatility,High-volatility legislative outputs,"Imported rows with high policy-shift, reversal, or status-quo volatility signals.",dual-cross-checking-courts,Dual supreme courts with cross-checking invalidations,totalInstitutionalCost,0.585,0.585,0.585,9600,cluster-bootstrap-runs-200-95
legislative-high-volatility,High-volatility legislative outputs,"Imported rows with high policy-shift, reversal, or status-quo volatility signals.",constitutional-council,Pre-enactment constitutional council,directionalScore,0.747,0.742,0.752,9600,cluster-bootstrap-runs-200-95
legislative-high-volatility,High-volatility legislative outputs,"Imported rows with high policy-shift, reversal, or status-quo volatility signals.",constitutional-council,Pre-enactment constitutional council,legalStability,0.972,0.972,0.973,9600,cluster-bootstrap-runs-200-95
legislative-high-volatility,High-volatility legislative outputs,"Imported rows with high policy-shift, reversal, or status-quo volatility signals.",constitutional-council,Pre-enactment constitutional council,rightsProtection,0.773,0.772,0.773,9600,cluster-bootstrap-runs-200-95
legislative-high-volatility,High-volatility legislative outputs,"Imported rows with high policy-shift, reversal, or status-quo volatility signals.",constitutional-council,Pre-enactment constitutional council,partisanAlignment,0.121,0.121,0.122,9600,cluster-bootstrap-runs-200-95
legislative-high-volatility,High-volatility legislative outputs,"Imported rows with high policy-shift, reversal, or status-quo volatility signals.",constitutional-council,Pre-enactment constitutional council,shadowDocketAbuse,0.011,0.010,0.011,9600,cluster-bootstrap-runs-200-95
legislative-high-volatility,High-volatility legislative outputs,"Imported rows with high policy-shift, reversal, or status-quo volatility signals.",constitutional-council,Pre-enactment constitutional council,legitimacy,0.776,0.775,0.777,9600,cluster-bootstrap-runs-200-95
legislative-high-volatility,High-volatility legislative outputs,"Imported rows with high policy-shift, reversal, or status-quo volatility signals.",constitutional-council,Pre-enactment constitutional council,reversalRate,0.165,0.161,0.169,9600,cluster-bootstrap-runs-200-95
legislative-high-volatility,High-volatility legislative outputs,"Imported rows with high policy-shift, reversal, or status-quo volatility signals.",constitutional-council,Pre-enactment constitutional council,reviewRate,1.000,1.000,1.000,9600,cluster-bootstrap-runs-200-95
legislative-high-volatility,High-volatility legislative outputs,"Imported rows with high policy-shift, reversal, or status-quo volatility signals.",constitutional-council,Pre-enactment constitutional council,intakeAcceptanceRate,0.020,0.020,0.020,483437,cluster-bootstrap-runs-200-95
legislative-high-volatility,High-volatility legislative outputs,"Imported rows with high policy-shift, reversal, or status-quo volatility signals.",constitutional-council,Pre-enactment constitutional council,emergencyReliefRate,0.127,0.099,0.161,316,cluster-bootstrap-runs-200-95
legislative-high-volatility,High-volatility legislative outputs,"Imported rows with high policy-shift, reversal, or status-quo volatility signals.",constitutional-council,Pre-enactment constitutional council,emergencyReasonGivingRate,0.703,0.655,0.751,316,cluster-bootstrap-runs-200-95
legislative-high-volatility,High-volatility legislative outputs,"Imported rows with high policy-shift, reversal, or status-quo volatility signals.",constitutional-council,Pre-enactment constitutional council,emergencyVoteDisclosureRate,0.684,0.621,0.730,316,cluster-bootstrap-runs-200-95
legislative-high-volatility,High-volatility legislative outputs,"Imported rows with high policy-shift, reversal, or status-quo volatility signals.",constitutional-council,Pre-enactment constitutional council,emergencyPublicDisagreementRate,0.117,0.084,0.150,316,cluster-bootstrap-runs-200-95
legislative-high-volatility,High-volatility legislative outputs,"Imported rows with high policy-shift, reversal, or status-quo volatility signals.",constitutional-council,Pre-enactment constitutional council,governmentEmergencyWinRate,0.138,0.107,0.176,316,cluster-bootstrap-runs-200-95
legislative-high-volatility,High-volatility legislative outputs,"Imported rows with high policy-shift, reversal, or status-quo volatility signals.",constitutional-council,Pre-enactment constitutional council,meritsFollowUpRate,0.013,0.003,0.024,316,cluster-bootstrap-runs-200-95
legislative-high-volatility,High-volatility legislative outputs,"Imported rows with high policy-shift, reversal, or status-quo volatility signals.",constitutional-council,Pre-enactment constitutional council,meritsInvalidationRate,0.170,0.167,0.175,9288,cluster-bootstrap-runs-200-95
legislative-high-volatility,High-volatility legislative outputs,"Imported rows with high policy-shift, reversal, or status-quo volatility signals.",constitutional-council,Pre-enactment constitutional council,constitutionalConflict,0.220,0.219,0.221,9600,cluster-bootstrap-runs-200-95
legislative-high-volatility,High-volatility legislative outputs,"Imported rows with high policy-shift, reversal, or status-quo volatility signals.",constitutional-council,Pre-enactment constitutional council,democraticResponsiveness,0.587,0.586,0.587,9600,cluster-bootstrap-runs-200-95
legislative-high-volatility,High-volatility legislative outputs,"Imported rows with high policy-shift, reversal, or status-quo volatility signals.",constitutional-council,Pre-enactment constitutional council,complianceRate,0.575,0.557,0.597,9600,cluster-bootstrap-runs-200-95
legislative-high-volatility,High-volatility legislative outputs,"Imported rows with high policy-shift, reversal, or status-quo volatility signals.",constitutional-council,Pre-enactment constitutional council,publicTrust,0.108,0.102,0.115,9600,cluster-bootstrap-runs-200-95
legislative-high-volatility,High-volatility legislative outputs,"Imported rows with high policy-shift, reversal, or status-quo volatility signals.",constitutional-council,Pre-enactment constitutional council,administrativeLoad,0.700,0.699,0.701,9600,cluster-bootstrap-runs-200-95
legislative-high-volatility,High-volatility legislative outputs,"Imported rows with high policy-shift, reversal, or status-quo volatility signals.",constitutional-council,Pre-enactment constitutional council,directCourtCost,0.440,0.440,0.440,9600,cluster-bootstrap-runs-200-95
legislative-high-volatility,High-volatility legislative outputs,"Imported rows with high policy-shift, reversal, or status-quo volatility signals.",constitutional-council,Pre-enactment constitutional council,upstreamScreeningCost,0.682,0.681,0.682,9600,cluster-bootstrap-runs-200-95
legislative-high-volatility,High-volatility legislative outputs,"Imported rows with high policy-shift, reversal, or status-quo volatility signals.",constitutional-council,Pre-enactment constitutional council,capacityStrainCost,0.474,0.474,0.474,9600,cluster-bootstrap-runs-200-95
legislative-high-volatility,High-volatility legislative outputs,"Imported rows with high policy-shift, reversal, or status-quo volatility signals.",constitutional-council,Pre-enactment constitutional council,institutionalBudgetCost,0.507,0.506,0.507,9600,cluster-bootstrap-runs-200-95
legislative-high-volatility,High-volatility legislative outputs,"Imported rows with high policy-shift, reversal, or status-quo volatility signals.",constitutional-council,Pre-enactment constitutional council,institutionalDelayCost,0.516,0.516,0.516,9600,cluster-bootstrap-runs-200-95
legislative-high-volatility,High-volatility legislative outputs,"Imported rows with high policy-shift, reversal, or status-quo volatility signals.",constitutional-council,Pre-enactment constitutional council,implementationComplexity,0.553,0.553,0.553,9600,cluster-bootstrap-runs-200-95
legislative-high-volatility,High-volatility legislative outputs,"Imported rows with high policy-shift, reversal, or status-quo volatility signals.",constitutional-council,Pre-enactment constitutional council,totalInstitutionalCost,0.528,0.528,0.528,9600,cluster-bootstrap-runs-200-95
legislative-high-volatility,High-volatility legislative outputs,"Imported rows with high policy-shift, reversal, or status-quo volatility signals.",legislative-override-court,Judicial review with delayed legislative override,directionalScore,0.703,0.699,0.707,9600,cluster-bootstrap-runs-200-95
legislative-high-volatility,High-volatility legislative outputs,"Imported rows with high policy-shift, reversal, or status-quo volatility signals.",legislative-override-court,Judicial review with delayed legislative override,legalStability,0.918,0.917,0.920,9600,cluster-bootstrap-runs-200-95
legislative-high-volatility,High-volatility legislative outputs,"Imported rows with high policy-shift, reversal, or status-quo volatility signals.",legislative-override-court,Judicial review with delayed legislative override,rightsProtection,0.765,0.764,0.766,9600,cluster-bootstrap-runs-200-95
legislative-high-volatility,High-volatility legislative outputs,"Imported rows with high policy-shift, reversal, or status-quo volatility signals.",legislative-override-court,Judicial review with delayed legislative override,partisanAlignment,0.149,0.148,0.149,9600,cluster-bootstrap-runs-200-95
legislative-high-volatility,High-volatility legislative outputs,"Imported rows with high policy-shift, reversal, or status-quo volatility signals.",legislative-override-court,Judicial review with delayed legislative override,shadowDocketAbuse,0.011,0.009,0.012,9600,cluster-bootstrap-runs-200-95
legislative-high-volatility,High-volatility legislative outputs,"Imported rows with high policy-shift, reversal, or status-quo volatility signals.",legislative-override-court,Judicial review with delayed legislative override,legitimacy,0.717,0.716,0.718,9600,cluster-bootstrap-runs-200-95
legislative-high-volatility,High-volatility legislative outputs,"Imported rows with high policy-shift, reversal, or status-quo volatility signals.",legislative-override-court,Judicial review with delayed legislative override,reversalRate,0.246,0.241,0.251,9600,cluster-bootstrap-runs-200-95
legislative-high-volatility,High-volatility legislative outputs,"Imported rows with high policy-shift, reversal, or status-quo volatility signals.",legislative-override-court,Judicial review with delayed legislative override,reviewRate,1.000,1.000,1.000,9600,cluster-bootstrap-runs-200-95
legislative-high-volatility,High-volatility legislative outputs,"Imported rows with high policy-shift, reversal, or status-quo volatility signals.",legislative-override-court,Judicial review with delayed legislative override,intakeAcceptanceRate,0.020,0.020,0.020,483561,cluster-bootstrap-runs-200-95
legislative-high-volatility,High-volatility legislative outputs,"Imported rows with high policy-shift, reversal, or status-quo volatility signals.",legislative-override-court,Judicial review with delayed legislative override,emergencyReliefRate,0.143,0.109,0.181,307,cluster-bootstrap-runs-200-95
legislative-high-volatility,High-volatility legislative outputs,"Imported rows with high policy-shift, reversal, or status-quo volatility signals.",legislative-override-court,Judicial review with delayed legislative override,emergencyReasonGivingRate,0.651,0.606,0.695,307,cluster-bootstrap-runs-200-95
legislative-high-volatility,High-volatility legislative outputs,"Imported rows with high policy-shift, reversal, or status-quo volatility signals.",legislative-override-court,Judicial review with delayed legislative override,emergencyVoteDisclosureRate,0.531,0.479,0.577,307,cluster-bootstrap-runs-200-95
legislative-high-volatility,High-volatility legislative outputs,"Imported rows with high policy-shift, reversal, or status-quo volatility signals.",legislative-override-court,Judicial review with delayed legislative override,emergencyPublicDisagreementRate,0.176,0.139,0.211,307,cluster-bootstrap-runs-200-95
legislative-high-volatility,High-volatility legislative outputs,"Imported rows with high policy-shift, reversal, or status-quo volatility signals.",legislative-override-court,Judicial review with delayed legislative override,governmentEmergencyWinRate,0.157,0.116,0.199,307,cluster-bootstrap-runs-200-95
legislative-high-volatility,High-volatility legislative outputs,"Imported rows with high policy-shift, reversal, or status-quo volatility signals.",legislative-override-court,Judicial review with delayed legislative override,meritsFollowUpRate,0.033,0.017,0.050,307,cluster-bootstrap-runs-200-95
legislative-high-volatility,High-volatility legislative outputs,"Imported rows with high policy-shift, reversal, or status-quo volatility signals.",legislative-override-court,Judicial review with delayed legislative override,meritsInvalidationRate,0.254,0.249,0.259,9303,cluster-bootstrap-runs-200-95
legislative-high-volatility,High-volatility legislative outputs,"Imported rows with high policy-shift, reversal, or status-quo volatility signals.",legislative-override-court,Judicial review with delayed legislative override,constitutionalConflict,0.261,0.259,0.264,9600,cluster-bootstrap-runs-200-95
legislative-high-volatility,High-volatility legislative outputs,"Imported rows with high policy-shift, reversal, or status-quo volatility signals.",legislative-override-court,Judicial review with delayed legislative override,democraticResponsiveness,0.581,0.580,0.582,9600,cluster-bootstrap-runs-200-95
legislative-high-volatility,High-volatility legislative outputs,"Imported rows with high policy-shift, reversal, or status-quo volatility signals.",legislative-override-court,Judicial review with delayed legislative override,complianceRate,0.432,0.420,0.446,9600,cluster-bootstrap-runs-200-95
legislative-high-volatility,High-volatility legislative outputs,"Imported rows with high policy-shift, reversal, or status-quo volatility signals.",legislative-override-court,Judicial review with delayed legislative override,publicTrust,0.061,0.057,0.065,9600,cluster-bootstrap-runs-200-95
legislative-high-volatility,High-volatility legislative outputs,"Imported rows with high policy-shift, reversal, or status-quo volatility signals.",legislative-override-court,Judicial review with delayed legislative override,administrativeLoad,0.440,0.439,0.441,9600,cluster-bootstrap-runs-200-95
legislative-high-volatility,High-volatility legislative outputs,"Imported rows with high policy-shift, reversal, or status-quo volatility signals.",legislative-override-court,Judicial review with delayed legislative override,directCourtCost,0.308,0.308,0.308,9600,cluster-bootstrap-runs-200-95
legislative-high-volatility,High-volatility legislative outputs,"Imported rows with high policy-shift, reversal, or status-quo volatility signals.",legislative-override-court,Judicial review with delayed legislative override,upstreamScreeningCost,0.682,0.681,0.682,9600,cluster-bootstrap-runs-200-95
legislative-high-volatility,High-volatility legislative outputs,"Imported rows with high policy-shift, reversal, or status-quo volatility signals.",legislative-override-court,Judicial review with delayed legislative override,capacityStrainCost,0.407,0.407,0.408,9600,cluster-bootstrap-runs-200-95
legislative-high-volatility,High-volatility legislative outputs,"Imported rows with high policy-shift, reversal, or status-quo volatility signals.",legislative-override-court,Judicial review with delayed legislative override,institutionalBudgetCost,0.380,0.380,0.380,9600,cluster-bootstrap-runs-200-95
legislative-high-volatility,High-volatility legislative outputs,"Imported rows with high policy-shift, reversal, or status-quo volatility signals.",legislative-override-court,Judicial review with delayed legislative override,institutionalDelayCost,0.447,0.447,0.448,9600,cluster-bootstrap-runs-200-95
legislative-high-volatility,High-volatility legislative outputs,"Imported rows with high policy-shift, reversal, or status-quo volatility signals.",legislative-override-court,Judicial review with delayed legislative override,implementationComplexity,0.503,0.502,0.503,9600,cluster-bootstrap-runs-200-95
legislative-high-volatility,High-volatility legislative outputs,"Imported rows with high policy-shift, reversal, or status-quo volatility signals.",legislative-override-court,Judicial review with delayed legislative override,totalInstitutionalCost,0.461,0.461,0.461,9600,cluster-bootstrap-runs-200-95
legislative-high-volatility,High-volatility legislative outputs,"Imported rows with high policy-shift, reversal, or status-quo volatility signals.",accountability-retention-court,Retention-election accountability court,directionalScore,0.735,0.729,0.741,9600,cluster-bootstrap-runs-200-95
legislative-high-volatility,High-volatility legislative outputs,"Imported rows with high policy-shift, reversal, or status-quo volatility signals.",accountability-retention-court,Retention-election accountability court,legalStability,0.938,0.937,0.939,9600,cluster-bootstrap-runs-200-95
legislative-high-volatility,High-volatility legislative outputs,"Imported rows with high policy-shift, reversal, or status-quo volatility signals.",accountability-retention-court,Retention-election accountability court,rightsProtection,0.754,0.753,0.756,9600,cluster-bootstrap-runs-200-95
legislative-high-volatility,High-volatility legislative outputs,"Imported rows with high policy-shift, reversal, or status-quo volatility signals.",accountability-retention-court,Retention-election accountability court,partisanAlignment,0.132,0.131,0.132,9600,cluster-bootstrap-runs-200-95
legislative-high-volatility,High-volatility legislative outputs,"Imported rows with high policy-shift, reversal, or status-quo volatility signals.",accountability-retention-court,Retention-election accountability court,shadowDocketAbuse,0.010,0.009,0.011,9600,cluster-bootstrap-runs-200-95
legislative-high-volatility,High-volatility legislative outputs,"Imported rows with high policy-shift, reversal, or status-quo volatility signals.",accountability-retention-court,Retention-election accountability court,legitimacy,0.740,0.739,0.741,9600,cluster-bootstrap-runs-200-95
legislative-high-volatility,High-volatility legislative outputs,"Imported rows with high policy-shift, reversal, or status-quo volatility signals.",accountability-retention-court,Retention-election accountability court,reversalRate,0.136,0.132,0.140,9600,cluster-bootstrap-runs-200-95
legislative-high-volatility,High-volatility legislative outputs,"Imported rows with high policy-shift, reversal, or status-quo volatility signals.",accountability-retention-court,Retention-election accountability court,reviewRate,1.000,1.000,1.000,9600,cluster-bootstrap-runs-200-95
legislative-high-volatility,High-volatility legislative outputs,"Imported rows with high policy-shift, reversal, or status-quo volatility signals.",accountability-retention-court,Retention-election accountability court,intakeAcceptanceRate,0.020,0.020,0.020,483560,cluster-bootstrap-runs-200-95
legislative-high-volatility,High-volatility legislative outputs,"Imported rows with high policy-shift, reversal, or status-quo volatility signals.",accountability-retention-court,Retention-election accountability court,emergencyReliefRate,0.101,0.069,0.140,306,cluster-bootstrap-runs-200-95
legislative-high-volatility,High-volatility legislative outputs,"Imported rows with high policy-shift, reversal, or status-quo volatility signals.",accountability-retention-court,Retention-election accountability court,emergencyReasonGivingRate,0.650,0.594,0.697,306,cluster-bootstrap-runs-200-95
legislative-high-volatility,High-volatility legislative outputs,"Imported rows with high policy-shift, reversal, or status-quo volatility signals.",accountability-retention-court,Retention-election accountability court,emergencyVoteDisclosureRate,0.598,0.534,0.650,306,cluster-bootstrap-runs-200-95
legislative-high-volatility,High-volatility legislative outputs,"Imported rows with high policy-shift, reversal, or status-quo volatility signals.",accountability-retention-court,Retention-election accountability court,emergencyPublicDisagreementRate,0.173,0.134,0.219,306,cluster-bootstrap-runs-200-95
legislative-high-volatility,High-volatility legislative outputs,"Imported rows with high policy-shift, reversal, or status-quo volatility signals.",accountability-retention-court,Retention-election accountability court,governmentEmergencyWinRate,0.109,0.075,0.148,306,cluster-bootstrap-runs-200-95
legislative-high-volatility,High-volatility legislative outputs,"Imported rows with high policy-shift, reversal, or status-quo volatility signals.",accountability-retention-court,Retention-election accountability court,meritsFollowUpRate,0.016,0.003,0.033,306,cluster-bootstrap-runs-200-95
legislative-high-volatility,High-volatility legislative outputs,"Imported rows with high policy-shift, reversal, or status-quo volatility signals.",accountability-retention-court,Retention-election accountability court,meritsInvalidationRate,0.140,0.137,0.144,9299,cluster-bootstrap-runs-200-95
legislative-high-volatility,High-volatility legislative outputs,"Imported rows with high policy-shift, reversal, or status-quo volatility signals.",accountability-retention-court,Retention-election accountability court,constitutionalConflict,0.241,0.238,0.243,9600,cluster-bootstrap-runs-200-95
legislative-high-volatility,High-volatility legislative outputs,"Imported rows with high policy-shift, reversal, or status-quo volatility signals.",accountability-retention-court,Retention-election accountability court,democraticResponsiveness,0.602,0.601,0.602,9600,cluster-bootstrap-runs-200-95
legislative-high-volatility,High-volatility legislative outputs,"Imported rows with high policy-shift, reversal, or status-quo volatility signals.",accountability-retention-court,Retention-election accountability court,complianceRate,0.502,0.480,0.518,9600,cluster-bootstrap-runs-200-95
legislative-high-volatility,High-volatility legislative outputs,"Imported rows with high policy-shift, reversal, or status-quo volatility signals.",accountability-retention-court,Retention-election accountability court,publicTrust,0.076,0.072,0.081,9600,cluster-bootstrap-runs-200-95
legislative-high-volatility,High-volatility legislative outputs,"Imported rows with high policy-shift, reversal, or status-quo volatility signals.",accountability-retention-court,Retention-election accountability court,administrativeLoad,0.460,0.460,0.461,9600,cluster-bootstrap-runs-200-95
legislative-high-volatility,High-volatility legislative outputs,"Imported rows with high policy-shift, reversal, or status-quo volatility signals.",accountability-retention-court,Retention-election accountability court,directCourtCost,0.320,0.320,0.320,9600,cluster-bootstrap-runs-200-95
legislative-high-volatility,High-volatility legislative outputs,"Imported rows with high policy-shift, reversal, or status-quo volatility signals.",accountability-retention-court,Retention-election accountability court,upstreamScreeningCost,0.682,0.681,0.682,9600,cluster-bootstrap-runs-200-95
legislative-high-volatility,High-volatility legislative outputs,"Imported rows with high policy-shift, reversal, or status-quo volatility signals.",accountability-retention-court,Retention-election accountability court,capacityStrainCost,0.444,0.444,0.444,9600,cluster-bootstrap-runs-200-95
legislative-high-volatility,High-volatility legislative outputs,"Imported rows with high policy-shift, reversal, or status-quo volatility signals.",accountability-retention-court,Retention-election accountability court,institutionalBudgetCost,0.391,0.391,0.391,9600,cluster-bootstrap-runs-200-95
legislative-high-volatility,High-volatility legislative outputs,"Imported rows with high policy-shift, reversal, or status-quo volatility signals.",accountability-retention-court,Retention-election accountability court,institutionalDelayCost,0.451,0.451,0.452,9600,cluster-bootstrap-runs-200-95
legislative-high-volatility,High-volatility legislative outputs,"Imported rows with high policy-shift, reversal, or status-quo volatility signals.",accountability-retention-court,Retention-election accountability court,implementationComplexity,0.529,0.529,0.529,9600,cluster-bootstrap-runs-200-95
legislative-high-volatility,High-volatility legislative outputs,"Imported rows with high policy-shift, reversal, or status-quo volatility signals.",accountability-retention-court,Retention-election accountability court,totalInstitutionalCost,0.476,0.476,0.476,9600,cluster-bootstrap-runs-200-95
legislative-high-volatility,High-volatility legislative outputs,"Imported rows with high policy-shift, reversal, or status-quo volatility signals.",independence-accountability-hybrid,Hybrid court balancing independence and accountability,directionalScore,0.743,0.737,0.748,9600,cluster-bootstrap-runs-200-95
legislative-high-volatility,High-volatility legislative outputs,"Imported rows with high policy-shift, reversal, or status-quo volatility signals.",independence-accountability-hybrid,Hybrid court balancing independence and accountability,legalStability,0.943,0.942,0.944,9600,cluster-bootstrap-runs-200-95
legislative-high-volatility,High-volatility legislative outputs,"Imported rows with high policy-shift, reversal, or status-quo volatility signals.",independence-accountability-hybrid,Hybrid court balancing independence and accountability,rightsProtection,0.771,0.771,0.772,9600,cluster-bootstrap-runs-200-95
legislative-high-volatility,High-volatility legislative outputs,"Imported rows with high policy-shift, reversal, or status-quo volatility signals.",independence-accountability-hybrid,Hybrid court balancing independence and accountability,partisanAlignment,0.135,0.134,0.136,9600,cluster-bootstrap-runs-200-95
legislative-high-volatility,High-volatility legislative outputs,"Imported rows with high policy-shift, reversal, or status-quo volatility signals.",independence-accountability-hybrid,Hybrid court balancing independence and accountability,shadowDocketAbuse,0.000,0.000,0.000,9600,cluster-bootstrap-runs-200-95
legislative-high-volatility,High-volatility legislative outputs,"Imported rows with high policy-shift, reversal, or status-quo volatility signals.",independence-accountability-hybrid,Hybrid court balancing independence and accountability,legitimacy,0.762,0.761,0.763,9600,cluster-bootstrap-runs-200-95
legislative-high-volatility,High-volatility legislative outputs,"Imported rows with high policy-shift, reversal, or status-quo volatility signals.",independence-accountability-hybrid,Hybrid court balancing independence and accountability,reversalRate,0.236,0.231,0.240,9600,cluster-bootstrap-runs-200-95
legislative-high-volatility,High-volatility legislative outputs,"Imported rows with high policy-shift, reversal, or status-quo volatility signals.",independence-accountability-hybrid,Hybrid court balancing independence and accountability,reviewRate,1.000,1.000,1.000,9600,cluster-bootstrap-runs-200-95
legislative-high-volatility,High-volatility legislative outputs,"Imported rows with high policy-shift, reversal, or status-quo volatility signals.",independence-accountability-hybrid,Hybrid court balancing independence and accountability,intakeAcceptanceRate,0.020,0.020,0.020,484624,cluster-bootstrap-runs-200-95
legislative-high-volatility,High-volatility legislative outputs,"Imported rows with high policy-shift, reversal, or status-quo volatility signals.",independence-accountability-hybrid,Hybrid court balancing independence and accountability,emergencyReliefRate,0.013,0.000,0.031,152,cluster-bootstrap-runs-200-95
legislative-high-volatility,High-volatility legislative outputs,"Imported rows with high policy-shift, reversal, or status-quo volatility signals.",independence-accountability-hybrid,Hybrid court balancing independence and accountability,emergencyReasonGivingRate,0.868,0.828,0.917,152,cluster-bootstrap-runs-200-95
legislative-high-volatility,High-volatility legislative outputs,"Imported rows with high policy-shift, reversal, or status-quo volatility signals.",independence-accountability-hybrid,Hybrid court balancing independence and accountability,emergencyVoteDisclosureRate,0.711,0.639,0.778,152,cluster-bootstrap-runs-200-95
legislative-high-volatility,High-volatility legislative outputs,"Imported rows with high policy-shift, reversal, or status-quo volatility signals.",independence-accountability-hybrid,Hybrid court balancing independence and accountability,emergencyPublicDisagreementRate,0.033,0.007,0.060,152,cluster-bootstrap-runs-200-95
legislative-high-volatility,High-volatility legislative outputs,"Imported rows with high policy-shift, reversal, or status-quo volatility signals.",independence-accountability-hybrid,Hybrid court balancing independence and accountability,governmentEmergencyWinRate,0.014,0.000,0.032,152,cluster-bootstrap-runs-200-95
legislative-high-volatility,High-volatility legislative outputs,"Imported rows with high policy-shift, reversal, or status-quo volatility signals.",independence-accountability-hybrid,Hybrid court balancing independence and accountability,meritsFollowUpRate,1.000,1.000,1.000,152,cluster-bootstrap-runs-200-95
legislative-high-volatility,High-volatility legislative outputs,"Imported rows with high policy-shift, reversal, or status-quo volatility signals.",independence-accountability-hybrid,Hybrid court balancing independence and accountability,meritsInvalidationRate,0.236,0.231,0.240,9600,cluster-bootstrap-runs-200-95
legislative-high-volatility,High-volatility legislative outputs,"Imported rows with high policy-shift, reversal, or status-quo volatility signals.",independence-accountability-hybrid,Hybrid court balancing independence and accountability,constitutionalConflict,0.232,0.231,0.233,9600,cluster-bootstrap-runs-200-95
legislative-high-volatility,High-volatility legislative outputs,"Imported rows with high policy-shift, reversal, or status-quo volatility signals.",independence-accountability-hybrid,Hybrid court balancing independence and accountability,democraticResponsiveness,0.571,0.570,0.572,9600,cluster-bootstrap-runs-200-95
legislative-high-volatility,High-volatility legislative outputs,"Imported rows with high policy-shift, reversal, or status-quo volatility signals.",independence-accountability-hybrid,Hybrid court balancing independence and accountability,complianceRate,0.483,0.467,0.500,9600,cluster-bootstrap-runs-200-95
legislative-high-volatility,High-volatility legislative outputs,"Imported rows with high policy-shift, reversal, or status-quo volatility signals.",independence-accountability-hybrid,Hybrid court balancing independence and accountability,publicTrust,0.080,0.075,0.084,9600,cluster-bootstrap-runs-200-95
legislative-high-volatility,High-volatility legislative outputs,"Imported rows with high policy-shift, reversal, or status-quo volatility signals.",independence-accountability-hybrid,Hybrid court balancing independence and accountability,administrativeLoad,0.546,0.545,0.548,9600,cluster-bootstrap-runs-200-95
legislative-high-volatility,High-volatility legislative outputs,"Imported rows with high policy-shift, reversal, or status-quo volatility signals.",independence-accountability-hybrid,Hybrid court balancing independence and accountability,directCourtCost,0.437,0.437,0.437,9600,cluster-bootstrap-runs-200-95
legislative-high-volatility,High-volatility legislative outputs,"Imported rows with high policy-shift, reversal, or status-quo volatility signals.",independence-accountability-hybrid,Hybrid court balancing independence and accountability,upstreamScreeningCost,0.682,0.681,0.682,9600,cluster-bootstrap-runs-200-95
legislative-high-volatility,High-volatility legislative outputs,"Imported rows with high policy-shift, reversal, or status-quo volatility signals.",independence-accountability-hybrid,Hybrid court balancing independence and accountability,capacityStrainCost,0.430,0.430,0.431,9600,cluster-bootstrap-runs-200-95
legislative-high-volatility,High-volatility legislative outputs,"Imported rows with high policy-shift, reversal, or status-quo volatility signals.",independence-accountability-hybrid,Hybrid court balancing independence and accountability,institutionalBudgetCost,0.508,0.508,0.508,9600,cluster-bootstrap-runs-200-95
legislative-high-volatility,High-volatility legislative outputs,"Imported rows with high policy-shift, reversal, or status-quo volatility signals.",independence-accountability-hybrid,Hybrid court balancing independence and accountability,institutionalDelayCost,0.488,0.488,0.489,9600,cluster-bootstrap-runs-200-95
legislative-high-volatility,High-volatility legislative outputs,"Imported rows with high policy-shift, reversal, or status-quo volatility signals.",independence-accountability-hybrid,Hybrid court balancing independence and accountability,implementationComplexity,0.612,0.612,0.613,9600,cluster-bootstrap-runs-200-95
legislative-high-volatility,High-volatility legislative outputs,"Imported rows with high policy-shift, reversal, or status-quo volatility signals.",independence-accountability-hybrid,Hybrid court balancing independence and accountability,totalInstitutionalCost,0.524,0.523,0.524,9600,cluster-bootstrap-runs-200-95
legislative-low-mandate,Low-mandate legislative outputs,"Imported rows with weak public mandate, low support, or public-preference distortion.",current-federal-court,Current-style federal supreme court,directionalScore,0.616,0.607,0.624,9600,cluster-bootstrap-runs-200-95
legislative-low-mandate,Low-mandate legislative outputs,"Imported rows with weak public mandate, low support, or public-preference distortion.",current-federal-court,Current-style federal supreme court,legalStability,0.915,0.914,0.916,9600,cluster-bootstrap-runs-200-95
legislative-low-mandate,Low-mandate legislative outputs,"Imported rows with weak public mandate, low support, or public-preference distortion.",current-federal-court,Current-style federal supreme court,rightsProtection,0.752,0.750,0.753,9600,cluster-bootstrap-runs-200-95
legislative-low-mandate,Low-mandate legislative outputs,"Imported rows with weak public mandate, low support, or public-preference distortion.",current-federal-court,Current-style federal supreme court,partisanAlignment,0.161,0.160,0.162,9600,cluster-bootstrap-runs-200-95
legislative-low-mandate,Low-mandate legislative outputs,"Imported rows with weak public mandate, low support, or public-preference distortion.",current-federal-court,Current-style federal supreme court,shadowDocketAbuse,0.006,0.004,0.007,9600,cluster-bootstrap-runs-200-95
legislative-low-mandate,Low-mandate legislative outputs,"Imported rows with weak public mandate, low support, or public-preference distortion.",current-federal-court,Current-style federal supreme court,legitimacy,0.670,0.669,0.670,9600,cluster-bootstrap-runs-200-95
legislative-low-mandate,Low-mandate legislative outputs,"Imported rows with weak public mandate, low support, or public-preference distortion.",current-federal-court,Current-style federal supreme court,reversalRate,0.305,0.299,0.312,9600,cluster-bootstrap-runs-200-95
legislative-low-mandate,Low-mandate legislative outputs,"Imported rows with weak public mandate, low support, or public-preference distortion.",current-federal-court,Current-style federal supreme court,reviewRate,1.000,1.000,1.000,9600,cluster-bootstrap-runs-200-95
legislative-low-mandate,Low-mandate legislative outputs,"Imported rows with weak public mandate, low support, or public-preference distortion.",current-federal-court,Current-style federal supreme court,intakeAcceptanceRate,0.020,0.019,0.020,491656,cluster-bootstrap-runs-200-95
legislative-low-mandate,Low-mandate legislative outputs,"Imported rows with weak public mandate, low support, or public-preference distortion.",current-federal-court,Current-style federal supreme court,emergencyReliefRate,0.513,0.411,0.620,76,cluster-bootstrap-runs-200-95
legislative-low-mandate,Low-mandate legislative outputs,"Imported rows with weak public mandate, low support, or public-preference distortion.",current-federal-court,Current-style federal supreme court,emergencyReasonGivingRate,0.013,0.000,0.047,76,cluster-bootstrap-runs-200-95
legislative-low-mandate,Low-mandate legislative outputs,"Imported rows with weak public mandate, low support, or public-preference distortion.",current-federal-court,Current-style federal supreme court,emergencyVoteDisclosureRate,0.395,0.287,0.506,76,cluster-bootstrap-runs-200-95
legislative-low-mandate,Low-mandate legislative outputs,"Imported rows with weak public mandate, low support, or public-preference distortion.",current-federal-court,Current-style federal supreme court,emergencyPublicDisagreementRate,0.605,0.500,0.723,76,cluster-bootstrap-runs-200-95
legislative-low-mandate,Low-mandate legislative outputs,"Imported rows with weak public mandate, low support, or public-preference distortion.",current-federal-court,Current-style federal supreme court,governmentEmergencyWinRate,0.534,0.429,0.639,76,cluster-bootstrap-runs-200-95
legislative-low-mandate,Low-mandate legislative outputs,"Imported rows with weak public mandate, low support, or public-preference distortion.",current-federal-court,Current-style federal supreme court,meritsFollowUpRate,0.000,0.000,0.000,76,cluster-bootstrap-runs-200-95
legislative-low-mandate,Low-mandate legislative outputs,"Imported rows with weak public mandate, low support, or public-preference distortion.",current-federal-court,Current-style federal supreme court,meritsInvalidationRate,0.308,0.301,0.315,9524,cluster-bootstrap-runs-200-95
legislative-low-mandate,Low-mandate legislative outputs,"Imported rows with weak public mandate, low support, or public-preference distortion.",current-federal-court,Current-style federal supreme court,constitutionalConflict,0.250,0.248,0.251,9600,cluster-bootstrap-runs-200-95
legislative-low-mandate,Low-mandate legislative outputs,"Imported rows with weak public mandate, low support, or public-preference distortion.",current-federal-court,Current-style federal supreme court,democraticResponsiveness,0.540,0.538,0.542,9600,cluster-bootstrap-runs-200-95
legislative-low-mandate,Low-mandate legislative outputs,"Imported rows with weak public mandate, low support, or public-preference distortion.",current-federal-court,Current-style federal supreme court,complianceRate,0.408,0.397,0.421,9600,cluster-bootstrap-runs-200-95
legislative-low-mandate,Low-mandate legislative outputs,"Imported rows with weak public mandate, low support, or public-preference distortion.",current-federal-court,Current-style federal supreme court,publicTrust,0.060,0.057,0.063,9600,cluster-bootstrap-runs-200-95
legislative-low-mandate,Low-mandate legislative outputs,"Imported rows with weak public mandate, low support, or public-preference distortion.",current-federal-court,Current-style federal supreme court,administrativeLoad,0.421,0.420,0.422,9600,cluster-bootstrap-runs-200-95
legislative-low-mandate,Low-mandate legislative outputs,"Imported rows with weak public mandate, low support, or public-preference distortion.",current-federal-court,Current-style federal supreme court,directCourtCost,0.301,0.301,0.302,9600,cluster-bootstrap-runs-200-95
legislative-low-mandate,Low-mandate legislative outputs,"Imported rows with weak public mandate, low support, or public-preference distortion.",current-federal-court,Current-style federal supreme court,upstreamScreeningCost,0.677,0.676,0.678,9600,cluster-bootstrap-runs-200-95
legislative-low-mandate,Low-mandate legislative outputs,"Imported rows with weak public mandate, low support, or public-preference distortion.",current-federal-court,Current-style federal supreme court,capacityStrainCost,0.389,0.389,0.389,9600,cluster-bootstrap-runs-200-95
legislative-low-mandate,Low-mandate legislative outputs,"Imported rows with weak public mandate, low support, or public-preference distortion.",current-federal-court,Current-style federal supreme court,institutionalBudgetCost,0.373,0.373,0.373,9600,cluster-bootstrap-runs-200-95
legislative-low-mandate,Low-mandate legislative outputs,"Imported rows with weak public mandate, low support, or public-preference distortion.",current-federal-court,Current-style federal supreme court,institutionalDelayCost,0.447,0.447,0.447,9600,cluster-bootstrap-runs-200-95
legislative-low-mandate,Low-mandate legislative outputs,"Imported rows with weak public mandate, low support, or public-preference distortion.",current-federal-court,Current-style federal supreme court,implementationComplexity,0.416,0.416,0.416,9600,cluster-bootstrap-runs-200-95
legislative-low-mandate,Low-mandate legislative outputs,"Imported rows with weak public mandate, low support, or public-preference distortion.",current-federal-court,Current-style federal supreme court,totalInstitutionalCost,0.440,0.439,0.440,9600,cluster-bootstrap-runs-200-95
legislative-low-mandate,Low-mandate legislative outputs,"Imported rows with weak public mandate, low support, or public-preference distortion.",eighteen-year-terms,Staggered 18-year nonrenewable terms,directionalScore,0.643,0.632,0.652,9600,cluster-bootstrap-runs-200-95
legislative-low-mandate,Low-mandate legislative outputs,"Imported rows with weak public mandate, low support, or public-preference distortion.",eighteen-year-terms,Staggered 18-year nonrenewable terms,legalStability,0.929,0.928,0.931,9600,cluster-bootstrap-runs-200-95
legislative-low-mandate,Low-mandate legislative outputs,"Imported rows with weak public mandate, low support, or public-preference distortion.",eighteen-year-terms,Staggered 18-year nonrenewable terms,rightsProtection,0.757,0.756,0.758,9600,cluster-bootstrap-runs-200-95
legislative-low-mandate,Low-mandate legislative outputs,"Imported rows with weak public mandate, low support, or public-preference distortion.",eighteen-year-terms,Staggered 18-year nonrenewable terms,partisanAlignment,0.145,0.144,0.145,9600,cluster-bootstrap-runs-200-95
legislative-low-mandate,Low-mandate legislative outputs,"Imported rows with weak public mandate, low support, or public-preference distortion.",eighteen-year-terms,Staggered 18-year nonrenewable terms,shadowDocketAbuse,0.005,0.004,0.006,9600,cluster-bootstrap-runs-200-95
legislative-low-mandate,Low-mandate legislative outputs,"Imported rows with weak public mandate, low support, or public-preference distortion.",eighteen-year-terms,Staggered 18-year nonrenewable terms,legitimacy,0.683,0.682,0.684,9600,cluster-bootstrap-runs-200-95
legislative-low-mandate,Low-mandate legislative outputs,"Imported rows with weak public mandate, low support, or public-preference distortion.",eighteen-year-terms,Staggered 18-year nonrenewable terms,reversalRate,0.246,0.240,0.252,9600,cluster-bootstrap-runs-200-95
legislative-low-mandate,Low-mandate legislative outputs,"Imported rows with weak public mandate, low support, or public-preference distortion.",eighteen-year-terms,Staggered 18-year nonrenewable terms,reviewRate,1.000,1.000,1.000,9600,cluster-bootstrap-runs-200-95
legislative-low-mandate,Low-mandate legislative outputs,"Imported rows with weak public mandate, low support, or public-preference distortion.",eighteen-year-terms,Staggered 18-year nonrenewable terms,intakeAcceptanceRate,0.020,0.020,0.020,491656,cluster-bootstrap-runs-200-95
legislative-low-mandate,Low-mandate legislative outputs,"Imported rows with weak public mandate, low support, or public-preference distortion.",eighteen-year-terms,Staggered 18-year nonrenewable terms,emergencyReliefRate,0.360,0.250,0.474,75,cluster-bootstrap-runs-200-95
legislative-low-mandate,Low-mandate legislative outputs,"Imported rows with weak public mandate, low support, or public-preference distortion.",eighteen-year-terms,Staggered 18-year nonrenewable terms,emergencyReasonGivingRate,0.013,0.000,0.041,75,cluster-bootstrap-runs-200-95
legislative-low-mandate,Low-mandate legislative outputs,"Imported rows with weak public mandate, low support, or public-preference distortion.",eighteen-year-terms,Staggered 18-year nonrenewable terms,emergencyVoteDisclosureRate,0.373,0.254,0.471,75,cluster-bootstrap-runs-200-95
legislative-low-mandate,Low-mandate legislative outputs,"Imported rows with weak public mandate, low support, or public-preference distortion.",eighteen-year-terms,Staggered 18-year nonrenewable terms,emergencyPublicDisagreementRate,0.453,0.338,0.574,75,cluster-bootstrap-runs-200-95
legislative-low-mandate,Low-mandate legislative outputs,"Imported rows with weak public mandate, low support, or public-preference distortion.",eighteen-year-terms,Staggered 18-year nonrenewable terms,governmentEmergencyWinRate,0.365,0.253,0.480,75,cluster-bootstrap-runs-200-95
legislative-low-mandate,Low-mandate legislative outputs,"Imported rows with weak public mandate, low support, or public-preference distortion.",eighteen-year-terms,Staggered 18-year nonrenewable terms,meritsFollowUpRate,0.000,0.000,0.000,75,cluster-bootstrap-runs-200-95
legislative-low-mandate,Low-mandate legislative outputs,"Imported rows with weak public mandate, low support, or public-preference distortion.",eighteen-year-terms,Staggered 18-year nonrenewable terms,meritsInvalidationRate,0.248,0.242,0.254,9525,cluster-bootstrap-runs-200-95
legislative-low-mandate,Low-mandate legislative outputs,"Imported rows with weak public mandate, low support, or public-preference distortion.",eighteen-year-terms,Staggered 18-year nonrenewable terms,constitutionalConflict,0.236,0.234,0.237,9600,cluster-bootstrap-runs-200-95
legislative-low-mandate,Low-mandate legislative outputs,"Imported rows with weak public mandate, low support, or public-preference distortion.",eighteen-year-terms,Staggered 18-year nonrenewable terms,democraticResponsiveness,0.558,0.556,0.560,9600,cluster-bootstrap-runs-200-95
legislative-low-mandate,Low-mandate legislative outputs,"Imported rows with weak public mandate, low support, or public-preference distortion.",eighteen-year-terms,Staggered 18-year nonrenewable terms,complianceRate,0.417,0.407,0.431,9600,cluster-bootstrap-runs-200-95
legislative-low-mandate,Low-mandate legislative outputs,"Imported rows with weak public mandate, low support, or public-preference distortion.",eighteen-year-terms,Staggered 18-year nonrenewable terms,publicTrust,0.072,0.068,0.076,9600,cluster-bootstrap-runs-200-95
legislative-low-mandate,Low-mandate legislative outputs,"Imported rows with weak public mandate, low support, or public-preference distortion.",eighteen-year-terms,Staggered 18-year nonrenewable terms,administrativeLoad,0.429,0.429,0.430,9600,cluster-bootstrap-runs-200-95
legislative-low-mandate,Low-mandate legislative outputs,"Imported rows with weak public mandate, low support, or public-preference distortion.",eighteen-year-terms,Staggered 18-year nonrenewable terms,directCourtCost,0.306,0.306,0.306,9600,cluster-bootstrap-runs-200-95
legislative-low-mandate,Low-mandate legislative outputs,"Imported rows with weak public mandate, low support, or public-preference distortion.",eighteen-year-terms,Staggered 18-year nonrenewable terms,upstreamScreeningCost,0.677,0.676,0.678,9600,cluster-bootstrap-runs-200-95
legislative-low-mandate,Low-mandate legislative outputs,"Imported rows with weak public mandate, low support, or public-preference distortion.",eighteen-year-terms,Staggered 18-year nonrenewable terms,capacityStrainCost,0.403,0.403,0.404,9600,cluster-bootstrap-runs-200-95
legislative-low-mandate,Low-mandate legislative outputs,"Imported rows with weak public mandate, low support, or public-preference distortion.",eighteen-year-terms,Staggered 18-year nonrenewable terms,institutionalBudgetCost,0.377,0.377,0.377,9600,cluster-bootstrap-runs-200-95
legislative-low-mandate,Low-mandate legislative outputs,"Imported rows with weak public mandate, low support, or public-preference distortion.",eighteen-year-terms,Staggered 18-year nonrenewable terms,institutionalDelayCost,0.449,0.448,0.449,9600,cluster-bootstrap-runs-200-95
legislative-low-mandate,Low-mandate legislative outputs,"Imported rows with weak public mandate, low support, or public-preference distortion.",eighteen-year-terms,Staggered 18-year nonrenewable terms,implementationComplexity,0.418,0.418,0.418,9600,cluster-bootstrap-runs-200-95
legislative-low-mandate,Low-mandate legislative outputs,"Imported rows with weak public mandate, low support, or public-preference distortion.",eighteen-year-terms,Staggered 18-year nonrenewable terms,totalInstitutionalCost,0.444,0.444,0.445,9600,cluster-bootstrap-runs-200-95
legislative-low-mandate,Low-mandate legislative outputs,"Imported rows with weak public mandate, low support, or public-preference distortion.",fifteen-justice-commission,Fifteen-justice supermajority commission court,directionalScore,0.706,0.682,0.731,9600,cluster-bootstrap-runs-200-95
legislative-low-mandate,Low-mandate legislative outputs,"Imported rows with weak public mandate, low support, or public-preference distortion.",fifteen-justice-commission,Fifteen-justice supermajority commission court,legalStability,0.945,0.944,0.946,9600,cluster-bootstrap-runs-200-95
legislative-low-mandate,Low-mandate legislative outputs,"Imported rows with weak public mandate, low support, or public-preference distortion.",fifteen-justice-commission,Fifteen-justice supermajority commission court,rightsProtection,0.762,0.761,0.763,9600,cluster-bootstrap-runs-200-95
legislative-low-mandate,Low-mandate legislative outputs,"Imported rows with weak public mandate, low support, or public-preference distortion.",fifteen-justice-commission,Fifteen-justice supermajority commission court,partisanAlignment,0.124,0.123,0.125,9600,cluster-bootstrap-runs-200-95
legislative-low-mandate,Low-mandate legislative outputs,"Imported rows with weak public mandate, low support, or public-preference distortion.",fifteen-justice-commission,Fifteen-justice supermajority commission court,shadowDocketAbuse,0.000,0.000,0.001,9600,cluster-bootstrap-runs-200-95
legislative-low-mandate,Low-mandate legislative outputs,"Imported rows with weak public mandate, low support, or public-preference distortion.",fifteen-justice-commission,Fifteen-justice supermajority commission court,legitimacy,0.734,0.734,0.735,9600,cluster-bootstrap-runs-200-95
legislative-low-mandate,Low-mandate legislative outputs,"Imported rows with weak public mandate, low support, or public-preference distortion.",fifteen-justice-commission,Fifteen-justice supermajority commission court,reversalRate,0.196,0.192,0.202,9600,cluster-bootstrap-runs-200-95
legislative-low-mandate,Low-mandate legislative outputs,"Imported rows with weak public mandate, low support, or public-preference distortion.",fifteen-justice-commission,Fifteen-justice supermajority commission court,reviewRate,1.000,1.000,1.000,9600,cluster-bootstrap-runs-200-95
legislative-low-mandate,Low-mandate legislative outputs,"Imported rows with weak public mandate, low support, or public-preference distortion.",fifteen-justice-commission,Fifteen-justice supermajority commission court,intakeAcceptanceRate,0.020,0.019,0.020,492086,cluster-bootstrap-runs-200-95
legislative-low-mandate,Low-mandate legislative outputs,"Imported rows with weak public mandate, low support, or public-preference distortion.",fifteen-justice-commission,Fifteen-justice supermajority commission court,emergencyReliefRate,0.000,0.000,0.000,10,cluster-bootstrap-runs-200-95
legislative-low-mandate,Low-mandate legislative outputs,"Imported rows with weak public mandate, low support, or public-preference distortion.",fifteen-justice-commission,Fifteen-justice supermajority commission court,emergencyReasonGivingRate,0.400,0.142,0.715,10,cluster-bootstrap-runs-200-95
legislative-low-mandate,Low-mandate legislative outputs,"Imported rows with weak public mandate, low support, or public-preference distortion.",fifteen-justice-commission,Fifteen-justice supermajority commission court,emergencyVoteDisclosureRate,0.500,0.249,0.833,10,cluster-bootstrap-runs-200-95
legislative-low-mandate,Low-mandate legislative outputs,"Imported rows with weak public mandate, low support, or public-preference distortion.",fifteen-justice-commission,Fifteen-justice supermajority commission court,emergencyPublicDisagreementRate,0.400,0.125,0.750,10,cluster-bootstrap-runs-200-95
legislative-low-mandate,Low-mandate legislative outputs,"Imported rows with weak public mandate, low support, or public-preference distortion.",fifteen-justice-commission,Fifteen-justice supermajority commission court,governmentEmergencyWinRate,0.000,0.000,0.000,10,cluster-bootstrap-runs-200-95
legislative-low-mandate,Low-mandate legislative outputs,"Imported rows with weak public mandate, low support, or public-preference distortion.",fifteen-justice-commission,Fifteen-justice supermajority commission court,meritsFollowUpRate,0.000,0.000,0.000,10,cluster-bootstrap-runs-200-95
legislative-low-mandate,Low-mandate legislative outputs,"Imported rows with weak public mandate, low support, or public-preference distortion.",fifteen-justice-commission,Fifteen-justice supermajority commission court,meritsInvalidationRate,0.197,0.192,0.202,9590,cluster-bootstrap-runs-200-95
legislative-low-mandate,Low-mandate legislative outputs,"Imported rows with weak public mandate, low support, or public-preference distortion.",fifteen-justice-commission,Fifteen-justice supermajority commission court,constitutionalConflict,0.223,0.221,0.224,9600,cluster-bootstrap-runs-200-95
legislative-low-mandate,Low-mandate legislative outputs,"Imported rows with weak public mandate, low support, or public-preference distortion.",fifteen-justice-commission,Fifteen-justice supermajority commission court,democraticResponsiveness,0.574,0.572,0.575,9600,cluster-bootstrap-runs-200-95
legislative-low-mandate,Low-mandate legislative outputs,"Imported rows with weak public mandate, low support, or public-preference distortion.",fifteen-justice-commission,Fifteen-justice supermajority commission court,complianceRate,0.478,0.459,0.494,9600,cluster-bootstrap-runs-200-95
legislative-low-mandate,Low-mandate legislative outputs,"Imported rows with weak public mandate, low support, or public-preference distortion.",fifteen-justice-commission,Fifteen-justice supermajority commission court,publicTrust,0.093,0.089,0.097,9600,cluster-bootstrap-runs-200-95
legislative-low-mandate,Low-mandate legislative outputs,"Imported rows with weak public mandate, low support, or public-preference distortion.",fifteen-justice-commission,Fifteen-justice supermajority commission court,administrativeLoad,0.440,0.439,0.441,9600,cluster-bootstrap-runs-200-95
legislative-low-mandate,Low-mandate legislative outputs,"Imported rows with weak public mandate, low support, or public-preference distortion.",fifteen-justice-commission,Fifteen-justice supermajority commission court,directCourtCost,0.361,0.360,0.361,9600,cluster-bootstrap-runs-200-95
legislative-low-mandate,Low-mandate legislative outputs,"Imported rows with weak public mandate, low support, or public-preference distortion.",fifteen-justice-commission,Fifteen-justice supermajority commission court,upstreamScreeningCost,0.677,0.676,0.678,9600,cluster-bootstrap-runs-200-95
legislative-low-mandate,Low-mandate legislative outputs,"Imported rows with weak public mandate, low support, or public-preference distortion.",fifteen-justice-commission,Fifteen-justice supermajority commission court,capacityStrainCost,0.410,0.410,0.411,9600,cluster-bootstrap-runs-200-95
legislative-low-mandate,Low-mandate legislative outputs,"Imported rows with weak public mandate, low support, or public-preference distortion.",fifteen-justice-commission,Fifteen-justice supermajority commission court,institutionalBudgetCost,0.432,0.432,0.432,9600,cluster-bootstrap-runs-200-95
legislative-low-mandate,Low-mandate legislative outputs,"Imported rows with weak public mandate, low support, or public-preference distortion.",fifteen-justice-commission,Fifteen-justice supermajority commission court,institutionalDelayCost,0.450,0.449,0.450,9600,cluster-bootstrap-runs-200-95
legislative-low-mandate,Low-mandate legislative outputs,"Imported rows with weak public mandate, low support, or public-preference distortion.",fifteen-justice-commission,Fifteen-justice supermajority commission court,implementationComplexity,0.441,0.440,0.441,9600,cluster-bootstrap-runs-200-95
legislative-low-mandate,Low-mandate legislative outputs,"Imported rows with weak public mandate, low support, or public-preference distortion.",fifteen-justice-commission,Fifteen-justice supermajority commission court,totalInstitutionalCost,0.463,0.463,0.464,9600,cluster-bootstrap-runs-200-95
legislative-low-mandate,Low-mandate legislative outputs,"Imported rows with weak public mandate, low support, or public-preference distortion.",supermajority-invalidation,Supermajority required to invalidate laws,directionalScore,0.688,0.673,0.707,9600,cluster-bootstrap-runs-200-95
legislative-low-mandate,Low-mandate legislative outputs,"Imported rows with weak public mandate, low support, or public-preference distortion.",supermajority-invalidation,Supermajority required to invalidate laws,legalStability,0.948,0.947,0.949,9600,cluster-bootstrap-runs-200-95
legislative-low-mandate,Low-mandate legislative outputs,"Imported rows with weak public mandate, low support, or public-preference distortion.",supermajority-invalidation,Supermajority required to invalidate laws,rightsProtection,0.761,0.760,0.761,9600,cluster-bootstrap-runs-200-95
legislative-low-mandate,Low-mandate legislative outputs,"Imported rows with weak public mandate, low support, or public-preference distortion.",supermajority-invalidation,Supermajority required to invalidate laws,partisanAlignment,0.141,0.141,0.142,9600,cluster-bootstrap-runs-200-95
legislative-low-mandate,Low-mandate legislative outputs,"Imported rows with weak public mandate, low support, or public-preference distortion.",supermajority-invalidation,Supermajority required to invalidate laws,shadowDocketAbuse,0.000,0.000,0.000,9600,cluster-bootstrap-runs-200-95
legislative-low-mandate,Low-mandate legislative outputs,"Imported rows with weak public mandate, low support, or public-preference distortion.",supermajority-invalidation,Supermajority required to invalidate laws,legitimacy,0.709,0.708,0.710,9600,cluster-bootstrap-runs-200-95
legislative-low-mandate,Low-mandate legislative outputs,"Imported rows with weak public mandate, low support, or public-preference distortion.",supermajority-invalidation,Supermajority required to invalidate laws,reversalRate,0.204,0.199,0.209,9600,cluster-bootstrap-runs-200-95
legislative-low-mandate,Low-mandate legislative outputs,"Imported rows with weak public mandate, low support, or public-preference distortion.",supermajority-invalidation,Supermajority required to invalidate laws,reviewRate,1.000,1.000,1.000,9600,cluster-bootstrap-runs-200-95
legislative-low-mandate,Low-mandate legislative outputs,"Imported rows with weak public mandate, low support, or public-preference distortion.",supermajority-invalidation,Supermajority required to invalidate laws,intakeAcceptanceRate,0.020,0.019,0.020,492114,cluster-bootstrap-runs-200-95
legislative-low-mandate,Low-mandate legislative outputs,"Imported rows with weak public mandate, low support, or public-preference distortion.",supermajority-invalidation,Supermajority required to invalidate laws,emergencyReliefRate,0.000,0.000,0.000,6,cluster-bootstrap-runs-200-95
legislative-low-mandate,Low-mandate legislative outputs,"Imported rows with weak public mandate, low support, or public-preference distortion.",supermajority-invalidation,Supermajority required to invalidate laws,emergencyReasonGivingRate,0.333,0.000,0.878,6,cluster-bootstrap-runs-200-95
legislative-low-mandate,Low-mandate legislative outputs,"Imported rows with weak public mandate, low support, or public-preference distortion.",supermajority-invalidation,Supermajority required to invalidate laws,emergencyVoteDisclosureRate,0.333,0.000,0.750,6,cluster-bootstrap-runs-200-95
legislative-low-mandate,Low-mandate legislative outputs,"Imported rows with weak public mandate, low support, or public-preference distortion.",supermajority-invalidation,Supermajority required to invalidate laws,emergencyPublicDisagreementRate,0.333,0.000,0.751,6,cluster-bootstrap-runs-200-95
legislative-low-mandate,Low-mandate legislative outputs,"Imported rows with weak public mandate, low support, or public-preference distortion.",supermajority-invalidation,Supermajority required to invalidate laws,governmentEmergencyWinRate,0.000,0.000,0.000,6,cluster-bootstrap-runs-200-95
legislative-low-mandate,Low-mandate legislative outputs,"Imported rows with weak public mandate, low support, or public-preference distortion.",supermajority-invalidation,Supermajority required to invalidate laws,meritsFollowUpRate,0.000,0.000,0.000,6,cluster-bootstrap-runs-200-95
legislative-low-mandate,Low-mandate legislative outputs,"Imported rows with weak public mandate, low support, or public-preference distortion.",supermajority-invalidation,Supermajority required to invalidate laws,meritsInvalidationRate,0.204,0.199,0.209,9594,cluster-bootstrap-runs-200-95
legislative-low-mandate,Low-mandate legislative outputs,"Imported rows with weak public mandate, low support, or public-preference distortion.",supermajority-invalidation,Supermajority required to invalidate laws,constitutionalConflict,0.225,0.223,0.226,9600,cluster-bootstrap-runs-200-95
legislative-low-mandate,Low-mandate legislative outputs,"Imported rows with weak public mandate, low support, or public-preference distortion.",supermajority-invalidation,Supermajority required to invalidate laws,democraticResponsiveness,0.571,0.570,0.573,9600,cluster-bootstrap-runs-200-95
legislative-low-mandate,Low-mandate legislative outputs,"Imported rows with weak public mandate, low support, or public-preference distortion.",supermajority-invalidation,Supermajority required to invalidate laws,complianceRate,0.459,0.446,0.472,9600,cluster-bootstrap-runs-200-95
legislative-low-mandate,Low-mandate legislative outputs,"Imported rows with weak public mandate, low support, or public-preference distortion.",supermajority-invalidation,Supermajority required to invalidate laws,publicTrust,0.085,0.081,0.089,9600,cluster-bootstrap-runs-200-95
legislative-low-mandate,Low-mandate legislative outputs,"Imported rows with weak public mandate, low support, or public-preference distortion.",supermajority-invalidation,Supermajority required to invalidate laws,administrativeLoad,0.421,0.420,0.421,9600,cluster-bootstrap-runs-200-95
legislative-low-mandate,Low-mandate legislative outputs,"Imported rows with weak public mandate, low support, or public-preference distortion.",supermajority-invalidation,Supermajority required to invalidate laws,directCourtCost,0.302,0.302,0.302,9600,cluster-bootstrap-runs-200-95
legislative-low-mandate,Low-mandate legislative outputs,"Imported rows with weak public mandate, low support, or public-preference distortion.",supermajority-invalidation,Supermajority required to invalidate laws,upstreamScreeningCost,0.677,0.676,0.678,9600,cluster-bootstrap-runs-200-95
legislative-low-mandate,Low-mandate legislative outputs,"Imported rows with weak public mandate, low support, or public-preference distortion.",supermajority-invalidation,Supermajority required to invalidate laws,capacityStrainCost,0.389,0.389,0.389,9600,cluster-bootstrap-runs-200-95
legislative-low-mandate,Low-mandate legislative outputs,"Imported rows with weak public mandate, low support, or public-preference distortion.",supermajority-invalidation,Supermajority required to invalidate laws,institutionalBudgetCost,0.373,0.373,0.373,9600,cluster-bootstrap-runs-200-95
legislative-low-mandate,Low-mandate legislative outputs,"Imported rows with weak public mandate, low support, or public-preference distortion.",supermajority-invalidation,Supermajority required to invalidate laws,institutionalDelayCost,0.447,0.447,0.448,9600,cluster-bootstrap-runs-200-95
legislative-low-mandate,Low-mandate legislative outputs,"Imported rows with weak public mandate, low support, or public-preference distortion.",supermajority-invalidation,Supermajority required to invalidate laws,implementationComplexity,0.477,0.477,0.477,9600,cluster-bootstrap-runs-200-95
legislative-low-mandate,Low-mandate legislative outputs,"Imported rows with weak public mandate, low support, or public-preference distortion.",supermajority-invalidation,Supermajority required to invalidate laws,totalInstitutionalCost,0.450,0.450,0.450,9600,cluster-bootstrap-runs-200-95
legislative-low-mandate,Low-mandate legislative outputs,"Imported rows with weak public mandate, low support, or public-preference distortion.",strict-recusal-court,Strict recusal with substitute justices,directionalScore,0.749,0.734,0.767,9600,cluster-bootstrap-runs-200-95
legislative-low-mandate,Low-mandate legislative outputs,"Imported rows with weak public mandate, low support, or public-preference distortion.",strict-recusal-court,Strict recusal with substitute justices,legalStability,0.947,0.946,0.948,9600,cluster-bootstrap-runs-200-95
legislative-low-mandate,Low-mandate legislative outputs,"Imported rows with weak public mandate, low support, or public-preference distortion.",strict-recusal-court,Strict recusal with substitute justices,rightsProtection,0.763,0.762,0.764,9600,cluster-bootstrap-runs-200-95
legislative-low-mandate,Low-mandate legislative outputs,"Imported rows with weak public mandate, low support, or public-preference distortion.",strict-recusal-court,Strict recusal with substitute justices,partisanAlignment,0.123,0.123,0.124,9600,cluster-bootstrap-runs-200-95
legislative-low-mandate,Low-mandate legislative outputs,"Imported rows with weak public mandate, low support, or public-preference distortion.",strict-recusal-court,Strict recusal with substitute justices,shadowDocketAbuse,0.000,0.000,0.001,9600,cluster-bootstrap-runs-200-95
legislative-low-mandate,Low-mandate legislative outputs,"Imported rows with weak public mandate, low support, or public-preference distortion.",strict-recusal-court,Strict recusal with substitute justices,legitimacy,0.755,0.754,0.756,9600,cluster-bootstrap-runs-200-95
legislative-low-mandate,Low-mandate legislative outputs,"Imported rows with weak public mandate, low support, or public-preference distortion.",strict-recusal-court,Strict recusal with substitute justices,reversalRate,0.183,0.178,0.187,9600,cluster-bootstrap-runs-200-95
legislative-low-mandate,Low-mandate legislative outputs,"Imported rows with weak public mandate, low support, or public-preference distortion.",strict-recusal-court,Strict recusal with substitute justices,reviewRate,1.000,1.000,1.000,9600,cluster-bootstrap-runs-200-95
legislative-low-mandate,Low-mandate legislative outputs,"Imported rows with weak public mandate, low support, or public-preference distortion.",strict-recusal-court,Strict recusal with substitute justices,intakeAcceptanceRate,0.020,0.019,0.020,492076,cluster-bootstrap-runs-200-95
legislative-low-mandate,Low-mandate legislative outputs,"Imported rows with weak public mandate, low support, or public-preference distortion.",strict-recusal-court,Strict recusal with substitute justices,emergencyReliefRate,0.000,0.000,0.000,12,cluster-bootstrap-runs-200-95
legislative-low-mandate,Low-mandate legislative outputs,"Imported rows with weak public mandate, low support, or public-preference distortion.",strict-recusal-court,Strict recusal with substitute justices,emergencyReasonGivingRate,0.833,0.599,1.000,12,cluster-bootstrap-runs-200-95
legislative-low-mandate,Low-mandate legislative outputs,"Imported rows with weak public mandate, low support, or public-preference distortion.",strict-recusal-court,Strict recusal with substitute justices,emergencyVoteDisclosureRate,0.500,0.200,0.800,12,cluster-bootstrap-runs-200-95
legislative-low-mandate,Low-mandate legislative outputs,"Imported rows with weak public mandate, low support, or public-preference distortion.",strict-recusal-court,Strict recusal with substitute justices,emergencyPublicDisagreementRate,0.083,0.000,0.300,12,cluster-bootstrap-runs-200-95
legislative-low-mandate,Low-mandate legislative outputs,"Imported rows with weak public mandate, low support, or public-preference distortion.",strict-recusal-court,Strict recusal with substitute justices,governmentEmergencyWinRate,0.000,0.000,0.000,12,cluster-bootstrap-runs-200-95
legislative-low-mandate,Low-mandate legislative outputs,"Imported rows with weak public mandate, low support, or public-preference distortion.",strict-recusal-court,Strict recusal with substitute justices,meritsFollowUpRate,0.000,0.000,0.000,12,cluster-bootstrap-runs-200-95
legislative-low-mandate,Low-mandate legislative outputs,"Imported rows with weak public mandate, low support, or public-preference distortion.",strict-recusal-court,Strict recusal with substitute justices,meritsInvalidationRate,0.183,0.178,0.187,9588,cluster-bootstrap-runs-200-95
legislative-low-mandate,Low-mandate legislative outputs,"Imported rows with weak public mandate, low support, or public-preference distortion.",strict-recusal-court,Strict recusal with substitute justices,constitutionalConflict,0.220,0.219,0.221,9600,cluster-bootstrap-runs-200-95
legislative-low-mandate,Low-mandate legislative outputs,"Imported rows with weak public mandate, low support, or public-preference distortion.",strict-recusal-court,Strict recusal with substitute justices,democraticResponsiveness,0.578,0.576,0.579,9600,cluster-bootstrap-runs-200-95
legislative-low-mandate,Low-mandate legislative outputs,"Imported rows with weak public mandate, low support, or public-preference distortion.",strict-recusal-court,Strict recusal with substitute justices,complianceRate,0.519,0.499,0.542,9600,cluster-bootstrap-runs-200-95
legislative-low-mandate,Low-mandate legislative outputs,"Imported rows with weak public mandate, low support, or public-preference distortion.",strict-recusal-court,Strict recusal with substitute justices,publicTrust,0.106,0.100,0.111,9600,cluster-bootstrap-runs-200-95
legislative-low-mandate,Low-mandate legislative outputs,"Imported rows with weak public mandate, low support, or public-preference distortion.",strict-recusal-court,Strict recusal with substitute justices,administrativeLoad,0.441,0.440,0.441,9600,cluster-bootstrap-runs-200-95
legislative-low-mandate,Low-mandate legislative outputs,"Imported rows with weak public mandate, low support, or public-preference distortion.",strict-recusal-court,Strict recusal with substitute justices,directCourtCost,0.360,0.359,0.360,9600,cluster-bootstrap-runs-200-95
legislative-low-mandate,Low-mandate legislative outputs,"Imported rows with weak public mandate, low support, or public-preference distortion.",strict-recusal-court,Strict recusal with substitute justices,upstreamScreeningCost,0.677,0.676,0.678,9600,cluster-bootstrap-runs-200-95
legislative-low-mandate,Low-mandate legislative outputs,"Imported rows with weak public mandate, low support, or public-preference distortion.",strict-recusal-court,Strict recusal with substitute justices,capacityStrainCost,0.411,0.411,0.411,9600,cluster-bootstrap-runs-200-95
legislative-low-mandate,Low-mandate legislative outputs,"Imported rows with weak public mandate, low support, or public-preference distortion.",strict-recusal-court,Strict recusal with substitute justices,institutionalBudgetCost,0.431,0.431,0.431,9600,cluster-bootstrap-runs-200-95
legislative-low-mandate,Low-mandate legislative outputs,"Imported rows with weak public mandate, low support, or public-preference distortion.",strict-recusal-court,Strict recusal with substitute justices,institutionalDelayCost,0.450,0.449,0.450,9600,cluster-bootstrap-runs-200-95
legislative-low-mandate,Low-mandate legislative outputs,"Imported rows with weak public mandate, low support, or public-preference distortion.",strict-recusal-court,Strict recusal with substitute justices,implementationComplexity,0.475,0.474,0.475,9600,cluster-bootstrap-runs-200-95
legislative-low-mandate,Low-mandate legislative outputs,"Imported rows with weak public mandate, low support, or public-preference distortion.",strict-recusal-court,Strict recusal with substitute justices,totalInstitutionalCost,0.469,0.469,0.469,9600,cluster-bootstrap-runs-200-95
legislative-low-mandate,Low-mandate legislative outputs,"Imported rows with weak public mandate, low support, or public-preference distortion.",reasoned-emergency-review,Reasoned emergency orders with merits follow-up,directionalScore,0.740,0.669,0.756,9600,cluster-bootstrap-runs-200-95
legislative-low-mandate,Low-mandate legislative outputs,"Imported rows with weak public mandate, low support, or public-preference distortion.",reasoned-emergency-review,Reasoned emergency orders with merits follow-up,legalStability,0.930,0.929,0.931,9600,cluster-bootstrap-runs-200-95
legislative-low-mandate,Low-mandate legislative outputs,"Imported rows with weak public mandate, low support, or public-preference distortion.",reasoned-emergency-review,Reasoned emergency orders with merits follow-up,rightsProtection,0.756,0.755,0.757,9600,cluster-bootstrap-runs-200-95
legislative-low-mandate,Low-mandate legislative outputs,"Imported rows with weak public mandate, low support, or public-preference distortion.",reasoned-emergency-review,Reasoned emergency orders with merits follow-up,partisanAlignment,0.138,0.138,0.139,9600,cluster-bootstrap-runs-200-95
legislative-low-mandate,Low-mandate legislative outputs,"Imported rows with weak public mandate, low support, or public-preference distortion.",reasoned-emergency-review,Reasoned emergency orders with merits follow-up,shadowDocketAbuse,0.000,0.000,0.000,9600,cluster-bootstrap-runs-200-95
legislative-low-mandate,Low-mandate legislative outputs,"Imported rows with weak public mandate, low support, or public-preference distortion.",reasoned-emergency-review,Reasoned emergency orders with merits follow-up,legitimacy,0.749,0.748,0.750,9600,cluster-bootstrap-runs-200-95
legislative-low-mandate,Low-mandate legislative outputs,"Imported rows with weak public mandate, low support, or public-preference distortion.",reasoned-emergency-review,Reasoned emergency orders with merits follow-up,reversalRate,0.269,0.263,0.276,9600,cluster-bootstrap-runs-200-95
legislative-low-mandate,Low-mandate legislative outputs,"Imported rows with weak public mandate, low support, or public-preference distortion.",reasoned-emergency-review,Reasoned emergency orders with merits follow-up,reviewRate,1.000,1.000,1.000,9600,cluster-bootstrap-runs-200-95
legislative-low-mandate,Low-mandate legislative outputs,"Imported rows with weak public mandate, low support, or public-preference distortion.",reasoned-emergency-review,Reasoned emergency orders with merits follow-up,intakeAcceptanceRate,0.020,0.019,0.020,492136,cluster-bootstrap-runs-200-95
legislative-low-mandate,Low-mandate legislative outputs,"Imported rows with weak public mandate, low support, or public-preference distortion.",reasoned-emergency-review,Reasoned emergency orders with merits follow-up,emergencyReliefRate,0.000,0.000,0.000,3,cluster-bootstrap-runs-200-95
legislative-low-mandate,Low-mandate legislative outputs,"Imported rows with weak public mandate, low support, or public-preference distortion.",reasoned-emergency-review,Reasoned emergency orders with merits follow-up,emergencyReasonGivingRate,1.000,0.000,1.000,3,cluster-bootstrap-runs-200-95
legislative-low-mandate,Low-mandate legislative outputs,"Imported rows with weak public mandate, low support, or public-preference distortion.",reasoned-emergency-review,Reasoned emergency orders with merits follow-up,emergencyVoteDisclosureRate,0.667,0.000,1.000,3,cluster-bootstrap-runs-200-95
legislative-low-mandate,Low-mandate legislative outputs,"Imported rows with weak public mandate, low support, or public-preference distortion.",reasoned-emergency-review,Reasoned emergency orders with merits follow-up,emergencyPublicDisagreementRate,0.000,0.000,0.000,3,cluster-bootstrap-runs-200-95
legislative-low-mandate,Low-mandate legislative outputs,"Imported rows with weak public mandate, low support, or public-preference distortion.",reasoned-emergency-review,Reasoned emergency orders with merits follow-up,governmentEmergencyWinRate,0.000,0.000,0.000,3,cluster-bootstrap-runs-200-95
legislative-low-mandate,Low-mandate legislative outputs,"Imported rows with weak public mandate, low support, or public-preference distortion.",reasoned-emergency-review,Reasoned emergency orders with merits follow-up,meritsFollowUpRate,1.000,0.000,1.000,3,cluster-bootstrap-runs-200-95
legislative-low-mandate,Low-mandate legislative outputs,"Imported rows with weak public mandate, low support, or public-preference distortion.",reasoned-emergency-review,Reasoned emergency orders with merits follow-up,meritsInvalidationRate,0.269,0.263,0.276,9600,cluster-bootstrap-runs-200-95
legislative-low-mandate,Low-mandate legislative outputs,"Imported rows with weak public mandate, low support, or public-preference distortion.",reasoned-emergency-review,Reasoned emergency orders with merits follow-up,constitutionalConflict,0.239,0.238,0.241,9600,cluster-bootstrap-runs-200-95
legislative-low-mandate,Low-mandate legislative outputs,"Imported rows with weak public mandate, low support, or public-preference distortion.",reasoned-emergency-review,Reasoned emergency orders with merits follow-up,democraticResponsiveness,0.552,0.550,0.554,9600,cluster-bootstrap-runs-200-95
legislative-low-mandate,Low-mandate legislative outputs,"Imported rows with weak public mandate, low support, or public-preference distortion.",reasoned-emergency-review,Reasoned emergency orders with merits follow-up,complianceRate,0.459,0.446,0.471,9600,cluster-bootstrap-runs-200-95
legislative-low-mandate,Low-mandate legislative outputs,"Imported rows with weak public mandate, low support, or public-preference distortion.",reasoned-emergency-review,Reasoned emergency orders with merits follow-up,publicTrust,0.084,0.079,0.088,9600,cluster-bootstrap-runs-200-95
legislative-low-mandate,Low-mandate legislative outputs,"Imported rows with weak public mandate, low support, or public-preference distortion.",reasoned-emergency-review,Reasoned emergency orders with merits follow-up,administrativeLoad,0.433,0.432,0.433,9600,cluster-bootstrap-runs-200-95
legislative-low-mandate,Low-mandate legislative outputs,"Imported rows with weak public mandate, low support, or public-preference distortion.",reasoned-emergency-review,Reasoned emergency orders with merits follow-up,directCourtCost,0.307,0.307,0.307,9600,cluster-bootstrap-runs-200-95
legislative-low-mandate,Low-mandate legislative outputs,"Imported rows with weak public mandate, low support, or public-preference distortion.",reasoned-emergency-review,Reasoned emergency orders with merits follow-up,upstreamScreeningCost,0.677,0.677,0.678,9600,cluster-bootstrap-runs-200-95
legislative-low-mandate,Low-mandate legislative outputs,"Imported rows with weak public mandate, low support, or public-preference distortion.",reasoned-emergency-review,Reasoned emergency orders with merits follow-up,capacityStrainCost,0.404,0.404,0.404,9600,cluster-bootstrap-runs-200-95
legislative-low-mandate,Low-mandate legislative outputs,"Imported rows with weak public mandate, low support, or public-preference distortion.",reasoned-emergency-review,Reasoned emergency orders with merits follow-up,institutionalBudgetCost,0.378,0.378,0.379,9600,cluster-bootstrap-runs-200-95
legislative-low-mandate,Low-mandate legislative outputs,"Imported rows with weak public mandate, low support, or public-preference distortion.",reasoned-emergency-review,Reasoned emergency orders with merits follow-up,institutionalDelayCost,0.449,0.448,0.449,9600,cluster-bootstrap-runs-200-95
legislative-low-mandate,Low-mandate legislative outputs,"Imported rows with weak public mandate, low support, or public-preference distortion.",reasoned-emergency-review,Reasoned emergency orders with merits follow-up,implementationComplexity,0.473,0.473,0.473,9600,cluster-bootstrap-runs-200-95
legislative-low-mandate,Low-mandate legislative outputs,"Imported rows with weak public mandate, low support, or public-preference distortion.",reasoned-emergency-review,Reasoned emergency orders with merits follow-up,totalInstitutionalCost,0.454,0.454,0.454,9600,cluster-bootstrap-runs-200-95
legislative-low-mandate,Low-mandate legislative outputs,"Imported rows with weak public mandate, low support, or public-preference distortion.",panel-en-banc-review,Panel review with en banc safety valve,directionalScore,0.724,0.691,0.751,9600,cluster-bootstrap-runs-200-95
legislative-low-mandate,Low-mandate legislative outputs,"Imported rows with weak public mandate, low support, or public-preference distortion.",panel-en-banc-review,Panel review with en banc safety valve,legalStability,0.941,0.940,0.942,9600,cluster-bootstrap-runs-200-95
legislative-low-mandate,Low-mandate legislative outputs,"Imported rows with weak public mandate, low support, or public-preference distortion.",panel-en-banc-review,Panel review with en banc safety valve,rightsProtection,0.761,0.761,0.762,9600,cluster-bootstrap-runs-200-95
legislative-low-mandate,Low-mandate legislative outputs,"Imported rows with weak public mandate, low support, or public-preference distortion.",panel-en-banc-review,Panel review with en banc safety valve,partisanAlignment,0.126,0.125,0.126,9600,cluster-bootstrap-runs-200-95
legislative-low-mandate,Low-mandate legislative outputs,"Imported rows with weak public mandate, low support, or public-preference distortion.",panel-en-banc-review,Panel review with en banc safety valve,shadowDocketAbuse,0.000,0.000,0.000,9600,cluster-bootstrap-runs-200-95
legislative-low-mandate,Low-mandate legislative outputs,"Imported rows with weak public mandate, low support, or public-preference distortion.",panel-en-banc-review,Panel review with en banc safety valve,legitimacy,0.747,0.746,0.747,9600,cluster-bootstrap-runs-200-95
legislative-low-mandate,Low-mandate legislative outputs,"Imported rows with weak public mandate, low support, or public-preference distortion.",panel-en-banc-review,Panel review with en banc safety valve,reversalRate,0.214,0.209,0.219,9600,cluster-bootstrap-runs-200-95
legislative-low-mandate,Low-mandate legislative outputs,"Imported rows with weak public mandate, low support, or public-preference distortion.",panel-en-banc-review,Panel review with en banc safety valve,reviewRate,1.000,1.000,1.000,9600,cluster-bootstrap-runs-200-95
legislative-low-mandate,Low-mandate legislative outputs,"Imported rows with weak public mandate, low support, or public-preference distortion.",panel-en-banc-review,Panel review with en banc safety valve,intakeAcceptanceRate,0.020,0.019,0.020,492095,cluster-bootstrap-runs-200-95
legislative-low-mandate,Low-mandate legislative outputs,"Imported rows with weak public mandate, low support, or public-preference distortion.",panel-en-banc-review,Panel review with en banc safety valve,emergencyReliefRate,0.000,0.000,0.000,9,cluster-bootstrap-runs-200-95
legislative-low-mandate,Low-mandate legislative outputs,"Imported rows with weak public mandate, low support, or public-preference distortion.",panel-en-banc-review,Panel review with en banc safety valve,emergencyReasonGivingRate,0.667,0.333,0.889,9,cluster-bootstrap-runs-200-95
legislative-low-mandate,Low-mandate legislative outputs,"Imported rows with weak public mandate, low support, or public-preference distortion.",panel-en-banc-review,Panel review with en banc safety valve,emergencyVoteDisclosureRate,0.556,0.250,0.875,9,cluster-bootstrap-runs-200-95
legislative-low-mandate,Low-mandate legislative outputs,"Imported rows with weak public mandate, low support, or public-preference distortion.",panel-en-banc-review,Panel review with en banc safety valve,emergencyPublicDisagreementRate,0.111,0.000,0.364,9,cluster-bootstrap-runs-200-95
legislative-low-mandate,Low-mandate legislative outputs,"Imported rows with weak public mandate, low support, or public-preference distortion.",panel-en-banc-review,Panel review with en banc safety valve,governmentEmergencyWinRate,0.000,0.000,0.000,9,cluster-bootstrap-runs-200-95
legislative-low-mandate,Low-mandate legislative outputs,"Imported rows with weak public mandate, low support, or public-preference distortion.",panel-en-banc-review,Panel review with en banc safety valve,meritsFollowUpRate,0.000,0.000,0.000,9,cluster-bootstrap-runs-200-95
legislative-low-mandate,Low-mandate legislative outputs,"Imported rows with weak public mandate, low support, or public-preference distortion.",panel-en-banc-review,Panel review with en banc safety valve,meritsInvalidationRate,0.214,0.209,0.219,9591,cluster-bootstrap-runs-200-95
legislative-low-mandate,Low-mandate legislative outputs,"Imported rows with weak public mandate, low support, or public-preference distortion.",panel-en-banc-review,Panel review with en banc safety valve,constitutionalConflict,0.227,0.225,0.228,9600,cluster-bootstrap-runs-200-95
legislative-low-mandate,Low-mandate legislative outputs,"Imported rows with weak public mandate, low support, or public-preference distortion.",panel-en-banc-review,Panel review with en banc safety valve,democraticResponsiveness,0.569,0.568,0.570,9600,cluster-bootstrap-runs-200-95
legislative-low-mandate,Low-mandate legislative outputs,"Imported rows with weak public mandate, low support, or public-preference distortion.",panel-en-banc-review,Panel review with en banc safety valve,complianceRate,0.458,0.444,0.471,9600,cluster-bootstrap-runs-200-95
legislative-low-mandate,Low-mandate legislative outputs,"Imported rows with weak public mandate, low support, or public-preference distortion.",panel-en-banc-review,Panel review with en banc safety valve,publicTrust,0.090,0.086,0.095,9600,cluster-bootstrap-runs-200-95
legislative-low-mandate,Low-mandate legislative outputs,"Imported rows with weak public mandate, low support, or public-preference distortion.",panel-en-banc-review,Panel review with en banc safety valve,administrativeLoad,0.545,0.544,0.547,9600,cluster-bootstrap-runs-200-95
legislative-low-mandate,Low-mandate legislative outputs,"Imported rows with weak public mandate, low support, or public-preference distortion.",panel-en-banc-review,Panel review with en banc safety valve,directCourtCost,0.413,0.413,0.413,9600,cluster-bootstrap-runs-200-95
legislative-low-mandate,Low-mandate legislative outputs,"Imported rows with weak public mandate, low support, or public-preference distortion.",panel-en-banc-review,Panel review with en banc safety valve,upstreamScreeningCost,0.677,0.676,0.678,9600,cluster-bootstrap-runs-200-95
legislative-low-mandate,Low-mandate legislative outputs,"Imported rows with weak public mandate, low support, or public-preference distortion.",panel-en-banc-review,Panel review with en banc safety valve,capacityStrainCost,0.430,0.429,0.430,9600,cluster-bootstrap-runs-200-95
legislative-low-mandate,Low-mandate legislative outputs,"Imported rows with weak public mandate, low support, or public-preference distortion.",panel-en-banc-review,Panel review with en banc safety valve,institutionalBudgetCost,0.483,0.482,0.483,9600,cluster-bootstrap-runs-200-95
legislative-low-mandate,Low-mandate legislative outputs,"Imported rows with weak public mandate, low support, or public-preference distortion.",panel-en-banc-review,Panel review with en banc safety valve,institutionalDelayCost,0.492,0.491,0.493,9600,cluster-bootstrap-runs-200-95
legislative-low-mandate,Low-mandate legislative outputs,"Imported rows with weak public mandate, low support, or public-preference distortion.",panel-en-banc-review,Panel review with en banc safety valve,implementationComplexity,0.455,0.454,0.455,9600,cluster-bootstrap-runs-200-95
legislative-low-mandate,Low-mandate legislative outputs,"Imported rows with weak public mandate, low support, or public-preference distortion.",panel-en-banc-review,Panel review with en banc safety valve,totalInstitutionalCost,0.490,0.490,0.491,9600,cluster-bootstrap-runs-200-95
legislative-low-mandate,Low-mandate legislative outputs,"Imported rows with weak public mandate, low support, or public-preference distortion.",dual-cross-checking-courts,Dual supreme courts with cross-checking invalidations,directionalScore,0.764,0.675,0.766,9600,cluster-bootstrap-runs-200-95
legislative-low-mandate,Low-mandate legislative outputs,"Imported rows with weak public mandate, low support, or public-preference distortion.",dual-cross-checking-courts,Dual supreme courts with cross-checking invalidations,legalStability,0.954,0.953,0.955,9600,cluster-bootstrap-runs-200-95
legislative-low-mandate,Low-mandate legislative outputs,"Imported rows with weak public mandate, low support, or public-preference distortion.",dual-cross-checking-courts,Dual supreme courts with cross-checking invalidations,rightsProtection,0.764,0.764,0.765,9600,cluster-bootstrap-runs-200-95
legislative-low-mandate,Low-mandate legislative outputs,"Imported rows with weak public mandate, low support, or public-preference distortion.",dual-cross-checking-courts,Dual supreme courts with cross-checking invalidations,partisanAlignment,0.113,0.113,0.114,9600,cluster-bootstrap-runs-200-95
legislative-low-mandate,Low-mandate legislative outputs,"Imported rows with weak public mandate, low support, or public-preference distortion.",dual-cross-checking-courts,Dual supreme courts with cross-checking invalidations,shadowDocketAbuse,0.000,0.000,0.000,9600,cluster-bootstrap-runs-200-95
legislative-low-mandate,Low-mandate legislative outputs,"Imported rows with weak public mandate, low support, or public-preference distortion.",dual-cross-checking-courts,Dual supreme courts with cross-checking invalidations,legitimacy,0.765,0.764,0.765,9600,cluster-bootstrap-runs-200-95
legislative-low-mandate,Low-mandate legislative outputs,"Imported rows with weak public mandate, low support, or public-preference distortion.",dual-cross-checking-courts,Dual supreme courts with cross-checking invalidations,reversalRate,0.154,0.150,0.159,9600,cluster-bootstrap-runs-200-95
legislative-low-mandate,Low-mandate legislative outputs,"Imported rows with weak public mandate, low support, or public-preference distortion.",dual-cross-checking-courts,Dual supreme courts with cross-checking invalidations,reviewRate,1.000,1.000,1.000,9600,cluster-bootstrap-runs-200-95
legislative-low-mandate,Low-mandate legislative outputs,"Imported rows with weak public mandate, low support, or public-preference distortion.",dual-cross-checking-courts,Dual supreme courts with cross-checking invalidations,intakeAcceptanceRate,0.020,0.019,0.020,492147,cluster-bootstrap-runs-200-95
legislative-low-mandate,Low-mandate legislative outputs,"Imported rows with weak public mandate, low support, or public-preference distortion.",dual-cross-checking-courts,Dual supreme courts with cross-checking invalidations,emergencyReliefRate,0.000,0.000,0.000,1,cluster-bootstrap-runs-200-95
legislative-low-mandate,Low-mandate legislative outputs,"Imported rows with weak public mandate, low support, or public-preference distortion.",dual-cross-checking-courts,Dual supreme courts with cross-checking invalidations,emergencyReasonGivingRate,1.000,0.000,1.000,1,cluster-bootstrap-runs-200-95
legislative-low-mandate,Low-mandate legislative outputs,"Imported rows with weak public mandate, low support, or public-preference distortion.",dual-cross-checking-courts,Dual supreme courts with cross-checking invalidations,emergencyVoteDisclosureRate,1.000,0.000,1.000,1,cluster-bootstrap-runs-200-95
legislative-low-mandate,Low-mandate legislative outputs,"Imported rows with weak public mandate, low support, or public-preference distortion.",dual-cross-checking-courts,Dual supreme courts with cross-checking invalidations,emergencyPublicDisagreementRate,0.000,0.000,0.000,1,cluster-bootstrap-runs-200-95
legislative-low-mandate,Low-mandate legislative outputs,"Imported rows with weak public mandate, low support, or public-preference distortion.",dual-cross-checking-courts,Dual supreme courts with cross-checking invalidations,governmentEmergencyWinRate,0.000,0.000,0.000,1,cluster-bootstrap-runs-200-95
legislative-low-mandate,Low-mandate legislative outputs,"Imported rows with weak public mandate, low support, or public-preference distortion.",dual-cross-checking-courts,Dual supreme courts with cross-checking invalidations,meritsFollowUpRate,1.000,0.000,1.000,1,cluster-bootstrap-runs-200-95
legislative-low-mandate,Low-mandate legislative outputs,"Imported rows with weak public mandate, low support, or public-preference distortion.",dual-cross-checking-courts,Dual supreme courts with cross-checking invalidations,meritsInvalidationRate,0.154,0.150,0.159,9600,cluster-bootstrap-runs-200-95
legislative-low-mandate,Low-mandate legislative outputs,"Imported rows with weak public mandate, low support, or public-preference distortion.",dual-cross-checking-courts,Dual supreme courts with cross-checking invalidations,constitutionalConflict,0.230,0.229,0.231,9600,cluster-bootstrap-runs-200-95
legislative-low-mandate,Low-mandate legislative outputs,"Imported rows with weak public mandate, low support, or public-preference distortion.",dual-cross-checking-courts,Dual supreme courts with cross-checking invalidations,democraticResponsiveness,0.586,0.585,0.587,9600,cluster-bootstrap-runs-200-95
legislative-low-mandate,Low-mandate legislative outputs,"Imported rows with weak public mandate, low support, or public-preference distortion.",dual-cross-checking-courts,Dual supreme courts with cross-checking invalidations,complianceRate,0.522,0.505,0.537,9600,cluster-bootstrap-runs-200-95
legislative-low-mandate,Low-mandate legislative outputs,"Imported rows with weak public mandate, low support, or public-preference distortion.",dual-cross-checking-courts,Dual supreme courts with cross-checking invalidations,publicTrust,0.102,0.097,0.105,9600,cluster-bootstrap-runs-200-95
legislative-low-mandate,Low-mandate legislative outputs,"Imported rows with weak public mandate, low support, or public-preference distortion.",dual-cross-checking-courts,Dual supreme courts with cross-checking invalidations,administrativeLoad,0.831,0.830,0.831,9600,cluster-bootstrap-runs-200-95
legislative-low-mandate,Low-mandate legislative outputs,"Imported rows with weak public mandate, low support, or public-preference distortion.",dual-cross-checking-courts,Dual supreme courts with cross-checking invalidations,directCourtCost,0.515,0.515,0.515,9600,cluster-bootstrap-runs-200-95
legislative-low-mandate,Low-mandate legislative outputs,"Imported rows with weak public mandate, low support, or public-preference distortion.",dual-cross-checking-courts,Dual supreme courts with cross-checking invalidations,upstreamScreeningCost,0.677,0.676,0.678,9600,cluster-bootstrap-runs-200-95
legislative-low-mandate,Low-mandate legislative outputs,"Imported rows with weak public mandate, low support, or public-preference distortion.",dual-cross-checking-courts,Dual supreme courts with cross-checking invalidations,capacityStrainCost,0.561,0.561,0.561,9600,cluster-bootstrap-runs-200-95
legislative-low-mandate,Low-mandate legislative outputs,"Imported rows with weak public mandate, low support, or public-preference distortion.",dual-cross-checking-courts,Dual supreme courts with cross-checking invalidations,institutionalBudgetCost,0.579,0.578,0.579,9600,cluster-bootstrap-runs-200-95
legislative-low-mandate,Low-mandate legislative outputs,"Imported rows with weak public mandate, low support, or public-preference distortion.",dual-cross-checking-courts,Dual supreme courts with cross-checking invalidations,institutionalDelayCost,0.575,0.575,0.575,9600,cluster-bootstrap-runs-200-95
legislative-low-mandate,Low-mandate legislative outputs,"Imported rows with weak public mandate, low support, or public-preference distortion.",dual-cross-checking-courts,Dual supreme courts with cross-checking invalidations,implementationComplexity,0.610,0.609,0.610,9600,cluster-bootstrap-runs-200-95
legislative-low-mandate,Low-mandate legislative outputs,"Imported rows with weak public mandate, low support, or public-preference distortion.",dual-cross-checking-courts,Dual supreme courts with cross-checking invalidations,totalInstitutionalCost,0.583,0.583,0.584,9600,cluster-bootstrap-runs-200-95
legislative-low-mandate,Low-mandate legislative outputs,"Imported rows with weak public mandate, low support, or public-preference distortion.",constitutional-council,Pre-enactment constitutional council,directionalScore,0.755,0.737,0.774,9600,cluster-bootstrap-runs-200-95
legislative-low-mandate,Low-mandate legislative outputs,"Imported rows with weak public mandate, low support, or public-preference distortion.",constitutional-council,Pre-enactment constitutional council,legalStability,0.980,0.979,0.980,9600,cluster-bootstrap-runs-200-95
legislative-low-mandate,Low-mandate legislative outputs,"Imported rows with weak public mandate, low support, or public-preference distortion.",constitutional-council,Pre-enactment constitutional council,rightsProtection,0.764,0.764,0.765,9600,cluster-bootstrap-runs-200-95
legislative-low-mandate,Low-mandate legislative outputs,"Imported rows with weak public mandate, low support, or public-preference distortion.",constitutional-council,Pre-enactment constitutional council,partisanAlignment,0.105,0.105,0.106,9600,cluster-bootstrap-runs-200-95
legislative-low-mandate,Low-mandate legislative outputs,"Imported rows with weak public mandate, low support, or public-preference distortion.",constitutional-council,Pre-enactment constitutional council,shadowDocketAbuse,0.000,0.000,0.001,9600,cluster-bootstrap-runs-200-95
legislative-low-mandate,Low-mandate legislative outputs,"Imported rows with weak public mandate, low support, or public-preference distortion.",constitutional-council,Pre-enactment constitutional council,legitimacy,0.783,0.782,0.784,9600,cluster-bootstrap-runs-200-95
legislative-low-mandate,Low-mandate legislative outputs,"Imported rows with weak public mandate, low support, or public-preference distortion.",constitutional-council,Pre-enactment constitutional council,reversalRate,0.125,0.121,0.128,9600,cluster-bootstrap-runs-200-95
legislative-low-mandate,Low-mandate legislative outputs,"Imported rows with weak public mandate, low support, or public-preference distortion.",constitutional-council,Pre-enactment constitutional council,reviewRate,1.000,1.000,1.000,9600,cluster-bootstrap-runs-200-95
legislative-low-mandate,Low-mandate legislative outputs,"Imported rows with weak public mandate, low support, or public-preference distortion.",constitutional-council,Pre-enactment constitutional council,intakeAcceptanceRate,0.020,0.019,0.020,492079,cluster-bootstrap-runs-200-95
legislative-low-mandate,Low-mandate legislative outputs,"Imported rows with weak public mandate, low support, or public-preference distortion.",constitutional-council,Pre-enactment constitutional council,emergencyReliefRate,0.000,0.000,0.000,12,cluster-bootstrap-runs-200-95
legislative-low-mandate,Low-mandate legislative outputs,"Imported rows with weak public mandate, low support, or public-preference distortion.",constitutional-council,Pre-enactment constitutional council,emergencyReasonGivingRate,0.583,0.308,0.867,12,cluster-bootstrap-runs-200-95
legislative-low-mandate,Low-mandate legislative outputs,"Imported rows with weak public mandate, low support, or public-preference distortion.",constitutional-council,Pre-enactment constitutional council,emergencyVoteDisclosureRate,0.583,0.306,0.889,12,cluster-bootstrap-runs-200-95
legislative-low-mandate,Low-mandate legislative outputs,"Imported rows with weak public mandate, low support, or public-preference distortion.",constitutional-council,Pre-enactment constitutional council,emergencyPublicDisagreementRate,0.167,0.000,0.365,12,cluster-bootstrap-runs-200-95
legislative-low-mandate,Low-mandate legislative outputs,"Imported rows with weak public mandate, low support, or public-preference distortion.",constitutional-council,Pre-enactment constitutional council,governmentEmergencyWinRate,0.000,0.000,0.000,12,cluster-bootstrap-runs-200-95
legislative-low-mandate,Low-mandate legislative outputs,"Imported rows with weak public mandate, low support, or public-preference distortion.",constitutional-council,Pre-enactment constitutional council,meritsFollowUpRate,0.000,0.000,0.000,12,cluster-bootstrap-runs-200-95
legislative-low-mandate,Low-mandate legislative outputs,"Imported rows with weak public mandate, low support, or public-preference distortion.",constitutional-council,Pre-enactment constitutional council,meritsInvalidationRate,0.125,0.121,0.129,9588,cluster-bootstrap-runs-200-95
legislative-low-mandate,Low-mandate legislative outputs,"Imported rows with weak public mandate, low support, or public-preference distortion.",constitutional-council,Pre-enactment constitutional council,constitutionalConflict,0.207,0.206,0.208,9600,cluster-bootstrap-runs-200-95
legislative-low-mandate,Low-mandate legislative outputs,"Imported rows with weak public mandate, low support, or public-preference distortion.",constitutional-council,Pre-enactment constitutional council,democraticResponsiveness,0.593,0.592,0.593,9600,cluster-bootstrap-runs-200-95
legislative-low-mandate,Low-mandate legislative outputs,"Imported rows with weak public mandate, low support, or public-preference distortion.",constitutional-council,Pre-enactment constitutional council,complianceRate,0.605,0.586,0.625,9600,cluster-bootstrap-runs-200-95
legislative-low-mandate,Low-mandate legislative outputs,"Imported rows with weak public mandate, low support, or public-preference distortion.",constitutional-council,Pre-enactment constitutional council,publicTrust,0.133,0.125,0.139,9600,cluster-bootstrap-runs-200-95
legislative-low-mandate,Low-mandate legislative outputs,"Imported rows with weak public mandate, low support, or public-preference distortion.",constitutional-council,Pre-enactment constitutional council,administrativeLoad,0.694,0.693,0.694,9600,cluster-bootstrap-runs-200-95
legislative-low-mandate,Low-mandate legislative outputs,"Imported rows with weak public mandate, low support, or public-preference distortion.",constitutional-council,Pre-enactment constitutional council,directCourtCost,0.439,0.439,0.439,9600,cluster-bootstrap-runs-200-95
legislative-low-mandate,Low-mandate legislative outputs,"Imported rows with weak public mandate, low support, or public-preference distortion.",constitutional-council,Pre-enactment constitutional council,upstreamScreeningCost,0.677,0.676,0.678,9600,cluster-bootstrap-runs-200-95
legislative-low-mandate,Low-mandate legislative outputs,"Imported rows with weak public mandate, low support, or public-preference distortion.",constitutional-council,Pre-enactment constitutional council,capacityStrainCost,0.472,0.472,0.472,9600,cluster-bootstrap-runs-200-95
legislative-low-mandate,Low-mandate legislative outputs,"Imported rows with weak public mandate, low support, or public-preference distortion.",constitutional-council,Pre-enactment constitutional council,institutionalBudgetCost,0.505,0.505,0.505,9600,cluster-bootstrap-runs-200-95
legislative-low-mandate,Low-mandate legislative outputs,"Imported rows with weak public mandate, low support, or public-preference distortion.",constitutional-council,Pre-enactment constitutional council,institutionalDelayCost,0.518,0.517,0.518,9600,cluster-bootstrap-runs-200-95
legislative-low-mandate,Low-mandate legislative outputs,"Imported rows with weak public mandate, low support, or public-preference distortion.",constitutional-council,Pre-enactment constitutional council,implementationComplexity,0.551,0.551,0.551,9600,cluster-bootstrap-runs-200-95
legislative-low-mandate,Low-mandate legislative outputs,"Imported rows with weak public mandate, low support, or public-preference distortion.",constitutional-council,Pre-enactment constitutional council,totalInstitutionalCost,0.526,0.526,0.527,9600,cluster-bootstrap-runs-200-95
legislative-low-mandate,Low-mandate legislative outputs,"Imported rows with weak public mandate, low support, or public-preference distortion.",legislative-override-court,Judicial review with delayed legislative override,directionalScore,0.702,0.672,0.737,9600,cluster-bootstrap-runs-200-95
legislative-low-mandate,Low-mandate legislative outputs,"Imported rows with weak public mandate, low support, or public-preference distortion.",legislative-override-court,Judicial review with delayed legislative override,legalStability,0.931,0.930,0.933,9600,cluster-bootstrap-runs-200-95
legislative-low-mandate,Low-mandate legislative outputs,"Imported rows with weak public mandate, low support, or public-preference distortion.",legislative-override-court,Judicial review with delayed legislative override,rightsProtection,0.759,0.758,0.760,9600,cluster-bootstrap-runs-200-95
legislative-low-mandate,Low-mandate legislative outputs,"Imported rows with weak public mandate, low support, or public-preference distortion.",legislative-override-court,Judicial review with delayed legislative override,partisanAlignment,0.132,0.131,0.133,9600,cluster-bootstrap-runs-200-95
legislative-low-mandate,Low-mandate legislative outputs,"Imported rows with weak public mandate, low support, or public-preference distortion.",legislative-override-court,Judicial review with delayed legislative override,shadowDocketAbuse,0.000,0.000,0.000,9600,cluster-bootstrap-runs-200-95
legislative-low-mandate,Low-mandate legislative outputs,"Imported rows with weak public mandate, low support, or public-preference distortion.",legislative-override-court,Judicial review with delayed legislative override,legitimacy,0.722,0.721,0.723,9600,cluster-bootstrap-runs-200-95
legislative-low-mandate,Low-mandate legislative outputs,"Imported rows with weak public mandate, low support, or public-preference distortion.",legislative-override-court,Judicial review with delayed legislative override,reversalRate,0.211,0.206,0.216,9600,cluster-bootstrap-runs-200-95
legislative-low-mandate,Low-mandate legislative outputs,"Imported rows with weak public mandate, low support, or public-preference distortion.",legislative-override-court,Judicial review with delayed legislative override,reviewRate,1.000,1.000,1.000,9600,cluster-bootstrap-runs-200-95
legislative-low-mandate,Low-mandate legislative outputs,"Imported rows with weak public mandate, low support, or public-preference distortion.",legislative-override-court,Judicial review with delayed legislative override,intakeAcceptanceRate,0.020,0.019,0.020,492117,cluster-bootstrap-runs-200-95
legislative-low-mandate,Low-mandate legislative outputs,"Imported rows with weak public mandate, low support, or public-preference distortion.",legislative-override-court,Judicial review with delayed legislative override,emergencyReliefRate,0.000,0.000,0.000,6,cluster-bootstrap-runs-200-95
legislative-low-mandate,Low-mandate legislative outputs,"Imported rows with weak public mandate, low support, or public-preference distortion.",legislative-override-court,Judicial review with delayed legislative override,emergencyReasonGivingRate,0.333,0.000,0.750,6,cluster-bootstrap-runs-200-95
legislative-low-mandate,Low-mandate legislative outputs,"Imported rows with weak public mandate, low support, or public-preference distortion.",legislative-override-court,Judicial review with delayed legislative override,emergencyVoteDisclosureRate,0.500,0.000,1.000,6,cluster-bootstrap-runs-200-95
legislative-low-mandate,Low-mandate legislative outputs,"Imported rows with weak public mandate, low support, or public-preference distortion.",legislative-override-court,Judicial review with delayed legislative override,emergencyPublicDisagreementRate,0.167,0.000,0.504,6,cluster-bootstrap-runs-200-95
legislative-low-mandate,Low-mandate legislative outputs,"Imported rows with weak public mandate, low support, or public-preference distortion.",legislative-override-court,Judicial review with delayed legislative override,governmentEmergencyWinRate,0.000,0.000,0.000,6,cluster-bootstrap-runs-200-95
legislative-low-mandate,Low-mandate legislative outputs,"Imported rows with weak public mandate, low support, or public-preference distortion.",legislative-override-court,Judicial review with delayed legislative override,meritsFollowUpRate,0.000,0.000,0.000,6,cluster-bootstrap-runs-200-95
legislative-low-mandate,Low-mandate legislative outputs,"Imported rows with weak public mandate, low support, or public-preference distortion.",legislative-override-court,Judicial review with delayed legislative override,meritsInvalidationRate,0.211,0.206,0.216,9594,cluster-bootstrap-runs-200-95
legislative-low-mandate,Low-mandate legislative outputs,"Imported rows with weak public mandate, low support, or public-preference distortion.",legislative-override-court,Judicial review with delayed legislative override,constitutionalConflict,0.249,0.246,0.252,9600,cluster-bootstrap-runs-200-95
legislative-low-mandate,Low-mandate legislative outputs,"Imported rows with weak public mandate, low support, or public-preference distortion.",legislative-override-court,Judicial review with delayed legislative override,democraticResponsiveness,0.586,0.584,0.587,9600,cluster-bootstrap-runs-200-95
legislative-low-mandate,Low-mandate legislative outputs,"Imported rows with weak public mandate, low support, or public-preference distortion.",legislative-override-court,Judicial review with delayed legislative override,complianceRate,0.433,0.419,0.448,9600,cluster-bootstrap-runs-200-95
legislative-low-mandate,Low-mandate legislative outputs,"Imported rows with weak public mandate, low support, or public-preference distortion.",legislative-override-court,Judicial review with delayed legislative override,publicTrust,0.073,0.068,0.078,9600,cluster-bootstrap-runs-200-95
legislative-low-mandate,Low-mandate legislative outputs,"Imported rows with weak public mandate, low support, or public-preference distortion.",legislative-override-court,Judicial review with delayed legislative override,administrativeLoad,0.434,0.433,0.434,9600,cluster-bootstrap-runs-200-95
legislative-low-mandate,Low-mandate legislative outputs,"Imported rows with weak public mandate, low support, or public-preference distortion.",legislative-override-court,Judicial review with delayed legislative override,directCourtCost,0.308,0.308,0.308,9600,cluster-bootstrap-runs-200-95
legislative-low-mandate,Low-mandate legislative outputs,"Imported rows with weak public mandate, low support, or public-preference distortion.",legislative-override-court,Judicial review with delayed legislative override,upstreamScreeningCost,0.677,0.676,0.678,9600,cluster-bootstrap-runs-200-95
legislative-low-mandate,Low-mandate legislative outputs,"Imported rows with weak public mandate, low support, or public-preference distortion.",legislative-override-court,Judicial review with delayed legislative override,capacityStrainCost,0.405,0.405,0.405,9600,cluster-bootstrap-runs-200-95
legislative-low-mandate,Low-mandate legislative outputs,"Imported rows with weak public mandate, low support, or public-preference distortion.",legislative-override-court,Judicial review with delayed legislative override,institutionalBudgetCost,0.379,0.379,0.379,9600,cluster-bootstrap-runs-200-95
legislative-low-mandate,Low-mandate legislative outputs,"Imported rows with weak public mandate, low support, or public-preference distortion.",legislative-override-court,Judicial review with delayed legislative override,institutionalDelayCost,0.449,0.449,0.449,9600,cluster-bootstrap-runs-200-95
legislative-low-mandate,Low-mandate legislative outputs,"Imported rows with weak public mandate, low support, or public-preference distortion.",legislative-override-court,Judicial review with delayed legislative override,implementationComplexity,0.500,0.500,0.501,9600,cluster-bootstrap-runs-200-95
legislative-low-mandate,Low-mandate legislative outputs,"Imported rows with weak public mandate, low support, or public-preference distortion.",legislative-override-court,Judicial review with delayed legislative override,totalInstitutionalCost,0.459,0.459,0.459,9600,cluster-bootstrap-runs-200-95
legislative-low-mandate,Low-mandate legislative outputs,"Imported rows with weak public mandate, low support, or public-preference distortion.",accountability-retention-court,Retention-election accountability court,directionalScore,0.739,0.703,0.767,9600,cluster-bootstrap-runs-200-95
legislative-low-mandate,Low-mandate legislative outputs,"Imported rows with weak public mandate, low support, or public-preference distortion.",accountability-retention-court,Retention-election accountability court,legalStability,0.956,0.956,0.958,9600,cluster-bootstrap-runs-200-95
legislative-low-mandate,Low-mandate legislative outputs,"Imported rows with weak public mandate, low support, or public-preference distortion.",accountability-retention-court,Retention-election accountability court,rightsProtection,0.752,0.750,0.753,9600,cluster-bootstrap-runs-200-95
legislative-low-mandate,Low-mandate legislative outputs,"Imported rows with weak public mandate, low support, or public-preference distortion.",accountability-retention-court,Retention-election accountability court,partisanAlignment,0.120,0.119,0.120,9600,cluster-bootstrap-runs-200-95
legislative-low-mandate,Low-mandate legislative outputs,"Imported rows with weak public mandate, low support, or public-preference distortion.",accountability-retention-court,Retention-election accountability court,shadowDocketAbuse,0.000,0.000,0.001,9600,cluster-bootstrap-runs-200-95
legislative-low-mandate,Low-mandate legislative outputs,"Imported rows with weak public mandate, low support, or public-preference distortion.",accountability-retention-court,Retention-election accountability court,legitimacy,0.753,0.752,0.754,9600,cluster-bootstrap-runs-200-95
legislative-low-mandate,Low-mandate legislative outputs,"Imported rows with weak public mandate, low support, or public-preference distortion.",accountability-retention-court,Retention-election accountability court,reversalRate,0.096,0.093,0.099,9600,cluster-bootstrap-runs-200-95
legislative-low-mandate,Low-mandate legislative outputs,"Imported rows with weak public mandate, low support, or public-preference distortion.",accountability-retention-court,Retention-election accountability court,reviewRate,1.000,1.000,1.000,9600,cluster-bootstrap-runs-200-95
legislative-low-mandate,Low-mandate legislative outputs,"Imported rows with weak public mandate, low support, or public-preference distortion.",accountability-retention-court,Retention-election accountability court,intakeAcceptanceRate,0.020,0.019,0.020,492101,cluster-bootstrap-runs-200-95
legislative-low-mandate,Low-mandate legislative outputs,"Imported rows with weak public mandate, low support, or public-preference distortion.",accountability-retention-court,Retention-election accountability court,emergencyReliefRate,0.000,0.000,0.000,9,cluster-bootstrap-runs-200-95
legislative-low-mandate,Low-mandate legislative outputs,"Imported rows with weak public mandate, low support, or public-preference distortion.",accountability-retention-court,Retention-election accountability court,emergencyReasonGivingRate,0.444,0.000,0.751,9,cluster-bootstrap-runs-200-95
legislative-low-mandate,Low-mandate legislative outputs,"Imported rows with weak public mandate, low support, or public-preference distortion.",accountability-retention-court,Retention-election accountability court,emergencyVoteDisclosureRate,0.333,0.000,0.600,9,cluster-bootstrap-runs-200-95
legislative-low-mandate,Low-mandate legislative outputs,"Imported rows with weak public mandate, low support, or public-preference distortion.",accountability-retention-court,Retention-election accountability court,emergencyPublicDisagreementRate,0.222,0.000,0.556,9,cluster-bootstrap-runs-200-95
legislative-low-mandate,Low-mandate legislative outputs,"Imported rows with weak public mandate, low support, or public-preference distortion.",accountability-retention-court,Retention-election accountability court,governmentEmergencyWinRate,0.000,0.000,0.000,9,cluster-bootstrap-runs-200-95
legislative-low-mandate,Low-mandate legislative outputs,"Imported rows with weak public mandate, low support, or public-preference distortion.",accountability-retention-court,Retention-election accountability court,meritsFollowUpRate,0.000,0.000,0.000,9,cluster-bootstrap-runs-200-95
legislative-low-mandate,Low-mandate legislative outputs,"Imported rows with weak public mandate, low support, or public-preference distortion.",accountability-retention-court,Retention-election accountability court,meritsInvalidationRate,0.096,0.093,0.099,9591,cluster-bootstrap-runs-200-95
legislative-low-mandate,Low-mandate legislative outputs,"Imported rows with weak public mandate, low support, or public-preference distortion.",accountability-retention-court,Retention-election accountability court,constitutionalConflict,0.218,0.217,0.220,9600,cluster-bootstrap-runs-200-95
legislative-low-mandate,Low-mandate legislative outputs,"Imported rows with weak public mandate, low support, or public-preference distortion.",accountability-retention-court,Retention-election accountability court,democraticResponsiveness,0.605,0.605,0.606,9600,cluster-bootstrap-runs-200-95
legislative-low-mandate,Low-mandate legislative outputs,"Imported rows with weak public mandate, low support, or public-preference distortion.",accountability-retention-court,Retention-election accountability court,complianceRate,0.566,0.544,0.581,9600,cluster-bootstrap-runs-200-95
legislative-low-mandate,Low-mandate legislative outputs,"Imported rows with weak public mandate, low support, or public-preference distortion.",accountability-retention-court,Retention-election accountability court,publicTrust,0.119,0.113,0.124,9600,cluster-bootstrap-runs-200-95
legislative-low-mandate,Low-mandate legislative outputs,"Imported rows with weak public mandate, low support, or public-preference distortion.",accountability-retention-court,Retention-election accountability court,administrativeLoad,0.454,0.454,0.455,9600,cluster-bootstrap-runs-200-95
legislative-low-mandate,Low-mandate legislative outputs,"Imported rows with weak public mandate, low support, or public-preference distortion.",accountability-retention-court,Retention-election accountability court,directCourtCost,0.319,0.319,0.319,9600,cluster-bootstrap-runs-200-95
legislative-low-mandate,Low-mandate legislative outputs,"Imported rows with weak public mandate, low support, or public-preference distortion.",accountability-retention-court,Retention-election accountability court,upstreamScreeningCost,0.677,0.677,0.678,9600,cluster-bootstrap-runs-200-95
legislative-low-mandate,Low-mandate legislative outputs,"Imported rows with weak public mandate, low support, or public-preference distortion.",accountability-retention-court,Retention-election accountability court,capacityStrainCost,0.442,0.441,0.442,9600,cluster-bootstrap-runs-200-95
legislative-low-mandate,Low-mandate legislative outputs,"Imported rows with weak public mandate, low support, or public-preference distortion.",accountability-retention-court,Retention-election accountability court,institutionalBudgetCost,0.390,0.390,0.390,9600,cluster-bootstrap-runs-200-95
legislative-low-mandate,Low-mandate legislative outputs,"Imported rows with weak public mandate, low support, or public-preference distortion.",accountability-retention-court,Retention-election accountability court,institutionalDelayCost,0.453,0.453,0.453,9600,cluster-bootstrap-runs-200-95
legislative-low-mandate,Low-mandate legislative outputs,"Imported rows with weak public mandate, low support, or public-preference distortion.",accountability-retention-court,Retention-election accountability court,implementationComplexity,0.527,0.527,0.527,9600,cluster-bootstrap-runs-200-95
legislative-low-mandate,Low-mandate legislative outputs,"Imported rows with weak public mandate, low support, or public-preference distortion.",accountability-retention-court,Retention-election accountability court,totalInstitutionalCost,0.475,0.474,0.475,9600,cluster-bootstrap-runs-200-95
legislative-low-mandate,Low-mandate legislative outputs,"Imported rows with weak public mandate, low support, or public-preference distortion.",independence-accountability-hybrid,Hybrid court balancing independence and accountability,directionalScore,0.685,0.682,0.688,9600,cluster-bootstrap-runs-200-95
legislative-low-mandate,Low-mandate legislative outputs,"Imported rows with weak public mandate, low support, or public-preference distortion.",independence-accountability-hybrid,Hybrid court balancing independence and accountability,legalStability,0.952,0.951,0.953,9600,cluster-bootstrap-runs-200-95
legislative-low-mandate,Low-mandate legislative outputs,"Imported rows with weak public mandate, low support, or public-preference distortion.",independence-accountability-hybrid,Hybrid court balancing independence and accountability,rightsProtection,0.763,0.762,0.763,9600,cluster-bootstrap-runs-200-95
legislative-low-mandate,Low-mandate legislative outputs,"Imported rows with weak public mandate, low support, or public-preference distortion.",independence-accountability-hybrid,Hybrid court balancing independence and accountability,partisanAlignment,0.118,0.118,0.119,9600,cluster-bootstrap-runs-200-95
legislative-low-mandate,Low-mandate legislative outputs,"Imported rows with weak public mandate, low support, or public-preference distortion.",independence-accountability-hybrid,Hybrid court balancing independence and accountability,shadowDocketAbuse,0.000,0.000,0.000,9600,cluster-bootstrap-runs-200-95
legislative-low-mandate,Low-mandate legislative outputs,"Imported rows with weak public mandate, low support, or public-preference distortion.",independence-accountability-hybrid,Hybrid court balancing independence and accountability,legitimacy,0.766,0.765,0.767,9600,cluster-bootstrap-runs-200-95
legislative-low-mandate,Low-mandate legislative outputs,"Imported rows with weak public mandate, low support, or public-preference distortion.",independence-accountability-hybrid,Hybrid court balancing independence and accountability,reversalRate,0.199,0.193,0.206,9600,cluster-bootstrap-runs-200-95
legislative-low-mandate,Low-mandate legislative outputs,"Imported rows with weak public mandate, low support, or public-preference distortion.",independence-accountability-hybrid,Hybrid court balancing independence and accountability,reviewRate,1.000,1.000,1.000,9600,cluster-bootstrap-runs-200-95
legislative-low-mandate,Low-mandate legislative outputs,"Imported rows with weak public mandate, low support, or public-preference distortion.",independence-accountability-hybrid,Hybrid court balancing independence and accountability,intakeAcceptanceRate,0.020,0.019,0.020,492155,cluster-bootstrap-runs-200-95
legislative-low-mandate,Low-mandate legislative outputs,"Imported rows with weak public mandate, low support, or public-preference distortion.",independence-accountability-hybrid,Hybrid court balancing independence and accountability,emergencyReliefRate,0.000,0.000,0.000,0,cluster-bootstrap-runs-200-95
legislative-low-mandate,Low-mandate legislative outputs,"Imported rows with weak public mandate, low support, or public-preference distortion.",independence-accountability-hybrid,Hybrid court balancing independence and accountability,emergencyReasonGivingRate,0.000,0.000,0.000,0,cluster-bootstrap-runs-200-95
legislative-low-mandate,Low-mandate legislative outputs,"Imported rows with weak public mandate, low support, or public-preference distortion.",independence-accountability-hybrid,Hybrid court balancing independence and accountability,emergencyVoteDisclosureRate,0.000,0.000,0.000,0,cluster-bootstrap-runs-200-95
legislative-low-mandate,Low-mandate legislative outputs,"Imported rows with weak public mandate, low support, or public-preference distortion.",independence-accountability-hybrid,Hybrid court balancing independence and accountability,emergencyPublicDisagreementRate,0.000,0.000,0.000,0,cluster-bootstrap-runs-200-95
legislative-low-mandate,Low-mandate legislative outputs,"Imported rows with weak public mandate, low support, or public-preference distortion.",independence-accountability-hybrid,Hybrid court balancing independence and accountability,governmentEmergencyWinRate,0.000,0.000,0.000,0,cluster-bootstrap-runs-200-95
legislative-low-mandate,Low-mandate legislative outputs,"Imported rows with weak public mandate, low support, or public-preference distortion.",independence-accountability-hybrid,Hybrid court balancing independence and accountability,meritsFollowUpRate,0.000,0.000,0.000,0,cluster-bootstrap-runs-200-95
legislative-low-mandate,Low-mandate legislative outputs,"Imported rows with weak public mandate, low support, or public-preference distortion.",independence-accountability-hybrid,Hybrid court balancing independence and accountability,meritsInvalidationRate,0.199,0.193,0.206,9600,cluster-bootstrap-runs-200-95
legislative-low-mandate,Low-mandate legislative outputs,"Imported rows with weak public mandate, low support, or public-preference distortion.",independence-accountability-hybrid,Hybrid court balancing independence and accountability,constitutionalConflict,0.223,0.222,0.225,9600,cluster-bootstrap-runs-200-95
legislative-low-mandate,Low-mandate legislative outputs,"Imported rows with weak public mandate, low support, or public-preference distortion.",independence-accountability-hybrid,Hybrid court balancing independence and accountability,democraticResponsiveness,0.573,0.572,0.575,9600,cluster-bootstrap-runs-200-95
legislative-low-mandate,Low-mandate legislative outputs,"Imported rows with weak public mandate, low support, or public-preference distortion.",independence-accountability-hybrid,Hybrid court balancing independence and accountability,complianceRate,0.498,0.484,0.516,9600,cluster-bootstrap-runs-200-95
legislative-low-mandate,Low-mandate legislative outputs,"Imported rows with weak public mandate, low support, or public-preference distortion.",independence-accountability-hybrid,Hybrid court balancing independence and accountability,publicTrust,0.099,0.095,0.104,9600,cluster-bootstrap-runs-200-95
legislative-low-mandate,Low-mandate legislative outputs,"Imported rows with weak public mandate, low support, or public-preference distortion.",independence-accountability-hybrid,Hybrid court balancing independence and accountability,administrativeLoad,0.528,0.527,0.530,9600,cluster-bootstrap-runs-200-95
legislative-low-mandate,Low-mandate legislative outputs,"Imported rows with weak public mandate, low support, or public-preference distortion.",independence-accountability-hybrid,Hybrid court balancing independence and accountability,directCourtCost,0.434,0.433,0.434,9600,cluster-bootstrap-runs-200-95
legislative-low-mandate,Low-mandate legislative outputs,"Imported rows with weak public mandate, low support, or public-preference distortion.",independence-accountability-hybrid,Hybrid court balancing independence and accountability,upstreamScreeningCost,0.677,0.676,0.678,9600,cluster-bootstrap-runs-200-95
legislative-low-mandate,Low-mandate legislative outputs,"Imported rows with weak public mandate, low support, or public-preference distortion.",independence-accountability-hybrid,Hybrid court balancing independence and accountability,capacityStrainCost,0.427,0.427,0.427,9600,cluster-bootstrap-runs-200-95
legislative-low-mandate,Low-mandate legislative outputs,"Imported rows with weak public mandate, low support, or public-preference distortion.",independence-accountability-hybrid,Hybrid court balancing independence and accountability,institutionalBudgetCost,0.504,0.504,0.505,9600,cluster-bootstrap-runs-200-95
legislative-low-mandate,Low-mandate legislative outputs,"Imported rows with weak public mandate, low support, or public-preference distortion.",independence-accountability-hybrid,Hybrid court balancing independence and accountability,institutionalDelayCost,0.486,0.485,0.486,9600,cluster-bootstrap-runs-200-95
legislative-low-mandate,Low-mandate legislative outputs,"Imported rows with weak public mandate, low support, or public-preference distortion.",independence-accountability-hybrid,Hybrid court balancing independence and accountability,implementationComplexity,0.609,0.608,0.609,9600,cluster-bootstrap-runs-200-95
legislative-low-mandate,Low-mandate legislative outputs,"Imported rows with weak public mandate, low support, or public-preference distortion.",independence-accountability-hybrid,Hybrid court balancing independence and accountability,totalInstitutionalCost,0.520,0.520,0.521,9600,cluster-bootstrap-runs-200-95
