caseKey,caseName,caseDescription,scenarioKey,scenario,scenarioKind,reviewMechanism,segmentType,segmentKey,observations,courtSize,medianIdeology,ideologicalSpread,meanPartisanAttachment,meanRightsSensitivity,meanInstitutionalism,replacementPressure,estimatedReplacementEvents
baseline,Baseline,Baseline assumptions for sensitivity comparison.,current-federal-court,Current-style federal supreme court,court_variant,strong_form_court,period,1,80,9.000,0.072,1.389,0.639,0.704,0.798,0.000,0.000
baseline,Baseline,Baseline assumptions for sensitivity comparison.,current-federal-court,Current-style federal supreme court,court_variant,strong_form_court,period,2,80,9.000,0.074,1.399,0.638,0.706,0.796,0.145,1.307
baseline,Baseline,Baseline assumptions for sensitivity comparison.,current-federal-court,Current-style federal supreme court,court_variant,strong_form_court,period,3,80,9.000,0.074,1.392,0.640,0.705,0.796,0.145,1.307
baseline,Baseline,Baseline assumptions for sensitivity comparison.,current-federal-court,Current-style federal supreme court,court_variant,strong_form_court,period,4,80,9.000,0.066,1.369,0.640,0.704,0.796,0.145,1.307
baseline,Baseline,Baseline assumptions for sensitivity comparison.,eighteen-year-terms,Staggered 18-year nonrenewable terms,court_variant,strong_form_court,period,1,80,9.000,0.037,1.436,0.619,0.705,0.782,0.000,0.000
baseline,Baseline,Baseline assumptions for sensitivity comparison.,eighteen-year-terms,Staggered 18-year nonrenewable terms,court_variant,strong_form_court,period,2,80,9.000,0.013,1.395,0.620,0.706,0.779,0.362,3.258
baseline,Baseline,Baseline assumptions for sensitivity comparison.,eighteen-year-terms,Staggered 18-year nonrenewable terms,court_variant,strong_form_court,period,3,80,9.000,0.017,1.393,0.623,0.708,0.781,0.362,3.258
baseline,Baseline,Baseline assumptions for sensitivity comparison.,eighteen-year-terms,Staggered 18-year nonrenewable terms,court_variant,strong_form_court,period,4,80,9.000,0.025,1.373,0.618,0.707,0.781,0.362,3.258
baseline,Baseline,Baseline assumptions for sensitivity comparison.,fifteen-justice-commission,Fifteen-justice supermajority commission court,court_variant,strong_form_court,period,1,80,15.000,0.007,0.805,0.532,0.734,0.779,0.000,0.000
baseline,Baseline,Baseline assumptions for sensitivity comparison.,fifteen-justice-commission,Fifteen-justice supermajority commission court,court_variant,strong_form_court,period,2,80,15.000,-0.013,0.846,0.531,0.733,0.777,0.453,6.798
baseline,Baseline,Baseline assumptions for sensitivity comparison.,fifteen-justice-commission,Fifteen-justice supermajority commission court,court_variant,strong_form_court,period,3,80,15.000,-0.020,0.894,0.530,0.729,0.779,0.453,6.798
baseline,Baseline,Baseline assumptions for sensitivity comparison.,fifteen-justice-commission,Fifteen-justice supermajority commission court,court_variant,strong_form_court,period,4,80,15.000,-0.012,0.901,0.531,0.734,0.778,0.453,6.798
baseline,Baseline,Baseline assumptions for sensitivity comparison.,supermajority-invalidation,Supermajority required to invalidate laws,court_variant,strong_form_court,period,1,80,9.000,0.057,1.435,0.611,0.701,0.845,0.000,0.000
baseline,Baseline,Baseline assumptions for sensitivity comparison.,supermajority-invalidation,Supermajority required to invalidate laws,court_variant,strong_form_court,period,2,80,9.000,0.053,1.361,0.614,0.701,0.843,0.151,1.357
baseline,Baseline,Baseline assumptions for sensitivity comparison.,supermajority-invalidation,Supermajority required to invalidate laws,court_variant,strong_form_court,period,3,80,9.000,0.062,1.374,0.612,0.700,0.844,0.151,1.357
baseline,Baseline,Baseline assumptions for sensitivity comparison.,supermajority-invalidation,Supermajority required to invalidate laws,court_variant,strong_form_court,period,4,80,9.000,0.063,1.385,0.613,0.698,0.840,0.151,1.357
baseline,Baseline,Baseline assumptions for sensitivity comparison.,strict-recusal-court,Strict recusal with substitute justices,court_variant,strong_form_court,period,1,80,12.000,0.003,0.847,0.531,0.732,0.768,0.000,0.000
baseline,Baseline,Baseline assumptions for sensitivity comparison.,strict-recusal-court,Strict recusal with substitute justices,court_variant,strong_form_court,period,2,80,12.000,0.008,0.827,0.530,0.734,0.770,0.459,5.506
baseline,Baseline,Baseline assumptions for sensitivity comparison.,strict-recusal-court,Strict recusal with substitute justices,court_variant,strong_form_court,period,3,80,12.000,-0.013,0.860,0.532,0.731,0.767,0.459,5.506
baseline,Baseline,Baseline assumptions for sensitivity comparison.,strict-recusal-court,Strict recusal with substitute justices,court_variant,strong_form_court,period,4,80,12.000,-0.007,0.896,0.534,0.732,0.768,0.459,5.506
baseline,Baseline,Baseline assumptions for sensitivity comparison.,reasoned-emergency-review,Reasoned emergency orders with merits follow-up,court_variant,strong_form_court,period,1,80,9.000,0.032,1.415,0.594,0.729,0.797,0.000,0.000
baseline,Baseline,Baseline assumptions for sensitivity comparison.,reasoned-emergency-review,Reasoned emergency orders with merits follow-up,court_variant,strong_form_court,period,2,80,9.000,0.042,1.374,0.596,0.732,0.801,0.362,3.258
baseline,Baseline,Baseline assumptions for sensitivity comparison.,reasoned-emergency-review,Reasoned emergency orders with merits follow-up,court_variant,strong_form_court,period,3,80,9.000,0.029,1.396,0.592,0.730,0.796,0.362,3.258
baseline,Baseline,Baseline assumptions for sensitivity comparison.,reasoned-emergency-review,Reasoned emergency orders with merits follow-up,court_variant,strong_form_court,period,4,80,9.000,0.035,1.392,0.592,0.730,0.799,0.362,3.258
baseline,Baseline,Baseline assumptions for sensitivity comparison.,panel-en-banc-review,Panel review with en banc safety valve,court_variant,strong_form_court,period,1,80,15.000,0.001,0.615,0.503,0.738,0.749,0.000,0.000
baseline,Baseline,Baseline assumptions for sensitivity comparison.,panel-en-banc-review,Panel review with en banc safety valve,court_variant,strong_form_court,period,2,80,15.000,-0.014,0.685,0.503,0.734,0.750,0.459,6.882
baseline,Baseline,Baseline assumptions for sensitivity comparison.,panel-en-banc-review,Panel review with en banc safety valve,court_variant,strong_form_court,period,3,80,15.000,-0.015,0.706,0.503,0.736,0.751,0.459,6.882
baseline,Baseline,Baseline assumptions for sensitivity comparison.,panel-en-banc-review,Panel review with en banc safety valve,court_variant,strong_form_court,period,4,80,15.000,0.007,0.737,0.504,0.735,0.748,0.459,6.882
baseline,Baseline,Baseline assumptions for sensitivity comparison.,dual-cross-checking-courts,Dual supreme courts with cross-checking invalidations,court_variant,strong_form_court,period,1,80,18.000,-0.007,0.846,0.512,0.748,0.804,0.000,0.000
baseline,Baseline,Baseline assumptions for sensitivity comparison.,dual-cross-checking-courts,Dual supreme courts with cross-checking invalidations,court_variant,strong_form_court,period,2,80,18.000,-0.003,0.875,0.513,0.749,0.804,0.456,8.208
baseline,Baseline,Baseline assumptions for sensitivity comparison.,dual-cross-checking-courts,Dual supreme courts with cross-checking invalidations,court_variant,strong_form_court,period,3,80,18.000,-0.027,0.914,0.511,0.746,0.803,0.456,8.208
baseline,Baseline,Baseline assumptions for sensitivity comparison.,dual-cross-checking-courts,Dual supreme courts with cross-checking invalidations,court_variant,strong_form_court,period,4,80,18.000,-0.032,0.940,0.510,0.750,0.805,0.456,8.208
baseline,Baseline,Baseline assumptions for sensitivity comparison.,constitutional-council,Pre-enactment constitutional council,court_variant,strong_form_court,period,1,80,12.000,0.002,0.621,0.478,0.767,0.795,0.000,0.000
baseline,Baseline,Baseline assumptions for sensitivity comparison.,constitutional-council,Pre-enactment constitutional council,court_variant,strong_form_court,period,2,80,12.000,-0.006,0.667,0.481,0.766,0.794,0.717,8.604
baseline,Baseline,Baseline assumptions for sensitivity comparison.,constitutional-council,Pre-enactment constitutional council,court_variant,strong_form_court,period,3,80,12.000,0.019,0.707,0.478,0.767,0.793,0.717,8.604
baseline,Baseline,Baseline assumptions for sensitivity comparison.,constitutional-council,Pre-enactment constitutional council,court_variant,strong_form_court,period,4,80,12.000,0.032,0.782,0.477,0.765,0.794,0.717,8.604
baseline,Baseline,Baseline assumptions for sensitivity comparison.,legislative-override-court,Judicial review with delayed legislative override,court_variant,strong_form_court,period,1,80,9.000,0.043,1.365,0.598,0.714,0.754,0.000,0.000
baseline,Baseline,Baseline assumptions for sensitivity comparison.,legislative-override-court,Judicial review with delayed legislative override,court_variant,strong_form_court,period,2,80,9.000,0.045,1.366,0.598,0.716,0.757,0.384,3.460
baseline,Baseline,Baseline assumptions for sensitivity comparison.,legislative-override-court,Judicial review with delayed legislative override,court_variant,strong_form_court,period,3,80,9.000,0.044,1.383,0.598,0.710,0.756,0.384,3.460
baseline,Baseline,Baseline assumptions for sensitivity comparison.,legislative-override-court,Judicial review with delayed legislative override,court_variant,strong_form_court,period,4,80,9.000,0.027,1.389,0.602,0.716,0.755,0.384,3.460
baseline,Baseline,Baseline assumptions for sensitivity comparison.,accountability-retention-court,Retention-election accountability court,court_variant,strong_form_court,period,1,80,9.000,0.026,1.182,0.588,0.698,0.676,0.000,0.000
baseline,Baseline,Baseline assumptions for sensitivity comparison.,accountability-retention-court,Retention-election accountability court,court_variant,strong_form_court,period,2,80,9.000,0.025,1.194,0.590,0.697,0.676,0.929,8.363
baseline,Baseline,Baseline assumptions for sensitivity comparison.,accountability-retention-court,Retention-election accountability court,court_variant,strong_form_court,period,3,80,9.000,-0.015,1.211,0.590,0.699,0.678,0.929,8.363
baseline,Baseline,Baseline assumptions for sensitivity comparison.,accountability-retention-court,Retention-election accountability court,court_variant,strong_form_court,period,4,80,9.000,0.014,1.316,0.587,0.692,0.677,0.929,8.363
baseline,Baseline,Baseline assumptions for sensitivity comparison.,independence-accountability-hybrid,Hybrid court balancing independence and accountability,court_variant,strong_form_court,period,1,80,15.000,-0.004,0.831,0.500,0.755,0.802,0.000,0.000
baseline,Baseline,Baseline assumptions for sensitivity comparison.,independence-accountability-hybrid,Hybrid court balancing independence and accountability,court_variant,strong_form_court,period,2,80,15.000,0.013,0.886,0.500,0.754,0.801,0.464,6.966
baseline,Baseline,Baseline assumptions for sensitivity comparison.,independence-accountability-hybrid,Hybrid court balancing independence and accountability,court_variant,strong_form_court,period,3,80,15.000,-0.015,0.906,0.502,0.754,0.803,0.464,6.966
baseline,Baseline,Baseline assumptions for sensitivity comparison.,independence-accountability-hybrid,Hybrid court balancing independence and accountability,court_variant,strong_form_court,period,4,80,15.000,0.008,0.967,0.501,0.757,0.803,0.464,6.966
baseline,Baseline,Baseline assumptions for sensitivity comparison.,weak-form-review,Weak-form review with legislative reply,synthetic_mechanism,weak_form_review,period,1,80,9.000,0.009,0.827,0.503,0.720,0.785,0.000,0.000
baseline,Baseline,Baseline assumptions for sensitivity comparison.,weak-form-review,Weak-form review with legislative reply,synthetic_mechanism,weak_form_review,period,2,80,9.000,0.029,0.820,0.502,0.713,0.786,0.401,3.611
baseline,Baseline,Baseline assumptions for sensitivity comparison.,weak-form-review,Weak-form review with legislative reply,synthetic_mechanism,weak_form_review,period,3,80,9.000,0.014,0.838,0.502,0.716,0.781,0.401,3.611
baseline,Baseline,Baseline assumptions for sensitivity comparison.,weak-form-review,Weak-form review with legislative reply,synthetic_mechanism,weak_form_review,period,4,80,9.000,-0.003,0.819,0.501,0.718,0.787,0.401,3.611
baseline,Baseline,Baseline assumptions for sensitivity comparison.,suspended-declaration-review,Suspended declarations of invalidity,synthetic_mechanism,suspended_declaration,period,1,80,11.000,-0.000,0.806,0.512,0.755,0.782,0.000,0.000
baseline,Baseline,Baseline assumptions for sensitivity comparison.,suspended-declaration-review,Suspended declarations of invalidity,synthetic_mechanism,suspended_declaration,period,2,80,11.000,0.030,0.830,0.514,0.753,0.778,0.467,5.139
baseline,Baseline,Baseline assumptions for sensitivity comparison.,suspended-declaration-review,Suspended declarations of invalidity,synthetic_mechanism,suspended_declaration,period,3,80,11.000,0.032,0.852,0.512,0.756,0.778,0.467,5.139
baseline,Baseline,Baseline assumptions for sensitivity comparison.,suspended-declaration-review,Suspended declarations of invalidity,synthetic_mechanism,suspended_declaration,period,4,80,11.000,0.015,0.882,0.513,0.755,0.779,0.467,5.139
baseline,Baseline,Baseline assumptions for sensitivity comparison.,override-clause-review,Strong-form review with explicit override clause,synthetic_mechanism,legislative_override_clause,period,1,80,9.000,0.032,1.323,0.584,0.716,0.768,0.000,0.000
baseline,Baseline,Baseline assumptions for sensitivity comparison.,override-clause-review,Strong-form review with explicit override clause,synthetic_mechanism,legislative_override_clause,period,2,80,9.000,0.051,1.362,0.586,0.715,0.768,0.393,3.535
baseline,Baseline,Baseline assumptions for sensitivity comparison.,override-clause-review,Strong-form review with explicit override clause,synthetic_mechanism,legislative_override_clause,period,3,80,9.000,0.032,1.398,0.583,0.712,0.771,0.393,3.535
baseline,Baseline,Baseline assumptions for sensitivity comparison.,override-clause-review,Strong-form review with explicit override clause,synthetic_mechanism,legislative_override_clause,period,4,80,9.000,0.001,1.422,0.585,0.715,0.768,0.393,3.535
baseline,Baseline,Baseline assumptions for sensitivity comparison.,pre-enactment-review,Pre-enactment review before laws take effect,synthetic_mechanism,pre_enactment_review,period,1,80,12.000,0.008,0.627,0.472,0.751,0.799,0.000,0.000
baseline,Baseline,Baseline assumptions for sensitivity comparison.,pre-enactment-review,Pre-enactment review before laws take effect,synthetic_mechanism,pre_enactment_review,period,2,80,12.000,-0.021,0.672,0.474,0.751,0.801,0.721,8.654
baseline,Baseline,Baseline assumptions for sensitivity comparison.,pre-enactment-review,Pre-enactment review before laws take effect,synthetic_mechanism,pre_enactment_review,period,3,80,12.000,0.025,0.707,0.474,0.751,0.797,0.721,8.654
baseline,Baseline,Baseline assumptions for sensitivity comparison.,pre-enactment-review,Pre-enactment review before laws take effect,synthetic_mechanism,pre_enactment_review,period,4,80,12.000,-0.011,0.754,0.472,0.752,0.800,0.721,8.654
baseline,Baseline,Baseline assumptions for sensitivity comparison.,abstract-review-tribunal,Abstract review tribunal,synthetic_mechanism,abstract_review,period,1,80,15.000,-0.002,0.830,0.513,0.761,0.815,0.000,0.000
baseline,Baseline,Baseline assumptions for sensitivity comparison.,abstract-review-tribunal,Abstract review tribunal,synthetic_mechanism,abstract_review,period,2,80,15.000,-0.032,0.868,0.512,0.761,0.816,0.450,6.756
baseline,Baseline,Baseline assumptions for sensitivity comparison.,abstract-review-tribunal,Abstract review tribunal,synthetic_mechanism,abstract_review,period,3,80,15.000,-0.022,0.918,0.512,0.760,0.816,0.450,6.756
baseline,Baseline,Baseline assumptions for sensitivity comparison.,abstract-review-tribunal,Abstract review tribunal,synthetic_mechanism,abstract_review,period,4,80,15.000,-0.021,0.926,0.512,0.763,0.814,0.450,6.756
baseline,Baseline,Baseline assumptions for sensitivity comparison.,ombudsman-triggered-review,Ombudsman-triggered constitutional review,synthetic_mechanism,ombudsman_triggered_review,period,1,80,11.000,-0.004,0.627,0.492,0.781,0.760,0.000,0.000
baseline,Baseline,Baseline assumptions for sensitivity comparison.,ombudsman-triggered-review,Ombudsman-triggered constitutional review,synthetic_mechanism,ombudsman_triggered_review,period,2,80,11.000,0.041,0.649,0.492,0.780,0.763,0.476,5.232
baseline,Baseline,Baseline assumptions for sensitivity comparison.,ombudsman-triggered-review,Ombudsman-triggered constitutional review,synthetic_mechanism,ombudsman_triggered_review,period,3,80,11.000,-0.011,0.682,0.492,0.783,0.762,0.476,5.232
baseline,Baseline,Baseline assumptions for sensitivity comparison.,ombudsman-triggered-review,Ombudsman-triggered constitutional review,synthetic_mechanism,ombudsman_triggered_review,period,4,80,11.000,-0.010,0.761,0.492,0.779,0.763,0.476,5.232
baseline,Baseline,Baseline assumptions for sensitivity comparison.,constitutional-public-defender,Constitutional public defender access model,synthetic_mechanism,constitutional_public_defender,period,1,80,11.000,0.001,0.567,0.504,0.796,0.757,0.000,0.000
baseline,Baseline,Baseline assumptions for sensitivity comparison.,constitutional-public-defender,Constitutional public defender access model,synthetic_mechanism,constitutional_public_defender,period,2,80,11.000,0.017,0.660,0.499,0.796,0.758,0.470,5.170
baseline,Baseline,Baseline assumptions for sensitivity comparison.,constitutional-public-defender,Constitutional public defender access model,synthetic_mechanism,constitutional_public_defender,period,3,80,11.000,-0.009,0.692,0.501,0.792,0.758,0.470,5.170
baseline,Baseline,Baseline assumptions for sensitivity comparison.,constitutional-public-defender,Constitutional public defender access model,synthetic_mechanism,constitutional_public_defender,period,4,80,11.000,0.024,0.719,0.503,0.791,0.756,0.470,5.170
baseline,Baseline,Baseline assumptions for sensitivity comparison.,rights-impact-statement-review,Rights-impact statements before review,synthetic_mechanism,rights_impact_statement,period,1,80,9.000,0.026,1.617,0.557,0.725,0.774,0.000,0.000
baseline,Baseline,Baseline assumptions for sensitivity comparison.,rights-impact-statement-review,Rights-impact statements before review,synthetic_mechanism,rights_impact_statement,period,2,80,9.000,0.082,1.546,0.557,0.726,0.776,0.741,6.667
baseline,Baseline,Baseline assumptions for sensitivity comparison.,rights-impact-statement-review,Rights-impact statements before review,synthetic_mechanism,rights_impact_statement,period,3,80,9.000,0.034,1.574,0.563,0.731,0.777,0.741,6.667
baseline,Baseline,Baseline assumptions for sensitivity comparison.,rights-impact-statement-review,Rights-impact statements before review,synthetic_mechanism,rights_impact_statement,period,4,80,9.000,-0.004,1.603,0.559,0.726,0.778,0.741,6.667
baseline,Baseline,Baseline assumptions for sensitivity comparison.,mandatory-legislative-response,Mandatory legislative response cycles,synthetic_mechanism,mandatory_legislative_response,period,1,80,9.000,-0.007,0.766,0.495,0.733,0.776,0.000,0.000
baseline,Baseline,Baseline assumptions for sensitivity comparison.,mandatory-legislative-response,Mandatory legislative response cycles,synthetic_mechanism,mandatory_legislative_response,period,2,80,9.000,0.011,0.832,0.498,0.728,0.772,0.495,4.457
baseline,Baseline,Baseline assumptions for sensitivity comparison.,mandatory-legislative-response,Mandatory legislative response cycles,synthetic_mechanism,mandatory_legislative_response,period,3,80,9.000,0.015,0.848,0.501,0.730,0.775,0.495,4.457
baseline,Baseline,Baseline assumptions for sensitivity comparison.,mandatory-legislative-response,Mandatory legislative response cycles,synthetic_mechanism,mandatory_legislative_response,period,4,80,9.000,0.017,0.881,0.500,0.730,0.776,0.495,4.457
low-emergency-pressure,Low emergency pressure,Lower urgency and emergency docket pressure.,current-federal-court,Current-style federal supreme court,court_variant,strong_form_court,period,1,80,9.000,0.075,1.322,0.636,0.710,0.797,0.000,0.000
low-emergency-pressure,Low emergency pressure,Lower urgency and emergency docket pressure.,current-federal-court,Current-style federal supreme court,court_variant,strong_form_court,period,2,80,9.000,0.064,1.377,0.636,0.707,0.797,0.145,1.307
low-emergency-pressure,Low emergency pressure,Lower urgency and emergency docket pressure.,current-federal-court,Current-style federal supreme court,court_variant,strong_form_court,period,3,80,9.000,0.070,1.405,0.639,0.703,0.799,0.145,1.307
low-emergency-pressure,Low emergency pressure,Lower urgency and emergency docket pressure.,current-federal-court,Current-style federal supreme court,court_variant,strong_form_court,period,4,80,9.000,0.073,1.368,0.641,0.705,0.796,0.145,1.307
low-emergency-pressure,Low emergency pressure,Lower urgency and emergency docket pressure.,eighteen-year-terms,Staggered 18-year nonrenewable terms,court_variant,strong_form_court,period,1,80,9.000,0.028,1.336,0.618,0.711,0.780,0.000,0.000
low-emergency-pressure,Low emergency pressure,Lower urgency and emergency docket pressure.,eighteen-year-terms,Staggered 18-year nonrenewable terms,court_variant,strong_form_court,period,2,80,9.000,0.027,1.350,0.618,0.710,0.780,0.362,3.258
low-emergency-pressure,Low emergency pressure,Lower urgency and emergency docket pressure.,eighteen-year-terms,Staggered 18-year nonrenewable terms,court_variant,strong_form_court,period,3,80,9.000,0.043,1.384,0.618,0.713,0.780,0.362,3.258
low-emergency-pressure,Low emergency pressure,Lower urgency and emergency docket pressure.,eighteen-year-terms,Staggered 18-year nonrenewable terms,court_variant,strong_form_court,period,4,80,9.000,0.042,1.402,0.620,0.706,0.781,0.362,3.258
low-emergency-pressure,Low emergency pressure,Lower urgency and emergency docket pressure.,fifteen-justice-commission,Fifteen-justice supermajority commission court,court_variant,strong_form_court,period,1,80,15.000,-0.002,0.836,0.531,0.733,0.779,0.000,0.000
low-emergency-pressure,Low emergency pressure,Lower urgency and emergency docket pressure.,fifteen-justice-commission,Fifteen-justice supermajority commission court,court_variant,strong_form_court,period,2,80,15.000,-0.004,0.875,0.531,0.732,0.779,0.453,6.798
low-emergency-pressure,Low emergency pressure,Lower urgency and emergency docket pressure.,fifteen-justice-commission,Fifteen-justice supermajority commission court,court_variant,strong_form_court,period,3,80,15.000,-0.023,0.887,0.529,0.731,0.779,0.453,6.798
low-emergency-pressure,Low emergency pressure,Lower urgency and emergency docket pressure.,fifteen-justice-commission,Fifteen-justice supermajority commission court,court_variant,strong_form_court,period,4,80,15.000,-0.012,0.944,0.531,0.737,0.777,0.453,6.798
low-emergency-pressure,Low emergency pressure,Lower urgency and emergency docket pressure.,supermajority-invalidation,Supermajority required to invalidate laws,court_variant,strong_form_court,period,1,80,9.000,0.043,1.389,0.611,0.701,0.841,0.000,0.000
low-emergency-pressure,Low emergency pressure,Lower urgency and emergency docket pressure.,supermajority-invalidation,Supermajority required to invalidate laws,court_variant,strong_form_court,period,2,80,9.000,0.049,1.383,0.612,0.695,0.842,0.151,1.357
low-emergency-pressure,Low emergency pressure,Lower urgency and emergency docket pressure.,supermajority-invalidation,Supermajority required to invalidate laws,court_variant,strong_form_court,period,3,80,9.000,0.053,1.372,0.613,0.699,0.842,0.151,1.357
low-emergency-pressure,Low emergency pressure,Lower urgency and emergency docket pressure.,supermajority-invalidation,Supermajority required to invalidate laws,court_variant,strong_form_court,period,4,80,9.000,0.048,1.395,0.612,0.699,0.844,0.151,1.357
low-emergency-pressure,Low emergency pressure,Lower urgency and emergency docket pressure.,strict-recusal-court,Strict recusal with substitute justices,court_variant,strong_form_court,period,1,80,12.000,0.003,0.782,0.533,0.732,0.768,0.000,0.000
low-emergency-pressure,Low emergency pressure,Lower urgency and emergency docket pressure.,strict-recusal-court,Strict recusal with substitute justices,court_variant,strong_form_court,period,2,80,12.000,0.018,0.859,0.532,0.731,0.769,0.459,5.506
low-emergency-pressure,Low emergency pressure,Lower urgency and emergency docket pressure.,strict-recusal-court,Strict recusal with substitute justices,court_variant,strong_form_court,period,3,80,12.000,-0.002,0.876,0.530,0.732,0.764,0.459,5.506
low-emergency-pressure,Low emergency pressure,Lower urgency and emergency docket pressure.,strict-recusal-court,Strict recusal with substitute justices,court_variant,strong_form_court,period,4,80,12.000,0.013,0.884,0.532,0.731,0.769,0.459,5.506
low-emergency-pressure,Low emergency pressure,Lower urgency and emergency docket pressure.,reasoned-emergency-review,Reasoned emergency orders with merits follow-up,court_variant,strong_form_court,period,1,80,9.000,0.034,1.371,0.594,0.731,0.799,0.000,0.000
low-emergency-pressure,Low emergency pressure,Lower urgency and emergency docket pressure.,reasoned-emergency-review,Reasoned emergency orders with merits follow-up,court_variant,strong_form_court,period,2,80,9.000,0.031,1.377,0.592,0.726,0.800,0.362,3.258
low-emergency-pressure,Low emergency pressure,Lower urgency and emergency docket pressure.,reasoned-emergency-review,Reasoned emergency orders with merits follow-up,court_variant,strong_form_court,period,3,80,9.000,-0.002,1.392,0.595,0.731,0.800,0.362,3.258
low-emergency-pressure,Low emergency pressure,Lower urgency and emergency docket pressure.,reasoned-emergency-review,Reasoned emergency orders with merits follow-up,court_variant,strong_form_court,period,4,80,9.000,0.025,1.385,0.595,0.727,0.801,0.362,3.258
low-emergency-pressure,Low emergency pressure,Lower urgency and emergency docket pressure.,panel-en-banc-review,Panel review with en banc safety valve,court_variant,strong_form_court,period,1,80,15.000,0.008,0.631,0.503,0.732,0.749,0.000,0.000
low-emergency-pressure,Low emergency pressure,Lower urgency and emergency docket pressure.,panel-en-banc-review,Panel review with en banc safety valve,court_variant,strong_form_court,period,2,80,15.000,-0.008,0.663,0.502,0.737,0.749,0.459,6.882
low-emergency-pressure,Low emergency pressure,Lower urgency and emergency docket pressure.,panel-en-banc-review,Panel review with en banc safety valve,court_variant,strong_form_court,period,3,80,15.000,-0.022,0.698,0.500,0.734,0.747,0.459,6.882
low-emergency-pressure,Low emergency pressure,Lower urgency and emergency docket pressure.,panel-en-banc-review,Panel review with en banc safety valve,court_variant,strong_form_court,period,4,80,15.000,0.020,0.765,0.503,0.734,0.750,0.459,6.882
low-emergency-pressure,Low emergency pressure,Lower urgency and emergency docket pressure.,dual-cross-checking-courts,Dual supreme courts with cross-checking invalidations,court_variant,strong_form_court,period,1,80,18.000,0.004,0.873,0.511,0.749,0.804,0.000,0.000
low-emergency-pressure,Low emergency pressure,Lower urgency and emergency docket pressure.,dual-cross-checking-courts,Dual supreme courts with cross-checking invalidations,court_variant,strong_form_court,period,2,80,18.000,0.023,0.860,0.511,0.749,0.805,0.456,8.208
low-emergency-pressure,Low emergency pressure,Lower urgency and emergency docket pressure.,dual-cross-checking-courts,Dual supreme courts with cross-checking invalidations,court_variant,strong_form_court,period,3,80,18.000,-0.002,0.904,0.513,0.747,0.805,0.456,8.208
low-emergency-pressure,Low emergency pressure,Lower urgency and emergency docket pressure.,dual-cross-checking-courts,Dual supreme courts with cross-checking invalidations,court_variant,strong_form_court,period,4,80,18.000,0.005,0.986,0.512,0.745,0.803,0.456,8.208
low-emergency-pressure,Low emergency pressure,Lower urgency and emergency docket pressure.,constitutional-council,Pre-enactment constitutional council,court_variant,strong_form_court,period,1,80,12.000,-0.001,0.640,0.475,0.766,0.791,0.000,0.000
low-emergency-pressure,Low emergency pressure,Lower urgency and emergency docket pressure.,constitutional-council,Pre-enactment constitutional council,court_variant,strong_form_court,period,2,80,12.000,0.056,0.657,0.478,0.761,0.794,0.717,8.604
low-emergency-pressure,Low emergency pressure,Lower urgency and emergency docket pressure.,constitutional-council,Pre-enactment constitutional council,court_variant,strong_form_court,period,3,80,12.000,-0.010,0.730,0.479,0.766,0.794,0.717,8.604
low-emergency-pressure,Low emergency pressure,Lower urgency and emergency docket pressure.,constitutional-council,Pre-enactment constitutional council,court_variant,strong_form_court,period,4,80,12.000,0.016,0.816,0.478,0.767,0.793,0.717,8.604
low-emergency-pressure,Low emergency pressure,Lower urgency and emergency docket pressure.,legislative-override-court,Judicial review with delayed legislative override,court_variant,strong_form_court,period,1,80,9.000,0.020,1.310,0.598,0.712,0.757,0.000,0.000
low-emergency-pressure,Low emergency pressure,Lower urgency and emergency docket pressure.,legislative-override-court,Judicial review with delayed legislative override,court_variant,strong_form_court,period,2,80,9.000,0.019,1.385,0.599,0.717,0.755,0.384,3.460
low-emergency-pressure,Low emergency pressure,Lower urgency and emergency docket pressure.,legislative-override-court,Judicial review with delayed legislative override,court_variant,strong_form_court,period,3,80,9.000,0.039,1.359,0.601,0.719,0.759,0.384,3.460
low-emergency-pressure,Low emergency pressure,Lower urgency and emergency docket pressure.,legislative-override-court,Judicial review with delayed legislative override,court_variant,strong_form_court,period,4,80,9.000,0.044,1.379,0.600,0.714,0.756,0.384,3.460
low-emergency-pressure,Low emergency pressure,Lower urgency and emergency docket pressure.,accountability-retention-court,Retention-election accountability court,court_variant,strong_form_court,period,1,80,9.000,0.022,1.119,0.587,0.692,0.673,0.000,0.000
low-emergency-pressure,Low emergency pressure,Lower urgency and emergency docket pressure.,accountability-retention-court,Retention-election accountability court,court_variant,strong_form_court,period,2,80,9.000,0.028,1.219,0.584,0.697,0.674,0.929,8.363
low-emergency-pressure,Low emergency pressure,Lower urgency and emergency docket pressure.,accountability-retention-court,Retention-election accountability court,court_variant,strong_form_court,period,3,80,9.000,0.030,1.233,0.587,0.694,0.676,0.929,8.363
low-emergency-pressure,Low emergency pressure,Lower urgency and emergency docket pressure.,accountability-retention-court,Retention-election accountability court,court_variant,strong_form_court,period,4,80,9.000,0.063,1.313,0.586,0.692,0.677,0.929,8.363
low-emergency-pressure,Low emergency pressure,Lower urgency and emergency docket pressure.,independence-accountability-hybrid,Hybrid court balancing independence and accountability,court_variant,strong_form_court,period,1,80,15.000,0.005,0.861,0.502,0.755,0.800,0.000,0.000
low-emergency-pressure,Low emergency pressure,Lower urgency and emergency docket pressure.,independence-accountability-hybrid,Hybrid court balancing independence and accountability,court_variant,strong_form_court,period,2,80,15.000,-0.000,0.881,0.502,0.753,0.803,0.464,6.966
low-emergency-pressure,Low emergency pressure,Lower urgency and emergency docket pressure.,independence-accountability-hybrid,Hybrid court balancing independence and accountability,court_variant,strong_form_court,period,3,80,15.000,-0.029,0.896,0.499,0.755,0.802,0.464,6.966
low-emergency-pressure,Low emergency pressure,Lower urgency and emergency docket pressure.,independence-accountability-hybrid,Hybrid court balancing independence and accountability,court_variant,strong_form_court,period,4,80,15.000,-0.019,0.926,0.504,0.757,0.804,0.464,6.966
low-emergency-pressure,Low emergency pressure,Lower urgency and emergency docket pressure.,weak-form-review,Weak-form review with legislative reply,synthetic_mechanism,weak_form_review,period,1,80,9.000,-0.004,0.804,0.501,0.714,0.784,0.000,0.000
low-emergency-pressure,Low emergency pressure,Lower urgency and emergency docket pressure.,weak-form-review,Weak-form review with legislative reply,synthetic_mechanism,weak_form_review,period,2,80,9.000,-0.018,0.800,0.503,0.718,0.787,0.401,3.611
low-emergency-pressure,Low emergency pressure,Lower urgency and emergency docket pressure.,weak-form-review,Weak-form review with legislative reply,synthetic_mechanism,weak_form_review,period,3,80,9.000,-0.007,0.827,0.504,0.717,0.782,0.401,3.611
low-emergency-pressure,Low emergency pressure,Lower urgency and emergency docket pressure.,weak-form-review,Weak-form review with legislative reply,synthetic_mechanism,weak_form_review,period,4,80,9.000,-0.030,0.864,0.500,0.713,0.787,0.401,3.611
low-emergency-pressure,Low emergency pressure,Lower urgency and emergency docket pressure.,suspended-declaration-review,Suspended declarations of invalidity,synthetic_mechanism,suspended_declaration,period,1,80,11.000,0.001,0.777,0.513,0.755,0.782,0.000,0.000
low-emergency-pressure,Low emergency pressure,Lower urgency and emergency docket pressure.,suspended-declaration-review,Suspended declarations of invalidity,synthetic_mechanism,suspended_declaration,period,2,80,11.000,-0.017,0.843,0.510,0.755,0.778,0.467,5.139
low-emergency-pressure,Low emergency pressure,Lower urgency and emergency docket pressure.,suspended-declaration-review,Suspended declarations of invalidity,synthetic_mechanism,suspended_declaration,period,3,80,11.000,0.013,0.843,0.513,0.756,0.779,0.467,5.139
low-emergency-pressure,Low emergency pressure,Lower urgency and emergency docket pressure.,suspended-declaration-review,Suspended declarations of invalidity,synthetic_mechanism,suspended_declaration,period,4,80,11.000,0.020,0.866,0.510,0.755,0.780,0.467,5.139
low-emergency-pressure,Low emergency pressure,Lower urgency and emergency docket pressure.,override-clause-review,Strong-form review with explicit override clause,synthetic_mechanism,legislative_override_clause,period,1,80,9.000,0.024,1.366,0.586,0.711,0.767,0.000,0.000
low-emergency-pressure,Low emergency pressure,Lower urgency and emergency docket pressure.,override-clause-review,Strong-form review with explicit override clause,synthetic_mechanism,legislative_override_clause,period,2,80,9.000,0.037,1.356,0.583,0.714,0.768,0.393,3.535
low-emergency-pressure,Low emergency pressure,Lower urgency and emergency docket pressure.,override-clause-review,Strong-form review with explicit override clause,synthetic_mechanism,legislative_override_clause,period,3,80,9.000,0.036,1.398,0.585,0.716,0.767,0.393,3.535
low-emergency-pressure,Low emergency pressure,Lower urgency and emergency docket pressure.,override-clause-review,Strong-form review with explicit override clause,synthetic_mechanism,legislative_override_clause,period,4,80,9.000,0.065,1.390,0.583,0.715,0.767,0.393,3.535
low-emergency-pressure,Low emergency pressure,Lower urgency and emergency docket pressure.,pre-enactment-review,Pre-enactment review before laws take effect,synthetic_mechanism,pre_enactment_review,period,1,80,12.000,-0.000,0.613,0.473,0.748,0.798,0.000,0.000
low-emergency-pressure,Low emergency pressure,Lower urgency and emergency docket pressure.,pre-enactment-review,Pre-enactment review before laws take effect,synthetic_mechanism,pre_enactment_review,period,2,80,12.000,-0.029,0.660,0.476,0.751,0.799,0.721,8.654
low-emergency-pressure,Low emergency pressure,Lower urgency and emergency docket pressure.,pre-enactment-review,Pre-enactment review before laws take effect,synthetic_mechanism,pre_enactment_review,period,3,80,12.000,0.013,0.736,0.474,0.748,0.798,0.721,8.654
low-emergency-pressure,Low emergency pressure,Lower urgency and emergency docket pressure.,pre-enactment-review,Pre-enactment review before laws take effect,synthetic_mechanism,pre_enactment_review,period,4,80,12.000,-0.040,0.812,0.472,0.750,0.800,0.721,8.654
low-emergency-pressure,Low emergency pressure,Lower urgency and emergency docket pressure.,abstract-review-tribunal,Abstract review tribunal,synthetic_mechanism,abstract_review,period,1,80,15.000,-0.004,0.792,0.512,0.766,0.815,0.000,0.000
low-emergency-pressure,Low emergency pressure,Lower urgency and emergency docket pressure.,abstract-review-tribunal,Abstract review tribunal,synthetic_mechanism,abstract_review,period,2,80,15.000,-0.021,0.844,0.511,0.761,0.815,0.450,6.756
low-emergency-pressure,Low emergency pressure,Lower urgency and emergency docket pressure.,abstract-review-tribunal,Abstract review tribunal,synthetic_mechanism,abstract_review,period,3,80,15.000,0.019,0.891,0.512,0.761,0.813,0.450,6.756
low-emergency-pressure,Low emergency pressure,Lower urgency and emergency docket pressure.,abstract-review-tribunal,Abstract review tribunal,synthetic_mechanism,abstract_review,period,4,80,15.000,0.010,0.899,0.508,0.763,0.815,0.450,6.756
low-emergency-pressure,Low emergency pressure,Lower urgency and emergency docket pressure.,ombudsman-triggered-review,Ombudsman-triggered constitutional review,synthetic_mechanism,ombudsman_triggered_review,period,1,80,11.000,-0.001,0.599,0.495,0.782,0.759,0.000,0.000
low-emergency-pressure,Low emergency pressure,Lower urgency and emergency docket pressure.,ombudsman-triggered-review,Ombudsman-triggered constitutional review,synthetic_mechanism,ombudsman_triggered_review,period,2,80,11.000,-0.006,0.627,0.491,0.781,0.760,0.476,5.232
low-emergency-pressure,Low emergency pressure,Lower urgency and emergency docket pressure.,ombudsman-triggered-review,Ombudsman-triggered constitutional review,synthetic_mechanism,ombudsman_triggered_review,period,3,80,11.000,0.000,0.689,0.493,0.779,0.765,0.476,5.232
low-emergency-pressure,Low emergency pressure,Lower urgency and emergency docket pressure.,ombudsman-triggered-review,Ombudsman-triggered constitutional review,synthetic_mechanism,ombudsman_triggered_review,period,4,80,11.000,0.016,0.722,0.494,0.783,0.761,0.476,5.232
low-emergency-pressure,Low emergency pressure,Lower urgency and emergency docket pressure.,constitutional-public-defender,Constitutional public defender access model,synthetic_mechanism,constitutional_public_defender,period,1,80,11.000,0.000,0.631,0.503,0.794,0.756,0.000,0.000
low-emergency-pressure,Low emergency pressure,Lower urgency and emergency docket pressure.,constitutional-public-defender,Constitutional public defender access model,synthetic_mechanism,constitutional_public_defender,period,2,80,11.000,-0.040,0.652,0.501,0.795,0.758,0.470,5.170
low-emergency-pressure,Low emergency pressure,Lower urgency and emergency docket pressure.,constitutional-public-defender,Constitutional public defender access model,synthetic_mechanism,constitutional_public_defender,period,3,80,11.000,-0.000,0.693,0.504,0.794,0.759,0.470,5.170
low-emergency-pressure,Low emergency pressure,Lower urgency and emergency docket pressure.,constitutional-public-defender,Constitutional public defender access model,synthetic_mechanism,constitutional_public_defender,period,4,80,11.000,-0.014,0.731,0.501,0.791,0.759,0.470,5.170
low-emergency-pressure,Low emergency pressure,Lower urgency and emergency docket pressure.,rights-impact-statement-review,Rights-impact statements before review,synthetic_mechanism,rights_impact_statement,period,1,80,9.000,0.019,1.509,0.558,0.724,0.774,0.000,0.000
low-emergency-pressure,Low emergency pressure,Lower urgency and emergency docket pressure.,rights-impact-statement-review,Rights-impact statements before review,synthetic_mechanism,rights_impact_statement,period,2,80,9.000,0.033,1.562,0.559,0.726,0.777,0.741,6.667
low-emergency-pressure,Low emergency pressure,Lower urgency and emergency docket pressure.,rights-impact-statement-review,Rights-impact statements before review,synthetic_mechanism,rights_impact_statement,period,3,80,9.000,-0.013,1.574,0.559,0.725,0.773,0.741,6.667
low-emergency-pressure,Low emergency pressure,Lower urgency and emergency docket pressure.,rights-impact-statement-review,Rights-impact statements before review,synthetic_mechanism,rights_impact_statement,period,4,80,9.000,0.008,1.611,0.560,0.728,0.774,0.741,6.667
low-emergency-pressure,Low emergency pressure,Lower urgency and emergency docket pressure.,mandatory-legislative-response,Mandatory legislative response cycles,synthetic_mechanism,mandatory_legislative_response,period,1,80,9.000,0.005,0.787,0.497,0.729,0.773,0.000,0.000
low-emergency-pressure,Low emergency pressure,Lower urgency and emergency docket pressure.,mandatory-legislative-response,Mandatory legislative response cycles,synthetic_mechanism,mandatory_legislative_response,period,2,80,9.000,-0.030,0.823,0.496,0.726,0.772,0.495,4.457
low-emergency-pressure,Low emergency pressure,Lower urgency and emergency docket pressure.,mandatory-legislative-response,Mandatory legislative response cycles,synthetic_mechanism,mandatory_legislative_response,period,3,80,9.000,0.029,0.848,0.497,0.730,0.774,0.495,4.457
low-emergency-pressure,Low emergency pressure,Lower urgency and emergency docket pressure.,mandatory-legislative-response,Mandatory legislative response cycles,synthetic_mechanism,mandatory_legislative_response,period,4,80,9.000,0.026,0.873,0.501,0.732,0.777,0.495,4.457
high-emergency-pressure,High emergency pressure,Higher urgency and emergency docket pressure.,current-federal-court,Current-style federal supreme court,court_variant,strong_form_court,period,1,80,9.000,0.073,1.442,0.639,0.708,0.799,0.000,0.000
high-emergency-pressure,High emergency pressure,Higher urgency and emergency docket pressure.,current-federal-court,Current-style federal supreme court,court_variant,strong_form_court,period,2,80,9.000,0.083,1.393,0.637,0.707,0.795,0.145,1.307
high-emergency-pressure,High emergency pressure,Higher urgency and emergency docket pressure.,current-federal-court,Current-style federal supreme court,court_variant,strong_form_court,period,3,80,9.000,0.075,1.401,0.637,0.707,0.797,0.145,1.307
high-emergency-pressure,High emergency pressure,Higher urgency and emergency docket pressure.,current-federal-court,Current-style federal supreme court,court_variant,strong_form_court,period,4,80,9.000,0.090,1.366,0.637,0.707,0.801,0.145,1.307
high-emergency-pressure,High emergency pressure,Higher urgency and emergency docket pressure.,eighteen-year-terms,Staggered 18-year nonrenewable terms,court_variant,strong_form_court,period,1,80,9.000,0.045,1.365,0.620,0.702,0.785,0.000,0.000
high-emergency-pressure,High emergency pressure,Higher urgency and emergency docket pressure.,eighteen-year-terms,Staggered 18-year nonrenewable terms,court_variant,strong_form_court,period,2,80,9.000,0.050,1.389,0.616,0.707,0.780,0.362,3.258
high-emergency-pressure,High emergency pressure,Higher urgency and emergency docket pressure.,eighteen-year-terms,Staggered 18-year nonrenewable terms,court_variant,strong_form_court,period,3,80,9.000,0.037,1.391,0.619,0.706,0.782,0.362,3.258
high-emergency-pressure,High emergency pressure,Higher urgency and emergency docket pressure.,eighteen-year-terms,Staggered 18-year nonrenewable terms,court_variant,strong_form_court,period,4,80,9.000,0.033,1.381,0.616,0.707,0.780,0.362,3.258
high-emergency-pressure,High emergency pressure,Higher urgency and emergency docket pressure.,fifteen-justice-commission,Fifteen-justice supermajority commission court,court_variant,strong_form_court,period,1,80,15.000,-0.001,0.805,0.531,0.731,0.777,0.000,0.000
high-emergency-pressure,High emergency pressure,Higher urgency and emergency docket pressure.,fifteen-justice-commission,Fifteen-justice supermajority commission court,court_variant,strong_form_court,period,2,80,15.000,-0.012,0.858,0.531,0.732,0.778,0.453,6.798
high-emergency-pressure,High emergency pressure,Higher urgency and emergency docket pressure.,fifteen-justice-commission,Fifteen-justice supermajority commission court,court_variant,strong_form_court,period,3,80,15.000,-0.001,0.906,0.528,0.733,0.776,0.453,6.798
high-emergency-pressure,High emergency pressure,Higher urgency and emergency docket pressure.,fifteen-justice-commission,Fifteen-justice supermajority commission court,court_variant,strong_form_court,period,4,80,15.000,0.003,0.910,0.530,0.731,0.780,0.453,6.798
high-emergency-pressure,High emergency pressure,Higher urgency and emergency docket pressure.,supermajority-invalidation,Supermajority required to invalidate laws,court_variant,strong_form_court,period,1,80,9.000,0.065,1.391,0.611,0.702,0.844,0.000,0.000
high-emergency-pressure,High emergency pressure,Higher urgency and emergency docket pressure.,supermajority-invalidation,Supermajority required to invalidate laws,court_variant,strong_form_court,period,2,80,9.000,0.053,1.377,0.615,0.699,0.847,0.151,1.357
high-emergency-pressure,High emergency pressure,Higher urgency and emergency docket pressure.,supermajority-invalidation,Supermajority required to invalidate laws,court_variant,strong_form_court,period,3,80,9.000,0.045,1.370,0.615,0.700,0.843,0.151,1.357
high-emergency-pressure,High emergency pressure,Higher urgency and emergency docket pressure.,supermajority-invalidation,Supermajority required to invalidate laws,court_variant,strong_form_court,period,4,80,9.000,0.050,1.377,0.614,0.700,0.844,0.151,1.357
high-emergency-pressure,High emergency pressure,Higher urgency and emergency docket pressure.,strict-recusal-court,Strict recusal with substitute justices,court_variant,strong_form_court,period,1,80,12.000,-0.002,0.840,0.530,0.732,0.766,0.000,0.000
high-emergency-pressure,High emergency pressure,Higher urgency and emergency docket pressure.,strict-recusal-court,Strict recusal with substitute justices,court_variant,strong_form_court,period,2,80,12.000,0.023,0.829,0.532,0.733,0.767,0.459,5.506
high-emergency-pressure,High emergency pressure,Higher urgency and emergency docket pressure.,strict-recusal-court,Strict recusal with substitute justices,court_variant,strong_form_court,period,3,80,12.000,-0.009,0.848,0.533,0.733,0.768,0.459,5.506
high-emergency-pressure,High emergency pressure,Higher urgency and emergency docket pressure.,strict-recusal-court,Strict recusal with substitute justices,court_variant,strong_form_court,period,4,80,12.000,-0.006,0.880,0.531,0.734,0.766,0.459,5.506
high-emergency-pressure,High emergency pressure,Higher urgency and emergency docket pressure.,reasoned-emergency-review,Reasoned emergency orders with merits follow-up,court_variant,strong_form_court,period,1,80,9.000,0.026,1.384,0.596,0.729,0.798,0.000,0.000
high-emergency-pressure,High emergency pressure,Higher urgency and emergency docket pressure.,reasoned-emergency-review,Reasoned emergency orders with merits follow-up,court_variant,strong_form_court,period,2,80,9.000,0.042,1.380,0.596,0.726,0.800,0.362,3.258
high-emergency-pressure,High emergency pressure,Higher urgency and emergency docket pressure.,reasoned-emergency-review,Reasoned emergency orders with merits follow-up,court_variant,strong_form_court,period,3,80,9.000,0.021,1.396,0.596,0.731,0.798,0.362,3.258
high-emergency-pressure,High emergency pressure,Higher urgency and emergency docket pressure.,reasoned-emergency-review,Reasoned emergency orders with merits follow-up,court_variant,strong_form_court,period,4,80,9.000,0.037,1.399,0.594,0.731,0.798,0.362,3.258
high-emergency-pressure,High emergency pressure,Higher urgency and emergency docket pressure.,panel-en-banc-review,Panel review with en banc safety valve,court_variant,strong_form_court,period,1,80,15.000,-0.000,0.622,0.503,0.737,0.749,0.000,0.000
high-emergency-pressure,High emergency pressure,Higher urgency and emergency docket pressure.,panel-en-banc-review,Panel review with en banc safety valve,court_variant,strong_form_court,period,2,80,15.000,-0.001,0.697,0.503,0.733,0.749,0.459,6.882
high-emergency-pressure,High emergency pressure,Higher urgency and emergency docket pressure.,panel-en-banc-review,Panel review with en banc safety valve,court_variant,strong_form_court,period,3,80,15.000,-0.018,0.695,0.501,0.735,0.747,0.459,6.882
high-emergency-pressure,High emergency pressure,Higher urgency and emergency docket pressure.,panel-en-banc-review,Panel review with en banc safety valve,court_variant,strong_form_court,period,4,80,15.000,-0.002,0.742,0.501,0.735,0.746,0.459,6.882
high-emergency-pressure,High emergency pressure,Higher urgency and emergency docket pressure.,dual-cross-checking-courts,Dual supreme courts with cross-checking invalidations,court_variant,strong_form_court,period,1,80,18.000,-0.003,0.802,0.511,0.746,0.803,0.000,0.000
high-emergency-pressure,High emergency pressure,Higher urgency and emergency docket pressure.,dual-cross-checking-courts,Dual supreme courts with cross-checking invalidations,court_variant,strong_form_court,period,2,80,18.000,0.019,0.884,0.513,0.746,0.804,0.456,8.208
high-emergency-pressure,High emergency pressure,Higher urgency and emergency docket pressure.,dual-cross-checking-courts,Dual supreme courts with cross-checking invalidations,court_variant,strong_form_court,period,3,80,18.000,-0.020,0.915,0.512,0.746,0.807,0.456,8.208
high-emergency-pressure,High emergency pressure,Higher urgency and emergency docket pressure.,dual-cross-checking-courts,Dual supreme courts with cross-checking invalidations,court_variant,strong_form_court,period,4,80,18.000,-0.030,0.965,0.512,0.746,0.806,0.456,8.208
high-emergency-pressure,High emergency pressure,Higher urgency and emergency docket pressure.,constitutional-council,Pre-enactment constitutional council,court_variant,strong_form_court,period,1,80,12.000,0.001,0.646,0.479,0.766,0.793,0.000,0.000
high-emergency-pressure,High emergency pressure,Higher urgency and emergency docket pressure.,constitutional-council,Pre-enactment constitutional council,court_variant,strong_form_court,period,2,80,12.000,-0.013,0.678,0.478,0.767,0.792,0.717,8.604
high-emergency-pressure,High emergency pressure,Higher urgency and emergency docket pressure.,constitutional-council,Pre-enactment constitutional council,court_variant,strong_form_court,period,3,80,12.000,-0.003,0.729,0.479,0.767,0.796,0.717,8.604
high-emergency-pressure,High emergency pressure,Higher urgency and emergency docket pressure.,constitutional-council,Pre-enactment constitutional council,court_variant,strong_form_court,period,4,80,12.000,0.018,0.774,0.478,0.764,0.796,0.717,8.604
high-emergency-pressure,High emergency pressure,Higher urgency and emergency docket pressure.,legislative-override-court,Judicial review with delayed legislative override,court_variant,strong_form_court,period,1,80,9.000,0.038,1.388,0.599,0.714,0.754,0.000,0.000
high-emergency-pressure,High emergency pressure,Higher urgency and emergency docket pressure.,legislative-override-court,Judicial review with delayed legislative override,court_variant,strong_form_court,period,2,80,9.000,0.014,1.369,0.599,0.714,0.758,0.384,3.460
high-emergency-pressure,High emergency pressure,Higher urgency and emergency docket pressure.,legislative-override-court,Judicial review with delayed legislative override,court_variant,strong_form_court,period,3,80,9.000,0.043,1.385,0.601,0.716,0.753,0.384,3.460
high-emergency-pressure,High emergency pressure,Higher urgency and emergency docket pressure.,legislative-override-court,Judicial review with delayed legislative override,court_variant,strong_form_court,period,4,80,9.000,0.022,1.406,0.598,0.712,0.756,0.384,3.460
high-emergency-pressure,High emergency pressure,Higher urgency and emergency docket pressure.,accountability-retention-court,Retention-election accountability court,court_variant,strong_form_court,period,1,80,9.000,0.011,1.181,0.589,0.696,0.674,0.000,0.000
high-emergency-pressure,High emergency pressure,Higher urgency and emergency docket pressure.,accountability-retention-court,Retention-election accountability court,court_variant,strong_form_court,period,2,80,9.000,-0.026,1.190,0.586,0.692,0.677,0.929,8.363
high-emergency-pressure,High emergency pressure,Higher urgency and emergency docket pressure.,accountability-retention-court,Retention-election accountability court,court_variant,strong_form_court,period,3,80,9.000,-0.000,1.202,0.589,0.697,0.675,0.929,8.363
high-emergency-pressure,High emergency pressure,Higher urgency and emergency docket pressure.,accountability-retention-court,Retention-election accountability court,court_variant,strong_form_court,period,4,80,9.000,-0.011,1.266,0.590,0.693,0.676,0.929,8.363
high-emergency-pressure,High emergency pressure,Higher urgency and emergency docket pressure.,independence-accountability-hybrid,Hybrid court balancing independence and accountability,court_variant,strong_form_court,period,1,80,15.000,0.010,0.836,0.504,0.756,0.803,0.000,0.000
high-emergency-pressure,High emergency pressure,Higher urgency and emergency docket pressure.,independence-accountability-hybrid,Hybrid court balancing independence and accountability,court_variant,strong_form_court,period,2,80,15.000,-0.009,0.841,0.500,0.756,0.802,0.464,6.966
high-emergency-pressure,High emergency pressure,Higher urgency and emergency docket pressure.,independence-accountability-hybrid,Hybrid court balancing independence and accountability,court_variant,strong_form_court,period,3,80,15.000,0.001,0.896,0.501,0.755,0.802,0.464,6.966
high-emergency-pressure,High emergency pressure,Higher urgency and emergency docket pressure.,independence-accountability-hybrid,Hybrid court balancing independence and accountability,court_variant,strong_form_court,period,4,80,15.000,0.005,0.932,0.503,0.754,0.802,0.464,6.966
high-emergency-pressure,High emergency pressure,Higher urgency and emergency docket pressure.,weak-form-review,Weak-form review with legislative reply,synthetic_mechanism,weak_form_review,period,1,80,9.000,0.008,0.814,0.507,0.720,0.786,0.000,0.000
high-emergency-pressure,High emergency pressure,Higher urgency and emergency docket pressure.,weak-form-review,Weak-form review with legislative reply,synthetic_mechanism,weak_form_review,period,2,80,9.000,0.008,0.826,0.503,0.715,0.785,0.401,3.611
high-emergency-pressure,High emergency pressure,Higher urgency and emergency docket pressure.,weak-form-review,Weak-form review with legislative reply,synthetic_mechanism,weak_form_review,period,3,80,9.000,0.006,0.815,0.502,0.717,0.788,0.401,3.611
high-emergency-pressure,High emergency pressure,Higher urgency and emergency docket pressure.,weak-form-review,Weak-form review with legislative reply,synthetic_mechanism,weak_form_review,period,4,80,9.000,-0.001,0.846,0.500,0.719,0.783,0.401,3.611
high-emergency-pressure,High emergency pressure,Higher urgency and emergency docket pressure.,suspended-declaration-review,Suspended declarations of invalidity,synthetic_mechanism,suspended_declaration,period,1,80,11.000,0.002,0.770,0.512,0.756,0.779,0.000,0.000
high-emergency-pressure,High emergency pressure,Higher urgency and emergency docket pressure.,suspended-declaration-review,Suspended declarations of invalidity,synthetic_mechanism,suspended_declaration,period,2,80,11.000,0.022,0.842,0.511,0.752,0.779,0.467,5.139
high-emergency-pressure,High emergency pressure,Higher urgency and emergency docket pressure.,suspended-declaration-review,Suspended declarations of invalidity,synthetic_mechanism,suspended_declaration,period,3,80,11.000,0.013,0.864,0.512,0.754,0.780,0.467,5.139
high-emergency-pressure,High emergency pressure,Higher urgency and emergency docket pressure.,suspended-declaration-review,Suspended declarations of invalidity,synthetic_mechanism,suspended_declaration,period,4,80,11.000,0.009,0.882,0.511,0.750,0.778,0.467,5.139
high-emergency-pressure,High emergency pressure,Higher urgency and emergency docket pressure.,override-clause-review,Strong-form review with explicit override clause,synthetic_mechanism,legislative_override_clause,period,1,80,9.000,0.014,1.312,0.585,0.716,0.767,0.000,0.000
high-emergency-pressure,High emergency pressure,Higher urgency and emergency docket pressure.,override-clause-review,Strong-form review with explicit override clause,synthetic_mechanism,legislative_override_clause,period,2,80,9.000,0.039,1.370,0.581,0.717,0.768,0.393,3.535
high-emergency-pressure,High emergency pressure,Higher urgency and emergency docket pressure.,override-clause-review,Strong-form review with explicit override clause,synthetic_mechanism,legislative_override_clause,period,3,80,9.000,0.007,1.408,0.583,0.716,0.768,0.393,3.535
high-emergency-pressure,High emergency pressure,Higher urgency and emergency docket pressure.,override-clause-review,Strong-form review with explicit override clause,synthetic_mechanism,legislative_override_clause,period,4,80,9.000,0.035,1.387,0.583,0.716,0.766,0.393,3.535
high-emergency-pressure,High emergency pressure,Higher urgency and emergency docket pressure.,pre-enactment-review,Pre-enactment review before laws take effect,synthetic_mechanism,pre_enactment_review,period,1,80,12.000,0.004,0.640,0.474,0.755,0.800,0.000,0.000
high-emergency-pressure,High emergency pressure,Higher urgency and emergency docket pressure.,pre-enactment-review,Pre-enactment review before laws take effect,synthetic_mechanism,pre_enactment_review,period,2,80,12.000,-0.002,0.662,0.474,0.748,0.796,0.721,8.654
high-emergency-pressure,High emergency pressure,Higher urgency and emergency docket pressure.,pre-enactment-review,Pre-enactment review before laws take effect,synthetic_mechanism,pre_enactment_review,period,3,80,12.000,0.036,0.720,0.475,0.749,0.799,0.721,8.654
high-emergency-pressure,High emergency pressure,Higher urgency and emergency docket pressure.,pre-enactment-review,Pre-enactment review before laws take effect,synthetic_mechanism,pre_enactment_review,period,4,80,12.000,-0.001,0.778,0.474,0.749,0.800,0.721,8.654
high-emergency-pressure,High emergency pressure,Higher urgency and emergency docket pressure.,abstract-review-tribunal,Abstract review tribunal,synthetic_mechanism,abstract_review,period,1,80,15.000,0.005,0.872,0.511,0.762,0.816,0.000,0.000
high-emergency-pressure,High emergency pressure,Higher urgency and emergency docket pressure.,abstract-review-tribunal,Abstract review tribunal,synthetic_mechanism,abstract_review,period,2,80,15.000,-0.026,0.845,0.512,0.764,0.816,0.450,6.756
high-emergency-pressure,High emergency pressure,Higher urgency and emergency docket pressure.,abstract-review-tribunal,Abstract review tribunal,synthetic_mechanism,abstract_review,period,3,80,15.000,-0.023,0.885,0.512,0.763,0.817,0.450,6.756
high-emergency-pressure,High emergency pressure,Higher urgency and emergency docket pressure.,abstract-review-tribunal,Abstract review tribunal,synthetic_mechanism,abstract_review,period,4,80,15.000,-0.017,0.918,0.515,0.764,0.817,0.450,6.756
high-emergency-pressure,High emergency pressure,Higher urgency and emergency docket pressure.,ombudsman-triggered-review,Ombudsman-triggered constitutional review,synthetic_mechanism,ombudsman_triggered_review,period,1,80,11.000,0.004,0.630,0.491,0.782,0.763,0.000,0.000
high-emergency-pressure,High emergency pressure,Higher urgency and emergency docket pressure.,ombudsman-triggered-review,Ombudsman-triggered constitutional review,synthetic_mechanism,ombudsman_triggered_review,period,2,80,11.000,0.007,0.643,0.491,0.780,0.761,0.476,5.232
high-emergency-pressure,High emergency pressure,Higher urgency and emergency docket pressure.,ombudsman-triggered-review,Ombudsman-triggered constitutional review,synthetic_mechanism,ombudsman_triggered_review,period,3,80,11.000,-0.015,0.684,0.493,0.779,0.762,0.476,5.232
high-emergency-pressure,High emergency pressure,Higher urgency and emergency docket pressure.,ombudsman-triggered-review,Ombudsman-triggered constitutional review,synthetic_mechanism,ombudsman_triggered_review,period,4,80,11.000,0.002,0.724,0.494,0.779,0.761,0.476,5.232
high-emergency-pressure,High emergency pressure,Higher urgency and emergency docket pressure.,constitutional-public-defender,Constitutional public defender access model,synthetic_mechanism,constitutional_public_defender,period,1,80,11.000,0.005,0.603,0.503,0.799,0.759,0.000,0.000
high-emergency-pressure,High emergency pressure,Higher urgency and emergency docket pressure.,constitutional-public-defender,Constitutional public defender access model,synthetic_mechanism,constitutional_public_defender,period,2,80,11.000,0.029,0.635,0.502,0.795,0.759,0.470,5.170
high-emergency-pressure,High emergency pressure,Higher urgency and emergency docket pressure.,constitutional-public-defender,Constitutional public defender access model,synthetic_mechanism,constitutional_public_defender,period,3,80,11.000,-0.007,0.675,0.503,0.798,0.757,0.470,5.170
high-emergency-pressure,High emergency pressure,Higher urgency and emergency docket pressure.,constitutional-public-defender,Constitutional public defender access model,synthetic_mechanism,constitutional_public_defender,period,4,80,11.000,0.019,0.707,0.503,0.799,0.758,0.470,5.170
high-emergency-pressure,High emergency pressure,Higher urgency and emergency docket pressure.,rights-impact-statement-review,Rights-impact statements before review,synthetic_mechanism,rights_impact_statement,period,1,80,9.000,0.017,1.619,0.558,0.726,0.777,0.000,0.000
high-emergency-pressure,High emergency pressure,Higher urgency and emergency docket pressure.,rights-impact-statement-review,Rights-impact statements before review,synthetic_mechanism,rights_impact_statement,period,2,80,9.000,0.009,1.555,0.555,0.731,0.775,0.741,6.667
high-emergency-pressure,High emergency pressure,Higher urgency and emergency docket pressure.,rights-impact-statement-review,Rights-impact statements before review,synthetic_mechanism,rights_impact_statement,period,3,80,9.000,0.051,1.571,0.560,0.728,0.776,0.741,6.667
high-emergency-pressure,High emergency pressure,Higher urgency and emergency docket pressure.,rights-impact-statement-review,Rights-impact statements before review,synthetic_mechanism,rights_impact_statement,period,4,80,9.000,-0.011,1.593,0.555,0.725,0.773,0.741,6.667
high-emergency-pressure,High emergency pressure,Higher urgency and emergency docket pressure.,mandatory-legislative-response,Mandatory legislative response cycles,synthetic_mechanism,mandatory_legislative_response,period,1,80,9.000,-0.006,0.824,0.496,0.730,0.775,0.000,0.000
high-emergency-pressure,High emergency pressure,Higher urgency and emergency docket pressure.,mandatory-legislative-response,Mandatory legislative response cycles,synthetic_mechanism,mandatory_legislative_response,period,2,80,9.000,0.008,0.805,0.496,0.731,0.775,0.495,4.457
high-emergency-pressure,High emergency pressure,Higher urgency and emergency docket pressure.,mandatory-legislative-response,Mandatory legislative response cycles,synthetic_mechanism,mandatory_legislative_response,period,3,80,9.000,0.020,0.829,0.496,0.731,0.774,0.495,4.457
high-emergency-pressure,High emergency pressure,Higher urgency and emergency docket pressure.,mandatory-legislative-response,Mandatory legislative response cycles,synthetic_mechanism,mandatory_legislative_response,period,4,80,9.000,0.016,0.881,0.499,0.732,0.776,0.495,4.457
low-appointment-polarization,Low appointment polarization,Lower appointment ideology spread and partisan pressure.,current-federal-court,Current-style federal supreme court,court_variant,strong_form_court,period,1,80,9.000,0.064,0.565,0.450,0.721,0.797,0.000,0.000
low-appointment-polarization,Low appointment polarization,Lower appointment ideology spread and partisan pressure.,current-federal-court,Current-style federal supreme court,court_variant,strong_form_court,period,2,80,9.000,0.068,0.587,0.450,0.721,0.798,0.145,1.307
low-appointment-polarization,Low appointment polarization,Lower appointment ideology spread and partisan pressure.,current-federal-court,Current-style federal supreme court,court_variant,strong_form_court,period,3,80,9.000,0.067,0.599,0.453,0.719,0.797,0.145,1.307
low-appointment-polarization,Low appointment polarization,Lower appointment ideology spread and partisan pressure.,current-federal-court,Current-style federal supreme court,court_variant,strong_form_court,period,4,80,9.000,0.064,0.599,0.449,0.717,0.798,0.145,1.307
low-appointment-polarization,Low appointment polarization,Lower appointment ideology spread and partisan pressure.,eighteen-year-terms,Staggered 18-year nonrenewable terms,court_variant,strong_form_court,period,1,80,9.000,0.027,0.538,0.433,0.718,0.782,0.000,0.000
low-appointment-polarization,Low appointment polarization,Lower appointment ideology spread and partisan pressure.,eighteen-year-terms,Staggered 18-year nonrenewable terms,court_variant,strong_form_court,period,2,80,9.000,0.023,0.594,0.426,0.721,0.780,0.362,3.258
low-appointment-polarization,Low appointment polarization,Lower appointment ideology spread and partisan pressure.,eighteen-year-terms,Staggered 18-year nonrenewable terms,court_variant,strong_form_court,period,3,80,9.000,0.041,0.610,0.431,0.723,0.783,0.362,3.258
low-appointment-polarization,Low appointment polarization,Lower appointment ideology spread and partisan pressure.,eighteen-year-terms,Staggered 18-year nonrenewable terms,court_variant,strong_form_court,period,4,80,9.000,0.031,0.652,0.430,0.718,0.782,0.362,3.258
low-appointment-polarization,Low appointment polarization,Lower appointment ideology spread and partisan pressure.,fifteen-justice-commission,Fifteen-justice supermajority commission court,court_variant,strong_form_court,period,1,80,15.000,0.007,0.420,0.375,0.741,0.780,0.000,0.000
low-appointment-polarization,Low appointment polarization,Lower appointment ideology spread and partisan pressure.,fifteen-justice-commission,Fifteen-justice supermajority commission court,court_variant,strong_form_court,period,2,80,15.000,0.016,0.465,0.374,0.739,0.778,0.453,6.798
low-appointment-polarization,Low appointment polarization,Lower appointment ideology spread and partisan pressure.,fifteen-justice-commission,Fifteen-justice supermajority commission court,court_variant,strong_form_court,period,3,80,15.000,-0.001,0.517,0.376,0.739,0.780,0.453,6.798
low-appointment-polarization,Low appointment polarization,Lower appointment ideology spread and partisan pressure.,fifteen-justice-commission,Fifteen-justice supermajority commission court,court_variant,strong_form_court,period,4,80,15.000,-0.006,0.586,0.375,0.736,0.777,0.453,6.798
low-appointment-polarization,Low appointment polarization,Lower appointment ideology spread and partisan pressure.,supermajority-invalidation,Supermajority required to invalidate laws,court_variant,strong_form_court,period,1,80,9.000,0.054,0.529,0.424,0.718,0.840,0.000,0.000
low-appointment-polarization,Low appointment polarization,Lower appointment ideology spread and partisan pressure.,supermajority-invalidation,Supermajority required to invalidate laws,court_variant,strong_form_court,period,2,80,9.000,0.059,0.583,0.423,0.713,0.842,0.151,1.357
low-appointment-polarization,Low appointment polarization,Lower appointment ideology spread and partisan pressure.,supermajority-invalidation,Supermajority required to invalidate laws,court_variant,strong_form_court,period,3,80,9.000,0.066,0.584,0.425,0.717,0.842,0.151,1.357
low-appointment-polarization,Low appointment polarization,Lower appointment ideology spread and partisan pressure.,supermajority-invalidation,Supermajority required to invalidate laws,court_variant,strong_form_court,period,4,80,9.000,0.052,0.607,0.427,0.711,0.841,0.151,1.357
low-appointment-polarization,Low appointment polarization,Lower appointment ideology spread and partisan pressure.,strict-recusal-court,Strict recusal with substitute justices,court_variant,strong_form_court,period,1,80,12.000,-0.001,0.416,0.374,0.739,0.770,0.000,0.000
low-appointment-polarization,Low appointment polarization,Lower appointment ideology spread and partisan pressure.,strict-recusal-court,Strict recusal with substitute justices,court_variant,strong_form_court,period,2,80,12.000,0.001,0.471,0.375,0.741,0.768,0.459,5.506
low-appointment-polarization,Low appointment polarization,Lower appointment ideology spread and partisan pressure.,strict-recusal-court,Strict recusal with substitute justices,court_variant,strong_form_court,period,3,80,12.000,-0.013,0.505,0.373,0.736,0.767,0.459,5.506
low-appointment-polarization,Low appointment polarization,Lower appointment ideology spread and partisan pressure.,strict-recusal-court,Strict recusal with substitute justices,court_variant,strong_form_court,period,4,80,12.000,0.026,0.547,0.375,0.735,0.769,0.459,5.506
low-appointment-polarization,Low appointment polarization,Lower appointment ideology spread and partisan pressure.,reasoned-emergency-review,Reasoned emergency orders with merits follow-up,court_variant,strong_form_court,period,1,80,9.000,0.020,0.564,0.406,0.741,0.799,0.000,0.000
low-appointment-polarization,Low appointment polarization,Lower appointment ideology spread and partisan pressure.,reasoned-emergency-review,Reasoned emergency orders with merits follow-up,court_variant,strong_form_court,period,2,80,9.000,0.030,0.601,0.404,0.744,0.795,0.362,3.258
low-appointment-polarization,Low appointment polarization,Lower appointment ideology spread and partisan pressure.,reasoned-emergency-review,Reasoned emergency orders with merits follow-up,court_variant,strong_form_court,period,3,80,9.000,0.022,0.600,0.408,0.747,0.797,0.362,3.258
low-appointment-polarization,Low appointment polarization,Lower appointment ideology spread and partisan pressure.,reasoned-emergency-review,Reasoned emergency orders with merits follow-up,court_variant,strong_form_court,period,4,80,9.000,0.028,0.611,0.406,0.744,0.799,0.362,3.258
low-appointment-polarization,Low appointment polarization,Lower appointment ideology spread and partisan pressure.,panel-en-banc-review,Panel review with en banc safety valve,court_variant,strong_form_court,period,1,80,15.000,0.001,0.371,0.359,0.740,0.749,0.000,0.000
low-appointment-polarization,Low appointment polarization,Lower appointment ideology spread and partisan pressure.,panel-en-banc-review,Panel review with en banc safety valve,court_variant,strong_form_court,period,2,80,15.000,-0.001,0.395,0.359,0.742,0.748,0.459,6.882
low-appointment-polarization,Low appointment polarization,Lower appointment ideology spread and partisan pressure.,panel-en-banc-review,Panel review with en banc safety valve,court_variant,strong_form_court,period,3,80,15.000,0.012,0.487,0.356,0.738,0.750,0.459,6.882
low-appointment-polarization,Low appointment polarization,Lower appointment ideology spread and partisan pressure.,panel-en-banc-review,Panel review with en banc safety valve,court_variant,strong_form_court,period,4,80,15.000,0.006,0.505,0.358,0.738,0.751,0.459,6.882
low-appointment-polarization,Low appointment polarization,Lower appointment ideology spread and partisan pressure.,dual-cross-checking-courts,Dual supreme courts with cross-checking invalidations,court_variant,strong_form_court,period,1,80,18.000,0.000,0.441,0.355,0.754,0.805,0.000,0.000
low-appointment-polarization,Low appointment polarization,Lower appointment ideology spread and partisan pressure.,dual-cross-checking-courts,Dual supreme courts with cross-checking invalidations,court_variant,strong_form_court,period,2,80,18.000,0.013,0.488,0.357,0.755,0.805,0.456,8.208
low-appointment-polarization,Low appointment polarization,Lower appointment ideology spread and partisan pressure.,dual-cross-checking-courts,Dual supreme courts with cross-checking invalidations,court_variant,strong_form_court,period,3,80,18.000,-0.002,0.526,0.358,0.756,0.807,0.456,8.208
low-appointment-polarization,Low appointment polarization,Lower appointment ideology spread and partisan pressure.,dual-cross-checking-courts,Dual supreme courts with cross-checking invalidations,court_variant,strong_form_court,period,4,80,18.000,0.009,0.593,0.355,0.755,0.803,0.456,8.208
low-appointment-polarization,Low appointment polarization,Lower appointment ideology spread and partisan pressure.,constitutional-council,Pre-enactment constitutional council,court_variant,strong_form_court,period,1,80,12.000,-0.006,0.369,0.334,0.771,0.792,0.000,0.000
low-appointment-polarization,Low appointment polarization,Lower appointment ideology spread and partisan pressure.,constitutional-council,Pre-enactment constitutional council,court_variant,strong_form_court,period,2,80,12.000,0.006,0.431,0.334,0.772,0.793,0.717,8.604
low-appointment-polarization,Low appointment polarization,Lower appointment ideology spread and partisan pressure.,constitutional-council,Pre-enactment constitutional council,court_variant,strong_form_court,period,3,80,12.000,-0.014,0.518,0.334,0.767,0.794,0.717,8.604
low-appointment-polarization,Low appointment polarization,Lower appointment ideology spread and partisan pressure.,constitutional-council,Pre-enactment constitutional council,court_variant,strong_form_court,period,4,80,12.000,0.017,0.603,0.337,0.767,0.792,0.717,8.604
low-appointment-polarization,Low appointment polarization,Lower appointment ideology spread and partisan pressure.,legislative-override-court,Judicial review with delayed legislative override,court_variant,strong_form_court,period,1,80,9.000,0.031,0.536,0.411,0.728,0.752,0.000,0.000
low-appointment-polarization,Low appointment polarization,Lower appointment ideology spread and partisan pressure.,legislative-override-court,Judicial review with delayed legislative override,court_variant,strong_form_court,period,2,80,9.000,0.024,0.597,0.411,0.724,0.757,0.384,3.460
low-appointment-polarization,Low appointment polarization,Lower appointment ideology spread and partisan pressure.,legislative-override-court,Judicial review with delayed legislative override,court_variant,strong_form_court,period,3,80,9.000,0.052,0.617,0.409,0.730,0.753,0.384,3.460
low-appointment-polarization,Low appointment polarization,Lower appointment ideology spread and partisan pressure.,legislative-override-court,Judicial review with delayed legislative override,court_variant,strong_form_court,period,4,80,9.000,0.054,0.667,0.411,0.723,0.759,0.384,3.460
low-appointment-polarization,Low appointment polarization,Lower appointment ideology spread and partisan pressure.,accountability-retention-court,Retention-election accountability court,court_variant,strong_form_court,period,1,80,9.000,0.026,0.467,0.416,0.709,0.675,0.000,0.000
low-appointment-polarization,Low appointment polarization,Lower appointment ideology spread and partisan pressure.,accountability-retention-court,Retention-election accountability court,court_variant,strong_form_court,period,2,80,9.000,0.041,0.589,0.412,0.707,0.678,0.929,8.363
low-appointment-polarization,Low appointment polarization,Lower appointment ideology spread and partisan pressure.,accountability-retention-court,Retention-election accountability court,court_variant,strong_form_court,period,3,80,9.000,0.061,0.638,0.409,0.705,0.673,0.929,8.363
low-appointment-polarization,Low appointment polarization,Lower appointment ideology spread and partisan pressure.,accountability-retention-court,Retention-election accountability court,court_variant,strong_form_court,period,4,80,9.000,0.037,0.774,0.413,0.701,0.678,0.929,8.363
low-appointment-polarization,Low appointment polarization,Lower appointment ideology spread and partisan pressure.,independence-accountability-hybrid,Hybrid court balancing independence and accountability,court_variant,strong_form_court,period,1,80,15.000,-0.006,0.451,0.346,0.762,0.803,0.000,0.000
low-appointment-polarization,Low appointment polarization,Lower appointment ideology spread and partisan pressure.,independence-accountability-hybrid,Hybrid court balancing independence and accountability,court_variant,strong_form_court,period,2,80,15.000,0.013,0.478,0.346,0.761,0.802,0.464,6.966
low-appointment-polarization,Low appointment polarization,Lower appointment ideology spread and partisan pressure.,independence-accountability-hybrid,Hybrid court balancing independence and accountability,court_variant,strong_form_court,period,3,80,15.000,-0.002,0.513,0.345,0.762,0.803,0.464,6.966
low-appointment-polarization,Low appointment polarization,Lower appointment ideology spread and partisan pressure.,independence-accountability-hybrid,Hybrid court balancing independence and accountability,court_variant,strong_form_court,period,4,80,15.000,-0.007,0.556,0.347,0.760,0.802,0.464,6.966
low-appointment-polarization,Low appointment polarization,Lower appointment ideology spread and partisan pressure.,weak-form-review,Weak-form review with legislative reply,synthetic_mechanism,weak_form_review,period,1,80,9.000,-0.002,0.348,0.346,0.722,0.784,0.000,0.000
low-appointment-polarization,Low appointment polarization,Lower appointment ideology spread and partisan pressure.,weak-form-review,Weak-form review with legislative reply,synthetic_mechanism,weak_form_review,period,2,80,9.000,-0.018,0.407,0.347,0.724,0.786,0.401,3.611
low-appointment-polarization,Low appointment polarization,Lower appointment ideology spread and partisan pressure.,weak-form-review,Weak-form review with legislative reply,synthetic_mechanism,weak_form_review,period,3,80,9.000,0.015,0.458,0.344,0.719,0.784,0.401,3.611
low-appointment-polarization,Low appointment polarization,Lower appointment ideology spread and partisan pressure.,weak-form-review,Weak-form review with legislative reply,synthetic_mechanism,weak_form_review,period,4,80,9.000,-0.011,0.486,0.348,0.722,0.785,0.401,3.611
low-appointment-polarization,Low appointment polarization,Lower appointment ideology spread and partisan pressure.,suspended-declaration-review,Suspended declarations of invalidity,synthetic_mechanism,suspended_declaration,period,1,80,11.000,-0.007,0.381,0.357,0.760,0.780,0.000,0.000
low-appointment-polarization,Low appointment polarization,Lower appointment ideology spread and partisan pressure.,suspended-declaration-review,Suspended declarations of invalidity,synthetic_mechanism,suspended_declaration,period,2,80,11.000,-0.003,0.447,0.357,0.762,0.779,0.467,5.139
low-appointment-polarization,Low appointment polarization,Lower appointment ideology spread and partisan pressure.,suspended-declaration-review,Suspended declarations of invalidity,synthetic_mechanism,suspended_declaration,period,3,80,11.000,-0.018,0.466,0.354,0.761,0.779,0.467,5.139
low-appointment-polarization,Low appointment polarization,Lower appointment ideology spread and partisan pressure.,suspended-declaration-review,Suspended declarations of invalidity,synthetic_mechanism,suspended_declaration,period,4,80,11.000,-0.002,0.536,0.355,0.761,0.780,0.467,5.139
low-appointment-polarization,Low appointment polarization,Lower appointment ideology spread and partisan pressure.,override-clause-review,Strong-form review with explicit override clause,synthetic_mechanism,legislative_override_clause,period,1,80,9.000,0.038,0.563,0.397,0.729,0.770,0.000,0.000
low-appointment-polarization,Low appointment polarization,Lower appointment ideology spread and partisan pressure.,override-clause-review,Strong-form review with explicit override clause,synthetic_mechanism,legislative_override_clause,period,2,80,9.000,0.015,0.607,0.397,0.728,0.770,0.393,3.535
low-appointment-polarization,Low appointment polarization,Lower appointment ideology spread and partisan pressure.,override-clause-review,Strong-form review with explicit override clause,synthetic_mechanism,legislative_override_clause,period,3,80,9.000,0.040,0.604,0.394,0.725,0.765,0.393,3.535
low-appointment-polarization,Low appointment polarization,Lower appointment ideology spread and partisan pressure.,override-clause-review,Strong-form review with explicit override clause,synthetic_mechanism,legislative_override_clause,period,4,80,9.000,0.043,0.656,0.393,0.730,0.764,0.393,3.535
low-appointment-polarization,Low appointment polarization,Lower appointment ideology spread and partisan pressure.,pre-enactment-review,Pre-enactment review before laws take effect,synthetic_mechanism,pre_enactment_review,period,1,80,12.000,0.001,0.350,0.329,0.755,0.799,0.000,0.000
low-appointment-polarization,Low appointment polarization,Lower appointment ideology spread and partisan pressure.,pre-enactment-review,Pre-enactment review before laws take effect,synthetic_mechanism,pre_enactment_review,period,2,80,12.000,-0.016,0.406,0.328,0.755,0.798,0.721,8.654
low-appointment-polarization,Low appointment polarization,Lower appointment ideology spread and partisan pressure.,pre-enactment-review,Pre-enactment review before laws take effect,synthetic_mechanism,pre_enactment_review,period,3,80,12.000,0.001,0.531,0.326,0.754,0.797,0.721,8.654
low-appointment-polarization,Low appointment polarization,Lower appointment ideology spread and partisan pressure.,pre-enactment-review,Pre-enactment review before laws take effect,synthetic_mechanism,pre_enactment_review,period,4,80,12.000,-0.004,0.605,0.332,0.752,0.798,0.721,8.654
low-appointment-polarization,Low appointment polarization,Lower appointment ideology spread and partisan pressure.,abstract-review-tribunal,Abstract review tribunal,synthetic_mechanism,abstract_review,period,1,80,15.000,0.002,0.437,0.356,0.771,0.816,0.000,0.000
low-appointment-polarization,Low appointment polarization,Lower appointment ideology spread and partisan pressure.,abstract-review-tribunal,Abstract review tribunal,synthetic_mechanism,abstract_review,period,2,80,15.000,0.007,0.457,0.356,0.767,0.815,0.450,6.756
low-appointment-polarization,Low appointment polarization,Lower appointment ideology spread and partisan pressure.,abstract-review-tribunal,Abstract review tribunal,synthetic_mechanism,abstract_review,period,3,80,15.000,0.003,0.527,0.357,0.768,0.816,0.450,6.756
low-appointment-polarization,Low appointment polarization,Lower appointment ideology spread and partisan pressure.,abstract-review-tribunal,Abstract review tribunal,synthetic_mechanism,abstract_review,period,4,80,15.000,0.002,0.550,0.353,0.770,0.816,0.450,6.756
low-appointment-polarization,Low appointment polarization,Lower appointment ideology spread and partisan pressure.,ombudsman-triggered-review,Ombudsman-triggered constitutional review,synthetic_mechanism,ombudsman_triggered_review,period,1,80,11.000,-0.008,0.361,0.350,0.784,0.759,0.000,0.000
low-appointment-polarization,Low appointment polarization,Lower appointment ideology spread and partisan pressure.,ombudsman-triggered-review,Ombudsman-triggered constitutional review,synthetic_mechanism,ombudsman_triggered_review,period,2,80,11.000,-0.012,0.374,0.348,0.787,0.759,0.476,5.232
low-appointment-polarization,Low appointment polarization,Lower appointment ideology spread and partisan pressure.,ombudsman-triggered-review,Ombudsman-triggered constitutional review,synthetic_mechanism,ombudsman_triggered_review,period,3,80,11.000,-0.010,0.434,0.347,0.783,0.759,0.476,5.232
low-appointment-polarization,Low appointment polarization,Lower appointment ideology spread and partisan pressure.,ombudsman-triggered-review,Ombudsman-triggered constitutional review,synthetic_mechanism,ombudsman_triggered_review,period,4,80,11.000,0.006,0.476,0.349,0.785,0.763,0.476,5.232
low-appointment-polarization,Low appointment polarization,Lower appointment ideology spread and partisan pressure.,constitutional-public-defender,Constitutional public defender access model,synthetic_mechanism,constitutional_public_defender,period,1,80,11.000,0.003,0.369,0.358,0.799,0.756,0.000,0.000
low-appointment-polarization,Low appointment polarization,Lower appointment ideology spread and partisan pressure.,constitutional-public-defender,Constitutional public defender access model,synthetic_mechanism,constitutional_public_defender,period,2,80,11.000,0.001,0.407,0.360,0.804,0.756,0.470,5.170
low-appointment-polarization,Low appointment polarization,Lower appointment ideology spread and partisan pressure.,constitutional-public-defender,Constitutional public defender access model,synthetic_mechanism,constitutional_public_defender,period,3,80,11.000,0.000,0.435,0.359,0.800,0.759,0.470,5.170
low-appointment-polarization,Low appointment polarization,Lower appointment ideology spread and partisan pressure.,constitutional-public-defender,Constitutional public defender access model,synthetic_mechanism,constitutional_public_defender,period,4,80,11.000,-0.001,0.508,0.359,0.799,0.757,0.470,5.170
low-appointment-polarization,Low appointment polarization,Lower appointment ideology spread and partisan pressure.,rights-impact-statement-review,Rights-impact statements before review,synthetic_mechanism,rights_impact_statement,period,1,80,9.000,0.016,0.636,0.358,0.740,0.775,0.000,0.000
low-appointment-polarization,Low appointment polarization,Lower appointment ideology spread and partisan pressure.,rights-impact-statement-review,Rights-impact statements before review,synthetic_mechanism,rights_impact_statement,period,2,80,9.000,0.011,0.655,0.357,0.745,0.778,0.741,6.667
low-appointment-polarization,Low appointment polarization,Lower appointment ideology spread and partisan pressure.,rights-impact-statement-review,Rights-impact statements before review,synthetic_mechanism,rights_impact_statement,period,3,80,9.000,0.000,0.710,0.357,0.743,0.774,0.741,6.667
low-appointment-polarization,Low appointment polarization,Lower appointment ideology spread and partisan pressure.,rights-impact-statement-review,Rights-impact statements before review,synthetic_mechanism,rights_impact_statement,period,4,80,9.000,0.039,0.788,0.357,0.743,0.774,0.741,6.667
low-appointment-polarization,Low appointment polarization,Lower appointment ideology spread and partisan pressure.,mandatory-legislative-response,Mandatory legislative response cycles,synthetic_mechanism,mandatory_legislative_response,period,1,80,9.000,-0.002,0.369,0.344,0.737,0.776,0.000,0.000
low-appointment-polarization,Low appointment polarization,Lower appointment ideology spread and partisan pressure.,mandatory-legislative-response,Mandatory legislative response cycles,synthetic_mechanism,mandatory_legislative_response,period,2,80,9.000,-0.005,0.416,0.341,0.737,0.775,0.495,4.457
low-appointment-polarization,Low appointment polarization,Lower appointment ideology spread and partisan pressure.,mandatory-legislative-response,Mandatory legislative response cycles,synthetic_mechanism,mandatory_legislative_response,period,3,80,9.000,0.009,0.483,0.343,0.740,0.776,0.495,4.457
low-appointment-polarization,Low appointment polarization,Lower appointment ideology spread and partisan pressure.,mandatory-legislative-response,Mandatory legislative response cycles,synthetic_mechanism,mandatory_legislative_response,period,4,80,9.000,0.009,0.510,0.343,0.738,0.774,0.495,4.457
high-appointment-polarization,High appointment polarization,Higher appointment ideology spread and partisan pressure.,current-federal-court,Current-style federal supreme court,court_variant,strong_form_court,period,1,80,9.000,0.049,1.837,0.821,0.697,0.797,0.000,0.000
high-appointment-polarization,High appointment polarization,Higher appointment ideology spread and partisan pressure.,current-federal-court,Current-style federal supreme court,court_variant,strong_form_court,period,2,80,9.000,0.058,1.906,0.821,0.699,0.795,0.145,1.307
high-appointment-polarization,High appointment polarization,Higher appointment ideology spread and partisan pressure.,current-federal-court,Current-style federal supreme court,court_variant,strong_form_court,period,3,80,9.000,0.052,1.901,0.824,0.694,0.799,0.145,1.307
high-appointment-polarization,High appointment polarization,Higher appointment ideology spread and partisan pressure.,current-federal-court,Current-style federal supreme court,court_variant,strong_form_court,period,4,80,9.000,0.061,1.889,0.821,0.697,0.798,0.145,1.307
high-appointment-polarization,High appointment polarization,Higher appointment ideology spread and partisan pressure.,eighteen-year-terms,Staggered 18-year nonrenewable terms,court_variant,strong_form_court,period,1,80,9.000,0.038,1.901,0.804,0.697,0.778,0.000,0.000
high-appointment-polarization,High appointment polarization,Higher appointment ideology spread and partisan pressure.,eighteen-year-terms,Staggered 18-year nonrenewable terms,court_variant,strong_form_court,period,2,80,9.000,0.011,1.929,0.804,0.697,0.779,0.362,3.258
high-appointment-polarization,High appointment polarization,Higher appointment ideology spread and partisan pressure.,eighteen-year-terms,Staggered 18-year nonrenewable terms,court_variant,strong_form_court,period,3,80,9.000,0.040,1.880,0.804,0.700,0.780,0.362,3.258
high-appointment-polarization,High appointment polarization,Higher appointment ideology spread and partisan pressure.,eighteen-year-terms,Staggered 18-year nonrenewable terms,court_variant,strong_form_court,period,4,80,9.000,0.065,1.896,0.804,0.699,0.782,0.362,3.258
high-appointment-polarization,High appointment polarization,Higher appointment ideology spread and partisan pressure.,fifteen-justice-commission,Fifteen-justice supermajority commission court,court_variant,strong_form_court,period,1,80,15.000,-0.005,1.150,0.691,0.727,0.778,0.000,0.000
high-appointment-polarization,High appointment polarization,Higher appointment ideology spread and partisan pressure.,fifteen-justice-commission,Fifteen-justice supermajority commission court,court_variant,strong_form_court,period,2,80,15.000,0.013,1.173,0.693,0.728,0.777,0.453,6.798
high-appointment-polarization,High appointment polarization,Higher appointment ideology spread and partisan pressure.,fifteen-justice-commission,Fifteen-justice supermajority commission court,court_variant,strong_form_court,period,3,80,15.000,-0.008,1.176,0.692,0.728,0.779,0.453,6.798
high-appointment-polarization,High appointment polarization,Higher appointment ideology spread and partisan pressure.,fifteen-justice-commission,Fifteen-justice supermajority commission court,court_variant,strong_form_court,period,4,80,15.000,-0.024,1.249,0.693,0.727,0.782,0.453,6.798
high-appointment-polarization,High appointment polarization,Higher appointment ideology spread and partisan pressure.,supermajority-invalidation,Supermajority required to invalidate laws,court_variant,strong_form_court,period,1,80,9.000,0.047,1.899,0.797,0.692,0.844,0.000,0.000
high-appointment-polarization,High appointment polarization,Higher appointment ideology spread and partisan pressure.,supermajority-invalidation,Supermajority required to invalidate laws,court_variant,strong_form_court,period,2,80,9.000,0.053,1.905,0.800,0.692,0.842,0.151,1.357
high-appointment-polarization,High appointment polarization,Higher appointment ideology spread and partisan pressure.,supermajority-invalidation,Supermajority required to invalidate laws,court_variant,strong_form_court,period,3,80,9.000,0.064,1.923,0.800,0.692,0.846,0.151,1.357
high-appointment-polarization,High appointment polarization,Higher appointment ideology spread and partisan pressure.,supermajority-invalidation,Supermajority required to invalidate laws,court_variant,strong_form_court,period,4,80,9.000,0.047,1.909,0.801,0.688,0.845,0.151,1.357
high-appointment-polarization,High appointment polarization,Higher appointment ideology spread and partisan pressure.,strict-recusal-court,Strict recusal with substitute justices,court_variant,strong_form_court,period,1,80,12.000,-0.003,1.137,0.692,0.729,0.769,0.000,0.000
high-appointment-polarization,High appointment polarization,Higher appointment ideology spread and partisan pressure.,strict-recusal-court,Strict recusal with substitute justices,court_variant,strong_form_court,period,2,80,12.000,0.023,1.182,0.689,0.726,0.766,0.459,5.506
high-appointment-polarization,High appointment polarization,Higher appointment ideology spread and partisan pressure.,strict-recusal-court,Strict recusal with substitute justices,court_variant,strong_form_court,period,3,80,12.000,0.009,1.233,0.691,0.728,0.768,0.459,5.506
high-appointment-polarization,High appointment polarization,Higher appointment ideology spread and partisan pressure.,strict-recusal-court,Strict recusal with substitute justices,court_variant,strong_form_court,period,4,80,12.000,0.050,1.208,0.690,0.723,0.767,0.459,5.506
high-appointment-polarization,High appointment polarization,Higher appointment ideology spread and partisan pressure.,reasoned-emergency-review,Reasoned emergency orders with merits follow-up,court_variant,strong_form_court,period,1,80,9.000,0.034,1.941,0.781,0.720,0.799,0.000,0.000
high-appointment-polarization,High appointment polarization,Higher appointment ideology spread and partisan pressure.,reasoned-emergency-review,Reasoned emergency orders with merits follow-up,court_variant,strong_form_court,period,2,80,9.000,0.034,1.909,0.782,0.720,0.798,0.362,3.258
high-appointment-polarization,High appointment polarization,Higher appointment ideology spread and partisan pressure.,reasoned-emergency-review,Reasoned emergency orders with merits follow-up,court_variant,strong_form_court,period,3,80,9.000,-0.010,1.902,0.782,0.718,0.800,0.362,3.258
high-appointment-polarization,High appointment polarization,Higher appointment ideology spread and partisan pressure.,reasoned-emergency-review,Reasoned emergency orders with merits follow-up,court_variant,strong_form_court,period,4,80,9.000,0.034,1.893,0.779,0.720,0.797,0.362,3.258
high-appointment-polarization,High appointment polarization,Higher appointment ideology spread and partisan pressure.,panel-en-banc-review,Panel review with en banc safety valve,court_variant,strong_form_court,period,1,80,15.000,-0.000,0.873,0.655,0.731,0.747,0.000,0.000
high-appointment-polarization,High appointment polarization,Higher appointment ideology spread and partisan pressure.,panel-en-banc-review,Panel review with en banc safety valve,court_variant,strong_form_court,period,2,80,15.000,-0.008,0.872,0.656,0.733,0.750,0.459,6.882
high-appointment-polarization,High appointment polarization,Higher appointment ideology spread and partisan pressure.,panel-en-banc-review,Panel review with en banc safety valve,court_variant,strong_form_court,period,3,80,15.000,0.003,0.932,0.657,0.728,0.750,0.459,6.882
high-appointment-polarization,High appointment polarization,Higher appointment ideology spread and partisan pressure.,panel-en-banc-review,Panel review with en banc safety valve,court_variant,strong_form_court,period,4,80,15.000,0.020,1.003,0.655,0.735,0.752,0.459,6.882
high-appointment-polarization,High appointment polarization,Higher appointment ideology spread and partisan pressure.,dual-cross-checking-courts,Dual supreme courts with cross-checking invalidations,court_variant,strong_form_court,period,1,80,18.000,0.011,1.191,0.672,0.744,0.806,0.000,0.000
high-appointment-polarization,High appointment polarization,Higher appointment ideology spread and partisan pressure.,dual-cross-checking-courts,Dual supreme courts with cross-checking invalidations,court_variant,strong_form_court,period,2,80,18.000,0.036,1.184,0.673,0.743,0.805,0.456,8.208
high-appointment-polarization,High appointment polarization,Higher appointment ideology spread and partisan pressure.,dual-cross-checking-courts,Dual supreme courts with cross-checking invalidations,court_variant,strong_form_court,period,3,80,18.000,0.016,1.208,0.673,0.743,0.805,0.456,8.208
high-appointment-polarization,High appointment polarization,Higher appointment ideology spread and partisan pressure.,dual-cross-checking-courts,Dual supreme courts with cross-checking invalidations,court_variant,strong_form_court,period,4,80,18.000,0.025,1.287,0.674,0.740,0.804,0.456,8.208
high-appointment-polarization,High appointment polarization,Higher appointment ideology spread and partisan pressure.,constitutional-council,Pre-enactment constitutional council,court_variant,strong_form_court,period,1,80,12.000,-0.005,0.866,0.631,0.765,0.792,0.000,0.000
high-appointment-polarization,High appointment polarization,Higher appointment ideology spread and partisan pressure.,constitutional-council,Pre-enactment constitutional council,court_variant,strong_form_court,period,2,80,12.000,0.053,0.906,0.631,0.762,0.792,0.717,8.604
high-appointment-polarization,High appointment polarization,Higher appointment ideology spread and partisan pressure.,constitutional-council,Pre-enactment constitutional council,court_variant,strong_form_court,period,3,80,12.000,-0.010,0.928,0.630,0.763,0.792,0.717,8.604
high-appointment-polarization,High appointment polarization,Higher appointment ideology spread and partisan pressure.,constitutional-council,Pre-enactment constitutional council,court_variant,strong_form_court,period,4,80,12.000,0.031,0.991,0.631,0.760,0.796,0.717,8.604
high-appointment-polarization,High appointment polarization,Higher appointment ideology spread and partisan pressure.,legislative-override-court,Judicial review with delayed legislative override,court_variant,strong_form_court,period,1,80,9.000,0.038,1.916,0.788,0.704,0.755,0.000,0.000
high-appointment-polarization,High appointment polarization,Higher appointment ideology spread and partisan pressure.,legislative-override-court,Judicial review with delayed legislative override,court_variant,strong_form_court,period,2,80,9.000,0.024,1.916,0.780,0.701,0.756,0.384,3.460
high-appointment-polarization,High appointment polarization,Higher appointment ideology spread and partisan pressure.,legislative-override-court,Judicial review with delayed legislative override,court_variant,strong_form_court,period,3,80,9.000,0.060,1.896,0.785,0.701,0.752,0.384,3.460
high-appointment-polarization,High appointment polarization,Higher appointment ideology spread and partisan pressure.,legislative-override-court,Judicial review with delayed legislative override,court_variant,strong_form_court,period,4,80,9.000,0.053,1.888,0.784,0.705,0.757,0.384,3.460
high-appointment-polarization,High appointment polarization,Higher appointment ideology spread and partisan pressure.,accountability-retention-court,Retention-election accountability court,court_variant,strong_form_court,period,1,80,9.000,0.020,1.630,0.762,0.690,0.675,0.000,0.000
high-appointment-polarization,High appointment polarization,Higher appointment ideology spread and partisan pressure.,accountability-retention-court,Retention-election accountability court,court_variant,strong_form_court,period,2,80,9.000,0.088,1.652,0.767,0.687,0.679,0.929,8.363
high-appointment-polarization,High appointment polarization,Higher appointment ideology spread and partisan pressure.,accountability-retention-court,Retention-election accountability court,court_variant,strong_form_court,period,3,80,9.000,0.045,1.672,0.765,0.686,0.679,0.929,8.363
high-appointment-polarization,High appointment polarization,Higher appointment ideology spread and partisan pressure.,accountability-retention-court,Retention-election accountability court,court_variant,strong_form_court,period,4,80,9.000,0.132,1.677,0.764,0.684,0.678,0.929,8.363
high-appointment-polarization,High appointment polarization,Higher appointment ideology spread and partisan pressure.,independence-accountability-hybrid,Hybrid court balancing independence and accountability,court_variant,strong_form_court,period,1,80,15.000,-0.004,1.184,0.667,0.750,0.801,0.000,0.000
high-appointment-polarization,High appointment polarization,Higher appointment ideology spread and partisan pressure.,independence-accountability-hybrid,Hybrid court balancing independence and accountability,court_variant,strong_form_court,period,2,80,15.000,0.040,1.200,0.662,0.750,0.801,0.464,6.966
high-appointment-polarization,High appointment polarization,Higher appointment ideology spread and partisan pressure.,independence-accountability-hybrid,Hybrid court balancing independence and accountability,court_variant,strong_form_court,period,3,80,15.000,-0.035,1.190,0.665,0.751,0.804,0.464,6.966
high-appointment-polarization,High appointment polarization,Higher appointment ideology spread and partisan pressure.,independence-accountability-hybrid,Hybrid court balancing independence and accountability,court_variant,strong_form_court,period,4,80,15.000,-0.027,1.225,0.664,0.751,0.805,0.464,6.966
high-appointment-polarization,High appointment polarization,Higher appointment ideology spread and partisan pressure.,weak-form-review,Weak-form review with legislative reply,synthetic_mechanism,weak_form_review,period,1,80,9.000,0.003,1.095,0.662,0.713,0.787,0.000,0.000
high-appointment-polarization,High appointment polarization,Higher appointment ideology spread and partisan pressure.,weak-form-review,Weak-form review with legislative reply,synthetic_mechanism,weak_form_review,period,2,80,9.000,-0.007,1.161,0.666,0.711,0.787,0.401,3.611
high-appointment-polarization,High appointment polarization,Higher appointment ideology spread and partisan pressure.,weak-form-review,Weak-form review with legislative reply,synthetic_mechanism,weak_form_review,period,3,80,9.000,0.003,1.153,0.664,0.713,0.786,0.401,3.611
high-appointment-polarization,High appointment polarization,Higher appointment ideology spread and partisan pressure.,weak-form-review,Weak-form review with legislative reply,synthetic_mechanism,weak_form_review,period,4,80,9.000,-0.010,1.184,0.663,0.711,0.787,0.401,3.611
high-appointment-polarization,High appointment polarization,Higher appointment ideology spread and partisan pressure.,suspended-declaration-review,Suspended declarations of invalidity,synthetic_mechanism,suspended_declaration,period,1,80,11.000,-0.002,1.068,0.672,0.747,0.780,0.000,0.000
high-appointment-polarization,High appointment polarization,Higher appointment ideology spread and partisan pressure.,suspended-declaration-review,Suspended declarations of invalidity,synthetic_mechanism,suspended_declaration,period,2,80,11.000,-0.050,1.185,0.673,0.747,0.780,0.467,5.139
high-appointment-polarization,High appointment polarization,Higher appointment ideology spread and partisan pressure.,suspended-declaration-review,Suspended declarations of invalidity,synthetic_mechanism,suspended_declaration,period,3,80,11.000,-0.013,1.179,0.671,0.748,0.779,0.467,5.139
high-appointment-polarization,High appointment polarization,Higher appointment ideology spread and partisan pressure.,suspended-declaration-review,Suspended declarations of invalidity,synthetic_mechanism,suspended_declaration,period,4,80,11.000,0.002,1.206,0.674,0.747,0.781,0.467,5.139
high-appointment-polarization,High appointment polarization,Higher appointment ideology spread and partisan pressure.,override-clause-review,Strong-form review with explicit override clause,synthetic_mechanism,legislative_override_clause,period,1,80,9.000,0.036,1.938,0.771,0.703,0.767,0.000,0.000
high-appointment-polarization,High appointment polarization,Higher appointment ideology spread and partisan pressure.,override-clause-review,Strong-form review with explicit override clause,synthetic_mechanism,legislative_override_clause,period,2,80,9.000,0.036,1.891,0.771,0.700,0.765,0.393,3.535
high-appointment-polarization,High appointment polarization,Higher appointment ideology spread and partisan pressure.,override-clause-review,Strong-form review with explicit override clause,synthetic_mechanism,legislative_override_clause,period,3,80,9.000,0.036,1.880,0.771,0.703,0.768,0.393,3.535
high-appointment-polarization,High appointment polarization,Higher appointment ideology spread and partisan pressure.,override-clause-review,Strong-form review with explicit override clause,synthetic_mechanism,legislative_override_clause,period,4,80,9.000,0.055,1.887,0.768,0.701,0.767,0.393,3.535
high-appointment-polarization,High appointment polarization,Higher appointment ideology spread and partisan pressure.,pre-enactment-review,Pre-enactment review before laws take effect,synthetic_mechanism,pre_enactment_review,period,1,80,12.000,-0.002,0.877,0.629,0.749,0.799,0.000,0.000
high-appointment-polarization,High appointment polarization,Higher appointment ideology spread and partisan pressure.,pre-enactment-review,Pre-enactment review before laws take effect,synthetic_mechanism,pre_enactment_review,period,2,80,12.000,-0.034,0.886,0.626,0.748,0.799,0.721,8.654
high-appointment-polarization,High appointment polarization,Higher appointment ideology spread and partisan pressure.,pre-enactment-review,Pre-enactment review before laws take effect,synthetic_mechanism,pre_enactment_review,period,3,80,12.000,0.040,0.936,0.626,0.747,0.799,0.721,8.654
high-appointment-polarization,High appointment polarization,Higher appointment ideology spread and partisan pressure.,pre-enactment-review,Pre-enactment review before laws take effect,synthetic_mechanism,pre_enactment_review,period,4,80,12.000,-0.036,0.993,0.625,0.744,0.796,0.721,8.654
high-appointment-polarization,High appointment polarization,Higher appointment ideology spread and partisan pressure.,abstract-review-tribunal,Abstract review tribunal,synthetic_mechanism,abstract_review,period,1,80,15.000,0.001,1.112,0.675,0.758,0.816,0.000,0.000
high-appointment-polarization,High appointment polarization,Higher appointment ideology spread and partisan pressure.,abstract-review-tribunal,Abstract review tribunal,synthetic_mechanism,abstract_review,period,2,80,15.000,0.001,1.168,0.676,0.756,0.818,0.450,6.756
high-appointment-polarization,High appointment polarization,Higher appointment ideology spread and partisan pressure.,abstract-review-tribunal,Abstract review tribunal,synthetic_mechanism,abstract_review,period,3,80,15.000,0.040,1.222,0.675,0.757,0.816,0.450,6.756
high-appointment-polarization,High appointment polarization,Higher appointment ideology spread and partisan pressure.,abstract-review-tribunal,Abstract review tribunal,synthetic_mechanism,abstract_review,period,4,80,15.000,-0.012,1.229,0.673,0.756,0.815,0.450,6.756
high-appointment-polarization,High appointment polarization,Higher appointment ideology spread and partisan pressure.,ombudsman-triggered-review,Ombudsman-triggered constitutional review,synthetic_mechanism,ombudsman_triggered_review,period,1,80,11.000,-0.010,0.868,0.646,0.776,0.762,0.000,0.000
high-appointment-polarization,High appointment polarization,Higher appointment ideology spread and partisan pressure.,ombudsman-triggered-review,Ombudsman-triggered constitutional review,synthetic_mechanism,ombudsman_triggered_review,period,2,80,11.000,0.004,0.860,0.644,0.776,0.761,0.476,5.232
high-appointment-polarization,High appointment polarization,Higher appointment ideology spread and partisan pressure.,ombudsman-triggered-review,Ombudsman-triggered constitutional review,synthetic_mechanism,ombudsman_triggered_review,period,3,80,11.000,-0.008,0.896,0.645,0.778,0.763,0.476,5.232
high-appointment-polarization,High appointment polarization,Higher appointment ideology spread and partisan pressure.,ombudsman-triggered-review,Ombudsman-triggered constitutional review,synthetic_mechanism,ombudsman_triggered_review,period,4,80,11.000,0.020,0.938,0.646,0.777,0.762,0.476,5.232
high-appointment-polarization,High appointment polarization,Higher appointment ideology spread and partisan pressure.,constitutional-public-defender,Constitutional public defender access model,synthetic_mechanism,constitutional_public_defender,period,1,80,11.000,-0.005,0.874,0.655,0.792,0.756,0.000,0.000
high-appointment-polarization,High appointment polarization,Higher appointment ideology spread and partisan pressure.,constitutional-public-defender,Constitutional public defender access model,synthetic_mechanism,constitutional_public_defender,period,2,80,11.000,-0.017,0.861,0.657,0.794,0.756,0.470,5.170
high-appointment-polarization,High appointment polarization,Higher appointment ideology spread and partisan pressure.,constitutional-public-defender,Constitutional public defender access model,synthetic_mechanism,constitutional_public_defender,period,3,80,11.000,-0.045,0.901,0.654,0.789,0.755,0.470,5.170
high-appointment-polarization,High appointment polarization,Higher appointment ideology spread and partisan pressure.,constitutional-public-defender,Constitutional public defender access model,synthetic_mechanism,constitutional_public_defender,period,4,80,11.000,-0.008,0.956,0.654,0.792,0.757,0.470,5.170
high-appointment-polarization,High appointment polarization,Higher appointment ideology spread and partisan pressure.,rights-impact-statement-review,Rights-impact statements before review,synthetic_mechanism,rights_impact_statement,period,1,80,9.000,0.006,1.993,0.755,0.718,0.776,0.000,0.000
high-appointment-polarization,High appointment polarization,Higher appointment ideology spread and partisan pressure.,rights-impact-statement-review,Rights-impact statements before review,synthetic_mechanism,rights_impact_statement,period,2,80,9.000,-0.014,1.982,0.747,0.717,0.774,0.741,6.667
high-appointment-polarization,High appointment polarization,Higher appointment ideology spread and partisan pressure.,rights-impact-statement-review,Rights-impact statements before review,synthetic_mechanism,rights_impact_statement,period,3,80,9.000,-0.048,1.955,0.749,0.716,0.771,0.741,6.667
high-appointment-polarization,High appointment polarization,Higher appointment ideology spread and partisan pressure.,rights-impact-statement-review,Rights-impact statements before review,synthetic_mechanism,rights_impact_statement,period,4,80,9.000,0.039,1.936,0.752,0.720,0.776,0.741,6.667
high-appointment-polarization,High appointment polarization,Higher appointment ideology spread and partisan pressure.,mandatory-legislative-response,Mandatory legislative response cycles,synthetic_mechanism,mandatory_legislative_response,period,1,80,9.000,-0.007,1.161,0.659,0.727,0.773,0.000,0.000
high-appointment-polarization,High appointment polarization,Higher appointment ideology spread and partisan pressure.,mandatory-legislative-response,Mandatory legislative response cycles,synthetic_mechanism,mandatory_legislative_response,period,2,80,9.000,-0.039,1.152,0.658,0.724,0.777,0.495,4.457
high-appointment-polarization,High appointment polarization,Higher appointment ideology spread and partisan pressure.,mandatory-legislative-response,Mandatory legislative response cycles,synthetic_mechanism,mandatory_legislative_response,period,3,80,9.000,0.031,1.156,0.661,0.726,0.778,0.495,4.457
high-appointment-polarization,High appointment polarization,Higher appointment ideology spread and partisan pressure.,mandatory-legislative-response,Mandatory legislative response cycles,synthetic_mechanism,mandatory_legislative_response,period,4,80,9.000,0.001,1.153,0.655,0.727,0.773,0.495,4.457
low-rights-threat,Low rights threat,Lower share of cases with generated rights-risk signals.,current-federal-court,Current-style federal supreme court,court_variant,strong_form_court,period,1,80,9.000,0.067,1.370,0.638,0.705,0.796,0.000,0.000
low-rights-threat,Low rights threat,Lower share of cases with generated rights-risk signals.,current-federal-court,Current-style federal supreme court,court_variant,strong_form_court,period,2,80,9.000,0.079,1.349,0.637,0.707,0.800,0.145,1.307
low-rights-threat,Low rights threat,Lower share of cases with generated rights-risk signals.,current-federal-court,Current-style federal supreme court,court_variant,strong_form_court,period,3,80,9.000,0.076,1.385,0.640,0.706,0.798,0.145,1.307
low-rights-threat,Low rights threat,Lower share of cases with generated rights-risk signals.,current-federal-court,Current-style federal supreme court,court_variant,strong_form_court,period,4,80,9.000,0.052,1.376,0.637,0.707,0.795,0.145,1.307
low-rights-threat,Low rights threat,Lower share of cases with generated rights-risk signals.,eighteen-year-terms,Staggered 18-year nonrenewable terms,court_variant,strong_form_court,period,1,80,9.000,0.027,1.326,0.615,0.705,0.781,0.000,0.000
low-rights-threat,Low rights threat,Lower share of cases with generated rights-risk signals.,eighteen-year-terms,Staggered 18-year nonrenewable terms,court_variant,strong_form_court,period,2,80,9.000,0.046,1.388,0.616,0.704,0.779,0.362,3.258
low-rights-threat,Low rights threat,Lower share of cases with generated rights-risk signals.,eighteen-year-terms,Staggered 18-year nonrenewable terms,court_variant,strong_form_court,period,3,80,9.000,0.046,1.381,0.617,0.708,0.779,0.362,3.258
low-rights-threat,Low rights threat,Lower share of cases with generated rights-risk signals.,eighteen-year-terms,Staggered 18-year nonrenewable terms,court_variant,strong_form_court,period,4,80,9.000,0.042,1.421,0.617,0.707,0.779,0.362,3.258
low-rights-threat,Low rights threat,Lower share of cases with generated rights-risk signals.,fifteen-justice-commission,Fifteen-justice supermajority commission court,court_variant,strong_form_court,period,1,80,15.000,-0.001,0.842,0.533,0.732,0.777,0.000,0.000
low-rights-threat,Low rights threat,Lower share of cases with generated rights-risk signals.,fifteen-justice-commission,Fifteen-justice supermajority commission court,court_variant,strong_form_court,period,2,80,15.000,0.028,0.848,0.530,0.733,0.776,0.453,6.798
low-rights-threat,Low rights threat,Lower share of cases with generated rights-risk signals.,fifteen-justice-commission,Fifteen-justice supermajority commission court,court_variant,strong_form_court,period,3,80,15.000,-0.001,0.901,0.529,0.731,0.778,0.453,6.798
low-rights-threat,Low rights threat,Lower share of cases with generated rights-risk signals.,fifteen-justice-commission,Fifteen-justice supermajority commission court,court_variant,strong_form_court,period,4,80,15.000,0.004,0.967,0.532,0.727,0.778,0.453,6.798
low-rights-threat,Low rights threat,Lower share of cases with generated rights-risk signals.,supermajority-invalidation,Supermajority required to invalidate laws,court_variant,strong_form_court,period,1,80,9.000,0.059,1.307,0.611,0.700,0.841,0.000,0.000
low-rights-threat,Low rights threat,Lower share of cases with generated rights-risk signals.,supermajority-invalidation,Supermajority required to invalidate laws,court_variant,strong_form_court,period,2,80,9.000,0.055,1.384,0.614,0.698,0.841,0.151,1.357
low-rights-threat,Low rights threat,Lower share of cases with generated rights-risk signals.,supermajority-invalidation,Supermajority required to invalidate laws,court_variant,strong_form_court,period,3,80,9.000,0.061,1.379,0.613,0.701,0.842,0.151,1.357
low-rights-threat,Low rights threat,Lower share of cases with generated rights-risk signals.,supermajority-invalidation,Supermajority required to invalidate laws,court_variant,strong_form_court,period,4,80,9.000,0.071,1.389,0.615,0.697,0.843,0.151,1.357
low-rights-threat,Low rights threat,Lower share of cases with generated rights-risk signals.,strict-recusal-court,Strict recusal with substitute justices,court_variant,strong_form_court,period,1,80,12.000,-0.000,0.788,0.532,0.733,0.766,0.000,0.000
low-rights-threat,Low rights threat,Lower share of cases with generated rights-risk signals.,strict-recusal-court,Strict recusal with substitute justices,court_variant,strong_form_court,period,2,80,12.000,-0.016,0.868,0.533,0.727,0.769,0.459,5.506
low-rights-threat,Low rights threat,Lower share of cases with generated rights-risk signals.,strict-recusal-court,Strict recusal with substitute justices,court_variant,strong_form_court,period,3,80,12.000,0.009,0.871,0.532,0.733,0.767,0.459,5.506
low-rights-threat,Low rights threat,Lower share of cases with generated rights-risk signals.,strict-recusal-court,Strict recusal with substitute justices,court_variant,strong_form_court,period,4,80,12.000,0.004,0.905,0.528,0.733,0.769,0.459,5.506
low-rights-threat,Low rights threat,Lower share of cases with generated rights-risk signals.,reasoned-emergency-review,Reasoned emergency orders with merits follow-up,court_variant,strong_form_court,period,1,80,9.000,0.037,1.334,0.595,0.728,0.798,0.000,0.000
low-rights-threat,Low rights threat,Lower share of cases with generated rights-risk signals.,reasoned-emergency-review,Reasoned emergency orders with merits follow-up,court_variant,strong_form_court,period,2,80,9.000,0.012,1.380,0.598,0.732,0.798,0.362,3.258
low-rights-threat,Low rights threat,Lower share of cases with generated rights-risk signals.,reasoned-emergency-review,Reasoned emergency orders with merits follow-up,court_variant,strong_form_court,period,3,80,9.000,0.031,1.395,0.593,0.730,0.800,0.362,3.258
low-rights-threat,Low rights threat,Lower share of cases with generated rights-risk signals.,reasoned-emergency-review,Reasoned emergency orders with merits follow-up,court_variant,strong_form_court,period,4,80,9.000,0.005,1.396,0.595,0.731,0.801,0.362,3.258
low-rights-threat,Low rights threat,Lower share of cases with generated rights-risk signals.,panel-en-banc-review,Panel review with en banc safety valve,court_variant,strong_form_court,period,1,80,15.000,-0.000,0.647,0.502,0.734,0.748,0.000,0.000
low-rights-threat,Low rights threat,Lower share of cases with generated rights-risk signals.,panel-en-banc-review,Panel review with en banc safety valve,court_variant,strong_form_court,period,2,80,15.000,0.016,0.654,0.502,0.735,0.748,0.459,6.882
low-rights-threat,Low rights threat,Lower share of cases with generated rights-risk signals.,panel-en-banc-review,Panel review with en banc safety valve,court_variant,strong_form_court,period,3,80,15.000,0.018,0.702,0.503,0.737,0.749,0.459,6.882
low-rights-threat,Low rights threat,Lower share of cases with generated rights-risk signals.,panel-en-banc-review,Panel review with en banc safety valve,court_variant,strong_form_court,period,4,80,15.000,0.001,0.765,0.502,0.736,0.746,0.459,6.882
low-rights-threat,Low rights threat,Lower share of cases with generated rights-risk signals.,dual-cross-checking-courts,Dual supreme courts with cross-checking invalidations,court_variant,strong_form_court,period,1,80,18.000,-0.001,0.854,0.513,0.748,0.804,0.000,0.000
low-rights-threat,Low rights threat,Lower share of cases with generated rights-risk signals.,dual-cross-checking-courts,Dual supreme courts with cross-checking invalidations,court_variant,strong_form_court,period,2,80,18.000,0.010,0.850,0.511,0.748,0.805,0.456,8.208
low-rights-threat,Low rights threat,Lower share of cases with generated rights-risk signals.,dual-cross-checking-courts,Dual supreme courts with cross-checking invalidations,court_variant,strong_form_court,period,3,80,18.000,0.011,0.922,0.513,0.751,0.806,0.456,8.208
low-rights-threat,Low rights threat,Lower share of cases with generated rights-risk signals.,dual-cross-checking-courts,Dual supreme courts with cross-checking invalidations,court_variant,strong_form_court,period,4,80,18.000,0.017,0.934,0.512,0.748,0.804,0.456,8.208
low-rights-threat,Low rights threat,Lower share of cases with generated rights-risk signals.,constitutional-council,Pre-enactment constitutional council,court_variant,strong_form_court,period,1,80,12.000,0.010,0.649,0.478,0.766,0.792,0.000,0.000
low-rights-threat,Low rights threat,Lower share of cases with generated rights-risk signals.,constitutional-council,Pre-enactment constitutional council,court_variant,strong_form_court,period,2,80,12.000,0.002,0.674,0.478,0.764,0.790,0.717,8.604
low-rights-threat,Low rights threat,Lower share of cases with generated rights-risk signals.,constitutional-council,Pre-enactment constitutional council,court_variant,strong_form_court,period,3,80,12.000,-0.030,0.759,0.480,0.763,0.794,0.717,8.604
low-rights-threat,Low rights threat,Lower share of cases with generated rights-risk signals.,constitutional-council,Pre-enactment constitutional council,court_variant,strong_form_court,period,4,80,12.000,-0.023,0.812,0.478,0.761,0.794,0.717,8.604
low-rights-threat,Low rights threat,Lower share of cases with generated rights-risk signals.,legislative-override-court,Judicial review with delayed legislative override,court_variant,strong_form_court,period,1,80,9.000,0.036,1.399,0.602,0.716,0.756,0.000,0.000
low-rights-threat,Low rights threat,Lower share of cases with generated rights-risk signals.,legislative-override-court,Judicial review with delayed legislative override,court_variant,strong_form_court,period,2,80,9.000,0.031,1.369,0.601,0.713,0.755,0.384,3.460
low-rights-threat,Low rights threat,Lower share of cases with generated rights-risk signals.,legislative-override-court,Judicial review with delayed legislative override,court_variant,strong_form_court,period,3,80,9.000,0.038,1.376,0.598,0.715,0.758,0.384,3.460
low-rights-threat,Low rights threat,Lower share of cases with generated rights-risk signals.,legislative-override-court,Judicial review with delayed legislative override,court_variant,strong_form_court,period,4,80,9.000,0.065,1.382,0.596,0.715,0.756,0.384,3.460
low-rights-threat,Low rights threat,Lower share of cases with generated rights-risk signals.,accountability-retention-court,Retention-election accountability court,court_variant,strong_form_court,period,1,80,9.000,0.025,1.142,0.588,0.695,0.678,0.000,0.000
low-rights-threat,Low rights threat,Lower share of cases with generated rights-risk signals.,accountability-retention-court,Retention-election accountability court,court_variant,strong_form_court,period,2,80,9.000,0.056,1.210,0.587,0.692,0.677,0.929,8.363
low-rights-threat,Low rights threat,Lower share of cases with generated rights-risk signals.,accountability-retention-court,Retention-election accountability court,court_variant,strong_form_court,period,3,80,9.000,0.071,1.225,0.591,0.695,0.678,0.929,8.363
low-rights-threat,Low rights threat,Lower share of cases with generated rights-risk signals.,accountability-retention-court,Retention-election accountability court,court_variant,strong_form_court,period,4,80,9.000,0.020,1.264,0.591,0.690,0.675,0.929,8.363
low-rights-threat,Low rights threat,Lower share of cases with generated rights-risk signals.,independence-accountability-hybrid,Hybrid court balancing independence and accountability,court_variant,strong_form_court,period,1,80,15.000,0.003,0.843,0.501,0.754,0.803,0.000,0.000
low-rights-threat,Low rights threat,Lower share of cases with generated rights-risk signals.,independence-accountability-hybrid,Hybrid court balancing independence and accountability,court_variant,strong_form_court,period,2,80,15.000,-0.014,0.865,0.500,0.756,0.802,0.464,6.966
low-rights-threat,Low rights threat,Lower share of cases with generated rights-risk signals.,independence-accountability-hybrid,Hybrid court balancing independence and accountability,court_variant,strong_form_court,period,3,80,15.000,-0.011,0.891,0.504,0.756,0.802,0.464,6.966
low-rights-threat,Low rights threat,Lower share of cases with generated rights-risk signals.,independence-accountability-hybrid,Hybrid court balancing independence and accountability,court_variant,strong_form_court,period,4,80,15.000,0.000,0.900,0.502,0.755,0.803,0.464,6.966
low-rights-threat,Low rights threat,Lower share of cases with generated rights-risk signals.,weak-form-review,Weak-form review with legislative reply,synthetic_mechanism,weak_form_review,period,1,80,9.000,-0.004,0.772,0.503,0.718,0.785,0.000,0.000
low-rights-threat,Low rights threat,Lower share of cases with generated rights-risk signals.,weak-form-review,Weak-form review with legislative reply,synthetic_mechanism,weak_form_review,period,2,80,9.000,-0.009,0.822,0.501,0.715,0.783,0.401,3.611
low-rights-threat,Low rights threat,Lower share of cases with generated rights-risk signals.,weak-form-review,Weak-form review with legislative reply,synthetic_mechanism,weak_form_review,period,3,80,9.000,-0.012,0.866,0.503,0.714,0.788,0.401,3.611
low-rights-threat,Low rights threat,Lower share of cases with generated rights-risk signals.,weak-form-review,Weak-form review with legislative reply,synthetic_mechanism,weak_form_review,period,4,80,9.000,-0.015,0.888,0.502,0.712,0.784,0.401,3.611
low-rights-threat,Low rights threat,Lower share of cases with generated rights-risk signals.,suspended-declaration-review,Suspended declarations of invalidity,synthetic_mechanism,suspended_declaration,period,1,80,11.000,-0.007,0.794,0.514,0.755,0.779,0.000,0.000
low-rights-threat,Low rights threat,Lower share of cases with generated rights-risk signals.,suspended-declaration-review,Suspended declarations of invalidity,synthetic_mechanism,suspended_declaration,period,2,80,11.000,-0.004,0.819,0.511,0.754,0.779,0.467,5.139
low-rights-threat,Low rights threat,Lower share of cases with generated rights-risk signals.,suspended-declaration-review,Suspended declarations of invalidity,synthetic_mechanism,suspended_declaration,period,3,80,11.000,-0.031,0.857,0.511,0.753,0.778,0.467,5.139
low-rights-threat,Low rights threat,Lower share of cases with generated rights-risk signals.,suspended-declaration-review,Suspended declarations of invalidity,synthetic_mechanism,suspended_declaration,period,4,80,11.000,-0.015,0.881,0.513,0.756,0.780,0.467,5.139
low-rights-threat,Low rights threat,Lower share of cases with generated rights-risk signals.,override-clause-review,Strong-form review with explicit override clause,synthetic_mechanism,legislative_override_clause,period,1,80,9.000,0.042,1.415,0.582,0.715,0.766,0.000,0.000
low-rights-threat,Low rights threat,Lower share of cases with generated rights-risk signals.,override-clause-review,Strong-form review with explicit override clause,synthetic_mechanism,legislative_override_clause,period,2,80,9.000,-0.004,1.372,0.584,0.713,0.765,0.393,3.535
low-rights-threat,Low rights threat,Lower share of cases with generated rights-risk signals.,override-clause-review,Strong-form review with explicit override clause,synthetic_mechanism,legislative_override_clause,period,3,80,9.000,0.025,1.389,0.584,0.717,0.768,0.393,3.535
low-rights-threat,Low rights threat,Lower share of cases with generated rights-risk signals.,override-clause-review,Strong-form review with explicit override clause,synthetic_mechanism,legislative_override_clause,period,4,80,9.000,0.052,1.382,0.586,0.716,0.769,0.393,3.535
low-rights-threat,Low rights threat,Lower share of cases with generated rights-risk signals.,pre-enactment-review,Pre-enactment review before laws take effect,synthetic_mechanism,pre_enactment_review,period,1,80,12.000,0.002,0.604,0.474,0.751,0.798,0.000,0.000
low-rights-threat,Low rights threat,Lower share of cases with generated rights-risk signals.,pre-enactment-review,Pre-enactment review before laws take effect,synthetic_mechanism,pre_enactment_review,period,2,80,12.000,0.015,0.670,0.473,0.748,0.798,0.721,8.654
low-rights-threat,Low rights threat,Lower share of cases with generated rights-risk signals.,pre-enactment-review,Pre-enactment review before laws take effect,synthetic_mechanism,pre_enactment_review,period,3,80,12.000,-0.043,0.757,0.473,0.751,0.801,0.721,8.654
low-rights-threat,Low rights threat,Lower share of cases with generated rights-risk signals.,pre-enactment-review,Pre-enactment review before laws take effect,synthetic_mechanism,pre_enactment_review,period,4,80,12.000,0.010,0.799,0.476,0.746,0.801,0.721,8.654
low-rights-threat,Low rights threat,Lower share of cases with generated rights-risk signals.,abstract-review-tribunal,Abstract review tribunal,synthetic_mechanism,abstract_review,period,1,80,15.000,-0.002,0.818,0.512,0.763,0.814,0.000,0.000
low-rights-threat,Low rights threat,Lower share of cases with generated rights-risk signals.,abstract-review-tribunal,Abstract review tribunal,synthetic_mechanism,abstract_review,period,2,80,15.000,0.019,0.839,0.512,0.761,0.813,0.450,6.756
low-rights-threat,Low rights threat,Lower share of cases with generated rights-risk signals.,abstract-review-tribunal,Abstract review tribunal,synthetic_mechanism,abstract_review,period,3,80,15.000,0.001,0.891,0.512,0.762,0.812,0.450,6.756
low-rights-threat,Low rights threat,Lower share of cases with generated rights-risk signals.,abstract-review-tribunal,Abstract review tribunal,synthetic_mechanism,abstract_review,period,4,80,15.000,0.018,0.899,0.514,0.760,0.815,0.450,6.756
low-rights-threat,Low rights threat,Lower share of cases with generated rights-risk signals.,ombudsman-triggered-review,Ombudsman-triggered constitutional review,synthetic_mechanism,ombudsman_triggered_review,period,1,80,11.000,-0.015,0.593,0.494,0.780,0.760,0.000,0.000
low-rights-threat,Low rights threat,Lower share of cases with generated rights-risk signals.,ombudsman-triggered-review,Ombudsman-triggered constitutional review,synthetic_mechanism,ombudsman_triggered_review,period,2,80,11.000,-0.006,0.646,0.490,0.781,0.760,0.476,5.232
low-rights-threat,Low rights threat,Lower share of cases with generated rights-risk signals.,ombudsman-triggered-review,Ombudsman-triggered constitutional review,synthetic_mechanism,ombudsman_triggered_review,period,3,80,11.000,0.018,0.680,0.492,0.780,0.759,0.476,5.232
low-rights-threat,Low rights threat,Lower share of cases with generated rights-risk signals.,ombudsman-triggered-review,Ombudsman-triggered constitutional review,synthetic_mechanism,ombudsman_triggered_review,period,4,80,11.000,0.001,0.712,0.494,0.782,0.762,0.476,5.232
low-rights-threat,Low rights threat,Lower share of cases with generated rights-risk signals.,constitutional-public-defender,Constitutional public defender access model,synthetic_mechanism,constitutional_public_defender,period,1,80,11.000,0.004,0.632,0.500,0.796,0.757,0.000,0.000
low-rights-threat,Low rights threat,Lower share of cases with generated rights-risk signals.,constitutional-public-defender,Constitutional public defender access model,synthetic_mechanism,constitutional_public_defender,period,2,80,11.000,-0.009,0.635,0.502,0.796,0.762,0.470,5.170
low-rights-threat,Low rights threat,Lower share of cases with generated rights-risk signals.,constitutional-public-defender,Constitutional public defender access model,synthetic_mechanism,constitutional_public_defender,period,3,80,11.000,0.011,0.703,0.501,0.794,0.758,0.470,5.170
low-rights-threat,Low rights threat,Lower share of cases with generated rights-risk signals.,constitutional-public-defender,Constitutional public defender access model,synthetic_mechanism,constitutional_public_defender,period,4,80,11.000,-0.028,0.717,0.502,0.795,0.756,0.470,5.170
low-rights-threat,Low rights threat,Lower share of cases with generated rights-risk signals.,rights-impact-statement-review,Rights-impact statements before review,synthetic_mechanism,rights_impact_statement,period,1,80,9.000,0.009,1.528,0.556,0.722,0.774,0.000,0.000
low-rights-threat,Low rights threat,Lower share of cases with generated rights-risk signals.,rights-impact-statement-review,Rights-impact statements before review,synthetic_mechanism,rights_impact_statement,period,2,80,9.000,-0.040,1.567,0.557,0.725,0.774,0.741,6.667
low-rights-threat,Low rights threat,Lower share of cases with generated rights-risk signals.,rights-impact-statement-review,Rights-impact statements before review,synthetic_mechanism,rights_impact_statement,period,3,80,9.000,0.013,1.587,0.559,0.725,0.777,0.741,6.667
low-rights-threat,Low rights threat,Lower share of cases with generated rights-risk signals.,rights-impact-statement-review,Rights-impact statements before review,synthetic_mechanism,rights_impact_statement,period,4,80,9.000,0.058,1.573,0.557,0.725,0.775,0.741,6.667
low-rights-threat,Low rights threat,Lower share of cases with generated rights-risk signals.,mandatory-legislative-response,Mandatory legislative response cycles,synthetic_mechanism,mandatory_legislative_response,period,1,80,9.000,0.016,0.785,0.495,0.729,0.778,0.000,0.000
low-rights-threat,Low rights threat,Lower share of cases with generated rights-risk signals.,mandatory-legislative-response,Mandatory legislative response cycles,synthetic_mechanism,mandatory_legislative_response,period,2,80,9.000,0.012,0.814,0.500,0.732,0.776,0.495,4.457
low-rights-threat,Low rights threat,Lower share of cases with generated rights-risk signals.,mandatory-legislative-response,Mandatory legislative response cycles,synthetic_mechanism,mandatory_legislative_response,period,3,80,9.000,-0.032,0.850,0.498,0.733,0.772,0.495,4.457
low-rights-threat,Low rights threat,Lower share of cases with generated rights-risk signals.,mandatory-legislative-response,Mandatory legislative response cycles,synthetic_mechanism,mandatory_legislative_response,period,4,80,9.000,-0.008,0.883,0.497,0.730,0.775,0.495,4.457
high-rights-threat,High rights threat,Higher share of cases with generated rights-risk signals.,current-federal-court,Current-style federal supreme court,court_variant,strong_form_court,period,1,80,9.000,0.072,1.358,0.639,0.707,0.795,0.000,0.000
high-rights-threat,High rights threat,Higher share of cases with generated rights-risk signals.,current-federal-court,Current-style federal supreme court,court_variant,strong_form_court,period,2,80,9.000,0.070,1.379,0.634,0.703,0.797,0.145,1.307
high-rights-threat,High rights threat,Higher share of cases with generated rights-risk signals.,current-federal-court,Current-style federal supreme court,court_variant,strong_form_court,period,3,80,9.000,0.076,1.393,0.638,0.703,0.798,0.145,1.307
high-rights-threat,High rights threat,Higher share of cases with generated rights-risk signals.,current-federal-court,Current-style federal supreme court,court_variant,strong_form_court,period,4,80,9.000,0.069,1.391,0.639,0.708,0.795,0.145,1.307
high-rights-threat,High rights threat,Higher share of cases with generated rights-risk signals.,eighteen-year-terms,Staggered 18-year nonrenewable terms,court_variant,strong_form_court,period,1,80,9.000,0.026,1.391,0.616,0.703,0.781,0.000,0.000
high-rights-threat,High rights threat,Higher share of cases with generated rights-risk signals.,eighteen-year-terms,Staggered 18-year nonrenewable terms,court_variant,strong_form_court,period,2,80,9.000,0.029,1.374,0.622,0.708,0.780,0.362,3.258
high-rights-threat,High rights threat,Higher share of cases with generated rights-risk signals.,eighteen-year-terms,Staggered 18-year nonrenewable terms,court_variant,strong_form_court,period,3,80,9.000,0.059,1.397,0.618,0.705,0.779,0.362,3.258
high-rights-threat,High rights threat,Higher share of cases with generated rights-risk signals.,eighteen-year-terms,Staggered 18-year nonrenewable terms,court_variant,strong_form_court,period,4,80,9.000,0.030,1.389,0.621,0.705,0.782,0.362,3.258
high-rights-threat,High rights threat,Higher share of cases with generated rights-risk signals.,fifteen-justice-commission,Fifteen-justice supermajority commission court,court_variant,strong_form_court,period,1,80,15.000,-0.003,0.826,0.528,0.731,0.776,0.000,0.000
high-rights-threat,High rights threat,Higher share of cases with generated rights-risk signals.,fifteen-justice-commission,Fifteen-justice supermajority commission court,court_variant,strong_form_court,period,2,80,15.000,-0.023,0.872,0.531,0.733,0.779,0.453,6.798
high-rights-threat,High rights threat,Higher share of cases with generated rights-risk signals.,fifteen-justice-commission,Fifteen-justice supermajority commission court,court_variant,strong_form_court,period,3,80,15.000,-0.018,0.885,0.530,0.732,0.777,0.453,6.798
high-rights-threat,High rights threat,Higher share of cases with generated rights-risk signals.,fifteen-justice-commission,Fifteen-justice supermajority commission court,court_variant,strong_form_court,period,4,80,15.000,-0.026,0.947,0.531,0.731,0.775,0.453,6.798
high-rights-threat,High rights threat,Higher share of cases with generated rights-risk signals.,supermajority-invalidation,Supermajority required to invalidate laws,court_variant,strong_form_court,period,1,80,9.000,0.049,1.361,0.613,0.699,0.840,0.000,0.000
high-rights-threat,High rights threat,Higher share of cases with generated rights-risk signals.,supermajority-invalidation,Supermajority required to invalidate laws,court_variant,strong_form_court,period,2,80,9.000,0.052,1.370,0.615,0.699,0.841,0.151,1.357
high-rights-threat,High rights threat,Higher share of cases with generated rights-risk signals.,supermajority-invalidation,Supermajority required to invalidate laws,court_variant,strong_form_court,period,3,80,9.000,0.055,1.385,0.613,0.700,0.844,0.151,1.357
high-rights-threat,High rights threat,Higher share of cases with generated rights-risk signals.,supermajority-invalidation,Supermajority required to invalidate laws,court_variant,strong_form_court,period,4,80,9.000,0.050,1.389,0.613,0.702,0.842,0.151,1.357
high-rights-threat,High rights threat,Higher share of cases with generated rights-risk signals.,strict-recusal-court,Strict recusal with substitute justices,court_variant,strong_form_court,period,1,80,12.000,-0.001,0.843,0.530,0.733,0.767,0.000,0.000
high-rights-threat,High rights threat,Higher share of cases with generated rights-risk signals.,strict-recusal-court,Strict recusal with substitute justices,court_variant,strong_form_court,period,2,80,12.000,0.013,0.855,0.533,0.731,0.767,0.459,5.506
high-rights-threat,High rights threat,Higher share of cases with generated rights-risk signals.,strict-recusal-court,Strict recusal with substitute justices,court_variant,strong_form_court,period,3,80,12.000,0.010,0.867,0.530,0.734,0.766,0.459,5.506
high-rights-threat,High rights threat,Higher share of cases with generated rights-risk signals.,strict-recusal-court,Strict recusal with substitute justices,court_variant,strong_form_court,period,4,80,12.000,-0.019,0.878,0.532,0.731,0.768,0.459,5.506
high-rights-threat,High rights threat,Higher share of cases with generated rights-risk signals.,reasoned-emergency-review,Reasoned emergency orders with merits follow-up,court_variant,strong_form_court,period,1,80,9.000,0.026,1.382,0.594,0.731,0.798,0.000,0.000
high-rights-threat,High rights threat,Higher share of cases with generated rights-risk signals.,reasoned-emergency-review,Reasoned emergency orders with merits follow-up,court_variant,strong_form_court,period,2,80,9.000,0.039,1.362,0.596,0.728,0.801,0.362,3.258
high-rights-threat,High rights threat,Higher share of cases with generated rights-risk signals.,reasoned-emergency-review,Reasoned emergency orders with merits follow-up,court_variant,strong_form_court,period,3,80,9.000,0.029,1.411,0.597,0.729,0.799,0.362,3.258
high-rights-threat,High rights threat,Higher share of cases with generated rights-risk signals.,reasoned-emergency-review,Reasoned emergency orders with merits follow-up,court_variant,strong_form_court,period,4,80,9.000,0.028,1.390,0.594,0.732,0.799,0.362,3.258
high-rights-threat,High rights threat,Higher share of cases with generated rights-risk signals.,panel-en-banc-review,Panel review with en banc safety valve,court_variant,strong_form_court,period,1,80,15.000,0.004,0.596,0.503,0.739,0.749,0.000,0.000
high-rights-threat,High rights threat,Higher share of cases with generated rights-risk signals.,panel-en-banc-review,Panel review with en banc safety valve,court_variant,strong_form_court,period,2,80,15.000,0.019,0.674,0.501,0.739,0.748,0.459,6.882
high-rights-threat,High rights threat,Higher share of cases with generated rights-risk signals.,panel-en-banc-review,Panel review with en banc safety valve,court_variant,strong_form_court,period,3,80,15.000,-0.011,0.736,0.503,0.736,0.751,0.459,6.882
high-rights-threat,High rights threat,Higher share of cases with generated rights-risk signals.,panel-en-banc-review,Panel review with en banc safety valve,court_variant,strong_form_court,period,4,80,15.000,0.029,0.770,0.503,0.736,0.746,0.459,6.882
high-rights-threat,High rights threat,Higher share of cases with generated rights-risk signals.,dual-cross-checking-courts,Dual supreme courts with cross-checking invalidations,court_variant,strong_form_court,period,1,80,18.000,0.002,0.832,0.511,0.748,0.803,0.000,0.000
high-rights-threat,High rights threat,Higher share of cases with generated rights-risk signals.,dual-cross-checking-courts,Dual supreme courts with cross-checking invalidations,court_variant,strong_form_court,period,2,80,18.000,-0.028,0.883,0.512,0.749,0.803,0.456,8.208
high-rights-threat,High rights threat,Higher share of cases with generated rights-risk signals.,dual-cross-checking-courts,Dual supreme courts with cross-checking invalidations,court_variant,strong_form_court,period,3,80,18.000,0.011,0.908,0.513,0.747,0.803,0.456,8.208
high-rights-threat,High rights threat,Higher share of cases with generated rights-risk signals.,dual-cross-checking-courts,Dual supreme courts with cross-checking invalidations,court_variant,strong_form_court,period,4,80,18.000,0.013,0.964,0.511,0.747,0.806,0.456,8.208
high-rights-threat,High rights threat,Higher share of cases with generated rights-risk signals.,constitutional-council,Pre-enactment constitutional council,court_variant,strong_form_court,period,1,80,12.000,0.001,0.670,0.480,0.765,0.797,0.000,0.000
high-rights-threat,High rights threat,Higher share of cases with generated rights-risk signals.,constitutional-council,Pre-enactment constitutional council,court_variant,strong_form_court,period,2,80,12.000,-0.020,0.661,0.481,0.762,0.795,0.717,8.604
high-rights-threat,High rights threat,Higher share of cases with generated rights-risk signals.,constitutional-council,Pre-enactment constitutional council,court_variant,strong_form_court,period,3,80,12.000,0.037,0.713,0.479,0.768,0.792,0.717,8.604
high-rights-threat,High rights threat,Higher share of cases with generated rights-risk signals.,constitutional-council,Pre-enactment constitutional council,court_variant,strong_form_court,period,4,80,12.000,-0.032,0.780,0.477,0.767,0.795,0.717,8.604
high-rights-threat,High rights threat,Higher share of cases with generated rights-risk signals.,legislative-override-court,Judicial review with delayed legislative override,court_variant,strong_form_court,period,1,80,9.000,0.041,1.347,0.597,0.714,0.756,0.000,0.000
high-rights-threat,High rights threat,Higher share of cases with generated rights-risk signals.,legislative-override-court,Judicial review with delayed legislative override,court_variant,strong_form_court,period,2,80,9.000,0.039,1.400,0.599,0.715,0.754,0.384,3.460
high-rights-threat,High rights threat,Higher share of cases with generated rights-risk signals.,legislative-override-court,Judicial review with delayed legislative override,court_variant,strong_form_court,period,3,80,9.000,0.034,1.355,0.600,0.714,0.756,0.384,3.460
high-rights-threat,High rights threat,Higher share of cases with generated rights-risk signals.,legislative-override-court,Judicial review with delayed legislative override,court_variant,strong_form_court,period,4,80,9.000,0.020,1.418,0.597,0.715,0.756,0.384,3.460
high-rights-threat,High rights threat,Higher share of cases with generated rights-risk signals.,accountability-retention-court,Retention-election accountability court,court_variant,strong_form_court,period,1,80,9.000,0.030,1.219,0.586,0.691,0.676,0.000,0.000
high-rights-threat,High rights threat,Higher share of cases with generated rights-risk signals.,accountability-retention-court,Retention-election accountability court,court_variant,strong_form_court,period,2,80,9.000,0.009,1.213,0.590,0.691,0.677,0.929,8.363
high-rights-threat,High rights threat,Higher share of cases with generated rights-risk signals.,accountability-retention-court,Retention-election accountability court,court_variant,strong_form_court,period,3,80,9.000,0.055,1.230,0.587,0.693,0.677,0.929,8.363
high-rights-threat,High rights threat,Higher share of cases with generated rights-risk signals.,accountability-retention-court,Retention-election accountability court,court_variant,strong_form_court,period,4,80,9.000,0.058,1.280,0.587,0.693,0.677,0.929,8.363
high-rights-threat,High rights threat,Higher share of cases with generated rights-risk signals.,independence-accountability-hybrid,Hybrid court balancing independence and accountability,court_variant,strong_form_court,period,1,80,15.000,-0.006,0.802,0.503,0.758,0.801,0.000,0.000
high-rights-threat,High rights threat,Higher share of cases with generated rights-risk signals.,independence-accountability-hybrid,Hybrid court balancing independence and accountability,court_variant,strong_form_court,period,2,80,15.000,-0.029,0.849,0.505,0.757,0.804,0.464,6.966
high-rights-threat,High rights threat,Higher share of cases with generated rights-risk signals.,independence-accountability-hybrid,Hybrid court balancing independence and accountability,court_variant,strong_form_court,period,3,80,15.000,0.015,0.855,0.503,0.755,0.802,0.464,6.966
high-rights-threat,High rights threat,Higher share of cases with generated rights-risk signals.,independence-accountability-hybrid,Hybrid court balancing independence and accountability,court_variant,strong_form_court,period,4,80,15.000,-0.023,0.954,0.502,0.752,0.800,0.464,6.966
high-rights-threat,High rights threat,Higher share of cases with generated rights-risk signals.,weak-form-review,Weak-form review with legislative reply,synthetic_mechanism,weak_form_review,period,1,80,9.000,-0.005,0.817,0.503,0.720,0.786,0.000,0.000
high-rights-threat,High rights threat,Higher share of cases with generated rights-risk signals.,weak-form-review,Weak-form review with legislative reply,synthetic_mechanism,weak_form_review,period,2,80,9.000,0.013,0.816,0.503,0.716,0.785,0.401,3.611
high-rights-threat,High rights threat,Higher share of cases with generated rights-risk signals.,weak-form-review,Weak-form review with legislative reply,synthetic_mechanism,weak_form_review,period,3,80,9.000,-0.017,0.826,0.502,0.714,0.786,0.401,3.611
high-rights-threat,High rights threat,Higher share of cases with generated rights-risk signals.,weak-form-review,Weak-form review with legislative reply,synthetic_mechanism,weak_form_review,period,4,80,9.000,-0.006,0.877,0.499,0.714,0.786,0.401,3.611
high-rights-threat,High rights threat,Higher share of cases with generated rights-risk signals.,suspended-declaration-review,Suspended declarations of invalidity,synthetic_mechanism,suspended_declaration,period,1,80,11.000,0.005,0.760,0.513,0.755,0.780,0.000,0.000
high-rights-threat,High rights threat,Higher share of cases with generated rights-risk signals.,suspended-declaration-review,Suspended declarations of invalidity,synthetic_mechanism,suspended_declaration,period,2,80,11.000,0.030,0.823,0.510,0.751,0.781,0.467,5.139
high-rights-threat,High rights threat,Higher share of cases with generated rights-risk signals.,suspended-declaration-review,Suspended declarations of invalidity,synthetic_mechanism,suspended_declaration,period,3,80,11.000,-0.001,0.888,0.510,0.753,0.779,0.467,5.139
high-rights-threat,High rights threat,Higher share of cases with generated rights-risk signals.,suspended-declaration-review,Suspended declarations of invalidity,synthetic_mechanism,suspended_declaration,period,4,80,11.000,-0.023,0.850,0.515,0.753,0.781,0.467,5.139
high-rights-threat,High rights threat,Higher share of cases with generated rights-risk signals.,override-clause-review,Strong-form review with explicit override clause,synthetic_mechanism,legislative_override_clause,period,1,80,9.000,0.026,1.376,0.585,0.719,0.768,0.000,0.000
high-rights-threat,High rights threat,Higher share of cases with generated rights-risk signals.,override-clause-review,Strong-form review with explicit override clause,synthetic_mechanism,legislative_override_clause,period,2,80,9.000,0.012,1.344,0.587,0.716,0.769,0.393,3.535
high-rights-threat,High rights threat,Higher share of cases with generated rights-risk signals.,override-clause-review,Strong-form review with explicit override clause,synthetic_mechanism,legislative_override_clause,period,3,80,9.000,0.043,1.386,0.585,0.713,0.767,0.393,3.535
high-rights-threat,High rights threat,Higher share of cases with generated rights-risk signals.,override-clause-review,Strong-form review with explicit override clause,synthetic_mechanism,legislative_override_clause,period,4,80,9.000,0.033,1.394,0.586,0.713,0.770,0.393,3.535
high-rights-threat,High rights threat,Higher share of cases with generated rights-risk signals.,pre-enactment-review,Pre-enactment review before laws take effect,synthetic_mechanism,pre_enactment_review,period,1,80,12.000,0.002,0.594,0.474,0.755,0.800,0.000,0.000
high-rights-threat,High rights threat,Higher share of cases with generated rights-risk signals.,pre-enactment-review,Pre-enactment review before laws take effect,synthetic_mechanism,pre_enactment_review,period,2,80,12.000,-0.016,0.654,0.473,0.750,0.799,0.721,8.654
high-rights-threat,High rights threat,Higher share of cases with generated rights-risk signals.,pre-enactment-review,Pre-enactment review before laws take effect,synthetic_mechanism,pre_enactment_review,period,3,80,12.000,-0.038,0.717,0.473,0.749,0.798,0.721,8.654
high-rights-threat,High rights threat,Higher share of cases with generated rights-risk signals.,pre-enactment-review,Pre-enactment review before laws take effect,synthetic_mechanism,pre_enactment_review,period,4,80,12.000,0.011,0.824,0.475,0.748,0.796,0.721,8.654
high-rights-threat,High rights threat,Higher share of cases with generated rights-risk signals.,abstract-review-tribunal,Abstract review tribunal,synthetic_mechanism,abstract_review,period,1,80,15.000,0.006,0.822,0.511,0.764,0.815,0.000,0.000
high-rights-threat,High rights threat,Higher share of cases with generated rights-risk signals.,abstract-review-tribunal,Abstract review tribunal,synthetic_mechanism,abstract_review,period,2,80,15.000,-0.032,0.865,0.511,0.761,0.816,0.450,6.756
high-rights-threat,High rights threat,Higher share of cases with generated rights-risk signals.,abstract-review-tribunal,Abstract review tribunal,synthetic_mechanism,abstract_review,period,3,80,15.000,-0.021,0.876,0.513,0.761,0.816,0.450,6.756
high-rights-threat,High rights threat,Higher share of cases with generated rights-risk signals.,abstract-review-tribunal,Abstract review tribunal,synthetic_mechanism,abstract_review,period,4,80,15.000,0.032,0.923,0.512,0.762,0.814,0.450,6.756
high-rights-threat,High rights threat,Higher share of cases with generated rights-risk signals.,ombudsman-triggered-review,Ombudsman-triggered constitutional review,synthetic_mechanism,ombudsman_triggered_review,period,1,80,11.000,-0.007,0.649,0.493,0.779,0.761,0.000,0.000
high-rights-threat,High rights threat,Higher share of cases with generated rights-risk signals.,ombudsman-triggered-review,Ombudsman-triggered constitutional review,synthetic_mechanism,ombudsman_triggered_review,period,2,80,11.000,-0.018,0.618,0.493,0.779,0.762,0.476,5.232
high-rights-threat,High rights threat,Higher share of cases with generated rights-risk signals.,ombudsman-triggered-review,Ombudsman-triggered constitutional review,synthetic_mechanism,ombudsman_triggered_review,period,3,80,11.000,0.014,0.722,0.495,0.778,0.759,0.476,5.232
high-rights-threat,High rights threat,Higher share of cases with generated rights-risk signals.,ombudsman-triggered-review,Ombudsman-triggered constitutional review,synthetic_mechanism,ombudsman_triggered_review,period,4,80,11.000,-0.001,0.754,0.494,0.777,0.761,0.476,5.232
high-rights-threat,High rights threat,Higher share of cases with generated rights-risk signals.,constitutional-public-defender,Constitutional public defender access model,synthetic_mechanism,constitutional_public_defender,period,1,80,11.000,0.005,0.627,0.500,0.795,0.758,0.000,0.000
high-rights-threat,High rights threat,Higher share of cases with generated rights-risk signals.,constitutional-public-defender,Constitutional public defender access model,synthetic_mechanism,constitutional_public_defender,period,2,80,11.000,0.012,0.641,0.504,0.797,0.754,0.470,5.170
high-rights-threat,High rights threat,Higher share of cases with generated rights-risk signals.,constitutional-public-defender,Constitutional public defender access model,synthetic_mechanism,constitutional_public_defender,period,3,80,11.000,0.020,0.701,0.502,0.794,0.757,0.470,5.170
high-rights-threat,High rights threat,Higher share of cases with generated rights-risk signals.,constitutional-public-defender,Constitutional public defender access model,synthetic_mechanism,constitutional_public_defender,period,4,80,11.000,0.024,0.716,0.503,0.794,0.757,0.470,5.170
high-rights-threat,High rights threat,Higher share of cases with generated rights-risk signals.,rights-impact-statement-review,Rights-impact statements before review,synthetic_mechanism,rights_impact_statement,period,1,80,9.000,0.023,1.531,0.557,0.727,0.775,0.000,0.000
high-rights-threat,High rights threat,Higher share of cases with generated rights-risk signals.,rights-impact-statement-review,Rights-impact statements before review,synthetic_mechanism,rights_impact_statement,period,2,80,9.000,0.018,1.554,0.556,0.727,0.776,0.741,6.667
high-rights-threat,High rights threat,Higher share of cases with generated rights-risk signals.,rights-impact-statement-review,Rights-impact statements before review,synthetic_mechanism,rights_impact_statement,period,3,80,9.000,-0.014,1.590,0.558,0.726,0.775,0.741,6.667
high-rights-threat,High rights threat,Higher share of cases with generated rights-risk signals.,rights-impact-statement-review,Rights-impact statements before review,synthetic_mechanism,rights_impact_statement,period,4,80,9.000,0.070,1.608,0.556,0.728,0.775,0.741,6.667
high-rights-threat,High rights threat,Higher share of cases with generated rights-risk signals.,mandatory-legislative-response,Mandatory legislative response cycles,synthetic_mechanism,mandatory_legislative_response,period,1,80,9.000,-0.010,0.798,0.498,0.734,0.777,0.000,0.000
high-rights-threat,High rights threat,Higher share of cases with generated rights-risk signals.,mandatory-legislative-response,Mandatory legislative response cycles,synthetic_mechanism,mandatory_legislative_response,period,2,80,9.000,0.023,0.805,0.496,0.733,0.776,0.495,4.457
high-rights-threat,High rights threat,Higher share of cases with generated rights-risk signals.,mandatory-legislative-response,Mandatory legislative response cycles,synthetic_mechanism,mandatory_legislative_response,period,3,80,9.000,-0.004,0.854,0.497,0.727,0.774,0.495,4.457
high-rights-threat,High rights threat,Higher share of cases with generated rights-risk signals.,mandatory-legislative-response,Mandatory legislative response cycles,synthetic_mechanism,mandatory_legislative_response,period,4,80,9.000,0.012,0.882,0.497,0.735,0.775,0.495,4.457
high-public-trust,High public trust,High initial trust and lower institutional conflict.,current-federal-court,Current-style federal supreme court,court_variant,strong_form_court,period,1,80,9.000,0.074,1.338,0.638,0.710,0.799,0.000,0.000
high-public-trust,High public trust,High initial trust and lower institutional conflict.,current-federal-court,Current-style federal supreme court,court_variant,strong_form_court,period,2,80,9.000,0.066,1.392,0.636,0.707,0.795,0.145,1.307
high-public-trust,High public trust,High initial trust and lower institutional conflict.,current-federal-court,Current-style federal supreme court,court_variant,strong_form_court,period,3,80,9.000,0.072,1.344,0.636,0.704,0.794,0.145,1.307
high-public-trust,High public trust,High initial trust and lower institutional conflict.,current-federal-court,Current-style federal supreme court,court_variant,strong_form_court,period,4,80,9.000,0.068,1.375,0.638,0.708,0.797,0.145,1.307
high-public-trust,High public trust,High initial trust and lower institutional conflict.,eighteen-year-terms,Staggered 18-year nonrenewable terms,court_variant,strong_form_court,period,1,80,9.000,0.036,1.332,0.619,0.705,0.782,0.000,0.000
high-public-trust,High public trust,High initial trust and lower institutional conflict.,eighteen-year-terms,Staggered 18-year nonrenewable terms,court_variant,strong_form_court,period,2,80,9.000,0.032,1.363,0.619,0.706,0.779,0.362,3.258
high-public-trust,High public trust,High initial trust and lower institutional conflict.,eighteen-year-terms,Staggered 18-year nonrenewable terms,court_variant,strong_form_court,period,3,80,9.000,0.046,1.392,0.618,0.707,0.779,0.362,3.258
high-public-trust,High public trust,High initial trust and lower institutional conflict.,eighteen-year-terms,Staggered 18-year nonrenewable terms,court_variant,strong_form_court,period,4,80,9.000,0.039,1.364,0.621,0.712,0.778,0.362,3.258
high-public-trust,High public trust,High initial trust and lower institutional conflict.,fifteen-justice-commission,Fifteen-justice supermajority commission court,court_variant,strong_form_court,period,1,80,15.000,-0.002,0.812,0.531,0.731,0.777,0.000,0.000
high-public-trust,High public trust,High initial trust and lower institutional conflict.,fifteen-justice-commission,Fifteen-justice supermajority commission court,court_variant,strong_form_court,period,2,80,15.000,-0.001,0.858,0.530,0.732,0.778,0.453,6.798
high-public-trust,High public trust,High initial trust and lower institutional conflict.,fifteen-justice-commission,Fifteen-justice supermajority commission court,court_variant,strong_form_court,period,3,80,15.000,0.016,0.874,0.532,0.734,0.780,0.453,6.798
high-public-trust,High public trust,High initial trust and lower institutional conflict.,fifteen-justice-commission,Fifteen-justice supermajority commission court,court_variant,strong_form_court,period,4,80,15.000,0.023,0.919,0.532,0.732,0.780,0.453,6.798
high-public-trust,High public trust,High initial trust and lower institutional conflict.,supermajority-invalidation,Supermajority required to invalidate laws,court_variant,strong_form_court,period,1,80,9.000,0.064,1.356,0.614,0.699,0.845,0.000,0.000
high-public-trust,High public trust,High initial trust and lower institutional conflict.,supermajority-invalidation,Supermajority required to invalidate laws,court_variant,strong_form_court,period,2,80,9.000,0.037,1.382,0.613,0.698,0.844,0.151,1.357
high-public-trust,High public trust,High initial trust and lower institutional conflict.,supermajority-invalidation,Supermajority required to invalidate laws,court_variant,strong_form_court,period,3,80,9.000,0.066,1.379,0.613,0.694,0.843,0.151,1.357
high-public-trust,High public trust,High initial trust and lower institutional conflict.,supermajority-invalidation,Supermajority required to invalidate laws,court_variant,strong_form_court,period,4,80,9.000,0.046,1.383,0.613,0.700,0.841,0.151,1.357
high-public-trust,High public trust,High initial trust and lower institutional conflict.,strict-recusal-court,Strict recusal with substitute justices,court_variant,strong_form_court,period,1,80,12.000,-0.004,0.829,0.530,0.732,0.767,0.000,0.000
high-public-trust,High public trust,High initial trust and lower institutional conflict.,strict-recusal-court,Strict recusal with substitute justices,court_variant,strong_form_court,period,2,80,12.000,-0.006,0.817,0.530,0.732,0.766,0.459,5.506
high-public-trust,High public trust,High initial trust and lower institutional conflict.,strict-recusal-court,Strict recusal with substitute justices,court_variant,strong_form_court,period,3,80,12.000,0.016,0.852,0.531,0.733,0.767,0.459,5.506
high-public-trust,High public trust,High initial trust and lower institutional conflict.,strict-recusal-court,Strict recusal with substitute justices,court_variant,strong_form_court,period,4,80,12.000,0.006,0.898,0.534,0.732,0.765,0.459,5.506
high-public-trust,High public trust,High initial trust and lower institutional conflict.,reasoned-emergency-review,Reasoned emergency orders with merits follow-up,court_variant,strong_form_court,period,1,80,9.000,0.029,1.317,0.592,0.730,0.800,0.000,0.000
high-public-trust,High public trust,High initial trust and lower institutional conflict.,reasoned-emergency-review,Reasoned emergency orders with merits follow-up,court_variant,strong_form_court,period,2,80,9.000,0.026,1.370,0.593,0.727,0.798,0.362,3.258
high-public-trust,High public trust,High initial trust and lower institutional conflict.,reasoned-emergency-review,Reasoned emergency orders with merits follow-up,court_variant,strong_form_court,period,3,80,9.000,0.029,1.353,0.592,0.730,0.799,0.362,3.258
high-public-trust,High public trust,High initial trust and lower institutional conflict.,reasoned-emergency-review,Reasoned emergency orders with merits follow-up,court_variant,strong_form_court,period,4,80,9.000,-0.000,1.382,0.594,0.728,0.797,0.362,3.258
high-public-trust,High public trust,High initial trust and lower institutional conflict.,panel-en-banc-review,Panel review with en banc safety valve,court_variant,strong_form_court,period,1,80,15.000,-0.004,0.634,0.500,0.738,0.747,0.000,0.000
high-public-trust,High public trust,High initial trust and lower institutional conflict.,panel-en-banc-review,Panel review with en banc safety valve,court_variant,strong_form_court,period,2,80,15.000,0.011,0.679,0.504,0.737,0.747,0.459,6.882
high-public-trust,High public trust,High initial trust and lower institutional conflict.,panel-en-banc-review,Panel review with en banc safety valve,court_variant,strong_form_court,period,3,80,15.000,0.008,0.728,0.504,0.737,0.749,0.459,6.882
high-public-trust,High public trust,High initial trust and lower institutional conflict.,panel-en-banc-review,Panel review with en banc safety valve,court_variant,strong_form_court,period,4,80,15.000,0.035,0.776,0.504,0.734,0.749,0.459,6.882
high-public-trust,High public trust,High initial trust and lower institutional conflict.,dual-cross-checking-courts,Dual supreme courts with cross-checking invalidations,court_variant,strong_form_court,period,1,80,18.000,-0.005,0.818,0.512,0.750,0.805,0.000,0.000
high-public-trust,High public trust,High initial trust and lower institutional conflict.,dual-cross-checking-courts,Dual supreme courts with cross-checking invalidations,court_variant,strong_form_court,period,2,80,18.000,-0.009,0.872,0.511,0.748,0.806,0.456,8.208
high-public-trust,High public trust,High initial trust and lower institutional conflict.,dual-cross-checking-courts,Dual supreme courts with cross-checking invalidations,court_variant,strong_form_court,period,3,80,18.000,0.004,0.934,0.511,0.746,0.805,0.456,8.208
high-public-trust,High public trust,High initial trust and lower institutional conflict.,dual-cross-checking-courts,Dual supreme courts with cross-checking invalidations,court_variant,strong_form_court,period,4,80,18.000,0.013,0.938,0.511,0.746,0.804,0.456,8.208
high-public-trust,High public trust,High initial trust and lower institutional conflict.,constitutional-council,Pre-enactment constitutional council,court_variant,strong_form_court,period,1,80,12.000,-0.002,0.635,0.479,0.768,0.794,0.000,0.000
high-public-trust,High public trust,High initial trust and lower institutional conflict.,constitutional-council,Pre-enactment constitutional council,court_variant,strong_form_court,period,2,80,12.000,0.003,0.690,0.478,0.765,0.792,0.717,8.604
high-public-trust,High public trust,High initial trust and lower institutional conflict.,constitutional-council,Pre-enactment constitutional council,court_variant,strong_form_court,period,3,80,12.000,0.015,0.750,0.479,0.765,0.794,0.717,8.604
high-public-trust,High public trust,High initial trust and lower institutional conflict.,constitutional-council,Pre-enactment constitutional council,court_variant,strong_form_court,period,4,80,12.000,-0.008,0.765,0.478,0.760,0.794,0.717,8.604
high-public-trust,High public trust,High initial trust and lower institutional conflict.,legislative-override-court,Judicial review with delayed legislative override,court_variant,strong_form_court,period,1,80,9.000,0.027,1.297,0.597,0.712,0.757,0.000,0.000
high-public-trust,High public trust,High initial trust and lower institutional conflict.,legislative-override-court,Judicial review with delayed legislative override,court_variant,strong_form_court,period,2,80,9.000,0.025,1.363,0.601,0.716,0.758,0.384,3.460
high-public-trust,High public trust,High initial trust and lower institutional conflict.,legislative-override-court,Judicial review with delayed legislative override,court_variant,strong_form_court,period,3,80,9.000,0.027,1.386,0.597,0.715,0.755,0.384,3.460
high-public-trust,High public trust,High initial trust and lower institutional conflict.,legislative-override-court,Judicial review with delayed legislative override,court_variant,strong_form_court,period,4,80,9.000,0.012,1.382,0.600,0.713,0.753,0.384,3.460
high-public-trust,High public trust,High initial trust and lower institutional conflict.,accountability-retention-court,Retention-election accountability court,court_variant,strong_form_court,period,1,80,9.000,0.029,1.144,0.588,0.695,0.676,0.000,0.000
high-public-trust,High public trust,High initial trust and lower institutional conflict.,accountability-retention-court,Retention-election accountability court,court_variant,strong_form_court,period,2,80,9.000,0.080,1.174,0.588,0.693,0.678,0.929,8.363
high-public-trust,High public trust,High initial trust and lower institutional conflict.,accountability-retention-court,Retention-election accountability court,court_variant,strong_form_court,period,3,80,9.000,-0.011,1.229,0.588,0.690,0.673,0.929,8.363
high-public-trust,High public trust,High initial trust and lower institutional conflict.,accountability-retention-court,Retention-election accountability court,court_variant,strong_form_court,period,4,80,9.000,0.025,1.263,0.590,0.695,0.676,0.929,8.363
high-public-trust,High public trust,High initial trust and lower institutional conflict.,independence-accountability-hybrid,Hybrid court balancing independence and accountability,court_variant,strong_form_court,period,1,80,15.000,-0.004,0.849,0.502,0.756,0.802,0.000,0.000
high-public-trust,High public trust,High initial trust and lower institutional conflict.,independence-accountability-hybrid,Hybrid court balancing independence and accountability,court_variant,strong_form_court,period,2,80,15.000,-0.009,0.832,0.501,0.757,0.802,0.464,6.966
high-public-trust,High public trust,High initial trust and lower institutional conflict.,independence-accountability-hybrid,Hybrid court balancing independence and accountability,court_variant,strong_form_court,period,3,80,15.000,-0.003,0.881,0.503,0.752,0.803,0.464,6.966
high-public-trust,High public trust,High initial trust and lower institutional conflict.,independence-accountability-hybrid,Hybrid court balancing independence and accountability,court_variant,strong_form_court,period,4,80,15.000,0.024,0.938,0.501,0.757,0.802,0.464,6.966
high-public-trust,High public trust,High initial trust and lower institutional conflict.,weak-form-review,Weak-form review with legislative reply,synthetic_mechanism,weak_form_review,period,1,80,9.000,-0.003,0.794,0.500,0.721,0.788,0.000,0.000
high-public-trust,High public trust,High initial trust and lower institutional conflict.,weak-form-review,Weak-form review with legislative reply,synthetic_mechanism,weak_form_review,period,2,80,9.000,0.010,0.808,0.503,0.714,0.786,0.401,3.611
high-public-trust,High public trust,High initial trust and lower institutional conflict.,weak-form-review,Weak-form review with legislative reply,synthetic_mechanism,weak_form_review,period,3,80,9.000,0.007,0.831,0.498,0.716,0.783,0.401,3.611
high-public-trust,High public trust,High initial trust and lower institutional conflict.,weak-form-review,Weak-form review with legislative reply,synthetic_mechanism,weak_form_review,period,4,80,9.000,-0.015,0.856,0.504,0.715,0.785,0.401,3.611
high-public-trust,High public trust,High initial trust and lower institutional conflict.,suspended-declaration-review,Suspended declarations of invalidity,synthetic_mechanism,suspended_declaration,period,1,80,11.000,-0.007,0.803,0.511,0.759,0.780,0.000,0.000
high-public-trust,High public trust,High initial trust and lower institutional conflict.,suspended-declaration-review,Suspended declarations of invalidity,synthetic_mechanism,suspended_declaration,period,2,80,11.000,-0.001,0.833,0.513,0.756,0.779,0.467,5.139
high-public-trust,High public trust,High initial trust and lower institutional conflict.,suspended-declaration-review,Suspended declarations of invalidity,synthetic_mechanism,suspended_declaration,period,3,80,11.000,0.024,0.861,0.514,0.753,0.779,0.467,5.139
high-public-trust,High public trust,High initial trust and lower institutional conflict.,suspended-declaration-review,Suspended declarations of invalidity,synthetic_mechanism,suspended_declaration,period,4,80,11.000,0.008,0.888,0.511,0.753,0.778,0.467,5.139
high-public-trust,High public trust,High initial trust and lower institutional conflict.,override-clause-review,Strong-form review with explicit override clause,synthetic_mechanism,legislative_override_clause,period,1,80,9.000,0.025,1.325,0.585,0.715,0.767,0.000,0.000
high-public-trust,High public trust,High initial trust and lower institutional conflict.,override-clause-review,Strong-form review with explicit override clause,synthetic_mechanism,legislative_override_clause,period,2,80,9.000,0.004,1.383,0.585,0.714,0.768,0.393,3.535
high-public-trust,High public trust,High initial trust and lower institutional conflict.,override-clause-review,Strong-form review with explicit override clause,synthetic_mechanism,legislative_override_clause,period,3,80,9.000,0.025,1.384,0.584,0.714,0.767,0.393,3.535
high-public-trust,High public trust,High initial trust and lower institutional conflict.,override-clause-review,Strong-form review with explicit override clause,synthetic_mechanism,legislative_override_clause,period,4,80,9.000,0.008,1.388,0.586,0.712,0.765,0.393,3.535
high-public-trust,High public trust,High initial trust and lower institutional conflict.,pre-enactment-review,Pre-enactment review before laws take effect,synthetic_mechanism,pre_enactment_review,period,1,80,12.000,-0.002,0.630,0.475,0.751,0.798,0.000,0.000
high-public-trust,High public trust,High initial trust and lower institutional conflict.,pre-enactment-review,Pre-enactment review before laws take effect,synthetic_mechanism,pre_enactment_review,period,2,80,12.000,-0.032,0.678,0.475,0.751,0.796,0.721,8.654
high-public-trust,High public trust,High initial trust and lower institutional conflict.,pre-enactment-review,Pre-enactment review before laws take effect,synthetic_mechanism,pre_enactment_review,period,3,80,12.000,0.001,0.736,0.474,0.748,0.797,0.721,8.654
high-public-trust,High public trust,High initial trust and lower institutional conflict.,pre-enactment-review,Pre-enactment review before laws take effect,synthetic_mechanism,pre_enactment_review,period,4,80,12.000,-0.043,0.809,0.472,0.748,0.800,0.721,8.654
high-public-trust,High public trust,High initial trust and lower institutional conflict.,abstract-review-tribunal,Abstract review tribunal,synthetic_mechanism,abstract_review,period,1,80,15.000,-0.002,0.869,0.513,0.763,0.815,0.000,0.000
high-public-trust,High public trust,High initial trust and lower institutional conflict.,abstract-review-tribunal,Abstract review tribunal,synthetic_mechanism,abstract_review,period,2,80,15.000,0.001,0.868,0.510,0.762,0.814,0.450,6.756
high-public-trust,High public trust,High initial trust and lower institutional conflict.,abstract-review-tribunal,Abstract review tribunal,synthetic_mechanism,abstract_review,period,3,80,15.000,-0.029,0.910,0.512,0.764,0.815,0.450,6.756
high-public-trust,High public trust,High initial trust and lower institutional conflict.,abstract-review-tribunal,Abstract review tribunal,synthetic_mechanism,abstract_review,period,4,80,15.000,0.014,0.950,0.510,0.763,0.814,0.450,6.756
high-public-trust,High public trust,High initial trust and lower institutional conflict.,ombudsman-triggered-review,Ombudsman-triggered constitutional review,synthetic_mechanism,ombudsman_triggered_review,period,1,80,11.000,0.002,0.622,0.491,0.782,0.763,0.000,0.000
high-public-trust,High public trust,High initial trust and lower institutional conflict.,ombudsman-triggered-review,Ombudsman-triggered constitutional review,synthetic_mechanism,ombudsman_triggered_review,period,2,80,11.000,0.001,0.674,0.493,0.781,0.761,0.476,5.232
high-public-trust,High public trust,High initial trust and lower institutional conflict.,ombudsman-triggered-review,Ombudsman-triggered constitutional review,synthetic_mechanism,ombudsman_triggered_review,period,3,80,11.000,-0.028,0.684,0.494,0.784,0.762,0.476,5.232
high-public-trust,High public trust,High initial trust and lower institutional conflict.,ombudsman-triggered-review,Ombudsman-triggered constitutional review,synthetic_mechanism,ombudsman_triggered_review,period,4,80,11.000,0.016,0.692,0.490,0.781,0.761,0.476,5.232
high-public-trust,High public trust,High initial trust and lower institutional conflict.,constitutional-public-defender,Constitutional public defender access model,synthetic_mechanism,constitutional_public_defender,period,1,80,11.000,-0.004,0.647,0.502,0.796,0.758,0.000,0.000
high-public-trust,High public trust,High initial trust and lower institutional conflict.,constitutional-public-defender,Constitutional public defender access model,synthetic_mechanism,constitutional_public_defender,period,2,80,11.000,-0.005,0.662,0.503,0.797,0.756,0.470,5.170
high-public-trust,High public trust,High initial trust and lower institutional conflict.,constitutional-public-defender,Constitutional public defender access model,synthetic_mechanism,constitutional_public_defender,period,3,80,11.000,-0.000,0.667,0.502,0.798,0.758,0.470,5.170
high-public-trust,High public trust,High initial trust and lower institutional conflict.,constitutional-public-defender,Constitutional public defender access model,synthetic_mechanism,constitutional_public_defender,period,4,80,11.000,0.042,0.714,0.501,0.794,0.756,0.470,5.170
high-public-trust,High public trust,High initial trust and lower institutional conflict.,rights-impact-statement-review,Rights-impact statements before review,synthetic_mechanism,rights_impact_statement,period,1,80,9.000,0.026,1.622,0.559,0.726,0.774,0.000,0.000
high-public-trust,High public trust,High initial trust and lower institutional conflict.,rights-impact-statement-review,Rights-impact statements before review,synthetic_mechanism,rights_impact_statement,period,2,80,9.000,-0.012,1.555,0.557,0.729,0.780,0.741,6.667
high-public-trust,High public trust,High initial trust and lower institutional conflict.,rights-impact-statement-review,Rights-impact statements before review,synthetic_mechanism,rights_impact_statement,period,3,80,9.000,-0.021,1.545,0.560,0.727,0.772,0.741,6.667
high-public-trust,High public trust,High initial trust and lower institutional conflict.,rights-impact-statement-review,Rights-impact statements before review,synthetic_mechanism,rights_impact_statement,period,4,80,9.000,0.046,1.580,0.557,0.726,0.778,0.741,6.667
high-public-trust,High public trust,High initial trust and lower institutional conflict.,mandatory-legislative-response,Mandatory legislative response cycles,synthetic_mechanism,mandatory_legislative_response,period,1,80,9.000,-0.003,0.840,0.498,0.734,0.772,0.000,0.000
high-public-trust,High public trust,High initial trust and lower institutional conflict.,mandatory-legislative-response,Mandatory legislative response cycles,synthetic_mechanism,mandatory_legislative_response,period,2,80,9.000,-0.003,0.800,0.494,0.736,0.773,0.495,4.457
high-public-trust,High public trust,High initial trust and lower institutional conflict.,mandatory-legislative-response,Mandatory legislative response cycles,synthetic_mechanism,mandatory_legislative_response,period,3,80,9.000,-0.001,0.833,0.496,0.733,0.777,0.495,4.457
high-public-trust,High public trust,High initial trust and lower institutional conflict.,mandatory-legislative-response,Mandatory legislative response cycles,synthetic_mechanism,mandatory_legislative_response,period,4,80,9.000,0.024,0.838,0.495,0.734,0.771,0.495,4.457
low-public-trust,Low public trust,Low initial trust and higher institutional conflict.,current-federal-court,Current-style federal supreme court,court_variant,strong_form_court,period,1,80,9.000,0.061,1.401,0.637,0.706,0.793,0.000,0.000
low-public-trust,Low public trust,Low initial trust and higher institutional conflict.,current-federal-court,Current-style federal supreme court,court_variant,strong_form_court,period,2,80,9.000,0.076,1.372,0.639,0.705,0.796,0.145,1.307
low-public-trust,Low public trust,Low initial trust and higher institutional conflict.,current-federal-court,Current-style federal supreme court,court_variant,strong_form_court,period,3,80,9.000,0.069,1.385,0.636,0.708,0.797,0.145,1.307
low-public-trust,Low public trust,Low initial trust and higher institutional conflict.,current-federal-court,Current-style federal supreme court,court_variant,strong_form_court,period,4,80,9.000,0.070,1.396,0.636,0.704,0.796,0.145,1.307
low-public-trust,Low public trust,Low initial trust and higher institutional conflict.,eighteen-year-terms,Staggered 18-year nonrenewable terms,court_variant,strong_form_court,period,1,80,9.000,0.044,1.340,0.618,0.708,0.781,0.000,0.000
low-public-trust,Low public trust,Low initial trust and higher institutional conflict.,eighteen-year-terms,Staggered 18-year nonrenewable terms,court_variant,strong_form_court,period,2,80,9.000,0.050,1.380,0.616,0.707,0.779,0.362,3.258
low-public-trust,Low public trust,Low initial trust and higher institutional conflict.,eighteen-year-terms,Staggered 18-year nonrenewable terms,court_variant,strong_form_court,period,3,80,9.000,0.022,1.401,0.616,0.703,0.780,0.362,3.258
low-public-trust,Low public trust,Low initial trust and higher institutional conflict.,eighteen-year-terms,Staggered 18-year nonrenewable terms,court_variant,strong_form_court,period,4,80,9.000,0.049,1.420,0.617,0.706,0.780,0.362,3.258
low-public-trust,Low public trust,Low initial trust and higher institutional conflict.,fifteen-justice-commission,Fifteen-justice supermajority commission court,court_variant,strong_form_court,period,1,80,15.000,-0.001,0.829,0.533,0.733,0.780,0.000,0.000
low-public-trust,Low public trust,Low initial trust and higher institutional conflict.,fifteen-justice-commission,Fifteen-justice supermajority commission court,court_variant,strong_form_court,period,2,80,15.000,0.022,0.876,0.532,0.734,0.779,0.453,6.798
low-public-trust,Low public trust,Low initial trust and higher institutional conflict.,fifteen-justice-commission,Fifteen-justice supermajority commission court,court_variant,strong_form_court,period,3,80,15.000,0.006,0.898,0.531,0.733,0.779,0.453,6.798
low-public-trust,Low public trust,Low initial trust and higher institutional conflict.,fifteen-justice-commission,Fifteen-justice supermajority commission court,court_variant,strong_form_court,period,4,80,15.000,0.022,0.925,0.531,0.731,0.780,0.453,6.798
low-public-trust,Low public trust,Low initial trust and higher institutional conflict.,supermajority-invalidation,Supermajority required to invalidate laws,court_variant,strong_form_court,period,1,80,9.000,0.049,1.355,0.613,0.694,0.844,0.000,0.000
low-public-trust,Low public trust,Low initial trust and higher institutional conflict.,supermajority-invalidation,Supermajority required to invalidate laws,court_variant,strong_form_court,period,2,80,9.000,0.053,1.364,0.615,0.700,0.844,0.151,1.357
low-public-trust,Low public trust,Low initial trust and higher institutional conflict.,supermajority-invalidation,Supermajority required to invalidate laws,court_variant,strong_form_court,period,3,80,9.000,0.057,1.381,0.615,0.699,0.842,0.151,1.357
low-public-trust,Low public trust,Low initial trust and higher institutional conflict.,supermajority-invalidation,Supermajority required to invalidate laws,court_variant,strong_form_court,period,4,80,9.000,0.056,1.378,0.613,0.701,0.845,0.151,1.357
low-public-trust,Low public trust,Low initial trust and higher institutional conflict.,strict-recusal-court,Strict recusal with substitute justices,court_variant,strong_form_court,period,1,80,12.000,-0.002,0.806,0.531,0.733,0.767,0.000,0.000
low-public-trust,Low public trust,Low initial trust and higher institutional conflict.,strict-recusal-court,Strict recusal with substitute justices,court_variant,strong_form_court,period,2,80,12.000,-0.013,0.815,0.531,0.735,0.769,0.459,5.506
low-public-trust,Low public trust,Low initial trust and higher institutional conflict.,strict-recusal-court,Strict recusal with substitute justices,court_variant,strong_form_court,period,3,80,12.000,-0.009,0.864,0.532,0.733,0.769,0.459,5.506
low-public-trust,Low public trust,Low initial trust and higher institutional conflict.,strict-recusal-court,Strict recusal with substitute justices,court_variant,strong_form_court,period,4,80,12.000,0.016,0.926,0.531,0.731,0.766,0.459,5.506
low-public-trust,Low public trust,Low initial trust and higher institutional conflict.,reasoned-emergency-review,Reasoned emergency orders with merits follow-up,court_variant,strong_form_court,period,1,80,9.000,0.034,1.361,0.594,0.735,0.798,0.000,0.000
low-public-trust,Low public trust,Low initial trust and higher institutional conflict.,reasoned-emergency-review,Reasoned emergency orders with merits follow-up,court_variant,strong_form_court,period,2,80,9.000,0.038,1.362,0.596,0.729,0.800,0.362,3.258
low-public-trust,Low public trust,Low initial trust and higher institutional conflict.,reasoned-emergency-review,Reasoned emergency orders with merits follow-up,court_variant,strong_form_court,period,3,80,9.000,0.061,1.384,0.593,0.729,0.801,0.362,3.258
low-public-trust,Low public trust,Low initial trust and higher institutional conflict.,reasoned-emergency-review,Reasoned emergency orders with merits follow-up,court_variant,strong_form_court,period,4,80,9.000,0.038,1.382,0.596,0.731,0.798,0.362,3.258
low-public-trust,Low public trust,Low initial trust and higher institutional conflict.,panel-en-banc-review,Panel review with en banc safety valve,court_variant,strong_form_court,period,1,80,15.000,-0.009,0.663,0.503,0.737,0.748,0.000,0.000
low-public-trust,Low public trust,Low initial trust and higher institutional conflict.,panel-en-banc-review,Panel review with en banc safety valve,court_variant,strong_form_court,period,2,80,15.000,-0.018,0.680,0.503,0.735,0.750,0.459,6.882
low-public-trust,Low public trust,Low initial trust and higher institutional conflict.,panel-en-banc-review,Panel review with en banc safety valve,court_variant,strong_form_court,period,3,80,15.000,0.012,0.719,0.505,0.735,0.746,0.459,6.882
low-public-trust,Low public trust,Low initial trust and higher institutional conflict.,panel-en-banc-review,Panel review with en banc safety valve,court_variant,strong_form_court,period,4,80,15.000,-0.028,0.760,0.502,0.733,0.750,0.459,6.882
low-public-trust,Low public trust,Low initial trust and higher institutional conflict.,dual-cross-checking-courts,Dual supreme courts with cross-checking invalidations,court_variant,strong_form_court,period,1,80,18.000,0.001,0.872,0.511,0.746,0.805,0.000,0.000
low-public-trust,Low public trust,Low initial trust and higher institutional conflict.,dual-cross-checking-courts,Dual supreme courts with cross-checking invalidations,court_variant,strong_form_court,period,2,80,18.000,0.034,0.843,0.513,0.748,0.806,0.456,8.208
low-public-trust,Low public trust,Low initial trust and higher institutional conflict.,dual-cross-checking-courts,Dual supreme courts with cross-checking invalidations,court_variant,strong_form_court,period,3,80,18.000,-0.020,0.917,0.511,0.748,0.803,0.456,8.208
low-public-trust,Low public trust,Low initial trust and higher institutional conflict.,dual-cross-checking-courts,Dual supreme courts with cross-checking invalidations,court_variant,strong_form_court,period,4,80,18.000,0.003,0.953,0.511,0.746,0.803,0.456,8.208
low-public-trust,Low public trust,Low initial trust and higher institutional conflict.,constitutional-council,Pre-enactment constitutional council,court_variant,strong_form_court,period,1,80,12.000,0.003,0.594,0.476,0.765,0.794,0.000,0.000
low-public-trust,Low public trust,Low initial trust and higher institutional conflict.,constitutional-council,Pre-enactment constitutional council,court_variant,strong_form_court,period,2,80,12.000,0.020,0.700,0.480,0.763,0.796,0.717,8.604
low-public-trust,Low public trust,Low initial trust and higher institutional conflict.,constitutional-council,Pre-enactment constitutional council,court_variant,strong_form_court,period,3,80,12.000,-0.029,0.736,0.479,0.764,0.794,0.717,8.604
low-public-trust,Low public trust,Low initial trust and higher institutional conflict.,constitutional-council,Pre-enactment constitutional council,court_variant,strong_form_court,period,4,80,12.000,0.011,0.813,0.479,0.764,0.791,0.717,8.604
low-public-trust,Low public trust,Low initial trust and higher institutional conflict.,legislative-override-court,Judicial review with delayed legislative override,court_variant,strong_form_court,period,1,80,9.000,0.034,1.400,0.599,0.715,0.754,0.000,0.000
low-public-trust,Low public trust,Low initial trust and higher institutional conflict.,legislative-override-court,Judicial review with delayed legislative override,court_variant,strong_form_court,period,2,80,9.000,0.063,1.371,0.599,0.713,0.756,0.384,3.460
low-public-trust,Low public trust,Low initial trust and higher institutional conflict.,legislative-override-court,Judicial review with delayed legislative override,court_variant,strong_form_court,period,3,80,9.000,0.039,1.386,0.599,0.714,0.757,0.384,3.460
low-public-trust,Low public trust,Low initial trust and higher institutional conflict.,legislative-override-court,Judicial review with delayed legislative override,court_variant,strong_form_court,period,4,80,9.000,0.053,1.435,0.599,0.713,0.754,0.384,3.460
low-public-trust,Low public trust,Low initial trust and higher institutional conflict.,accountability-retention-court,Retention-election accountability court,court_variant,strong_form_court,period,1,80,9.000,0.024,1.103,0.588,0.696,0.676,0.000,0.000
low-public-trust,Low public trust,Low initial trust and higher institutional conflict.,accountability-retention-court,Retention-election accountability court,court_variant,strong_form_court,period,2,80,9.000,0.047,1.177,0.588,0.697,0.676,0.929,8.363
low-public-trust,Low public trust,Low initial trust and higher institutional conflict.,accountability-retention-court,Retention-election accountability court,court_variant,strong_form_court,period,3,80,9.000,-0.005,1.182,0.591,0.694,0.674,0.929,8.363
low-public-trust,Low public trust,Low initial trust and higher institutional conflict.,accountability-retention-court,Retention-election accountability court,court_variant,strong_form_court,period,4,80,9.000,-0.002,1.266,0.586,0.693,0.672,0.929,8.363
low-public-trust,Low public trust,Low initial trust and higher institutional conflict.,independence-accountability-hybrid,Hybrid court balancing independence and accountability,court_variant,strong_form_court,period,1,80,15.000,0.006,0.871,0.504,0.754,0.802,0.000,0.000
low-public-trust,Low public trust,Low initial trust and higher institutional conflict.,independence-accountability-hybrid,Hybrid court balancing independence and accountability,court_variant,strong_form_court,period,2,80,15.000,0.022,0.850,0.501,0.754,0.804,0.464,6.966
low-public-trust,Low public trust,Low initial trust and higher institutional conflict.,independence-accountability-hybrid,Hybrid court balancing independence and accountability,court_variant,strong_form_court,period,3,80,15.000,-0.021,0.890,0.503,0.754,0.803,0.464,6.966
low-public-trust,Low public trust,Low initial trust and higher institutional conflict.,independence-accountability-hybrid,Hybrid court balancing independence and accountability,court_variant,strong_form_court,period,4,80,15.000,0.003,0.985,0.499,0.754,0.801,0.464,6.966
low-public-trust,Low public trust,Low initial trust and higher institutional conflict.,weak-form-review,Weak-form review with legislative reply,synthetic_mechanism,weak_form_review,period,1,80,9.000,0.008,0.789,0.501,0.716,0.783,0.000,0.000
low-public-trust,Low public trust,Low initial trust and higher institutional conflict.,weak-form-review,Weak-form review with legislative reply,synthetic_mechanism,weak_form_review,period,2,80,9.000,-0.022,0.782,0.502,0.722,0.785,0.401,3.611
low-public-trust,Low public trust,Low initial trust and higher institutional conflict.,weak-form-review,Weak-form review with legislative reply,synthetic_mechanism,weak_form_review,period,3,80,9.000,0.013,0.831,0.505,0.718,0.786,0.401,3.611
low-public-trust,Low public trust,Low initial trust and higher institutional conflict.,weak-form-review,Weak-form review with legislative reply,synthetic_mechanism,weak_form_review,period,4,80,9.000,-0.008,0.878,0.503,0.720,0.786,0.401,3.611
low-public-trust,Low public trust,Low initial trust and higher institutional conflict.,suspended-declaration-review,Suspended declarations of invalidity,synthetic_mechanism,suspended_declaration,period,1,80,11.000,-0.001,0.883,0.510,0.759,0.781,0.000,0.000
low-public-trust,Low public trust,Low initial trust and higher institutional conflict.,suspended-declaration-review,Suspended declarations of invalidity,synthetic_mechanism,suspended_declaration,period,2,80,11.000,-0.007,0.827,0.513,0.757,0.778,0.467,5.139
low-public-trust,Low public trust,Low initial trust and higher institutional conflict.,suspended-declaration-review,Suspended declarations of invalidity,synthetic_mechanism,suspended_declaration,period,3,80,11.000,-0.006,0.831,0.509,0.755,0.779,0.467,5.139
low-public-trust,Low public trust,Low initial trust and higher institutional conflict.,suspended-declaration-review,Suspended declarations of invalidity,synthetic_mechanism,suspended_declaration,period,4,80,11.000,0.014,0.879,0.512,0.751,0.780,0.467,5.139
low-public-trust,Low public trust,Low initial trust and higher institutional conflict.,override-clause-review,Strong-form review with explicit override clause,synthetic_mechanism,legislative_override_clause,period,1,80,9.000,0.024,1.407,0.585,0.711,0.769,0.000,0.000
low-public-trust,Low public trust,Low initial trust and higher institutional conflict.,override-clause-review,Strong-form review with explicit override clause,synthetic_mechanism,legislative_override_clause,period,2,80,9.000,0.029,1.365,0.586,0.714,0.769,0.393,3.535
low-public-trust,Low public trust,Low initial trust and higher institutional conflict.,override-clause-review,Strong-form review with explicit override clause,synthetic_mechanism,legislative_override_clause,period,3,80,9.000,0.011,1.383,0.586,0.714,0.768,0.393,3.535
low-public-trust,Low public trust,Low initial trust and higher institutional conflict.,override-clause-review,Strong-form review with explicit override clause,synthetic_mechanism,legislative_override_clause,period,4,80,9.000,0.013,1.400,0.584,0.718,0.765,0.393,3.535
low-public-trust,Low public trust,Low initial trust and higher institutional conflict.,pre-enactment-review,Pre-enactment review before laws take effect,synthetic_mechanism,pre_enactment_review,period,1,80,12.000,-0.003,0.642,0.472,0.751,0.798,0.000,0.000
low-public-trust,Low public trust,Low initial trust and higher institutional conflict.,pre-enactment-review,Pre-enactment review before laws take effect,synthetic_mechanism,pre_enactment_review,period,2,80,12.000,0.003,0.704,0.475,0.753,0.800,0.721,8.654
low-public-trust,Low public trust,Low initial trust and higher institutional conflict.,pre-enactment-review,Pre-enactment review before laws take effect,synthetic_mechanism,pre_enactment_review,period,3,80,12.000,0.038,0.716,0.474,0.752,0.798,0.721,8.654
low-public-trust,Low public trust,Low initial trust and higher institutional conflict.,pre-enactment-review,Pre-enactment review before laws take effect,synthetic_mechanism,pre_enactment_review,period,4,80,12.000,0.027,0.762,0.474,0.749,0.798,0.721,8.654
low-public-trust,Low public trust,Low initial trust and higher institutional conflict.,abstract-review-tribunal,Abstract review tribunal,synthetic_mechanism,abstract_review,period,1,80,15.000,0.003,0.841,0.511,0.763,0.815,0.000,0.000
low-public-trust,Low public trust,Low initial trust and higher institutional conflict.,abstract-review-tribunal,Abstract review tribunal,synthetic_mechanism,abstract_review,period,2,80,15.000,0.018,0.845,0.512,0.761,0.814,0.450,6.756
low-public-trust,Low public trust,Low initial trust and higher institutional conflict.,abstract-review-tribunal,Abstract review tribunal,synthetic_mechanism,abstract_review,period,3,80,15.000,0.021,0.894,0.512,0.764,0.816,0.450,6.756
low-public-trust,Low public trust,Low initial trust and higher institutional conflict.,abstract-review-tribunal,Abstract review tribunal,synthetic_mechanism,abstract_review,period,4,80,15.000,-0.015,0.928,0.511,0.760,0.816,0.450,6.756
low-public-trust,Low public trust,Low initial trust and higher institutional conflict.,ombudsman-triggered-review,Ombudsman-triggered constitutional review,synthetic_mechanism,ombudsman_triggered_review,period,1,80,11.000,-0.001,0.605,0.493,0.780,0.760,0.000,0.000
low-public-trust,Low public trust,Low initial trust and higher institutional conflict.,ombudsman-triggered-review,Ombudsman-triggered constitutional review,synthetic_mechanism,ombudsman_triggered_review,period,2,80,11.000,0.032,0.635,0.492,0.778,0.761,0.476,5.232
low-public-trust,Low public trust,Low initial trust and higher institutional conflict.,ombudsman-triggered-review,Ombudsman-triggered constitutional review,synthetic_mechanism,ombudsman_triggered_review,period,3,80,11.000,-0.014,0.679,0.494,0.780,0.761,0.476,5.232
low-public-trust,Low public trust,Low initial trust and higher institutional conflict.,ombudsman-triggered-review,Ombudsman-triggered constitutional review,synthetic_mechanism,ombudsman_triggered_review,period,4,80,11.000,-0.002,0.705,0.495,0.781,0.762,0.476,5.232
low-public-trust,Low public trust,Low initial trust and higher institutional conflict.,constitutional-public-defender,Constitutional public defender access model,synthetic_mechanism,constitutional_public_defender,period,1,80,11.000,-0.004,0.571,0.501,0.797,0.757,0.000,0.000
low-public-trust,Low public trust,Low initial trust and higher institutional conflict.,constitutional-public-defender,Constitutional public defender access model,synthetic_mechanism,constitutional_public_defender,period,2,80,11.000,-0.011,0.634,0.503,0.799,0.757,0.470,5.170
low-public-trust,Low public trust,Low initial trust and higher institutional conflict.,constitutional-public-defender,Constitutional public defender access model,synthetic_mechanism,constitutional_public_defender,period,3,80,11.000,-0.008,0.690,0.503,0.797,0.755,0.470,5.170
low-public-trust,Low public trust,Low initial trust and higher institutional conflict.,constitutional-public-defender,Constitutional public defender access model,synthetic_mechanism,constitutional_public_defender,period,4,80,11.000,0.005,0.762,0.503,0.796,0.756,0.470,5.170
low-public-trust,Low public trust,Low initial trust and higher institutional conflict.,rights-impact-statement-review,Rights-impact statements before review,synthetic_mechanism,rights_impact_statement,period,1,80,9.000,0.004,1.533,0.560,0.724,0.774,0.000,0.000
low-public-trust,Low public trust,Low initial trust and higher institutional conflict.,rights-impact-statement-review,Rights-impact statements before review,synthetic_mechanism,rights_impact_statement,period,2,80,9.000,0.016,1.563,0.558,0.725,0.775,0.741,6.667
low-public-trust,Low public trust,Low initial trust and higher institutional conflict.,rights-impact-statement-review,Rights-impact statements before review,synthetic_mechanism,rights_impact_statement,period,3,80,9.000,0.030,1.574,0.557,0.729,0.776,0.741,6.667
low-public-trust,Low public trust,Low initial trust and higher institutional conflict.,rights-impact-statement-review,Rights-impact statements before review,synthetic_mechanism,rights_impact_statement,period,4,80,9.000,-0.008,1.609,0.557,0.727,0.772,0.741,6.667
low-public-trust,Low public trust,Low initial trust and higher institutional conflict.,mandatory-legislative-response,Mandatory legislative response cycles,synthetic_mechanism,mandatory_legislative_response,period,1,80,9.000,-0.001,0.761,0.498,0.731,0.772,0.000,0.000
low-public-trust,Low public trust,Low initial trust and higher institutional conflict.,mandatory-legislative-response,Mandatory legislative response cycles,synthetic_mechanism,mandatory_legislative_response,period,2,80,9.000,-0.021,0.803,0.497,0.733,0.774,0.495,4.457
low-public-trust,Low public trust,Low initial trust and higher institutional conflict.,mandatory-legislative-response,Mandatory legislative response cycles,synthetic_mechanism,mandatory_legislative_response,period,3,80,9.000,0.015,0.787,0.497,0.734,0.770,0.495,4.457
low-public-trust,Low public trust,Low initial trust and higher institutional conflict.,mandatory-legislative-response,Mandatory legislative response cycles,synthetic_mechanism,mandatory_legislative_response,period,4,80,9.000,-0.015,0.881,0.498,0.731,0.773,0.495,4.457
low-legislative-conflict,Low legislative conflict,Lower legislature-court conflict pressure.,current-federal-court,Current-style federal supreme court,court_variant,strong_form_court,period,1,80,9.000,0.057,1.410,0.639,0.707,0.799,0.000,0.000
low-legislative-conflict,Low legislative conflict,Lower legislature-court conflict pressure.,current-federal-court,Current-style federal supreme court,court_variant,strong_form_court,period,2,80,9.000,0.080,1.352,0.636,0.712,0.796,0.145,1.307
low-legislative-conflict,Low legislative conflict,Lower legislature-court conflict pressure.,current-federal-court,Current-style federal supreme court,court_variant,strong_form_court,period,3,80,9.000,0.069,1.397,0.639,0.706,0.798,0.145,1.307
low-legislative-conflict,Low legislative conflict,Lower legislature-court conflict pressure.,current-federal-court,Current-style federal supreme court,court_variant,strong_form_court,period,4,80,9.000,0.061,1.387,0.638,0.706,0.797,0.145,1.307
low-legislative-conflict,Low legislative conflict,Lower legislature-court conflict pressure.,eighteen-year-terms,Staggered 18-year nonrenewable terms,court_variant,strong_form_court,period,1,80,9.000,0.023,1.353,0.618,0.704,0.779,0.000,0.000
low-legislative-conflict,Low legislative conflict,Lower legislature-court conflict pressure.,eighteen-year-terms,Staggered 18-year nonrenewable terms,court_variant,strong_form_court,period,2,80,9.000,0.045,1.386,0.618,0.706,0.781,0.362,3.258
low-legislative-conflict,Low legislative conflict,Lower legislature-court conflict pressure.,eighteen-year-terms,Staggered 18-year nonrenewable terms,court_variant,strong_form_court,period,3,80,9.000,0.039,1.406,0.621,0.706,0.784,0.362,3.258
low-legislative-conflict,Low legislative conflict,Lower legislature-court conflict pressure.,eighteen-year-terms,Staggered 18-year nonrenewable terms,court_variant,strong_form_court,period,4,80,9.000,0.056,1.415,0.620,0.706,0.777,0.362,3.258
low-legislative-conflict,Low legislative conflict,Lower legislature-court conflict pressure.,fifteen-justice-commission,Fifteen-justice supermajority commission court,court_variant,strong_form_court,period,1,80,15.000,0.001,0.854,0.532,0.733,0.780,0.000,0.000
low-legislative-conflict,Low legislative conflict,Lower legislature-court conflict pressure.,fifteen-justice-commission,Fifteen-justice supermajority commission court,court_variant,strong_form_court,period,2,80,15.000,0.017,0.833,0.531,0.730,0.779,0.453,6.798
low-legislative-conflict,Low legislative conflict,Lower legislature-court conflict pressure.,fifteen-justice-commission,Fifteen-justice supermajority commission court,court_variant,strong_form_court,period,3,80,15.000,0.002,0.917,0.530,0.734,0.779,0.453,6.798
low-legislative-conflict,Low legislative conflict,Lower legislature-court conflict pressure.,fifteen-justice-commission,Fifteen-justice supermajority commission court,court_variant,strong_form_court,period,4,80,15.000,0.019,0.902,0.531,0.734,0.781,0.453,6.798
low-legislative-conflict,Low legislative conflict,Lower legislature-court conflict pressure.,supermajority-invalidation,Supermajority required to invalidate laws,court_variant,strong_form_court,period,1,80,9.000,0.054,1.357,0.615,0.699,0.844,0.000,0.000
low-legislative-conflict,Low legislative conflict,Lower legislature-court conflict pressure.,supermajority-invalidation,Supermajority required to invalidate laws,court_variant,strong_form_court,period,2,80,9.000,0.073,1.391,0.612,0.698,0.845,0.151,1.357
low-legislative-conflict,Low legislative conflict,Lower legislature-court conflict pressure.,supermajority-invalidation,Supermajority required to invalidate laws,court_variant,strong_form_court,period,3,80,9.000,0.060,1.385,0.612,0.701,0.841,0.151,1.357
low-legislative-conflict,Low legislative conflict,Lower legislature-court conflict pressure.,supermajority-invalidation,Supermajority required to invalidate laws,court_variant,strong_form_court,period,4,80,9.000,0.048,1.398,0.614,0.701,0.842,0.151,1.357
low-legislative-conflict,Low legislative conflict,Lower legislature-court conflict pressure.,strict-recusal-court,Strict recusal with substitute justices,court_variant,strong_form_court,period,1,80,12.000,-0.000,0.788,0.530,0.734,0.768,0.000,0.000
low-legislative-conflict,Low legislative conflict,Lower legislature-court conflict pressure.,strict-recusal-court,Strict recusal with substitute justices,court_variant,strong_form_court,period,2,80,12.000,-0.014,0.825,0.532,0.732,0.767,0.459,5.506
low-legislative-conflict,Low legislative conflict,Lower legislature-court conflict pressure.,strict-recusal-court,Strict recusal with substitute justices,court_variant,strong_form_court,period,3,80,12.000,-0.011,0.856,0.530,0.731,0.768,0.459,5.506
low-legislative-conflict,Low legislative conflict,Lower legislature-court conflict pressure.,strict-recusal-court,Strict recusal with substitute justices,court_variant,strong_form_court,period,4,80,12.000,0.014,0.896,0.533,0.729,0.766,0.459,5.506
low-legislative-conflict,Low legislative conflict,Lower legislature-court conflict pressure.,reasoned-emergency-review,Reasoned emergency orders with merits follow-up,court_variant,strong_form_court,period,1,80,9.000,0.024,1.371,0.591,0.730,0.798,0.000,0.000
low-legislative-conflict,Low legislative conflict,Lower legislature-court conflict pressure.,reasoned-emergency-review,Reasoned emergency orders with merits follow-up,court_variant,strong_form_court,period,2,80,9.000,0.004,1.385,0.596,0.729,0.800,0.362,3.258
low-legislative-conflict,Low legislative conflict,Lower legislature-court conflict pressure.,reasoned-emergency-review,Reasoned emergency orders with merits follow-up,court_variant,strong_form_court,period,3,80,9.000,0.027,1.403,0.595,0.729,0.799,0.362,3.258
low-legislative-conflict,Low legislative conflict,Lower legislature-court conflict pressure.,reasoned-emergency-review,Reasoned emergency orders with merits follow-up,court_variant,strong_form_court,period,4,80,9.000,0.033,1.389,0.595,0.729,0.799,0.362,3.258
low-legislative-conflict,Low legislative conflict,Lower legislature-court conflict pressure.,panel-en-banc-review,Panel review with en banc safety valve,court_variant,strong_form_court,period,1,80,15.000,0.003,0.649,0.503,0.736,0.749,0.000,0.000
low-legislative-conflict,Low legislative conflict,Lower legislature-court conflict pressure.,panel-en-banc-review,Panel review with en banc safety valve,court_variant,strong_form_court,period,2,80,15.000,-0.022,0.659,0.502,0.735,0.751,0.459,6.882
low-legislative-conflict,Low legislative conflict,Lower legislature-court conflict pressure.,panel-en-banc-review,Panel review with en banc safety valve,court_variant,strong_form_court,period,3,80,15.000,0.019,0.711,0.503,0.736,0.748,0.459,6.882
low-legislative-conflict,Low legislative conflict,Lower legislature-court conflict pressure.,panel-en-banc-review,Panel review with en banc safety valve,court_variant,strong_form_court,period,4,80,15.000,-0.021,0.774,0.502,0.737,0.749,0.459,6.882
low-legislative-conflict,Low legislative conflict,Lower legislature-court conflict pressure.,dual-cross-checking-courts,Dual supreme courts with cross-checking invalidations,court_variant,strong_form_court,period,1,80,18.000,-0.003,0.874,0.510,0.749,0.802,0.000,0.000
low-legislative-conflict,Low legislative conflict,Lower legislature-court conflict pressure.,dual-cross-checking-courts,Dual supreme courts with cross-checking invalidations,court_variant,strong_form_court,period,2,80,18.000,0.001,0.901,0.512,0.751,0.806,0.456,8.208
low-legislative-conflict,Low legislative conflict,Lower legislature-court conflict pressure.,dual-cross-checking-courts,Dual supreme courts with cross-checking invalidations,court_variant,strong_form_court,period,3,80,18.000,0.001,0.883,0.512,0.748,0.804,0.456,8.208
low-legislative-conflict,Low legislative conflict,Lower legislature-court conflict pressure.,dual-cross-checking-courts,Dual supreme courts with cross-checking invalidations,court_variant,strong_form_court,period,4,80,18.000,-0.001,0.925,0.511,0.748,0.804,0.456,8.208
low-legislative-conflict,Low legislative conflict,Lower legislature-court conflict pressure.,constitutional-council,Pre-enactment constitutional council,court_variant,strong_form_court,period,1,80,12.000,0.002,0.606,0.477,0.765,0.795,0.000,0.000
low-legislative-conflict,Low legislative conflict,Lower legislature-court conflict pressure.,constitutional-council,Pre-enactment constitutional council,court_variant,strong_form_court,period,2,80,12.000,0.024,0.677,0.480,0.766,0.793,0.717,8.604
low-legislative-conflict,Low legislative conflict,Lower legislature-court conflict pressure.,constitutional-council,Pre-enactment constitutional council,court_variant,strong_form_court,period,3,80,12.000,-0.013,0.690,0.477,0.768,0.797,0.717,8.604
low-legislative-conflict,Low legislative conflict,Lower legislature-court conflict pressure.,constitutional-council,Pre-enactment constitutional council,court_variant,strong_form_court,period,4,80,12.000,0.031,0.783,0.482,0.763,0.796,0.717,8.604
low-legislative-conflict,Low legislative conflict,Lower legislature-court conflict pressure.,legislative-override-court,Judicial review with delayed legislative override,court_variant,strong_form_court,period,1,80,9.000,0.039,1.438,0.598,0.716,0.756,0.000,0.000
low-legislative-conflict,Low legislative conflict,Lower legislature-court conflict pressure.,legislative-override-court,Judicial review with delayed legislative override,court_variant,strong_form_court,period,2,80,9.000,0.018,1.389,0.598,0.714,0.752,0.384,3.460
low-legislative-conflict,Low legislative conflict,Lower legislature-court conflict pressure.,legislative-override-court,Judicial review with delayed legislative override,court_variant,strong_form_court,period,3,80,9.000,0.039,1.395,0.595,0.712,0.755,0.384,3.460
low-legislative-conflict,Low legislative conflict,Lower legislature-court conflict pressure.,legislative-override-court,Judicial review with delayed legislative override,court_variant,strong_form_court,period,4,80,9.000,0.056,1.436,0.599,0.711,0.754,0.384,3.460
low-legislative-conflict,Low legislative conflict,Lower legislature-court conflict pressure.,accountability-retention-court,Retention-election accountability court,court_variant,strong_form_court,period,1,80,9.000,0.025,1.148,0.588,0.693,0.674,0.000,0.000
low-legislative-conflict,Low legislative conflict,Lower legislature-court conflict pressure.,accountability-retention-court,Retention-election accountability court,court_variant,strong_form_court,period,2,80,9.000,-0.000,1.160,0.589,0.698,0.679,0.929,8.363
low-legislative-conflict,Low legislative conflict,Lower legislature-court conflict pressure.,accountability-retention-court,Retention-election accountability court,court_variant,strong_form_court,period,3,80,9.000,0.003,1.225,0.586,0.692,0.678,0.929,8.363
low-legislative-conflict,Low legislative conflict,Lower legislature-court conflict pressure.,accountability-retention-court,Retention-election accountability court,court_variant,strong_form_court,period,4,80,9.000,-0.027,1.277,0.587,0.694,0.678,0.929,8.363
low-legislative-conflict,Low legislative conflict,Lower legislature-court conflict pressure.,independence-accountability-hybrid,Hybrid court balancing independence and accountability,court_variant,strong_form_court,period,1,80,15.000,-0.002,0.838,0.503,0.758,0.803,0.000,0.000
low-legislative-conflict,Low legislative conflict,Lower legislature-court conflict pressure.,independence-accountability-hybrid,Hybrid court balancing independence and accountability,court_variant,strong_form_court,period,2,80,15.000,0.021,0.863,0.503,0.755,0.802,0.464,6.966
low-legislative-conflict,Low legislative conflict,Lower legislature-court conflict pressure.,independence-accountability-hybrid,Hybrid court balancing independence and accountability,court_variant,strong_form_court,period,3,80,15.000,-0.034,0.888,0.501,0.757,0.802,0.464,6.966
low-legislative-conflict,Low legislative conflict,Lower legislature-court conflict pressure.,independence-accountability-hybrid,Hybrid court balancing independence and accountability,court_variant,strong_form_court,period,4,80,15.000,0.014,0.959,0.502,0.757,0.800,0.464,6.966
low-legislative-conflict,Low legislative conflict,Lower legislature-court conflict pressure.,weak-form-review,Weak-form review with legislative reply,synthetic_mechanism,weak_form_review,period,1,80,9.000,0.000,0.817,0.502,0.718,0.788,0.000,0.000
low-legislative-conflict,Low legislative conflict,Lower legislature-court conflict pressure.,weak-form-review,Weak-form review with legislative reply,synthetic_mechanism,weak_form_review,period,2,80,9.000,0.000,0.818,0.505,0.716,0.791,0.401,3.611
low-legislative-conflict,Low legislative conflict,Lower legislature-court conflict pressure.,weak-form-review,Weak-form review with legislative reply,synthetic_mechanism,weak_form_review,period,3,80,9.000,0.023,0.850,0.501,0.715,0.785,0.401,3.611
low-legislative-conflict,Low legislative conflict,Lower legislature-court conflict pressure.,weak-form-review,Weak-form review with legislative reply,synthetic_mechanism,weak_form_review,period,4,80,9.000,-0.030,0.856,0.502,0.718,0.787,0.401,3.611
low-legislative-conflict,Low legislative conflict,Lower legislature-court conflict pressure.,suspended-declaration-review,Suspended declarations of invalidity,synthetic_mechanism,suspended_declaration,period,1,80,11.000,0.008,0.826,0.512,0.754,0.782,0.000,0.000
low-legislative-conflict,Low legislative conflict,Lower legislature-court conflict pressure.,suspended-declaration-review,Suspended declarations of invalidity,synthetic_mechanism,suspended_declaration,period,2,80,11.000,0.016,0.820,0.509,0.750,0.781,0.467,5.139
low-legislative-conflict,Low legislative conflict,Lower legislature-court conflict pressure.,suspended-declaration-review,Suspended declarations of invalidity,synthetic_mechanism,suspended_declaration,period,3,80,11.000,0.002,0.840,0.512,0.755,0.780,0.467,5.139
low-legislative-conflict,Low legislative conflict,Lower legislature-court conflict pressure.,suspended-declaration-review,Suspended declarations of invalidity,synthetic_mechanism,suspended_declaration,period,4,80,11.000,-0.025,0.895,0.511,0.756,0.781,0.467,5.139
low-legislative-conflict,Low legislative conflict,Lower legislature-court conflict pressure.,override-clause-review,Strong-form review with explicit override clause,synthetic_mechanism,legislative_override_clause,period,1,80,9.000,0.041,1.430,0.585,0.713,0.768,0.000,0.000
low-legislative-conflict,Low legislative conflict,Lower legislature-court conflict pressure.,override-clause-review,Strong-form review with explicit override clause,synthetic_mechanism,legislative_override_clause,period,2,80,9.000,0.036,1.371,0.585,0.716,0.768,0.393,3.535
low-legislative-conflict,Low legislative conflict,Lower legislature-court conflict pressure.,override-clause-review,Strong-form review with explicit override clause,synthetic_mechanism,legislative_override_clause,period,3,80,9.000,0.037,1.409,0.584,0.716,0.768,0.393,3.535
low-legislative-conflict,Low legislative conflict,Lower legislature-court conflict pressure.,override-clause-review,Strong-form review with explicit override clause,synthetic_mechanism,legislative_override_clause,period,4,80,9.000,0.011,1.391,0.585,0.715,0.770,0.393,3.535
low-legislative-conflict,Low legislative conflict,Lower legislature-court conflict pressure.,pre-enactment-review,Pre-enactment review before laws take effect,synthetic_mechanism,pre_enactment_review,period,1,80,12.000,-0.004,0.631,0.475,0.751,0.798,0.000,0.000
low-legislative-conflict,Low legislative conflict,Lower legislature-court conflict pressure.,pre-enactment-review,Pre-enactment review before laws take effect,synthetic_mechanism,pre_enactment_review,period,2,80,12.000,0.019,0.672,0.474,0.751,0.801,0.721,8.654
low-legislative-conflict,Low legislative conflict,Lower legislature-court conflict pressure.,pre-enactment-review,Pre-enactment review before laws take effect,synthetic_mechanism,pre_enactment_review,period,3,80,12.000,-0.001,0.703,0.475,0.747,0.800,0.721,8.654
low-legislative-conflict,Low legislative conflict,Lower legislature-court conflict pressure.,pre-enactment-review,Pre-enactment review before laws take effect,synthetic_mechanism,pre_enactment_review,period,4,80,12.000,0.038,0.791,0.473,0.748,0.799,0.721,8.654
low-legislative-conflict,Low legislative conflict,Lower legislature-court conflict pressure.,abstract-review-tribunal,Abstract review tribunal,synthetic_mechanism,abstract_review,period,1,80,15.000,-0.002,0.809,0.510,0.763,0.815,0.000,0.000
low-legislative-conflict,Low legislative conflict,Lower legislature-court conflict pressure.,abstract-review-tribunal,Abstract review tribunal,synthetic_mechanism,abstract_review,period,2,80,15.000,0.006,0.868,0.511,0.762,0.814,0.450,6.756
low-legislative-conflict,Low legislative conflict,Lower legislature-court conflict pressure.,abstract-review-tribunal,Abstract review tribunal,synthetic_mechanism,abstract_review,period,3,80,15.000,0.024,0.887,0.512,0.763,0.815,0.450,6.756
low-legislative-conflict,Low legislative conflict,Lower legislature-court conflict pressure.,abstract-review-tribunal,Abstract review tribunal,synthetic_mechanism,abstract_review,period,4,80,15.000,-0.000,0.930,0.513,0.765,0.815,0.450,6.756
low-legislative-conflict,Low legislative conflict,Lower legislature-court conflict pressure.,ombudsman-triggered-review,Ombudsman-triggered constitutional review,synthetic_mechanism,ombudsman_triggered_review,period,1,80,11.000,-0.001,0.587,0.495,0.778,0.761,0.000,0.000
low-legislative-conflict,Low legislative conflict,Lower legislature-court conflict pressure.,ombudsman-triggered-review,Ombudsman-triggered constitutional review,synthetic_mechanism,ombudsman_triggered_review,period,2,80,11.000,0.013,0.661,0.493,0.781,0.761,0.476,5.232
low-legislative-conflict,Low legislative conflict,Lower legislature-court conflict pressure.,ombudsman-triggered-review,Ombudsman-triggered constitutional review,synthetic_mechanism,ombudsman_triggered_review,period,3,80,11.000,0.018,0.659,0.492,0.779,0.762,0.476,5.232
low-legislative-conflict,Low legislative conflict,Lower legislature-court conflict pressure.,ombudsman-triggered-review,Ombudsman-triggered constitutional review,synthetic_mechanism,ombudsman_triggered_review,period,4,80,11.000,0.010,0.691,0.496,0.781,0.762,0.476,5.232
low-legislative-conflict,Low legislative conflict,Lower legislature-court conflict pressure.,constitutional-public-defender,Constitutional public defender access model,synthetic_mechanism,constitutional_public_defender,period,1,80,11.000,-0.004,0.614,0.503,0.800,0.756,0.000,0.000
low-legislative-conflict,Low legislative conflict,Lower legislature-court conflict pressure.,constitutional-public-defender,Constitutional public defender access model,synthetic_mechanism,constitutional_public_defender,period,2,80,11.000,0.008,0.643,0.502,0.795,0.758,0.470,5.170
low-legislative-conflict,Low legislative conflict,Lower legislature-court conflict pressure.,constitutional-public-defender,Constitutional public defender access model,synthetic_mechanism,constitutional_public_defender,period,3,80,11.000,-0.005,0.685,0.502,0.793,0.755,0.470,5.170
low-legislative-conflict,Low legislative conflict,Lower legislature-court conflict pressure.,constitutional-public-defender,Constitutional public defender access model,synthetic_mechanism,constitutional_public_defender,period,4,80,11.000,-0.020,0.725,0.503,0.793,0.757,0.470,5.170
low-legislative-conflict,Low legislative conflict,Lower legislature-court conflict pressure.,rights-impact-statement-review,Rights-impact statements before review,synthetic_mechanism,rights_impact_statement,period,1,80,9.000,0.018,1.515,0.556,0.730,0.777,0.000,0.000
low-legislative-conflict,Low legislative conflict,Lower legislature-court conflict pressure.,rights-impact-statement-review,Rights-impact statements before review,synthetic_mechanism,rights_impact_statement,period,2,80,9.000,-0.006,1.578,0.559,0.725,0.774,0.741,6.667
low-legislative-conflict,Low legislative conflict,Lower legislature-court conflict pressure.,rights-impact-statement-review,Rights-impact statements before review,synthetic_mechanism,rights_impact_statement,period,3,80,9.000,0.063,1.552,0.561,0.725,0.775,0.741,6.667
low-legislative-conflict,Low legislative conflict,Lower legislature-court conflict pressure.,rights-impact-statement-review,Rights-impact statements before review,synthetic_mechanism,rights_impact_statement,period,4,80,9.000,-0.009,1.620,0.559,0.727,0.775,0.741,6.667
low-legislative-conflict,Low legislative conflict,Lower legislature-court conflict pressure.,mandatory-legislative-response,Mandatory legislative response cycles,synthetic_mechanism,mandatory_legislative_response,period,1,80,9.000,0.003,0.824,0.499,0.733,0.778,0.000,0.000
low-legislative-conflict,Low legislative conflict,Lower legislature-court conflict pressure.,mandatory-legislative-response,Mandatory legislative response cycles,synthetic_mechanism,mandatory_legislative_response,period,2,80,9.000,-0.016,0.829,0.499,0.733,0.780,0.495,4.457
low-legislative-conflict,Low legislative conflict,Lower legislature-court conflict pressure.,mandatory-legislative-response,Mandatory legislative response cycles,synthetic_mechanism,mandatory_legislative_response,period,3,80,9.000,0.023,0.845,0.495,0.734,0.775,0.495,4.457
low-legislative-conflict,Low legislative conflict,Lower legislature-court conflict pressure.,mandatory-legislative-response,Mandatory legislative response cycles,synthetic_mechanism,mandatory_legislative_response,period,4,80,9.000,-0.029,0.831,0.496,0.738,0.774,0.495,4.457
high-legislative-conflict,High legislative conflict,Higher legislature-court conflict pressure and lower trust.,current-federal-court,Current-style federal supreme court,court_variant,strong_form_court,period,1,80,9.000,0.059,1.350,0.638,0.708,0.795,0.000,0.000
high-legislative-conflict,High legislative conflict,Higher legislature-court conflict pressure and lower trust.,current-federal-court,Current-style federal supreme court,court_variant,strong_form_court,period,2,80,9.000,0.071,1.377,0.638,0.706,0.797,0.145,1.307
high-legislative-conflict,High legislative conflict,Higher legislature-court conflict pressure and lower trust.,current-federal-court,Current-style federal supreme court,court_variant,strong_form_court,period,3,80,9.000,0.093,1.386,0.637,0.702,0.795,0.145,1.307
high-legislative-conflict,High legislative conflict,Higher legislature-court conflict pressure and lower trust.,current-federal-court,Current-style federal supreme court,court_variant,strong_form_court,period,4,80,9.000,0.059,1.406,0.637,0.702,0.797,0.145,1.307
high-legislative-conflict,High legislative conflict,Higher legislature-court conflict pressure and lower trust.,eighteen-year-terms,Staggered 18-year nonrenewable terms,court_variant,strong_form_court,period,1,80,9.000,0.033,1.385,0.617,0.705,0.779,0.000,0.000
high-legislative-conflict,High legislative conflict,Higher legislature-court conflict pressure and lower trust.,eighteen-year-terms,Staggered 18-year nonrenewable terms,court_variant,strong_form_court,period,2,80,9.000,0.019,1.367,0.617,0.704,0.780,0.362,3.258
high-legislative-conflict,High legislative conflict,Higher legislature-court conflict pressure and lower trust.,eighteen-year-terms,Staggered 18-year nonrenewable terms,court_variant,strong_form_court,period,3,80,9.000,0.013,1.382,0.621,0.707,0.781,0.362,3.258
high-legislative-conflict,High legislative conflict,Higher legislature-court conflict pressure and lower trust.,eighteen-year-terms,Staggered 18-year nonrenewable terms,court_variant,strong_form_court,period,4,80,9.000,0.027,1.364,0.616,0.710,0.781,0.362,3.258
high-legislative-conflict,High legislative conflict,Higher legislature-court conflict pressure and lower trust.,fifteen-justice-commission,Fifteen-justice supermajority commission court,court_variant,strong_form_court,period,1,80,15.000,0.008,0.836,0.532,0.733,0.778,0.000,0.000
high-legislative-conflict,High legislative conflict,Higher legislature-court conflict pressure and lower trust.,fifteen-justice-commission,Fifteen-justice supermajority commission court,court_variant,strong_form_court,period,2,80,15.000,0.017,0.853,0.529,0.733,0.777,0.453,6.798
high-legislative-conflict,High legislative conflict,Higher legislature-court conflict pressure and lower trust.,fifteen-justice-commission,Fifteen-justice supermajority commission court,court_variant,strong_form_court,period,3,80,15.000,-0.026,0.888,0.531,0.730,0.780,0.453,6.798
high-legislative-conflict,High legislative conflict,Higher legislature-court conflict pressure and lower trust.,fifteen-justice-commission,Fifteen-justice supermajority commission court,court_variant,strong_form_court,period,4,80,15.000,0.008,0.909,0.531,0.730,0.779,0.453,6.798
high-legislative-conflict,High legislative conflict,Higher legislature-court conflict pressure and lower trust.,supermajority-invalidation,Supermajority required to invalidate laws,court_variant,strong_form_court,period,1,80,9.000,0.053,1.424,0.617,0.698,0.844,0.000,0.000
high-legislative-conflict,High legislative conflict,Higher legislature-court conflict pressure and lower trust.,supermajority-invalidation,Supermajority required to invalidate laws,court_variant,strong_form_court,period,2,80,9.000,0.072,1.390,0.615,0.699,0.842,0.151,1.357
high-legislative-conflict,High legislative conflict,Higher legislature-court conflict pressure and lower trust.,supermajority-invalidation,Supermajority required to invalidate laws,court_variant,strong_form_court,period,3,80,9.000,0.052,1.382,0.613,0.700,0.844,0.151,1.357
high-legislative-conflict,High legislative conflict,Higher legislature-court conflict pressure and lower trust.,supermajority-invalidation,Supermajority required to invalidate laws,court_variant,strong_form_court,period,4,80,9.000,0.064,1.364,0.612,0.699,0.843,0.151,1.357
high-legislative-conflict,High legislative conflict,Higher legislature-court conflict pressure and lower trust.,strict-recusal-court,Strict recusal with substitute justices,court_variant,strong_form_court,period,1,80,12.000,-0.003,0.827,0.530,0.734,0.767,0.000,0.000
high-legislative-conflict,High legislative conflict,Higher legislature-court conflict pressure and lower trust.,strict-recusal-court,Strict recusal with substitute justices,court_variant,strong_form_court,period,2,80,12.000,-0.016,0.850,0.531,0.733,0.768,0.459,5.506
high-legislative-conflict,High legislative conflict,Higher legislature-court conflict pressure and lower trust.,strict-recusal-court,Strict recusal with substitute justices,court_variant,strong_form_court,period,3,80,12.000,0.016,0.872,0.534,0.734,0.770,0.459,5.506
high-legislative-conflict,High legislative conflict,Higher legislature-court conflict pressure and lower trust.,strict-recusal-court,Strict recusal with substitute justices,court_variant,strong_form_court,period,4,80,12.000,-0.011,0.923,0.531,0.731,0.768,0.459,5.506
high-legislative-conflict,High legislative conflict,Higher legislature-court conflict pressure and lower trust.,reasoned-emergency-review,Reasoned emergency orders with merits follow-up,court_variant,strong_form_court,period,1,80,9.000,0.020,1.407,0.592,0.731,0.795,0.000,0.000
high-legislative-conflict,High legislative conflict,Higher legislature-court conflict pressure and lower trust.,reasoned-emergency-review,Reasoned emergency orders with merits follow-up,court_variant,strong_form_court,period,2,80,9.000,0.023,1.388,0.591,0.728,0.798,0.362,3.258
high-legislative-conflict,High legislative conflict,Higher legislature-court conflict pressure and lower trust.,reasoned-emergency-review,Reasoned emergency orders with merits follow-up,court_variant,strong_form_court,period,3,80,9.000,0.050,1.396,0.594,0.730,0.798,0.362,3.258
high-legislative-conflict,High legislative conflict,Higher legislature-court conflict pressure and lower trust.,reasoned-emergency-review,Reasoned emergency orders with merits follow-up,court_variant,strong_form_court,period,4,80,9.000,0.046,1.386,0.593,0.728,0.797,0.362,3.258
high-legislative-conflict,High legislative conflict,Higher legislature-court conflict pressure and lower trust.,panel-en-banc-review,Panel review with en banc safety valve,court_variant,strong_form_court,period,1,80,15.000,0.006,0.637,0.503,0.734,0.749,0.000,0.000
high-legislative-conflict,High legislative conflict,Higher legislature-court conflict pressure and lower trust.,panel-en-banc-review,Panel review with en banc safety valve,court_variant,strong_form_court,period,2,80,15.000,0.004,0.643,0.503,0.737,0.749,0.459,6.882
high-legislative-conflict,High legislative conflict,Higher legislature-court conflict pressure and lower trust.,panel-en-banc-review,Panel review with en banc safety valve,court_variant,strong_form_court,period,3,80,15.000,0.004,0.697,0.503,0.737,0.748,0.459,6.882
high-legislative-conflict,High legislative conflict,Higher legislature-court conflict pressure and lower trust.,panel-en-banc-review,Panel review with en banc safety valve,court_variant,strong_form_court,period,4,80,15.000,-0.008,0.733,0.502,0.737,0.748,0.459,6.882
high-legislative-conflict,High legislative conflict,Higher legislature-court conflict pressure and lower trust.,dual-cross-checking-courts,Dual supreme courts with cross-checking invalidations,court_variant,strong_form_court,period,1,80,18.000,0.002,0.842,0.512,0.748,0.804,0.000,0.000
high-legislative-conflict,High legislative conflict,Higher legislature-court conflict pressure and lower trust.,dual-cross-checking-courts,Dual supreme courts with cross-checking invalidations,court_variant,strong_form_court,period,2,80,18.000,0.025,0.865,0.512,0.748,0.805,0.456,8.208
high-legislative-conflict,High legislative conflict,Higher legislature-court conflict pressure and lower trust.,dual-cross-checking-courts,Dual supreme courts with cross-checking invalidations,court_variant,strong_form_court,period,3,80,18.000,0.011,0.906,0.511,0.747,0.804,0.456,8.208
high-legislative-conflict,High legislative conflict,Higher legislature-court conflict pressure and lower trust.,dual-cross-checking-courts,Dual supreme courts with cross-checking invalidations,court_variant,strong_form_court,period,4,80,18.000,-0.011,0.953,0.512,0.748,0.803,0.456,8.208
high-legislative-conflict,High legislative conflict,Higher legislature-court conflict pressure and lower trust.,constitutional-council,Pre-enactment constitutional council,court_variant,strong_form_court,period,1,80,12.000,-0.003,0.582,0.477,0.765,0.795,0.000,0.000
high-legislative-conflict,High legislative conflict,Higher legislature-court conflict pressure and lower trust.,constitutional-council,Pre-enactment constitutional council,court_variant,strong_form_court,period,2,80,12.000,-0.012,0.706,0.477,0.768,0.797,0.717,8.604
high-legislative-conflict,High legislative conflict,Higher legislature-court conflict pressure and lower trust.,constitutional-council,Pre-enactment constitutional council,court_variant,strong_form_court,period,3,80,12.000,-0.041,0.720,0.479,0.764,0.797,0.717,8.604
high-legislative-conflict,High legislative conflict,Higher legislature-court conflict pressure and lower trust.,constitutional-council,Pre-enactment constitutional council,court_variant,strong_form_court,period,4,80,12.000,-0.013,0.791,0.479,0.761,0.793,0.717,8.604
high-legislative-conflict,High legislative conflict,Higher legislature-court conflict pressure and lower trust.,legislative-override-court,Judicial review with delayed legislative override,court_variant,strong_form_court,period,1,80,9.000,0.044,1.348,0.601,0.717,0.756,0.000,0.000
high-legislative-conflict,High legislative conflict,Higher legislature-court conflict pressure and lower trust.,legislative-override-court,Judicial review with delayed legislative override,court_variant,strong_form_court,period,2,80,9.000,0.055,1.378,0.601,0.716,0.756,0.384,3.460
high-legislative-conflict,High legislative conflict,Higher legislature-court conflict pressure and lower trust.,legislative-override-court,Judicial review with delayed legislative override,court_variant,strong_form_court,period,3,80,9.000,0.053,1.399,0.597,0.715,0.752,0.384,3.460
high-legislative-conflict,High legislative conflict,Higher legislature-court conflict pressure and lower trust.,legislative-override-court,Judicial review with delayed legislative override,court_variant,strong_form_court,period,4,80,9.000,0.054,1.409,0.600,0.711,0.756,0.384,3.460
high-legislative-conflict,High legislative conflict,Higher legislature-court conflict pressure and lower trust.,accountability-retention-court,Retention-election accountability court,court_variant,strong_form_court,period,1,80,9.000,0.028,1.079,0.587,0.694,0.675,0.000,0.000
high-legislative-conflict,High legislative conflict,Higher legislature-court conflict pressure and lower trust.,accountability-retention-court,Retention-election accountability court,court_variant,strong_form_court,period,2,80,9.000,-0.024,1.167,0.590,0.697,0.676,0.929,8.363
high-legislative-conflict,High legislative conflict,Higher legislature-court conflict pressure and lower trust.,accountability-retention-court,Retention-election accountability court,court_variant,strong_form_court,period,3,80,9.000,0.012,1.222,0.591,0.693,0.677,0.929,8.363
high-legislative-conflict,High legislative conflict,Higher legislature-court conflict pressure and lower trust.,accountability-retention-court,Retention-election accountability court,court_variant,strong_form_court,period,4,80,9.000,0.025,1.319,0.588,0.691,0.675,0.929,8.363
high-legislative-conflict,High legislative conflict,Higher legislature-court conflict pressure and lower trust.,independence-accountability-hybrid,Hybrid court balancing independence and accountability,court_variant,strong_form_court,period,1,80,15.000,-0.005,0.858,0.501,0.756,0.802,0.000,0.000
high-legislative-conflict,High legislative conflict,Higher legislature-court conflict pressure and lower trust.,independence-accountability-hybrid,Hybrid court balancing independence and accountability,court_variant,strong_form_court,period,2,80,15.000,0.007,0.844,0.501,0.757,0.802,0.464,6.966
high-legislative-conflict,High legislative conflict,Higher legislature-court conflict pressure and lower trust.,independence-accountability-hybrid,Hybrid court balancing independence and accountability,court_variant,strong_form_court,period,3,80,15.000,-0.000,0.909,0.502,0.756,0.804,0.464,6.966
high-legislative-conflict,High legislative conflict,Higher legislature-court conflict pressure and lower trust.,independence-accountability-hybrid,Hybrid court balancing independence and accountability,court_variant,strong_form_court,period,4,80,15.000,-0.015,0.938,0.504,0.756,0.803,0.464,6.966
high-legislative-conflict,High legislative conflict,Higher legislature-court conflict pressure and lower trust.,weak-form-review,Weak-form review with legislative reply,synthetic_mechanism,weak_form_review,period,1,80,9.000,-0.002,0.831,0.502,0.720,0.785,0.000,0.000
high-legislative-conflict,High legislative conflict,Higher legislature-court conflict pressure and lower trust.,weak-form-review,Weak-form review with legislative reply,synthetic_mechanism,weak_form_review,period,2,80,9.000,-0.024,0.816,0.502,0.721,0.786,0.401,3.611
high-legislative-conflict,High legislative conflict,Higher legislature-court conflict pressure and lower trust.,weak-form-review,Weak-form review with legislative reply,synthetic_mechanism,weak_form_review,period,3,80,9.000,-0.012,0.859,0.504,0.715,0.784,0.401,3.611
high-legislative-conflict,High legislative conflict,Higher legislature-court conflict pressure and lower trust.,weak-form-review,Weak-form review with legislative reply,synthetic_mechanism,weak_form_review,period,4,80,9.000,-0.000,0.880,0.504,0.716,0.785,0.401,3.611
high-legislative-conflict,High legislative conflict,Higher legislature-court conflict pressure and lower trust.,suspended-declaration-review,Suspended declarations of invalidity,synthetic_mechanism,suspended_declaration,period,1,80,11.000,-0.001,0.848,0.511,0.752,0.778,0.000,0.000
high-legislative-conflict,High legislative conflict,Higher legislature-court conflict pressure and lower trust.,suspended-declaration-review,Suspended declarations of invalidity,synthetic_mechanism,suspended_declaration,period,2,80,11.000,0.020,0.831,0.512,0.754,0.780,0.467,5.139
high-legislative-conflict,High legislative conflict,Higher legislature-court conflict pressure and lower trust.,suspended-declaration-review,Suspended declarations of invalidity,synthetic_mechanism,suspended_declaration,period,3,80,11.000,-0.011,0.830,0.514,0.754,0.780,0.467,5.139
high-legislative-conflict,High legislative conflict,Higher legislature-court conflict pressure and lower trust.,suspended-declaration-review,Suspended declarations of invalidity,synthetic_mechanism,suspended_declaration,period,4,80,11.000,-0.006,0.868,0.511,0.754,0.780,0.467,5.139
high-legislative-conflict,High legislative conflict,Higher legislature-court conflict pressure and lower trust.,override-clause-review,Strong-form review with explicit override clause,synthetic_mechanism,legislative_override_clause,period,1,80,9.000,0.028,1.406,0.585,0.713,0.769,0.000,0.000
high-legislative-conflict,High legislative conflict,Higher legislature-court conflict pressure and lower trust.,override-clause-review,Strong-form review with explicit override clause,synthetic_mechanism,legislative_override_clause,period,2,80,9.000,0.055,1.408,0.587,0.713,0.770,0.393,3.535
high-legislative-conflict,High legislative conflict,Higher legislature-court conflict pressure and lower trust.,override-clause-review,Strong-form review with explicit override clause,synthetic_mechanism,legislative_override_clause,period,3,80,9.000,0.043,1.384,0.587,0.716,0.770,0.393,3.535
high-legislative-conflict,High legislative conflict,Higher legislature-court conflict pressure and lower trust.,override-clause-review,Strong-form review with explicit override clause,synthetic_mechanism,legislative_override_clause,period,4,80,9.000,0.021,1.411,0.584,0.717,0.767,0.393,3.535
high-legislative-conflict,High legislative conflict,Higher legislature-court conflict pressure and lower trust.,pre-enactment-review,Pre-enactment review before laws take effect,synthetic_mechanism,pre_enactment_review,period,1,80,12.000,-0.004,0.631,0.476,0.750,0.799,0.000,0.000
high-legislative-conflict,High legislative conflict,Higher legislature-court conflict pressure and lower trust.,pre-enactment-review,Pre-enactment review before laws take effect,synthetic_mechanism,pre_enactment_review,period,2,80,12.000,0.015,0.675,0.473,0.749,0.798,0.721,8.654
high-legislative-conflict,High legislative conflict,Higher legislature-court conflict pressure and lower trust.,pre-enactment-review,Pre-enactment review before laws take effect,synthetic_mechanism,pre_enactment_review,period,3,80,12.000,0.055,0.701,0.473,0.749,0.797,0.721,8.654
high-legislative-conflict,High legislative conflict,Higher legislature-court conflict pressure and lower trust.,pre-enactment-review,Pre-enactment review before laws take effect,synthetic_mechanism,pre_enactment_review,period,4,80,12.000,0.007,0.783,0.472,0.749,0.798,0.721,8.654
high-legislative-conflict,High legislative conflict,Higher legislature-court conflict pressure and lower trust.,abstract-review-tribunal,Abstract review tribunal,synthetic_mechanism,abstract_review,period,1,80,15.000,-0.012,0.808,0.512,0.761,0.815,0.000,0.000
high-legislative-conflict,High legislative conflict,Higher legislature-court conflict pressure and lower trust.,abstract-review-tribunal,Abstract review tribunal,synthetic_mechanism,abstract_review,period,2,80,15.000,0.028,0.838,0.513,0.761,0.815,0.450,6.756
high-legislative-conflict,High legislative conflict,Higher legislature-court conflict pressure and lower trust.,abstract-review-tribunal,Abstract review tribunal,synthetic_mechanism,abstract_review,period,3,80,15.000,0.003,0.888,0.510,0.765,0.814,0.450,6.756
high-legislative-conflict,High legislative conflict,Higher legislature-court conflict pressure and lower trust.,abstract-review-tribunal,Abstract review tribunal,synthetic_mechanism,abstract_review,period,4,80,15.000,-0.026,0.922,0.510,0.762,0.814,0.450,6.756
high-legislative-conflict,High legislative conflict,Higher legislature-court conflict pressure and lower trust.,ombudsman-triggered-review,Ombudsman-triggered constitutional review,synthetic_mechanism,ombudsman_triggered_review,period,1,80,11.000,-0.008,0.615,0.491,0.779,0.760,0.000,0.000
high-legislative-conflict,High legislative conflict,Higher legislature-court conflict pressure and lower trust.,ombudsman-triggered-review,Ombudsman-triggered constitutional review,synthetic_mechanism,ombudsman_triggered_review,period,2,80,11.000,0.025,0.647,0.492,0.781,0.761,0.476,5.232
high-legislative-conflict,High legislative conflict,Higher legislature-court conflict pressure and lower trust.,ombudsman-triggered-review,Ombudsman-triggered constitutional review,synthetic_mechanism,ombudsman_triggered_review,period,3,80,11.000,0.015,0.692,0.490,0.779,0.761,0.476,5.232
high-legislative-conflict,High legislative conflict,Higher legislature-court conflict pressure and lower trust.,ombudsman-triggered-review,Ombudsman-triggered constitutional review,synthetic_mechanism,ombudsman_triggered_review,period,4,80,11.000,-0.008,0.713,0.495,0.777,0.763,0.476,5.232
high-legislative-conflict,High legislative conflict,Higher legislature-court conflict pressure and lower trust.,constitutional-public-defender,Constitutional public defender access model,synthetic_mechanism,constitutional_public_defender,period,1,80,11.000,-0.002,0.569,0.504,0.794,0.756,0.000,0.000
high-legislative-conflict,High legislative conflict,Higher legislature-court conflict pressure and lower trust.,constitutional-public-defender,Constitutional public defender access model,synthetic_mechanism,constitutional_public_defender,period,2,80,11.000,0.007,0.625,0.503,0.796,0.758,0.470,5.170
high-legislative-conflict,High legislative conflict,Higher legislature-court conflict pressure and lower trust.,constitutional-public-defender,Constitutional public defender access model,synthetic_mechanism,constitutional_public_defender,period,3,80,11.000,-0.005,0.676,0.502,0.797,0.755,0.470,5.170
high-legislative-conflict,High legislative conflict,Higher legislature-court conflict pressure and lower trust.,constitutional-public-defender,Constitutional public defender access model,synthetic_mechanism,constitutional_public_defender,period,4,80,11.000,-0.023,0.721,0.501,0.795,0.755,0.470,5.170
high-legislative-conflict,High legislative conflict,Higher legislature-court conflict pressure and lower trust.,rights-impact-statement-review,Rights-impact statements before review,synthetic_mechanism,rights_impact_statement,period,1,80,9.000,0.010,1.555,0.554,0.722,0.775,0.000,0.000
high-legislative-conflict,High legislative conflict,Higher legislature-court conflict pressure and lower trust.,rights-impact-statement-review,Rights-impact statements before review,synthetic_mechanism,rights_impact_statement,period,2,80,9.000,0.058,1.565,0.558,0.728,0.773,0.741,6.667
high-legislative-conflict,High legislative conflict,Higher legislature-court conflict pressure and lower trust.,rights-impact-statement-review,Rights-impact statements before review,synthetic_mechanism,rights_impact_statement,period,3,80,9.000,-0.026,1.609,0.558,0.723,0.775,0.741,6.667
high-legislative-conflict,High legislative conflict,Higher legislature-court conflict pressure and lower trust.,rights-impact-statement-review,Rights-impact statements before review,synthetic_mechanism,rights_impact_statement,period,4,80,9.000,-0.035,1.572,0.558,0.727,0.776,0.741,6.667
high-legislative-conflict,High legislative conflict,Higher legislature-court conflict pressure and lower trust.,mandatory-legislative-response,Mandatory legislative response cycles,synthetic_mechanism,mandatory_legislative_response,period,1,80,9.000,0.010,0.759,0.496,0.729,0.775,0.000,0.000
high-legislative-conflict,High legislative conflict,Higher legislature-court conflict pressure and lower trust.,mandatory-legislative-response,Mandatory legislative response cycles,synthetic_mechanism,mandatory_legislative_response,period,2,80,9.000,0.020,0.825,0.499,0.732,0.777,0.495,4.457
high-legislative-conflict,High legislative conflict,Higher legislature-court conflict pressure and lower trust.,mandatory-legislative-response,Mandatory legislative response cycles,synthetic_mechanism,mandatory_legislative_response,period,3,80,9.000,-0.008,0.872,0.495,0.737,0.774,0.495,4.457
high-legislative-conflict,High legislative conflict,Higher legislature-court conflict pressure and lower trust.,mandatory-legislative-response,Mandatory legislative response cycles,synthetic_mechanism,mandatory_legislative_response,period,4,80,9.000,0.002,0.898,0.497,0.731,0.773,0.495,4.457
