caseKey,caseName,caseDescription,scenarioKey,scenario,metric,estimate,lower95,upper95,n,method
baseline,Baseline,Moderately polarized appointment environment with ordinary constitutional-review pressure.,current-federal-court,Current-style federal supreme court,directionalScore,0.552,0.549,0.553,9600,cluster-bootstrap-runs-200-95
baseline,Baseline,Moderately polarized appointment environment with ordinary constitutional-review pressure.,current-federal-court,Current-style federal supreme court,legalStability,0.790,0.788,0.792,9600,cluster-bootstrap-runs-200-95
baseline,Baseline,Moderately polarized appointment environment with ordinary constitutional-review pressure.,current-federal-court,Current-style federal supreme court,rightsProtection,0.686,0.684,0.688,9600,cluster-bootstrap-runs-200-95
baseline,Baseline,Moderately polarized appointment environment with ordinary constitutional-review pressure.,current-federal-court,Current-style federal supreme court,partisanAlignment,0.201,0.199,0.203,9600,cluster-bootstrap-runs-200-95
baseline,Baseline,Moderately polarized appointment environment with ordinary constitutional-review pressure.,current-federal-court,Current-style federal supreme court,shadowDocketAbuse,0.366,0.358,0.375,9600,cluster-bootstrap-runs-200-95
baseline,Baseline,Moderately polarized appointment environment with ordinary constitutional-review pressure.,current-federal-court,Current-style federal supreme court,legitimacy,0.582,0.580,0.584,9600,cluster-bootstrap-runs-200-95
baseline,Baseline,Moderately polarized appointment environment with ordinary constitutional-review pressure.,current-federal-court,Current-style federal supreme court,reversalRate,0.268,0.261,0.277,9600,cluster-bootstrap-runs-200-95
baseline,Baseline,Moderately polarized appointment environment with ordinary constitutional-review pressure.,current-federal-court,Current-style federal supreme court,reviewRate,1.000,1.000,1.000,9600,cluster-bootstrap-runs-200-95
baseline,Baseline,Moderately polarized appointment environment with ordinary constitutional-review pressure.,current-federal-court,Current-style federal supreme court,intakeAcceptanceRate,0.021,0.021,0.022,446868,cluster-bootstrap-runs-200-95
baseline,Baseline,Moderately polarized appointment environment with ordinary constitutional-review pressure.,current-federal-court,Current-style federal supreme court,emergencyReliefRate,0.665,0.651,0.679,4263,cluster-bootstrap-runs-200-95
baseline,Baseline,Moderately polarized appointment environment with ordinary constitutional-review pressure.,current-federal-court,Current-style federal supreme court,emergencyReasonGivingRate,0.026,0.021,0.030,4263,cluster-bootstrap-runs-200-95
baseline,Baseline,Moderately polarized appointment environment with ordinary constitutional-review pressure.,current-federal-court,Current-style federal supreme court,emergencyVoteDisclosureRate,0.355,0.340,0.370,4263,cluster-bootstrap-runs-200-95
baseline,Baseline,Moderately polarized appointment environment with ordinary constitutional-review pressure.,current-federal-court,Current-style federal supreme court,emergencyPublicDisagreementRate,0.555,0.540,0.572,4263,cluster-bootstrap-runs-200-95
baseline,Baseline,Moderately polarized appointment environment with ordinary constitutional-review pressure.,current-federal-court,Current-style federal supreme court,governmentEmergencyWinRate,0.646,0.634,0.661,4263,cluster-bootstrap-runs-200-95
baseline,Baseline,Moderately polarized appointment environment with ordinary constitutional-review pressure.,current-federal-court,Current-style federal supreme court,meritsFollowUpRate,0.000,0.000,0.000,4263,cluster-bootstrap-runs-200-95
baseline,Baseline,Moderately polarized appointment environment with ordinary constitutional-review pressure.,current-federal-court,Current-style federal supreme court,meritsInvalidationRate,0.482,0.472,0.499,5337,cluster-bootstrap-runs-200-95
baseline,Baseline,Moderately polarized appointment environment with ordinary constitutional-review pressure.,current-federal-court,Current-style federal supreme court,constitutionalConflict,0.343,0.341,0.345,9600,cluster-bootstrap-runs-200-95
baseline,Baseline,Moderately polarized appointment environment with ordinary constitutional-review pressure.,current-federal-court,Current-style federal supreme court,democraticResponsiveness,0.406,0.404,0.408,9600,cluster-bootstrap-runs-200-95
baseline,Baseline,Moderately polarized appointment environment with ordinary constitutional-review pressure.,current-federal-court,Current-style federal supreme court,complianceRate,0.342,0.331,0.352,9600,cluster-bootstrap-runs-200-95
baseline,Baseline,Moderately polarized appointment environment with ordinary constitutional-review pressure.,current-federal-court,Current-style federal supreme court,publicTrust,0.026,0.024,0.027,9600,cluster-bootstrap-runs-200-95
baseline,Baseline,Moderately polarized appointment environment with ordinary constitutional-review pressure.,current-federal-court,Current-style federal supreme court,administrativeLoad,0.483,0.482,0.485,9600,cluster-bootstrap-runs-200-95
baseline,Baseline,Moderately polarized appointment environment with ordinary constitutional-review pressure.,current-federal-court,Current-style federal supreme court,directCourtCost,0.306,0.306,0.307,9600,cluster-bootstrap-runs-200-95
baseline,Baseline,Moderately polarized appointment environment with ordinary constitutional-review pressure.,current-federal-court,Current-style federal supreme court,upstreamScreeningCost,0.695,0.694,0.696,9600,cluster-bootstrap-runs-200-95
baseline,Baseline,Moderately polarized appointment environment with ordinary constitutional-review pressure.,current-federal-court,Current-style federal supreme court,capacityStrainCost,0.422,0.422,0.423,9600,cluster-bootstrap-runs-200-95
baseline,Baseline,Moderately polarized appointment environment with ordinary constitutional-review pressure.,current-federal-court,Current-style federal supreme court,institutionalBudgetCost,0.380,0.380,0.381,9600,cluster-bootstrap-runs-200-95
baseline,Baseline,Moderately polarized appointment environment with ordinary constitutional-review pressure.,current-federal-court,Current-style federal supreme court,institutionalDelayCost,0.437,0.437,0.438,9600,cluster-bootstrap-runs-200-95
baseline,Baseline,Moderately polarized appointment environment with ordinary constitutional-review pressure.,current-federal-court,Current-style federal supreme court,implementationComplexity,0.434,0.434,0.434,9600,cluster-bootstrap-runs-200-95
baseline,Baseline,Moderately polarized appointment environment with ordinary constitutional-review pressure.,current-federal-court,Current-style federal supreme court,totalInstitutionalCost,0.453,0.452,0.453,9600,cluster-bootstrap-runs-200-95
baseline,Baseline,Moderately polarized appointment environment with ordinary constitutional-review pressure.,eighteen-year-terms,Staggered 18-year nonrenewable terms,directionalScore,0.567,0.565,0.569,9600,cluster-bootstrap-runs-200-95
baseline,Baseline,Moderately polarized appointment environment with ordinary constitutional-review pressure.,eighteen-year-terms,Staggered 18-year nonrenewable terms,legalStability,0.800,0.798,0.803,9600,cluster-bootstrap-runs-200-95
baseline,Baseline,Moderately polarized appointment environment with ordinary constitutional-review pressure.,eighteen-year-terms,Staggered 18-year nonrenewable terms,rightsProtection,0.694,0.692,0.696,9600,cluster-bootstrap-runs-200-95
baseline,Baseline,Moderately polarized appointment environment with ordinary constitutional-review pressure.,eighteen-year-terms,Staggered 18-year nonrenewable terms,partisanAlignment,0.184,0.182,0.186,9600,cluster-bootstrap-runs-200-95
baseline,Baseline,Moderately polarized appointment environment with ordinary constitutional-review pressure.,eighteen-year-terms,Staggered 18-year nonrenewable terms,shadowDocketAbuse,0.362,0.353,0.370,9600,cluster-bootstrap-runs-200-95
baseline,Baseline,Moderately polarized appointment environment with ordinary constitutional-review pressure.,eighteen-year-terms,Staggered 18-year nonrenewable terms,legitimacy,0.592,0.590,0.594,9600,cluster-bootstrap-runs-200-95
baseline,Baseline,Moderately polarized appointment environment with ordinary constitutional-review pressure.,eighteen-year-terms,Staggered 18-year nonrenewable terms,reversalRate,0.240,0.231,0.248,9600,cluster-bootstrap-runs-200-95
baseline,Baseline,Moderately polarized appointment environment with ordinary constitutional-review pressure.,eighteen-year-terms,Staggered 18-year nonrenewable terms,reviewRate,1.000,1.000,1.000,9600,cluster-bootstrap-runs-200-95
baseline,Baseline,Moderately polarized appointment environment with ordinary constitutional-review pressure.,eighteen-year-terms,Staggered 18-year nonrenewable terms,intakeAcceptanceRate,0.021,0.021,0.022,446791,cluster-bootstrap-runs-200-95
baseline,Baseline,Moderately polarized appointment environment with ordinary constitutional-review pressure.,eighteen-year-terms,Staggered 18-year nonrenewable terms,emergencyReliefRate,0.620,0.607,0.632,4274,cluster-bootstrap-runs-200-95
baseline,Baseline,Moderately polarized appointment environment with ordinary constitutional-review pressure.,eighteen-year-terms,Staggered 18-year nonrenewable terms,emergencyReasonGivingRate,0.035,0.031,0.042,4274,cluster-bootstrap-runs-200-95
baseline,Baseline,Moderately polarized appointment environment with ordinary constitutional-review pressure.,eighteen-year-terms,Staggered 18-year nonrenewable terms,emergencyVoteDisclosureRate,0.393,0.379,0.405,4274,cluster-bootstrap-runs-200-95
baseline,Baseline,Moderately polarized appointment environment with ordinary constitutional-review pressure.,eighteen-year-terms,Staggered 18-year nonrenewable terms,emergencyPublicDisagreementRate,0.539,0.522,0.552,4274,cluster-bootstrap-runs-200-95
baseline,Baseline,Moderately polarized appointment environment with ordinary constitutional-review pressure.,eighteen-year-terms,Staggered 18-year nonrenewable terms,governmentEmergencyWinRate,0.599,0.585,0.612,4274,cluster-bootstrap-runs-200-95
baseline,Baseline,Moderately polarized appointment environment with ordinary constitutional-review pressure.,eighteen-year-terms,Staggered 18-year nonrenewable terms,meritsFollowUpRate,0.000,0.000,0.000,4274,cluster-bootstrap-runs-200-95
baseline,Baseline,Moderately polarized appointment environment with ordinary constitutional-review pressure.,eighteen-year-terms,Staggered 18-year nonrenewable terms,meritsInvalidationRate,0.433,0.420,0.445,5326,cluster-bootstrap-runs-200-95
baseline,Baseline,Moderately polarized appointment environment with ordinary constitutional-review pressure.,eighteen-year-terms,Staggered 18-year nonrenewable terms,constitutionalConflict,0.337,0.334,0.339,9600,cluster-bootstrap-runs-200-95
baseline,Baseline,Moderately polarized appointment environment with ordinary constitutional-review pressure.,eighteen-year-terms,Staggered 18-year nonrenewable terms,democraticResponsiveness,0.417,0.414,0.419,9600,cluster-bootstrap-runs-200-95
baseline,Baseline,Moderately polarized appointment environment with ordinary constitutional-review pressure.,eighteen-year-terms,Staggered 18-year nonrenewable terms,complianceRate,0.342,0.332,0.351,9600,cluster-bootstrap-runs-200-95
baseline,Baseline,Moderately polarized appointment environment with ordinary constitutional-review pressure.,eighteen-year-terms,Staggered 18-year nonrenewable terms,publicTrust,0.028,0.026,0.030,9600,cluster-bootstrap-runs-200-95
baseline,Baseline,Moderately polarized appointment environment with ordinary constitutional-review pressure.,eighteen-year-terms,Staggered 18-year nonrenewable terms,administrativeLoad,0.492,0.490,0.493,9600,cluster-bootstrap-runs-200-95
baseline,Baseline,Moderately polarized appointment environment with ordinary constitutional-review pressure.,eighteen-year-terms,Staggered 18-year nonrenewable terms,directCourtCost,0.311,0.311,0.311,9600,cluster-bootstrap-runs-200-95
baseline,Baseline,Moderately polarized appointment environment with ordinary constitutional-review pressure.,eighteen-year-terms,Staggered 18-year nonrenewable terms,upstreamScreeningCost,0.695,0.694,0.696,9600,cluster-bootstrap-runs-200-95
baseline,Baseline,Moderately polarized appointment environment with ordinary constitutional-review pressure.,eighteen-year-terms,Staggered 18-year nonrenewable terms,capacityStrainCost,0.437,0.436,0.438,9600,cluster-bootstrap-runs-200-95
baseline,Baseline,Moderately polarized appointment environment with ordinary constitutional-review pressure.,eighteen-year-terms,Staggered 18-year nonrenewable terms,institutionalBudgetCost,0.385,0.385,0.385,9600,cluster-bootstrap-runs-200-95
baseline,Baseline,Moderately polarized appointment environment with ordinary constitutional-review pressure.,eighteen-year-terms,Staggered 18-year nonrenewable terms,institutionalDelayCost,0.439,0.438,0.440,9600,cluster-bootstrap-runs-200-95
baseline,Baseline,Moderately polarized appointment environment with ordinary constitutional-review pressure.,eighteen-year-terms,Staggered 18-year nonrenewable terms,implementationComplexity,0.436,0.436,0.437,9600,cluster-bootstrap-runs-200-95
baseline,Baseline,Moderately polarized appointment environment with ordinary constitutional-review pressure.,eighteen-year-terms,Staggered 18-year nonrenewable terms,totalInstitutionalCost,0.457,0.457,0.458,9600,cluster-bootstrap-runs-200-95
baseline,Baseline,Moderately polarized appointment environment with ordinary constitutional-review pressure.,fifteen-justice-commission,Fifteen-justice supermajority commission court,directionalScore,0.671,0.667,0.675,9600,cluster-bootstrap-runs-200-95
baseline,Baseline,Moderately polarized appointment environment with ordinary constitutional-review pressure.,fifteen-justice-commission,Fifteen-justice supermajority commission court,legalStability,0.886,0.883,0.888,9600,cluster-bootstrap-runs-200-95
baseline,Baseline,Moderately polarized appointment environment with ordinary constitutional-review pressure.,fifteen-justice-commission,Fifteen-justice supermajority commission court,rightsProtection,0.738,0.737,0.740,9600,cluster-bootstrap-runs-200-95
baseline,Baseline,Moderately polarized appointment environment with ordinary constitutional-review pressure.,fifteen-justice-commission,Fifteen-justice supermajority commission court,partisanAlignment,0.152,0.150,0.154,9600,cluster-bootstrap-runs-200-95
baseline,Baseline,Moderately polarized appointment environment with ordinary constitutional-review pressure.,fifteen-justice-commission,Fifteen-justice supermajority commission court,shadowDocketAbuse,0.062,0.060,0.066,9600,cluster-bootstrap-runs-200-95
baseline,Baseline,Moderately polarized appointment environment with ordinary constitutional-review pressure.,fifteen-justice-commission,Fifteen-justice supermajority commission court,legitimacy,0.706,0.705,0.707,9600,cluster-bootstrap-runs-200-95
baseline,Baseline,Moderately polarized appointment environment with ordinary constitutional-review pressure.,fifteen-justice-commission,Fifteen-justice supermajority commission court,reversalRate,0.365,0.358,0.374,9600,cluster-bootstrap-runs-200-95
baseline,Baseline,Moderately polarized appointment environment with ordinary constitutional-review pressure.,fifteen-justice-commission,Fifteen-justice supermajority commission court,reviewRate,1.000,1.000,1.000,9600,cluster-bootstrap-runs-200-95
baseline,Baseline,Moderately polarized appointment environment with ordinary constitutional-review pressure.,fifteen-justice-commission,Fifteen-justice supermajority commission court,intakeAcceptanceRate,0.021,0.021,0.021,464326,cluster-bootstrap-runs-200-95
baseline,Baseline,Moderately polarized appointment environment with ordinary constitutional-review pressure.,fifteen-justice-commission,Fifteen-justice supermajority commission court,emergencyReliefRate,0.426,0.402,0.447,1682,cluster-bootstrap-runs-200-95
baseline,Baseline,Moderately polarized appointment environment with ordinary constitutional-review pressure.,fifteen-justice-commission,Fifteen-justice supermajority commission court,emergencyReasonGivingRate,0.656,0.634,0.680,1682,cluster-bootstrap-runs-200-95
baseline,Baseline,Moderately polarized appointment environment with ordinary constitutional-review pressure.,fifteen-justice-commission,Fifteen-justice supermajority commission court,emergencyVoteDisclosureRate,0.620,0.593,0.647,1682,cluster-bootstrap-runs-200-95
baseline,Baseline,Moderately polarized appointment environment with ordinary constitutional-review pressure.,fifteen-justice-commission,Fifteen-justice supermajority commission court,emergencyPublicDisagreementRate,0.275,0.257,0.296,1682,cluster-bootstrap-runs-200-95
baseline,Baseline,Moderately polarized appointment environment with ordinary constitutional-review pressure.,fifteen-justice-commission,Fifteen-justice supermajority commission court,governmentEmergencyWinRate,0.392,0.367,0.417,1682,cluster-bootstrap-runs-200-95
baseline,Baseline,Moderately polarized appointment environment with ordinary constitutional-review pressure.,fifteen-justice-commission,Fifteen-justice supermajority commission court,meritsFollowUpRate,0.296,0.274,0.317,1682,cluster-bootstrap-runs-200-95
baseline,Baseline,Moderately polarized appointment environment with ordinary constitutional-review pressure.,fifteen-justice-commission,Fifteen-justice supermajority commission court,meritsInvalidationRate,0.417,0.408,0.427,8416,cluster-bootstrap-runs-200-95
baseline,Baseline,Moderately polarized appointment environment with ordinary constitutional-review pressure.,fifteen-justice-commission,Fifteen-justice supermajority commission court,constitutionalConflict,0.249,0.247,0.250,9600,cluster-bootstrap-runs-200-95
baseline,Baseline,Moderately polarized appointment environment with ordinary constitutional-review pressure.,fifteen-justice-commission,Fifteen-justice supermajority commission court,democraticResponsiveness,0.462,0.460,0.464,9600,cluster-bootstrap-runs-200-95
baseline,Baseline,Moderately polarized appointment environment with ordinary constitutional-review pressure.,fifteen-justice-commission,Fifteen-justice supermajority commission court,complianceRate,0.442,0.428,0.456,9600,cluster-bootstrap-runs-200-95
baseline,Baseline,Moderately polarized appointment environment with ordinary constitutional-review pressure.,fifteen-justice-commission,Fifteen-justice supermajority commission court,publicTrust,0.048,0.045,0.050,9600,cluster-bootstrap-runs-200-95
baseline,Baseline,Moderately polarized appointment environment with ordinary constitutional-review pressure.,fifteen-justice-commission,Fifteen-justice supermajority commission court,administrativeLoad,0.477,0.476,0.478,9600,cluster-bootstrap-runs-200-95
baseline,Baseline,Moderately polarized appointment environment with ordinary constitutional-review pressure.,fifteen-justice-commission,Fifteen-justice supermajority commission court,directCourtCost,0.364,0.364,0.364,9600,cluster-bootstrap-runs-200-95
baseline,Baseline,Moderately polarized appointment environment with ordinary constitutional-review pressure.,fifteen-justice-commission,Fifteen-justice supermajority commission court,upstreamScreeningCost,0.698,0.697,0.698,9600,cluster-bootstrap-runs-200-95
baseline,Baseline,Moderately polarized appointment environment with ordinary constitutional-review pressure.,fifteen-justice-commission,Fifteen-justice supermajority commission court,capacityStrainCost,0.425,0.425,0.426,9600,cluster-bootstrap-runs-200-95
baseline,Baseline,Moderately polarized appointment environment with ordinary constitutional-review pressure.,fifteen-justice-commission,Fifteen-justice supermajority commission court,institutionalBudgetCost,0.439,0.439,0.439,9600,cluster-bootstrap-runs-200-95
baseline,Baseline,Moderately polarized appointment environment with ordinary constitutional-review pressure.,fifteen-justice-commission,Fifteen-justice supermajority commission court,institutionalDelayCost,0.445,0.445,0.446,9600,cluster-bootstrap-runs-200-95
baseline,Baseline,Moderately polarized appointment environment with ordinary constitutional-review pressure.,fifteen-justice-commission,Fifteen-justice supermajority commission court,implementationComplexity,0.454,0.454,0.455,9600,cluster-bootstrap-runs-200-95
baseline,Baseline,Moderately polarized appointment environment with ordinary constitutional-review pressure.,fifteen-justice-commission,Fifteen-justice supermajority commission court,totalInstitutionalCost,0.473,0.473,0.473,9600,cluster-bootstrap-runs-200-95
baseline,Baseline,Moderately polarized appointment environment with ordinary constitutional-review pressure.,supermajority-invalidation,Supermajority required to invalidate laws,directionalScore,0.656,0.652,0.660,9600,cluster-bootstrap-runs-200-95
baseline,Baseline,Moderately polarized appointment environment with ordinary constitutional-review pressure.,supermajority-invalidation,Supermajority required to invalidate laws,legalStability,0.896,0.894,0.898,9600,cluster-bootstrap-runs-200-95
baseline,Baseline,Moderately polarized appointment environment with ordinary constitutional-review pressure.,supermajority-invalidation,Supermajority required to invalidate laws,rightsProtection,0.736,0.734,0.737,9600,cluster-bootstrap-runs-200-95
baseline,Baseline,Moderately polarized appointment environment with ordinary constitutional-review pressure.,supermajority-invalidation,Supermajority required to invalidate laws,partisanAlignment,0.168,0.166,0.170,9600,cluster-bootstrap-runs-200-95
baseline,Baseline,Moderately polarized appointment environment with ordinary constitutional-review pressure.,supermajority-invalidation,Supermajority required to invalidate laws,shadowDocketAbuse,0.065,0.062,0.068,9600,cluster-bootstrap-runs-200-95
baseline,Baseline,Moderately polarized appointment environment with ordinary constitutional-review pressure.,supermajority-invalidation,Supermajority required to invalidate laws,legitimacy,0.683,0.682,0.684,9600,cluster-bootstrap-runs-200-95
baseline,Baseline,Moderately polarized appointment environment with ordinary constitutional-review pressure.,supermajority-invalidation,Supermajority required to invalidate laws,reversalRate,0.339,0.331,0.347,9600,cluster-bootstrap-runs-200-95
baseline,Baseline,Moderately polarized appointment environment with ordinary constitutional-review pressure.,supermajority-invalidation,Supermajority required to invalidate laws,reviewRate,1.000,1.000,1.000,9600,cluster-bootstrap-runs-200-95
baseline,Baseline,Moderately polarized appointment environment with ordinary constitutional-review pressure.,supermajority-invalidation,Supermajority required to invalidate laws,intakeAcceptanceRate,0.021,0.021,0.021,464374,cluster-bootstrap-runs-200-95
baseline,Baseline,Moderately polarized appointment environment with ordinary constitutional-review pressure.,supermajority-invalidation,Supermajority required to invalidate laws,emergencyReliefRate,0.476,0.453,0.503,1667,cluster-bootstrap-runs-200-95
baseline,Baseline,Moderately polarized appointment environment with ordinary constitutional-review pressure.,supermajority-invalidation,Supermajority required to invalidate laws,emergencyReasonGivingRate,0.638,0.614,0.663,1667,cluster-bootstrap-runs-200-95
baseline,Baseline,Moderately polarized appointment environment with ordinary constitutional-review pressure.,supermajority-invalidation,Supermajority required to invalidate laws,emergencyVoteDisclosureRate,0.510,0.486,0.532,1667,cluster-bootstrap-runs-200-95
baseline,Baseline,Moderately polarized appointment environment with ordinary constitutional-review pressure.,supermajority-invalidation,Supermajority required to invalidate laws,emergencyPublicDisagreementRate,0.330,0.309,0.355,1667,cluster-bootstrap-runs-200-95
baseline,Baseline,Moderately polarized appointment environment with ordinary constitutional-review pressure.,supermajority-invalidation,Supermajority required to invalidate laws,governmentEmergencyWinRate,0.455,0.428,0.483,1667,cluster-bootstrap-runs-200-95
baseline,Baseline,Moderately polarized appointment environment with ordinary constitutional-review pressure.,supermajority-invalidation,Supermajority required to invalidate laws,meritsFollowUpRate,0.290,0.271,0.315,1667,cluster-bootstrap-runs-200-95
baseline,Baseline,Moderately polarized appointment environment with ordinary constitutional-review pressure.,supermajority-invalidation,Supermajority required to invalidate laws,meritsInvalidationRate,0.386,0.377,0.396,8417,cluster-bootstrap-runs-200-95
baseline,Baseline,Moderately polarized appointment environment with ordinary constitutional-review pressure.,supermajority-invalidation,Supermajority required to invalidate laws,constitutionalConflict,0.248,0.246,0.250,9600,cluster-bootstrap-runs-200-95
baseline,Baseline,Moderately polarized appointment environment with ordinary constitutional-review pressure.,supermajority-invalidation,Supermajority required to invalidate laws,democraticResponsiveness,0.459,0.457,0.461,9600,cluster-bootstrap-runs-200-95
baseline,Baseline,Moderately polarized appointment environment with ordinary constitutional-review pressure.,supermajority-invalidation,Supermajority required to invalidate laws,complianceRate,0.435,0.424,0.451,9600,cluster-bootstrap-runs-200-95
baseline,Baseline,Moderately polarized appointment environment with ordinary constitutional-review pressure.,supermajority-invalidation,Supermajority required to invalidate laws,publicTrust,0.045,0.043,0.048,9600,cluster-bootstrap-runs-200-95
baseline,Baseline,Moderately polarized appointment environment with ordinary constitutional-review pressure.,supermajority-invalidation,Supermajority required to invalidate laws,administrativeLoad,0.457,0.456,0.458,9600,cluster-bootstrap-runs-200-95
baseline,Baseline,Moderately polarized appointment environment with ordinary constitutional-review pressure.,supermajority-invalidation,Supermajority required to invalidate laws,directCourtCost,0.304,0.304,0.305,9600,cluster-bootstrap-runs-200-95
baseline,Baseline,Moderately polarized appointment environment with ordinary constitutional-review pressure.,supermajority-invalidation,Supermajority required to invalidate laws,upstreamScreeningCost,0.698,0.697,0.698,9600,cluster-bootstrap-runs-200-95
baseline,Baseline,Moderately polarized appointment environment with ordinary constitutional-review pressure.,supermajority-invalidation,Supermajority required to invalidate laws,capacityStrainCost,0.403,0.403,0.404,9600,cluster-bootstrap-runs-200-95
baseline,Baseline,Moderately polarized appointment environment with ordinary constitutional-review pressure.,supermajority-invalidation,Supermajority required to invalidate laws,institutionalBudgetCost,0.380,0.379,0.380,9600,cluster-bootstrap-runs-200-95
baseline,Baseline,Moderately polarized appointment environment with ordinary constitutional-review pressure.,supermajority-invalidation,Supermajority required to invalidate laws,institutionalDelayCost,0.443,0.442,0.443,9600,cluster-bootstrap-runs-200-95
baseline,Baseline,Moderately polarized appointment environment with ordinary constitutional-review pressure.,supermajority-invalidation,Supermajority required to invalidate laws,implementationComplexity,0.491,0.490,0.491,9600,cluster-bootstrap-runs-200-95
baseline,Baseline,Moderately polarized appointment environment with ordinary constitutional-review pressure.,supermajority-invalidation,Supermajority required to invalidate laws,totalInstitutionalCost,0.459,0.459,0.460,9600,cluster-bootstrap-runs-200-95
baseline,Baseline,Moderately polarized appointment environment with ordinary constitutional-review pressure.,strict-recusal-court,Strict recusal with substitute justices,directionalScore,0.680,0.677,0.684,9600,cluster-bootstrap-runs-200-95
baseline,Baseline,Moderately polarized appointment environment with ordinary constitutional-review pressure.,strict-recusal-court,Strict recusal with substitute justices,legalStability,0.887,0.885,0.889,9600,cluster-bootstrap-runs-200-95
baseline,Baseline,Moderately polarized appointment environment with ordinary constitutional-review pressure.,strict-recusal-court,Strict recusal with substitute justices,rightsProtection,0.739,0.737,0.741,9600,cluster-bootstrap-runs-200-95
baseline,Baseline,Moderately polarized appointment environment with ordinary constitutional-review pressure.,strict-recusal-court,Strict recusal with substitute justices,partisanAlignment,0.151,0.150,0.153,9600,cluster-bootstrap-runs-200-95
baseline,Baseline,Moderately polarized appointment environment with ordinary constitutional-review pressure.,strict-recusal-court,Strict recusal with substitute justices,shadowDocketAbuse,0.061,0.058,0.064,9600,cluster-bootstrap-runs-200-95
baseline,Baseline,Moderately polarized appointment environment with ordinary constitutional-review pressure.,strict-recusal-court,Strict recusal with substitute justices,legitimacy,0.726,0.725,0.727,9600,cluster-bootstrap-runs-200-95
baseline,Baseline,Moderately polarized appointment environment with ordinary constitutional-review pressure.,strict-recusal-court,Strict recusal with substitute justices,reversalRate,0.353,0.344,0.363,9600,cluster-bootstrap-runs-200-95
baseline,Baseline,Moderately polarized appointment environment with ordinary constitutional-review pressure.,strict-recusal-court,Strict recusal with substitute justices,reviewRate,1.000,1.000,1.000,9600,cluster-bootstrap-runs-200-95
baseline,Baseline,Moderately polarized appointment environment with ordinary constitutional-review pressure.,strict-recusal-court,Strict recusal with substitute justices,intakeAcceptanceRate,0.021,0.021,0.021,464170,cluster-bootstrap-runs-200-95
baseline,Baseline,Moderately polarized appointment environment with ordinary constitutional-review pressure.,strict-recusal-court,Strict recusal with substitute justices,emergencyReliefRate,0.408,0.384,0.430,1685,cluster-bootstrap-runs-200-95
baseline,Baseline,Moderately polarized appointment environment with ordinary constitutional-review pressure.,strict-recusal-court,Strict recusal with substitute justices,emergencyReasonGivingRate,0.698,0.679,0.719,1685,cluster-bootstrap-runs-200-95
baseline,Baseline,Moderately polarized appointment environment with ordinary constitutional-review pressure.,strict-recusal-court,Strict recusal with substitute justices,emergencyVoteDisclosureRate,0.635,0.613,0.655,1685,cluster-bootstrap-runs-200-95
baseline,Baseline,Moderately polarized appointment environment with ordinary constitutional-review pressure.,strict-recusal-court,Strict recusal with substitute justices,emergencyPublicDisagreementRate,0.273,0.256,0.298,1685,cluster-bootstrap-runs-200-95
baseline,Baseline,Moderately polarized appointment environment with ordinary constitutional-review pressure.,strict-recusal-court,Strict recusal with substitute justices,governmentEmergencyWinRate,0.385,0.361,0.409,1685,cluster-bootstrap-runs-200-95
baseline,Baseline,Moderately polarized appointment environment with ordinary constitutional-review pressure.,strict-recusal-court,Strict recusal with substitute justices,meritsFollowUpRate,0.288,0.267,0.308,1685,cluster-bootstrap-runs-200-95
baseline,Baseline,Moderately polarized appointment environment with ordinary constitutional-review pressure.,strict-recusal-court,Strict recusal with substitute justices,meritsInvalidationRate,0.403,0.393,0.415,8400,cluster-bootstrap-runs-200-95
baseline,Baseline,Moderately polarized appointment environment with ordinary constitutional-review pressure.,strict-recusal-court,Strict recusal with substitute justices,constitutionalConflict,0.247,0.246,0.248,9600,cluster-bootstrap-runs-200-95
baseline,Baseline,Moderately polarized appointment environment with ordinary constitutional-review pressure.,strict-recusal-court,Strict recusal with substitute justices,democraticResponsiveness,0.464,0.462,0.466,9600,cluster-bootstrap-runs-200-95
baseline,Baseline,Moderately polarized appointment environment with ordinary constitutional-review pressure.,strict-recusal-court,Strict recusal with substitute justices,complianceRate,0.457,0.441,0.471,9600,cluster-bootstrap-runs-200-95
baseline,Baseline,Moderately polarized appointment environment with ordinary constitutional-review pressure.,strict-recusal-court,Strict recusal with substitute justices,publicTrust,0.052,0.049,0.055,9600,cluster-bootstrap-runs-200-95
baseline,Baseline,Moderately polarized appointment environment with ordinary constitutional-review pressure.,strict-recusal-court,Strict recusal with substitute justices,administrativeLoad,0.478,0.477,0.479,9600,cluster-bootstrap-runs-200-95
baseline,Baseline,Moderately polarized appointment environment with ordinary constitutional-review pressure.,strict-recusal-court,Strict recusal with substitute justices,directCourtCost,0.363,0.363,0.363,9600,cluster-bootstrap-runs-200-95
baseline,Baseline,Moderately polarized appointment environment with ordinary constitutional-review pressure.,strict-recusal-court,Strict recusal with substitute justices,upstreamScreeningCost,0.698,0.697,0.698,9600,cluster-bootstrap-runs-200-95
baseline,Baseline,Moderately polarized appointment environment with ordinary constitutional-review pressure.,strict-recusal-court,Strict recusal with substitute justices,capacityStrainCost,0.426,0.425,0.426,9600,cluster-bootstrap-runs-200-95
baseline,Baseline,Moderately polarized appointment environment with ordinary constitutional-review pressure.,strict-recusal-court,Strict recusal with substitute justices,institutionalBudgetCost,0.438,0.438,0.438,9600,cluster-bootstrap-runs-200-95
baseline,Baseline,Moderately polarized appointment environment with ordinary constitutional-review pressure.,strict-recusal-court,Strict recusal with substitute justices,institutionalDelayCost,0.445,0.445,0.446,9600,cluster-bootstrap-runs-200-95
baseline,Baseline,Moderately polarized appointment environment with ordinary constitutional-review pressure.,strict-recusal-court,Strict recusal with substitute justices,implementationComplexity,0.488,0.488,0.489,9600,cluster-bootstrap-runs-200-95
baseline,Baseline,Moderately polarized appointment environment with ordinary constitutional-review pressure.,strict-recusal-court,Strict recusal with substitute justices,totalInstitutionalCost,0.479,0.478,0.479,9600,cluster-bootstrap-runs-200-95
baseline,Baseline,Moderately polarized appointment environment with ordinary constitutional-review pressure.,reasoned-emergency-review,Reasoned emergency orders with merits follow-up,directionalScore,0.689,0.686,0.693,9600,cluster-bootstrap-runs-200-95
baseline,Baseline,Moderately polarized appointment environment with ordinary constitutional-review pressure.,reasoned-emergency-review,Reasoned emergency orders with merits follow-up,legalStability,0.890,0.888,0.893,9600,cluster-bootstrap-runs-200-95
baseline,Baseline,Moderately polarized appointment environment with ordinary constitutional-review pressure.,reasoned-emergency-review,Reasoned emergency orders with merits follow-up,rightsProtection,0.740,0.738,0.741,9600,cluster-bootstrap-runs-200-95
baseline,Baseline,Moderately polarized appointment environment with ordinary constitutional-review pressure.,reasoned-emergency-review,Reasoned emergency orders with merits follow-up,partisanAlignment,0.169,0.167,0.171,9600,cluster-bootstrap-runs-200-95
baseline,Baseline,Moderately polarized appointment environment with ordinary constitutional-review pressure.,reasoned-emergency-review,Reasoned emergency orders with merits follow-up,shadowDocketAbuse,0.003,0.003,0.004,9600,cluster-bootstrap-runs-200-95
baseline,Baseline,Moderately polarized appointment environment with ordinary constitutional-review pressure.,reasoned-emergency-review,Reasoned emergency orders with merits follow-up,legitimacy,0.740,0.739,0.740,9600,cluster-bootstrap-runs-200-95
baseline,Baseline,Moderately polarized appointment environment with ordinary constitutional-review pressure.,reasoned-emergency-review,Reasoned emergency orders with merits follow-up,reversalRate,0.450,0.441,0.457,9600,cluster-bootstrap-runs-200-95
baseline,Baseline,Moderately polarized appointment environment with ordinary constitutional-review pressure.,reasoned-emergency-review,Reasoned emergency orders with merits follow-up,reviewRate,1.000,1.000,1.000,9600,cluster-bootstrap-runs-200-95
baseline,Baseline,Moderately polarized appointment environment with ordinary constitutional-review pressure.,reasoned-emergency-review,Reasoned emergency orders with merits follow-up,intakeAcceptanceRate,0.021,0.020,0.021,468235,cluster-bootstrap-runs-200-95
baseline,Baseline,Moderately polarized appointment environment with ordinary constitutional-review pressure.,reasoned-emergency-review,Reasoned emergency orders with merits follow-up,emergencyReliefRate,0.459,0.432,0.493,1094,cluster-bootstrap-runs-200-95
baseline,Baseline,Moderately polarized appointment environment with ordinary constitutional-review pressure.,reasoned-emergency-review,Reasoned emergency orders with merits follow-up,emergencyReasonGivingRate,0.868,0.846,0.888,1094,cluster-bootstrap-runs-200-95
baseline,Baseline,Moderately polarized appointment environment with ordinary constitutional-review pressure.,reasoned-emergency-review,Reasoned emergency orders with merits follow-up,emergencyVoteDisclosureRate,0.716,0.688,0.748,1094,cluster-bootstrap-runs-200-95
baseline,Baseline,Moderately polarized appointment environment with ordinary constitutional-review pressure.,reasoned-emergency-review,Reasoned emergency orders with merits follow-up,emergencyPublicDisagreementRate,0.129,0.111,0.147,1094,cluster-bootstrap-runs-200-95
baseline,Baseline,Moderately polarized appointment environment with ordinary constitutional-review pressure.,reasoned-emergency-review,Reasoned emergency orders with merits follow-up,governmentEmergencyWinRate,0.438,0.410,0.477,1094,cluster-bootstrap-runs-200-95
baseline,Baseline,Moderately polarized appointment environment with ordinary constitutional-review pressure.,reasoned-emergency-review,Reasoned emergency orders with merits follow-up,meritsFollowUpRate,1.000,1.000,1.000,1094,cluster-bootstrap-runs-200-95
baseline,Baseline,Moderately polarized appointment environment with ordinary constitutional-review pressure.,reasoned-emergency-review,Reasoned emergency orders with merits follow-up,meritsInvalidationRate,0.450,0.441,0.457,9600,cluster-bootstrap-runs-200-95
baseline,Baseline,Moderately polarized appointment environment with ordinary constitutional-review pressure.,reasoned-emergency-review,Reasoned emergency orders with merits follow-up,constitutionalConflict,0.239,0.238,0.241,9600,cluster-bootstrap-runs-200-95
baseline,Baseline,Moderately polarized appointment environment with ordinary constitutional-review pressure.,reasoned-emergency-review,Reasoned emergency orders with merits follow-up,democraticResponsiveness,0.460,0.458,0.461,9600,cluster-bootstrap-runs-200-95
baseline,Baseline,Moderately polarized appointment environment with ordinary constitutional-review pressure.,reasoned-emergency-review,Reasoned emergency orders with merits follow-up,complianceRate,0.473,0.458,0.485,9600,cluster-bootstrap-runs-200-95
baseline,Baseline,Moderately polarized appointment environment with ordinary constitutional-review pressure.,reasoned-emergency-review,Reasoned emergency orders with merits follow-up,publicTrust,0.053,0.049,0.056,9600,cluster-bootstrap-runs-200-95
baseline,Baseline,Moderately polarized appointment environment with ordinary constitutional-review pressure.,reasoned-emergency-review,Reasoned emergency orders with merits follow-up,administrativeLoad,0.463,0.462,0.464,9600,cluster-bootstrap-runs-200-95
baseline,Baseline,Moderately polarized appointment environment with ordinary constitutional-review pressure.,reasoned-emergency-review,Reasoned emergency orders with merits follow-up,directCourtCost,0.310,0.310,0.310,9600,cluster-bootstrap-runs-200-95
baseline,Baseline,Moderately polarized appointment environment with ordinary constitutional-review pressure.,reasoned-emergency-review,Reasoned emergency orders with merits follow-up,upstreamScreeningCost,0.698,0.697,0.699,9600,cluster-bootstrap-runs-200-95
baseline,Baseline,Moderately polarized appointment environment with ordinary constitutional-review pressure.,reasoned-emergency-review,Reasoned emergency orders with merits follow-up,capacityStrainCost,0.414,0.413,0.414,9600,cluster-bootstrap-runs-200-95
baseline,Baseline,Moderately polarized appointment environment with ordinary constitutional-review pressure.,reasoned-emergency-review,Reasoned emergency orders with merits follow-up,institutionalBudgetCost,0.385,0.385,0.385,9600,cluster-bootstrap-runs-200-95
baseline,Baseline,Moderately polarized appointment environment with ordinary constitutional-review pressure.,reasoned-emergency-review,Reasoned emergency orders with merits follow-up,institutionalDelayCost,0.446,0.445,0.446,9600,cluster-bootstrap-runs-200-95
baseline,Baseline,Moderately polarized appointment environment with ordinary constitutional-review pressure.,reasoned-emergency-review,Reasoned emergency orders with merits follow-up,implementationComplexity,0.486,0.485,0.486,9600,cluster-bootstrap-runs-200-95
baseline,Baseline,Moderately polarized appointment environment with ordinary constitutional-review pressure.,reasoned-emergency-review,Reasoned emergency orders with merits follow-up,totalInstitutionalCost,0.463,0.462,0.463,9600,cluster-bootstrap-runs-200-95
baseline,Baseline,Moderately polarized appointment environment with ordinary constitutional-review pressure.,panel-en-banc-review,Panel review with en banc safety valve,directionalScore,0.663,0.659,0.666,9600,cluster-bootstrap-runs-200-95
baseline,Baseline,Moderately polarized appointment environment with ordinary constitutional-review pressure.,panel-en-banc-review,Panel review with en banc safety valve,legalStability,0.881,0.879,0.883,9600,cluster-bootstrap-runs-200-95
baseline,Baseline,Moderately polarized appointment environment with ordinary constitutional-review pressure.,panel-en-banc-review,Panel review with en banc safety valve,rightsProtection,0.738,0.736,0.739,9600,cluster-bootstrap-runs-200-95
baseline,Baseline,Moderately polarized appointment environment with ordinary constitutional-review pressure.,panel-en-banc-review,Panel review with en banc safety valve,partisanAlignment,0.151,0.149,0.153,9600,cluster-bootstrap-runs-200-95
baseline,Baseline,Moderately polarized appointment environment with ordinary constitutional-review pressure.,panel-en-banc-review,Panel review with en banc safety valve,shadowDocketAbuse,0.064,0.061,0.068,9600,cluster-bootstrap-runs-200-95
baseline,Baseline,Moderately polarized appointment environment with ordinary constitutional-review pressure.,panel-en-banc-review,Panel review with en banc safety valve,legitimacy,0.718,0.717,0.719,9600,cluster-bootstrap-runs-200-95
baseline,Baseline,Moderately polarized appointment environment with ordinary constitutional-review pressure.,panel-en-banc-review,Panel review with en banc safety valve,reversalRate,0.370,0.361,0.379,9600,cluster-bootstrap-runs-200-95
baseline,Baseline,Moderately polarized appointment environment with ordinary constitutional-review pressure.,panel-en-banc-review,Panel review with en banc safety valve,reviewRate,1.000,1.000,1.000,9600,cluster-bootstrap-runs-200-95
baseline,Baseline,Moderately polarized appointment environment with ordinary constitutional-review pressure.,panel-en-banc-review,Panel review with en banc safety valve,intakeAcceptanceRate,0.021,0.021,0.021,463968,cluster-bootstrap-runs-200-95
baseline,Baseline,Moderately polarized appointment environment with ordinary constitutional-review pressure.,panel-en-banc-review,Panel review with en banc safety valve,emergencyReliefRate,0.443,0.424,0.463,1743,cluster-bootstrap-runs-200-95
baseline,Baseline,Moderately polarized appointment environment with ordinary constitutional-review pressure.,panel-en-banc-review,Panel review with en banc safety valve,emergencyReasonGivingRate,0.680,0.661,0.704,1743,cluster-bootstrap-runs-200-95
baseline,Baseline,Moderately polarized appointment environment with ordinary constitutional-review pressure.,panel-en-banc-review,Panel review with en banc safety valve,emergencyVoteDisclosureRate,0.642,0.621,0.666,1743,cluster-bootstrap-runs-200-95
baseline,Baseline,Moderately polarized appointment environment with ordinary constitutional-review pressure.,panel-en-banc-review,Panel review with en banc safety valve,emergencyPublicDisagreementRate,0.264,0.239,0.286,1743,cluster-bootstrap-runs-200-95
baseline,Baseline,Moderately polarized appointment environment with ordinary constitutional-review pressure.,panel-en-banc-review,Panel review with en banc safety valve,governmentEmergencyWinRate,0.415,0.394,0.441,1743,cluster-bootstrap-runs-200-95
baseline,Baseline,Moderately polarized appointment environment with ordinary constitutional-review pressure.,panel-en-banc-review,Panel review with en banc safety valve,meritsFollowUpRate,0.296,0.276,0.317,1743,cluster-bootstrap-runs-200-95
baseline,Baseline,Moderately polarized appointment environment with ordinary constitutional-review pressure.,panel-en-banc-review,Panel review with en banc safety valve,meritsInvalidationRate,0.424,0.415,0.435,8373,cluster-bootstrap-runs-200-95
baseline,Baseline,Moderately polarized appointment environment with ordinary constitutional-review pressure.,panel-en-banc-review,Panel review with en banc safety valve,constitutionalConflict,0.250,0.248,0.252,9600,cluster-bootstrap-runs-200-95
baseline,Baseline,Moderately polarized appointment environment with ordinary constitutional-review pressure.,panel-en-banc-review,Panel review with en banc safety valve,democraticResponsiveness,0.461,0.459,0.463,9600,cluster-bootstrap-runs-200-95
baseline,Baseline,Moderately polarized appointment environment with ordinary constitutional-review pressure.,panel-en-banc-review,Panel review with en banc safety valve,complianceRate,0.450,0.437,0.464,9600,cluster-bootstrap-runs-200-95
baseline,Baseline,Moderately polarized appointment environment with ordinary constitutional-review pressure.,panel-en-banc-review,Panel review with en banc safety valve,publicTrust,0.048,0.045,0.052,9600,cluster-bootstrap-runs-200-95
baseline,Baseline,Moderately polarized appointment environment with ordinary constitutional-review pressure.,panel-en-banc-review,Panel review with en banc safety valve,administrativeLoad,0.668,0.666,0.670,9600,cluster-bootstrap-runs-200-95
baseline,Baseline,Moderately polarized appointment environment with ordinary constitutional-review pressure.,panel-en-banc-review,Panel review with en banc safety valve,directCourtCost,0.433,0.433,0.433,9600,cluster-bootstrap-runs-200-95
baseline,Baseline,Moderately polarized appointment environment with ordinary constitutional-review pressure.,panel-en-banc-review,Panel review with en banc safety valve,upstreamScreeningCost,0.698,0.697,0.698,9600,cluster-bootstrap-runs-200-95
baseline,Baseline,Moderately polarized appointment environment with ordinary constitutional-review pressure.,panel-en-banc-review,Panel review with en banc safety valve,capacityStrainCost,0.460,0.459,0.461,9600,cluster-bootstrap-runs-200-95
baseline,Baseline,Moderately polarized appointment environment with ordinary constitutional-review pressure.,panel-en-banc-review,Panel review with en banc safety valve,institutionalBudgetCost,0.504,0.504,0.505,9600,cluster-bootstrap-runs-200-95
baseline,Baseline,Moderately polarized appointment environment with ordinary constitutional-review pressure.,panel-en-banc-review,Panel review with en banc safety valve,institutionalDelayCost,0.515,0.514,0.516,9600,cluster-bootstrap-runs-200-95
baseline,Baseline,Moderately polarized appointment environment with ordinary constitutional-review pressure.,panel-en-banc-review,Panel review with en banc safety valve,implementationComplexity,0.480,0.479,0.480,9600,cluster-bootstrap-runs-200-95
baseline,Baseline,Moderately polarized appointment environment with ordinary constitutional-review pressure.,panel-en-banc-review,Panel review with en banc safety valve,totalInstitutionalCost,0.514,0.514,0.515,9600,cluster-bootstrap-runs-200-95
baseline,Baseline,Moderately polarized appointment environment with ordinary constitutional-review pressure.,dual-cross-checking-courts,Dual supreme courts with cross-checking invalidations,directionalScore,0.699,0.694,0.704,9600,cluster-bootstrap-runs-200-95
baseline,Baseline,Moderately polarized appointment environment with ordinary constitutional-review pressure.,dual-cross-checking-courts,Dual supreme courts with cross-checking invalidations,legalStability,0.915,0.912,0.917,9600,cluster-bootstrap-runs-200-95
baseline,Baseline,Moderately polarized appointment environment with ordinary constitutional-review pressure.,dual-cross-checking-courts,Dual supreme courts with cross-checking invalidations,rightsProtection,0.747,0.745,0.748,9600,cluster-bootstrap-runs-200-95
baseline,Baseline,Moderately polarized appointment environment with ordinary constitutional-review pressure.,dual-cross-checking-courts,Dual supreme courts with cross-checking invalidations,partisanAlignment,0.138,0.136,0.140,9600,cluster-bootstrap-runs-200-95
baseline,Baseline,Moderately polarized appointment environment with ordinary constitutional-review pressure.,dual-cross-checking-courts,Dual supreme courts with cross-checking invalidations,shadowDocketAbuse,0.003,0.003,0.003,9600,cluster-bootstrap-runs-200-95
baseline,Baseline,Moderately polarized appointment environment with ordinary constitutional-review pressure.,dual-cross-checking-courts,Dual supreme courts with cross-checking invalidations,legitimacy,0.749,0.748,0.750,9600,cluster-bootstrap-runs-200-95
baseline,Baseline,Moderately polarized appointment environment with ordinary constitutional-review pressure.,dual-cross-checking-courts,Dual supreme courts with cross-checking invalidations,reversalRate,0.332,0.322,0.342,9600,cluster-bootstrap-runs-200-95
baseline,Baseline,Moderately polarized appointment environment with ordinary constitutional-review pressure.,dual-cross-checking-courts,Dual supreme courts with cross-checking invalidations,reviewRate,1.000,1.000,1.000,9600,cluster-bootstrap-runs-200-95
baseline,Baseline,Moderately polarized appointment environment with ordinary constitutional-review pressure.,dual-cross-checking-courts,Dual supreme courts with cross-checking invalidations,intakeAcceptanceRate,0.020,0.020,0.020,470495,cluster-bootstrap-runs-200-95
baseline,Baseline,Moderately polarized appointment environment with ordinary constitutional-review pressure.,dual-cross-checking-courts,Dual supreme courts with cross-checking invalidations,emergencyReliefRate,0.330,0.305,0.362,758,cluster-bootstrap-runs-200-95
baseline,Baseline,Moderately polarized appointment environment with ordinary constitutional-review pressure.,dual-cross-checking-courts,Dual supreme courts with cross-checking invalidations,emergencyReasonGivingRate,0.896,0.872,0.919,758,cluster-bootstrap-runs-200-95
baseline,Baseline,Moderately polarized appointment environment with ordinary constitutional-review pressure.,dual-cross-checking-courts,Dual supreme courts with cross-checking invalidations,emergencyVoteDisclosureRate,0.687,0.653,0.715,758,cluster-bootstrap-runs-200-95
baseline,Baseline,Moderately polarized appointment environment with ordinary constitutional-review pressure.,dual-cross-checking-courts,Dual supreme courts with cross-checking invalidations,emergencyPublicDisagreementRate,0.132,0.111,0.157,758,cluster-bootstrap-runs-200-95
baseline,Baseline,Moderately polarized appointment environment with ordinary constitutional-review pressure.,dual-cross-checking-courts,Dual supreme courts with cross-checking invalidations,governmentEmergencyWinRate,0.317,0.289,0.351,758,cluster-bootstrap-runs-200-95
baseline,Baseline,Moderately polarized appointment environment with ordinary constitutional-review pressure.,dual-cross-checking-courts,Dual supreme courts with cross-checking invalidations,meritsFollowUpRate,1.000,1.000,1.000,758,cluster-bootstrap-runs-200-95
baseline,Baseline,Moderately polarized appointment environment with ordinary constitutional-review pressure.,dual-cross-checking-courts,Dual supreme courts with cross-checking invalidations,meritsInvalidationRate,0.332,0.322,0.342,9600,cluster-bootstrap-runs-200-95
baseline,Baseline,Moderately polarized appointment environment with ordinary constitutional-review pressure.,dual-cross-checking-courts,Dual supreme courts with cross-checking invalidations,constitutionalConflict,0.244,0.243,0.245,9600,cluster-bootstrap-runs-200-95
baseline,Baseline,Moderately polarized appointment environment with ordinary constitutional-review pressure.,dual-cross-checking-courts,Dual supreme courts with cross-checking invalidations,democraticResponsiveness,0.474,0.471,0.475,9600,cluster-bootstrap-runs-200-95
baseline,Baseline,Moderately polarized appointment environment with ordinary constitutional-review pressure.,dual-cross-checking-courts,Dual supreme courts with cross-checking invalidations,complianceRate,0.523,0.506,0.542,9600,cluster-bootstrap-runs-200-95
baseline,Baseline,Moderately polarized appointment environment with ordinary constitutional-review pressure.,dual-cross-checking-courts,Dual supreme courts with cross-checking invalidations,publicTrust,0.062,0.058,0.067,9600,cluster-bootstrap-runs-200-95
baseline,Baseline,Moderately polarized appointment environment with ordinary constitutional-review pressure.,dual-cross-checking-courts,Dual supreme courts with cross-checking invalidations,administrativeLoad,0.859,0.859,0.860,9600,cluster-bootstrap-runs-200-95
baseline,Baseline,Moderately polarized appointment environment with ordinary constitutional-review pressure.,dual-cross-checking-courts,Dual supreme courts with cross-checking invalidations,directCourtCost,0.518,0.518,0.518,9600,cluster-bootstrap-runs-200-95
baseline,Baseline,Moderately polarized appointment environment with ordinary constitutional-review pressure.,dual-cross-checking-courts,Dual supreme courts with cross-checking invalidations,upstreamScreeningCost,0.698,0.698,0.699,9600,cluster-bootstrap-runs-200-95
baseline,Baseline,Moderately polarized appointment environment with ordinary constitutional-review pressure.,dual-cross-checking-courts,Dual supreme courts with cross-checking invalidations,capacityStrainCost,0.569,0.569,0.569,9600,cluster-bootstrap-runs-200-95
baseline,Baseline,Moderately polarized appointment environment with ordinary constitutional-review pressure.,dual-cross-checking-courts,Dual supreme courts with cross-checking invalidations,institutionalBudgetCost,0.585,0.585,0.586,9600,cluster-bootstrap-runs-200-95
baseline,Baseline,Moderately polarized appointment environment with ordinary constitutional-review pressure.,dual-cross-checking-courts,Dual supreme courts with cross-checking invalidations,institutionalDelayCost,0.573,0.572,0.573,9600,cluster-bootstrap-runs-200-95
baseline,Baseline,Moderately polarized appointment environment with ordinary constitutional-review pressure.,dual-cross-checking-courts,Dual supreme courts with cross-checking invalidations,implementationComplexity,0.622,0.622,0.622,9600,cluster-bootstrap-runs-200-95
baseline,Baseline,Moderately polarized appointment environment with ordinary constitutional-review pressure.,dual-cross-checking-courts,Dual supreme courts with cross-checking invalidations,totalInstitutionalCost,0.592,0.591,0.592,9600,cluster-bootstrap-runs-200-95
baseline,Baseline,Moderately polarized appointment environment with ordinary constitutional-review pressure.,constitutional-council,Pre-enactment constitutional council,directionalScore,0.704,0.699,0.709,9600,cluster-bootstrap-runs-200-95
baseline,Baseline,Moderately polarized appointment environment with ordinary constitutional-review pressure.,constitutional-council,Pre-enactment constitutional council,legalStability,0.949,0.947,0.950,9600,cluster-bootstrap-runs-200-95
baseline,Baseline,Moderately polarized appointment environment with ordinary constitutional-review pressure.,constitutional-council,Pre-enactment constitutional council,rightsProtection,0.740,0.738,0.742,9600,cluster-bootstrap-runs-200-95
baseline,Baseline,Moderately polarized appointment environment with ordinary constitutional-review pressure.,constitutional-council,Pre-enactment constitutional council,partisanAlignment,0.131,0.129,0.132,9600,cluster-bootstrap-runs-200-95
baseline,Baseline,Moderately polarized appointment environment with ordinary constitutional-review pressure.,constitutional-council,Pre-enactment constitutional council,shadowDocketAbuse,0.059,0.056,0.062,9600,cluster-bootstrap-runs-200-95
baseline,Baseline,Moderately polarized appointment environment with ordinary constitutional-review pressure.,constitutional-council,Pre-enactment constitutional council,legitimacy,0.751,0.749,0.752,9600,cluster-bootstrap-runs-200-95
baseline,Baseline,Moderately polarized appointment environment with ordinary constitutional-review pressure.,constitutional-council,Pre-enactment constitutional council,reversalRate,0.266,0.259,0.275,9600,cluster-bootstrap-runs-200-95
baseline,Baseline,Moderately polarized appointment environment with ordinary constitutional-review pressure.,constitutional-council,Pre-enactment constitutional council,reviewRate,1.000,1.000,1.000,9600,cluster-bootstrap-runs-200-95
baseline,Baseline,Moderately polarized appointment environment with ordinary constitutional-review pressure.,constitutional-council,Pre-enactment constitutional council,intakeAcceptanceRate,0.021,0.021,0.021,464399,cluster-bootstrap-runs-200-95
baseline,Baseline,Moderately polarized appointment environment with ordinary constitutional-review pressure.,constitutional-council,Pre-enactment constitutional council,emergencyReliefRate,0.398,0.375,0.424,1674,cluster-bootstrap-runs-200-95
baseline,Baseline,Moderately polarized appointment environment with ordinary constitutional-review pressure.,constitutional-council,Pre-enactment constitutional council,emergencyReasonGivingRate,0.748,0.727,0.770,1674,cluster-bootstrap-runs-200-95
baseline,Baseline,Moderately polarized appointment environment with ordinary constitutional-review pressure.,constitutional-council,Pre-enactment constitutional council,emergencyVoteDisclosureRate,0.724,0.704,0.747,1674,cluster-bootstrap-runs-200-95
baseline,Baseline,Moderately polarized appointment environment with ordinary constitutional-review pressure.,constitutional-council,Pre-enactment constitutional council,emergencyPublicDisagreementRate,0.244,0.223,0.265,1674,cluster-bootstrap-runs-200-95
baseline,Baseline,Moderately polarized appointment environment with ordinary constitutional-review pressure.,constitutional-council,Pre-enactment constitutional council,governmentEmergencyWinRate,0.367,0.341,0.393,1674,cluster-bootstrap-runs-200-95
baseline,Baseline,Moderately polarized appointment environment with ordinary constitutional-review pressure.,constitutional-council,Pre-enactment constitutional council,meritsFollowUpRate,0.293,0.272,0.318,1674,cluster-bootstrap-runs-200-95
baseline,Baseline,Moderately polarized appointment environment with ordinary constitutional-review pressure.,constitutional-council,Pre-enactment constitutional council,meritsInvalidationRate,0.304,0.295,0.314,8416,cluster-bootstrap-runs-200-95
baseline,Baseline,Moderately polarized appointment environment with ordinary constitutional-review pressure.,constitutional-council,Pre-enactment constitutional council,constitutionalConflict,0.237,0.236,0.239,9600,cluster-bootstrap-runs-200-95
baseline,Baseline,Moderately polarized appointment environment with ordinary constitutional-review pressure.,constitutional-council,Pre-enactment constitutional council,democraticResponsiveness,0.472,0.469,0.474,9600,cluster-bootstrap-runs-200-95
baseline,Baseline,Moderately polarized appointment environment with ordinary constitutional-review pressure.,constitutional-council,Pre-enactment constitutional council,complianceRate,0.534,0.512,0.556,9600,cluster-bootstrap-runs-200-95
baseline,Baseline,Moderately polarized appointment environment with ordinary constitutional-review pressure.,constitutional-council,Pre-enactment constitutional council,publicTrust,0.067,0.062,0.072,9600,cluster-bootstrap-runs-200-95
baseline,Baseline,Moderately polarized appointment environment with ordinary constitutional-review pressure.,constitutional-council,Pre-enactment constitutional council,administrativeLoad,0.731,0.730,0.732,9600,cluster-bootstrap-runs-200-95
baseline,Baseline,Moderately polarized appointment environment with ordinary constitutional-review pressure.,constitutional-council,Pre-enactment constitutional council,directCourtCost,0.442,0.442,0.443,9600,cluster-bootstrap-runs-200-95
baseline,Baseline,Moderately polarized appointment environment with ordinary constitutional-review pressure.,constitutional-council,Pre-enactment constitutional council,upstreamScreeningCost,0.698,0.697,0.698,9600,cluster-bootstrap-runs-200-95
baseline,Baseline,Moderately polarized appointment environment with ordinary constitutional-review pressure.,constitutional-council,Pre-enactment constitutional council,capacityStrainCost,0.487,0.486,0.487,9600,cluster-bootstrap-runs-200-95
baseline,Baseline,Moderately polarized appointment environment with ordinary constitutional-review pressure.,constitutional-council,Pre-enactment constitutional council,institutionalBudgetCost,0.512,0.512,0.512,9600,cluster-bootstrap-runs-200-95
baseline,Baseline,Moderately polarized appointment environment with ordinary constitutional-review pressure.,constitutional-council,Pre-enactment constitutional council,institutionalDelayCost,0.513,0.513,0.514,9600,cluster-bootstrap-runs-200-95
baseline,Baseline,Moderately polarized appointment environment with ordinary constitutional-review pressure.,constitutional-council,Pre-enactment constitutional council,implementationComplexity,0.565,0.564,0.565,9600,cluster-bootstrap-runs-200-95
baseline,Baseline,Moderately polarized appointment environment with ordinary constitutional-review pressure.,constitutional-council,Pre-enactment constitutional council,totalInstitutionalCost,0.536,0.536,0.536,9600,cluster-bootstrap-runs-200-95
baseline,Baseline,Moderately polarized appointment environment with ordinary constitutional-review pressure.,legislative-override-court,Judicial review with delayed legislative override,directionalScore,0.661,0.658,0.664,9600,cluster-bootstrap-runs-200-95
baseline,Baseline,Moderately polarized appointment environment with ordinary constitutional-review pressure.,legislative-override-court,Judicial review with delayed legislative override,legalStability,0.874,0.871,0.876,9600,cluster-bootstrap-runs-200-95
baseline,Baseline,Moderately polarized appointment environment with ordinary constitutional-review pressure.,legislative-override-court,Judicial review with delayed legislative override,rightsProtection,0.734,0.732,0.736,9600,cluster-bootstrap-runs-200-95
baseline,Baseline,Moderately polarized appointment environment with ordinary constitutional-review pressure.,legislative-override-court,Judicial review with delayed legislative override,partisanAlignment,0.162,0.161,0.165,9600,cluster-bootstrap-runs-200-95
baseline,Baseline,Moderately polarized appointment environment with ordinary constitutional-review pressure.,legislative-override-court,Judicial review with delayed legislative override,shadowDocketAbuse,0.064,0.061,0.067,9600,cluster-bootstrap-runs-200-95
baseline,Baseline,Moderately polarized appointment environment with ordinary constitutional-review pressure.,legislative-override-court,Judicial review with delayed legislative override,legitimacy,0.698,0.696,0.699,9600,cluster-bootstrap-runs-200-95
baseline,Baseline,Moderately polarized appointment environment with ordinary constitutional-review pressure.,legislative-override-court,Judicial review with delayed legislative override,reversalRate,0.375,0.364,0.386,9600,cluster-bootstrap-runs-200-95
baseline,Baseline,Moderately polarized appointment environment with ordinary constitutional-review pressure.,legislative-override-court,Judicial review with delayed legislative override,reviewRate,1.000,1.000,1.000,9600,cluster-bootstrap-runs-200-95
baseline,Baseline,Moderately polarized appointment environment with ordinary constitutional-review pressure.,legislative-override-court,Judicial review with delayed legislative override,intakeAcceptanceRate,0.021,0.021,0.021,464374,cluster-bootstrap-runs-200-95
baseline,Baseline,Moderately polarized appointment environment with ordinary constitutional-review pressure.,legislative-override-court,Judicial review with delayed legislative override,emergencyReliefRate,0.466,0.444,0.490,1672,cluster-bootstrap-runs-200-95
baseline,Baseline,Moderately polarized appointment environment with ordinary constitutional-review pressure.,legislative-override-court,Judicial review with delayed legislative override,emergencyReasonGivingRate,0.663,0.640,0.683,1672,cluster-bootstrap-runs-200-95
baseline,Baseline,Moderately polarized appointment environment with ordinary constitutional-review pressure.,legislative-override-court,Judicial review with delayed legislative override,emergencyVoteDisclosureRate,0.576,0.552,0.599,1672,cluster-bootstrap-runs-200-95
baseline,Baseline,Moderately polarized appointment environment with ordinary constitutional-review pressure.,legislative-override-court,Judicial review with delayed legislative override,emergencyPublicDisagreementRate,0.292,0.273,0.313,1672,cluster-bootstrap-runs-200-95
baseline,Baseline,Moderately polarized appointment environment with ordinary constitutional-review pressure.,legislative-override-court,Judicial review with delayed legislative override,governmentEmergencyWinRate,0.446,0.421,0.470,1672,cluster-bootstrap-runs-200-95
baseline,Baseline,Moderately polarized appointment environment with ordinary constitutional-review pressure.,legislative-override-court,Judicial review with delayed legislative override,meritsFollowUpRate,0.289,0.270,0.309,1672,cluster-bootstrap-runs-200-95
baseline,Baseline,Moderately polarized appointment environment with ordinary constitutional-review pressure.,legislative-override-court,Judicial review with delayed legislative override,meritsInvalidationRate,0.428,0.417,0.440,8411,cluster-bootstrap-runs-200-95
baseline,Baseline,Moderately polarized appointment environment with ordinary constitutional-review pressure.,legislative-override-court,Judicial review with delayed legislative override,constitutionalConflict,0.257,0.254,0.259,9600,cluster-bootstrap-runs-200-95
baseline,Baseline,Moderately polarized appointment environment with ordinary constitutional-review pressure.,legislative-override-court,Judicial review with delayed legislative override,democraticResponsiveness,0.463,0.461,0.465,9600,cluster-bootstrap-runs-200-95
baseline,Baseline,Moderately polarized appointment environment with ordinary constitutional-review pressure.,legislative-override-court,Judicial review with delayed legislative override,complianceRate,0.427,0.413,0.439,9600,cluster-bootstrap-runs-200-95
baseline,Baseline,Moderately polarized appointment environment with ordinary constitutional-review pressure.,legislative-override-court,Judicial review with delayed legislative override,publicTrust,0.044,0.041,0.047,9600,cluster-bootstrap-runs-200-95
baseline,Baseline,Moderately polarized appointment environment with ordinary constitutional-review pressure.,legislative-override-court,Judicial review with delayed legislative override,administrativeLoad,0.470,0.469,0.471,9600,cluster-bootstrap-runs-200-95
baseline,Baseline,Moderately polarized appointment environment with ordinary constitutional-review pressure.,legislative-override-court,Judicial review with delayed legislative override,directCourtCost,0.311,0.311,0.311,9600,cluster-bootstrap-runs-200-95
baseline,Baseline,Moderately polarized appointment environment with ordinary constitutional-review pressure.,legislative-override-court,Judicial review with delayed legislative override,upstreamScreeningCost,0.698,0.697,0.698,9600,cluster-bootstrap-runs-200-95
baseline,Baseline,Moderately polarized appointment environment with ordinary constitutional-review pressure.,legislative-override-court,Judicial review with delayed legislative override,capacityStrainCost,0.420,0.419,0.420,9600,cluster-bootstrap-runs-200-95
baseline,Baseline,Moderately polarized appointment environment with ordinary constitutional-review pressure.,legislative-override-court,Judicial review with delayed legislative override,institutionalBudgetCost,0.385,0.385,0.386,9600,cluster-bootstrap-runs-200-95
baseline,Baseline,Moderately polarized appointment environment with ordinary constitutional-review pressure.,legislative-override-court,Judicial review with delayed legislative override,institutionalDelayCost,0.445,0.444,0.445,9600,cluster-bootstrap-runs-200-95
baseline,Baseline,Moderately polarized appointment environment with ordinary constitutional-review pressure.,legislative-override-court,Judicial review with delayed legislative override,implementationComplexity,0.514,0.514,0.514,9600,cluster-bootstrap-runs-200-95
baseline,Baseline,Moderately polarized appointment environment with ordinary constitutional-review pressure.,legislative-override-court,Judicial review with delayed legislative override,totalInstitutionalCost,0.469,0.468,0.469,9600,cluster-bootstrap-runs-200-95
baseline,Baseline,Moderately polarized appointment environment with ordinary constitutional-review pressure.,accountability-retention-court,Retention-election accountability court,directionalScore,0.699,0.696,0.705,9600,cluster-bootstrap-runs-200-95
baseline,Baseline,Moderately polarized appointment environment with ordinary constitutional-review pressure.,accountability-retention-court,Retention-election accountability court,legalStability,0.894,0.891,0.896,9600,cluster-bootstrap-runs-200-95
baseline,Baseline,Moderately polarized appointment environment with ordinary constitutional-review pressure.,accountability-retention-court,Retention-election accountability court,rightsProtection,0.733,0.731,0.735,9600,cluster-bootstrap-runs-200-95
baseline,Baseline,Moderately polarized appointment environment with ordinary constitutional-review pressure.,accountability-retention-court,Retention-election accountability court,partisanAlignment,0.139,0.138,0.141,9600,cluster-bootstrap-runs-200-95
baseline,Baseline,Moderately polarized appointment environment with ordinary constitutional-review pressure.,accountability-retention-court,Retention-election accountability court,shadowDocketAbuse,0.055,0.053,0.058,9600,cluster-bootstrap-runs-200-95
baseline,Baseline,Moderately polarized appointment environment with ordinary constitutional-review pressure.,accountability-retention-court,Retention-election accountability court,legitimacy,0.719,0.718,0.720,9600,cluster-bootstrap-runs-200-95
baseline,Baseline,Moderately polarized appointment environment with ordinary constitutional-review pressure.,accountability-retention-court,Retention-election accountability court,reversalRate,0.250,0.243,0.258,9600,cluster-bootstrap-runs-200-95
baseline,Baseline,Moderately polarized appointment environment with ordinary constitutional-review pressure.,accountability-retention-court,Retention-election accountability court,reviewRate,1.000,1.000,1.000,9600,cluster-bootstrap-runs-200-95
baseline,Baseline,Moderately polarized appointment environment with ordinary constitutional-review pressure.,accountability-retention-court,Retention-election accountability court,intakeAcceptanceRate,0.021,0.021,0.021,464738,cluster-bootstrap-runs-200-95
baseline,Baseline,Moderately polarized appointment environment with ordinary constitutional-review pressure.,accountability-retention-court,Retention-election accountability court,emergencyReliefRate,0.268,0.245,0.291,1614,cluster-bootstrap-runs-200-95
baseline,Baseline,Moderately polarized appointment environment with ordinary constitutional-review pressure.,accountability-retention-court,Retention-election accountability court,emergencyReasonGivingRate,0.693,0.672,0.713,1614,cluster-bootstrap-runs-200-95
baseline,Baseline,Moderately polarized appointment environment with ordinary constitutional-review pressure.,accountability-retention-court,Retention-election accountability court,emergencyVoteDisclosureRate,0.599,0.577,0.631,1614,cluster-bootstrap-runs-200-95
baseline,Baseline,Moderately polarized appointment environment with ordinary constitutional-review pressure.,accountability-retention-court,Retention-election accountability court,emergencyPublicDisagreementRate,0.237,0.219,0.256,1614,cluster-bootstrap-runs-200-95
baseline,Baseline,Moderately polarized appointment environment with ordinary constitutional-review pressure.,accountability-retention-court,Retention-election accountability court,governmentEmergencyWinRate,0.250,0.228,0.277,1614,cluster-bootstrap-runs-200-95
baseline,Baseline,Moderately polarized appointment environment with ordinary constitutional-review pressure.,accountability-retention-court,Retention-election accountability court,meritsFollowUpRate,0.287,0.267,0.306,1614,cluster-bootstrap-runs-200-95
baseline,Baseline,Moderately polarized appointment environment with ordinary constitutional-review pressure.,accountability-retention-court,Retention-election accountability court,meritsInvalidationRate,0.285,0.276,0.294,8449,cluster-bootstrap-runs-200-95
baseline,Baseline,Moderately polarized appointment environment with ordinary constitutional-review pressure.,accountability-retention-court,Retention-election accountability court,constitutionalConflict,0.245,0.243,0.248,9600,cluster-bootstrap-runs-200-95
baseline,Baseline,Moderately polarized appointment environment with ordinary constitutional-review pressure.,accountability-retention-court,Retention-election accountability court,democraticResponsiveness,0.483,0.481,0.485,9600,cluster-bootstrap-runs-200-95
baseline,Baseline,Moderately polarized appointment environment with ordinary constitutional-review pressure.,accountability-retention-court,Retention-election accountability court,complianceRate,0.491,0.472,0.512,9600,cluster-bootstrap-runs-200-95
baseline,Baseline,Moderately polarized appointment environment with ordinary constitutional-review pressure.,accountability-retention-court,Retention-election accountability court,publicTrust,0.055,0.051,0.060,9600,cluster-bootstrap-runs-200-95
baseline,Baseline,Moderately polarized appointment environment with ordinary constitutional-review pressure.,accountability-retention-court,Retention-election accountability court,administrativeLoad,0.490,0.489,0.491,9600,cluster-bootstrap-runs-200-95
baseline,Baseline,Moderately polarized appointment environment with ordinary constitutional-review pressure.,accountability-retention-court,Retention-election accountability court,directCourtCost,0.322,0.322,0.322,9600,cluster-bootstrap-runs-200-95
baseline,Baseline,Moderately polarized appointment environment with ordinary constitutional-review pressure.,accountability-retention-court,Retention-election accountability court,upstreamScreeningCost,0.698,0.697,0.698,9600,cluster-bootstrap-runs-200-95
baseline,Baseline,Moderately polarized appointment environment with ordinary constitutional-review pressure.,accountability-retention-court,Retention-election accountability court,capacityStrainCost,0.456,0.455,0.456,9600,cluster-bootstrap-runs-200-95
baseline,Baseline,Moderately polarized appointment environment with ordinary constitutional-review pressure.,accountability-retention-court,Retention-election accountability court,institutionalBudgetCost,0.397,0.396,0.397,9600,cluster-bootstrap-runs-200-95
baseline,Baseline,Moderately polarized appointment environment with ordinary constitutional-review pressure.,accountability-retention-court,Retention-election accountability court,institutionalDelayCost,0.449,0.448,0.449,9600,cluster-bootstrap-runs-200-95
baseline,Baseline,Moderately polarized appointment environment with ordinary constitutional-review pressure.,accountability-retention-court,Retention-election accountability court,implementationComplexity,0.540,0.540,0.541,9600,cluster-bootstrap-runs-200-95
baseline,Baseline,Moderately polarized appointment environment with ordinary constitutional-review pressure.,accountability-retention-court,Retention-election accountability court,totalInstitutionalCost,0.484,0.484,0.484,9600,cluster-bootstrap-runs-200-95
baseline,Baseline,Moderately polarized appointment environment with ordinary constitutional-review pressure.,independence-accountability-hybrid,Hybrid court balancing independence and accountability,directionalScore,0.705,0.701,0.710,9600,cluster-bootstrap-runs-200-95
baseline,Baseline,Moderately polarized appointment environment with ordinary constitutional-review pressure.,independence-accountability-hybrid,Hybrid court balancing independence and accountability,legalStability,0.917,0.915,0.919,9600,cluster-bootstrap-runs-200-95
baseline,Baseline,Moderately polarized appointment environment with ordinary constitutional-review pressure.,independence-accountability-hybrid,Hybrid court balancing independence and accountability,rightsProtection,0.745,0.743,0.747,9600,cluster-bootstrap-runs-200-95
baseline,Baseline,Moderately polarized appointment environment with ordinary constitutional-review pressure.,independence-accountability-hybrid,Hybrid court balancing independence and accountability,partisanAlignment,0.142,0.140,0.144,9600,cluster-bootstrap-runs-200-95
baseline,Baseline,Moderately polarized appointment environment with ordinary constitutional-review pressure.,independence-accountability-hybrid,Hybrid court balancing independence and accountability,shadowDocketAbuse,0.002,0.002,0.003,9600,cluster-bootstrap-runs-200-95
baseline,Baseline,Moderately polarized appointment environment with ordinary constitutional-review pressure.,independence-accountability-hybrid,Hybrid court balancing independence and accountability,legitimacy,0.752,0.751,0.753,9600,cluster-bootstrap-runs-200-95
baseline,Baseline,Moderately polarized appointment environment with ordinary constitutional-review pressure.,independence-accountability-hybrid,Hybrid court balancing independence and accountability,reversalRate,0.362,0.354,0.372,9600,cluster-bootstrap-runs-200-95
baseline,Baseline,Moderately polarized appointment environment with ordinary constitutional-review pressure.,independence-accountability-hybrid,Hybrid court balancing independence and accountability,reviewRate,1.000,1.000,1.000,9600,cluster-bootstrap-runs-200-95
baseline,Baseline,Moderately polarized appointment environment with ordinary constitutional-review pressure.,independence-accountability-hybrid,Hybrid court balancing independence and accountability,intakeAcceptanceRate,0.020,0.020,0.021,468582,cluster-bootstrap-runs-200-95
baseline,Baseline,Moderately polarized appointment environment with ordinary constitutional-review pressure.,independence-accountability-hybrid,Hybrid court balancing independence and accountability,emergencyReliefRate,0.379,0.350,0.411,1045,cluster-bootstrap-runs-200-95
baseline,Baseline,Moderately polarized appointment environment with ordinary constitutional-review pressure.,independence-accountability-hybrid,Hybrid court balancing independence and accountability,emergencyReasonGivingRate,0.874,0.853,0.891,1045,cluster-bootstrap-runs-200-95
baseline,Baseline,Moderately polarized appointment environment with ordinary constitutional-review pressure.,independence-accountability-hybrid,Hybrid court balancing independence and accountability,emergencyVoteDisclosureRate,0.704,0.675,0.727,1045,cluster-bootstrap-runs-200-95
baseline,Baseline,Moderately polarized appointment environment with ordinary constitutional-review pressure.,independence-accountability-hybrid,Hybrid court balancing independence and accountability,emergencyPublicDisagreementRate,0.122,0.101,0.144,1045,cluster-bootstrap-runs-200-95
baseline,Baseline,Moderately polarized appointment environment with ordinary constitutional-review pressure.,independence-accountability-hybrid,Hybrid court balancing independence and accountability,governmentEmergencyWinRate,0.358,0.328,0.387,1045,cluster-bootstrap-runs-200-95
baseline,Baseline,Moderately polarized appointment environment with ordinary constitutional-review pressure.,independence-accountability-hybrid,Hybrid court balancing independence and accountability,meritsFollowUpRate,1.000,1.000,1.000,1045,cluster-bootstrap-runs-200-95
baseline,Baseline,Moderately polarized appointment environment with ordinary constitutional-review pressure.,independence-accountability-hybrid,Hybrid court balancing independence and accountability,meritsInvalidationRate,0.362,0.354,0.372,9600,cluster-bootstrap-runs-200-95
baseline,Baseline,Moderately polarized appointment environment with ordinary constitutional-review pressure.,independence-accountability-hybrid,Hybrid court balancing independence and accountability,constitutionalConflict,0.229,0.228,0.230,9600,cluster-bootstrap-runs-200-95
baseline,Baseline,Moderately polarized appointment environment with ordinary constitutional-review pressure.,independence-accountability-hybrid,Hybrid court balancing independence and accountability,democraticResponsiveness,0.471,0.469,0.473,9600,cluster-bootstrap-runs-200-95
baseline,Baseline,Moderately polarized appointment environment with ordinary constitutional-review pressure.,independence-accountability-hybrid,Hybrid court balancing independence and accountability,complianceRate,0.511,0.493,0.531,9600,cluster-bootstrap-runs-200-95
baseline,Baseline,Moderately polarized appointment environment with ordinary constitutional-review pressure.,independence-accountability-hybrid,Hybrid court balancing independence and accountability,publicTrust,0.063,0.059,0.066,9600,cluster-bootstrap-runs-200-95
baseline,Baseline,Moderately polarized appointment environment with ordinary constitutional-review pressure.,independence-accountability-hybrid,Hybrid court balancing independence and accountability,administrativeLoad,0.658,0.656,0.660,9600,cluster-bootstrap-runs-200-95
baseline,Baseline,Moderately polarized appointment environment with ordinary constitutional-review pressure.,independence-accountability-hybrid,Hybrid court balancing independence and accountability,directCourtCost,0.456,0.456,0.457,9600,cluster-bootstrap-runs-200-95
baseline,Baseline,Moderately polarized appointment environment with ordinary constitutional-review pressure.,independence-accountability-hybrid,Hybrid court balancing independence and accountability,upstreamScreeningCost,0.698,0.697,0.699,9600,cluster-bootstrap-runs-200-95
baseline,Baseline,Moderately polarized appointment environment with ordinary constitutional-review pressure.,independence-accountability-hybrid,Hybrid court balancing independence and accountability,capacityStrainCost,0.455,0.454,0.455,9600,cluster-bootstrap-runs-200-95
baseline,Baseline,Moderately polarized appointment environment with ordinary constitutional-review pressure.,independence-accountability-hybrid,Hybrid court balancing independence and accountability,institutionalBudgetCost,0.528,0.528,0.529,9600,cluster-bootstrap-runs-200-95
baseline,Baseline,Moderately polarized appointment environment with ordinary constitutional-review pressure.,independence-accountability-hybrid,Hybrid court balancing independence and accountability,institutionalDelayCost,0.515,0.514,0.516,9600,cluster-bootstrap-runs-200-95
baseline,Baseline,Moderately polarized appointment environment with ordinary constitutional-review pressure.,independence-accountability-hybrid,Hybrid court balancing independence and accountability,implementationComplexity,0.635,0.634,0.635,9600,cluster-bootstrap-runs-200-95
baseline,Baseline,Moderately polarized appointment environment with ordinary constitutional-review pressure.,independence-accountability-hybrid,Hybrid court balancing independence and accountability,totalInstitutionalCost,0.545,0.545,0.546,9600,cluster-bootstrap-runs-200-95
polarized-appointments,Polarized appointments,"High appointment polarization, higher partisan pressure, and lower public trust.",current-federal-court,Current-style federal supreme court,directionalScore,0.530,0.528,0.533,9600,cluster-bootstrap-runs-200-95
polarized-appointments,Polarized appointments,"High appointment polarization, higher partisan pressure, and lower public trust.",current-federal-court,Current-style federal supreme court,legalStability,0.771,0.768,0.774,9600,cluster-bootstrap-runs-200-95
polarized-appointments,Polarized appointments,"High appointment polarization, higher partisan pressure, and lower public trust.",current-federal-court,Current-style federal supreme court,rightsProtection,0.671,0.669,0.674,9600,cluster-bootstrap-runs-200-95
polarized-appointments,Polarized appointments,"High appointment polarization, higher partisan pressure, and lower public trust.",current-federal-court,Current-style federal supreme court,partisanAlignment,0.260,0.258,0.262,9600,cluster-bootstrap-runs-200-95
polarized-appointments,Polarized appointments,"High appointment polarization, higher partisan pressure, and lower public trust.",current-federal-court,Current-style federal supreme court,shadowDocketAbuse,0.376,0.366,0.386,9600,cluster-bootstrap-runs-200-95
polarized-appointments,Polarized appointments,"High appointment polarization, higher partisan pressure, and lower public trust.",current-federal-court,Current-style federal supreme court,legitimacy,0.534,0.531,0.536,9600,cluster-bootstrap-runs-200-95
polarized-appointments,Polarized appointments,"High appointment polarization, higher partisan pressure, and lower public trust.",current-federal-court,Current-style federal supreme court,reversalRate,0.295,0.285,0.303,9600,cluster-bootstrap-runs-200-95
polarized-appointments,Polarized appointments,"High appointment polarization, higher partisan pressure, and lower public trust.",current-federal-court,Current-style federal supreme court,reviewRate,1.000,1.000,1.000,9600,cluster-bootstrap-runs-200-95
polarized-appointments,Polarized appointments,"High appointment polarization, higher partisan pressure, and lower public trust.",current-federal-court,Current-style federal supreme court,intakeAcceptanceRate,0.022,0.022,0.022,444456,cluster-bootstrap-runs-200-95
polarized-appointments,Polarized appointments,"High appointment polarization, higher partisan pressure, and lower public trust.",current-federal-court,Current-style federal supreme court,emergencyReliefRate,0.760,0.749,0.772,4227,cluster-bootstrap-runs-200-95
polarized-appointments,Polarized appointments,"High appointment polarization, higher partisan pressure, and lower public trust.",current-federal-court,Current-style federal supreme court,emergencyReasonGivingRate,0.028,0.024,0.033,4227,cluster-bootstrap-runs-200-95
polarized-appointments,Polarized appointments,"High appointment polarization, higher partisan pressure, and lower public trust.",current-federal-court,Current-style federal supreme court,emergencyVoteDisclosureRate,0.380,0.364,0.394,4227,cluster-bootstrap-runs-200-95
polarized-appointments,Polarized appointments,"High appointment polarization, higher partisan pressure, and lower public trust.",current-federal-court,Current-style federal supreme court,emergencyPublicDisagreementRate,0.583,0.571,0.596,4227,cluster-bootstrap-runs-200-95
polarized-appointments,Polarized appointments,"High appointment polarization, higher partisan pressure, and lower public trust.",current-federal-court,Current-style federal supreme court,governmentEmergencyWinRate,0.750,0.734,0.766,4227,cluster-bootstrap-runs-200-95
polarized-appointments,Polarized appointments,"High appointment polarization, higher partisan pressure, and lower public trust.",current-federal-court,Current-style federal supreme court,meritsFollowUpRate,0.000,0.000,0.000,4227,cluster-bootstrap-runs-200-95
polarized-appointments,Polarized appointments,"High appointment polarization, higher partisan pressure, and lower public trust.",current-federal-court,Current-style federal supreme court,meritsInvalidationRate,0.526,0.515,0.537,5373,cluster-bootstrap-runs-200-95
polarized-appointments,Polarized appointments,"High appointment polarization, higher partisan pressure, and lower public trust.",current-federal-court,Current-style federal supreme court,constitutionalConflict,0.359,0.356,0.362,9600,cluster-bootstrap-runs-200-95
polarized-appointments,Polarized appointments,"High appointment polarization, higher partisan pressure, and lower public trust.",current-federal-court,Current-style federal supreme court,democraticResponsiveness,0.392,0.390,0.394,9600,cluster-bootstrap-runs-200-95
polarized-appointments,Polarized appointments,"High appointment polarization, higher partisan pressure, and lower public trust.",current-federal-court,Current-style federal supreme court,complianceRate,0.308,0.300,0.316,9600,cluster-bootstrap-runs-200-95
polarized-appointments,Polarized appointments,"High appointment polarization, higher partisan pressure, and lower public trust.",current-federal-court,Current-style federal supreme court,publicTrust,0.014,0.014,0.016,9600,cluster-bootstrap-runs-200-95
polarized-appointments,Polarized appointments,"High appointment polarization, higher partisan pressure, and lower public trust.",current-federal-court,Current-style federal supreme court,administrativeLoad,0.483,0.482,0.484,9600,cluster-bootstrap-runs-200-95
polarized-appointments,Polarized appointments,"High appointment polarization, higher partisan pressure, and lower public trust.",current-federal-court,Current-style federal supreme court,directCourtCost,0.306,0.306,0.307,9600,cluster-bootstrap-runs-200-95
polarized-appointments,Polarized appointments,"High appointment polarization, higher partisan pressure, and lower public trust.",current-federal-court,Current-style federal supreme court,upstreamScreeningCost,0.695,0.694,0.696,9600,cluster-bootstrap-runs-200-95
polarized-appointments,Polarized appointments,"High appointment polarization, higher partisan pressure, and lower public trust.",current-federal-court,Current-style federal supreme court,capacityStrainCost,0.422,0.421,0.423,9600,cluster-bootstrap-runs-200-95
polarized-appointments,Polarized appointments,"High appointment polarization, higher partisan pressure, and lower public trust.",current-federal-court,Current-style federal supreme court,institutionalBudgetCost,0.380,0.380,0.381,9600,cluster-bootstrap-runs-200-95
polarized-appointments,Polarized appointments,"High appointment polarization, higher partisan pressure, and lower public trust.",current-federal-court,Current-style federal supreme court,institutionalDelayCost,0.437,0.437,0.438,9600,cluster-bootstrap-runs-200-95
polarized-appointments,Polarized appointments,"High appointment polarization, higher partisan pressure, and lower public trust.",current-federal-court,Current-style federal supreme court,implementationComplexity,0.434,0.434,0.434,9600,cluster-bootstrap-runs-200-95
polarized-appointments,Polarized appointments,"High appointment polarization, higher partisan pressure, and lower public trust.",current-federal-court,Current-style federal supreme court,totalInstitutionalCost,0.452,0.452,0.453,9600,cluster-bootstrap-runs-200-95
polarized-appointments,Polarized appointments,"High appointment polarization, higher partisan pressure, and lower public trust.",eighteen-year-terms,Staggered 18-year nonrenewable terms,directionalScore,0.542,0.540,0.544,9600,cluster-bootstrap-runs-200-95
polarized-appointments,Polarized appointments,"High appointment polarization, higher partisan pressure, and lower public trust.",eighteen-year-terms,Staggered 18-year nonrenewable terms,legalStability,0.779,0.776,0.781,9600,cluster-bootstrap-runs-200-95
polarized-appointments,Polarized appointments,"High appointment polarization, higher partisan pressure, and lower public trust.",eighteen-year-terms,Staggered 18-year nonrenewable terms,rightsProtection,0.678,0.676,0.681,9600,cluster-bootstrap-runs-200-95
polarized-appointments,Polarized appointments,"High appointment polarization, higher partisan pressure, and lower public trust.",eighteen-year-terms,Staggered 18-year nonrenewable terms,partisanAlignment,0.239,0.237,0.242,9600,cluster-bootstrap-runs-200-95
polarized-appointments,Polarized appointments,"High appointment polarization, higher partisan pressure, and lower public trust.",eighteen-year-terms,Staggered 18-year nonrenewable terms,shadowDocketAbuse,0.377,0.368,0.386,9600,cluster-bootstrap-runs-200-95
polarized-appointments,Polarized appointments,"High appointment polarization, higher partisan pressure, and lower public trust.",eighteen-year-terms,Staggered 18-year nonrenewable terms,legitimacy,0.542,0.540,0.544,9600,cluster-bootstrap-runs-200-95
polarized-appointments,Polarized appointments,"High appointment polarization, higher partisan pressure, and lower public trust.",eighteen-year-terms,Staggered 18-year nonrenewable terms,reversalRate,0.270,0.262,0.279,9600,cluster-bootstrap-runs-200-95
polarized-appointments,Polarized appointments,"High appointment polarization, higher partisan pressure, and lower public trust.",eighteen-year-terms,Staggered 18-year nonrenewable terms,reviewRate,1.000,1.000,1.000,9600,cluster-bootstrap-runs-200-95
polarized-appointments,Polarized appointments,"High appointment polarization, higher partisan pressure, and lower public trust.",eighteen-year-terms,Staggered 18-year nonrenewable terms,intakeAcceptanceRate,0.022,0.022,0.022,443877,cluster-bootstrap-runs-200-95
polarized-appointments,Polarized appointments,"High appointment polarization, higher partisan pressure, and lower public trust.",eighteen-year-terms,Staggered 18-year nonrenewable terms,emergencyReliefRate,0.712,0.700,0.722,4307,cluster-bootstrap-runs-200-95
polarized-appointments,Polarized appointments,"High appointment polarization, higher partisan pressure, and lower public trust.",eighteen-year-terms,Staggered 18-year nonrenewable terms,emergencyReasonGivingRate,0.037,0.031,0.043,4307,cluster-bootstrap-runs-200-95
polarized-appointments,Polarized appointments,"High appointment polarization, higher partisan pressure, and lower public trust.",eighteen-year-terms,Staggered 18-year nonrenewable terms,emergencyVoteDisclosureRate,0.399,0.387,0.413,4307,cluster-bootstrap-runs-200-95
polarized-appointments,Polarized appointments,"High appointment polarization, higher partisan pressure, and lower public trust.",eighteen-year-terms,Staggered 18-year nonrenewable terms,emergencyPublicDisagreementRate,0.584,0.571,0.599,4307,cluster-bootstrap-runs-200-95
polarized-appointments,Polarized appointments,"High appointment polarization, higher partisan pressure, and lower public trust.",eighteen-year-terms,Staggered 18-year nonrenewable terms,governmentEmergencyWinRate,0.699,0.687,0.710,4307,cluster-bootstrap-runs-200-95
polarized-appointments,Polarized appointments,"High appointment polarization, higher partisan pressure, and lower public trust.",eighteen-year-terms,Staggered 18-year nonrenewable terms,meritsFollowUpRate,0.000,0.000,0.000,4307,cluster-bootstrap-runs-200-95
polarized-appointments,Polarized appointments,"High appointment polarization, higher partisan pressure, and lower public trust.",eighteen-year-terms,Staggered 18-year nonrenewable terms,meritsInvalidationRate,0.490,0.480,0.506,5293,cluster-bootstrap-runs-200-95
polarized-appointments,Polarized appointments,"High appointment polarization, higher partisan pressure, and lower public trust.",eighteen-year-terms,Staggered 18-year nonrenewable terms,constitutionalConflict,0.355,0.352,0.358,9600,cluster-bootstrap-runs-200-95
polarized-appointments,Polarized appointments,"High appointment polarization, higher partisan pressure, and lower public trust.",eighteen-year-terms,Staggered 18-year nonrenewable terms,democraticResponsiveness,0.402,0.399,0.404,9600,cluster-bootstrap-runs-200-95
polarized-appointments,Polarized appointments,"High appointment polarization, higher partisan pressure, and lower public trust.",eighteen-year-terms,Staggered 18-year nonrenewable terms,complianceRate,0.311,0.301,0.322,9600,cluster-bootstrap-runs-200-95
polarized-appointments,Polarized appointments,"High appointment polarization, higher partisan pressure, and lower public trust.",eighteen-year-terms,Staggered 18-year nonrenewable terms,publicTrust,0.014,0.013,0.015,9600,cluster-bootstrap-runs-200-95
polarized-appointments,Polarized appointments,"High appointment polarization, higher partisan pressure, and lower public trust.",eighteen-year-terms,Staggered 18-year nonrenewable terms,administrativeLoad,0.492,0.491,0.493,9600,cluster-bootstrap-runs-200-95
polarized-appointments,Polarized appointments,"High appointment polarization, higher partisan pressure, and lower public trust.",eighteen-year-terms,Staggered 18-year nonrenewable terms,directCourtCost,0.311,0.311,0.311,9600,cluster-bootstrap-runs-200-95
polarized-appointments,Polarized appointments,"High appointment polarization, higher partisan pressure, and lower public trust.",eighteen-year-terms,Staggered 18-year nonrenewable terms,upstreamScreeningCost,0.695,0.694,0.696,9600,cluster-bootstrap-runs-200-95
polarized-appointments,Polarized appointments,"High appointment polarization, higher partisan pressure, and lower public trust.",eighteen-year-terms,Staggered 18-year nonrenewable terms,capacityStrainCost,0.437,0.436,0.438,9600,cluster-bootstrap-runs-200-95
polarized-appointments,Polarized appointments,"High appointment polarization, higher partisan pressure, and lower public trust.",eighteen-year-terms,Staggered 18-year nonrenewable terms,institutionalBudgetCost,0.385,0.385,0.385,9600,cluster-bootstrap-runs-200-95
polarized-appointments,Polarized appointments,"High appointment polarization, higher partisan pressure, and lower public trust.",eighteen-year-terms,Staggered 18-year nonrenewable terms,institutionalDelayCost,0.439,0.438,0.439,9600,cluster-bootstrap-runs-200-95
polarized-appointments,Polarized appointments,"High appointment polarization, higher partisan pressure, and lower public trust.",eighteen-year-terms,Staggered 18-year nonrenewable terms,implementationComplexity,0.436,0.436,0.437,9600,cluster-bootstrap-runs-200-95
polarized-appointments,Polarized appointments,"High appointment polarization, higher partisan pressure, and lower public trust.",eighteen-year-terms,Staggered 18-year nonrenewable terms,totalInstitutionalCost,0.457,0.457,0.458,9600,cluster-bootstrap-runs-200-95
polarized-appointments,Polarized appointments,"High appointment polarization, higher partisan pressure, and lower public trust.",fifteen-justice-commission,Fifteen-justice supermajority commission court,directionalScore,0.654,0.650,0.657,9600,cluster-bootstrap-runs-200-95
polarized-appointments,Polarized appointments,"High appointment polarization, higher partisan pressure, and lower public trust.",fifteen-justice-commission,Fifteen-justice supermajority commission court,legalStability,0.875,0.873,0.877,9600,cluster-bootstrap-runs-200-95
polarized-appointments,Polarized appointments,"High appointment polarization, higher partisan pressure, and lower public trust.",fifteen-justice-commission,Fifteen-justice supermajority commission court,rightsProtection,0.735,0.734,0.737,9600,cluster-bootstrap-runs-200-95
polarized-appointments,Polarized appointments,"High appointment polarization, higher partisan pressure, and lower public trust.",fifteen-justice-commission,Fifteen-justice supermajority commission court,partisanAlignment,0.190,0.188,0.192,9600,cluster-bootstrap-runs-200-95
polarized-appointments,Polarized appointments,"High appointment polarization, higher partisan pressure, and lower public trust.",fifteen-justice-commission,Fifteen-justice supermajority commission court,shadowDocketAbuse,0.063,0.061,0.066,9600,cluster-bootstrap-runs-200-95
polarized-appointments,Polarized appointments,"High appointment polarization, higher partisan pressure, and lower public trust.",fifteen-justice-commission,Fifteen-justice supermajority commission court,legitimacy,0.665,0.664,0.666,9600,cluster-bootstrap-runs-200-95
polarized-appointments,Polarized appointments,"High appointment polarization, higher partisan pressure, and lower public trust.",fifteen-justice-commission,Fifteen-justice supermajority commission court,reversalRate,0.385,0.376,0.393,9600,cluster-bootstrap-runs-200-95
polarized-appointments,Polarized appointments,"High appointment polarization, higher partisan pressure, and lower public trust.",fifteen-justice-commission,Fifteen-justice supermajority commission court,reviewRate,1.000,1.000,1.000,9600,cluster-bootstrap-runs-200-95
polarized-appointments,Polarized appointments,"High appointment polarization, higher partisan pressure, and lower public trust.",fifteen-justice-commission,Fifteen-justice supermajority commission court,intakeAcceptanceRate,0.021,0.021,0.021,461575,cluster-bootstrap-runs-200-95
polarized-appointments,Polarized appointments,"High appointment polarization, higher partisan pressure, and lower public trust.",fifteen-justice-commission,Fifteen-justice supermajority commission court,emergencyReliefRate,0.465,0.442,0.489,1664,cluster-bootstrap-runs-200-95
polarized-appointments,Polarized appointments,"High appointment polarization, higher partisan pressure, and lower public trust.",fifteen-justice-commission,Fifteen-justice supermajority commission court,emergencyReasonGivingRate,0.659,0.637,0.684,1664,cluster-bootstrap-runs-200-95
polarized-appointments,Polarized appointments,"High appointment polarization, higher partisan pressure, and lower public trust.",fifteen-justice-commission,Fifteen-justice supermajority commission court,emergencyVoteDisclosureRate,0.618,0.596,0.638,1664,cluster-bootstrap-runs-200-95
polarized-appointments,Polarized appointments,"High appointment polarization, higher partisan pressure, and lower public trust.",fifteen-justice-commission,Fifteen-justice supermajority commission court,emergencyPublicDisagreementRate,0.287,0.269,0.307,1664,cluster-bootstrap-runs-200-95
polarized-appointments,Polarized appointments,"High appointment polarization, higher partisan pressure, and lower public trust.",fifteen-justice-commission,Fifteen-justice supermajority commission court,governmentEmergencyWinRate,0.432,0.406,0.460,1664,cluster-bootstrap-runs-200-95
polarized-appointments,Polarized appointments,"High appointment polarization, higher partisan pressure, and lower public trust.",fifteen-justice-commission,Fifteen-justice supermajority commission court,meritsFollowUpRate,0.314,0.292,0.334,1664,cluster-bootstrap-runs-200-95
polarized-appointments,Polarized appointments,"High appointment polarization, higher partisan pressure, and lower public trust.",fifteen-justice-commission,Fifteen-justice supermajority commission court,meritsInvalidationRate,0.437,0.427,0.447,8458,cluster-bootstrap-runs-200-95
polarized-appointments,Polarized appointments,"High appointment polarization, higher partisan pressure, and lower public trust.",fifteen-justice-commission,Fifteen-justice supermajority commission court,constitutionalConflict,0.259,0.258,0.261,9600,cluster-bootstrap-runs-200-95
polarized-appointments,Polarized appointments,"High appointment polarization, higher partisan pressure, and lower public trust.",fifteen-justice-commission,Fifteen-justice supermajority commission court,democraticResponsiveness,0.461,0.459,0.463,9600,cluster-bootstrap-runs-200-95
polarized-appointments,Polarized appointments,"High appointment polarization, higher partisan pressure, and lower public trust.",fifteen-justice-commission,Fifteen-justice supermajority commission court,complianceRate,0.399,0.388,0.410,9600,cluster-bootstrap-runs-200-95
polarized-appointments,Polarized appointments,"High appointment polarization, higher partisan pressure, and lower public trust.",fifteen-justice-commission,Fifteen-justice supermajority commission court,publicTrust,0.025,0.024,0.027,9600,cluster-bootstrap-runs-200-95
polarized-appointments,Polarized appointments,"High appointment polarization, higher partisan pressure, and lower public trust.",fifteen-justice-commission,Fifteen-justice supermajority commission court,administrativeLoad,0.478,0.477,0.479,9600,cluster-bootstrap-runs-200-95
polarized-appointments,Polarized appointments,"High appointment polarization, higher partisan pressure, and lower public trust.",fifteen-justice-commission,Fifteen-justice supermajority commission court,directCourtCost,0.364,0.364,0.364,9600,cluster-bootstrap-runs-200-95
polarized-appointments,Polarized appointments,"High appointment polarization, higher partisan pressure, and lower public trust.",fifteen-justice-commission,Fifteen-justice supermajority commission court,upstreamScreeningCost,0.697,0.696,0.698,9600,cluster-bootstrap-runs-200-95
polarized-appointments,Polarized appointments,"High appointment polarization, higher partisan pressure, and lower public trust.",fifteen-justice-commission,Fifteen-justice supermajority commission court,capacityStrainCost,0.425,0.425,0.426,9600,cluster-bootstrap-runs-200-95
polarized-appointments,Polarized appointments,"High appointment polarization, higher partisan pressure, and lower public trust.",fifteen-justice-commission,Fifteen-justice supermajority commission court,institutionalBudgetCost,0.439,0.439,0.439,9600,cluster-bootstrap-runs-200-95
polarized-appointments,Polarized appointments,"High appointment polarization, higher partisan pressure, and lower public trust.",fifteen-justice-commission,Fifteen-justice supermajority commission court,institutionalDelayCost,0.445,0.444,0.446,9600,cluster-bootstrap-runs-200-95
polarized-appointments,Polarized appointments,"High appointment polarization, higher partisan pressure, and lower public trust.",fifteen-justice-commission,Fifteen-justice supermajority commission court,implementationComplexity,0.454,0.454,0.455,9600,cluster-bootstrap-runs-200-95
polarized-appointments,Polarized appointments,"High appointment polarization, higher partisan pressure, and lower public trust.",fifteen-justice-commission,Fifteen-justice supermajority commission court,totalInstitutionalCost,0.473,0.472,0.473,9600,cluster-bootstrap-runs-200-95
polarized-appointments,Polarized appointments,"High appointment polarization, higher partisan pressure, and lower public trust.",supermajority-invalidation,Supermajority required to invalidate laws,directionalScore,0.637,0.634,0.640,9600,cluster-bootstrap-runs-200-95
polarized-appointments,Polarized appointments,"High appointment polarization, higher partisan pressure, and lower public trust.",supermajority-invalidation,Supermajority required to invalidate laws,legalStability,0.880,0.877,0.882,9600,cluster-bootstrap-runs-200-95
polarized-appointments,Polarized appointments,"High appointment polarization, higher partisan pressure, and lower public trust.",supermajority-invalidation,Supermajority required to invalidate laws,rightsProtection,0.730,0.729,0.732,9600,cluster-bootstrap-runs-200-95
polarized-appointments,Polarized appointments,"High appointment polarization, higher partisan pressure, and lower public trust.",supermajority-invalidation,Supermajority required to invalidate laws,partisanAlignment,0.217,0.215,0.219,9600,cluster-bootstrap-runs-200-95
polarized-appointments,Polarized appointments,"High appointment polarization, higher partisan pressure, and lower public trust.",supermajority-invalidation,Supermajority required to invalidate laws,shadowDocketAbuse,0.068,0.065,0.071,9600,cluster-bootstrap-runs-200-95
polarized-appointments,Polarized appointments,"High appointment polarization, higher partisan pressure, and lower public trust.",supermajority-invalidation,Supermajority required to invalidate laws,legitimacy,0.637,0.636,0.639,9600,cluster-bootstrap-runs-200-95
polarized-appointments,Polarized appointments,"High appointment polarization, higher partisan pressure, and lower public trust.",supermajority-invalidation,Supermajority required to invalidate laws,reversalRate,0.373,0.364,0.381,9600,cluster-bootstrap-runs-200-95
polarized-appointments,Polarized appointments,"High appointment polarization, higher partisan pressure, and lower public trust.",supermajority-invalidation,Supermajority required to invalidate laws,reviewRate,1.000,1.000,1.000,9600,cluster-bootstrap-runs-200-95
polarized-appointments,Polarized appointments,"High appointment polarization, higher partisan pressure, and lower public trust.",supermajority-invalidation,Supermajority required to invalidate laws,intakeAcceptanceRate,0.021,0.021,0.021,461232,cluster-bootstrap-runs-200-95
polarized-appointments,Polarized appointments,"High appointment polarization, higher partisan pressure, and lower public trust.",supermajority-invalidation,Supermajority required to invalidate laws,emergencyReliefRate,0.558,0.536,0.580,1707,cluster-bootstrap-runs-200-95
polarized-appointments,Polarized appointments,"High appointment polarization, higher partisan pressure, and lower public trust.",supermajority-invalidation,Supermajority required to invalidate laws,emergencyReasonGivingRate,0.643,0.619,0.662,1707,cluster-bootstrap-runs-200-95
polarized-appointments,Polarized appointments,"High appointment polarization, higher partisan pressure, and lower public trust.",supermajority-invalidation,Supermajority required to invalidate laws,emergencyVoteDisclosureRate,0.537,0.510,0.561,1707,cluster-bootstrap-runs-200-95
polarized-appointments,Polarized appointments,"High appointment polarization, higher partisan pressure, and lower public trust.",supermajority-invalidation,Supermajority required to invalidate laws,emergencyPublicDisagreementRate,0.337,0.313,0.361,1707,cluster-bootstrap-runs-200-95
polarized-appointments,Polarized appointments,"High appointment polarization, higher partisan pressure, and lower public trust.",supermajority-invalidation,Supermajority required to invalidate laws,governmentEmergencyWinRate,0.538,0.514,0.563,1707,cluster-bootstrap-runs-200-95
polarized-appointments,Polarized appointments,"High appointment polarization, higher partisan pressure, and lower public trust.",supermajority-invalidation,Supermajority required to invalidate laws,meritsFollowUpRate,0.327,0.304,0.349,1707,cluster-bootstrap-runs-200-95
polarized-appointments,Polarized appointments,"High appointment polarization, higher partisan pressure, and lower public trust.",supermajority-invalidation,Supermajority required to invalidate laws,meritsInvalidationRate,0.424,0.414,0.434,8452,cluster-bootstrap-runs-200-95
polarized-appointments,Polarized appointments,"High appointment polarization, higher partisan pressure, and lower public trust.",supermajority-invalidation,Supermajority required to invalidate laws,constitutionalConflict,0.261,0.259,0.263,9600,cluster-bootstrap-runs-200-95
polarized-appointments,Polarized appointments,"High appointment polarization, higher partisan pressure, and lower public trust.",supermajority-invalidation,Supermajority required to invalidate laws,democraticResponsiveness,0.454,0.452,0.456,9600,cluster-bootstrap-runs-200-95
polarized-appointments,Polarized appointments,"High appointment polarization, higher partisan pressure, and lower public trust.",supermajority-invalidation,Supermajority required to invalidate laws,complianceRate,0.405,0.394,0.416,9600,cluster-bootstrap-runs-200-95
polarized-appointments,Polarized appointments,"High appointment polarization, higher partisan pressure, and lower public trust.",supermajority-invalidation,Supermajority required to invalidate laws,publicTrust,0.024,0.023,0.026,9600,cluster-bootstrap-runs-200-95
polarized-appointments,Polarized appointments,"High appointment polarization, higher partisan pressure, and lower public trust.",supermajority-invalidation,Supermajority required to invalidate laws,administrativeLoad,0.457,0.456,0.458,9600,cluster-bootstrap-runs-200-95
polarized-appointments,Polarized appointments,"High appointment polarization, higher partisan pressure, and lower public trust.",supermajority-invalidation,Supermajority required to invalidate laws,directCourtCost,0.305,0.304,0.305,9600,cluster-bootstrap-runs-200-95
polarized-appointments,Polarized appointments,"High appointment polarization, higher partisan pressure, and lower public trust.",supermajority-invalidation,Supermajority required to invalidate laws,upstreamScreeningCost,0.697,0.696,0.698,9600,cluster-bootstrap-runs-200-95
polarized-appointments,Polarized appointments,"High appointment polarization, higher partisan pressure, and lower public trust.",supermajority-invalidation,Supermajority required to invalidate laws,capacityStrainCost,0.403,0.403,0.404,9600,cluster-bootstrap-runs-200-95
polarized-appointments,Polarized appointments,"High appointment polarization, higher partisan pressure, and lower public trust.",supermajority-invalidation,Supermajority required to invalidate laws,institutionalBudgetCost,0.379,0.379,0.380,9600,cluster-bootstrap-runs-200-95
polarized-appointments,Polarized appointments,"High appointment polarization, higher partisan pressure, and lower public trust.",supermajority-invalidation,Supermajority required to invalidate laws,institutionalDelayCost,0.443,0.442,0.443,9600,cluster-bootstrap-runs-200-95
polarized-appointments,Polarized appointments,"High appointment polarization, higher partisan pressure, and lower public trust.",supermajority-invalidation,Supermajority required to invalidate laws,implementationComplexity,0.491,0.490,0.491,9600,cluster-bootstrap-runs-200-95
polarized-appointments,Polarized appointments,"High appointment polarization, higher partisan pressure, and lower public trust.",supermajority-invalidation,Supermajority required to invalidate laws,totalInstitutionalCost,0.459,0.459,0.460,9600,cluster-bootstrap-runs-200-95
polarized-appointments,Polarized appointments,"High appointment polarization, higher partisan pressure, and lower public trust.",strict-recusal-court,Strict recusal with substitute justices,directionalScore,0.663,0.660,0.666,9600,cluster-bootstrap-runs-200-95
polarized-appointments,Polarized appointments,"High appointment polarization, higher partisan pressure, and lower public trust.",strict-recusal-court,Strict recusal with substitute justices,legalStability,0.876,0.875,0.879,9600,cluster-bootstrap-runs-200-95
polarized-appointments,Polarized appointments,"High appointment polarization, higher partisan pressure, and lower public trust.",strict-recusal-court,Strict recusal with substitute justices,rightsProtection,0.736,0.735,0.738,9600,cluster-bootstrap-runs-200-95
polarized-appointments,Polarized appointments,"High appointment polarization, higher partisan pressure, and lower public trust.",strict-recusal-court,Strict recusal with substitute justices,partisanAlignment,0.189,0.187,0.191,9600,cluster-bootstrap-runs-200-95
polarized-appointments,Polarized appointments,"High appointment polarization, higher partisan pressure, and lower public trust.",strict-recusal-court,Strict recusal with substitute justices,shadowDocketAbuse,0.062,0.059,0.065,9600,cluster-bootstrap-runs-200-95
polarized-appointments,Polarized appointments,"High appointment polarization, higher partisan pressure, and lower public trust.",strict-recusal-court,Strict recusal with substitute justices,legitimacy,0.684,0.684,0.686,9600,cluster-bootstrap-runs-200-95
polarized-appointments,Polarized appointments,"High appointment polarization, higher partisan pressure, and lower public trust.",strict-recusal-court,Strict recusal with substitute justices,reversalRate,0.370,0.361,0.379,9600,cluster-bootstrap-runs-200-95
polarized-appointments,Polarized appointments,"High appointment polarization, higher partisan pressure, and lower public trust.",strict-recusal-court,Strict recusal with substitute justices,reviewRate,1.000,1.000,1.000,9600,cluster-bootstrap-runs-200-95
polarized-appointments,Polarized appointments,"High appointment polarization, higher partisan pressure, and lower public trust.",strict-recusal-court,Strict recusal with substitute justices,intakeAcceptanceRate,0.021,0.021,0.021,461447,cluster-bootstrap-runs-200-95
polarized-appointments,Polarized appointments,"High appointment polarization, higher partisan pressure, and lower public trust.",strict-recusal-court,Strict recusal with substitute justices,emergencyReliefRate,0.456,0.431,0.479,1678,cluster-bootstrap-runs-200-95
polarized-appointments,Polarized appointments,"High appointment polarization, higher partisan pressure, and lower public trust.",strict-recusal-court,Strict recusal with substitute justices,emergencyReasonGivingRate,0.697,0.676,0.722,1678,cluster-bootstrap-runs-200-95
polarized-appointments,Polarized appointments,"High appointment polarization, higher partisan pressure, and lower public trust.",strict-recusal-court,Strict recusal with substitute justices,emergencyVoteDisclosureRate,0.666,0.647,0.682,1678,cluster-bootstrap-runs-200-95
polarized-appointments,Polarized appointments,"High appointment polarization, higher partisan pressure, and lower public trust.",strict-recusal-court,Strict recusal with substitute justices,emergencyPublicDisagreementRate,0.281,0.264,0.300,1678,cluster-bootstrap-runs-200-95
polarized-appointments,Polarized appointments,"High appointment polarization, higher partisan pressure, and lower public trust.",strict-recusal-court,Strict recusal with substitute justices,governmentEmergencyWinRate,0.430,0.405,0.459,1678,cluster-bootstrap-runs-200-95
polarized-appointments,Polarized appointments,"High appointment polarization, higher partisan pressure, and lower public trust.",strict-recusal-court,Strict recusal with substitute justices,meritsFollowUpRate,0.322,0.297,0.346,1678,cluster-bootstrap-runs-200-95
polarized-appointments,Polarized appointments,"High appointment polarization, higher partisan pressure, and lower public trust.",strict-recusal-court,Strict recusal with substitute justices,meritsInvalidationRate,0.420,0.410,0.429,8463,cluster-bootstrap-runs-200-95
polarized-appointments,Polarized appointments,"High appointment polarization, higher partisan pressure, and lower public trust.",strict-recusal-court,Strict recusal with substitute justices,constitutionalConflict,0.257,0.255,0.258,9600,cluster-bootstrap-runs-200-95
polarized-appointments,Polarized appointments,"High appointment polarization, higher partisan pressure, and lower public trust.",strict-recusal-court,Strict recusal with substitute justices,democraticResponsiveness,0.463,0.460,0.465,9600,cluster-bootstrap-runs-200-95
polarized-appointments,Polarized appointments,"High appointment polarization, higher partisan pressure, and lower public trust.",strict-recusal-court,Strict recusal with substitute justices,complianceRate,0.407,0.398,0.416,9600,cluster-bootstrap-runs-200-95
polarized-appointments,Polarized appointments,"High appointment polarization, higher partisan pressure, and lower public trust.",strict-recusal-court,Strict recusal with substitute justices,publicTrust,0.026,0.024,0.027,9600,cluster-bootstrap-runs-200-95
polarized-appointments,Polarized appointments,"High appointment polarization, higher partisan pressure, and lower public trust.",strict-recusal-court,Strict recusal with substitute justices,administrativeLoad,0.478,0.477,0.479,9600,cluster-bootstrap-runs-200-95
polarized-appointments,Polarized appointments,"High appointment polarization, higher partisan pressure, and lower public trust.",strict-recusal-court,Strict recusal with substitute justices,directCourtCost,0.363,0.363,0.363,9600,cluster-bootstrap-runs-200-95
polarized-appointments,Polarized appointments,"High appointment polarization, higher partisan pressure, and lower public trust.",strict-recusal-court,Strict recusal with substitute justices,upstreamScreeningCost,0.697,0.696,0.698,9600,cluster-bootstrap-runs-200-95
polarized-appointments,Polarized appointments,"High appointment polarization, higher partisan pressure, and lower public trust.",strict-recusal-court,Strict recusal with substitute justices,capacityStrainCost,0.426,0.425,0.426,9600,cluster-bootstrap-runs-200-95
polarized-appointments,Polarized appointments,"High appointment polarization, higher partisan pressure, and lower public trust.",strict-recusal-court,Strict recusal with substitute justices,institutionalBudgetCost,0.438,0.438,0.438,9600,cluster-bootstrap-runs-200-95
polarized-appointments,Polarized appointments,"High appointment polarization, higher partisan pressure, and lower public trust.",strict-recusal-court,Strict recusal with substitute justices,institutionalDelayCost,0.445,0.444,0.446,9600,cluster-bootstrap-runs-200-95
polarized-appointments,Polarized appointments,"High appointment polarization, higher partisan pressure, and lower public trust.",strict-recusal-court,Strict recusal with substitute justices,implementationComplexity,0.488,0.488,0.489,9600,cluster-bootstrap-runs-200-95
polarized-appointments,Polarized appointments,"High appointment polarization, higher partisan pressure, and lower public trust.",strict-recusal-court,Strict recusal with substitute justices,totalInstitutionalCost,0.478,0.478,0.479,9600,cluster-bootstrap-runs-200-95
polarized-appointments,Polarized appointments,"High appointment polarization, higher partisan pressure, and lower public trust.",reasoned-emergency-review,Reasoned emergency orders with merits follow-up,directionalScore,0.665,0.662,0.668,9600,cluster-bootstrap-runs-200-95
polarized-appointments,Polarized appointments,"High appointment polarization, higher partisan pressure, and lower public trust.",reasoned-emergency-review,Reasoned emergency orders with merits follow-up,legalStability,0.874,0.871,0.876,9600,cluster-bootstrap-runs-200-95
polarized-appointments,Polarized appointments,"High appointment polarization, higher partisan pressure, and lower public trust.",reasoned-emergency-review,Reasoned emergency orders with merits follow-up,rightsProtection,0.734,0.732,0.736,9600,cluster-bootstrap-runs-200-95
polarized-appointments,Polarized appointments,"High appointment polarization, higher partisan pressure, and lower public trust.",reasoned-emergency-review,Reasoned emergency orders with merits follow-up,partisanAlignment,0.214,0.212,0.217,9600,cluster-bootstrap-runs-200-95
polarized-appointments,Polarized appointments,"High appointment polarization, higher partisan pressure, and lower public trust.",reasoned-emergency-review,Reasoned emergency orders with merits follow-up,shadowDocketAbuse,0.004,0.004,0.005,9600,cluster-bootstrap-runs-200-95
polarized-appointments,Polarized appointments,"High appointment polarization, higher partisan pressure, and lower public trust.",reasoned-emergency-review,Reasoned emergency orders with merits follow-up,legitimacy,0.695,0.694,0.696,9600,cluster-bootstrap-runs-200-95
polarized-appointments,Polarized appointments,"High appointment polarization, higher partisan pressure, and lower public trust.",reasoned-emergency-review,Reasoned emergency orders with merits follow-up,reversalRate,0.493,0.485,0.503,9600,cluster-bootstrap-runs-200-95
polarized-appointments,Polarized appointments,"High appointment polarization, higher partisan pressure, and lower public trust.",reasoned-emergency-review,Reasoned emergency orders with merits follow-up,reviewRate,1.000,1.000,1.000,9600,cluster-bootstrap-runs-200-95
polarized-appointments,Polarized appointments,"High appointment polarization, higher partisan pressure, and lower public trust.",reasoned-emergency-review,Reasoned emergency orders with merits follow-up,intakeAcceptanceRate,0.021,0.021,0.021,465287,cluster-bootstrap-runs-200-95
polarized-appointments,Polarized appointments,"High appointment polarization, higher partisan pressure, and lower public trust.",reasoned-emergency-review,Reasoned emergency orders with merits follow-up,emergencyReliefRate,0.517,0.485,0.545,1094,cluster-bootstrap-runs-200-95
polarized-appointments,Polarized appointments,"High appointment polarization, higher partisan pressure, and lower public trust.",reasoned-emergency-review,Reasoned emergency orders with merits follow-up,emergencyReasonGivingRate,0.870,0.852,0.889,1094,cluster-bootstrap-runs-200-95
polarized-appointments,Polarized appointments,"High appointment polarization, higher partisan pressure, and lower public trust.",reasoned-emergency-review,Reasoned emergency orders with merits follow-up,emergencyVoteDisclosureRate,0.709,0.684,0.736,1094,cluster-bootstrap-runs-200-95
polarized-appointments,Polarized appointments,"High appointment polarization, higher partisan pressure, and lower public trust.",reasoned-emergency-review,Reasoned emergency orders with merits follow-up,emergencyPublicDisagreementRate,0.148,0.128,0.166,1094,cluster-bootstrap-runs-200-95
polarized-appointments,Polarized appointments,"High appointment polarization, higher partisan pressure, and lower public trust.",reasoned-emergency-review,Reasoned emergency orders with merits follow-up,governmentEmergencyWinRate,0.495,0.464,0.528,1094,cluster-bootstrap-runs-200-95
polarized-appointments,Polarized appointments,"High appointment polarization, higher partisan pressure, and lower public trust.",reasoned-emergency-review,Reasoned emergency orders with merits follow-up,meritsFollowUpRate,1.000,1.000,1.000,1094,cluster-bootstrap-runs-200-95
polarized-appointments,Polarized appointments,"High appointment polarization, higher partisan pressure, and lower public trust.",reasoned-emergency-review,Reasoned emergency orders with merits follow-up,meritsInvalidationRate,0.493,0.485,0.503,9600,cluster-bootstrap-runs-200-95
polarized-appointments,Polarized appointments,"High appointment polarization, higher partisan pressure, and lower public trust.",reasoned-emergency-review,Reasoned emergency orders with merits follow-up,constitutionalConflict,0.252,0.251,0.254,9600,cluster-bootstrap-runs-200-95
polarized-appointments,Polarized appointments,"High appointment polarization, higher partisan pressure, and lower public trust.",reasoned-emergency-review,Reasoned emergency orders with merits follow-up,democraticResponsiveness,0.455,0.453,0.457,9600,cluster-bootstrap-runs-200-95
polarized-appointments,Polarized appointments,"High appointment polarization, higher partisan pressure, and lower public trust.",reasoned-emergency-review,Reasoned emergency orders with merits follow-up,complianceRate,0.407,0.395,0.418,9600,cluster-bootstrap-runs-200-95
polarized-appointments,Polarized appointments,"High appointment polarization, higher partisan pressure, and lower public trust.",reasoned-emergency-review,Reasoned emergency orders with merits follow-up,publicTrust,0.025,0.023,0.027,9600,cluster-bootstrap-runs-200-95
polarized-appointments,Polarized appointments,"High appointment polarization, higher partisan pressure, and lower public trust.",reasoned-emergency-review,Reasoned emergency orders with merits follow-up,administrativeLoad,0.464,0.463,0.464,9600,cluster-bootstrap-runs-200-95
polarized-appointments,Polarized appointments,"High appointment polarization, higher partisan pressure, and lower public trust.",reasoned-emergency-review,Reasoned emergency orders with merits follow-up,directCourtCost,0.310,0.310,0.310,9600,cluster-bootstrap-runs-200-95
polarized-appointments,Polarized appointments,"High appointment polarization, higher partisan pressure, and lower public trust.",reasoned-emergency-review,Reasoned emergency orders with merits follow-up,upstreamScreeningCost,0.698,0.697,0.699,9600,cluster-bootstrap-runs-200-95
polarized-appointments,Polarized appointments,"High appointment polarization, higher partisan pressure, and lower public trust.",reasoned-emergency-review,Reasoned emergency orders with merits follow-up,capacityStrainCost,0.414,0.413,0.414,9600,cluster-bootstrap-runs-200-95
polarized-appointments,Polarized appointments,"High appointment polarization, higher partisan pressure, and lower public trust.",reasoned-emergency-review,Reasoned emergency orders with merits follow-up,institutionalBudgetCost,0.385,0.385,0.385,9600,cluster-bootstrap-runs-200-95
polarized-appointments,Polarized appointments,"High appointment polarization, higher partisan pressure, and lower public trust.",reasoned-emergency-review,Reasoned emergency orders with merits follow-up,institutionalDelayCost,0.446,0.445,0.446,9600,cluster-bootstrap-runs-200-95
polarized-appointments,Polarized appointments,"High appointment polarization, higher partisan pressure, and lower public trust.",reasoned-emergency-review,Reasoned emergency orders with merits follow-up,implementationComplexity,0.486,0.485,0.486,9600,cluster-bootstrap-runs-200-95
polarized-appointments,Polarized appointments,"High appointment polarization, higher partisan pressure, and lower public trust.",reasoned-emergency-review,Reasoned emergency orders with merits follow-up,totalInstitutionalCost,0.462,0.462,0.463,9600,cluster-bootstrap-runs-200-95
polarized-appointments,Polarized appointments,"High appointment polarization, higher partisan pressure, and lower public trust.",panel-en-banc-review,Panel review with en banc safety valve,directionalScore,0.652,0.649,0.656,9600,cluster-bootstrap-runs-200-95
polarized-appointments,Polarized appointments,"High appointment polarization, higher partisan pressure, and lower public trust.",panel-en-banc-review,Panel review with en banc safety valve,legalStability,0.872,0.870,0.874,9600,cluster-bootstrap-runs-200-95
polarized-appointments,Polarized appointments,"High appointment polarization, higher partisan pressure, and lower public trust.",panel-en-banc-review,Panel review with en banc safety valve,rightsProtection,0.736,0.735,0.738,9600,cluster-bootstrap-runs-200-95
polarized-appointments,Polarized appointments,"High appointment polarization, higher partisan pressure, and lower public trust.",panel-en-banc-review,Panel review with en banc safety valve,partisanAlignment,0.187,0.184,0.188,9600,cluster-bootstrap-runs-200-95
polarized-appointments,Polarized appointments,"High appointment polarization, higher partisan pressure, and lower public trust.",panel-en-banc-review,Panel review with en banc safety valve,shadowDocketAbuse,0.062,0.059,0.066,9600,cluster-bootstrap-runs-200-95
polarized-appointments,Polarized appointments,"High appointment polarization, higher partisan pressure, and lower public trust.",panel-en-banc-review,Panel review with en banc safety valve,legitimacy,0.679,0.678,0.680,9600,cluster-bootstrap-runs-200-95
polarized-appointments,Polarized appointments,"High appointment polarization, higher partisan pressure, and lower public trust.",panel-en-banc-review,Panel review with en banc safety valve,reversalRate,0.391,0.380,0.399,9600,cluster-bootstrap-runs-200-95
polarized-appointments,Polarized appointments,"High appointment polarization, higher partisan pressure, and lower public trust.",panel-en-banc-review,Panel review with en banc safety valve,reviewRate,1.000,1.000,1.000,9600,cluster-bootstrap-runs-200-95
polarized-appointments,Polarized appointments,"High appointment polarization, higher partisan pressure, and lower public trust.",panel-en-banc-review,Panel review with en banc safety valve,intakeAcceptanceRate,0.021,0.021,0.021,461404,cluster-bootstrap-runs-200-95
polarized-appointments,Polarized appointments,"High appointment polarization, higher partisan pressure, and lower public trust.",panel-en-banc-review,Panel review with en banc safety valve,emergencyReliefRate,0.445,0.423,0.465,1683,cluster-bootstrap-runs-200-95
polarized-appointments,Polarized appointments,"High appointment polarization, higher partisan pressure, and lower public trust.",panel-en-banc-review,Panel review with en banc safety valve,emergencyReasonGivingRate,0.701,0.682,0.720,1683,cluster-bootstrap-runs-200-95
polarized-appointments,Polarized appointments,"High appointment polarization, higher partisan pressure, and lower public trust.",panel-en-banc-review,Panel review with en banc safety valve,emergencyVoteDisclosureRate,0.630,0.608,0.651,1683,cluster-bootstrap-runs-200-95
polarized-appointments,Polarized appointments,"High appointment polarization, higher partisan pressure, and lower public trust.",panel-en-banc-review,Panel review with en banc safety valve,emergencyPublicDisagreementRate,0.258,0.238,0.276,1683,cluster-bootstrap-runs-200-95
polarized-appointments,Polarized appointments,"High appointment polarization, higher partisan pressure, and lower public trust.",panel-en-banc-review,Panel review with en banc safety valve,governmentEmergencyWinRate,0.425,0.405,0.447,1683,cluster-bootstrap-runs-200-95
polarized-appointments,Polarized appointments,"High appointment polarization, higher partisan pressure, and lower public trust.",panel-en-banc-review,Panel review with en banc safety valve,meritsFollowUpRate,0.317,0.295,0.337,1683,cluster-bootstrap-runs-200-95
polarized-appointments,Polarized appointments,"High appointment polarization, higher partisan pressure, and lower public trust.",panel-en-banc-review,Panel review with en banc safety valve,meritsInvalidationRate,0.444,0.433,0.452,8451,cluster-bootstrap-runs-200-95
polarized-appointments,Polarized appointments,"High appointment polarization, higher partisan pressure, and lower public trust.",panel-en-banc-review,Panel review with en banc safety valve,constitutionalConflict,0.259,0.258,0.261,9600,cluster-bootstrap-runs-200-95
polarized-appointments,Polarized appointments,"High appointment polarization, higher partisan pressure, and lower public trust.",panel-en-banc-review,Panel review with en banc safety valve,democraticResponsiveness,0.462,0.459,0.464,9600,cluster-bootstrap-runs-200-95
polarized-appointments,Polarized appointments,"High appointment polarization, higher partisan pressure, and lower public trust.",panel-en-banc-review,Panel review with en banc safety valve,complianceRate,0.424,0.412,0.437,9600,cluster-bootstrap-runs-200-95
polarized-appointments,Polarized appointments,"High appointment polarization, higher partisan pressure, and lower public trust.",panel-en-banc-review,Panel review with en banc safety valve,publicTrust,0.027,0.026,0.029,9600,cluster-bootstrap-runs-200-95
polarized-appointments,Polarized appointments,"High appointment polarization, higher partisan pressure, and lower public trust.",panel-en-banc-review,Panel review with en banc safety valve,administrativeLoad,0.671,0.669,0.674,9600,cluster-bootstrap-runs-200-95
polarized-appointments,Polarized appointments,"High appointment polarization, higher partisan pressure, and lower public trust.",panel-en-banc-review,Panel review with en banc safety valve,directCourtCost,0.434,0.434,0.434,9600,cluster-bootstrap-runs-200-95
polarized-appointments,Polarized appointments,"High appointment polarization, higher partisan pressure, and lower public trust.",panel-en-banc-review,Panel review with en banc safety valve,upstreamScreeningCost,0.697,0.696,0.698,9600,cluster-bootstrap-runs-200-95
polarized-appointments,Polarized appointments,"High appointment polarization, higher partisan pressure, and lower public trust.",panel-en-banc-review,Panel review with en banc safety valve,capacityStrainCost,0.460,0.460,0.461,9600,cluster-bootstrap-runs-200-95
polarized-appointments,Polarized appointments,"High appointment polarization, higher partisan pressure, and lower public trust.",panel-en-banc-review,Panel review with en banc safety valve,institutionalBudgetCost,0.505,0.504,0.505,9600,cluster-bootstrap-runs-200-95
polarized-appointments,Polarized appointments,"High appointment polarization, higher partisan pressure, and lower public trust.",panel-en-banc-review,Panel review with en banc safety valve,institutionalDelayCost,0.516,0.515,0.517,9600,cluster-bootstrap-runs-200-95
polarized-appointments,Polarized appointments,"High appointment polarization, higher partisan pressure, and lower public trust.",panel-en-banc-review,Panel review with en banc safety valve,implementationComplexity,0.480,0.480,0.481,9600,cluster-bootstrap-runs-200-95
polarized-appointments,Polarized appointments,"High appointment polarization, higher partisan pressure, and lower public trust.",panel-en-banc-review,Panel review with en banc safety valve,totalInstitutionalCost,0.514,0.514,0.515,9600,cluster-bootstrap-runs-200-95
polarized-appointments,Polarized appointments,"High appointment polarization, higher partisan pressure, and lower public trust.",dual-cross-checking-courts,Dual supreme courts with cross-checking invalidations,directionalScore,0.678,0.674,0.681,9600,cluster-bootstrap-runs-200-95
polarized-appointments,Polarized appointments,"High appointment polarization, higher partisan pressure, and lower public trust.",dual-cross-checking-courts,Dual supreme courts with cross-checking invalidations,legalStability,0.907,0.905,0.909,9600,cluster-bootstrap-runs-200-95
polarized-appointments,Polarized appointments,"High appointment polarization, higher partisan pressure, and lower public trust.",dual-cross-checking-courts,Dual supreme courts with cross-checking invalidations,rightsProtection,0.746,0.744,0.747,9600,cluster-bootstrap-runs-200-95
polarized-appointments,Polarized appointments,"High appointment polarization, higher partisan pressure, and lower public trust.",dual-cross-checking-courts,Dual supreme courts with cross-checking invalidations,partisanAlignment,0.170,0.168,0.172,9600,cluster-bootstrap-runs-200-95
polarized-appointments,Polarized appointments,"High appointment polarization, higher partisan pressure, and lower public trust.",dual-cross-checking-courts,Dual supreme courts with cross-checking invalidations,shadowDocketAbuse,0.004,0.003,0.004,9600,cluster-bootstrap-runs-200-95
polarized-appointments,Polarized appointments,"High appointment polarization, higher partisan pressure, and lower public trust.",dual-cross-checking-courts,Dual supreme courts with cross-checking invalidations,legitimacy,0.709,0.708,0.710,9600,cluster-bootstrap-runs-200-95
polarized-appointments,Polarized appointments,"High appointment polarization, higher partisan pressure, and lower public trust.",dual-cross-checking-courts,Dual supreme courts with cross-checking invalidations,reversalRate,0.345,0.337,0.355,9600,cluster-bootstrap-runs-200-95
polarized-appointments,Polarized appointments,"High appointment polarization, higher partisan pressure, and lower public trust.",dual-cross-checking-courts,Dual supreme courts with cross-checking invalidations,reviewRate,1.000,1.000,1.000,9600,cluster-bootstrap-runs-200-95
polarized-appointments,Polarized appointments,"High appointment polarization, higher partisan pressure, and lower public trust.",dual-cross-checking-courts,Dual supreme courts with cross-checking invalidations,intakeAcceptanceRate,0.021,0.021,0.021,467578,cluster-bootstrap-runs-200-95
polarized-appointments,Polarized appointments,"High appointment polarization, higher partisan pressure, and lower public trust.",dual-cross-checking-courts,Dual supreme courts with cross-checking invalidations,emergencyReliefRate,0.366,0.331,0.397,748,cluster-bootstrap-runs-200-95
polarized-appointments,Polarized appointments,"High appointment polarization, higher partisan pressure, and lower public trust.",dual-cross-checking-courts,Dual supreme courts with cross-checking invalidations,emergencyReasonGivingRate,0.854,0.831,0.881,748,cluster-bootstrap-runs-200-95
polarized-appointments,Polarized appointments,"High appointment polarization, higher partisan pressure, and lower public trust.",dual-cross-checking-courts,Dual supreme courts with cross-checking invalidations,emergencyVoteDisclosureRate,0.746,0.714,0.774,748,cluster-bootstrap-runs-200-95
polarized-appointments,Polarized appointments,"High appointment polarization, higher partisan pressure, and lower public trust.",dual-cross-checking-courts,Dual supreme courts with cross-checking invalidations,emergencyPublicDisagreementRate,0.120,0.101,0.139,748,cluster-bootstrap-runs-200-95
polarized-appointments,Polarized appointments,"High appointment polarization, higher partisan pressure, and lower public trust.",dual-cross-checking-courts,Dual supreme courts with cross-checking invalidations,governmentEmergencyWinRate,0.351,0.313,0.384,748,cluster-bootstrap-runs-200-95
polarized-appointments,Polarized appointments,"High appointment polarization, higher partisan pressure, and lower public trust.",dual-cross-checking-courts,Dual supreme courts with cross-checking invalidations,meritsFollowUpRate,1.000,1.000,1.000,748,cluster-bootstrap-runs-200-95
polarized-appointments,Polarized appointments,"High appointment polarization, higher partisan pressure, and lower public trust.",dual-cross-checking-courts,Dual supreme courts with cross-checking invalidations,meritsInvalidationRate,0.345,0.337,0.355,9600,cluster-bootstrap-runs-200-95
polarized-appointments,Polarized appointments,"High appointment polarization, higher partisan pressure, and lower public trust.",dual-cross-checking-courts,Dual supreme courts with cross-checking invalidations,constitutionalConflict,0.255,0.254,0.257,9600,cluster-bootstrap-runs-200-95
polarized-appointments,Polarized appointments,"High appointment polarization, higher partisan pressure, and lower public trust.",dual-cross-checking-courts,Dual supreme courts with cross-checking invalidations,democraticResponsiveness,0.474,0.472,0.476,9600,cluster-bootstrap-runs-200-95
polarized-appointments,Polarized appointments,"High appointment polarization, higher partisan pressure, and lower public trust.",dual-cross-checking-courts,Dual supreme courts with cross-checking invalidations,complianceRate,0.442,0.429,0.455,9600,cluster-bootstrap-runs-200-95
polarized-appointments,Polarized appointments,"High appointment polarization, higher partisan pressure, and lower public trust.",dual-cross-checking-courts,Dual supreme courts with cross-checking invalidations,publicTrust,0.030,0.029,0.032,9600,cluster-bootstrap-runs-200-95
polarized-appointments,Polarized appointments,"High appointment polarization, higher partisan pressure, and lower public trust.",dual-cross-checking-courts,Dual supreme courts with cross-checking invalidations,administrativeLoad,0.860,0.860,0.861,9600,cluster-bootstrap-runs-200-95
polarized-appointments,Polarized appointments,"High appointment polarization, higher partisan pressure, and lower public trust.",dual-cross-checking-courts,Dual supreme courts with cross-checking invalidations,directCourtCost,0.518,0.518,0.518,9600,cluster-bootstrap-runs-200-95
polarized-appointments,Polarized appointments,"High appointment polarization, higher partisan pressure, and lower public trust.",dual-cross-checking-courts,Dual supreme courts with cross-checking invalidations,upstreamScreeningCost,0.698,0.697,0.699,9600,cluster-bootstrap-runs-200-95
polarized-appointments,Polarized appointments,"High appointment polarization, higher partisan pressure, and lower public trust.",dual-cross-checking-courts,Dual supreme courts with cross-checking invalidations,capacityStrainCost,0.569,0.568,0.569,9600,cluster-bootstrap-runs-200-95
polarized-appointments,Polarized appointments,"High appointment polarization, higher partisan pressure, and lower public trust.",dual-cross-checking-courts,Dual supreme courts with cross-checking invalidations,institutionalBudgetCost,0.586,0.585,0.586,9600,cluster-bootstrap-runs-200-95
polarized-appointments,Polarized appointments,"High appointment polarization, higher partisan pressure, and lower public trust.",dual-cross-checking-courts,Dual supreme courts with cross-checking invalidations,institutionalDelayCost,0.572,0.572,0.573,9600,cluster-bootstrap-runs-200-95
polarized-appointments,Polarized appointments,"High appointment polarization, higher partisan pressure, and lower public trust.",dual-cross-checking-courts,Dual supreme courts with cross-checking invalidations,implementationComplexity,0.622,0.622,0.622,9600,cluster-bootstrap-runs-200-95
polarized-appointments,Polarized appointments,"High appointment polarization, higher partisan pressure, and lower public trust.",dual-cross-checking-courts,Dual supreme courts with cross-checking invalidations,totalInstitutionalCost,0.592,0.591,0.592,9600,cluster-bootstrap-runs-200-95
polarized-appointments,Polarized appointments,"High appointment polarization, higher partisan pressure, and lower public trust.",constitutional-council,Pre-enactment constitutional council,directionalScore,0.681,0.677,0.685,9600,cluster-bootstrap-runs-200-95
polarized-appointments,Polarized appointments,"High appointment polarization, higher partisan pressure, and lower public trust.",constitutional-council,Pre-enactment constitutional council,legalStability,0.944,0.943,0.946,9600,cluster-bootstrap-runs-200-95
polarized-appointments,Polarized appointments,"High appointment polarization, higher partisan pressure, and lower public trust.",constitutional-council,Pre-enactment constitutional council,rightsProtection,0.740,0.738,0.741,9600,cluster-bootstrap-runs-200-95
polarized-appointments,Polarized appointments,"High appointment polarization, higher partisan pressure, and lower public trust.",constitutional-council,Pre-enactment constitutional council,partisanAlignment,0.160,0.158,0.162,9600,cluster-bootstrap-runs-200-95
polarized-appointments,Polarized appointments,"High appointment polarization, higher partisan pressure, and lower public trust.",constitutional-council,Pre-enactment constitutional council,shadowDocketAbuse,0.058,0.055,0.061,9600,cluster-bootstrap-runs-200-95
polarized-appointments,Polarized appointments,"High appointment polarization, higher partisan pressure, and lower public trust.",constitutional-council,Pre-enactment constitutional council,legitimacy,0.711,0.710,0.713,9600,cluster-bootstrap-runs-200-95
polarized-appointments,Polarized appointments,"High appointment polarization, higher partisan pressure, and lower public trust.",constitutional-council,Pre-enactment constitutional council,reversalRate,0.285,0.276,0.293,9600,cluster-bootstrap-runs-200-95
polarized-appointments,Polarized appointments,"High appointment polarization, higher partisan pressure, and lower public trust.",constitutional-council,Pre-enactment constitutional council,reviewRate,1.000,1.000,1.000,9600,cluster-bootstrap-runs-200-95
polarized-appointments,Polarized appointments,"High appointment polarization, higher partisan pressure, and lower public trust.",constitutional-council,Pre-enactment constitutional council,intakeAcceptanceRate,0.021,0.021,0.021,461623,cluster-bootstrap-runs-200-95
polarized-appointments,Polarized appointments,"High appointment polarization, higher partisan pressure, and lower public trust.",constitutional-council,Pre-enactment constitutional council,emergencyReliefRate,0.404,0.382,0.429,1660,cluster-bootstrap-runs-200-95
polarized-appointments,Polarized appointments,"High appointment polarization, higher partisan pressure, and lower public trust.",constitutional-council,Pre-enactment constitutional council,emergencyReasonGivingRate,0.752,0.731,0.777,1660,cluster-bootstrap-runs-200-95
polarized-appointments,Polarized appointments,"High appointment polarization, higher partisan pressure, and lower public trust.",constitutional-council,Pre-enactment constitutional council,emergencyVoteDisclosureRate,0.728,0.710,0.748,1660,cluster-bootstrap-runs-200-95
polarized-appointments,Polarized appointments,"High appointment polarization, higher partisan pressure, and lower public trust.",constitutional-council,Pre-enactment constitutional council,emergencyPublicDisagreementRate,0.264,0.243,0.288,1660,cluster-bootstrap-runs-200-95
polarized-appointments,Polarized appointments,"High appointment polarization, higher partisan pressure, and lower public trust.",constitutional-council,Pre-enactment constitutional council,governmentEmergencyWinRate,0.374,0.352,0.398,1660,cluster-bootstrap-runs-200-95
polarized-appointments,Polarized appointments,"High appointment polarization, higher partisan pressure, and lower public trust.",constitutional-council,Pre-enactment constitutional council,meritsFollowUpRate,0.334,0.311,0.358,1660,cluster-bootstrap-runs-200-95
polarized-appointments,Polarized appointments,"High appointment polarization, higher partisan pressure, and lower public trust.",constitutional-council,Pre-enactment constitutional council,meritsInvalidationRate,0.322,0.312,0.331,8495,cluster-bootstrap-runs-200-95
polarized-appointments,Polarized appointments,"High appointment polarization, higher partisan pressure, and lower public trust.",constitutional-council,Pre-enactment constitutional council,constitutionalConflict,0.247,0.245,0.248,9600,cluster-bootstrap-runs-200-95
polarized-appointments,Polarized appointments,"High appointment polarization, higher partisan pressure, and lower public trust.",constitutional-council,Pre-enactment constitutional council,democraticResponsiveness,0.472,0.470,0.474,9600,cluster-bootstrap-runs-200-95
polarized-appointments,Polarized appointments,"High appointment polarization, higher partisan pressure, and lower public trust.",constitutional-council,Pre-enactment constitutional council,complianceRate,0.451,0.433,0.469,9600,cluster-bootstrap-runs-200-95
polarized-appointments,Polarized appointments,"High appointment polarization, higher partisan pressure, and lower public trust.",constitutional-council,Pre-enactment constitutional council,publicTrust,0.033,0.031,0.036,9600,cluster-bootstrap-runs-200-95
polarized-appointments,Polarized appointments,"High appointment polarization, higher partisan pressure, and lower public trust.",constitutional-council,Pre-enactment constitutional council,administrativeLoad,0.732,0.731,0.733,9600,cluster-bootstrap-runs-200-95
polarized-appointments,Polarized appointments,"High appointment polarization, higher partisan pressure, and lower public trust.",constitutional-council,Pre-enactment constitutional council,directCourtCost,0.443,0.443,0.443,9600,cluster-bootstrap-runs-200-95
polarized-appointments,Polarized appointments,"High appointment polarization, higher partisan pressure, and lower public trust.",constitutional-council,Pre-enactment constitutional council,upstreamScreeningCost,0.697,0.696,0.698,9600,cluster-bootstrap-runs-200-95
polarized-appointments,Polarized appointments,"High appointment polarization, higher partisan pressure, and lower public trust.",constitutional-council,Pre-enactment constitutional council,capacityStrainCost,0.487,0.486,0.487,9600,cluster-bootstrap-runs-200-95
polarized-appointments,Polarized appointments,"High appointment polarization, higher partisan pressure, and lower public trust.",constitutional-council,Pre-enactment constitutional council,institutionalBudgetCost,0.512,0.512,0.512,9600,cluster-bootstrap-runs-200-95
polarized-appointments,Polarized appointments,"High appointment polarization, higher partisan pressure, and lower public trust.",constitutional-council,Pre-enactment constitutional council,institutionalDelayCost,0.513,0.512,0.514,9600,cluster-bootstrap-runs-200-95
polarized-appointments,Polarized appointments,"High appointment polarization, higher partisan pressure, and lower public trust.",constitutional-council,Pre-enactment constitutional council,implementationComplexity,0.565,0.564,0.565,9600,cluster-bootstrap-runs-200-95
polarized-appointments,Polarized appointments,"High appointment polarization, higher partisan pressure, and lower public trust.",constitutional-council,Pre-enactment constitutional council,totalInstitutionalCost,0.536,0.535,0.536,9600,cluster-bootstrap-runs-200-95
polarized-appointments,Polarized appointments,"High appointment polarization, higher partisan pressure, and lower public trust.",legislative-override-court,Judicial review with delayed legislative override,directionalScore,0.641,0.637,0.644,9600,cluster-bootstrap-runs-200-95
polarized-appointments,Polarized appointments,"High appointment polarization, higher partisan pressure, and lower public trust.",legislative-override-court,Judicial review with delayed legislative override,legalStability,0.855,0.853,0.858,9600,cluster-bootstrap-runs-200-95
polarized-appointments,Polarized appointments,"High appointment polarization, higher partisan pressure, and lower public trust.",legislative-override-court,Judicial review with delayed legislative override,rightsProtection,0.730,0.728,0.731,9600,cluster-bootstrap-runs-200-95
polarized-appointments,Polarized appointments,"High appointment polarization, higher partisan pressure, and lower public trust.",legislative-override-court,Judicial review with delayed legislative override,partisanAlignment,0.208,0.205,0.210,9600,cluster-bootstrap-runs-200-95
polarized-appointments,Polarized appointments,"High appointment polarization, higher partisan pressure, and lower public trust.",legislative-override-court,Judicial review with delayed legislative override,shadowDocketAbuse,0.064,0.061,0.067,9600,cluster-bootstrap-runs-200-95
polarized-appointments,Polarized appointments,"High appointment polarization, higher partisan pressure, and lower public trust.",legislative-override-court,Judicial review with delayed legislative override,legitimacy,0.653,0.652,0.655,9600,cluster-bootstrap-runs-200-95
polarized-appointments,Polarized appointments,"High appointment polarization, higher partisan pressure, and lower public trust.",legislative-override-court,Judicial review with delayed legislative override,reversalRate,0.419,0.409,0.426,9600,cluster-bootstrap-runs-200-95
polarized-appointments,Polarized appointments,"High appointment polarization, higher partisan pressure, and lower public trust.",legislative-override-court,Judicial review with delayed legislative override,reviewRate,1.000,1.000,1.000,9600,cluster-bootstrap-runs-200-95
polarized-appointments,Polarized appointments,"High appointment polarization, higher partisan pressure, and lower public trust.",legislative-override-court,Judicial review with delayed legislative override,intakeAcceptanceRate,0.021,0.021,0.021,461642,cluster-bootstrap-runs-200-95
polarized-appointments,Polarized appointments,"High appointment polarization, higher partisan pressure, and lower public trust.",legislative-override-court,Judicial review with delayed legislative override,emergencyReliefRate,0.521,0.494,0.544,1633,cluster-bootstrap-runs-200-95
polarized-appointments,Polarized appointments,"High appointment polarization, higher partisan pressure, and lower public trust.",legislative-override-court,Judicial review with delayed legislative override,emergencyReasonGivingRate,0.672,0.648,0.692,1633,cluster-bootstrap-runs-200-95
polarized-appointments,Polarized appointments,"High appointment polarization, higher partisan pressure, and lower public trust.",legislative-override-court,Judicial review with delayed legislative override,emergencyVoteDisclosureRate,0.586,0.562,0.609,1633,cluster-bootstrap-runs-200-95
polarized-appointments,Polarized appointments,"High appointment polarization, higher partisan pressure, and lower public trust.",legislative-override-court,Judicial review with delayed legislative override,emergencyPublicDisagreementRate,0.318,0.297,0.342,1633,cluster-bootstrap-runs-200-95
polarized-appointments,Polarized appointments,"High appointment polarization, higher partisan pressure, and lower public trust.",legislative-override-court,Judicial review with delayed legislative override,governmentEmergencyWinRate,0.496,0.471,0.521,1633,cluster-bootstrap-runs-200-95
polarized-appointments,Polarized appointments,"High appointment polarization, higher partisan pressure, and lower public trust.",legislative-override-court,Judicial review with delayed legislative override,meritsFollowUpRate,0.323,0.300,0.347,1633,cluster-bootstrap-runs-200-95
polarized-appointments,Polarized appointments,"High appointment polarization, higher partisan pressure, and lower public trust.",legislative-override-court,Judicial review with delayed legislative override,meritsInvalidationRate,0.473,0.462,0.481,8494,cluster-bootstrap-runs-200-95
polarized-appointments,Polarized appointments,"High appointment polarization, higher partisan pressure, and lower public trust.",legislative-override-court,Judicial review with delayed legislative override,constitutionalConflict,0.270,0.268,0.272,9600,cluster-bootstrap-runs-200-95
polarized-appointments,Polarized appointments,"High appointment polarization, higher partisan pressure, and lower public trust.",legislative-override-court,Judicial review with delayed legislative override,democraticResponsiveness,0.459,0.457,0.461,9600,cluster-bootstrap-runs-200-95
polarized-appointments,Polarized appointments,"High appointment polarization, higher partisan pressure, and lower public trust.",legislative-override-court,Judicial review with delayed legislative override,complianceRate,0.393,0.382,0.403,9600,cluster-bootstrap-runs-200-95
polarized-appointments,Polarized appointments,"High appointment polarization, higher partisan pressure, and lower public trust.",legislative-override-court,Judicial review with delayed legislative override,publicTrust,0.023,0.022,0.025,9600,cluster-bootstrap-runs-200-95
polarized-appointments,Polarized appointments,"High appointment polarization, higher partisan pressure, and lower public trust.",legislative-override-court,Judicial review with delayed legislative override,administrativeLoad,0.470,0.469,0.471,9600,cluster-bootstrap-runs-200-95
polarized-appointments,Polarized appointments,"High appointment polarization, higher partisan pressure, and lower public trust.",legislative-override-court,Judicial review with delayed legislative override,directCourtCost,0.311,0.311,0.311,9600,cluster-bootstrap-runs-200-95
polarized-appointments,Polarized appointments,"High appointment polarization, higher partisan pressure, and lower public trust.",legislative-override-court,Judicial review with delayed legislative override,upstreamScreeningCost,0.697,0.696,0.698,9600,cluster-bootstrap-runs-200-95
polarized-appointments,Polarized appointments,"High appointment polarization, higher partisan pressure, and lower public trust.",legislative-override-court,Judicial review with delayed legislative override,capacityStrainCost,0.419,0.419,0.420,9600,cluster-bootstrap-runs-200-95
polarized-appointments,Polarized appointments,"High appointment polarization, higher partisan pressure, and lower public trust.",legislative-override-court,Judicial review with delayed legislative override,institutionalBudgetCost,0.385,0.385,0.386,9600,cluster-bootstrap-runs-200-95
polarized-appointments,Polarized appointments,"High appointment polarization, higher partisan pressure, and lower public trust.",legislative-override-court,Judicial review with delayed legislative override,institutionalDelayCost,0.445,0.444,0.445,9600,cluster-bootstrap-runs-200-95
polarized-appointments,Polarized appointments,"High appointment polarization, higher partisan pressure, and lower public trust.",legislative-override-court,Judicial review with delayed legislative override,implementationComplexity,0.514,0.514,0.514,9600,cluster-bootstrap-runs-200-95
polarized-appointments,Polarized appointments,"High appointment polarization, higher partisan pressure, and lower public trust.",legislative-override-court,Judicial review with delayed legislative override,totalInstitutionalCost,0.468,0.468,0.469,9600,cluster-bootstrap-runs-200-95
polarized-appointments,Polarized appointments,"High appointment polarization, higher partisan pressure, and lower public trust.",accountability-retention-court,Retention-election accountability court,directionalScore,0.669,0.666,0.673,9600,cluster-bootstrap-runs-200-95
polarized-appointments,Polarized appointments,"High appointment polarization, higher partisan pressure, and lower public trust.",accountability-retention-court,Retention-election accountability court,legalStability,0.876,0.874,0.878,9600,cluster-bootstrap-runs-200-95
polarized-appointments,Polarized appointments,"High appointment polarization, higher partisan pressure, and lower public trust.",accountability-retention-court,Retention-election accountability court,rightsProtection,0.730,0.728,0.732,9600,cluster-bootstrap-runs-200-95
polarized-appointments,Polarized appointments,"High appointment polarization, higher partisan pressure, and lower public trust.",accountability-retention-court,Retention-election accountability court,partisanAlignment,0.180,0.179,0.182,9600,cluster-bootstrap-runs-200-95
polarized-appointments,Polarized appointments,"High appointment polarization, higher partisan pressure, and lower public trust.",accountability-retention-court,Retention-election accountability court,shadowDocketAbuse,0.059,0.057,0.061,9600,cluster-bootstrap-runs-200-95
polarized-appointments,Polarized appointments,"High appointment polarization, higher partisan pressure, and lower public trust.",accountability-retention-court,Retention-election accountability court,legitimacy,0.674,0.674,0.675,9600,cluster-bootstrap-runs-200-95
polarized-appointments,Polarized appointments,"High appointment polarization, higher partisan pressure, and lower public trust.",accountability-retention-court,Retention-election accountability court,reversalRate,0.280,0.272,0.288,9600,cluster-bootstrap-runs-200-95
polarized-appointments,Polarized appointments,"High appointment polarization, higher partisan pressure, and lower public trust.",accountability-retention-court,Retention-election accountability court,reviewRate,1.000,1.000,1.000,9600,cluster-bootstrap-runs-200-95
polarized-appointments,Polarized appointments,"High appointment polarization, higher partisan pressure, and lower public trust.",accountability-retention-court,Retention-election accountability court,intakeAcceptanceRate,0.021,0.021,0.021,461350,cluster-bootstrap-runs-200-95
polarized-appointments,Polarized appointments,"High appointment polarization, higher partisan pressure, and lower public trust.",accountability-retention-court,Retention-election accountability court,emergencyReliefRate,0.321,0.300,0.342,1677,cluster-bootstrap-runs-200-95
polarized-appointments,Polarized appointments,"High appointment polarization, higher partisan pressure, and lower public trust.",accountability-retention-court,Retention-election accountability court,emergencyReasonGivingRate,0.683,0.661,0.707,1677,cluster-bootstrap-runs-200-95
polarized-appointments,Polarized appointments,"High appointment polarization, higher partisan pressure, and lower public trust.",accountability-retention-court,Retention-election accountability court,emergencyVoteDisclosureRate,0.600,0.579,0.624,1677,cluster-bootstrap-runs-200-95
polarized-appointments,Polarized appointments,"High appointment polarization, higher partisan pressure, and lower public trust.",accountability-retention-court,Retention-election accountability court,emergencyPublicDisagreementRate,0.272,0.251,0.293,1677,cluster-bootstrap-runs-200-95
polarized-appointments,Polarized appointments,"High appointment polarization, higher partisan pressure, and lower public trust.",accountability-retention-court,Retention-election accountability court,governmentEmergencyWinRate,0.283,0.260,0.305,1677,cluster-bootstrap-runs-200-95
polarized-appointments,Polarized appointments,"High appointment polarization, higher partisan pressure, and lower public trust.",accountability-retention-court,Retention-election accountability court,meritsFollowUpRate,0.317,0.297,0.340,1677,cluster-bootstrap-runs-200-95
polarized-appointments,Polarized appointments,"High appointment polarization, higher partisan pressure, and lower public trust.",accountability-retention-court,Retention-election accountability court,meritsInvalidationRate,0.318,0.309,0.327,8455,cluster-bootstrap-runs-200-95
polarized-appointments,Polarized appointments,"High appointment polarization, higher partisan pressure, and lower public trust.",accountability-retention-court,Retention-election accountability court,constitutionalConflict,0.260,0.258,0.262,9600,cluster-bootstrap-runs-200-95
polarized-appointments,Polarized appointments,"High appointment polarization, higher partisan pressure, and lower public trust.",accountability-retention-court,Retention-election accountability court,democraticResponsiveness,0.482,0.480,0.484,9600,cluster-bootstrap-runs-200-95
polarized-appointments,Polarized appointments,"High appointment polarization, higher partisan pressure, and lower public trust.",accountability-retention-court,Retention-election accountability court,complianceRate,0.400,0.388,0.410,9600,cluster-bootstrap-runs-200-95
polarized-appointments,Polarized appointments,"High appointment polarization, higher partisan pressure, and lower public trust.",accountability-retention-court,Retention-election accountability court,publicTrust,0.028,0.026,0.030,9600,cluster-bootstrap-runs-200-95
polarized-appointments,Polarized appointments,"High appointment polarization, higher partisan pressure, and lower public trust.",accountability-retention-court,Retention-election accountability court,administrativeLoad,0.491,0.490,0.492,9600,cluster-bootstrap-runs-200-95
polarized-appointments,Polarized appointments,"High appointment polarization, higher partisan pressure, and lower public trust.",accountability-retention-court,Retention-election accountability court,directCourtCost,0.322,0.322,0.322,9600,cluster-bootstrap-runs-200-95
polarized-appointments,Polarized appointments,"High appointment polarization, higher partisan pressure, and lower public trust.",accountability-retention-court,Retention-election accountability court,upstreamScreeningCost,0.697,0.696,0.698,9600,cluster-bootstrap-runs-200-95
polarized-appointments,Polarized appointments,"High appointment polarization, higher partisan pressure, and lower public trust.",accountability-retention-court,Retention-election accountability court,capacityStrainCost,0.456,0.456,0.457,9600,cluster-bootstrap-runs-200-95
polarized-appointments,Polarized appointments,"High appointment polarization, higher partisan pressure, and lower public trust.",accountability-retention-court,Retention-election accountability court,institutionalBudgetCost,0.397,0.396,0.397,9600,cluster-bootstrap-runs-200-95
polarized-appointments,Polarized appointments,"High appointment polarization, higher partisan pressure, and lower public trust.",accountability-retention-court,Retention-election accountability court,institutionalDelayCost,0.448,0.448,0.449,9600,cluster-bootstrap-runs-200-95
polarized-appointments,Polarized appointments,"High appointment polarization, higher partisan pressure, and lower public trust.",accountability-retention-court,Retention-election accountability court,implementationComplexity,0.541,0.540,0.541,9600,cluster-bootstrap-runs-200-95
polarized-appointments,Polarized appointments,"High appointment polarization, higher partisan pressure, and lower public trust.",accountability-retention-court,Retention-election accountability court,totalInstitutionalCost,0.484,0.483,0.484,9600,cluster-bootstrap-runs-200-95
polarized-appointments,Polarized appointments,"High appointment polarization, higher partisan pressure, and lower public trust.",independence-accountability-hybrid,Hybrid court balancing independence and accountability,directionalScore,0.685,0.682,0.688,9600,cluster-bootstrap-runs-200-95
polarized-appointments,Polarized appointments,"High appointment polarization, higher partisan pressure, and lower public trust.",independence-accountability-hybrid,Hybrid court balancing independence and accountability,legalStability,0.908,0.905,0.910,9600,cluster-bootstrap-runs-200-95
polarized-appointments,Polarized appointments,"High appointment polarization, higher partisan pressure, and lower public trust.",independence-accountability-hybrid,Hybrid court balancing independence and accountability,rightsProtection,0.744,0.742,0.745,9600,cluster-bootstrap-runs-200-95
polarized-appointments,Polarized appointments,"High appointment polarization, higher partisan pressure, and lower public trust.",independence-accountability-hybrid,Hybrid court balancing independence and accountability,partisanAlignment,0.175,0.173,0.177,9600,cluster-bootstrap-runs-200-95
polarized-appointments,Polarized appointments,"High appointment polarization, higher partisan pressure, and lower public trust.",independence-accountability-hybrid,Hybrid court balancing independence and accountability,shadowDocketAbuse,0.003,0.003,0.004,9600,cluster-bootstrap-runs-200-95
polarized-appointments,Polarized appointments,"High appointment polarization, higher partisan pressure, and lower public trust.",independence-accountability-hybrid,Hybrid court balancing independence and accountability,legitimacy,0.712,0.711,0.713,9600,cluster-bootstrap-runs-200-95
polarized-appointments,Polarized appointments,"High appointment polarization, higher partisan pressure, and lower public trust.",independence-accountability-hybrid,Hybrid court balancing independence and accountability,reversalRate,0.384,0.374,0.393,9600,cluster-bootstrap-runs-200-95
polarized-appointments,Polarized appointments,"High appointment polarization, higher partisan pressure, and lower public trust.",independence-accountability-hybrid,Hybrid court balancing independence and accountability,reviewRate,1.000,1.000,1.000,9600,cluster-bootstrap-runs-200-95
polarized-appointments,Polarized appointments,"High appointment polarization, higher partisan pressure, and lower public trust.",independence-accountability-hybrid,Hybrid court balancing independence and accountability,intakeAcceptanceRate,0.021,0.021,0.021,465202,cluster-bootstrap-runs-200-95
polarized-appointments,Polarized appointments,"High appointment polarization, higher partisan pressure, and lower public trust.",independence-accountability-hybrid,Hybrid court balancing independence and accountability,emergencyReliefRate,0.417,0.387,0.443,1106,cluster-bootstrap-runs-200-95
polarized-appointments,Polarized appointments,"High appointment polarization, higher partisan pressure, and lower public trust.",independence-accountability-hybrid,Hybrid court balancing independence and accountability,emergencyReasonGivingRate,0.883,0.864,0.901,1106,cluster-bootstrap-runs-200-95
polarized-appointments,Polarized appointments,"High appointment polarization, higher partisan pressure, and lower public trust.",independence-accountability-hybrid,Hybrid court balancing independence and accountability,emergencyVoteDisclosureRate,0.733,0.710,0.757,1106,cluster-bootstrap-runs-200-95
polarized-appointments,Polarized appointments,"High appointment polarization, higher partisan pressure, and lower public trust.",independence-accountability-hybrid,Hybrid court balancing independence and accountability,emergencyPublicDisagreementRate,0.127,0.112,0.146,1106,cluster-bootstrap-runs-200-95
polarized-appointments,Polarized appointments,"High appointment polarization, higher partisan pressure, and lower public trust.",independence-accountability-hybrid,Hybrid court balancing independence and accountability,governmentEmergencyWinRate,0.396,0.362,0.426,1106,cluster-bootstrap-runs-200-95
polarized-appointments,Polarized appointments,"High appointment polarization, higher partisan pressure, and lower public trust.",independence-accountability-hybrid,Hybrid court balancing independence and accountability,meritsFollowUpRate,1.000,1.000,1.000,1106,cluster-bootstrap-runs-200-95
polarized-appointments,Polarized appointments,"High appointment polarization, higher partisan pressure, and lower public trust.",independence-accountability-hybrid,Hybrid court balancing independence and accountability,meritsInvalidationRate,0.384,0.374,0.393,9600,cluster-bootstrap-runs-200-95
polarized-appointments,Polarized appointments,"High appointment polarization, higher partisan pressure, and lower public trust.",independence-accountability-hybrid,Hybrid court balancing independence and accountability,constitutionalConflict,0.239,0.238,0.241,9600,cluster-bootstrap-runs-200-95
polarized-appointments,Polarized appointments,"High appointment polarization, higher partisan pressure, and lower public trust.",independence-accountability-hybrid,Hybrid court balancing independence and accountability,democraticResponsiveness,0.470,0.468,0.472,9600,cluster-bootstrap-runs-200-95
polarized-appointments,Polarized appointments,"High appointment polarization, higher partisan pressure, and lower public trust.",independence-accountability-hybrid,Hybrid court balancing independence and accountability,complianceRate,0.441,0.427,0.452,9600,cluster-bootstrap-runs-200-95
polarized-appointments,Polarized appointments,"High appointment polarization, higher partisan pressure, and lower public trust.",independence-accountability-hybrid,Hybrid court balancing independence and accountability,publicTrust,0.032,0.029,0.034,9600,cluster-bootstrap-runs-200-95
polarized-appointments,Polarized appointments,"High appointment polarization, higher partisan pressure, and lower public trust.",independence-accountability-hybrid,Hybrid court balancing independence and accountability,administrativeLoad,0.662,0.659,0.664,9600,cluster-bootstrap-runs-200-95
polarized-appointments,Polarized appointments,"High appointment polarization, higher partisan pressure, and lower public trust.",independence-accountability-hybrid,Hybrid court balancing independence and accountability,directCourtCost,0.457,0.457,0.458,9600,cluster-bootstrap-runs-200-95
polarized-appointments,Polarized appointments,"High appointment polarization, higher partisan pressure, and lower public trust.",independence-accountability-hybrid,Hybrid court balancing independence and accountability,upstreamScreeningCost,0.698,0.697,0.698,9600,cluster-bootstrap-runs-200-95
polarized-appointments,Polarized appointments,"High appointment polarization, higher partisan pressure, and lower public trust.",independence-accountability-hybrid,Hybrid court balancing independence and accountability,capacityStrainCost,0.456,0.455,0.456,9600,cluster-bootstrap-runs-200-95
polarized-appointments,Polarized appointments,"High appointment polarization, higher partisan pressure, and lower public trust.",independence-accountability-hybrid,Hybrid court balancing independence and accountability,institutionalBudgetCost,0.529,0.528,0.529,9600,cluster-bootstrap-runs-200-95
polarized-appointments,Polarized appointments,"High appointment polarization, higher partisan pressure, and lower public trust.",independence-accountability-hybrid,Hybrid court balancing independence and accountability,institutionalDelayCost,0.515,0.514,0.516,9600,cluster-bootstrap-runs-200-95
polarized-appointments,Polarized appointments,"High appointment polarization, higher partisan pressure, and lower public trust.",independence-accountability-hybrid,Hybrid court balancing independence and accountability,implementationComplexity,0.635,0.635,0.635,9600,cluster-bootstrap-runs-200-95
polarized-appointments,Polarized appointments,"High appointment polarization, higher partisan pressure, and lower public trust.",independence-accountability-hybrid,Hybrid court balancing independence and accountability,totalInstitutionalCost,0.546,0.545,0.546,9600,cluster-bootstrap-runs-200-95
rights-threat-surge,Rights-threat surge,Docket contains more laws or actions with high generated rights-risk signals.,current-federal-court,Current-style federal supreme court,directionalScore,0.509,0.507,0.511,9600,cluster-bootstrap-runs-200-95
rights-threat-surge,Rights-threat surge,Docket contains more laws or actions with high generated rights-risk signals.,current-federal-court,Current-style federal supreme court,legalStability,0.734,0.731,0.736,9600,cluster-bootstrap-runs-200-95
rights-threat-surge,Rights-threat surge,Docket contains more laws or actions with high generated rights-risk signals.,current-federal-court,Current-style federal supreme court,rightsProtection,0.679,0.677,0.681,9600,cluster-bootstrap-runs-200-95
rights-threat-surge,Rights-threat surge,Docket contains more laws or actions with high generated rights-risk signals.,current-federal-court,Current-style federal supreme court,partisanAlignment,0.211,0.209,0.213,9600,cluster-bootstrap-runs-200-95
rights-threat-surge,Rights-threat surge,Docket contains more laws or actions with high generated rights-risk signals.,current-federal-court,Current-style federal supreme court,shadowDocketAbuse,0.413,0.405,0.422,9600,cluster-bootstrap-runs-200-95
rights-threat-surge,Rights-threat surge,Docket contains more laws or actions with high generated rights-risk signals.,current-federal-court,Current-style federal supreme court,legitimacy,0.568,0.566,0.570,9600,cluster-bootstrap-runs-200-95
rights-threat-surge,Rights-threat surge,Docket contains more laws or actions with high generated rights-risk signals.,current-federal-court,Current-style federal supreme court,reversalRate,0.403,0.394,0.413,9600,cluster-bootstrap-runs-200-95
rights-threat-surge,Rights-threat surge,Docket contains more laws or actions with high generated rights-risk signals.,current-federal-court,Current-style federal supreme court,reviewRate,1.000,1.000,1.000,9600,cluster-bootstrap-runs-200-95
rights-threat-surge,Rights-threat surge,Docket contains more laws or actions with high generated rights-risk signals.,current-federal-court,Current-style federal supreme court,intakeAcceptanceRate,0.022,0.022,0.022,433737,cluster-bootstrap-runs-200-95
rights-threat-surge,Rights-threat surge,Docket contains more laws or actions with high generated rights-risk signals.,current-federal-court,Current-style federal supreme court,emergencyReliefRate,0.905,0.898,0.914,4411,cluster-bootstrap-runs-200-95
rights-threat-surge,Rights-threat surge,Docket contains more laws or actions with high generated rights-risk signals.,current-federal-court,Current-style federal supreme court,emergencyReasonGivingRate,0.027,0.023,0.030,4411,cluster-bootstrap-runs-200-95
rights-threat-surge,Rights-threat surge,Docket contains more laws or actions with high generated rights-risk signals.,current-federal-court,Current-style federal supreme court,emergencyVoteDisclosureRate,0.396,0.379,0.411,4411,cluster-bootstrap-runs-200-95
rights-threat-surge,Rights-threat surge,Docket contains more laws or actions with high generated rights-risk signals.,current-federal-court,Current-style federal supreme court,emergencyPublicDisagreementRate,0.560,0.548,0.572,4411,cluster-bootstrap-runs-200-95
rights-threat-surge,Rights-threat surge,Docket contains more laws or actions with high generated rights-risk signals.,current-federal-court,Current-style federal supreme court,governmentEmergencyWinRate,0.893,0.885,0.902,4411,cluster-bootstrap-runs-200-95
rights-threat-surge,Rights-threat surge,Docket contains more laws or actions with high generated rights-risk signals.,current-federal-court,Current-style federal supreme court,meritsFollowUpRate,0.000,0.000,0.000,4411,cluster-bootstrap-runs-200-95
rights-threat-surge,Rights-threat surge,Docket contains more laws or actions with high generated rights-risk signals.,current-federal-court,Current-style federal supreme court,meritsInvalidationRate,0.745,0.733,0.756,5189,cluster-bootstrap-runs-200-95
rights-threat-surge,Rights-threat surge,Docket contains more laws or actions with high generated rights-risk signals.,current-federal-court,Current-style federal supreme court,constitutionalConflict,0.391,0.388,0.393,9600,cluster-bootstrap-runs-200-95
rights-threat-surge,Rights-threat surge,Docket contains more laws or actions with high generated rights-risk signals.,current-federal-court,Current-style federal supreme court,democraticResponsiveness,0.405,0.403,0.407,9600,cluster-bootstrap-runs-200-95
rights-threat-surge,Rights-threat surge,Docket contains more laws or actions with high generated rights-risk signals.,current-federal-court,Current-style federal supreme court,complianceRate,0.287,0.279,0.297,9600,cluster-bootstrap-runs-200-95
rights-threat-surge,Rights-threat surge,Docket contains more laws or actions with high generated rights-risk signals.,current-federal-court,Current-style federal supreme court,publicTrust,0.018,0.017,0.019,9600,cluster-bootstrap-runs-200-95
rights-threat-surge,Rights-threat surge,Docket contains more laws or actions with high generated rights-risk signals.,current-federal-court,Current-style federal supreme court,administrativeLoad,0.493,0.492,0.494,9600,cluster-bootstrap-runs-200-95
rights-threat-surge,Rights-threat surge,Docket contains more laws or actions with high generated rights-risk signals.,current-federal-court,Current-style federal supreme court,directCourtCost,0.307,0.307,0.307,9600,cluster-bootstrap-runs-200-95
rights-threat-surge,Rights-threat surge,Docket contains more laws or actions with high generated rights-risk signals.,current-federal-court,Current-style federal supreme court,upstreamScreeningCost,0.701,0.701,0.702,9600,cluster-bootstrap-runs-200-95
rights-threat-surge,Rights-threat surge,Docket contains more laws or actions with high generated rights-risk signals.,current-federal-court,Current-style federal supreme court,capacityStrainCost,0.424,0.423,0.425,9600,cluster-bootstrap-runs-200-95
rights-threat-surge,Rights-threat surge,Docket contains more laws or actions with high generated rights-risk signals.,current-federal-court,Current-style federal supreme court,institutionalBudgetCost,0.382,0.382,0.382,9600,cluster-bootstrap-runs-200-95
rights-threat-surge,Rights-threat surge,Docket contains more laws or actions with high generated rights-risk signals.,current-federal-court,Current-style federal supreme court,institutionalDelayCost,0.439,0.438,0.439,9600,cluster-bootstrap-runs-200-95
rights-threat-surge,Rights-threat surge,Docket contains more laws or actions with high generated rights-risk signals.,current-federal-court,Current-style federal supreme court,implementationComplexity,0.437,0.436,0.437,9600,cluster-bootstrap-runs-200-95
rights-threat-surge,Rights-threat surge,Docket contains more laws or actions with high generated rights-risk signals.,current-federal-court,Current-style federal supreme court,totalInstitutionalCost,0.455,0.455,0.455,9600,cluster-bootstrap-runs-200-95
rights-threat-surge,Rights-threat surge,Docket contains more laws or actions with high generated rights-risk signals.,eighteen-year-terms,Staggered 18-year nonrenewable terms,directionalScore,0.520,0.518,0.522,9600,cluster-bootstrap-runs-200-95
rights-threat-surge,Rights-threat surge,Docket contains more laws or actions with high generated rights-risk signals.,eighteen-year-terms,Staggered 18-year nonrenewable terms,legalStability,0.740,0.738,0.743,9600,cluster-bootstrap-runs-200-95
rights-threat-surge,Rights-threat surge,Docket contains more laws or actions with high generated rights-risk signals.,eighteen-year-terms,Staggered 18-year nonrenewable terms,rightsProtection,0.679,0.676,0.681,9600,cluster-bootstrap-runs-200-95
rights-threat-surge,Rights-threat surge,Docket contains more laws or actions with high generated rights-risk signals.,eighteen-year-terms,Staggered 18-year nonrenewable terms,partisanAlignment,0.197,0.195,0.199,9600,cluster-bootstrap-runs-200-95
rights-threat-surge,Rights-threat surge,Docket contains more laws or actions with high generated rights-risk signals.,eighteen-year-terms,Staggered 18-year nonrenewable terms,shadowDocketAbuse,0.416,0.409,0.425,9600,cluster-bootstrap-runs-200-95
rights-threat-surge,Rights-threat surge,Docket contains more laws or actions with high generated rights-risk signals.,eighteen-year-terms,Staggered 18-year nonrenewable terms,legitimacy,0.573,0.571,0.575,9600,cluster-bootstrap-runs-200-95
rights-threat-surge,Rights-threat surge,Docket contains more laws or actions with high generated rights-risk signals.,eighteen-year-terms,Staggered 18-year nonrenewable terms,reversalRate,0.375,0.365,0.386,9600,cluster-bootstrap-runs-200-95
rights-threat-surge,Rights-threat surge,Docket contains more laws or actions with high generated rights-risk signals.,eighteen-year-terms,Staggered 18-year nonrenewable terms,reviewRate,1.000,1.000,1.000,9600,cluster-bootstrap-runs-200-95
rights-threat-surge,Rights-threat surge,Docket contains more laws or actions with high generated rights-risk signals.,eighteen-year-terms,Staggered 18-year nonrenewable terms,intakeAcceptanceRate,0.022,0.022,0.022,433277,cluster-bootstrap-runs-200-95
rights-threat-surge,Rights-threat surge,Docket contains more laws or actions with high generated rights-risk signals.,eighteen-year-terms,Staggered 18-year nonrenewable terms,emergencyReliefRate,0.875,0.866,0.885,4491,cluster-bootstrap-runs-200-95
rights-threat-surge,Rights-threat surge,Docket contains more laws or actions with high generated rights-risk signals.,eighteen-year-terms,Staggered 18-year nonrenewable terms,emergencyReasonGivingRate,0.043,0.038,0.050,4491,cluster-bootstrap-runs-200-95
rights-threat-surge,Rights-threat surge,Docket contains more laws or actions with high generated rights-risk signals.,eighteen-year-terms,Staggered 18-year nonrenewable terms,emergencyVoteDisclosureRate,0.407,0.394,0.423,4491,cluster-bootstrap-runs-200-95
rights-threat-surge,Rights-threat surge,Docket contains more laws or actions with high generated rights-risk signals.,eighteen-year-terms,Staggered 18-year nonrenewable terms,emergencyPublicDisagreementRate,0.559,0.545,0.574,4491,cluster-bootstrap-runs-200-95
rights-threat-surge,Rights-threat surge,Docket contains more laws or actions with high generated rights-risk signals.,eighteen-year-terms,Staggered 18-year nonrenewable terms,governmentEmergencyWinRate,0.858,0.847,0.871,4491,cluster-bootstrap-runs-200-95
rights-threat-surge,Rights-threat surge,Docket contains more laws or actions with high generated rights-risk signals.,eighteen-year-terms,Staggered 18-year nonrenewable terms,meritsFollowUpRate,0.000,0.000,0.000,4491,cluster-bootstrap-runs-200-95
rights-threat-surge,Rights-threat surge,Docket contains more laws or actions with high generated rights-risk signals.,eighteen-year-terms,Staggered 18-year nonrenewable terms,meritsInvalidationRate,0.705,0.692,0.719,5109,cluster-bootstrap-runs-200-95
rights-threat-surge,Rights-threat surge,Docket contains more laws or actions with high generated rights-risk signals.,eighteen-year-terms,Staggered 18-year nonrenewable terms,constitutionalConflict,0.388,0.385,0.390,9600,cluster-bootstrap-runs-200-95
rights-threat-surge,Rights-threat surge,Docket contains more laws or actions with high generated rights-risk signals.,eighteen-year-terms,Staggered 18-year nonrenewable terms,democraticResponsiveness,0.409,0.407,0.411,9600,cluster-bootstrap-runs-200-95
rights-threat-surge,Rights-threat surge,Docket contains more laws or actions with high generated rights-risk signals.,eighteen-year-terms,Staggered 18-year nonrenewable terms,complianceRate,0.290,0.282,0.298,9600,cluster-bootstrap-runs-200-95
rights-threat-surge,Rights-threat surge,Docket contains more laws or actions with high generated rights-risk signals.,eighteen-year-terms,Staggered 18-year nonrenewable terms,publicTrust,0.019,0.018,0.020,9600,cluster-bootstrap-runs-200-95
rights-threat-surge,Rights-threat surge,Docket contains more laws or actions with high generated rights-risk signals.,eighteen-year-terms,Staggered 18-year nonrenewable terms,administrativeLoad,0.502,0.501,0.503,9600,cluster-bootstrap-runs-200-95
rights-threat-surge,Rights-threat surge,Docket contains more laws or actions with high generated rights-risk signals.,eighteen-year-terms,Staggered 18-year nonrenewable terms,directCourtCost,0.312,0.312,0.312,9600,cluster-bootstrap-runs-200-95
rights-threat-surge,Rights-threat surge,Docket contains more laws or actions with high generated rights-risk signals.,eighteen-year-terms,Staggered 18-year nonrenewable terms,upstreamScreeningCost,0.701,0.700,0.702,9600,cluster-bootstrap-runs-200-95
rights-threat-surge,Rights-threat surge,Docket contains more laws or actions with high generated rights-risk signals.,eighteen-year-terms,Staggered 18-year nonrenewable terms,capacityStrainCost,0.439,0.438,0.440,9600,cluster-bootstrap-runs-200-95
rights-threat-surge,Rights-threat surge,Docket contains more laws or actions with high generated rights-risk signals.,eighteen-year-terms,Staggered 18-year nonrenewable terms,institutionalBudgetCost,0.387,0.386,0.387,9600,cluster-bootstrap-runs-200-95
rights-threat-surge,Rights-threat surge,Docket contains more laws or actions with high generated rights-risk signals.,eighteen-year-terms,Staggered 18-year nonrenewable terms,institutionalDelayCost,0.440,0.439,0.441,9600,cluster-bootstrap-runs-200-95
rights-threat-surge,Rights-threat surge,Docket contains more laws or actions with high generated rights-risk signals.,eighteen-year-terms,Staggered 18-year nonrenewable terms,implementationComplexity,0.439,0.439,0.440,9600,cluster-bootstrap-runs-200-95
rights-threat-surge,Rights-threat surge,Docket contains more laws or actions with high generated rights-risk signals.,eighteen-year-terms,Staggered 18-year nonrenewable terms,totalInstitutionalCost,0.460,0.460,0.460,9600,cluster-bootstrap-runs-200-95
rights-threat-surge,Rights-threat surge,Docket contains more laws or actions with high generated rights-risk signals.,fifteen-justice-commission,Fifteen-justice supermajority commission court,directionalScore,0.610,0.607,0.613,9600,cluster-bootstrap-runs-200-95
rights-threat-surge,Rights-threat surge,Docket contains more laws or actions with high generated rights-risk signals.,fifteen-justice-commission,Fifteen-justice supermajority commission court,legalStability,0.814,0.811,0.816,9600,cluster-bootstrap-runs-200-95
rights-threat-surge,Rights-threat surge,Docket contains more laws or actions with high generated rights-risk signals.,fifteen-justice-commission,Fifteen-justice supermajority commission court,rightsProtection,0.731,0.729,0.733,9600,cluster-bootstrap-runs-200-95
rights-threat-surge,Rights-threat surge,Docket contains more laws or actions with high generated rights-risk signals.,fifteen-justice-commission,Fifteen-justice supermajority commission court,partisanAlignment,0.171,0.169,0.173,9600,cluster-bootstrap-runs-200-95
rights-threat-surge,Rights-threat surge,Docket contains more laws or actions with high generated rights-risk signals.,fifteen-justice-commission,Fifteen-justice supermajority commission court,shadowDocketAbuse,0.073,0.070,0.076,9600,cluster-bootstrap-runs-200-95
rights-threat-surge,Rights-threat surge,Docket contains more laws or actions with high generated rights-risk signals.,fifteen-justice-commission,Fifteen-justice supermajority commission court,legitimacy,0.691,0.690,0.692,9600,cluster-bootstrap-runs-200-95
rights-threat-surge,Rights-threat surge,Docket contains more laws or actions with high generated rights-risk signals.,fifteen-justice-commission,Fifteen-justice supermajority commission court,reversalRate,0.633,0.624,0.641,9600,cluster-bootstrap-runs-200-95
rights-threat-surge,Rights-threat surge,Docket contains more laws or actions with high generated rights-risk signals.,fifteen-justice-commission,Fifteen-justice supermajority commission court,reviewRate,1.000,1.000,1.000,9600,cluster-bootstrap-runs-200-95
rights-threat-surge,Rights-threat surge,Docket contains more laws or actions with high generated rights-risk signals.,fifteen-justice-commission,Fifteen-justice supermajority commission court,intakeAcceptanceRate,0.021,0.021,0.021,449644,cluster-bootstrap-runs-200-95
rights-threat-surge,Rights-threat surge,Docket contains more laws or actions with high generated rights-risk signals.,fifteen-justice-commission,Fifteen-justice supermajority commission court,emergencyReliefRate,0.783,0.765,0.803,1831,cluster-bootstrap-runs-200-95
rights-threat-surge,Rights-threat surge,Docket contains more laws or actions with high generated rights-risk signals.,fifteen-justice-commission,Fifteen-justice supermajority commission court,emergencyReasonGivingRate,0.707,0.689,0.722,1831,cluster-bootstrap-runs-200-95
rights-threat-surge,Rights-threat surge,Docket contains more laws or actions with high generated rights-risk signals.,fifteen-justice-commission,Fifteen-justice supermajority commission court,emergencyVoteDisclosureRate,0.631,0.613,0.650,1831,cluster-bootstrap-runs-200-95
rights-threat-surge,Rights-threat surge,Docket contains more laws or actions with high generated rights-risk signals.,fifteen-justice-commission,Fifteen-justice supermajority commission court,emergencyPublicDisagreementRate,0.292,0.272,0.308,1831,cluster-bootstrap-runs-200-95
rights-threat-surge,Rights-threat surge,Docket contains more laws or actions with high generated rights-risk signals.,fifteen-justice-commission,Fifteen-justice supermajority commission court,governmentEmergencyWinRate,0.761,0.739,0.783,1831,cluster-bootstrap-runs-200-95
rights-threat-surge,Rights-threat surge,Docket contains more laws or actions with high generated rights-risk signals.,fifteen-justice-commission,Fifteen-justice supermajority commission court,meritsFollowUpRate,0.455,0.431,0.476,1831,cluster-bootstrap-runs-200-95
rights-threat-surge,Rights-threat surge,Docket contains more laws or actions with high generated rights-risk signals.,fifteen-justice-commission,Fifteen-justice supermajority commission court,meritsInvalidationRate,0.706,0.697,0.715,8602,cluster-bootstrap-runs-200-95
rights-threat-surge,Rights-threat surge,Docket contains more laws or actions with high generated rights-risk signals.,fifteen-justice-commission,Fifteen-justice supermajority commission court,constitutionalConflict,0.300,0.298,0.301,9600,cluster-bootstrap-runs-200-95
rights-threat-surge,Rights-threat surge,Docket contains more laws or actions with high generated rights-risk signals.,fifteen-justice-commission,Fifteen-justice supermajority commission court,democraticResponsiveness,0.466,0.464,0.467,9600,cluster-bootstrap-runs-200-95
rights-threat-surge,Rights-threat surge,Docket contains more laws or actions with high generated rights-risk signals.,fifteen-justice-commission,Fifteen-justice supermajority commission court,complianceRate,0.366,0.356,0.376,9600,cluster-bootstrap-runs-200-95
rights-threat-surge,Rights-threat surge,Docket contains more laws or actions with high generated rights-risk signals.,fifteen-justice-commission,Fifteen-justice supermajority commission court,publicTrust,0.028,0.026,0.029,9600,cluster-bootstrap-runs-200-95
rights-threat-surge,Rights-threat surge,Docket contains more laws or actions with high generated rights-risk signals.,fifteen-justice-commission,Fifteen-justice supermajority commission court,administrativeLoad,0.487,0.486,0.488,9600,cluster-bootstrap-runs-200-95
rights-threat-surge,Rights-threat surge,Docket contains more laws or actions with high generated rights-risk signals.,fifteen-justice-commission,Fifteen-justice supermajority commission court,directCourtCost,0.365,0.364,0.365,9600,cluster-bootstrap-runs-200-95
rights-threat-surge,Rights-threat surge,Docket contains more laws or actions with high generated rights-risk signals.,fifteen-justice-commission,Fifteen-justice supermajority commission court,upstreamScreeningCost,0.704,0.703,0.704,9600,cluster-bootstrap-runs-200-95
rights-threat-surge,Rights-threat surge,Docket contains more laws or actions with high generated rights-risk signals.,fifteen-justice-commission,Fifteen-justice supermajority commission court,capacityStrainCost,0.427,0.426,0.427,9600,cluster-bootstrap-runs-200-95
rights-threat-surge,Rights-threat surge,Docket contains more laws or actions with high generated rights-risk signals.,fifteen-justice-commission,Fifteen-justice supermajority commission court,institutionalBudgetCost,0.441,0.441,0.441,9600,cluster-bootstrap-runs-200-95
rights-threat-surge,Rights-threat surge,Docket contains more laws or actions with high generated rights-risk signals.,fifteen-justice-commission,Fifteen-justice supermajority commission court,institutionalDelayCost,0.446,0.446,0.447,9600,cluster-bootstrap-runs-200-95
rights-threat-surge,Rights-threat surge,Docket contains more laws or actions with high generated rights-risk signals.,fifteen-justice-commission,Fifteen-justice supermajority commission court,implementationComplexity,0.457,0.457,0.457,9600,cluster-bootstrap-runs-200-95
rights-threat-surge,Rights-threat surge,Docket contains more laws or actions with high generated rights-risk signals.,fifteen-justice-commission,Fifteen-justice supermajority commission court,totalInstitutionalCost,0.475,0.475,0.476,9600,cluster-bootstrap-runs-200-95
rights-threat-surge,Rights-threat surge,Docket contains more laws or actions with high generated rights-risk signals.,supermajority-invalidation,Supermajority required to invalidate laws,directionalScore,0.602,0.599,0.604,9600,cluster-bootstrap-runs-200-95
rights-threat-surge,Rights-threat surge,Docket contains more laws or actions with high generated rights-risk signals.,supermajority-invalidation,Supermajority required to invalidate laws,legalStability,0.828,0.825,0.830,9600,cluster-bootstrap-runs-200-95
rights-threat-surge,Rights-threat surge,Docket contains more laws or actions with high generated rights-risk signals.,supermajority-invalidation,Supermajority required to invalidate laws,rightsProtection,0.727,0.725,0.729,9600,cluster-bootstrap-runs-200-95
rights-threat-surge,Rights-threat surge,Docket contains more laws or actions with high generated rights-risk signals.,supermajority-invalidation,Supermajority required to invalidate laws,partisanAlignment,0.184,0.182,0.186,9600,cluster-bootstrap-runs-200-95
rights-threat-surge,Rights-threat surge,Docket contains more laws or actions with high generated rights-risk signals.,supermajority-invalidation,Supermajority required to invalidate laws,shadowDocketAbuse,0.076,0.072,0.079,9600,cluster-bootstrap-runs-200-95
rights-threat-surge,Rights-threat surge,Docket contains more laws or actions with high generated rights-risk signals.,supermajority-invalidation,Supermajority required to invalidate laws,legitimacy,0.669,0.668,0.670,9600,cluster-bootstrap-runs-200-95
rights-threat-surge,Rights-threat surge,Docket contains more laws or actions with high generated rights-risk signals.,supermajority-invalidation,Supermajority required to invalidate laws,reversalRate,0.601,0.591,0.611,9600,cluster-bootstrap-runs-200-95
rights-threat-surge,Rights-threat surge,Docket contains more laws or actions with high generated rights-risk signals.,supermajority-invalidation,Supermajority required to invalidate laws,reviewRate,1.000,1.000,1.000,9600,cluster-bootstrap-runs-200-95
rights-threat-surge,Rights-threat surge,Docket contains more laws or actions with high generated rights-risk signals.,supermajority-invalidation,Supermajority required to invalidate laws,intakeAcceptanceRate,0.021,0.021,0.021,449469,cluster-bootstrap-runs-200-95
rights-threat-surge,Rights-threat surge,Docket contains more laws or actions with high generated rights-risk signals.,supermajority-invalidation,Supermajority required to invalidate laws,emergencyReliefRate,0.794,0.777,0.808,1847,cluster-bootstrap-runs-200-95
rights-threat-surge,Rights-threat surge,Docket contains more laws or actions with high generated rights-risk signals.,supermajority-invalidation,Supermajority required to invalidate laws,emergencyReasonGivingRate,0.664,0.646,0.685,1847,cluster-bootstrap-runs-200-95
rights-threat-surge,Rights-threat surge,Docket contains more laws or actions with high generated rights-risk signals.,supermajority-invalidation,Supermajority required to invalidate laws,emergencyVoteDisclosureRate,0.545,0.526,0.566,1847,cluster-bootstrap-runs-200-95
rights-threat-surge,Rights-threat surge,Docket contains more laws or actions with high generated rights-risk signals.,supermajority-invalidation,Supermajority required to invalidate laws,emergencyPublicDisagreementRate,0.308,0.285,0.328,1847,cluster-bootstrap-runs-200-95
rights-threat-surge,Rights-threat surge,Docket contains more laws or actions with high generated rights-risk signals.,supermajority-invalidation,Supermajority required to invalidate laws,governmentEmergencyWinRate,0.774,0.756,0.791,1847,cluster-bootstrap-runs-200-95
rights-threat-surge,Rights-threat surge,Docket contains more laws or actions with high generated rights-risk signals.,supermajority-invalidation,Supermajority required to invalidate laws,meritsFollowUpRate,0.448,0.424,0.470,1847,cluster-bootstrap-runs-200-95
rights-threat-surge,Rights-threat surge,Docket contains more laws or actions with high generated rights-risk signals.,supermajority-invalidation,Supermajority required to invalidate laws,meritsInvalidationRate,0.673,0.663,0.682,8581,cluster-bootstrap-runs-200-95
rights-threat-surge,Rights-threat surge,Docket contains more laws or actions with high generated rights-risk signals.,supermajority-invalidation,Supermajority required to invalidate laws,constitutionalConflict,0.298,0.296,0.300,9600,cluster-bootstrap-runs-200-95
rights-threat-surge,Rights-threat surge,Docket contains more laws or actions with high generated rights-risk signals.,supermajority-invalidation,Supermajority required to invalidate laws,democraticResponsiveness,0.462,0.460,0.464,9600,cluster-bootstrap-runs-200-95
rights-threat-surge,Rights-threat surge,Docket contains more laws or actions with high generated rights-risk signals.,supermajority-invalidation,Supermajority required to invalidate laws,complianceRate,0.367,0.356,0.378,9600,cluster-bootstrap-runs-200-95
rights-threat-surge,Rights-threat surge,Docket contains more laws or actions with high generated rights-risk signals.,supermajority-invalidation,Supermajority required to invalidate laws,publicTrust,0.027,0.026,0.029,9600,cluster-bootstrap-runs-200-95
rights-threat-surge,Rights-threat surge,Docket contains more laws or actions with high generated rights-risk signals.,supermajority-invalidation,Supermajority required to invalidate laws,administrativeLoad,0.467,0.466,0.468,9600,cluster-bootstrap-runs-200-95
rights-threat-surge,Rights-threat surge,Docket contains more laws or actions with high generated rights-risk signals.,supermajority-invalidation,Supermajority required to invalidate laws,directCourtCost,0.305,0.305,0.305,9600,cluster-bootstrap-runs-200-95
rights-threat-surge,Rights-threat surge,Docket contains more laws or actions with high generated rights-risk signals.,supermajority-invalidation,Supermajority required to invalidate laws,upstreamScreeningCost,0.704,0.703,0.704,9600,cluster-bootstrap-runs-200-95
rights-threat-surge,Rights-threat surge,Docket contains more laws or actions with high generated rights-risk signals.,supermajority-invalidation,Supermajority required to invalidate laws,capacityStrainCost,0.405,0.404,0.406,9600,cluster-bootstrap-runs-200-95
rights-threat-surge,Rights-threat surge,Docket contains more laws or actions with high generated rights-risk signals.,supermajority-invalidation,Supermajority required to invalidate laws,institutionalBudgetCost,0.381,0.381,0.382,9600,cluster-bootstrap-runs-200-95
rights-threat-surge,Rights-threat surge,Docket contains more laws or actions with high generated rights-risk signals.,supermajority-invalidation,Supermajority required to invalidate laws,institutionalDelayCost,0.444,0.443,0.445,9600,cluster-bootstrap-runs-200-95
rights-threat-surge,Rights-threat surge,Docket contains more laws or actions with high generated rights-risk signals.,supermajority-invalidation,Supermajority required to invalidate laws,implementationComplexity,0.493,0.493,0.494,9600,cluster-bootstrap-runs-200-95
rights-threat-surge,Rights-threat surge,Docket contains more laws or actions with high generated rights-risk signals.,supermajority-invalidation,Supermajority required to invalidate laws,totalInstitutionalCost,0.462,0.461,0.462,9600,cluster-bootstrap-runs-200-95
rights-threat-surge,Rights-threat surge,Docket contains more laws or actions with high generated rights-risk signals.,strict-recusal-court,Strict recusal with substitute justices,directionalScore,0.618,0.616,0.620,9600,cluster-bootstrap-runs-200-95
rights-threat-surge,Rights-threat surge,Docket contains more laws or actions with high generated rights-risk signals.,strict-recusal-court,Strict recusal with substitute justices,legalStability,0.815,0.813,0.817,9600,cluster-bootstrap-runs-200-95
rights-threat-surge,Rights-threat surge,Docket contains more laws or actions with high generated rights-risk signals.,strict-recusal-court,Strict recusal with substitute justices,rightsProtection,0.731,0.728,0.732,9600,cluster-bootstrap-runs-200-95
rights-threat-surge,Rights-threat surge,Docket contains more laws or actions with high generated rights-risk signals.,strict-recusal-court,Strict recusal with substitute justices,partisanAlignment,0.170,0.168,0.172,9600,cluster-bootstrap-runs-200-95
rights-threat-surge,Rights-threat surge,Docket contains more laws or actions with high generated rights-risk signals.,strict-recusal-court,Strict recusal with substitute justices,shadowDocketAbuse,0.070,0.068,0.074,9600,cluster-bootstrap-runs-200-95
rights-threat-surge,Rights-threat surge,Docket contains more laws or actions with high generated rights-risk signals.,strict-recusal-court,Strict recusal with substitute justices,legitimacy,0.710,0.709,0.711,9600,cluster-bootstrap-runs-200-95
rights-threat-surge,Rights-threat surge,Docket contains more laws or actions with high generated rights-risk signals.,strict-recusal-court,Strict recusal with substitute justices,reversalRate,0.621,0.611,0.630,9600,cluster-bootstrap-runs-200-95
rights-threat-surge,Rights-threat surge,Docket contains more laws or actions with high generated rights-risk signals.,strict-recusal-court,Strict recusal with substitute justices,reviewRate,1.000,1.000,1.000,9600,cluster-bootstrap-runs-200-95
rights-threat-surge,Rights-threat surge,Docket contains more laws or actions with high generated rights-risk signals.,strict-recusal-court,Strict recusal with substitute justices,intakeAcceptanceRate,0.021,0.021,0.021,449726,cluster-bootstrap-runs-200-95
rights-threat-surge,Rights-threat surge,Docket contains more laws or actions with high generated rights-risk signals.,strict-recusal-court,Strict recusal with substitute justices,emergencyReliefRate,0.775,0.759,0.794,1812,cluster-bootstrap-runs-200-95
rights-threat-surge,Rights-threat surge,Docket contains more laws or actions with high generated rights-risk signals.,strict-recusal-court,Strict recusal with substitute justices,emergencyReasonGivingRate,0.751,0.736,0.768,1812,cluster-bootstrap-runs-200-95
rights-threat-surge,Rights-threat surge,Docket contains more laws or actions with high generated rights-risk signals.,strict-recusal-court,Strict recusal with substitute justices,emergencyVoteDisclosureRate,0.690,0.671,0.711,1812,cluster-bootstrap-runs-200-95
rights-threat-surge,Rights-threat surge,Docket contains more laws or actions with high generated rights-risk signals.,strict-recusal-court,Strict recusal with substitute justices,emergencyPublicDisagreementRate,0.267,0.249,0.284,1812,cluster-bootstrap-runs-200-95
rights-threat-surge,Rights-threat surge,Docket contains more laws or actions with high generated rights-risk signals.,strict-recusal-court,Strict recusal with substitute justices,governmentEmergencyWinRate,0.754,0.733,0.776,1812,cluster-bootstrap-runs-200-95
rights-threat-surge,Rights-threat surge,Docket contains more laws or actions with high generated rights-risk signals.,strict-recusal-court,Strict recusal with substitute justices,meritsFollowUpRate,0.457,0.437,0.475,1812,cluster-bootstrap-runs-200-95
rights-threat-surge,Rights-threat surge,Docket contains more laws or actions with high generated rights-risk signals.,strict-recusal-court,Strict recusal with substitute justices,meritsInvalidationRate,0.692,0.682,0.701,8616,cluster-bootstrap-runs-200-95
rights-threat-surge,Rights-threat surge,Docket contains more laws or actions with high generated rights-risk signals.,strict-recusal-court,Strict recusal with substitute justices,constitutionalConflict,0.298,0.296,0.299,9600,cluster-bootstrap-runs-200-95
rights-threat-surge,Rights-threat surge,Docket contains more laws or actions with high generated rights-risk signals.,strict-recusal-court,Strict recusal with substitute justices,democraticResponsiveness,0.466,0.465,0.468,9600,cluster-bootstrap-runs-200-95
rights-threat-surge,Rights-threat surge,Docket contains more laws or actions with high generated rights-risk signals.,strict-recusal-court,Strict recusal with substitute justices,complianceRate,0.371,0.361,0.382,9600,cluster-bootstrap-runs-200-95
rights-threat-surge,Rights-threat surge,Docket contains more laws or actions with high generated rights-risk signals.,strict-recusal-court,Strict recusal with substitute justices,publicTrust,0.029,0.027,0.031,9600,cluster-bootstrap-runs-200-95
rights-threat-surge,Rights-threat surge,Docket contains more laws or actions with high generated rights-risk signals.,strict-recusal-court,Strict recusal with substitute justices,administrativeLoad,0.487,0.486,0.488,9600,cluster-bootstrap-runs-200-95
rights-threat-surge,Rights-threat surge,Docket contains more laws or actions with high generated rights-risk signals.,strict-recusal-court,Strict recusal with substitute justices,directCourtCost,0.364,0.363,0.364,9600,cluster-bootstrap-runs-200-95
rights-threat-surge,Rights-threat surge,Docket contains more laws or actions with high generated rights-risk signals.,strict-recusal-court,Strict recusal with substitute justices,upstreamScreeningCost,0.704,0.703,0.704,9600,cluster-bootstrap-runs-200-95
rights-threat-surge,Rights-threat surge,Docket contains more laws or actions with high generated rights-risk signals.,strict-recusal-court,Strict recusal with substitute justices,capacityStrainCost,0.427,0.426,0.428,9600,cluster-bootstrap-runs-200-95
rights-threat-surge,Rights-threat surge,Docket contains more laws or actions with high generated rights-risk signals.,strict-recusal-court,Strict recusal with substitute justices,institutionalBudgetCost,0.440,0.440,0.440,9600,cluster-bootstrap-runs-200-95
rights-threat-surge,Rights-threat surge,Docket contains more laws or actions with high generated rights-risk signals.,strict-recusal-court,Strict recusal with substitute justices,institutionalDelayCost,0.446,0.446,0.447,9600,cluster-bootstrap-runs-200-95
rights-threat-surge,Rights-threat surge,Docket contains more laws or actions with high generated rights-risk signals.,strict-recusal-court,Strict recusal with substitute justices,implementationComplexity,0.491,0.491,0.491,9600,cluster-bootstrap-runs-200-95
rights-threat-surge,Rights-threat surge,Docket contains more laws or actions with high generated rights-risk signals.,strict-recusal-court,Strict recusal with substitute justices,totalInstitutionalCost,0.481,0.480,0.481,9600,cluster-bootstrap-runs-200-95
rights-threat-surge,Rights-threat surge,Docket contains more laws or actions with high generated rights-risk signals.,reasoned-emergency-review,Reasoned emergency orders with merits follow-up,directionalScore,0.628,0.626,0.631,9600,cluster-bootstrap-runs-200-95
rights-threat-surge,Rights-threat surge,Docket contains more laws or actions with high generated rights-risk signals.,reasoned-emergency-review,Reasoned emergency orders with merits follow-up,legalStability,0.821,0.819,0.823,9600,cluster-bootstrap-runs-200-95
rights-threat-surge,Rights-threat surge,Docket contains more laws or actions with high generated rights-risk signals.,reasoned-emergency-review,Reasoned emergency orders with merits follow-up,rightsProtection,0.743,0.741,0.744,9600,cluster-bootstrap-runs-200-95
rights-threat-surge,Rights-threat surge,Docket contains more laws or actions with high generated rights-risk signals.,reasoned-emergency-review,Reasoned emergency orders with merits follow-up,partisanAlignment,0.184,0.182,0.186,9600,cluster-bootstrap-runs-200-95
rights-threat-surge,Rights-threat surge,Docket contains more laws or actions with high generated rights-risk signals.,reasoned-emergency-review,Reasoned emergency orders with merits follow-up,shadowDocketAbuse,0.007,0.007,0.008,9600,cluster-bootstrap-runs-200-95
rights-threat-surge,Rights-threat surge,Docket contains more laws or actions with high generated rights-risk signals.,reasoned-emergency-review,Reasoned emergency orders with merits follow-up,legitimacy,0.729,0.728,0.729,9600,cluster-bootstrap-runs-200-95
rights-threat-surge,Rights-threat surge,Docket contains more laws or actions with high generated rights-risk signals.,reasoned-emergency-review,Reasoned emergency orders with merits follow-up,reversalRate,0.736,0.726,0.745,9600,cluster-bootstrap-runs-200-95
rights-threat-surge,Rights-threat surge,Docket contains more laws or actions with high generated rights-risk signals.,reasoned-emergency-review,Reasoned emergency orders with merits follow-up,reviewRate,1.000,1.000,1.000,9600,cluster-bootstrap-runs-200-95
rights-threat-surge,Rights-threat surge,Docket contains more laws or actions with high generated rights-risk signals.,reasoned-emergency-review,Reasoned emergency orders with merits follow-up,intakeAcceptanceRate,0.021,0.021,0.021,453424,cluster-bootstrap-runs-200-95
rights-threat-surge,Rights-threat surge,Docket contains more laws or actions with high generated rights-risk signals.,reasoned-emergency-review,Reasoned emergency orders with merits follow-up,emergencyReliefRate,0.832,0.814,0.849,1206,cluster-bootstrap-runs-200-95
rights-threat-surge,Rights-threat surge,Docket contains more laws or actions with high generated rights-risk signals.,reasoned-emergency-review,Reasoned emergency orders with merits follow-up,emergencyReasonGivingRate,0.892,0.877,0.904,1206,cluster-bootstrap-runs-200-95
rights-threat-surge,Rights-threat surge,Docket contains more laws or actions with high generated rights-risk signals.,reasoned-emergency-review,Reasoned emergency orders with merits follow-up,emergencyVoteDisclosureRate,0.737,0.711,0.760,1206,cluster-bootstrap-runs-200-95
rights-threat-surge,Rights-threat surge,Docket contains more laws or actions with high generated rights-risk signals.,reasoned-emergency-review,Reasoned emergency orders with merits follow-up,emergencyPublicDisagreementRate,0.122,0.105,0.139,1206,cluster-bootstrap-runs-200-95
rights-threat-surge,Rights-threat surge,Docket contains more laws or actions with high generated rights-risk signals.,reasoned-emergency-review,Reasoned emergency orders with merits follow-up,governmentEmergencyWinRate,0.807,0.786,0.828,1206,cluster-bootstrap-runs-200-95
rights-threat-surge,Rights-threat surge,Docket contains more laws or actions with high generated rights-risk signals.,reasoned-emergency-review,Reasoned emergency orders with merits follow-up,meritsFollowUpRate,1.000,1.000,1.000,1206,cluster-bootstrap-runs-200-95
rights-threat-surge,Rights-threat surge,Docket contains more laws or actions with high generated rights-risk signals.,reasoned-emergency-review,Reasoned emergency orders with merits follow-up,meritsInvalidationRate,0.736,0.726,0.745,9600,cluster-bootstrap-runs-200-95
rights-threat-surge,Rights-threat surge,Docket contains more laws or actions with high generated rights-risk signals.,reasoned-emergency-review,Reasoned emergency orders with merits follow-up,constitutionalConflict,0.289,0.288,0.291,9600,cluster-bootstrap-runs-200-95
rights-threat-surge,Rights-threat surge,Docket contains more laws or actions with high generated rights-risk signals.,reasoned-emergency-review,Reasoned emergency orders with merits follow-up,democraticResponsiveness,0.473,0.472,0.475,9600,cluster-bootstrap-runs-200-95
rights-threat-surge,Rights-threat surge,Docket contains more laws or actions with high generated rights-risk signals.,reasoned-emergency-review,Reasoned emergency orders with merits follow-up,complianceRate,0.379,0.370,0.389,9600,cluster-bootstrap-runs-200-95
rights-threat-surge,Rights-threat surge,Docket contains more laws or actions with high generated rights-risk signals.,reasoned-emergency-review,Reasoned emergency orders with merits follow-up,publicTrust,0.029,0.028,0.031,9600,cluster-bootstrap-runs-200-95
rights-threat-surge,Rights-threat surge,Docket contains more laws or actions with high generated rights-risk signals.,reasoned-emergency-review,Reasoned emergency orders with merits follow-up,administrativeLoad,0.473,0.472,0.474,9600,cluster-bootstrap-runs-200-95
rights-threat-surge,Rights-threat surge,Docket contains more laws or actions with high generated rights-risk signals.,reasoned-emergency-review,Reasoned emergency orders with merits follow-up,directCourtCost,0.311,0.310,0.311,9600,cluster-bootstrap-runs-200-95
rights-threat-surge,Rights-threat surge,Docket contains more laws or actions with high generated rights-risk signals.,reasoned-emergency-review,Reasoned emergency orders with merits follow-up,upstreamScreeningCost,0.704,0.703,0.705,9600,cluster-bootstrap-runs-200-95
rights-threat-surge,Rights-threat surge,Docket contains more laws or actions with high generated rights-risk signals.,reasoned-emergency-review,Reasoned emergency orders with merits follow-up,capacityStrainCost,0.415,0.415,0.416,9600,cluster-bootstrap-runs-200-95
rights-threat-surge,Rights-threat surge,Docket contains more laws or actions with high generated rights-risk signals.,reasoned-emergency-review,Reasoned emergency orders with merits follow-up,institutionalBudgetCost,0.387,0.386,0.387,9600,cluster-bootstrap-runs-200-95
rights-threat-surge,Rights-threat surge,Docket contains more laws or actions with high generated rights-risk signals.,reasoned-emergency-review,Reasoned emergency orders with merits follow-up,institutionalDelayCost,0.447,0.446,0.448,9600,cluster-bootstrap-runs-200-95
rights-threat-surge,Rights-threat surge,Docket contains more laws or actions with high generated rights-risk signals.,reasoned-emergency-review,Reasoned emergency orders with merits follow-up,implementationComplexity,0.488,0.488,0.489,9600,cluster-bootstrap-runs-200-95
rights-threat-surge,Rights-threat surge,Docket contains more laws or actions with high generated rights-risk signals.,reasoned-emergency-review,Reasoned emergency orders with merits follow-up,totalInstitutionalCost,0.465,0.465,0.465,9600,cluster-bootstrap-runs-200-95
rights-threat-surge,Rights-threat surge,Docket contains more laws or actions with high generated rights-risk signals.,panel-en-banc-review,Panel review with en banc safety valve,directionalScore,0.602,0.600,0.605,9600,cluster-bootstrap-runs-200-95
rights-threat-surge,Rights-threat surge,Docket contains more laws or actions with high generated rights-risk signals.,panel-en-banc-review,Panel review with en banc safety valve,legalStability,0.809,0.806,0.811,9600,cluster-bootstrap-runs-200-95
rights-threat-surge,Rights-threat surge,Docket contains more laws or actions with high generated rights-risk signals.,panel-en-banc-review,Panel review with en banc safety valve,rightsProtection,0.732,0.730,0.734,9600,cluster-bootstrap-runs-200-95
rights-threat-surge,Rights-threat surge,Docket contains more laws or actions with high generated rights-risk signals.,panel-en-banc-review,Panel review with en banc safety valve,partisanAlignment,0.169,0.167,0.171,9600,cluster-bootstrap-runs-200-95
rights-threat-surge,Rights-threat surge,Docket contains more laws or actions with high generated rights-risk signals.,panel-en-banc-review,Panel review with en banc safety valve,shadowDocketAbuse,0.073,0.069,0.076,9600,cluster-bootstrap-runs-200-95
rights-threat-surge,Rights-threat surge,Docket contains more laws or actions with high generated rights-risk signals.,panel-en-banc-review,Panel review with en banc safety valve,legitimacy,0.703,0.702,0.705,9600,cluster-bootstrap-runs-200-95
rights-threat-surge,Rights-threat surge,Docket contains more laws or actions with high generated rights-risk signals.,panel-en-banc-review,Panel review with en banc safety valve,reversalRate,0.639,0.629,0.647,9600,cluster-bootstrap-runs-200-95
rights-threat-surge,Rights-threat surge,Docket contains more laws or actions with high generated rights-risk signals.,panel-en-banc-review,Panel review with en banc safety valve,reviewRate,1.000,1.000,1.000,9600,cluster-bootstrap-runs-200-95
rights-threat-surge,Rights-threat surge,Docket contains more laws or actions with high generated rights-risk signals.,panel-en-banc-review,Panel review with en banc safety valve,intakeAcceptanceRate,0.021,0.021,0.021,449395,cluster-bootstrap-runs-200-95
rights-threat-surge,Rights-threat surge,Docket contains more laws or actions with high generated rights-risk signals.,panel-en-banc-review,Panel review with en banc safety valve,emergencyReliefRate,0.786,0.764,0.804,1867,cluster-bootstrap-runs-200-95
rights-threat-surge,Rights-threat surge,Docket contains more laws or actions with high generated rights-risk signals.,panel-en-banc-review,Panel review with en banc safety valve,emergencyReasonGivingRate,0.735,0.714,0.758,1867,cluster-bootstrap-runs-200-95
rights-threat-surge,Rights-threat surge,Docket contains more laws or actions with high generated rights-risk signals.,panel-en-banc-review,Panel review with en banc safety valve,emergencyVoteDisclosureRate,0.687,0.668,0.711,1867,cluster-bootstrap-runs-200-95
rights-threat-surge,Rights-threat surge,Docket contains more laws or actions with high generated rights-risk signals.,panel-en-banc-review,Panel review with en banc safety valve,emergencyPublicDisagreementRate,0.287,0.272,0.303,1867,cluster-bootstrap-runs-200-95
rights-threat-surge,Rights-threat surge,Docket contains more laws or actions with high generated rights-risk signals.,panel-en-banc-review,Panel review with en banc safety valve,governmentEmergencyWinRate,0.763,0.741,0.782,1867,cluster-bootstrap-runs-200-95
rights-threat-surge,Rights-threat surge,Docket contains more laws or actions with high generated rights-risk signals.,panel-en-banc-review,Panel review with en banc safety valve,meritsFollowUpRate,0.464,0.442,0.484,1867,cluster-bootstrap-runs-200-95
rights-threat-surge,Rights-threat surge,Docket contains more laws or actions with high generated rights-risk signals.,panel-en-banc-review,Panel review with en banc safety valve,meritsInvalidationRate,0.713,0.702,0.723,8599,cluster-bootstrap-runs-200-95
rights-threat-surge,Rights-threat surge,Docket contains more laws or actions with high generated rights-risk signals.,panel-en-banc-review,Panel review with en banc safety valve,constitutionalConflict,0.300,0.299,0.302,9600,cluster-bootstrap-runs-200-95
rights-threat-surge,Rights-threat surge,Docket contains more laws or actions with high generated rights-risk signals.,panel-en-banc-review,Panel review with en banc safety valve,democraticResponsiveness,0.466,0.464,0.468,9600,cluster-bootstrap-runs-200-95
rights-threat-surge,Rights-threat surge,Docket contains more laws or actions with high generated rights-risk signals.,panel-en-banc-review,Panel review with en banc safety valve,complianceRate,0.372,0.363,0.381,9600,cluster-bootstrap-runs-200-95
rights-threat-surge,Rights-threat surge,Docket contains more laws or actions with high generated rights-risk signals.,panel-en-banc-review,Panel review with en banc safety valve,publicTrust,0.028,0.027,0.030,9600,cluster-bootstrap-runs-200-95
rights-threat-surge,Rights-threat surge,Docket contains more laws or actions with high generated rights-risk signals.,panel-en-banc-review,Panel review with en banc safety valve,administrativeLoad,0.695,0.693,0.697,9600,cluster-bootstrap-runs-200-95
rights-threat-surge,Rights-threat surge,Docket contains more laws or actions with high generated rights-risk signals.,panel-en-banc-review,Panel review with en banc safety valve,directCourtCost,0.437,0.437,0.438,9600,cluster-bootstrap-runs-200-95
rights-threat-surge,Rights-threat surge,Docket contains more laws or actions with high generated rights-risk signals.,panel-en-banc-review,Panel review with en banc safety valve,upstreamScreeningCost,0.704,0.703,0.704,9600,cluster-bootstrap-runs-200-95
rights-threat-surge,Rights-threat surge,Docket contains more laws or actions with high generated rights-risk signals.,panel-en-banc-review,Panel review with en banc safety valve,capacityStrainCost,0.465,0.464,0.465,9600,cluster-bootstrap-runs-200-95
rights-threat-surge,Rights-threat surge,Docket contains more laws or actions with high generated rights-risk signals.,panel-en-banc-review,Panel review with en banc safety valve,institutionalBudgetCost,0.509,0.509,0.510,9600,cluster-bootstrap-runs-200-95
rights-threat-surge,Rights-threat surge,Docket contains more laws or actions with high generated rights-risk signals.,panel-en-banc-review,Panel review with en banc safety valve,institutionalDelayCost,0.522,0.521,0.523,9600,cluster-bootstrap-runs-200-95
rights-threat-surge,Rights-threat surge,Docket contains more laws or actions with high generated rights-risk signals.,panel-en-banc-review,Panel review with en banc safety valve,implementationComplexity,0.485,0.484,0.485,9600,cluster-bootstrap-runs-200-95
rights-threat-surge,Rights-threat surge,Docket contains more laws or actions with high generated rights-risk signals.,panel-en-banc-review,Panel review with en banc safety valve,totalInstitutionalCost,0.519,0.519,0.520,9600,cluster-bootstrap-runs-200-95
rights-threat-surge,Rights-threat surge,Docket contains more laws or actions with high generated rights-risk signals.,dual-cross-checking-courts,Dual supreme courts with cross-checking invalidations,directionalScore,0.621,0.617,0.625,9600,cluster-bootstrap-runs-200-95
rights-threat-surge,Rights-threat surge,Docket contains more laws or actions with high generated rights-risk signals.,dual-cross-checking-courts,Dual supreme courts with cross-checking invalidations,legalStability,0.843,0.841,0.845,9600,cluster-bootstrap-runs-200-95
rights-threat-surge,Rights-threat surge,Docket contains more laws or actions with high generated rights-risk signals.,dual-cross-checking-courts,Dual supreme courts with cross-checking invalidations,rightsProtection,0.737,0.735,0.739,9600,cluster-bootstrap-runs-200-95
rights-threat-surge,Rights-threat surge,Docket contains more laws or actions with high generated rights-risk signals.,dual-cross-checking-courts,Dual supreme courts with cross-checking invalidations,partisanAlignment,0.158,0.156,0.159,9600,cluster-bootstrap-runs-200-95
rights-threat-surge,Rights-threat surge,Docket contains more laws or actions with high generated rights-risk signals.,dual-cross-checking-courts,Dual supreme courts with cross-checking invalidations,shadowDocketAbuse,0.008,0.007,0.008,9600,cluster-bootstrap-runs-200-95
rights-threat-surge,Rights-threat surge,Docket contains more laws or actions with high generated rights-risk signals.,dual-cross-checking-courts,Dual supreme courts with cross-checking invalidations,legitimacy,0.733,0.732,0.734,9600,cluster-bootstrap-runs-200-95
rights-threat-surge,Rights-threat surge,Docket contains more laws or actions with high generated rights-risk signals.,dual-cross-checking-courts,Dual supreme courts with cross-checking invalidations,reversalRate,0.632,0.622,0.640,9600,cluster-bootstrap-runs-200-95
rights-threat-surge,Rights-threat surge,Docket contains more laws or actions with high generated rights-risk signals.,dual-cross-checking-courts,Dual supreme courts with cross-checking invalidations,reviewRate,1.000,1.000,1.000,9600,cluster-bootstrap-runs-200-95
rights-threat-surge,Rights-threat surge,Docket contains more laws or actions with high generated rights-risk signals.,dual-cross-checking-courts,Dual supreme courts with cross-checking invalidations,intakeAcceptanceRate,0.021,0.021,0.021,455471,cluster-bootstrap-runs-200-95
rights-threat-surge,Rights-threat surge,Docket contains more laws or actions with high generated rights-risk signals.,dual-cross-checking-courts,Dual supreme courts with cross-checking invalidations,emergencyReliefRate,0.749,0.716,0.779,870,cluster-bootstrap-runs-200-95
rights-threat-surge,Rights-threat surge,Docket contains more laws or actions with high generated rights-risk signals.,dual-cross-checking-courts,Dual supreme courts with cross-checking invalidations,emergencyReasonGivingRate,0.871,0.849,0.891,870,cluster-bootstrap-runs-200-95
rights-threat-surge,Rights-threat surge,Docket contains more laws or actions with high generated rights-risk signals.,dual-cross-checking-courts,Dual supreme courts with cross-checking invalidations,emergencyVoteDisclosureRate,0.759,0.731,0.792,870,cluster-bootstrap-runs-200-95
rights-threat-surge,Rights-threat surge,Docket contains more laws or actions with high generated rights-risk signals.,dual-cross-checking-courts,Dual supreme courts with cross-checking invalidations,emergencyPublicDisagreementRate,0.163,0.141,0.195,870,cluster-bootstrap-runs-200-95
rights-threat-surge,Rights-threat surge,Docket contains more laws or actions with high generated rights-risk signals.,dual-cross-checking-courts,Dual supreme courts with cross-checking invalidations,governmentEmergencyWinRate,0.733,0.701,0.764,870,cluster-bootstrap-runs-200-95
rights-threat-surge,Rights-threat surge,Docket contains more laws or actions with high generated rights-risk signals.,dual-cross-checking-courts,Dual supreme courts with cross-checking invalidations,meritsFollowUpRate,1.000,1.000,1.000,870,cluster-bootstrap-runs-200-95
rights-threat-surge,Rights-threat surge,Docket contains more laws or actions with high generated rights-risk signals.,dual-cross-checking-courts,Dual supreme courts with cross-checking invalidations,meritsInvalidationRate,0.632,0.622,0.640,9600,cluster-bootstrap-runs-200-95
rights-threat-surge,Rights-threat surge,Docket contains more laws or actions with high generated rights-risk signals.,dual-cross-checking-courts,Dual supreme courts with cross-checking invalidations,constitutionalConflict,0.294,0.293,0.296,9600,cluster-bootstrap-runs-200-95
rights-threat-surge,Rights-threat surge,Docket contains more laws or actions with high generated rights-risk signals.,dual-cross-checking-courts,Dual supreme courts with cross-checking invalidations,democraticResponsiveness,0.476,0.474,0.478,9600,cluster-bootstrap-runs-200-95
rights-threat-surge,Rights-threat surge,Docket contains more laws or actions with high generated rights-risk signals.,dual-cross-checking-courts,Dual supreme courts with cross-checking invalidations,complianceRate,0.381,0.368,0.392,9600,cluster-bootstrap-runs-200-95
rights-threat-surge,Rights-threat surge,Docket contains more laws or actions with high generated rights-risk signals.,dual-cross-checking-courts,Dual supreme courts with cross-checking invalidations,publicTrust,0.033,0.031,0.035,9600,cluster-bootstrap-runs-200-95
rights-threat-surge,Rights-threat surge,Docket contains more laws or actions with high generated rights-risk signals.,dual-cross-checking-courts,Dual supreme courts with cross-checking invalidations,administrativeLoad,0.869,0.868,0.870,9600,cluster-bootstrap-runs-200-95
rights-threat-surge,Rights-threat surge,Docket contains more laws or actions with high generated rights-risk signals.,dual-cross-checking-courts,Dual supreme courts with cross-checking invalidations,directCourtCost,0.519,0.519,0.519,9600,cluster-bootstrap-runs-200-95
rights-threat-surge,Rights-threat surge,Docket contains more laws or actions with high generated rights-risk signals.,dual-cross-checking-courts,Dual supreme courts with cross-checking invalidations,upstreamScreeningCost,0.704,0.704,0.705,9600,cluster-bootstrap-runs-200-95
rights-threat-surge,Rights-threat surge,Docket contains more laws or actions with high generated rights-risk signals.,dual-cross-checking-courts,Dual supreme courts with cross-checking invalidations,capacityStrainCost,0.570,0.570,0.570,9600,cluster-bootstrap-runs-200-95
rights-threat-surge,Rights-threat surge,Docket contains more laws or actions with high generated rights-risk signals.,dual-cross-checking-courts,Dual supreme courts with cross-checking invalidations,institutionalBudgetCost,0.587,0.587,0.587,9600,cluster-bootstrap-runs-200-95
rights-threat-surge,Rights-threat surge,Docket contains more laws or actions with high generated rights-risk signals.,dual-cross-checking-courts,Dual supreme courts with cross-checking invalidations,institutionalDelayCost,0.574,0.573,0.574,9600,cluster-bootstrap-runs-200-95
rights-threat-surge,Rights-threat surge,Docket contains more laws or actions with high generated rights-risk signals.,dual-cross-checking-courts,Dual supreme courts with cross-checking invalidations,implementationComplexity,0.624,0.624,0.625,9600,cluster-bootstrap-runs-200-95
rights-threat-surge,Rights-threat surge,Docket contains more laws or actions with high generated rights-risk signals.,dual-cross-checking-courts,Dual supreme courts with cross-checking invalidations,totalInstitutionalCost,0.594,0.594,0.594,9600,cluster-bootstrap-runs-200-95
rights-threat-surge,Rights-threat surge,Docket contains more laws or actions with high generated rights-risk signals.,constitutional-council,Pre-enactment constitutional council,directionalScore,0.624,0.622,0.627,9600,cluster-bootstrap-runs-200-95
rights-threat-surge,Rights-threat surge,Docket contains more laws or actions with high generated rights-risk signals.,constitutional-council,Pre-enactment constitutional council,legalStability,0.914,0.912,0.915,9600,cluster-bootstrap-runs-200-95
rights-threat-surge,Rights-threat surge,Docket contains more laws or actions with high generated rights-risk signals.,constitutional-council,Pre-enactment constitutional council,rightsProtection,0.724,0.722,0.726,9600,cluster-bootstrap-runs-200-95
rights-threat-surge,Rights-threat surge,Docket contains more laws or actions with high generated rights-risk signals.,constitutional-council,Pre-enactment constitutional council,partisanAlignment,0.151,0.149,0.153,9600,cluster-bootstrap-runs-200-95
rights-threat-surge,Rights-threat surge,Docket contains more laws or actions with high generated rights-risk signals.,constitutional-council,Pre-enactment constitutional council,shadowDocketAbuse,0.069,0.066,0.072,9600,cluster-bootstrap-runs-200-95
rights-threat-surge,Rights-threat surge,Docket contains more laws or actions with high generated rights-risk signals.,constitutional-council,Pre-enactment constitutional council,legitimacy,0.732,0.731,0.733,9600,cluster-bootstrap-runs-200-95
rights-threat-surge,Rights-threat surge,Docket contains more laws or actions with high generated rights-risk signals.,constitutional-council,Pre-enactment constitutional council,reversalRate,0.539,0.530,0.549,9600,cluster-bootstrap-runs-200-95
rights-threat-surge,Rights-threat surge,Docket contains more laws or actions with high generated rights-risk signals.,constitutional-council,Pre-enactment constitutional council,reviewRate,1.000,1.000,1.000,9600,cluster-bootstrap-runs-200-95
rights-threat-surge,Rights-threat surge,Docket contains more laws or actions with high generated rights-risk signals.,constitutional-council,Pre-enactment constitutional council,intakeAcceptanceRate,0.021,0.021,0.021,449814,cluster-bootstrap-runs-200-95
rights-threat-surge,Rights-threat surge,Docket contains more laws or actions with high generated rights-risk signals.,constitutional-council,Pre-enactment constitutional council,emergencyReliefRate,0.746,0.727,0.765,1801,cluster-bootstrap-runs-200-95
rights-threat-surge,Rights-threat surge,Docket contains more laws or actions with high generated rights-risk signals.,constitutional-council,Pre-enactment constitutional council,emergencyReasonGivingRate,0.782,0.763,0.799,1801,cluster-bootstrap-runs-200-95
rights-threat-surge,Rights-threat surge,Docket contains more laws or actions with high generated rights-risk signals.,constitutional-council,Pre-enactment constitutional council,emergencyVoteDisclosureRate,0.758,0.737,0.777,1801,cluster-bootstrap-runs-200-95
rights-threat-surge,Rights-threat surge,Docket contains more laws or actions with high generated rights-risk signals.,constitutional-council,Pre-enactment constitutional council,emergencyPublicDisagreementRate,0.250,0.228,0.272,1801,cluster-bootstrap-runs-200-95
rights-threat-surge,Rights-threat surge,Docket contains more laws or actions with high generated rights-risk signals.,constitutional-council,Pre-enactment constitutional council,governmentEmergencyWinRate,0.718,0.696,0.740,1801,cluster-bootstrap-runs-200-95
rights-threat-surge,Rights-threat surge,Docket contains more laws or actions with high generated rights-risk signals.,constitutional-council,Pre-enactment constitutional council,meritsFollowUpRate,0.446,0.428,0.468,1801,cluster-bootstrap-runs-200-95
rights-threat-surge,Rights-threat surge,Docket contains more laws or actions with high generated rights-risk signals.,constitutional-council,Pre-enactment constitutional council,meritsInvalidationRate,0.602,0.593,0.612,8603,cluster-bootstrap-runs-200-95
rights-threat-surge,Rights-threat surge,Docket contains more laws or actions with high generated rights-risk signals.,constitutional-council,Pre-enactment constitutional council,constitutionalConflict,0.289,0.287,0.290,9600,cluster-bootstrap-runs-200-95
rights-threat-surge,Rights-threat surge,Docket contains more laws or actions with high generated rights-risk signals.,constitutional-council,Pre-enactment constitutional council,democraticResponsiveness,0.468,0.466,0.470,9600,cluster-bootstrap-runs-200-95
rights-threat-surge,Rights-threat surge,Docket contains more laws or actions with high generated rights-risk signals.,constitutional-council,Pre-enactment constitutional council,complianceRate,0.372,0.359,0.384,9600,cluster-bootstrap-runs-200-95
rights-threat-surge,Rights-threat surge,Docket contains more laws or actions with high generated rights-risk signals.,constitutional-council,Pre-enactment constitutional council,publicTrust,0.035,0.033,0.037,9600,cluster-bootstrap-runs-200-95
rights-threat-surge,Rights-threat surge,Docket contains more laws or actions with high generated rights-risk signals.,constitutional-council,Pre-enactment constitutional council,administrativeLoad,0.741,0.740,0.742,9600,cluster-bootstrap-runs-200-95
rights-threat-surge,Rights-threat surge,Docket contains more laws or actions with high generated rights-risk signals.,constitutional-council,Pre-enactment constitutional council,directCourtCost,0.443,0.443,0.443,9600,cluster-bootstrap-runs-200-95
rights-threat-surge,Rights-threat surge,Docket contains more laws or actions with high generated rights-risk signals.,constitutional-council,Pre-enactment constitutional council,upstreamScreeningCost,0.704,0.703,0.704,9600,cluster-bootstrap-runs-200-95
rights-threat-surge,Rights-threat surge,Docket contains more laws or actions with high generated rights-risk signals.,constitutional-council,Pre-enactment constitutional council,capacityStrainCost,0.488,0.488,0.489,9600,cluster-bootstrap-runs-200-95
rights-threat-surge,Rights-threat surge,Docket contains more laws or actions with high generated rights-risk signals.,constitutional-council,Pre-enactment constitutional council,institutionalBudgetCost,0.514,0.514,0.514,9600,cluster-bootstrap-runs-200-95
rights-threat-surge,Rights-threat surge,Docket contains more laws or actions with high generated rights-risk signals.,constitutional-council,Pre-enactment constitutional council,institutionalDelayCost,0.514,0.514,0.515,9600,cluster-bootstrap-runs-200-95
rights-threat-surge,Rights-threat surge,Docket contains more laws or actions with high generated rights-risk signals.,constitutional-council,Pre-enactment constitutional council,implementationComplexity,0.567,0.567,0.568,9600,cluster-bootstrap-runs-200-95
rights-threat-surge,Rights-threat surge,Docket contains more laws or actions with high generated rights-risk signals.,constitutional-council,Pre-enactment constitutional council,totalInstitutionalCost,0.538,0.538,0.539,9600,cluster-bootstrap-runs-200-95
rights-threat-surge,Rights-threat surge,Docket contains more laws or actions with high generated rights-risk signals.,legislative-override-court,Judicial review with delayed legislative override,directionalScore,0.604,0.602,0.607,9600,cluster-bootstrap-runs-200-95
rights-threat-surge,Rights-threat surge,Docket contains more laws or actions with high generated rights-risk signals.,legislative-override-court,Judicial review with delayed legislative override,legalStability,0.802,0.800,0.804,9600,cluster-bootstrap-runs-200-95
rights-threat-surge,Rights-threat surge,Docket contains more laws or actions with high generated rights-risk signals.,legislative-override-court,Judicial review with delayed legislative override,rightsProtection,0.728,0.726,0.730,9600,cluster-bootstrap-runs-200-95
rights-threat-surge,Rights-threat surge,Docket contains more laws or actions with high generated rights-risk signals.,legislative-override-court,Judicial review with delayed legislative override,partisanAlignment,0.180,0.178,0.182,9600,cluster-bootstrap-runs-200-95
rights-threat-surge,Rights-threat surge,Docket contains more laws or actions with high generated rights-risk signals.,legislative-override-court,Judicial review with delayed legislative override,shadowDocketAbuse,0.075,0.073,0.078,9600,cluster-bootstrap-runs-200-95
rights-threat-surge,Rights-threat surge,Docket contains more laws or actions with high generated rights-risk signals.,legislative-override-court,Judicial review with delayed legislative override,legitimacy,0.684,0.683,0.685,9600,cluster-bootstrap-runs-200-95
rights-threat-surge,Rights-threat surge,Docket contains more laws or actions with high generated rights-risk signals.,legislative-override-court,Judicial review with delayed legislative override,reversalRate,0.638,0.629,0.647,9600,cluster-bootstrap-runs-200-95
rights-threat-surge,Rights-threat surge,Docket contains more laws or actions with high generated rights-risk signals.,legislative-override-court,Judicial review with delayed legislative override,reviewRate,1.000,1.000,1.000,9600,cluster-bootstrap-runs-200-95
rights-threat-surge,Rights-threat surge,Docket contains more laws or actions with high generated rights-risk signals.,legislative-override-court,Judicial review with delayed legislative override,intakeAcceptanceRate,0.021,0.021,0.021,449332,cluster-bootstrap-runs-200-95
rights-threat-surge,Rights-threat surge,Docket contains more laws or actions with high generated rights-risk signals.,legislative-override-court,Judicial review with delayed legislative override,emergencyReliefRate,0.791,0.776,0.807,1869,cluster-bootstrap-runs-200-95
rights-threat-surge,Rights-threat surge,Docket contains more laws or actions with high generated rights-risk signals.,legislative-override-court,Judicial review with delayed legislative override,emergencyReasonGivingRate,0.681,0.660,0.708,1869,cluster-bootstrap-runs-200-95
rights-threat-surge,Rights-threat surge,Docket contains more laws or actions with high generated rights-risk signals.,legislative-override-court,Judicial review with delayed legislative override,emergencyVoteDisclosureRate,0.614,0.592,0.638,1869,cluster-bootstrap-runs-200-95
rights-threat-surge,Rights-threat surge,Docket contains more laws or actions with high generated rights-risk signals.,legislative-override-court,Judicial review with delayed legislative override,emergencyPublicDisagreementRate,0.288,0.262,0.310,1869,cluster-bootstrap-runs-200-95
rights-threat-surge,Rights-threat surge,Docket contains more laws or actions with high generated rights-risk signals.,legislative-override-court,Judicial review with delayed legislative override,governmentEmergencyWinRate,0.768,0.752,0.787,1869,cluster-bootstrap-runs-200-95
rights-threat-surge,Rights-threat surge,Docket contains more laws or actions with high generated rights-risk signals.,legislative-override-court,Judicial review with delayed legislative override,meritsFollowUpRate,0.448,0.423,0.470,1869,cluster-bootstrap-runs-200-95
rights-threat-surge,Rights-threat surge,Docket contains more laws or actions with high generated rights-risk signals.,legislative-override-court,Judicial review with delayed legislative override,meritsInvalidationRate,0.715,0.705,0.724,8568,cluster-bootstrap-runs-200-95
rights-threat-surge,Rights-threat surge,Docket contains more laws or actions with high generated rights-risk signals.,legislative-override-court,Judicial review with delayed legislative override,constitutionalConflict,0.307,0.305,0.308,9600,cluster-bootstrap-runs-200-95
rights-threat-surge,Rights-threat surge,Docket contains more laws or actions with high generated rights-risk signals.,legislative-override-court,Judicial review with delayed legislative override,democraticResponsiveness,0.467,0.466,0.469,9600,cluster-bootstrap-runs-200-95
rights-threat-surge,Rights-threat surge,Docket contains more laws or actions with high generated rights-risk signals.,legislative-override-court,Judicial review with delayed legislative override,complianceRate,0.356,0.347,0.365,9600,cluster-bootstrap-runs-200-95
rights-threat-surge,Rights-threat surge,Docket contains more laws or actions with high generated rights-risk signals.,legislative-override-court,Judicial review with delayed legislative override,publicTrust,0.027,0.025,0.029,9600,cluster-bootstrap-runs-200-95
rights-threat-surge,Rights-threat surge,Docket contains more laws or actions with high generated rights-risk signals.,legislative-override-court,Judicial review with delayed legislative override,administrativeLoad,0.481,0.480,0.481,9600,cluster-bootstrap-runs-200-95
rights-threat-surge,Rights-threat surge,Docket contains more laws or actions with high generated rights-risk signals.,legislative-override-court,Judicial review with delayed legislative override,directCourtCost,0.312,0.311,0.312,9600,cluster-bootstrap-runs-200-95
rights-threat-surge,Rights-threat surge,Docket contains more laws or actions with high generated rights-risk signals.,legislative-override-court,Judicial review with delayed legislative override,upstreamScreeningCost,0.703,0.703,0.704,9600,cluster-bootstrap-runs-200-95
rights-threat-surge,Rights-threat surge,Docket contains more laws or actions with high generated rights-risk signals.,legislative-override-court,Judicial review with delayed legislative override,capacityStrainCost,0.422,0.421,0.422,9600,cluster-bootstrap-runs-200-95
rights-threat-surge,Rights-threat surge,Docket contains more laws or actions with high generated rights-risk signals.,legislative-override-court,Judicial review with delayed legislative override,institutionalBudgetCost,0.387,0.387,0.388,9600,cluster-bootstrap-runs-200-95
rights-threat-surge,Rights-threat surge,Docket contains more laws or actions with high generated rights-risk signals.,legislative-override-court,Judicial review with delayed legislative override,institutionalDelayCost,0.446,0.445,0.446,9600,cluster-bootstrap-runs-200-95
rights-threat-surge,Rights-threat surge,Docket contains more laws or actions with high generated rights-risk signals.,legislative-override-court,Judicial review with delayed legislative override,implementationComplexity,0.517,0.517,0.517,9600,cluster-bootstrap-runs-200-95
rights-threat-surge,Rights-threat surge,Docket contains more laws or actions with high generated rights-risk signals.,legislative-override-court,Judicial review with delayed legislative override,totalInstitutionalCost,0.471,0.471,0.471,9600,cluster-bootstrap-runs-200-95
rights-threat-surge,Rights-threat surge,Docket contains more laws or actions with high generated rights-risk signals.,accountability-retention-court,Retention-election accountability court,directionalScore,0.617,0.615,0.621,9600,cluster-bootstrap-runs-200-95
rights-threat-surge,Rights-threat surge,Docket contains more laws or actions with high generated rights-risk signals.,accountability-retention-court,Retention-election accountability court,legalStability,0.812,0.810,0.815,9600,cluster-bootstrap-runs-200-95
rights-threat-surge,Rights-threat surge,Docket contains more laws or actions with high generated rights-risk signals.,accountability-retention-court,Retention-election accountability court,rightsProtection,0.705,0.703,0.707,9600,cluster-bootstrap-runs-200-95
rights-threat-surge,Rights-threat surge,Docket contains more laws or actions with high generated rights-risk signals.,accountability-retention-court,Retention-election accountability court,partisanAlignment,0.160,0.159,0.162,9600,cluster-bootstrap-runs-200-95
rights-threat-surge,Rights-threat surge,Docket contains more laws or actions with high generated rights-risk signals.,accountability-retention-court,Retention-election accountability court,shadowDocketAbuse,0.068,0.065,0.072,9600,cluster-bootstrap-runs-200-95
rights-threat-surge,Rights-threat surge,Docket contains more laws or actions with high generated rights-risk signals.,accountability-retention-court,Retention-election accountability court,legitimacy,0.694,0.693,0.695,9600,cluster-bootstrap-runs-200-95
rights-threat-surge,Rights-threat surge,Docket contains more laws or actions with high generated rights-risk signals.,accountability-retention-court,Retention-election accountability court,reversalRate,0.515,0.505,0.524,9600,cluster-bootstrap-runs-200-95
rights-threat-surge,Rights-threat surge,Docket contains more laws or actions with high generated rights-risk signals.,accountability-retention-court,Retention-election accountability court,reviewRate,1.000,1.000,1.000,9600,cluster-bootstrap-runs-200-95
rights-threat-surge,Rights-threat surge,Docket contains more laws or actions with high generated rights-risk signals.,accountability-retention-court,Retention-election accountability court,intakeAcceptanceRate,0.021,0.021,0.021,449255,cluster-bootstrap-runs-200-95
rights-threat-surge,Rights-threat surge,Docket contains more laws or actions with high generated rights-risk signals.,accountability-retention-court,Retention-election accountability court,emergencyReliefRate,0.626,0.603,0.646,1879,cluster-bootstrap-runs-200-95
rights-threat-surge,Rights-threat surge,Docket contains more laws or actions with high generated rights-risk signals.,accountability-retention-court,Retention-election accountability court,emergencyReasonGivingRate,0.693,0.674,0.716,1879,cluster-bootstrap-runs-200-95
rights-threat-surge,Rights-threat surge,Docket contains more laws or actions with high generated rights-risk signals.,accountability-retention-court,Retention-election accountability court,emergencyVoteDisclosureRate,0.644,0.625,0.668,1879,cluster-bootstrap-runs-200-95
rights-threat-surge,Rights-threat surge,Docket contains more laws or actions with high generated rights-risk signals.,accountability-retention-court,Retention-election accountability court,emergencyPublicDisagreementRate,0.272,0.252,0.291,1879,cluster-bootstrap-runs-200-95
rights-threat-surge,Rights-threat surge,Docket contains more laws or actions with high generated rights-risk signals.,accountability-retention-court,Retention-election accountability court,governmentEmergencyWinRate,0.589,0.562,0.611,1879,cluster-bootstrap-runs-200-95
rights-threat-surge,Rights-threat surge,Docket contains more laws or actions with high generated rights-risk signals.,accountability-retention-court,Retention-election accountability court,meritsFollowUpRate,0.457,0.435,0.479,1879,cluster-bootstrap-runs-200-95
rights-threat-surge,Rights-threat surge,Docket contains more laws or actions with high generated rights-risk signals.,accountability-retention-court,Retention-election accountability court,meritsInvalidationRate,0.577,0.566,0.585,8579,cluster-bootstrap-runs-200-95
rights-threat-surge,Rights-threat surge,Docket contains more laws or actions with high generated rights-risk signals.,accountability-retention-court,Retention-election accountability court,constitutionalConflict,0.305,0.303,0.308,9600,cluster-bootstrap-runs-200-95
rights-threat-surge,Rights-threat surge,Docket contains more laws or actions with high generated rights-risk signals.,accountability-retention-court,Retention-election accountability court,democraticResponsiveness,0.478,0.476,0.480,9600,cluster-bootstrap-runs-200-95
rights-threat-surge,Rights-threat surge,Docket contains more laws or actions with high generated rights-risk signals.,accountability-retention-court,Retention-election accountability court,complianceRate,0.347,0.337,0.358,9600,cluster-bootstrap-runs-200-95
rights-threat-surge,Rights-threat surge,Docket contains more laws or actions with high generated rights-risk signals.,accountability-retention-court,Retention-election accountability court,publicTrust,0.030,0.028,0.032,9600,cluster-bootstrap-runs-200-95
rights-threat-surge,Rights-threat surge,Docket contains more laws or actions with high generated rights-risk signals.,accountability-retention-court,Retention-election accountability court,administrativeLoad,0.501,0.500,0.502,9600,cluster-bootstrap-runs-200-95
rights-threat-surge,Rights-threat surge,Docket contains more laws or actions with high generated rights-risk signals.,accountability-retention-court,Retention-election accountability court,directCourtCost,0.323,0.323,0.323,9600,cluster-bootstrap-runs-200-95
rights-threat-surge,Rights-threat surge,Docket contains more laws or actions with high generated rights-risk signals.,accountability-retention-court,Retention-election accountability court,upstreamScreeningCost,0.703,0.703,0.704,9600,cluster-bootstrap-runs-200-95
rights-threat-surge,Rights-threat surge,Docket contains more laws or actions with high generated rights-risk signals.,accountability-retention-court,Retention-election accountability court,capacityStrainCost,0.458,0.457,0.459,9600,cluster-bootstrap-runs-200-95
rights-threat-surge,Rights-threat surge,Docket contains more laws or actions with high generated rights-risk signals.,accountability-retention-court,Retention-election accountability court,institutionalBudgetCost,0.398,0.398,0.399,9600,cluster-bootstrap-runs-200-95
rights-threat-surge,Rights-threat surge,Docket contains more laws or actions with high generated rights-risk signals.,accountability-retention-court,Retention-election accountability court,institutionalDelayCost,0.450,0.449,0.450,9600,cluster-bootstrap-runs-200-95
rights-threat-surge,Rights-threat surge,Docket contains more laws or actions with high generated rights-risk signals.,accountability-retention-court,Retention-election accountability court,implementationComplexity,0.543,0.543,0.544,9600,cluster-bootstrap-runs-200-95
rights-threat-surge,Rights-threat surge,Docket contains more laws or actions with high generated rights-risk signals.,accountability-retention-court,Retention-election accountability court,totalInstitutionalCost,0.486,0.486,0.487,9600,cluster-bootstrap-runs-200-95
rights-threat-surge,Rights-threat surge,Docket contains more laws or actions with high generated rights-risk signals.,independence-accountability-hybrid,Hybrid court balancing independence and accountability,directionalScore,0.631,0.628,0.633,9600,cluster-bootstrap-runs-200-95
rights-threat-surge,Rights-threat surge,Docket contains more laws or actions with high generated rights-risk signals.,independence-accountability-hybrid,Hybrid court balancing independence and accountability,legalStability,0.848,0.846,0.850,9600,cluster-bootstrap-runs-200-95
rights-threat-surge,Rights-threat surge,Docket contains more laws or actions with high generated rights-risk signals.,independence-accountability-hybrid,Hybrid court balancing independence and accountability,rightsProtection,0.738,0.736,0.740,9600,cluster-bootstrap-runs-200-95
rights-threat-surge,Rights-threat surge,Docket contains more laws or actions with high generated rights-risk signals.,independence-accountability-hybrid,Hybrid court balancing independence and accountability,partisanAlignment,0.160,0.158,0.162,9600,cluster-bootstrap-runs-200-95
rights-threat-surge,Rights-threat surge,Docket contains more laws or actions with high generated rights-risk signals.,independence-accountability-hybrid,Hybrid court balancing independence and accountability,shadowDocketAbuse,0.007,0.006,0.007,9600,cluster-bootstrap-runs-200-95
rights-threat-surge,Rights-threat surge,Docket contains more laws or actions with high generated rights-risk signals.,independence-accountability-hybrid,Hybrid court balancing independence and accountability,legitimacy,0.737,0.736,0.738,9600,cluster-bootstrap-runs-200-95
rights-threat-surge,Rights-threat surge,Docket contains more laws or actions with high generated rights-risk signals.,independence-accountability-hybrid,Hybrid court balancing independence and accountability,reversalRate,0.652,0.643,0.661,9600,cluster-bootstrap-runs-200-95
rights-threat-surge,Rights-threat surge,Docket contains more laws or actions with high generated rights-risk signals.,independence-accountability-hybrid,Hybrid court balancing independence and accountability,reviewRate,1.000,1.000,1.000,9600,cluster-bootstrap-runs-200-95
rights-threat-surge,Rights-threat surge,Docket contains more laws or actions with high generated rights-risk signals.,independence-accountability-hybrid,Hybrid court balancing independence and accountability,intakeAcceptanceRate,0.021,0.021,0.021,453536,cluster-bootstrap-runs-200-95
rights-threat-surge,Rights-threat surge,Docket contains more laws or actions with high generated rights-risk signals.,independence-accountability-hybrid,Hybrid court balancing independence and accountability,emergencyReliefRate,0.761,0.741,0.788,1182,cluster-bootstrap-runs-200-95
rights-threat-surge,Rights-threat surge,Docket contains more laws or actions with high generated rights-risk signals.,independence-accountability-hybrid,Hybrid court balancing independence and accountability,emergencyReasonGivingRate,0.888,0.871,0.905,1182,cluster-bootstrap-runs-200-95
rights-threat-surge,Rights-threat surge,Docket contains more laws or actions with high generated rights-risk signals.,independence-accountability-hybrid,Hybrid court balancing independence and accountability,emergencyVoteDisclosureRate,0.750,0.726,0.778,1182,cluster-bootstrap-runs-200-95
rights-threat-surge,Rights-threat surge,Docket contains more laws or actions with high generated rights-risk signals.,independence-accountability-hybrid,Hybrid court balancing independence and accountability,emergencyPublicDisagreementRate,0.130,0.112,0.148,1182,cluster-bootstrap-runs-200-95
rights-threat-surge,Rights-threat surge,Docket contains more laws or actions with high generated rights-risk signals.,independence-accountability-hybrid,Hybrid court balancing independence and accountability,governmentEmergencyWinRate,0.736,0.715,0.767,1182,cluster-bootstrap-runs-200-95
rights-threat-surge,Rights-threat surge,Docket contains more laws or actions with high generated rights-risk signals.,independence-accountability-hybrid,Hybrid court balancing independence and accountability,meritsFollowUpRate,1.000,1.000,1.000,1182,cluster-bootstrap-runs-200-95
rights-threat-surge,Rights-threat surge,Docket contains more laws or actions with high generated rights-risk signals.,independence-accountability-hybrid,Hybrid court balancing independence and accountability,meritsInvalidationRate,0.652,0.643,0.661,9600,cluster-bootstrap-runs-200-95
rights-threat-surge,Rights-threat surge,Docket contains more laws or actions with high generated rights-risk signals.,independence-accountability-hybrid,Hybrid court balancing independence and accountability,constitutionalConflict,0.280,0.279,0.281,9600,cluster-bootstrap-runs-200-95
rights-threat-surge,Rights-threat surge,Docket contains more laws or actions with high generated rights-risk signals.,independence-accountability-hybrid,Hybrid court balancing independence and accountability,democraticResponsiveness,0.476,0.474,0.478,9600,cluster-bootstrap-runs-200-95
rights-threat-surge,Rights-threat surge,Docket contains more laws or actions with high generated rights-risk signals.,independence-accountability-hybrid,Hybrid court balancing independence and accountability,complianceRate,0.378,0.367,0.388,9600,cluster-bootstrap-runs-200-95
rights-threat-surge,Rights-threat surge,Docket contains more laws or actions with high generated rights-risk signals.,independence-accountability-hybrid,Hybrid court balancing independence and accountability,publicTrust,0.032,0.031,0.034,9600,cluster-bootstrap-runs-200-95
rights-threat-surge,Rights-threat surge,Docket contains more laws or actions with high generated rights-risk signals.,independence-accountability-hybrid,Hybrid court balancing independence and accountability,administrativeLoad,0.688,0.686,0.690,9600,cluster-bootstrap-runs-200-95
rights-threat-surge,Rights-threat surge,Docket contains more laws or actions with high generated rights-risk signals.,independence-accountability-hybrid,Hybrid court balancing independence and accountability,directCourtCost,0.461,0.461,0.462,9600,cluster-bootstrap-runs-200-95
rights-threat-surge,Rights-threat surge,Docket contains more laws or actions with high generated rights-risk signals.,independence-accountability-hybrid,Hybrid court balancing independence and accountability,upstreamScreeningCost,0.704,0.703,0.705,9600,cluster-bootstrap-runs-200-95
rights-threat-surge,Rights-threat surge,Docket contains more laws or actions with high generated rights-risk signals.,independence-accountability-hybrid,Hybrid court balancing independence and accountability,capacityStrainCost,0.460,0.459,0.460,9600,cluster-bootstrap-runs-200-95
rights-threat-surge,Rights-threat surge,Docket contains more laws or actions with high generated rights-risk signals.,independence-accountability-hybrid,Hybrid court balancing independence and accountability,institutionalBudgetCost,0.534,0.533,0.534,9600,cluster-bootstrap-runs-200-95
rights-threat-surge,Rights-threat surge,Docket contains more laws or actions with high generated rights-risk signals.,independence-accountability-hybrid,Hybrid court balancing independence and accountability,institutionalDelayCost,0.523,0.522,0.523,9600,cluster-bootstrap-runs-200-95
rights-threat-surge,Rights-threat surge,Docket contains more laws or actions with high generated rights-risk signals.,independence-accountability-hybrid,Hybrid court balancing independence and accountability,implementationComplexity,0.640,0.640,0.640,9600,cluster-bootstrap-runs-200-95
rights-threat-surge,Rights-threat surge,Docket contains more laws or actions with high generated rights-risk signals.,independence-accountability-hybrid,Hybrid court balancing independence and accountability,totalInstitutionalCost,0.551,0.551,0.551,9600,cluster-bootstrap-runs-200-95
emergency-docket-stress,Emergency docket stress,"Higher urgency and executive pressure, meant to stress shadow-docket procedures.",current-federal-court,Current-style federal supreme court,directionalScore,0.499,0.497,0.501,9600,cluster-bootstrap-runs-200-95
emergency-docket-stress,Emergency docket stress,"Higher urgency and executive pressure, meant to stress shadow-docket procedures.",current-federal-court,Current-style federal supreme court,legalStability,0.639,0.638,0.640,9600,cluster-bootstrap-runs-200-95
emergency-docket-stress,Emergency docket stress,"Higher urgency and executive pressure, meant to stress shadow-docket procedures.",current-federal-court,Current-style federal supreme court,rightsProtection,0.604,0.601,0.606,9600,cluster-bootstrap-runs-200-95
emergency-docket-stress,Emergency docket stress,"Higher urgency and executive pressure, meant to stress shadow-docket procedures.",current-federal-court,Current-style federal supreme court,partisanAlignment,0.265,0.263,0.267,9600,cluster-bootstrap-runs-200-95
emergency-docket-stress,Emergency docket stress,"Higher urgency and executive pressure, meant to stress shadow-docket procedures.",current-federal-court,Current-style federal supreme court,shadowDocketAbuse,0.933,0.932,0.935,9600,cluster-bootstrap-runs-200-95
emergency-docket-stress,Emergency docket stress,"Higher urgency and executive pressure, meant to stress shadow-docket procedures.",current-federal-court,Current-style federal supreme court,legitimacy,0.444,0.442,0.445,9600,cluster-bootstrap-runs-200-95
emergency-docket-stress,Emergency docket stress,"Higher urgency and executive pressure, meant to stress shadow-docket procedures.",current-federal-court,Current-style federal supreme court,reversalRate,0.000,0.000,0.000,9600,cluster-bootstrap-runs-200-95
emergency-docket-stress,Emergency docket stress,"Higher urgency and executive pressure, meant to stress shadow-docket procedures.",current-federal-court,Current-style federal supreme court,reviewRate,1.000,1.000,1.000,9600,cluster-bootstrap-runs-200-95
emergency-docket-stress,Emergency docket stress,"Higher urgency and executive pressure, meant to stress shadow-docket procedures.",current-federal-court,Current-style federal supreme court,intakeAcceptanceRate,0.023,0.023,0.023,409369,cluster-bootstrap-runs-200-95
emergency-docket-stress,Emergency docket stress,"Higher urgency and executive pressure, meant to stress shadow-docket procedures.",current-federal-court,Current-style federal supreme court,emergencyReliefRate,0.744,0.736,0.753,9600,cluster-bootstrap-runs-200-95
emergency-docket-stress,Emergency docket stress,"Higher urgency and executive pressure, meant to stress shadow-docket procedures.",current-federal-court,Current-style federal supreme court,emergencyReasonGivingRate,0.024,0.021,0.027,9600,cluster-bootstrap-runs-200-95
emergency-docket-stress,Emergency docket stress,"Higher urgency and executive pressure, meant to stress shadow-docket procedures.",current-federal-court,Current-style federal supreme court,emergencyVoteDisclosureRate,0.367,0.357,0.379,9600,cluster-bootstrap-runs-200-95
emergency-docket-stress,Emergency docket stress,"Higher urgency and executive pressure, meant to stress shadow-docket procedures.",current-federal-court,Current-style federal supreme court,emergencyPublicDisagreementRate,0.606,0.598,0.616,9600,cluster-bootstrap-runs-200-95
emergency-docket-stress,Emergency docket stress,"Higher urgency and executive pressure, meant to stress shadow-docket procedures.",current-federal-court,Current-style federal supreme court,governmentEmergencyWinRate,0.734,0.724,0.744,9600,cluster-bootstrap-runs-200-95
emergency-docket-stress,Emergency docket stress,"Higher urgency and executive pressure, meant to stress shadow-docket procedures.",current-federal-court,Current-style federal supreme court,meritsFollowUpRate,0.000,0.000,0.000,9600,cluster-bootstrap-runs-200-95
emergency-docket-stress,Emergency docket stress,"Higher urgency and executive pressure, meant to stress shadow-docket procedures.",current-federal-court,Current-style federal supreme court,meritsInvalidationRate,0.000,0.000,0.000,0,cluster-bootstrap-runs-200-95
emergency-docket-stress,Emergency docket stress,"Higher urgency and executive pressure, meant to stress shadow-docket procedures.",current-federal-court,Current-style federal supreme court,constitutionalConflict,0.514,0.513,0.516,9600,cluster-bootstrap-runs-200-95
emergency-docket-stress,Emergency docket stress,"Higher urgency and executive pressure, meant to stress shadow-docket procedures.",current-federal-court,Current-style federal supreme court,democraticResponsiveness,0.324,0.321,0.327,9600,cluster-bootstrap-runs-200-95
emergency-docket-stress,Emergency docket stress,"Higher urgency and executive pressure, meant to stress shadow-docket procedures.",current-federal-court,Current-style federal supreme court,complianceRate,0.210,0.201,0.218,9600,cluster-bootstrap-runs-200-95
emergency-docket-stress,Emergency docket stress,"Higher urgency and executive pressure, meant to stress shadow-docket procedures.",current-federal-court,Current-style federal supreme court,publicTrust,0.014,0.013,0.014,9600,cluster-bootstrap-runs-200-95
emergency-docket-stress,Emergency docket stress,"Higher urgency and executive pressure, meant to stress shadow-docket procedures.",current-federal-court,Current-style federal supreme court,administrativeLoad,0.531,0.530,0.532,9600,cluster-bootstrap-runs-200-95
emergency-docket-stress,Emergency docket stress,"Higher urgency and executive pressure, meant to stress shadow-docket procedures.",current-federal-court,Current-style federal supreme court,directCourtCost,0.310,0.310,0.310,9600,cluster-bootstrap-runs-200-95
emergency-docket-stress,Emergency docket stress,"Higher urgency and executive pressure, meant to stress shadow-docket procedures.",current-federal-court,Current-style federal supreme court,upstreamScreeningCost,0.690,0.689,0.690,9600,cluster-bootstrap-runs-200-95
emergency-docket-stress,Emergency docket stress,"Higher urgency and executive pressure, meant to stress shadow-docket procedures.",current-federal-court,Current-style federal supreme court,capacityStrainCost,0.461,0.461,0.461,9600,cluster-bootstrap-runs-200-95
emergency-docket-stress,Emergency docket stress,"Higher urgency and executive pressure, meant to stress shadow-docket procedures.",current-federal-court,Current-style federal supreme court,institutionalBudgetCost,0.382,0.382,0.382,9600,cluster-bootstrap-runs-200-95
emergency-docket-stress,Emergency docket stress,"Higher urgency and executive pressure, meant to stress shadow-docket procedures.",current-federal-court,Current-style federal supreme court,institutionalDelayCost,0.413,0.412,0.413,9600,cluster-bootstrap-runs-200-95
emergency-docket-stress,Emergency docket stress,"Higher urgency and executive pressure, meant to stress shadow-docket procedures.",current-federal-court,Current-style federal supreme court,implementationComplexity,0.443,0.442,0.443,9600,cluster-bootstrap-runs-200-95
emergency-docket-stress,Emergency docket stress,"Higher urgency and executive pressure, meant to stress shadow-docket procedures.",current-federal-court,Current-style federal supreme court,totalInstitutionalCost,0.457,0.457,0.458,9600,cluster-bootstrap-runs-200-95
emergency-docket-stress,Emergency docket stress,"Higher urgency and executive pressure, meant to stress shadow-docket procedures.",eighteen-year-terms,Staggered 18-year nonrenewable terms,directionalScore,0.511,0.509,0.513,9600,cluster-bootstrap-runs-200-95
emergency-docket-stress,Emergency docket stress,"Higher urgency and executive pressure, meant to stress shadow-docket procedures.",eighteen-year-terms,Staggered 18-year nonrenewable terms,legalStability,0.647,0.646,0.649,9600,cluster-bootstrap-runs-200-95
emergency-docket-stress,Emergency docket stress,"Higher urgency and executive pressure, meant to stress shadow-docket procedures.",eighteen-year-terms,Staggered 18-year nonrenewable terms,rightsProtection,0.619,0.616,0.621,9600,cluster-bootstrap-runs-200-95
emergency-docket-stress,Emergency docket stress,"Higher urgency and executive pressure, meant to stress shadow-docket procedures.",eighteen-year-terms,Staggered 18-year nonrenewable terms,partisanAlignment,0.243,0.241,0.245,9600,cluster-bootstrap-runs-200-95
emergency-docket-stress,Emergency docket stress,"Higher urgency and executive pressure, meant to stress shadow-docket procedures.",eighteen-year-terms,Staggered 18-year nonrenewable terms,shadowDocketAbuse,0.924,0.922,0.926,9600,cluster-bootstrap-runs-200-95
emergency-docket-stress,Emergency docket stress,"Higher urgency and executive pressure, meant to stress shadow-docket procedures.",eighteen-year-terms,Staggered 18-year nonrenewable terms,legitimacy,0.455,0.454,0.457,9600,cluster-bootstrap-runs-200-95
emergency-docket-stress,Emergency docket stress,"Higher urgency and executive pressure, meant to stress shadow-docket procedures.",eighteen-year-terms,Staggered 18-year nonrenewable terms,reversalRate,0.000,0.000,0.000,9600,cluster-bootstrap-runs-200-95
emergency-docket-stress,Emergency docket stress,"Higher urgency and executive pressure, meant to stress shadow-docket procedures.",eighteen-year-terms,Staggered 18-year nonrenewable terms,reviewRate,1.000,1.000,1.000,9600,cluster-bootstrap-runs-200-95
emergency-docket-stress,Emergency docket stress,"Higher urgency and executive pressure, meant to stress shadow-docket procedures.",eighteen-year-terms,Staggered 18-year nonrenewable terms,intakeAcceptanceRate,0.023,0.023,0.023,409369,cluster-bootstrap-runs-200-95
emergency-docket-stress,Emergency docket stress,"Higher urgency and executive pressure, meant to stress shadow-docket procedures.",eighteen-year-terms,Staggered 18-year nonrenewable terms,emergencyReliefRate,0.695,0.686,0.703,9600,cluster-bootstrap-runs-200-95
emergency-docket-stress,Emergency docket stress,"Higher urgency and executive pressure, meant to stress shadow-docket procedures.",eighteen-year-terms,Staggered 18-year nonrenewable terms,emergencyReasonGivingRate,0.035,0.031,0.038,9600,cluster-bootstrap-runs-200-95
emergency-docket-stress,Emergency docket stress,"Higher urgency and executive pressure, meant to stress shadow-docket procedures.",eighteen-year-terms,Staggered 18-year nonrenewable terms,emergencyVoteDisclosureRate,0.386,0.378,0.395,9600,cluster-bootstrap-runs-200-95
emergency-docket-stress,Emergency docket stress,"Higher urgency and executive pressure, meant to stress shadow-docket procedures.",eighteen-year-terms,Staggered 18-year nonrenewable terms,emergencyPublicDisagreementRate,0.596,0.585,0.606,9600,cluster-bootstrap-runs-200-95
emergency-docket-stress,Emergency docket stress,"Higher urgency and executive pressure, meant to stress shadow-docket procedures.",eighteen-year-terms,Staggered 18-year nonrenewable terms,governmentEmergencyWinRate,0.681,0.670,0.690,9600,cluster-bootstrap-runs-200-95
emergency-docket-stress,Emergency docket stress,"Higher urgency and executive pressure, meant to stress shadow-docket procedures.",eighteen-year-terms,Staggered 18-year nonrenewable terms,meritsFollowUpRate,0.000,0.000,0.000,9600,cluster-bootstrap-runs-200-95
emergency-docket-stress,Emergency docket stress,"Higher urgency and executive pressure, meant to stress shadow-docket procedures.",eighteen-year-terms,Staggered 18-year nonrenewable terms,meritsInvalidationRate,0.000,0.000,0.000,0,cluster-bootstrap-runs-200-95
emergency-docket-stress,Emergency docket stress,"Higher urgency and executive pressure, meant to stress shadow-docket procedures.",eighteen-year-terms,Staggered 18-year nonrenewable terms,constitutionalConflict,0.508,0.507,0.510,9600,cluster-bootstrap-runs-200-95
emergency-docket-stress,Emergency docket stress,"Higher urgency and executive pressure, meant to stress shadow-docket procedures.",eighteen-year-terms,Staggered 18-year nonrenewable terms,democraticResponsiveness,0.339,0.336,0.341,9600,cluster-bootstrap-runs-200-95
emergency-docket-stress,Emergency docket stress,"Higher urgency and executive pressure, meant to stress shadow-docket procedures.",eighteen-year-terms,Staggered 18-year nonrenewable terms,complianceRate,0.214,0.204,0.223,9600,cluster-bootstrap-runs-200-95
emergency-docket-stress,Emergency docket stress,"Higher urgency and executive pressure, meant to stress shadow-docket procedures.",eighteen-year-terms,Staggered 18-year nonrenewable terms,publicTrust,0.014,0.014,0.015,9600,cluster-bootstrap-runs-200-95
emergency-docket-stress,Emergency docket stress,"Higher urgency and executive pressure, meant to stress shadow-docket procedures.",eighteen-year-terms,Staggered 18-year nonrenewable terms,administrativeLoad,0.540,0.539,0.540,9600,cluster-bootstrap-runs-200-95
emergency-docket-stress,Emergency docket stress,"Higher urgency and executive pressure, meant to stress shadow-docket procedures.",eighteen-year-terms,Staggered 18-year nonrenewable terms,directCourtCost,0.315,0.315,0.315,9600,cluster-bootstrap-runs-200-95
emergency-docket-stress,Emergency docket stress,"Higher urgency and executive pressure, meant to stress shadow-docket procedures.",eighteen-year-terms,Staggered 18-year nonrenewable terms,upstreamScreeningCost,0.690,0.689,0.691,9600,cluster-bootstrap-runs-200-95
emergency-docket-stress,Emergency docket stress,"Higher urgency and executive pressure, meant to stress shadow-docket procedures.",eighteen-year-terms,Staggered 18-year nonrenewable terms,capacityStrainCost,0.476,0.475,0.476,9600,cluster-bootstrap-runs-200-95
emergency-docket-stress,Emergency docket stress,"Higher urgency and executive pressure, meant to stress shadow-docket procedures.",eighteen-year-terms,Staggered 18-year nonrenewable terms,institutionalBudgetCost,0.386,0.386,0.386,9600,cluster-bootstrap-runs-200-95
emergency-docket-stress,Emergency docket stress,"Higher urgency and executive pressure, meant to stress shadow-docket procedures.",eighteen-year-terms,Staggered 18-year nonrenewable terms,institutionalDelayCost,0.414,0.414,0.415,9600,cluster-bootstrap-runs-200-95
emergency-docket-stress,Emergency docket stress,"Higher urgency and executive pressure, meant to stress shadow-docket procedures.",eighteen-year-terms,Staggered 18-year nonrenewable terms,implementationComplexity,0.445,0.445,0.445,9600,cluster-bootstrap-runs-200-95
emergency-docket-stress,Emergency docket stress,"Higher urgency and executive pressure, meant to stress shadow-docket procedures.",eighteen-year-terms,Staggered 18-year nonrenewable terms,totalInstitutionalCost,0.462,0.462,0.462,9600,cluster-bootstrap-runs-200-95
emergency-docket-stress,Emergency docket stress,"Higher urgency and executive pressure, meant to stress shadow-docket procedures.",fifteen-justice-commission,Fifteen-justice supermajority commission court,directionalScore,0.601,0.599,0.603,9600,cluster-bootstrap-runs-200-95
emergency-docket-stress,Emergency docket stress,"Higher urgency and executive pressure, meant to stress shadow-docket procedures.",fifteen-justice-commission,Fifteen-justice supermajority commission court,legalStability,0.787,0.785,0.789,9600,cluster-bootstrap-runs-200-95
emergency-docket-stress,Emergency docket stress,"Higher urgency and executive pressure, meant to stress shadow-docket procedures.",fifteen-justice-commission,Fifteen-justice supermajority commission court,rightsProtection,0.701,0.698,0.703,9600,cluster-bootstrap-runs-200-95
emergency-docket-stress,Emergency docket stress,"Higher urgency and executive pressure, meant to stress shadow-docket procedures.",fifteen-justice-commission,Fifteen-justice supermajority commission court,partisanAlignment,0.187,0.185,0.188,9600,cluster-bootstrap-runs-200-95
emergency-docket-stress,Emergency docket stress,"Higher urgency and executive pressure, meant to stress shadow-docket procedures.",fifteen-justice-commission,Fifteen-justice supermajority commission court,shadowDocketAbuse,0.428,0.425,0.432,9600,cluster-bootstrap-runs-200-95
emergency-docket-stress,Emergency docket stress,"Higher urgency and executive pressure, meant to stress shadow-docket procedures.",fifteen-justice-commission,Fifteen-justice supermajority commission court,legitimacy,0.619,0.617,0.620,9600,cluster-bootstrap-runs-200-95
emergency-docket-stress,Emergency docket stress,"Higher urgency and executive pressure, meant to stress shadow-docket procedures.",fifteen-justice-commission,Fifteen-justice supermajority commission court,reversalRate,0.194,0.187,0.200,9600,cluster-bootstrap-runs-200-95
emergency-docket-stress,Emergency docket stress,"Higher urgency and executive pressure, meant to stress shadow-docket procedures.",fifteen-justice-commission,Fifteen-justice supermajority commission court,reviewRate,1.000,1.000,1.000,9600,cluster-bootstrap-runs-200-95
emergency-docket-stress,Emergency docket stress,"Higher urgency and executive pressure, meant to stress shadow-docket procedures.",fifteen-justice-commission,Fifteen-justice supermajority commission court,intakeAcceptanceRate,0.023,0.023,0.023,409415,cluster-bootstrap-runs-200-95
emergency-docket-stress,Emergency docket stress,"Higher urgency and executive pressure, meant to stress shadow-docket procedures.",fifteen-justice-commission,Fifteen-justice supermajority commission court,emergencyReliefRate,0.481,0.472,0.492,9593,cluster-bootstrap-runs-200-95
emergency-docket-stress,Emergency docket stress,"Higher urgency and executive pressure, meant to stress shadow-docket procedures.",fifteen-justice-commission,Fifteen-justice supermajority commission court,emergencyReasonGivingRate,0.680,0.671,0.690,9593,cluster-bootstrap-runs-200-95
emergency-docket-stress,Emergency docket stress,"Higher urgency and executive pressure, meant to stress shadow-docket procedures.",fifteen-justice-commission,Fifteen-justice supermajority commission court,emergencyVoteDisclosureRate,0.601,0.592,0.610,9593,cluster-bootstrap-runs-200-95
emergency-docket-stress,Emergency docket stress,"Higher urgency and executive pressure, meant to stress shadow-docket procedures.",fifteen-justice-commission,Fifteen-justice supermajority commission court,emergencyPublicDisagreementRate,0.304,0.295,0.312,9593,cluster-bootstrap-runs-200-95
emergency-docket-stress,Emergency docket stress,"Higher urgency and executive pressure, meant to stress shadow-docket procedures.",fifteen-justice-commission,Fifteen-justice supermajority commission court,governmentEmergencyWinRate,0.458,0.447,0.469,9593,cluster-bootstrap-runs-200-95
emergency-docket-stress,Emergency docket stress,"Higher urgency and executive pressure, meant to stress shadow-docket procedures.",fifteen-justice-commission,Fifteen-justice supermajority commission court,meritsFollowUpRate,0.260,0.252,0.268,9593,cluster-bootstrap-runs-200-95
emergency-docket-stress,Emergency docket stress,"Higher urgency and executive pressure, meant to stress shadow-docket procedures.",fifteen-justice-commission,Fifteen-justice supermajority commission court,meritsInvalidationRate,0.744,0.725,0.758,2501,cluster-bootstrap-runs-200-95
emergency-docket-stress,Emergency docket stress,"Higher urgency and executive pressure, meant to stress shadow-docket procedures.",fifteen-justice-commission,Fifteen-justice supermajority commission court,constitutionalConflict,0.360,0.359,0.362,9600,cluster-bootstrap-runs-200-95
emergency-docket-stress,Emergency docket stress,"Higher urgency and executive pressure, meant to stress shadow-docket procedures.",fifteen-justice-commission,Fifteen-justice supermajority commission court,democraticResponsiveness,0.423,0.420,0.425,9600,cluster-bootstrap-runs-200-95
emergency-docket-stress,Emergency docket stress,"Higher urgency and executive pressure, meant to stress shadow-docket procedures.",fifteen-justice-commission,Fifteen-justice supermajority commission court,complianceRate,0.329,0.319,0.339,9600,cluster-bootstrap-runs-200-95
emergency-docket-stress,Emergency docket stress,"Higher urgency and executive pressure, meant to stress shadow-docket procedures.",fifteen-justice-commission,Fifteen-justice supermajority commission court,publicTrust,0.022,0.021,0.024,9600,cluster-bootstrap-runs-200-95
emergency-docket-stress,Emergency docket stress,"Higher urgency and executive pressure, meant to stress shadow-docket procedures.",fifteen-justice-commission,Fifteen-justice supermajority commission court,administrativeLoad,0.553,0.552,0.554,9600,cluster-bootstrap-runs-200-95
emergency-docket-stress,Emergency docket stress,"Higher urgency and executive pressure, meant to stress shadow-docket procedures.",fifteen-justice-commission,Fifteen-justice supermajority commission court,directCourtCost,0.370,0.370,0.370,9600,cluster-bootstrap-runs-200-95
emergency-docket-stress,Emergency docket stress,"Higher urgency and executive pressure, meant to stress shadow-docket procedures.",fifteen-justice-commission,Fifteen-justice supermajority commission court,upstreamScreeningCost,0.690,0.689,0.691,9600,cluster-bootstrap-runs-200-95
emergency-docket-stress,Emergency docket stress,"Higher urgency and executive pressure, meant to stress shadow-docket procedures.",fifteen-justice-commission,Fifteen-justice supermajority commission court,capacityStrainCost,0.483,0.483,0.484,9600,cluster-bootstrap-runs-200-95
emergency-docket-stress,Emergency docket stress,"Higher urgency and executive pressure, meant to stress shadow-docket procedures.",fifteen-justice-commission,Fifteen-justice supermajority commission court,institutionalBudgetCost,0.442,0.442,0.442,9600,cluster-bootstrap-runs-200-95
emergency-docket-stress,Emergency docket stress,"Higher urgency and executive pressure, meant to stress shadow-docket procedures.",fifteen-justice-commission,Fifteen-justice supermajority commission court,institutionalDelayCost,0.415,0.415,0.416,9600,cluster-bootstrap-runs-200-95
emergency-docket-stress,Emergency docket stress,"Higher urgency and executive pressure, meant to stress shadow-docket procedures.",fifteen-justice-commission,Fifteen-justice supermajority commission court,implementationComplexity,0.468,0.467,0.468,9600,cluster-bootstrap-runs-200-95
emergency-docket-stress,Emergency docket stress,"Higher urgency and executive pressure, meant to stress shadow-docket procedures.",fifteen-justice-commission,Fifteen-justice supermajority commission court,totalInstitutionalCost,0.481,0.481,0.482,9600,cluster-bootstrap-runs-200-95
emergency-docket-stress,Emergency docket stress,"Higher urgency and executive pressure, meant to stress shadow-docket procedures.",supermajority-invalidation,Supermajority required to invalidate laws,directionalScore,0.582,0.579,0.584,9600,cluster-bootstrap-runs-200-95
emergency-docket-stress,Emergency docket stress,"Higher urgency and executive pressure, meant to stress shadow-docket procedures.",supermajority-invalidation,Supermajority required to invalidate laws,legalStability,0.787,0.785,0.789,9600,cluster-bootstrap-runs-200-95
emergency-docket-stress,Emergency docket stress,"Higher urgency and executive pressure, meant to stress shadow-docket procedures.",supermajority-invalidation,Supermajority required to invalidate laws,rightsProtection,0.687,0.685,0.690,9600,cluster-bootstrap-runs-200-95
emergency-docket-stress,Emergency docket stress,"Higher urgency and executive pressure, meant to stress shadow-docket procedures.",supermajority-invalidation,Supermajority required to invalidate laws,partisanAlignment,0.211,0.209,0.213,9600,cluster-bootstrap-runs-200-95
emergency-docket-stress,Emergency docket stress,"Higher urgency and executive pressure, meant to stress shadow-docket procedures.",supermajority-invalidation,Supermajority required to invalidate laws,shadowDocketAbuse,0.446,0.442,0.449,9600,cluster-bootstrap-runs-200-95
emergency-docket-stress,Emergency docket stress,"Higher urgency and executive pressure, meant to stress shadow-docket procedures.",supermajority-invalidation,Supermajority required to invalidate laws,legitimacy,0.588,0.587,0.590,9600,cluster-bootstrap-runs-200-95
emergency-docket-stress,Emergency docket stress,"Higher urgency and executive pressure, meant to stress shadow-docket procedures.",supermajority-invalidation,Supermajority required to invalidate laws,reversalRate,0.191,0.184,0.197,9600,cluster-bootstrap-runs-200-95
emergency-docket-stress,Emergency docket stress,"Higher urgency and executive pressure, meant to stress shadow-docket procedures.",supermajority-invalidation,Supermajority required to invalidate laws,reviewRate,1.000,1.000,1.000,9600,cluster-bootstrap-runs-200-95
emergency-docket-stress,Emergency docket stress,"Higher urgency and executive pressure, meant to stress shadow-docket procedures.",supermajority-invalidation,Supermajority required to invalidate laws,intakeAcceptanceRate,0.023,0.023,0.023,409389,cluster-bootstrap-runs-200-95
emergency-docket-stress,Emergency docket stress,"Higher urgency and executive pressure, meant to stress shadow-docket procedures.",supermajority-invalidation,Supermajority required to invalidate laws,emergencyReliefRate,0.533,0.523,0.542,9597,cluster-bootstrap-runs-200-95
emergency-docket-stress,Emergency docket stress,"Higher urgency and executive pressure, meant to stress shadow-docket procedures.",supermajority-invalidation,Supermajority required to invalidate laws,emergencyReasonGivingRate,0.629,0.620,0.638,9597,cluster-bootstrap-runs-200-95
emergency-docket-stress,Emergency docket stress,"Higher urgency and executive pressure, meant to stress shadow-docket procedures.",supermajority-invalidation,Supermajority required to invalidate laws,emergencyVoteDisclosureRate,0.527,0.517,0.535,9597,cluster-bootstrap-runs-200-95
emergency-docket-stress,Emergency docket stress,"Higher urgency and executive pressure, meant to stress shadow-docket procedures.",supermajority-invalidation,Supermajority required to invalidate laws,emergencyPublicDisagreementRate,0.335,0.325,0.345,9597,cluster-bootstrap-runs-200-95
emergency-docket-stress,Emergency docket stress,"Higher urgency and executive pressure, meant to stress shadow-docket procedures.",supermajority-invalidation,Supermajority required to invalidate laws,governmentEmergencyWinRate,0.515,0.505,0.527,9597,cluster-bootstrap-runs-200-95
emergency-docket-stress,Emergency docket stress,"Higher urgency and executive pressure, meant to stress shadow-docket procedures.",supermajority-invalidation,Supermajority required to invalidate laws,meritsFollowUpRate,0.260,0.251,0.267,9597,cluster-bootstrap-runs-200-95
emergency-docket-stress,Emergency docket stress,"Higher urgency and executive pressure, meant to stress shadow-docket procedures.",supermajority-invalidation,Supermajority required to invalidate laws,meritsInvalidationRate,0.735,0.720,0.752,2498,cluster-bootstrap-runs-200-95
emergency-docket-stress,Emergency docket stress,"Higher urgency and executive pressure, meant to stress shadow-docket procedures.",supermajority-invalidation,Supermajority required to invalidate laws,constitutionalConflict,0.368,0.367,0.369,9600,cluster-bootstrap-runs-200-95
emergency-docket-stress,Emergency docket stress,"Higher urgency and executive pressure, meant to stress shadow-docket procedures.",supermajority-invalidation,Supermajority required to invalidate laws,democraticResponsiveness,0.407,0.405,0.410,9600,cluster-bootstrap-runs-200-95
emergency-docket-stress,Emergency docket stress,"Higher urgency and executive pressure, meant to stress shadow-docket procedures.",supermajority-invalidation,Supermajority required to invalidate laws,complianceRate,0.317,0.306,0.326,9600,cluster-bootstrap-runs-200-95
emergency-docket-stress,Emergency docket stress,"Higher urgency and executive pressure, meant to stress shadow-docket procedures.",supermajority-invalidation,Supermajority required to invalidate laws,publicTrust,0.021,0.020,0.022,9600,cluster-bootstrap-runs-200-95
emergency-docket-stress,Emergency docket stress,"Higher urgency and executive pressure, meant to stress shadow-docket procedures.",supermajority-invalidation,Supermajority required to invalidate laws,administrativeLoad,0.532,0.531,0.532,9600,cluster-bootstrap-runs-200-95
emergency-docket-stress,Emergency docket stress,"Higher urgency and executive pressure, meant to stress shadow-docket procedures.",supermajority-invalidation,Supermajority required to invalidate laws,directCourtCost,0.310,0.310,0.311,9600,cluster-bootstrap-runs-200-95
emergency-docket-stress,Emergency docket stress,"Higher urgency and executive pressure, meant to stress shadow-docket procedures.",supermajority-invalidation,Supermajority required to invalidate laws,upstreamScreeningCost,0.690,0.689,0.691,9600,cluster-bootstrap-runs-200-95
emergency-docket-stress,Emergency docket stress,"Higher urgency and executive pressure, meant to stress shadow-docket procedures.",supermajority-invalidation,Supermajority required to invalidate laws,capacityStrainCost,0.461,0.461,0.462,9600,cluster-bootstrap-runs-200-95
emergency-docket-stress,Emergency docket stress,"Higher urgency and executive pressure, meant to stress shadow-docket procedures.",supermajority-invalidation,Supermajority required to invalidate laws,institutionalBudgetCost,0.382,0.382,0.382,9600,cluster-bootstrap-runs-200-95
emergency-docket-stress,Emergency docket stress,"Higher urgency and executive pressure, meant to stress shadow-docket procedures.",supermajority-invalidation,Supermajority required to invalidate laws,institutionalDelayCost,0.413,0.412,0.413,9600,cluster-bootstrap-runs-200-95
emergency-docket-stress,Emergency docket stress,"Higher urgency and executive pressure, meant to stress shadow-docket procedures.",supermajority-invalidation,Supermajority required to invalidate laws,implementationComplexity,0.504,0.504,0.504,9600,cluster-bootstrap-runs-200-95
emergency-docket-stress,Emergency docket stress,"Higher urgency and executive pressure, meant to stress shadow-docket procedures.",supermajority-invalidation,Supermajority required to invalidate laws,totalInstitutionalCost,0.468,0.468,0.468,9600,cluster-bootstrap-runs-200-95
emergency-docket-stress,Emergency docket stress,"Higher urgency and executive pressure, meant to stress shadow-docket procedures.",strict-recusal-court,Strict recusal with substitute justices,directionalScore,0.608,0.606,0.610,9600,cluster-bootstrap-runs-200-95
emergency-docket-stress,Emergency docket stress,"Higher urgency and executive pressure, meant to stress shadow-docket procedures.",strict-recusal-court,Strict recusal with substitute justices,legalStability,0.788,0.786,0.790,9600,cluster-bootstrap-runs-200-95
emergency-docket-stress,Emergency docket stress,"Higher urgency and executive pressure, meant to stress shadow-docket procedures.",strict-recusal-court,Strict recusal with substitute justices,rightsProtection,0.700,0.698,0.702,9600,cluster-bootstrap-runs-200-95
emergency-docket-stress,Emergency docket stress,"Higher urgency and executive pressure, meant to stress shadow-docket procedures.",strict-recusal-court,Strict recusal with substitute justices,partisanAlignment,0.186,0.185,0.188,9600,cluster-bootstrap-runs-200-95
emergency-docket-stress,Emergency docket stress,"Higher urgency and executive pressure, meant to stress shadow-docket procedures.",strict-recusal-court,Strict recusal with substitute justices,shadowDocketAbuse,0.422,0.419,0.425,9600,cluster-bootstrap-runs-200-95
emergency-docket-stress,Emergency docket stress,"Higher urgency and executive pressure, meant to stress shadow-docket procedures.",strict-recusal-court,Strict recusal with substitute justices,legitimacy,0.638,0.637,0.639,9600,cluster-bootstrap-runs-200-95
emergency-docket-stress,Emergency docket stress,"Higher urgency and executive pressure, meant to stress shadow-docket procedures.",strict-recusal-court,Strict recusal with substitute justices,reversalRate,0.187,0.182,0.194,9600,cluster-bootstrap-runs-200-95
emergency-docket-stress,Emergency docket stress,"Higher urgency and executive pressure, meant to stress shadow-docket procedures.",strict-recusal-court,Strict recusal with substitute justices,reviewRate,1.000,1.000,1.000,9600,cluster-bootstrap-runs-200-95
emergency-docket-stress,Emergency docket stress,"Higher urgency and executive pressure, meant to stress shadow-docket procedures.",strict-recusal-court,Strict recusal with substitute justices,intakeAcceptanceRate,0.023,0.023,0.023,409399,cluster-bootstrap-runs-200-95
emergency-docket-stress,Emergency docket stress,"Higher urgency and executive pressure, meant to stress shadow-docket procedures.",strict-recusal-court,Strict recusal with substitute justices,emergencyReliefRate,0.480,0.471,0.487,9596,cluster-bootstrap-runs-200-95
emergency-docket-stress,Emergency docket stress,"Higher urgency and executive pressure, meant to stress shadow-docket procedures.",strict-recusal-court,Strict recusal with substitute justices,emergencyReasonGivingRate,0.711,0.702,0.722,9596,cluster-bootstrap-runs-200-95
emergency-docket-stress,Emergency docket stress,"Higher urgency and executive pressure, meant to stress shadow-docket procedures.",strict-recusal-court,Strict recusal with substitute justices,emergencyVoteDisclosureRate,0.646,0.636,0.656,9596,cluster-bootstrap-runs-200-95
emergency-docket-stress,Emergency docket stress,"Higher urgency and executive pressure, meant to stress shadow-docket procedures.",strict-recusal-court,Strict recusal with substitute justices,emergencyPublicDisagreementRate,0.297,0.289,0.306,9596,cluster-bootstrap-runs-200-95
emergency-docket-stress,Emergency docket stress,"Higher urgency and executive pressure, meant to stress shadow-docket procedures.",strict-recusal-court,Strict recusal with substitute justices,governmentEmergencyWinRate,0.456,0.444,0.466,9596,cluster-bootstrap-runs-200-95
emergency-docket-stress,Emergency docket stress,"Higher urgency and executive pressure, meant to stress shadow-docket procedures.",strict-recusal-court,Strict recusal with substitute justices,meritsFollowUpRate,0.260,0.252,0.268,9596,cluster-bootstrap-runs-200-95
emergency-docket-stress,Emergency docket stress,"Higher urgency and executive pressure, meant to stress shadow-docket procedures.",strict-recusal-court,Strict recusal with substitute justices,meritsInvalidationRate,0.719,0.702,0.733,2499,cluster-bootstrap-runs-200-95
emergency-docket-stress,Emergency docket stress,"Higher urgency and executive pressure, meant to stress shadow-docket procedures.",strict-recusal-court,Strict recusal with substitute justices,constitutionalConflict,0.357,0.356,0.359,9600,cluster-bootstrap-runs-200-95
emergency-docket-stress,Emergency docket stress,"Higher urgency and executive pressure, meant to stress shadow-docket procedures.",strict-recusal-court,Strict recusal with substitute justices,democraticResponsiveness,0.423,0.420,0.426,9600,cluster-bootstrap-runs-200-95
emergency-docket-stress,Emergency docket stress,"Higher urgency and executive pressure, meant to stress shadow-docket procedures.",strict-recusal-court,Strict recusal with substitute justices,complianceRate,0.321,0.308,0.331,9600,cluster-bootstrap-runs-200-95
emergency-docket-stress,Emergency docket stress,"Higher urgency and executive pressure, meant to stress shadow-docket procedures.",strict-recusal-court,Strict recusal with substitute justices,publicTrust,0.023,0.022,0.024,9600,cluster-bootstrap-runs-200-95
emergency-docket-stress,Emergency docket stress,"Higher urgency and executive pressure, meant to stress shadow-docket procedures.",strict-recusal-court,Strict recusal with substitute justices,administrativeLoad,0.554,0.553,0.554,9600,cluster-bootstrap-runs-200-95
emergency-docket-stress,Emergency docket stress,"Higher urgency and executive pressure, meant to stress shadow-docket procedures.",strict-recusal-court,Strict recusal with substitute justices,directCourtCost,0.369,0.369,0.369,9600,cluster-bootstrap-runs-200-95
emergency-docket-stress,Emergency docket stress,"Higher urgency and executive pressure, meant to stress shadow-docket procedures.",strict-recusal-court,Strict recusal with substitute justices,upstreamScreeningCost,0.690,0.689,0.690,9600,cluster-bootstrap-runs-200-95
emergency-docket-stress,Emergency docket stress,"Higher urgency and executive pressure, meant to stress shadow-docket procedures.",strict-recusal-court,Strict recusal with substitute justices,capacityStrainCost,0.484,0.484,0.484,9600,cluster-bootstrap-runs-200-95
emergency-docket-stress,Emergency docket stress,"Higher urgency and executive pressure, meant to stress shadow-docket procedures.",strict-recusal-court,Strict recusal with substitute justices,institutionalBudgetCost,0.441,0.441,0.441,9600,cluster-bootstrap-runs-200-95
emergency-docket-stress,Emergency docket stress,"Higher urgency and executive pressure, meant to stress shadow-docket procedures.",strict-recusal-court,Strict recusal with substitute justices,institutionalDelayCost,0.415,0.415,0.416,9600,cluster-bootstrap-runs-200-95
emergency-docket-stress,Emergency docket stress,"Higher urgency and executive pressure, meant to stress shadow-docket procedures.",strict-recusal-court,Strict recusal with substitute justices,implementationComplexity,0.502,0.502,0.502,9600,cluster-bootstrap-runs-200-95
emergency-docket-stress,Emergency docket stress,"Higher urgency and executive pressure, meant to stress shadow-docket procedures.",strict-recusal-court,Strict recusal with substitute justices,totalInstitutionalCost,0.487,0.487,0.487,9600,cluster-bootstrap-runs-200-95
emergency-docket-stress,Emergency docket stress,"Higher urgency and executive pressure, meant to stress shadow-docket procedures.",reasoned-emergency-review,Reasoned emergency orders with merits follow-up,directionalScore,0.656,0.654,0.659,9600,cluster-bootstrap-runs-200-95
emergency-docket-stress,Emergency docket stress,"Higher urgency and executive pressure, meant to stress shadow-docket procedures.",reasoned-emergency-review,Reasoned emergency orders with merits follow-up,legalStability,0.865,0.862,0.868,9600,cluster-bootstrap-runs-200-95
emergency-docket-stress,Emergency docket stress,"Higher urgency and executive pressure, meant to stress shadow-docket procedures.",reasoned-emergency-review,Reasoned emergency orders with merits follow-up,rightsProtection,0.730,0.728,0.732,9600,cluster-bootstrap-runs-200-95
emergency-docket-stress,Emergency docket stress,"Higher urgency and executive pressure, meant to stress shadow-docket procedures.",reasoned-emergency-review,Reasoned emergency orders with merits follow-up,partisanAlignment,0.207,0.205,0.208,9600,cluster-bootstrap-runs-200-95
emergency-docket-stress,Emergency docket stress,"Higher urgency and executive pressure, meant to stress shadow-docket procedures.",reasoned-emergency-review,Reasoned emergency orders with merits follow-up,shadowDocketAbuse,0.044,0.043,0.044,9600,cluster-bootstrap-runs-200-95
emergency-docket-stress,Emergency docket stress,"Higher urgency and executive pressure, meant to stress shadow-docket procedures.",reasoned-emergency-review,Reasoned emergency orders with merits follow-up,legitimacy,0.718,0.717,0.719,9600,cluster-bootstrap-runs-200-95
emergency-docket-stress,Emergency docket stress,"Higher urgency and executive pressure, meant to stress shadow-docket procedures.",reasoned-emergency-review,Reasoned emergency orders with merits follow-up,reversalRate,0.476,0.466,0.485,9600,cluster-bootstrap-runs-200-95
emergency-docket-stress,Emergency docket stress,"Higher urgency and executive pressure, meant to stress shadow-docket procedures.",reasoned-emergency-review,Reasoned emergency orders with merits follow-up,reviewRate,1.000,1.000,1.000,9600,cluster-bootstrap-runs-200-95
emergency-docket-stress,Emergency docket stress,"Higher urgency and executive pressure, meant to stress shadow-docket procedures.",reasoned-emergency-review,Reasoned emergency orders with merits follow-up,intakeAcceptanceRate,0.023,0.023,0.023,410152,cluster-bootstrap-runs-200-95
emergency-docket-stress,Emergency docket stress,"Higher urgency and executive pressure, meant to stress shadow-docket procedures.",reasoned-emergency-review,Reasoned emergency orders with merits follow-up,emergencyReliefRate,0.519,0.510,0.529,9482,cluster-bootstrap-runs-200-95
emergency-docket-stress,Emergency docket stress,"Higher urgency and executive pressure, meant to stress shadow-docket procedures.",reasoned-emergency-review,Reasoned emergency orders with merits follow-up,emergencyReasonGivingRate,0.873,0.866,0.880,9482,cluster-bootstrap-runs-200-95
emergency-docket-stress,Emergency docket stress,"Higher urgency and executive pressure, meant to stress shadow-docket procedures.",reasoned-emergency-review,Reasoned emergency orders with merits follow-up,emergencyVoteDisclosureRate,0.698,0.690,0.705,9482,cluster-bootstrap-runs-200-95
emergency-docket-stress,Emergency docket stress,"Higher urgency and executive pressure, meant to stress shadow-docket procedures.",reasoned-emergency-review,Reasoned emergency orders with merits follow-up,emergencyPublicDisagreementRate,0.131,0.124,0.137,9482,cluster-bootstrap-runs-200-95
emergency-docket-stress,Emergency docket stress,"Higher urgency and executive pressure, meant to stress shadow-docket procedures.",reasoned-emergency-review,Reasoned emergency orders with merits follow-up,governmentEmergencyWinRate,0.498,0.487,0.509,9482,cluster-bootstrap-runs-200-95
emergency-docket-stress,Emergency docket stress,"Higher urgency and executive pressure, meant to stress shadow-docket procedures.",reasoned-emergency-review,Reasoned emergency orders with merits follow-up,meritsFollowUpRate,1.000,1.000,1.000,9482,cluster-bootstrap-runs-200-95
emergency-docket-stress,Emergency docket stress,"Higher urgency and executive pressure, meant to stress shadow-docket procedures.",reasoned-emergency-review,Reasoned emergency orders with merits follow-up,meritsInvalidationRate,0.476,0.466,0.485,9600,cluster-bootstrap-runs-200-95
emergency-docket-stress,Emergency docket stress,"Higher urgency and executive pressure, meant to stress shadow-docket procedures.",reasoned-emergency-review,Reasoned emergency orders with merits follow-up,constitutionalConflict,0.265,0.263,0.266,9600,cluster-bootstrap-runs-200-95
emergency-docket-stress,Emergency docket stress,"Higher urgency and executive pressure, meant to stress shadow-docket procedures.",reasoned-emergency-review,Reasoned emergency orders with merits follow-up,democraticResponsiveness,0.449,0.446,0.451,9600,cluster-bootstrap-runs-200-95
emergency-docket-stress,Emergency docket stress,"Higher urgency and executive pressure, meant to stress shadow-docket procedures.",reasoned-emergency-review,Reasoned emergency orders with merits follow-up,complianceRate,0.403,0.393,0.414,9600,cluster-bootstrap-runs-200-95
emergency-docket-stress,Emergency docket stress,"Higher urgency and executive pressure, meant to stress shadow-docket procedures.",reasoned-emergency-review,Reasoned emergency orders with merits follow-up,publicTrust,0.030,0.028,0.032,9600,cluster-bootstrap-runs-200-95
emergency-docket-stress,Emergency docket stress,"Higher urgency and executive pressure, meant to stress shadow-docket procedures.",reasoned-emergency-review,Reasoned emergency orders with merits follow-up,administrativeLoad,0.544,0.543,0.544,9600,cluster-bootstrap-runs-200-95
emergency-docket-stress,Emergency docket stress,"Higher urgency and executive pressure, meant to stress shadow-docket procedures.",reasoned-emergency-review,Reasoned emergency orders with merits follow-up,directCourtCost,0.316,0.316,0.316,9600,cluster-bootstrap-runs-200-95
emergency-docket-stress,Emergency docket stress,"Higher urgency and executive pressure, meant to stress shadow-docket procedures.",reasoned-emergency-review,Reasoned emergency orders with merits follow-up,upstreamScreeningCost,0.690,0.689,0.691,9600,cluster-bootstrap-runs-200-95
emergency-docket-stress,Emergency docket stress,"Higher urgency and executive pressure, meant to stress shadow-docket procedures.",reasoned-emergency-review,Reasoned emergency orders with merits follow-up,capacityStrainCost,0.476,0.475,0.476,9600,cluster-bootstrap-runs-200-95
emergency-docket-stress,Emergency docket stress,"Higher urgency and executive pressure, meant to stress shadow-docket procedures.",reasoned-emergency-review,Reasoned emergency orders with merits follow-up,institutionalBudgetCost,0.388,0.387,0.388,9600,cluster-bootstrap-runs-200-95
emergency-docket-stress,Emergency docket stress,"Higher urgency and executive pressure, meant to stress shadow-docket procedures.",reasoned-emergency-review,Reasoned emergency orders with merits follow-up,institutionalDelayCost,0.415,0.414,0.415,9600,cluster-bootstrap-runs-200-95
emergency-docket-stress,Emergency docket stress,"Higher urgency and executive pressure, meant to stress shadow-docket procedures.",reasoned-emergency-review,Reasoned emergency orders with merits follow-up,implementationComplexity,0.500,0.500,0.500,9600,cluster-bootstrap-runs-200-95
emergency-docket-stress,Emergency docket stress,"Higher urgency and executive pressure, meant to stress shadow-docket procedures.",reasoned-emergency-review,Reasoned emergency orders with merits follow-up,totalInstitutionalCost,0.472,0.472,0.472,9600,cluster-bootstrap-runs-200-95
emergency-docket-stress,Emergency docket stress,"Higher urgency and executive pressure, meant to stress shadow-docket procedures.",panel-en-banc-review,Panel review with en banc safety valve,directionalScore,0.595,0.592,0.598,9600,cluster-bootstrap-runs-200-95
emergency-docket-stress,Emergency docket stress,"Higher urgency and executive pressure, meant to stress shadow-docket procedures.",panel-en-banc-review,Panel review with en banc safety valve,legalStability,0.785,0.783,0.787,9600,cluster-bootstrap-runs-200-95
emergency-docket-stress,Emergency docket stress,"Higher urgency and executive pressure, meant to stress shadow-docket procedures.",panel-en-banc-review,Panel review with en banc safety valve,rightsProtection,0.702,0.699,0.703,9600,cluster-bootstrap-runs-200-95
emergency-docket-stress,Emergency docket stress,"Higher urgency and executive pressure, meant to stress shadow-docket procedures.",panel-en-banc-review,Panel review with en banc safety valve,partisanAlignment,0.184,0.182,0.186,9600,cluster-bootstrap-runs-200-95
emergency-docket-stress,Emergency docket stress,"Higher urgency and executive pressure, meant to stress shadow-docket procedures.",panel-en-banc-review,Panel review with en banc safety valve,shadowDocketAbuse,0.424,0.421,0.427,9600,cluster-bootstrap-runs-200-95
emergency-docket-stress,Emergency docket stress,"Higher urgency and executive pressure, meant to stress shadow-docket procedures.",panel-en-banc-review,Panel review with en banc safety valve,legitimacy,0.633,0.631,0.634,9600,cluster-bootstrap-runs-200-95
emergency-docket-stress,Emergency docket stress,"Higher urgency and executive pressure, meant to stress shadow-docket procedures.",panel-en-banc-review,Panel review with en banc safety valve,reversalRate,0.193,0.185,0.199,9600,cluster-bootstrap-runs-200-95
emergency-docket-stress,Emergency docket stress,"Higher urgency and executive pressure, meant to stress shadow-docket procedures.",panel-en-banc-review,Panel review with en banc safety valve,reviewRate,1.000,1.000,1.000,9600,cluster-bootstrap-runs-200-95
emergency-docket-stress,Emergency docket stress,"Higher urgency and executive pressure, meant to stress shadow-docket procedures.",panel-en-banc-review,Panel review with en banc safety valve,intakeAcceptanceRate,0.023,0.023,0.023,409415,cluster-bootstrap-runs-200-95
emergency-docket-stress,Emergency docket stress,"Higher urgency and executive pressure, meant to stress shadow-docket procedures.",panel-en-banc-review,Panel review with en banc safety valve,emergencyReliefRate,0.477,0.468,0.486,9594,cluster-bootstrap-runs-200-95
emergency-docket-stress,Emergency docket stress,"Higher urgency and executive pressure, meant to stress shadow-docket procedures.",panel-en-banc-review,Panel review with en banc safety valve,emergencyReasonGivingRate,0.686,0.678,0.694,9594,cluster-bootstrap-runs-200-95
emergency-docket-stress,Emergency docket stress,"Higher urgency and executive pressure, meant to stress shadow-docket procedures.",panel-en-banc-review,Panel review with en banc safety valve,emergencyVoteDisclosureRate,0.630,0.621,0.638,9594,cluster-bootstrap-runs-200-95
emergency-docket-stress,Emergency docket stress,"Higher urgency and executive pressure, meant to stress shadow-docket procedures.",panel-en-banc-review,Panel review with en banc safety valve,emergencyPublicDisagreementRate,0.292,0.283,0.302,9594,cluster-bootstrap-runs-200-95
emergency-docket-stress,Emergency docket stress,"Higher urgency and executive pressure, meant to stress shadow-docket procedures.",panel-en-banc-review,Panel review with en banc safety valve,governmentEmergencyWinRate,0.452,0.440,0.464,9594,cluster-bootstrap-runs-200-95
emergency-docket-stress,Emergency docket stress,"Higher urgency and executive pressure, meant to stress shadow-docket procedures.",panel-en-banc-review,Panel review with en banc safety valve,meritsFollowUpRate,0.260,0.252,0.267,9594,cluster-bootstrap-runs-200-95
emergency-docket-stress,Emergency docket stress,"Higher urgency and executive pressure, meant to stress shadow-docket procedures.",panel-en-banc-review,Panel review with en banc safety valve,meritsInvalidationRate,0.739,0.722,0.757,2500,cluster-bootstrap-runs-200-95
emergency-docket-stress,Emergency docket stress,"Higher urgency and executive pressure, meant to stress shadow-docket procedures.",panel-en-banc-review,Panel review with en banc safety valve,constitutionalConflict,0.358,0.357,0.360,9600,cluster-bootstrap-runs-200-95
emergency-docket-stress,Emergency docket stress,"Higher urgency and executive pressure, meant to stress shadow-docket procedures.",panel-en-banc-review,Panel review with en banc safety valve,democraticResponsiveness,0.424,0.421,0.426,9600,cluster-bootstrap-runs-200-95
emergency-docket-stress,Emergency docket stress,"Higher urgency and executive pressure, meant to stress shadow-docket procedures.",panel-en-banc-review,Panel review with en banc safety valve,complianceRate,0.319,0.309,0.329,9600,cluster-bootstrap-runs-200-95
emergency-docket-stress,Emergency docket stress,"Higher urgency and executive pressure, meant to stress shadow-docket procedures.",panel-en-banc-review,Panel review with en banc safety valve,publicTrust,0.023,0.022,0.024,9600,cluster-bootstrap-runs-200-95
emergency-docket-stress,Emergency docket stress,"Higher urgency and executive pressure, meant to stress shadow-docket procedures.",panel-en-banc-review,Panel review with en banc safety valve,administrativeLoad,0.745,0.743,0.747,9600,cluster-bootstrap-runs-200-95
emergency-docket-stress,Emergency docket stress,"Higher urgency and executive pressure, meant to stress shadow-docket procedures.",panel-en-banc-review,Panel review with en banc safety valve,directCourtCost,0.440,0.439,0.440,9600,cluster-bootstrap-runs-200-95
emergency-docket-stress,Emergency docket stress,"Higher urgency and executive pressure, meant to stress shadow-docket procedures.",panel-en-banc-review,Panel review with en banc safety valve,upstreamScreeningCost,0.690,0.689,0.691,9600,cluster-bootstrap-runs-200-95
emergency-docket-stress,Emergency docket stress,"Higher urgency and executive pressure, meant to stress shadow-docket procedures.",panel-en-banc-review,Panel review with en banc safety valve,capacityStrainCost,0.518,0.518,0.519,9600,cluster-bootstrap-runs-200-95
emergency-docket-stress,Emergency docket stress,"Higher urgency and executive pressure, meant to stress shadow-docket procedures.",panel-en-banc-review,Panel review with en banc safety valve,institutionalBudgetCost,0.507,0.507,0.508,9600,cluster-bootstrap-runs-200-95
emergency-docket-stress,Emergency docket stress,"Higher urgency and executive pressure, meant to stress shadow-docket procedures.",panel-en-banc-review,Panel review with en banc safety valve,institutionalDelayCost,0.486,0.485,0.487,9600,cluster-bootstrap-runs-200-95
emergency-docket-stress,Emergency docket stress,"Higher urgency and executive pressure, meant to stress shadow-docket procedures.",panel-en-banc-review,Panel review with en banc safety valve,implementationComplexity,0.493,0.493,0.494,9600,cluster-bootstrap-runs-200-95
emergency-docket-stress,Emergency docket stress,"Higher urgency and executive pressure, meant to stress shadow-docket procedures.",panel-en-banc-review,Panel review with en banc safety valve,totalInstitutionalCost,0.523,0.522,0.523,9600,cluster-bootstrap-runs-200-95
emergency-docket-stress,Emergency docket stress,"Higher urgency and executive pressure, meant to stress shadow-docket procedures.",dual-cross-checking-courts,Dual supreme courts with cross-checking invalidations,directionalScore,0.656,0.654,0.659,9600,cluster-bootstrap-runs-200-95
emergency-docket-stress,Emergency docket stress,"Higher urgency and executive pressure, meant to stress shadow-docket procedures.",dual-cross-checking-courts,Dual supreme courts with cross-checking invalidations,legalStability,0.886,0.884,0.889,9600,cluster-bootstrap-runs-200-95
emergency-docket-stress,Emergency docket stress,"Higher urgency and executive pressure, meant to stress shadow-docket procedures.",dual-cross-checking-courts,Dual supreme courts with cross-checking invalidations,rightsProtection,0.734,0.732,0.736,9600,cluster-bootstrap-runs-200-95
emergency-docket-stress,Emergency docket stress,"Higher urgency and executive pressure, meant to stress shadow-docket procedures.",dual-cross-checking-courts,Dual supreme courts with cross-checking invalidations,partisanAlignment,0.170,0.168,0.172,9600,cluster-bootstrap-runs-200-95
emergency-docket-stress,Emergency docket stress,"Higher urgency and executive pressure, meant to stress shadow-docket procedures.",dual-cross-checking-courts,Dual supreme courts with cross-checking invalidations,shadowDocketAbuse,0.063,0.062,0.064,9600,cluster-bootstrap-runs-200-95
emergency-docket-stress,Emergency docket stress,"Higher urgency and executive pressure, meant to stress shadow-docket procedures.",dual-cross-checking-courts,Dual supreme courts with cross-checking invalidations,legitimacy,0.725,0.723,0.726,9600,cluster-bootstrap-runs-200-95
emergency-docket-stress,Emergency docket stress,"Higher urgency and executive pressure, meant to stress shadow-docket procedures.",dual-cross-checking-courts,Dual supreme courts with cross-checking invalidations,reversalRate,0.345,0.335,0.354,9600,cluster-bootstrap-runs-200-95
emergency-docket-stress,Emergency docket stress,"Higher urgency and executive pressure, meant to stress shadow-docket procedures.",dual-cross-checking-courts,Dual supreme courts with cross-checking invalidations,reviewRate,1.000,1.000,1.000,9600,cluster-bootstrap-runs-200-95
emergency-docket-stress,Emergency docket stress,"Higher urgency and executive pressure, meant to stress shadow-docket procedures.",dual-cross-checking-courts,Dual supreme courts with cross-checking invalidations,intakeAcceptanceRate,0.023,0.023,0.023,411311,cluster-bootstrap-runs-200-95
emergency-docket-stress,Emergency docket stress,"Higher urgency and executive pressure, meant to stress shadow-docket procedures.",dual-cross-checking-courts,Dual supreme courts with cross-checking invalidations,emergencyReliefRate,0.431,0.421,0.442,9315,cluster-bootstrap-runs-200-95
emergency-docket-stress,Emergency docket stress,"Higher urgency and executive pressure, meant to stress shadow-docket procedures.",dual-cross-checking-courts,Dual supreme courts with cross-checking invalidations,emergencyReasonGivingRate,0.864,0.856,0.872,9315,cluster-bootstrap-runs-200-95
emergency-docket-stress,Emergency docket stress,"Higher urgency and executive pressure, meant to stress shadow-docket procedures.",dual-cross-checking-courts,Dual supreme courts with cross-checking invalidations,emergencyVoteDisclosureRate,0.714,0.706,0.723,9315,cluster-bootstrap-runs-200-95
emergency-docket-stress,Emergency docket stress,"Higher urgency and executive pressure, meant to stress shadow-docket procedures.",dual-cross-checking-courts,Dual supreme courts with cross-checking invalidations,emergencyPublicDisagreementRate,0.131,0.125,0.136,9315,cluster-bootstrap-runs-200-95
emergency-docket-stress,Emergency docket stress,"Higher urgency and executive pressure, meant to stress shadow-docket procedures.",dual-cross-checking-courts,Dual supreme courts with cross-checking invalidations,governmentEmergencyWinRate,0.404,0.391,0.414,9315,cluster-bootstrap-runs-200-95
emergency-docket-stress,Emergency docket stress,"Higher urgency and executive pressure, meant to stress shadow-docket procedures.",dual-cross-checking-courts,Dual supreme courts with cross-checking invalidations,meritsFollowUpRate,1.000,1.000,1.000,9315,cluster-bootstrap-runs-200-95
emergency-docket-stress,Emergency docket stress,"Higher urgency and executive pressure, meant to stress shadow-docket procedures.",dual-cross-checking-courts,Dual supreme courts with cross-checking invalidations,meritsInvalidationRate,0.345,0.335,0.354,9600,cluster-bootstrap-runs-200-95
emergency-docket-stress,Emergency docket stress,"Higher urgency and executive pressure, meant to stress shadow-docket procedures.",dual-cross-checking-courts,Dual supreme courts with cross-checking invalidations,constitutionalConflict,0.276,0.275,0.278,9600,cluster-bootstrap-runs-200-95
emergency-docket-stress,Emergency docket stress,"Higher urgency and executive pressure, meant to stress shadow-docket procedures.",dual-cross-checking-courts,Dual supreme courts with cross-checking invalidations,democraticResponsiveness,0.457,0.454,0.459,9600,cluster-bootstrap-runs-200-95
emergency-docket-stress,Emergency docket stress,"Higher urgency and executive pressure, meant to stress shadow-docket procedures.",dual-cross-checking-courts,Dual supreme courts with cross-checking invalidations,complianceRate,0.400,0.391,0.410,9600,cluster-bootstrap-runs-200-95
emergency-docket-stress,Emergency docket stress,"Higher urgency and executive pressure, meant to stress shadow-docket procedures.",dual-cross-checking-courts,Dual supreme courts with cross-checking invalidations,publicTrust,0.033,0.031,0.035,9600,cluster-bootstrap-runs-200-95
emergency-docket-stress,Emergency docket stress,"Higher urgency and executive pressure, meant to stress shadow-docket procedures.",dual-cross-checking-courts,Dual supreme courts with cross-checking invalidations,administrativeLoad,0.940,0.939,0.941,9600,cluster-bootstrap-runs-200-95
emergency-docket-stress,Emergency docket stress,"Higher urgency and executive pressure, meant to stress shadow-docket procedures.",dual-cross-checking-courts,Dual supreme courts with cross-checking invalidations,directCourtCost,0.525,0.525,0.525,9600,cluster-bootstrap-runs-200-95
emergency-docket-stress,Emergency docket stress,"Higher urgency and executive pressure, meant to stress shadow-docket procedures.",dual-cross-checking-courts,Dual supreme courts with cross-checking invalidations,upstreamScreeningCost,0.690,0.689,0.691,9600,cluster-bootstrap-runs-200-95
emergency-docket-stress,Emergency docket stress,"Higher urgency and executive pressure, meant to stress shadow-docket procedures.",dual-cross-checking-courts,Dual supreme courts with cross-checking invalidations,capacityStrainCost,0.632,0.631,0.632,9600,cluster-bootstrap-runs-200-95
emergency-docket-stress,Emergency docket stress,"Higher urgency and executive pressure, meant to stress shadow-docket procedures.",dual-cross-checking-courts,Dual supreme courts with cross-checking invalidations,institutionalBudgetCost,0.588,0.588,0.589,9600,cluster-bootstrap-runs-200-95
emergency-docket-stress,Emergency docket stress,"Higher urgency and executive pressure, meant to stress shadow-docket procedures.",dual-cross-checking-courts,Dual supreme courts with cross-checking invalidations,institutionalDelayCost,0.541,0.541,0.542,9600,cluster-bootstrap-runs-200-95
emergency-docket-stress,Emergency docket stress,"Higher urgency and executive pressure, meant to stress shadow-docket procedures.",dual-cross-checking-courts,Dual supreme courts with cross-checking invalidations,implementationComplexity,0.636,0.636,0.636,9600,cluster-bootstrap-runs-200-95
emergency-docket-stress,Emergency docket stress,"Higher urgency and executive pressure, meant to stress shadow-docket procedures.",dual-cross-checking-courts,Dual supreme courts with cross-checking invalidations,totalInstitutionalCost,0.601,0.601,0.601,9600,cluster-bootstrap-runs-200-95
emergency-docket-stress,Emergency docket stress,"Higher urgency and executive pressure, meant to stress shadow-docket procedures.",constitutional-council,Pre-enactment constitutional council,directionalScore,0.618,0.616,0.621,9600,cluster-bootstrap-runs-200-95
emergency-docket-stress,Emergency docket stress,"Higher urgency and executive pressure, meant to stress shadow-docket procedures.",constitutional-council,Pre-enactment constitutional council,legalStability,0.843,0.841,0.844,9600,cluster-bootstrap-runs-200-95
emergency-docket-stress,Emergency docket stress,"Higher urgency and executive pressure, meant to stress shadow-docket procedures.",constitutional-council,Pre-enactment constitutional council,rightsProtection,0.704,0.702,0.706,9600,cluster-bootstrap-runs-200-95
emergency-docket-stress,Emergency docket stress,"Higher urgency and executive pressure, meant to stress shadow-docket procedures.",constitutional-council,Pre-enactment constitutional council,partisanAlignment,0.163,0.161,0.165,9600,cluster-bootstrap-runs-200-95
emergency-docket-stress,Emergency docket stress,"Higher urgency and executive pressure, meant to stress shadow-docket procedures.",constitutional-council,Pre-enactment constitutional council,shadowDocketAbuse,0.408,0.404,0.410,9600,cluster-bootstrap-runs-200-95
emergency-docket-stress,Emergency docket stress,"Higher urgency and executive pressure, meant to stress shadow-docket procedures.",constitutional-council,Pre-enactment constitutional council,legitimacy,0.666,0.665,0.668,9600,cluster-bootstrap-runs-200-95
emergency-docket-stress,Emergency docket stress,"Higher urgency and executive pressure, meant to stress shadow-docket procedures.",constitutional-council,Pre-enactment constitutional council,reversalRate,0.153,0.147,0.160,9600,cluster-bootstrap-runs-200-95
emergency-docket-stress,Emergency docket stress,"Higher urgency and executive pressure, meant to stress shadow-docket procedures.",constitutional-council,Pre-enactment constitutional council,reviewRate,1.000,1.000,1.000,9600,cluster-bootstrap-runs-200-95
emergency-docket-stress,Emergency docket stress,"Higher urgency and executive pressure, meant to stress shadow-docket procedures.",constitutional-council,Pre-enactment constitutional council,intakeAcceptanceRate,0.023,0.023,0.023,409382,cluster-bootstrap-runs-200-95
emergency-docket-stress,Emergency docket stress,"Higher urgency and executive pressure, meant to stress shadow-docket procedures.",constitutional-council,Pre-enactment constitutional council,emergencyReliefRate,0.438,0.429,0.448,9598,cluster-bootstrap-runs-200-95
emergency-docket-stress,Emergency docket stress,"Higher urgency and executive pressure, meant to stress shadow-docket procedures.",constitutional-council,Pre-enactment constitutional council,emergencyReasonGivingRate,0.742,0.732,0.751,9598,cluster-bootstrap-runs-200-95
emergency-docket-stress,Emergency docket stress,"Higher urgency and executive pressure, meant to stress shadow-docket procedures.",constitutional-council,Pre-enactment constitutional council,emergencyVoteDisclosureRate,0.732,0.724,0.739,9598,cluster-bootstrap-runs-200-95
emergency-docket-stress,Emergency docket stress,"Higher urgency and executive pressure, meant to stress shadow-docket procedures.",constitutional-council,Pre-enactment constitutional council,emergencyPublicDisagreementRate,0.271,0.261,0.281,9598,cluster-bootstrap-runs-200-95
emergency-docket-stress,Emergency docket stress,"Higher urgency and executive pressure, meant to stress shadow-docket procedures.",constitutional-council,Pre-enactment constitutional council,governmentEmergencyWinRate,0.407,0.398,0.417,9598,cluster-bootstrap-runs-200-95
emergency-docket-stress,Emergency docket stress,"Higher urgency and executive pressure, meant to stress shadow-docket procedures.",constitutional-council,Pre-enactment constitutional council,meritsFollowUpRate,0.260,0.253,0.269,9598,cluster-bootstrap-runs-200-95
emergency-docket-stress,Emergency docket stress,"Higher urgency and executive pressure, meant to stress shadow-docket procedures.",constitutional-council,Pre-enactment constitutional council,meritsInvalidationRate,0.588,0.573,0.608,2497,cluster-bootstrap-runs-200-95
emergency-docket-stress,Emergency docket stress,"Higher urgency and executive pressure, meant to stress shadow-docket procedures.",constitutional-council,Pre-enactment constitutional council,constitutionalConflict,0.349,0.347,0.350,9600,cluster-bootstrap-runs-200-95
emergency-docket-stress,Emergency docket stress,"Higher urgency and executive pressure, meant to stress shadow-docket procedures.",constitutional-council,Pre-enactment constitutional council,democraticResponsiveness,0.430,0.427,0.432,9600,cluster-bootstrap-runs-200-95
emergency-docket-stress,Emergency docket stress,"Higher urgency and executive pressure, meant to stress shadow-docket procedures.",constitutional-council,Pre-enactment constitutional council,complianceRate,0.330,0.320,0.338,9600,cluster-bootstrap-runs-200-95
emergency-docket-stress,Emergency docket stress,"Higher urgency and executive pressure, meant to stress shadow-docket procedures.",constitutional-council,Pre-enactment constitutional council,publicTrust,0.026,0.025,0.027,9600,cluster-bootstrap-runs-200-95
emergency-docket-stress,Emergency docket stress,"Higher urgency and executive pressure, meant to stress shadow-docket procedures.",constitutional-council,Pre-enactment constitutional council,administrativeLoad,0.807,0.806,0.808,9600,cluster-bootstrap-runs-200-95
emergency-docket-stress,Emergency docket stress,"Higher urgency and executive pressure, meant to stress shadow-docket procedures.",constitutional-council,Pre-enactment constitutional council,directCourtCost,0.449,0.449,0.449,9600,cluster-bootstrap-runs-200-95
emergency-docket-stress,Emergency docket stress,"Higher urgency and executive pressure, meant to stress shadow-docket procedures.",constitutional-council,Pre-enactment constitutional council,upstreamScreeningCost,0.690,0.689,0.691,9600,cluster-bootstrap-runs-200-95
emergency-docket-stress,Emergency docket stress,"Higher urgency and executive pressure, meant to stress shadow-docket procedures.",constitutional-council,Pre-enactment constitutional council,capacityStrainCost,0.545,0.545,0.545,9600,cluster-bootstrap-runs-200-95
emergency-docket-stress,Emergency docket stress,"Higher urgency and executive pressure, meant to stress shadow-docket procedures.",constitutional-council,Pre-enactment constitutional council,institutionalBudgetCost,0.515,0.515,0.515,9600,cluster-bootstrap-runs-200-95
emergency-docket-stress,Emergency docket stress,"Higher urgency and executive pressure, meant to stress shadow-docket procedures.",constitutional-council,Pre-enactment constitutional council,institutionalDelayCost,0.483,0.483,0.484,9600,cluster-bootstrap-runs-200-95
emergency-docket-stress,Emergency docket stress,"Higher urgency and executive pressure, meant to stress shadow-docket procedures.",constitutional-council,Pre-enactment constitutional council,implementationComplexity,0.578,0.578,0.578,9600,cluster-bootstrap-runs-200-95
emergency-docket-stress,Emergency docket stress,"Higher urgency and executive pressure, meant to stress shadow-docket procedures.",constitutional-council,Pre-enactment constitutional council,totalInstitutionalCost,0.544,0.544,0.545,9600,cluster-bootstrap-runs-200-95
emergency-docket-stress,Emergency docket stress,"Higher urgency and executive pressure, meant to stress shadow-docket procedures.",legislative-override-court,Judicial review with delayed legislative override,directionalScore,0.592,0.590,0.594,9600,cluster-bootstrap-runs-200-95
emergency-docket-stress,Emergency docket stress,"Higher urgency and executive pressure, meant to stress shadow-docket procedures.",legislative-override-court,Judicial review with delayed legislative override,legalStability,0.770,0.768,0.773,9600,cluster-bootstrap-runs-200-95
emergency-docket-stress,Emergency docket stress,"Higher urgency and executive pressure, meant to stress shadow-docket procedures.",legislative-override-court,Judicial review with delayed legislative override,rightsProtection,0.693,0.691,0.696,9600,cluster-bootstrap-runs-200-95
emergency-docket-stress,Emergency docket stress,"Higher urgency and executive pressure, meant to stress shadow-docket procedures.",legislative-override-court,Judicial review with delayed legislative override,partisanAlignment,0.201,0.199,0.203,9600,cluster-bootstrap-runs-200-95
emergency-docket-stress,Emergency docket stress,"Higher urgency and executive pressure, meant to stress shadow-docket procedures.",legislative-override-court,Judicial review with delayed legislative override,shadowDocketAbuse,0.436,0.433,0.439,9600,cluster-bootstrap-runs-200-95
emergency-docket-stress,Emergency docket stress,"Higher urgency and executive pressure, meant to stress shadow-docket procedures.",legislative-override-court,Judicial review with delayed legislative override,legitimacy,0.608,0.607,0.609,9600,cluster-bootstrap-runs-200-95
emergency-docket-stress,Emergency docket stress,"Higher urgency and executive pressure, meant to stress shadow-docket procedures.",legislative-override-court,Judicial review with delayed legislative override,reversalRate,0.202,0.194,0.208,9600,cluster-bootstrap-runs-200-95
emergency-docket-stress,Emergency docket stress,"Higher urgency and executive pressure, meant to stress shadow-docket procedures.",legislative-override-court,Judicial review with delayed legislative override,reviewRate,1.000,1.000,1.000,9600,cluster-bootstrap-runs-200-95
emergency-docket-stress,Emergency docket stress,"Higher urgency and executive pressure, meant to stress shadow-docket procedures.",legislative-override-court,Judicial review with delayed legislative override,intakeAcceptanceRate,0.023,0.023,0.023,409380,cluster-bootstrap-runs-200-95
emergency-docket-stress,Emergency docket stress,"Higher urgency and executive pressure, meant to stress shadow-docket procedures.",legislative-override-court,Judicial review with delayed legislative override,emergencyReliefRate,0.510,0.499,0.519,9598,cluster-bootstrap-runs-200-95
emergency-docket-stress,Emergency docket stress,"Higher urgency and executive pressure, meant to stress shadow-docket procedures.",legislative-override-court,Judicial review with delayed legislative override,emergencyReasonGivingRate,0.663,0.655,0.672,9598,cluster-bootstrap-runs-200-95
emergency-docket-stress,Emergency docket stress,"Higher urgency and executive pressure, meant to stress shadow-docket procedures.",legislative-override-court,Judicial review with delayed legislative override,emergencyVoteDisclosureRate,0.573,0.561,0.583,9598,cluster-bootstrap-runs-200-95
emergency-docket-stress,Emergency docket stress,"Higher urgency and executive pressure, meant to stress shadow-docket procedures.",legislative-override-court,Judicial review with delayed legislative override,emergencyPublicDisagreementRate,0.319,0.311,0.327,9598,cluster-bootstrap-runs-200-95
emergency-docket-stress,Emergency docket stress,"Higher urgency and executive pressure, meant to stress shadow-docket procedures.",legislative-override-court,Judicial review with delayed legislative override,governmentEmergencyWinRate,0.490,0.479,0.502,9598,cluster-bootstrap-runs-200-95
emergency-docket-stress,Emergency docket stress,"Higher urgency and executive pressure, meant to stress shadow-docket procedures.",legislative-override-court,Judicial review with delayed legislative override,meritsFollowUpRate,0.260,0.252,0.267,9598,cluster-bootstrap-runs-200-95
emergency-docket-stress,Emergency docket stress,"Higher urgency and executive pressure, meant to stress shadow-docket procedures.",legislative-override-court,Judicial review with delayed legislative override,meritsInvalidationRate,0.776,0.759,0.793,2497,cluster-bootstrap-runs-200-95
emergency-docket-stress,Emergency docket stress,"Higher urgency and executive pressure, meant to stress shadow-docket procedures.",legislative-override-court,Judicial review with delayed legislative override,constitutionalConflict,0.368,0.366,0.370,9600,cluster-bootstrap-runs-200-95
emergency-docket-stress,Emergency docket stress,"Higher urgency and executive pressure, meant to stress shadow-docket procedures.",legislative-override-court,Judicial review with delayed legislative override,democraticResponsiveness,0.419,0.416,0.422,9600,cluster-bootstrap-runs-200-95
emergency-docket-stress,Emergency docket stress,"Higher urgency and executive pressure, meant to stress shadow-docket procedures.",legislative-override-court,Judicial review with delayed legislative override,complianceRate,0.321,0.312,0.329,9600,cluster-bootstrap-runs-200-95
emergency-docket-stress,Emergency docket stress,"Higher urgency and executive pressure, meant to stress shadow-docket procedures.",legislative-override-court,Judicial review with delayed legislative override,publicTrust,0.021,0.020,0.022,9600,cluster-bootstrap-runs-200-95
emergency-docket-stress,Emergency docket stress,"Higher urgency and executive pressure, meant to stress shadow-docket procedures.",legislative-override-court,Judicial review with delayed legislative override,administrativeLoad,0.546,0.545,0.546,9600,cluster-bootstrap-runs-200-95
emergency-docket-stress,Emergency docket stress,"Higher urgency and executive pressure, meant to stress shadow-docket procedures.",legislative-override-court,Judicial review with delayed legislative override,directCourtCost,0.317,0.317,0.317,9600,cluster-bootstrap-runs-200-95
emergency-docket-stress,Emergency docket stress,"Higher urgency and executive pressure, meant to stress shadow-docket procedures.",legislative-override-court,Judicial review with delayed legislative override,upstreamScreeningCost,0.690,0.689,0.691,9600,cluster-bootstrap-runs-200-95
emergency-docket-stress,Emergency docket stress,"Higher urgency and executive pressure, meant to stress shadow-docket procedures.",legislative-override-court,Judicial review with delayed legislative override,capacityStrainCost,0.478,0.478,0.478,9600,cluster-bootstrap-runs-200-95
emergency-docket-stress,Emergency docket stress,"Higher urgency and executive pressure, meant to stress shadow-docket procedures.",legislative-override-court,Judicial review with delayed legislative override,institutionalBudgetCost,0.388,0.388,0.388,9600,cluster-bootstrap-runs-200-95
emergency-docket-stress,Emergency docket stress,"Higher urgency and executive pressure, meant to stress shadow-docket procedures.",legislative-override-court,Judicial review with delayed legislative override,institutionalDelayCost,0.415,0.414,0.415,9600,cluster-bootstrap-runs-200-95
emergency-docket-stress,Emergency docket stress,"Higher urgency and executive pressure, meant to stress shadow-docket procedures.",legislative-override-court,Judicial review with delayed legislative override,implementationComplexity,0.528,0.527,0.528,9600,cluster-bootstrap-runs-200-95
emergency-docket-stress,Emergency docket stress,"Higher urgency and executive pressure, meant to stress shadow-docket procedures.",legislative-override-court,Judicial review with delayed legislative override,totalInstitutionalCost,0.477,0.477,0.477,9600,cluster-bootstrap-runs-200-95
emergency-docket-stress,Emergency docket stress,"Higher urgency and executive pressure, meant to stress shadow-docket procedures.",accountability-retention-court,Retention-election accountability court,directionalScore,0.619,0.616,0.622,9600,cluster-bootstrap-runs-200-95
emergency-docket-stress,Emergency docket stress,"Higher urgency and executive pressure, meant to stress shadow-docket procedures.",accountability-retention-court,Retention-election accountability court,legalStability,0.790,0.788,0.792,9600,cluster-bootstrap-runs-200-95
emergency-docket-stress,Emergency docket stress,"Higher urgency and executive pressure, meant to stress shadow-docket procedures.",accountability-retention-court,Retention-election accountability court,rightsProtection,0.711,0.708,0.713,9600,cluster-bootstrap-runs-200-95
emergency-docket-stress,Emergency docket stress,"Higher urgency and executive pressure, meant to stress shadow-docket procedures.",accountability-retention-court,Retention-election accountability court,partisanAlignment,0.174,0.172,0.175,9600,cluster-bootstrap-runs-200-95
emergency-docket-stress,Emergency docket stress,"Higher urgency and executive pressure, meant to stress shadow-docket procedures.",accountability-retention-court,Retention-election accountability court,shadowDocketAbuse,0.402,0.399,0.405,9600,cluster-bootstrap-runs-200-95
emergency-docket-stress,Emergency docket stress,"Higher urgency and executive pressure, meant to stress shadow-docket procedures.",accountability-retention-court,Retention-election accountability court,legitimacy,0.637,0.636,0.639,9600,cluster-bootstrap-runs-200-95
emergency-docket-stress,Emergency docket stress,"Higher urgency and executive pressure, meant to stress shadow-docket procedures.",accountability-retention-court,Retention-election accountability court,reversalRate,0.148,0.141,0.155,9600,cluster-bootstrap-runs-200-95
emergency-docket-stress,Emergency docket stress,"Higher urgency and executive pressure, meant to stress shadow-docket procedures.",accountability-retention-court,Retention-election accountability court,reviewRate,1.000,1.000,1.000,9600,cluster-bootstrap-runs-200-95
emergency-docket-stress,Emergency docket stress,"Higher urgency and executive pressure, meant to stress shadow-docket procedures.",accountability-retention-court,Retention-election accountability court,intakeAcceptanceRate,0.023,0.023,0.023,409400,cluster-bootstrap-runs-200-95
emergency-docket-stress,Emergency docket stress,"Higher urgency and executive pressure, meant to stress shadow-docket procedures.",accountability-retention-court,Retention-election accountability court,emergencyReliefRate,0.351,0.341,0.360,9596,cluster-bootstrap-runs-200-95
emergency-docket-stress,Emergency docket stress,"Higher urgency and executive pressure, meant to stress shadow-docket procedures.",accountability-retention-court,Retention-election accountability court,emergencyReasonGivingRate,0.685,0.677,0.694,9596,cluster-bootstrap-runs-200-95
emergency-docket-stress,Emergency docket stress,"Higher urgency and executive pressure, meant to stress shadow-docket procedures.",accountability-retention-court,Retention-election accountability court,emergencyVoteDisclosureRate,0.602,0.591,0.611,9596,cluster-bootstrap-runs-200-95
emergency-docket-stress,Emergency docket stress,"Higher urgency and executive pressure, meant to stress shadow-docket procedures.",accountability-retention-court,Retention-election accountability court,emergencyPublicDisagreementRate,0.282,0.274,0.292,9596,cluster-bootstrap-runs-200-95
emergency-docket-stress,Emergency docket stress,"Higher urgency and executive pressure, meant to stress shadow-docket procedures.",accountability-retention-court,Retention-election accountability court,governmentEmergencyWinRate,0.327,0.317,0.336,9596,cluster-bootstrap-runs-200-95
emergency-docket-stress,Emergency docket stress,"Higher urgency and executive pressure, meant to stress shadow-docket procedures.",accountability-retention-court,Retention-election accountability court,meritsFollowUpRate,0.260,0.251,0.268,9596,cluster-bootstrap-runs-200-95
emergency-docket-stress,Emergency docket stress,"Higher urgency and executive pressure, meant to stress shadow-docket procedures.",accountability-retention-court,Retention-election accountability court,meritsInvalidationRate,0.569,0.551,0.589,2499,cluster-bootstrap-runs-200-95
emergency-docket-stress,Emergency docket stress,"Higher urgency and executive pressure, meant to stress shadow-docket procedures.",accountability-retention-court,Retention-election accountability court,constitutionalConflict,0.350,0.348,0.352,9600,cluster-bootstrap-runs-200-95
emergency-docket-stress,Emergency docket stress,"Higher urgency and executive pressure, meant to stress shadow-docket procedures.",accountability-retention-court,Retention-election accountability court,democraticResponsiveness,0.453,0.450,0.456,9600,cluster-bootstrap-runs-200-95
emergency-docket-stress,Emergency docket stress,"Higher urgency and executive pressure, meant to stress shadow-docket procedures.",accountability-retention-court,Retention-election accountability court,complianceRate,0.325,0.313,0.337,9600,cluster-bootstrap-runs-200-95
emergency-docket-stress,Emergency docket stress,"Higher urgency and executive pressure, meant to stress shadow-docket procedures.",accountability-retention-court,Retention-election accountability court,publicTrust,0.027,0.026,0.029,9600,cluster-bootstrap-runs-200-95
emergency-docket-stress,Emergency docket stress,"Higher urgency and executive pressure, meant to stress shadow-docket procedures.",accountability-retention-court,Retention-election accountability court,administrativeLoad,0.566,0.565,0.567,9600,cluster-bootstrap-runs-200-95
emergency-docket-stress,Emergency docket stress,"Higher urgency and executive pressure, meant to stress shadow-docket procedures.",accountability-retention-court,Retention-election accountability court,directCourtCost,0.328,0.328,0.328,9600,cluster-bootstrap-runs-200-95
emergency-docket-stress,Emergency docket stress,"Higher urgency and executive pressure, meant to stress shadow-docket procedures.",accountability-retention-court,Retention-election accountability court,upstreamScreeningCost,0.690,0.689,0.690,9600,cluster-bootstrap-runs-200-95
emergency-docket-stress,Emergency docket stress,"Higher urgency and executive pressure, meant to stress shadow-docket procedures.",accountability-retention-court,Retention-election accountability court,capacityStrainCost,0.514,0.514,0.514,9600,cluster-bootstrap-runs-200-95
emergency-docket-stress,Emergency docket stress,"Higher urgency and executive pressure, meant to stress shadow-docket procedures.",accountability-retention-court,Retention-election accountability court,institutionalBudgetCost,0.399,0.399,0.399,9600,cluster-bootstrap-runs-200-95
emergency-docket-stress,Emergency docket stress,"Higher urgency and executive pressure, meant to stress shadow-docket procedures.",accountability-retention-court,Retention-election accountability court,institutionalDelayCost,0.419,0.418,0.419,9600,cluster-bootstrap-runs-200-95
emergency-docket-stress,Emergency docket stress,"Higher urgency and executive pressure, meant to stress shadow-docket procedures.",accountability-retention-court,Retention-election accountability court,implementationComplexity,0.554,0.554,0.554,9600,cluster-bootstrap-runs-200-95
emergency-docket-stress,Emergency docket stress,"Higher urgency and executive pressure, meant to stress shadow-docket procedures.",accountability-retention-court,Retention-election accountability court,totalInstitutionalCost,0.492,0.492,0.493,9600,cluster-bootstrap-runs-200-95
emergency-docket-stress,Emergency docket stress,"Higher urgency and executive pressure, meant to stress shadow-docket procedures.",independence-accountability-hybrid,Hybrid court balancing independence and accountability,directionalScore,0.670,0.667,0.672,9600,cluster-bootstrap-runs-200-95
emergency-docket-stress,Emergency docket stress,"Higher urgency and executive pressure, meant to stress shadow-docket procedures.",independence-accountability-hybrid,Hybrid court balancing independence and accountability,legalStability,0.895,0.893,0.897,9600,cluster-bootstrap-runs-200-95
emergency-docket-stress,Emergency docket stress,"Higher urgency and executive pressure, meant to stress shadow-docket procedures.",independence-accountability-hybrid,Hybrid court balancing independence and accountability,rightsProtection,0.733,0.731,0.735,9600,cluster-bootstrap-runs-200-95
emergency-docket-stress,Emergency docket stress,"Higher urgency and executive pressure, meant to stress shadow-docket procedures.",independence-accountability-hybrid,Hybrid court balancing independence and accountability,partisanAlignment,0.174,0.172,0.176,9600,cluster-bootstrap-runs-200-95
emergency-docket-stress,Emergency docket stress,"Higher urgency and executive pressure, meant to stress shadow-docket procedures.",independence-accountability-hybrid,Hybrid court balancing independence and accountability,shadowDocketAbuse,0.039,0.039,0.040,9600,cluster-bootstrap-runs-200-95
emergency-docket-stress,Emergency docket stress,"Higher urgency and executive pressure, meant to stress shadow-docket procedures.",independence-accountability-hybrid,Hybrid court balancing independence and accountability,legitimacy,0.732,0.731,0.733,9600,cluster-bootstrap-runs-200-95
emergency-docket-stress,Emergency docket stress,"Higher urgency and executive pressure, meant to stress shadow-docket procedures.",independence-accountability-hybrid,Hybrid court balancing independence and accountability,reversalRate,0.375,0.367,0.384,9600,cluster-bootstrap-runs-200-95
emergency-docket-stress,Emergency docket stress,"Higher urgency and executive pressure, meant to stress shadow-docket procedures.",independence-accountability-hybrid,Hybrid court balancing independence and accountability,reviewRate,1.000,1.000,1.000,9600,cluster-bootstrap-runs-200-95
emergency-docket-stress,Emergency docket stress,"Higher urgency and executive pressure, meant to stress shadow-docket procedures.",independence-accountability-hybrid,Hybrid court balancing independence and accountability,intakeAcceptanceRate,0.023,0.023,0.023,410100,cluster-bootstrap-runs-200-95
emergency-docket-stress,Emergency docket stress,"Higher urgency and executive pressure, meant to stress shadow-docket procedures.",independence-accountability-hybrid,Hybrid court balancing independence and accountability,emergencyReliefRate,0.452,0.444,0.461,9494,cluster-bootstrap-runs-200-95
emergency-docket-stress,Emergency docket stress,"Higher urgency and executive pressure, meant to stress shadow-docket procedures.",independence-accountability-hybrid,Hybrid court balancing independence and accountability,emergencyReasonGivingRate,0.886,0.879,0.892,9494,cluster-bootstrap-runs-200-95
emergency-docket-stress,Emergency docket stress,"Higher urgency and executive pressure, meant to stress shadow-docket procedures.",independence-accountability-hybrid,Hybrid court balancing independence and accountability,emergencyVoteDisclosureRate,0.720,0.712,0.727,9494,cluster-bootstrap-runs-200-95
emergency-docket-stress,Emergency docket stress,"Higher urgency and executive pressure, meant to stress shadow-docket procedures.",independence-accountability-hybrid,Hybrid court balancing independence and accountability,emergencyPublicDisagreementRate,0.119,0.113,0.125,9494,cluster-bootstrap-runs-200-95
emergency-docket-stress,Emergency docket stress,"Higher urgency and executive pressure, meant to stress shadow-docket procedures.",independence-accountability-hybrid,Hybrid court balancing independence and accountability,governmentEmergencyWinRate,0.426,0.416,0.438,9494,cluster-bootstrap-runs-200-95
emergency-docket-stress,Emergency docket stress,"Higher urgency and executive pressure, meant to stress shadow-docket procedures.",independence-accountability-hybrid,Hybrid court balancing independence and accountability,meritsFollowUpRate,1.000,1.000,1.000,9494,cluster-bootstrap-runs-200-95
emergency-docket-stress,Emergency docket stress,"Higher urgency and executive pressure, meant to stress shadow-docket procedures.",independence-accountability-hybrid,Hybrid court balancing independence and accountability,meritsInvalidationRate,0.375,0.367,0.384,9600,cluster-bootstrap-runs-200-95
emergency-docket-stress,Emergency docket stress,"Higher urgency and executive pressure, meant to stress shadow-docket procedures.",independence-accountability-hybrid,Hybrid court balancing independence and accountability,constitutionalConflict,0.253,0.252,0.255,9600,cluster-bootstrap-runs-200-95
emergency-docket-stress,Emergency docket stress,"Higher urgency and executive pressure, meant to stress shadow-docket procedures.",independence-accountability-hybrid,Hybrid court balancing independence and accountability,democraticResponsiveness,0.455,0.453,0.458,9600,cluster-bootstrap-runs-200-95
emergency-docket-stress,Emergency docket stress,"Higher urgency and executive pressure, meant to stress shadow-docket procedures.",independence-accountability-hybrid,Hybrid court balancing independence and accountability,complianceRate,0.409,0.399,0.417,9600,cluster-bootstrap-runs-200-95
emergency-docket-stress,Emergency docket stress,"Higher urgency and executive pressure, meant to stress shadow-docket procedures.",independence-accountability-hybrid,Hybrid court balancing independence and accountability,publicTrust,0.034,0.032,0.036,9600,cluster-bootstrap-runs-200-95
emergency-docket-stress,Emergency docket stress,"Higher urgency and executive pressure, meant to stress shadow-docket procedures.",independence-accountability-hybrid,Hybrid court balancing independence and accountability,administrativeLoad,0.742,0.740,0.744,9600,cluster-bootstrap-runs-200-95
emergency-docket-stress,Emergency docket stress,"Higher urgency and executive pressure, meant to stress shadow-docket procedures.",independence-accountability-hybrid,Hybrid court balancing independence and accountability,directCourtCost,0.464,0.463,0.464,9600,cluster-bootstrap-runs-200-95
emergency-docket-stress,Emergency docket stress,"Higher urgency and executive pressure, meant to stress shadow-docket procedures.",independence-accountability-hybrid,Hybrid court balancing independence and accountability,upstreamScreeningCost,0.690,0.689,0.691,9600,cluster-bootstrap-runs-200-95
emergency-docket-stress,Emergency docket stress,"Higher urgency and executive pressure, meant to stress shadow-docket procedures.",independence-accountability-hybrid,Hybrid court balancing independence and accountability,capacityStrainCost,0.518,0.517,0.518,9600,cluster-bootstrap-runs-200-95
emergency-docket-stress,Emergency docket stress,"Higher urgency and executive pressure, meant to stress shadow-docket procedures.",independence-accountability-hybrid,Hybrid court balancing independence and accountability,institutionalBudgetCost,0.532,0.531,0.532,9600,cluster-bootstrap-runs-200-95
emergency-docket-stress,Emergency docket stress,"Higher urgency and executive pressure, meant to stress shadow-docket procedures.",independence-accountability-hybrid,Hybrid court balancing independence and accountability,institutionalDelayCost,0.485,0.484,0.485,9600,cluster-bootstrap-runs-200-95
emergency-docket-stress,Emergency docket stress,"Higher urgency and executive pressure, meant to stress shadow-docket procedures.",independence-accountability-hybrid,Hybrid court balancing independence and accountability,implementationComplexity,0.649,0.648,0.649,9600,cluster-bootstrap-runs-200-95
emergency-docket-stress,Emergency docket stress,"Higher urgency and executive pressure, meant to stress shadow-docket procedures.",independence-accountability-hybrid,Hybrid court balancing independence and accountability,totalInstitutionalCost,0.555,0.554,0.555,9600,cluster-bootstrap-runs-200-95
low-trust-conflict,Low-trust conflict,Lower public trust and higher legislature-court conflict.,current-federal-court,Current-style federal supreme court,directionalScore,0.529,0.527,0.532,9600,cluster-bootstrap-runs-200-95
low-trust-conflict,Low-trust conflict,Lower public trust and higher legislature-court conflict.,current-federal-court,Current-style federal supreme court,legalStability,0.780,0.777,0.783,9600,cluster-bootstrap-runs-200-95
low-trust-conflict,Low-trust conflict,Lower public trust and higher legislature-court conflict.,current-federal-court,Current-style federal supreme court,rightsProtection,0.675,0.672,0.677,9600,cluster-bootstrap-runs-200-95
low-trust-conflict,Low-trust conflict,Lower public trust and higher legislature-court conflict.,current-federal-court,Current-style federal supreme court,partisanAlignment,0.210,0.208,0.212,9600,cluster-bootstrap-runs-200-95
low-trust-conflict,Low-trust conflict,Lower public trust and higher legislature-court conflict.,current-federal-court,Current-style federal supreme court,shadowDocketAbuse,0.369,0.361,0.378,9600,cluster-bootstrap-runs-200-95
low-trust-conflict,Low-trust conflict,Lower public trust and higher legislature-court conflict.,current-federal-court,Current-style federal supreme court,legitimacy,0.519,0.517,0.521,9600,cluster-bootstrap-runs-200-95
low-trust-conflict,Low-trust conflict,Lower public trust and higher legislature-court conflict.,current-federal-court,Current-style federal supreme court,reversalRate,0.291,0.281,0.299,9600,cluster-bootstrap-runs-200-95
low-trust-conflict,Low-trust conflict,Lower public trust and higher legislature-court conflict.,current-federal-court,Current-style federal supreme court,reviewRate,1.000,1.000,1.000,9600,cluster-bootstrap-runs-200-95
low-trust-conflict,Low-trust conflict,Lower public trust and higher legislature-court conflict.,current-federal-court,Current-style federal supreme court,intakeAcceptanceRate,0.022,0.022,0.022,440264,cluster-bootstrap-runs-200-95
low-trust-conflict,Low-trust conflict,Lower public trust and higher legislature-court conflict.,current-federal-court,Current-style federal supreme court,emergencyReliefRate,0.705,0.690,0.718,4250,cluster-bootstrap-runs-200-95
low-trust-conflict,Low-trust conflict,Lower public trust and higher legislature-court conflict.,current-federal-court,Current-style federal supreme court,emergencyReasonGivingRate,0.023,0.019,0.028,4250,cluster-bootstrap-runs-200-95
low-trust-conflict,Low-trust conflict,Lower public trust and higher legislature-court conflict.,current-federal-court,Current-style federal supreme court,emergencyVoteDisclosureRate,0.372,0.359,0.386,4250,cluster-bootstrap-runs-200-95
low-trust-conflict,Low-trust conflict,Lower public trust and higher legislature-court conflict.,current-federal-court,Current-style federal supreme court,emergencyPublicDisagreementRate,0.558,0.546,0.574,4250,cluster-bootstrap-runs-200-95
low-trust-conflict,Low-trust conflict,Lower public trust and higher legislature-court conflict.,current-federal-court,Current-style federal supreme court,governmentEmergencyWinRate,0.693,0.677,0.707,4250,cluster-bootstrap-runs-200-95
low-trust-conflict,Low-trust conflict,Lower public trust and higher legislature-court conflict.,current-federal-court,Current-style federal supreme court,meritsFollowUpRate,0.000,0.000,0.000,4250,cluster-bootstrap-runs-200-95
low-trust-conflict,Low-trust conflict,Lower public trust and higher legislature-court conflict.,current-federal-court,Current-style federal supreme court,meritsInvalidationRate,0.521,0.508,0.534,5350,cluster-bootstrap-runs-200-95
low-trust-conflict,Low-trust conflict,Lower public trust and higher legislature-court conflict.,current-federal-court,Current-style federal supreme court,constitutionalConflict,0.362,0.359,0.365,9600,cluster-bootstrap-runs-200-95
low-trust-conflict,Low-trust conflict,Lower public trust and higher legislature-court conflict.,current-federal-court,Current-style federal supreme court,democraticResponsiveness,0.392,0.390,0.395,9600,cluster-bootstrap-runs-200-95
low-trust-conflict,Low-trust conflict,Lower public trust and higher legislature-court conflict.,current-federal-court,Current-style federal supreme court,complianceRate,0.279,0.271,0.288,9600,cluster-bootstrap-runs-200-95
low-trust-conflict,Low-trust conflict,Lower public trust and higher legislature-court conflict.,current-federal-court,Current-style federal supreme court,publicTrust,0.007,0.007,0.008,9600,cluster-bootstrap-runs-200-95
low-trust-conflict,Low-trust conflict,Lower public trust and higher legislature-court conflict.,current-federal-court,Current-style federal supreme court,administrativeLoad,0.500,0.499,0.501,9600,cluster-bootstrap-runs-200-95
low-trust-conflict,Low-trust conflict,Lower public trust and higher legislature-court conflict.,current-federal-court,Current-style federal supreme court,directCourtCost,0.308,0.308,0.308,9600,cluster-bootstrap-runs-200-95
low-trust-conflict,Low-trust conflict,Lower public trust and higher legislature-court conflict.,current-federal-court,Current-style federal supreme court,upstreamScreeningCost,0.711,0.710,0.712,9600,cluster-bootstrap-runs-200-95
low-trust-conflict,Low-trust conflict,Lower public trust and higher legislature-court conflict.,current-federal-court,Current-style federal supreme court,capacityStrainCost,0.425,0.424,0.425,9600,cluster-bootstrap-runs-200-95
low-trust-conflict,Low-trust conflict,Lower public trust and higher legislature-court conflict.,current-federal-court,Current-style federal supreme court,institutionalBudgetCost,0.385,0.385,0.385,9600,cluster-bootstrap-runs-200-95
low-trust-conflict,Low-trust conflict,Lower public trust and higher legislature-court conflict.,current-federal-court,Current-style federal supreme court,institutionalDelayCost,0.442,0.441,0.443,9600,cluster-bootstrap-runs-200-95
low-trust-conflict,Low-trust conflict,Lower public trust and higher legislature-court conflict.,current-federal-court,Current-style federal supreme court,implementationComplexity,0.440,0.440,0.440,9600,cluster-bootstrap-runs-200-95
low-trust-conflict,Low-trust conflict,Lower public trust and higher legislature-court conflict.,current-federal-court,Current-style federal supreme court,totalInstitutionalCost,0.458,0.458,0.459,9600,cluster-bootstrap-runs-200-95
low-trust-conflict,Low-trust conflict,Lower public trust and higher legislature-court conflict.,eighteen-year-terms,Staggered 18-year nonrenewable terms,directionalScore,0.543,0.540,0.545,9600,cluster-bootstrap-runs-200-95
low-trust-conflict,Low-trust conflict,Lower public trust and higher legislature-court conflict.,eighteen-year-terms,Staggered 18-year nonrenewable terms,legalStability,0.790,0.787,0.793,9600,cluster-bootstrap-runs-200-95
low-trust-conflict,Low-trust conflict,Lower public trust and higher legislature-court conflict.,eighteen-year-terms,Staggered 18-year nonrenewable terms,rightsProtection,0.683,0.680,0.685,9600,cluster-bootstrap-runs-200-95
low-trust-conflict,Low-trust conflict,Lower public trust and higher legislature-court conflict.,eighteen-year-terms,Staggered 18-year nonrenewable terms,partisanAlignment,0.194,0.192,0.196,9600,cluster-bootstrap-runs-200-95
low-trust-conflict,Low-trust conflict,Lower public trust and higher legislature-court conflict.,eighteen-year-terms,Staggered 18-year nonrenewable terms,shadowDocketAbuse,0.361,0.351,0.369,9600,cluster-bootstrap-runs-200-95
low-trust-conflict,Low-trust conflict,Lower public trust and higher legislature-court conflict.,eighteen-year-terms,Staggered 18-year nonrenewable terms,legitimacy,0.529,0.527,0.531,9600,cluster-bootstrap-runs-200-95
low-trust-conflict,Low-trust conflict,Lower public trust and higher legislature-court conflict.,eighteen-year-terms,Staggered 18-year nonrenewable terms,reversalRate,0.270,0.263,0.279,9600,cluster-bootstrap-runs-200-95
low-trust-conflict,Low-trust conflict,Lower public trust and higher legislature-court conflict.,eighteen-year-terms,Staggered 18-year nonrenewable terms,reviewRate,1.000,1.000,1.000,9600,cluster-bootstrap-runs-200-95
low-trust-conflict,Low-trust conflict,Lower public trust and higher legislature-court conflict.,eighteen-year-terms,Staggered 18-year nonrenewable terms,intakeAcceptanceRate,0.022,0.022,0.022,440589,cluster-bootstrap-runs-200-95
low-trust-conflict,Low-trust conflict,Lower public trust and higher legislature-court conflict.,eighteen-year-terms,Staggered 18-year nonrenewable terms,emergencyReliefRate,0.669,0.656,0.684,4199,cluster-bootstrap-runs-200-95
low-trust-conflict,Low-trust conflict,Lower public trust and higher legislature-court conflict.,eighteen-year-terms,Staggered 18-year nonrenewable terms,emergencyReasonGivingRate,0.030,0.026,0.035,4199,cluster-bootstrap-runs-200-95
low-trust-conflict,Low-trust conflict,Lower public trust and higher legislature-court conflict.,eighteen-year-terms,Staggered 18-year nonrenewable terms,emergencyVoteDisclosureRate,0.386,0.371,0.401,4199,cluster-bootstrap-runs-200-95
low-trust-conflict,Low-trust conflict,Lower public trust and higher legislature-court conflict.,eighteen-year-terms,Staggered 18-year nonrenewable terms,emergencyPublicDisagreementRate,0.558,0.542,0.573,4199,cluster-bootstrap-runs-200-95
low-trust-conflict,Low-trust conflict,Lower public trust and higher legislature-court conflict.,eighteen-year-terms,Staggered 18-year nonrenewable terms,governmentEmergencyWinRate,0.657,0.642,0.673,4199,cluster-bootstrap-runs-200-95
low-trust-conflict,Low-trust conflict,Lower public trust and higher legislature-court conflict.,eighteen-year-terms,Staggered 18-year nonrenewable terms,meritsFollowUpRate,0.000,0.000,0.000,4199,cluster-bootstrap-runs-200-95
low-trust-conflict,Low-trust conflict,Lower public trust and higher legislature-court conflict.,eighteen-year-terms,Staggered 18-year nonrenewable terms,meritsInvalidationRate,0.481,0.469,0.492,5401,cluster-bootstrap-runs-200-95
low-trust-conflict,Low-trust conflict,Lower public trust and higher legislature-court conflict.,eighteen-year-terms,Staggered 18-year nonrenewable terms,constitutionalConflict,0.356,0.353,0.358,9600,cluster-bootstrap-runs-200-95
low-trust-conflict,Low-trust conflict,Lower public trust and higher legislature-court conflict.,eighteen-year-terms,Staggered 18-year nonrenewable terms,democraticResponsiveness,0.400,0.398,0.403,9600,cluster-bootstrap-runs-200-95
low-trust-conflict,Low-trust conflict,Lower public trust and higher legislature-court conflict.,eighteen-year-terms,Staggered 18-year nonrenewable terms,complianceRate,0.284,0.275,0.294,9600,cluster-bootstrap-runs-200-95
low-trust-conflict,Low-trust conflict,Lower public trust and higher legislature-court conflict.,eighteen-year-terms,Staggered 18-year nonrenewable terms,publicTrust,0.007,0.007,0.008,9600,cluster-bootstrap-runs-200-95
low-trust-conflict,Low-trust conflict,Lower public trust and higher legislature-court conflict.,eighteen-year-terms,Staggered 18-year nonrenewable terms,administrativeLoad,0.507,0.506,0.508,9600,cluster-bootstrap-runs-200-95
low-trust-conflict,Low-trust conflict,Lower public trust and higher legislature-court conflict.,eighteen-year-terms,Staggered 18-year nonrenewable terms,directCourtCost,0.312,0.312,0.312,9600,cluster-bootstrap-runs-200-95
low-trust-conflict,Low-trust conflict,Lower public trust and higher legislature-court conflict.,eighteen-year-terms,Staggered 18-year nonrenewable terms,upstreamScreeningCost,0.711,0.710,0.712,9600,cluster-bootstrap-runs-200-95
low-trust-conflict,Low-trust conflict,Lower public trust and higher legislature-court conflict.,eighteen-year-terms,Staggered 18-year nonrenewable terms,capacityStrainCost,0.439,0.438,0.439,9600,cluster-bootstrap-runs-200-95
low-trust-conflict,Low-trust conflict,Lower public trust and higher legislature-court conflict.,eighteen-year-terms,Staggered 18-year nonrenewable terms,institutionalBudgetCost,0.389,0.389,0.389,9600,cluster-bootstrap-runs-200-95
low-trust-conflict,Low-trust conflict,Lower public trust and higher legislature-court conflict.,eighteen-year-terms,Staggered 18-year nonrenewable terms,institutionalDelayCost,0.444,0.443,0.445,9600,cluster-bootstrap-runs-200-95
low-trust-conflict,Low-trust conflict,Lower public trust and higher legislature-court conflict.,eighteen-year-terms,Staggered 18-year nonrenewable terms,implementationComplexity,0.442,0.442,0.442,9600,cluster-bootstrap-runs-200-95
low-trust-conflict,Low-trust conflict,Lower public trust and higher legislature-court conflict.,eighteen-year-terms,Staggered 18-year nonrenewable terms,totalInstitutionalCost,0.463,0.463,0.463,9600,cluster-bootstrap-runs-200-95
low-trust-conflict,Low-trust conflict,Lower public trust and higher legislature-court conflict.,fifteen-justice-commission,Fifteen-justice supermajority commission court,directionalScore,0.637,0.635,0.640,9600,cluster-bootstrap-runs-200-95
low-trust-conflict,Low-trust conflict,Lower public trust and higher legislature-court conflict.,fifteen-justice-commission,Fifteen-justice supermajority commission court,legalStability,0.872,0.870,0.875,9600,cluster-bootstrap-runs-200-95
low-trust-conflict,Low-trust conflict,Lower public trust and higher legislature-court conflict.,fifteen-justice-commission,Fifteen-justice supermajority commission court,rightsProtection,0.729,0.728,0.731,9600,cluster-bootstrap-runs-200-95
low-trust-conflict,Low-trust conflict,Lower public trust and higher legislature-court conflict.,fifteen-justice-commission,Fifteen-justice supermajority commission court,partisanAlignment,0.161,0.159,0.163,9600,cluster-bootstrap-runs-200-95
low-trust-conflict,Low-trust conflict,Lower public trust and higher legislature-court conflict.,fifteen-justice-commission,Fifteen-justice supermajority commission court,shadowDocketAbuse,0.064,0.061,0.067,9600,cluster-bootstrap-runs-200-95
low-trust-conflict,Low-trust conflict,Lower public trust and higher legislature-court conflict.,fifteen-justice-commission,Fifteen-justice supermajority commission court,legitimacy,0.640,0.639,0.641,9600,cluster-bootstrap-runs-200-95
low-trust-conflict,Low-trust conflict,Lower public trust and higher legislature-court conflict.,fifteen-justice-commission,Fifteen-justice supermajority commission court,reversalRate,0.406,0.395,0.417,9600,cluster-bootstrap-runs-200-95
low-trust-conflict,Low-trust conflict,Lower public trust and higher legislature-court conflict.,fifteen-justice-commission,Fifteen-justice supermajority commission court,reviewRate,1.000,1.000,1.000,9600,cluster-bootstrap-runs-200-95
low-trust-conflict,Low-trust conflict,Lower public trust and higher legislature-court conflict.,fifteen-justice-commission,Fifteen-justice supermajority commission court,intakeAcceptanceRate,0.021,0.021,0.021,456697,cluster-bootstrap-runs-200-95
low-trust-conflict,Low-trust conflict,Lower public trust and higher legislature-court conflict.,fifteen-justice-commission,Fifteen-justice supermajority commission court,emergencyReliefRate,0.469,0.449,0.496,1653,cluster-bootstrap-runs-200-95
low-trust-conflict,Low-trust conflict,Lower public trust and higher legislature-court conflict.,fifteen-justice-commission,Fifteen-justice supermajority commission court,emergencyReasonGivingRate,0.666,0.646,0.690,1653,cluster-bootstrap-runs-200-95
low-trust-conflict,Low-trust conflict,Lower public trust and higher legislature-court conflict.,fifteen-justice-commission,Fifteen-justice supermajority commission court,emergencyVoteDisclosureRate,0.580,0.558,0.604,1653,cluster-bootstrap-runs-200-95
low-trust-conflict,Low-trust conflict,Lower public trust and higher legislature-court conflict.,fifteen-justice-commission,Fifteen-justice supermajority commission court,emergencyPublicDisagreementRate,0.280,0.259,0.299,1653,cluster-bootstrap-runs-200-95
low-trust-conflict,Low-trust conflict,Lower public trust and higher legislature-court conflict.,fifteen-justice-commission,Fifteen-justice supermajority commission court,governmentEmergencyWinRate,0.453,0.431,0.480,1653,cluster-bootstrap-runs-200-95
low-trust-conflict,Low-trust conflict,Lower public trust and higher legislature-court conflict.,fifteen-justice-commission,Fifteen-justice supermajority commission court,meritsFollowUpRate,0.272,0.254,0.290,1653,cluster-bootstrap-runs-200-95
low-trust-conflict,Low-trust conflict,Lower public trust and higher legislature-court conflict.,fifteen-justice-commission,Fifteen-justice supermajority commission court,meritsInvalidationRate,0.464,0.451,0.475,8397,cluster-bootstrap-runs-200-95
low-trust-conflict,Low-trust conflict,Lower public trust and higher legislature-court conflict.,fifteen-justice-commission,Fifteen-justice supermajority commission court,constitutionalConflict,0.274,0.272,0.276,9600,cluster-bootstrap-runs-200-95
low-trust-conflict,Low-trust conflict,Lower public trust and higher legislature-court conflict.,fifteen-justice-commission,Fifteen-justice supermajority commission court,democraticResponsiveness,0.442,0.440,0.444,9600,cluster-bootstrap-runs-200-95
low-trust-conflict,Low-trust conflict,Lower public trust and higher legislature-court conflict.,fifteen-justice-commission,Fifteen-justice supermajority commission court,complianceRate,0.345,0.335,0.355,9600,cluster-bootstrap-runs-200-95
low-trust-conflict,Low-trust conflict,Lower public trust and higher legislature-court conflict.,fifteen-justice-commission,Fifteen-justice supermajority commission court,publicTrust,0.012,0.011,0.013,9600,cluster-bootstrap-runs-200-95
low-trust-conflict,Low-trust conflict,Lower public trust and higher legislature-court conflict.,fifteen-justice-commission,Fifteen-justice supermajority commission court,administrativeLoad,0.493,0.492,0.494,9600,cluster-bootstrap-runs-200-95
low-trust-conflict,Low-trust conflict,Lower public trust and higher legislature-court conflict.,fifteen-justice-commission,Fifteen-justice supermajority commission court,directCourtCost,0.365,0.365,0.365,9600,cluster-bootstrap-runs-200-95
low-trust-conflict,Low-trust conflict,Lower public trust and higher legislature-court conflict.,fifteen-justice-commission,Fifteen-justice supermajority commission court,upstreamScreeningCost,0.713,0.712,0.714,9600,cluster-bootstrap-runs-200-95
low-trust-conflict,Low-trust conflict,Lower public trust and higher legislature-court conflict.,fifteen-justice-commission,Fifteen-justice supermajority commission court,capacityStrainCost,0.427,0.427,0.428,9600,cluster-bootstrap-runs-200-95
low-trust-conflict,Low-trust conflict,Lower public trust and higher legislature-court conflict.,fifteen-justice-commission,Fifteen-justice supermajority commission court,institutionalBudgetCost,0.443,0.443,0.444,9600,cluster-bootstrap-runs-200-95
low-trust-conflict,Low-trust conflict,Lower public trust and higher legislature-court conflict.,fifteen-justice-commission,Fifteen-justice supermajority commission court,institutionalDelayCost,0.450,0.449,0.451,9600,cluster-bootstrap-runs-200-95
low-trust-conflict,Low-trust conflict,Lower public trust and higher legislature-court conflict.,fifteen-justice-commission,Fifteen-justice supermajority commission court,implementationComplexity,0.460,0.460,0.460,9600,cluster-bootstrap-runs-200-95
low-trust-conflict,Low-trust conflict,Lower public trust and higher legislature-court conflict.,fifteen-justice-commission,Fifteen-justice supermajority commission court,totalInstitutionalCost,0.479,0.478,0.479,9600,cluster-bootstrap-runs-200-95
low-trust-conflict,Low-trust conflict,Lower public trust and higher legislature-court conflict.,supermajority-invalidation,Supermajority required to invalidate laws,directionalScore,0.628,0.625,0.632,9600,cluster-bootstrap-runs-200-95
low-trust-conflict,Low-trust conflict,Lower public trust and higher legislature-court conflict.,supermajority-invalidation,Supermajority required to invalidate laws,legalStability,0.885,0.883,0.887,9600,cluster-bootstrap-runs-200-95
low-trust-conflict,Low-trust conflict,Lower public trust and higher legislature-court conflict.,supermajority-invalidation,Supermajority required to invalidate laws,rightsProtection,0.727,0.726,0.729,9600,cluster-bootstrap-runs-200-95
low-trust-conflict,Low-trust conflict,Lower public trust and higher legislature-court conflict.,supermajority-invalidation,Supermajority required to invalidate laws,partisanAlignment,0.176,0.174,0.178,9600,cluster-bootstrap-runs-200-95
low-trust-conflict,Low-trust conflict,Lower public trust and higher legislature-court conflict.,supermajority-invalidation,Supermajority required to invalidate laws,shadowDocketAbuse,0.065,0.062,0.069,9600,cluster-bootstrap-runs-200-95
low-trust-conflict,Low-trust conflict,Lower public trust and higher legislature-court conflict.,supermajority-invalidation,Supermajority required to invalidate laws,legitimacy,0.619,0.617,0.620,9600,cluster-bootstrap-runs-200-95
low-trust-conflict,Low-trust conflict,Lower public trust and higher legislature-court conflict.,supermajority-invalidation,Supermajority required to invalidate laws,reversalRate,0.374,0.366,0.384,9600,cluster-bootstrap-runs-200-95
low-trust-conflict,Low-trust conflict,Lower public trust and higher legislature-court conflict.,supermajority-invalidation,Supermajority required to invalidate laws,reviewRate,1.000,1.000,1.000,9600,cluster-bootstrap-runs-200-95
low-trust-conflict,Low-trust conflict,Lower public trust and higher legislature-court conflict.,supermajority-invalidation,Supermajority required to invalidate laws,intakeAcceptanceRate,0.021,0.021,0.021,457005,cluster-bootstrap-runs-200-95
low-trust-conflict,Low-trust conflict,Lower public trust and higher legislature-court conflict.,supermajority-invalidation,Supermajority required to invalidate laws,emergencyReliefRate,0.512,0.487,0.539,1603,cluster-bootstrap-runs-200-95
low-trust-conflict,Low-trust conflict,Lower public trust and higher legislature-court conflict.,supermajority-invalidation,Supermajority required to invalidate laws,emergencyReasonGivingRate,0.636,0.611,0.667,1603,cluster-bootstrap-runs-200-95
low-trust-conflict,Low-trust conflict,Lower public trust and higher legislature-court conflict.,supermajority-invalidation,Supermajority required to invalidate laws,emergencyVoteDisclosureRate,0.522,0.496,0.552,1603,cluster-bootstrap-runs-200-95
low-trust-conflict,Low-trust conflict,Lower public trust and higher legislature-court conflict.,supermajority-invalidation,Supermajority required to invalidate laws,emergencyPublicDisagreementRate,0.299,0.274,0.321,1603,cluster-bootstrap-runs-200-95
low-trust-conflict,Low-trust conflict,Lower public trust and higher legislature-court conflict.,supermajority-invalidation,Supermajority required to invalidate laws,governmentEmergencyWinRate,0.484,0.462,0.510,1603,cluster-bootstrap-runs-200-95
low-trust-conflict,Low-trust conflict,Lower public trust and higher legislature-court conflict.,supermajority-invalidation,Supermajority required to invalidate laws,meritsFollowUpRate,0.267,0.247,0.288,1603,cluster-bootstrap-runs-200-95
low-trust-conflict,Low-trust conflict,Lower public trust and higher legislature-court conflict.,supermajority-invalidation,Supermajority required to invalidate laws,meritsInvalidationRate,0.426,0.418,0.436,8425,cluster-bootstrap-runs-200-95
low-trust-conflict,Low-trust conflict,Lower public trust and higher legislature-court conflict.,supermajority-invalidation,Supermajority required to invalidate laws,constitutionalConflict,0.271,0.270,0.273,9600,cluster-bootstrap-runs-200-95
low-trust-conflict,Low-trust conflict,Lower public trust and higher legislature-court conflict.,supermajority-invalidation,Supermajority required to invalidate laws,democraticResponsiveness,0.440,0.437,0.441,9600,cluster-bootstrap-runs-200-95
low-trust-conflict,Low-trust conflict,Lower public trust and higher legislature-court conflict.,supermajority-invalidation,Supermajority required to invalidate laws,complianceRate,0.339,0.330,0.348,9600,cluster-bootstrap-runs-200-95
low-trust-conflict,Low-trust conflict,Lower public trust and higher legislature-court conflict.,supermajority-invalidation,Supermajority required to invalidate laws,publicTrust,0.011,0.011,0.012,9600,cluster-bootstrap-runs-200-95
low-trust-conflict,Low-trust conflict,Lower public trust and higher legislature-court conflict.,supermajority-invalidation,Supermajority required to invalidate laws,administrativeLoad,0.472,0.471,0.473,9600,cluster-bootstrap-runs-200-95
low-trust-conflict,Low-trust conflict,Lower public trust and higher legislature-court conflict.,supermajority-invalidation,Supermajority required to invalidate laws,directCourtCost,0.306,0.306,0.306,9600,cluster-bootstrap-runs-200-95
low-trust-conflict,Low-trust conflict,Lower public trust and higher legislature-court conflict.,supermajority-invalidation,Supermajority required to invalidate laws,upstreamScreeningCost,0.713,0.712,0.714,9600,cluster-bootstrap-runs-200-95
low-trust-conflict,Low-trust conflict,Lower public trust and higher legislature-court conflict.,supermajority-invalidation,Supermajority required to invalidate laws,capacityStrainCost,0.405,0.405,0.406,9600,cluster-bootstrap-runs-200-95
low-trust-conflict,Low-trust conflict,Lower public trust and higher legislature-court conflict.,supermajority-invalidation,Supermajority required to invalidate laws,institutionalBudgetCost,0.384,0.384,0.384,9600,cluster-bootstrap-runs-200-95
low-trust-conflict,Low-trust conflict,Lower public trust and higher legislature-court conflict.,supermajority-invalidation,Supermajority required to invalidate laws,institutionalDelayCost,0.448,0.447,0.448,9600,cluster-bootstrap-runs-200-95
low-trust-conflict,Low-trust conflict,Lower public trust and higher legislature-court conflict.,supermajority-invalidation,Supermajority required to invalidate laws,implementationComplexity,0.496,0.496,0.497,9600,cluster-bootstrap-runs-200-95
low-trust-conflict,Low-trust conflict,Lower public trust and higher legislature-court conflict.,supermajority-invalidation,Supermajority required to invalidate laws,totalInstitutionalCost,0.465,0.465,0.465,9600,cluster-bootstrap-runs-200-95
low-trust-conflict,Low-trust conflict,Lower public trust and higher legislature-court conflict.,strict-recusal-court,Strict recusal with substitute justices,directionalScore,0.646,0.643,0.649,9600,cluster-bootstrap-runs-200-95
low-trust-conflict,Low-trust conflict,Lower public trust and higher legislature-court conflict.,strict-recusal-court,Strict recusal with substitute justices,legalStability,0.874,0.872,0.877,9600,cluster-bootstrap-runs-200-95
low-trust-conflict,Low-trust conflict,Lower public trust and higher legislature-court conflict.,strict-recusal-court,Strict recusal with substitute justices,rightsProtection,0.730,0.729,0.732,9600,cluster-bootstrap-runs-200-95
low-trust-conflict,Low-trust conflict,Lower public trust and higher legislature-court conflict.,strict-recusal-court,Strict recusal with substitute justices,partisanAlignment,0.160,0.158,0.162,9600,cluster-bootstrap-runs-200-95
low-trust-conflict,Low-trust conflict,Lower public trust and higher legislature-court conflict.,strict-recusal-court,Strict recusal with substitute justices,shadowDocketAbuse,0.061,0.058,0.065,9600,cluster-bootstrap-runs-200-95
low-trust-conflict,Low-trust conflict,Lower public trust and higher legislature-court conflict.,strict-recusal-court,Strict recusal with substitute justices,legitimacy,0.660,0.659,0.661,9600,cluster-bootstrap-runs-200-95
low-trust-conflict,Low-trust conflict,Lower public trust and higher legislature-court conflict.,strict-recusal-court,Strict recusal with substitute justices,reversalRate,0.391,0.382,0.399,9600,cluster-bootstrap-runs-200-95
low-trust-conflict,Low-trust conflict,Lower public trust and higher legislature-court conflict.,strict-recusal-court,Strict recusal with substitute justices,reviewRate,1.000,1.000,1.000,9600,cluster-bootstrap-runs-200-95
low-trust-conflict,Low-trust conflict,Lower public trust and higher legislature-court conflict.,strict-recusal-court,Strict recusal with substitute justices,intakeAcceptanceRate,0.021,0.021,0.021,456872,cluster-bootstrap-runs-200-95
low-trust-conflict,Low-trust conflict,Lower public trust and higher legislature-court conflict.,strict-recusal-court,Strict recusal with substitute justices,emergencyReliefRate,0.462,0.438,0.484,1612,cluster-bootstrap-runs-200-95
low-trust-conflict,Low-trust conflict,Lower public trust and higher legislature-court conflict.,strict-recusal-court,Strict recusal with substitute justices,emergencyReasonGivingRate,0.703,0.678,0.725,1612,cluster-bootstrap-runs-200-95
low-trust-conflict,Low-trust conflict,Lower public trust and higher legislature-court conflict.,strict-recusal-court,Strict recusal with substitute justices,emergencyVoteDisclosureRate,0.645,0.624,0.668,1612,cluster-bootstrap-runs-200-95
low-trust-conflict,Low-trust conflict,Lower public trust and higher legislature-court conflict.,strict-recusal-court,Strict recusal with substitute justices,emergencyPublicDisagreementRate,0.279,0.261,0.301,1612,cluster-bootstrap-runs-200-95
low-trust-conflict,Low-trust conflict,Lower public trust and higher legislature-court conflict.,strict-recusal-court,Strict recusal with substitute justices,governmentEmergencyWinRate,0.438,0.411,0.462,1612,cluster-bootstrap-runs-200-95
low-trust-conflict,Low-trust conflict,Lower public trust and higher legislature-court conflict.,strict-recusal-court,Strict recusal with substitute justices,meritsFollowUpRate,0.272,0.252,0.290,1612,cluster-bootstrap-runs-200-95
low-trust-conflict,Low-trust conflict,Lower public trust and higher legislature-court conflict.,strict-recusal-court,Strict recusal with substitute justices,meritsInvalidationRate,0.445,0.436,0.454,8426,cluster-bootstrap-runs-200-95
low-trust-conflict,Low-trust conflict,Lower public trust and higher legislature-court conflict.,strict-recusal-court,Strict recusal with substitute justices,constitutionalConflict,0.271,0.269,0.272,9600,cluster-bootstrap-runs-200-95
low-trust-conflict,Low-trust conflict,Lower public trust and higher legislature-court conflict.,strict-recusal-court,Strict recusal with substitute justices,democraticResponsiveness,0.444,0.442,0.446,9600,cluster-bootstrap-runs-200-95
low-trust-conflict,Low-trust conflict,Lower public trust and higher legislature-court conflict.,strict-recusal-court,Strict recusal with substitute justices,complianceRate,0.348,0.338,0.356,9600,cluster-bootstrap-runs-200-95
low-trust-conflict,Low-trust conflict,Lower public trust and higher legislature-court conflict.,strict-recusal-court,Strict recusal with substitute justices,publicTrust,0.012,0.012,0.014,9600,cluster-bootstrap-runs-200-95
low-trust-conflict,Low-trust conflict,Lower public trust and higher legislature-court conflict.,strict-recusal-court,Strict recusal with substitute justices,administrativeLoad,0.493,0.492,0.494,9600,cluster-bootstrap-runs-200-95
low-trust-conflict,Low-trust conflict,Lower public trust and higher legislature-court conflict.,strict-recusal-court,Strict recusal with substitute justices,directCourtCost,0.364,0.364,0.364,9600,cluster-bootstrap-runs-200-95
low-trust-conflict,Low-trust conflict,Lower public trust and higher legislature-court conflict.,strict-recusal-court,Strict recusal with substitute justices,upstreamScreeningCost,0.713,0.712,0.714,9600,cluster-bootstrap-runs-200-95
low-trust-conflict,Low-trust conflict,Lower public trust and higher legislature-court conflict.,strict-recusal-court,Strict recusal with substitute justices,capacityStrainCost,0.427,0.427,0.428,9600,cluster-bootstrap-runs-200-95
low-trust-conflict,Low-trust conflict,Lower public trust and higher legislature-court conflict.,strict-recusal-court,Strict recusal with substitute justices,institutionalBudgetCost,0.442,0.442,0.443,9600,cluster-bootstrap-runs-200-95
low-trust-conflict,Low-trust conflict,Lower public trust and higher legislature-court conflict.,strict-recusal-court,Strict recusal with substitute justices,institutionalDelayCost,0.450,0.449,0.451,9600,cluster-bootstrap-runs-200-95
low-trust-conflict,Low-trust conflict,Lower public trust and higher legislature-court conflict.,strict-recusal-court,Strict recusal with substitute justices,implementationComplexity,0.494,0.494,0.494,9600,cluster-bootstrap-runs-200-95
low-trust-conflict,Low-trust conflict,Lower public trust and higher legislature-court conflict.,strict-recusal-court,Strict recusal with substitute justices,totalInstitutionalCost,0.484,0.484,0.484,9600,cluster-bootstrap-runs-200-95
low-trust-conflict,Low-trust conflict,Lower public trust and higher legislature-court conflict.,reasoned-emergency-review,Reasoned emergency orders with merits follow-up,directionalScore,0.655,0.652,0.658,9600,cluster-bootstrap-runs-200-95
low-trust-conflict,Low-trust conflict,Lower public trust and higher legislature-court conflict.,reasoned-emergency-review,Reasoned emergency orders with merits follow-up,legalStability,0.877,0.875,0.880,9600,cluster-bootstrap-runs-200-95
low-trust-conflict,Low-trust conflict,Lower public trust and higher legislature-court conflict.,reasoned-emergency-review,Reasoned emergency orders with merits follow-up,rightsProtection,0.730,0.729,0.732,9600,cluster-bootstrap-runs-200-95
low-trust-conflict,Low-trust conflict,Lower public trust and higher legislature-court conflict.,reasoned-emergency-review,Reasoned emergency orders with merits follow-up,partisanAlignment,0.177,0.175,0.180,9600,cluster-bootstrap-runs-200-95
low-trust-conflict,Low-trust conflict,Lower public trust and higher legislature-court conflict.,reasoned-emergency-review,Reasoned emergency orders with merits follow-up,shadowDocketAbuse,0.003,0.003,0.003,9600,cluster-bootstrap-runs-200-95
low-trust-conflict,Low-trust conflict,Lower public trust and higher legislature-court conflict.,reasoned-emergency-review,Reasoned emergency orders with merits follow-up,legitimacy,0.674,0.673,0.675,9600,cluster-bootstrap-runs-200-95
low-trust-conflict,Low-trust conflict,Lower public trust and higher legislature-court conflict.,reasoned-emergency-review,Reasoned emergency orders with merits follow-up,reversalRate,0.492,0.481,0.502,9600,cluster-bootstrap-runs-200-95
low-trust-conflict,Low-trust conflict,Lower public trust and higher legislature-court conflict.,reasoned-emergency-review,Reasoned emergency orders with merits follow-up,reviewRate,1.000,1.000,1.000,9600,cluster-bootstrap-runs-200-95
low-trust-conflict,Low-trust conflict,Lower public trust and higher legislature-court conflict.,reasoned-emergency-review,Reasoned emergency orders with merits follow-up,intakeAcceptanceRate,0.021,0.021,0.021,460284,cluster-bootstrap-runs-200-95
low-trust-conflict,Low-trust conflict,Lower public trust and higher legislature-court conflict.,reasoned-emergency-review,Reasoned emergency orders with merits follow-up,emergencyReliefRate,0.501,0.479,0.528,1090,cluster-bootstrap-runs-200-95
low-trust-conflict,Low-trust conflict,Lower public trust and higher legislature-court conflict.,reasoned-emergency-review,Reasoned emergency orders with merits follow-up,emergencyReasonGivingRate,0.862,0.841,0.881,1090,cluster-bootstrap-runs-200-95
low-trust-conflict,Low-trust conflict,Lower public trust and higher legislature-court conflict.,reasoned-emergency-review,Reasoned emergency orders with merits follow-up,emergencyVoteDisclosureRate,0.683,0.658,0.708,1090,cluster-bootstrap-runs-200-95
low-trust-conflict,Low-trust conflict,Lower public trust and higher legislature-court conflict.,reasoned-emergency-review,Reasoned emergency orders with merits follow-up,emergencyPublicDisagreementRate,0.135,0.114,0.155,1090,cluster-bootstrap-runs-200-95
low-trust-conflict,Low-trust conflict,Lower public trust and higher legislature-court conflict.,reasoned-emergency-review,Reasoned emergency orders with merits follow-up,governmentEmergencyWinRate,0.482,0.456,0.510,1090,cluster-bootstrap-runs-200-95
low-trust-conflict,Low-trust conflict,Lower public trust and higher legislature-court conflict.,reasoned-emergency-review,Reasoned emergency orders with merits follow-up,meritsFollowUpRate,1.000,1.000,1.000,1090,cluster-bootstrap-runs-200-95
low-trust-conflict,Low-trust conflict,Lower public trust and higher legislature-court conflict.,reasoned-emergency-review,Reasoned emergency orders with merits follow-up,meritsInvalidationRate,0.492,0.481,0.502,9600,cluster-bootstrap-runs-200-95
low-trust-conflict,Low-trust conflict,Lower public trust and higher legislature-court conflict.,reasoned-emergency-review,Reasoned emergency orders with merits follow-up,constitutionalConflict,0.265,0.263,0.267,9600,cluster-bootstrap-runs-200-95
low-trust-conflict,Low-trust conflict,Lower public trust and higher legislature-court conflict.,reasoned-emergency-review,Reasoned emergency orders with merits follow-up,democraticResponsiveness,0.444,0.443,0.446,9600,cluster-bootstrap-runs-200-95
low-trust-conflict,Low-trust conflict,Lower public trust and higher legislature-court conflict.,reasoned-emergency-review,Reasoned emergency orders with merits follow-up,complianceRate,0.371,0.359,0.381,9600,cluster-bootstrap-runs-200-95
low-trust-conflict,Low-trust conflict,Lower public trust and higher legislature-court conflict.,reasoned-emergency-review,Reasoned emergency orders with merits follow-up,publicTrust,0.013,0.011,0.014,9600,cluster-bootstrap-runs-200-95
low-trust-conflict,Low-trust conflict,Lower public trust and higher legislature-court conflict.,reasoned-emergency-review,Reasoned emergency orders with merits follow-up,administrativeLoad,0.480,0.479,0.481,9600,cluster-bootstrap-runs-200-95
low-trust-conflict,Low-trust conflict,Lower public trust and higher legislature-court conflict.,reasoned-emergency-review,Reasoned emergency orders with merits follow-up,directCourtCost,0.311,0.311,0.311,9600,cluster-bootstrap-runs-200-95
low-trust-conflict,Low-trust conflict,Lower public trust and higher legislature-court conflict.,reasoned-emergency-review,Reasoned emergency orders with merits follow-up,upstreamScreeningCost,0.714,0.713,0.714,9600,cluster-bootstrap-runs-200-95
low-trust-conflict,Low-trust conflict,Lower public trust and higher legislature-court conflict.,reasoned-emergency-review,Reasoned emergency orders with merits follow-up,capacityStrainCost,0.416,0.416,0.417,9600,cluster-bootstrap-runs-200-95
low-trust-conflict,Low-trust conflict,Lower public trust and higher legislature-court conflict.,reasoned-emergency-review,Reasoned emergency orders with merits follow-up,institutionalBudgetCost,0.389,0.389,0.389,9600,cluster-bootstrap-runs-200-95
low-trust-conflict,Low-trust conflict,Lower public trust and higher legislature-court conflict.,reasoned-emergency-review,Reasoned emergency orders with merits follow-up,institutionalDelayCost,0.450,0.450,0.451,9600,cluster-bootstrap-runs-200-95
low-trust-conflict,Low-trust conflict,Lower public trust and higher legislature-court conflict.,reasoned-emergency-review,Reasoned emergency orders with merits follow-up,implementationComplexity,0.491,0.491,0.492,9600,cluster-bootstrap-runs-200-95
low-trust-conflict,Low-trust conflict,Lower public trust and higher legislature-court conflict.,reasoned-emergency-review,Reasoned emergency orders with merits follow-up,totalInstitutionalCost,0.468,0.468,0.469,9600,cluster-bootstrap-runs-200-95
low-trust-conflict,Low-trust conflict,Lower public trust and higher legislature-court conflict.,panel-en-banc-review,Panel review with en banc safety valve,directionalScore,0.630,0.627,0.633,9600,cluster-bootstrap-runs-200-95
low-trust-conflict,Low-trust conflict,Lower public trust and higher legislature-court conflict.,panel-en-banc-review,Panel review with en banc safety valve,legalStability,0.867,0.865,0.870,9600,cluster-bootstrap-runs-200-95
low-trust-conflict,Low-trust conflict,Lower public trust and higher legislature-court conflict.,panel-en-banc-review,Panel review with en banc safety valve,rightsProtection,0.729,0.727,0.730,9600,cluster-bootstrap-runs-200-95
low-trust-conflict,Low-trust conflict,Lower public trust and higher legislature-court conflict.,panel-en-banc-review,Panel review with en banc safety valve,partisanAlignment,0.160,0.157,0.162,9600,cluster-bootstrap-runs-200-95
low-trust-conflict,Low-trust conflict,Lower public trust and higher legislature-court conflict.,panel-en-banc-review,Panel review with en banc safety valve,shadowDocketAbuse,0.063,0.060,0.066,9600,cluster-bootstrap-runs-200-95
low-trust-conflict,Low-trust conflict,Lower public trust and higher legislature-court conflict.,panel-en-banc-review,Panel review with en banc safety valve,legitimacy,0.652,0.651,0.653,9600,cluster-bootstrap-runs-200-95
low-trust-conflict,Low-trust conflict,Lower public trust and higher legislature-court conflict.,panel-en-banc-review,Panel review with en banc safety valve,reversalRate,0.412,0.403,0.424,9600,cluster-bootstrap-runs-200-95
low-trust-conflict,Low-trust conflict,Lower public trust and higher legislature-court conflict.,panel-en-banc-review,Panel review with en banc safety valve,reviewRate,1.000,1.000,1.000,9600,cluster-bootstrap-runs-200-95
low-trust-conflict,Low-trust conflict,Lower public trust and higher legislature-court conflict.,panel-en-banc-review,Panel review with en banc safety valve,intakeAcceptanceRate,0.021,0.021,0.021,456700,cluster-bootstrap-runs-200-95
low-trust-conflict,Low-trust conflict,Lower public trust and higher legislature-court conflict.,panel-en-banc-review,Panel review with en banc safety valve,emergencyReliefRate,0.480,0.461,0.499,1643,cluster-bootstrap-runs-200-95
low-trust-conflict,Low-trust conflict,Lower public trust and higher legislature-court conflict.,panel-en-banc-review,Panel review with en banc safety valve,emergencyReasonGivingRate,0.696,0.672,0.719,1643,cluster-bootstrap-runs-200-95
low-trust-conflict,Low-trust conflict,Lower public trust and higher legislature-court conflict.,panel-en-banc-review,Panel review with en banc safety valve,emergencyVoteDisclosureRate,0.640,0.615,0.657,1643,cluster-bootstrap-runs-200-95
low-trust-conflict,Low-trust conflict,Lower public trust and higher legislature-court conflict.,panel-en-banc-review,Panel review with en banc safety valve,emergencyPublicDisagreementRate,0.269,0.251,0.291,1643,cluster-bootstrap-runs-200-95
low-trust-conflict,Low-trust conflict,Lower public trust and higher legislature-court conflict.,panel-en-banc-review,Panel review with en banc safety valve,governmentEmergencyWinRate,0.460,0.436,0.481,1643,cluster-bootstrap-runs-200-95
low-trust-conflict,Low-trust conflict,Lower public trust and higher legislature-court conflict.,panel-en-banc-review,Panel review with en banc safety valve,meritsFollowUpRate,0.276,0.254,0.294,1643,cluster-bootstrap-runs-200-95
low-trust-conflict,Low-trust conflict,Lower public trust and higher legislature-court conflict.,panel-en-banc-review,Panel review with en banc safety valve,meritsInvalidationRate,0.470,0.460,0.482,8410,cluster-bootstrap-runs-200-95
low-trust-conflict,Low-trust conflict,Lower public trust and higher legislature-court conflict.,panel-en-banc-review,Panel review with en banc safety valve,constitutionalConflict,0.274,0.272,0.276,9600,cluster-bootstrap-runs-200-95
low-trust-conflict,Low-trust conflict,Lower public trust and higher legislature-court conflict.,panel-en-banc-review,Panel review with en banc safety valve,democraticResponsiveness,0.443,0.441,0.444,9600,cluster-bootstrap-runs-200-95
low-trust-conflict,Low-trust conflict,Lower public trust and higher legislature-court conflict.,panel-en-banc-review,Panel review with en banc safety valve,complianceRate,0.340,0.329,0.349,9600,cluster-bootstrap-runs-200-95
low-trust-conflict,Low-trust conflict,Lower public trust and higher legislature-court conflict.,panel-en-banc-review,Panel review with en banc safety valve,publicTrust,0.011,0.011,0.012,9600,cluster-bootstrap-runs-200-95
low-trust-conflict,Low-trust conflict,Lower public trust and higher legislature-court conflict.,panel-en-banc-review,Panel review with en banc safety valve,administrativeLoad,0.707,0.705,0.709,9600,cluster-bootstrap-runs-200-95
low-trust-conflict,Low-trust conflict,Lower public trust and higher legislature-court conflict.,panel-en-banc-review,Panel review with en banc safety valve,directCourtCost,0.439,0.439,0.439,9600,cluster-bootstrap-runs-200-95
low-trust-conflict,Low-trust conflict,Lower public trust and higher legislature-court conflict.,panel-en-banc-review,Panel review with en banc safety valve,upstreamScreeningCost,0.713,0.712,0.714,9600,cluster-bootstrap-runs-200-95
low-trust-conflict,Low-trust conflict,Lower public trust and higher legislature-court conflict.,panel-en-banc-review,Panel review with en banc safety valve,capacityStrainCost,0.466,0.465,0.467,9600,cluster-bootstrap-runs-200-95
low-trust-conflict,Low-trust conflict,Lower public trust and higher legislature-court conflict.,panel-en-banc-review,Panel review with en banc safety valve,institutionalBudgetCost,0.513,0.512,0.513,9600,cluster-bootstrap-runs-200-95
low-trust-conflict,Low-trust conflict,Lower public trust and higher legislature-court conflict.,panel-en-banc-review,Panel review with en banc safety valve,institutionalDelayCost,0.528,0.527,0.529,9600,cluster-bootstrap-runs-200-95
low-trust-conflict,Low-trust conflict,Lower public trust and higher legislature-court conflict.,panel-en-banc-review,Panel review with en banc safety valve,implementationComplexity,0.489,0.488,0.489,9600,cluster-bootstrap-runs-200-95
low-trust-conflict,Low-trust conflict,Lower public trust and higher legislature-court conflict.,panel-en-banc-review,Panel review with en banc safety valve,totalInstitutionalCost,0.524,0.523,0.524,9600,cluster-bootstrap-runs-200-95
low-trust-conflict,Low-trust conflict,Lower public trust and higher legislature-court conflict.,dual-cross-checking-courts,Dual supreme courts with cross-checking invalidations,directionalScore,0.660,0.657,0.663,9600,cluster-bootstrap-runs-200-95
low-trust-conflict,Low-trust conflict,Lower public trust and higher legislature-court conflict.,dual-cross-checking-courts,Dual supreme courts with cross-checking invalidations,legalStability,0.903,0.901,0.905,9600,cluster-bootstrap-runs-200-95
low-trust-conflict,Low-trust conflict,Lower public trust and higher legislature-court conflict.,dual-cross-checking-courts,Dual supreme courts with cross-checking invalidations,rightsProtection,0.740,0.739,0.742,9600,cluster-bootstrap-runs-200-95
low-trust-conflict,Low-trust conflict,Lower public trust and higher legislature-court conflict.,dual-cross-checking-courts,Dual supreme courts with cross-checking invalidations,partisanAlignment,0.145,0.143,0.147,9600,cluster-bootstrap-runs-200-95
low-trust-conflict,Low-trust conflict,Lower public trust and higher legislature-court conflict.,dual-cross-checking-courts,Dual supreme courts with cross-checking invalidations,shadowDocketAbuse,0.003,0.003,0.003,9600,cluster-bootstrap-runs-200-95
low-trust-conflict,Low-trust conflict,Lower public trust and higher legislature-court conflict.,dual-cross-checking-courts,Dual supreme courts with cross-checking invalidations,legitimacy,0.683,0.682,0.684,9600,cluster-bootstrap-runs-200-95
low-trust-conflict,Low-trust conflict,Lower public trust and higher legislature-court conflict.,dual-cross-checking-courts,Dual supreme courts with cross-checking invalidations,reversalRate,0.368,0.360,0.378,9600,cluster-bootstrap-runs-200-95
low-trust-conflict,Low-trust conflict,Lower public trust and higher legislature-court conflict.,dual-cross-checking-courts,Dual supreme courts with cross-checking invalidations,reviewRate,1.000,1.000,1.000,9600,cluster-bootstrap-runs-200-95
low-trust-conflict,Low-trust conflict,Lower public trust and higher legislature-court conflict.,dual-cross-checking-courts,Dual supreme courts with cross-checking invalidations,intakeAcceptanceRate,0.021,0.021,0.021,462138,cluster-bootstrap-runs-200-95
low-trust-conflict,Low-trust conflict,Lower public trust and higher legislature-court conflict.,dual-cross-checking-courts,Dual supreme courts with cross-checking invalidations,emergencyReliefRate,0.350,0.317,0.382,780,cluster-bootstrap-runs-200-95
low-trust-conflict,Low-trust conflict,Lower public trust and higher legislature-court conflict.,dual-cross-checking-courts,Dual supreme courts with cross-checking invalidations,emergencyReasonGivingRate,0.874,0.852,0.897,780,cluster-bootstrap-runs-200-95
low-trust-conflict,Low-trust conflict,Lower public trust and higher legislature-court conflict.,dual-cross-checking-courts,Dual supreme courts with cross-checking invalidations,emergencyVoteDisclosureRate,0.718,0.692,0.749,780,cluster-bootstrap-runs-200-95
low-trust-conflict,Low-trust conflict,Lower public trust and higher legislature-court conflict.,dual-cross-checking-courts,Dual supreme courts with cross-checking invalidations,emergencyPublicDisagreementRate,0.124,0.105,0.148,780,cluster-bootstrap-runs-200-95
low-trust-conflict,Low-trust conflict,Lower public trust and higher legislature-court conflict.,dual-cross-checking-courts,Dual supreme courts with cross-checking invalidations,governmentEmergencyWinRate,0.323,0.286,0.356,780,cluster-bootstrap-runs-200-95
low-trust-conflict,Low-trust conflict,Lower public trust and higher legislature-court conflict.,dual-cross-checking-courts,Dual supreme courts with cross-checking invalidations,meritsFollowUpRate,1.000,1.000,1.000,780,cluster-bootstrap-runs-200-95
low-trust-conflict,Low-trust conflict,Lower public trust and higher legislature-court conflict.,dual-cross-checking-courts,Dual supreme courts with cross-checking invalidations,meritsInvalidationRate,0.368,0.360,0.378,9600,cluster-bootstrap-runs-200-95
low-trust-conflict,Low-trust conflict,Lower public trust and higher legislature-court conflict.,dual-cross-checking-courts,Dual supreme courts with cross-checking invalidations,constitutionalConflict,0.269,0.267,0.270,9600,cluster-bootstrap-runs-200-95
low-trust-conflict,Low-trust conflict,Lower public trust and higher legislature-court conflict.,dual-cross-checking-courts,Dual supreme courts with cross-checking invalidations,democraticResponsiveness,0.452,0.450,0.453,9600,cluster-bootstrap-runs-200-95
low-trust-conflict,Low-trust conflict,Lower public trust and higher legislature-court conflict.,dual-cross-checking-courts,Dual supreme courts with cross-checking invalidations,complianceRate,0.369,0.360,0.377,9600,cluster-bootstrap-runs-200-95
low-trust-conflict,Low-trust conflict,Lower public trust and higher legislature-court conflict.,dual-cross-checking-courts,Dual supreme courts with cross-checking invalidations,publicTrust,0.015,0.013,0.016,9600,cluster-bootstrap-runs-200-95
low-trust-conflict,Low-trust conflict,Lower public trust and higher legislature-court conflict.,dual-cross-checking-courts,Dual supreme courts with cross-checking invalidations,administrativeLoad,0.876,0.875,0.877,9600,cluster-bootstrap-runs-200-95
low-trust-conflict,Low-trust conflict,Lower public trust and higher legislature-court conflict.,dual-cross-checking-courts,Dual supreme courts with cross-checking invalidations,directCourtCost,0.519,0.519,0.519,9600,cluster-bootstrap-runs-200-95
low-trust-conflict,Low-trust conflict,Lower public trust and higher legislature-court conflict.,dual-cross-checking-courts,Dual supreme courts with cross-checking invalidations,upstreamScreeningCost,0.714,0.713,0.715,9600,cluster-bootstrap-runs-200-95
low-trust-conflict,Low-trust conflict,Lower public trust and higher legislature-court conflict.,dual-cross-checking-courts,Dual supreme courts with cross-checking invalidations,capacityStrainCost,0.571,0.571,0.572,9600,cluster-bootstrap-runs-200-95
low-trust-conflict,Low-trust conflict,Lower public trust and higher legislature-court conflict.,dual-cross-checking-courts,Dual supreme courts with cross-checking invalidations,institutionalBudgetCost,0.590,0.589,0.590,9600,cluster-bootstrap-runs-200-95
low-trust-conflict,Low-trust conflict,Lower public trust and higher legislature-court conflict.,dual-cross-checking-courts,Dual supreme courts with cross-checking invalidations,institutionalDelayCost,0.577,0.577,0.578,9600,cluster-bootstrap-runs-200-95
low-trust-conflict,Low-trust conflict,Lower public trust and higher legislature-court conflict.,dual-cross-checking-courts,Dual supreme courts with cross-checking invalidations,implementationComplexity,0.628,0.627,0.628,9600,cluster-bootstrap-runs-200-95
low-trust-conflict,Low-trust conflict,Lower public trust and higher legislature-court conflict.,dual-cross-checking-courts,Dual supreme courts with cross-checking invalidations,totalInstitutionalCost,0.597,0.597,0.598,9600,cluster-bootstrap-runs-200-95
low-trust-conflict,Low-trust conflict,Lower public trust and higher legislature-court conflict.,constitutional-council,Pre-enactment constitutional council,directionalScore,0.656,0.654,0.658,9600,cluster-bootstrap-runs-200-95
low-trust-conflict,Low-trust conflict,Lower public trust and higher legislature-court conflict.,constitutional-council,Pre-enactment constitutional council,legalStability,0.941,0.939,0.942,9600,cluster-bootstrap-runs-200-95
low-trust-conflict,Low-trust conflict,Lower public trust and higher legislature-court conflict.,constitutional-council,Pre-enactment constitutional council,rightsProtection,0.734,0.732,0.735,9600,cluster-bootstrap-runs-200-95
low-trust-conflict,Low-trust conflict,Lower public trust and higher legislature-court conflict.,constitutional-council,Pre-enactment constitutional council,partisanAlignment,0.140,0.138,0.141,9600,cluster-bootstrap-runs-200-95
low-trust-conflict,Low-trust conflict,Lower public trust and higher legislature-court conflict.,constitutional-council,Pre-enactment constitutional council,shadowDocketAbuse,0.062,0.058,0.064,9600,cluster-bootstrap-runs-200-95
low-trust-conflict,Low-trust conflict,Lower public trust and higher legislature-court conflict.,constitutional-council,Pre-enactment constitutional council,legitimacy,0.683,0.682,0.684,9600,cluster-bootstrap-runs-200-95
low-trust-conflict,Low-trust conflict,Lower public trust and higher legislature-court conflict.,constitutional-council,Pre-enactment constitutional council,reversalRate,0.301,0.294,0.310,9600,cluster-bootstrap-runs-200-95
low-trust-conflict,Low-trust conflict,Lower public trust and higher legislature-court conflict.,constitutional-council,Pre-enactment constitutional council,reviewRate,1.000,1.000,1.000,9600,cluster-bootstrap-runs-200-95
low-trust-conflict,Low-trust conflict,Lower public trust and higher legislature-court conflict.,constitutional-council,Pre-enactment constitutional council,intakeAcceptanceRate,0.021,0.021,0.021,456648,cluster-bootstrap-runs-200-95
low-trust-conflict,Low-trust conflict,Lower public trust and higher legislature-court conflict.,constitutional-council,Pre-enactment constitutional council,emergencyReliefRate,0.445,0.426,0.464,1664,cluster-bootstrap-runs-200-95
low-trust-conflict,Low-trust conflict,Lower public trust and higher legislature-court conflict.,constitutional-council,Pre-enactment constitutional council,emergencyReasonGivingRate,0.749,0.724,0.770,1664,cluster-bootstrap-runs-200-95
low-trust-conflict,Low-trust conflict,Lower public trust and higher legislature-court conflict.,constitutional-council,Pre-enactment constitutional council,emergencyVoteDisclosureRate,0.716,0.696,0.736,1664,cluster-bootstrap-runs-200-95
low-trust-conflict,Low-trust conflict,Lower public trust and higher legislature-court conflict.,constitutional-council,Pre-enactment constitutional council,emergencyPublicDisagreementRate,0.250,0.232,0.268,1664,cluster-bootstrap-runs-200-95
low-trust-conflict,Low-trust conflict,Lower public trust and higher legislature-court conflict.,constitutional-council,Pre-enactment constitutional council,governmentEmergencyWinRate,0.419,0.399,0.440,1664,cluster-bootstrap-runs-200-95
low-trust-conflict,Low-trust conflict,Lower public trust and higher legislature-court conflict.,constitutional-council,Pre-enactment constitutional council,meritsFollowUpRate,0.272,0.250,0.291,1664,cluster-bootstrap-runs-200-95
low-trust-conflict,Low-trust conflict,Lower public trust and higher legislature-court conflict.,constitutional-council,Pre-enactment constitutional council,meritsInvalidationRate,0.345,0.336,0.355,8388,cluster-bootstrap-runs-200-95
low-trust-conflict,Low-trust conflict,Lower public trust and higher legislature-court conflict.,constitutional-council,Pre-enactment constitutional council,constitutionalConflict,0.260,0.259,0.262,9600,cluster-bootstrap-runs-200-95
low-trust-conflict,Low-trust conflict,Lower public trust and higher legislature-court conflict.,constitutional-council,Pre-enactment constitutional council,democraticResponsiveness,0.447,0.445,0.449,9600,cluster-bootstrap-runs-200-95
low-trust-conflict,Low-trust conflict,Lower public trust and higher legislature-court conflict.,constitutional-council,Pre-enactment constitutional council,complianceRate,0.361,0.352,0.370,9600,cluster-bootstrap-runs-200-95
low-trust-conflict,Low-trust conflict,Lower public trust and higher legislature-court conflict.,constitutional-council,Pre-enactment constitutional council,publicTrust,0.015,0.014,0.016,9600,cluster-bootstrap-runs-200-95
low-trust-conflict,Low-trust conflict,Lower public trust and higher legislature-court conflict.,constitutional-council,Pre-enactment constitutional council,administrativeLoad,0.747,0.746,0.749,9600,cluster-bootstrap-runs-200-95
low-trust-conflict,Low-trust conflict,Lower public trust and higher legislature-court conflict.,constitutional-council,Pre-enactment constitutional council,directCourtCost,0.444,0.444,0.444,9600,cluster-bootstrap-runs-200-95
low-trust-conflict,Low-trust conflict,Lower public trust and higher legislature-court conflict.,constitutional-council,Pre-enactment constitutional council,upstreamScreeningCost,0.713,0.712,0.714,9600,cluster-bootstrap-runs-200-95
low-trust-conflict,Low-trust conflict,Lower public trust and higher legislature-court conflict.,constitutional-council,Pre-enactment constitutional council,capacityStrainCost,0.489,0.488,0.489,9600,cluster-bootstrap-runs-200-95
low-trust-conflict,Low-trust conflict,Lower public trust and higher legislature-court conflict.,constitutional-council,Pre-enactment constitutional council,institutionalBudgetCost,0.516,0.516,0.517,9600,cluster-bootstrap-runs-200-95
low-trust-conflict,Low-trust conflict,Lower public trust and higher legislature-court conflict.,constitutional-council,Pre-enactment constitutional council,institutionalDelayCost,0.518,0.517,0.519,9600,cluster-bootstrap-runs-200-95
low-trust-conflict,Low-trust conflict,Lower public trust and higher legislature-court conflict.,constitutional-council,Pre-enactment constitutional council,implementationComplexity,0.570,0.570,0.571,9600,cluster-bootstrap-runs-200-95
low-trust-conflict,Low-trust conflict,Lower public trust and higher legislature-court conflict.,constitutional-council,Pre-enactment constitutional council,totalInstitutionalCost,0.542,0.541,0.542,9600,cluster-bootstrap-runs-200-95
low-trust-conflict,Low-trust conflict,Lower public trust and higher legislature-court conflict.,legislative-override-court,Judicial review with delayed legislative override,directionalScore,0.631,0.628,0.634,9600,cluster-bootstrap-runs-200-95
low-trust-conflict,Low-trust conflict,Lower public trust and higher legislature-court conflict.,legislative-override-court,Judicial review with delayed legislative override,legalStability,0.858,0.855,0.861,9600,cluster-bootstrap-runs-200-95
low-trust-conflict,Low-trust conflict,Lower public trust and higher legislature-court conflict.,legislative-override-court,Judicial review with delayed legislative override,rightsProtection,0.724,0.722,0.725,9600,cluster-bootstrap-runs-200-95
low-trust-conflict,Low-trust conflict,Lower public trust and higher legislature-court conflict.,legislative-override-court,Judicial review with delayed legislative override,partisanAlignment,0.172,0.170,0.174,9600,cluster-bootstrap-runs-200-95
low-trust-conflict,Low-trust conflict,Lower public trust and higher legislature-court conflict.,legislative-override-court,Judicial review with delayed legislative override,shadowDocketAbuse,0.066,0.063,0.070,9600,cluster-bootstrap-runs-200-95
low-trust-conflict,Low-trust conflict,Lower public trust and higher legislature-court conflict.,legislative-override-court,Judicial review with delayed legislative override,legitimacy,0.631,0.630,0.633,9600,cluster-bootstrap-runs-200-95
low-trust-conflict,Low-trust conflict,Lower public trust and higher legislature-court conflict.,legislative-override-court,Judicial review with delayed legislative override,reversalRate,0.416,0.408,0.427,9600,cluster-bootstrap-runs-200-95
low-trust-conflict,Low-trust conflict,Lower public trust and higher legislature-court conflict.,legislative-override-court,Judicial review with delayed legislative override,reviewRate,1.000,1.000,1.000,9600,cluster-bootstrap-runs-200-95
low-trust-conflict,Low-trust conflict,Lower public trust and higher legislature-court conflict.,legislative-override-court,Judicial review with delayed legislative override,intakeAcceptanceRate,0.021,0.021,0.021,456540,cluster-bootstrap-runs-200-95
low-trust-conflict,Low-trust conflict,Lower public trust and higher legislature-court conflict.,legislative-override-court,Judicial review with delayed legislative override,emergencyReliefRate,0.496,0.474,0.518,1672,cluster-bootstrap-runs-200-95
low-trust-conflict,Low-trust conflict,Lower public trust and higher legislature-court conflict.,legislative-override-court,Judicial review with delayed legislative override,emergencyReasonGivingRate,0.654,0.629,0.670,1672,cluster-bootstrap-runs-200-95
low-trust-conflict,Low-trust conflict,Lower public trust and higher legislature-court conflict.,legislative-override-court,Judicial review with delayed legislative override,emergencyVoteDisclosureRate,0.577,0.554,0.599,1672,cluster-bootstrap-runs-200-95
low-trust-conflict,Low-trust conflict,Lower public trust and higher legislature-court conflict.,legislative-override-court,Judicial review with delayed legislative override,emergencyPublicDisagreementRate,0.283,0.262,0.302,1672,cluster-bootstrap-runs-200-95
low-trust-conflict,Low-trust conflict,Lower public trust and higher legislature-court conflict.,legislative-override-court,Judicial review with delayed legislative override,governmentEmergencyWinRate,0.474,0.448,0.499,1672,cluster-bootstrap-runs-200-95
low-trust-conflict,Low-trust conflict,Lower public trust and higher legislature-court conflict.,legislative-override-court,Judicial review with delayed legislative override,meritsFollowUpRate,0.272,0.249,0.293,1672,cluster-bootstrap-runs-200-95
low-trust-conflict,Low-trust conflict,Lower public trust and higher legislature-court conflict.,legislative-override-court,Judicial review with delayed legislative override,meritsInvalidationRate,0.477,0.468,0.487,8382,cluster-bootstrap-runs-200-95
low-trust-conflict,Low-trust conflict,Lower public trust and higher legislature-court conflict.,legislative-override-court,Judicial review with delayed legislative override,constitutionalConflict,0.286,0.283,0.288,9600,cluster-bootstrap-runs-200-95
low-trust-conflict,Low-trust conflict,Lower public trust and higher legislature-court conflict.,legislative-override-court,Judicial review with delayed legislative override,democraticResponsiveness,0.446,0.444,0.448,9600,cluster-bootstrap-runs-200-95
low-trust-conflict,Low-trust conflict,Lower public trust and higher legislature-court conflict.,legislative-override-court,Judicial review with delayed legislative override,complianceRate,0.338,0.327,0.348,9600,cluster-bootstrap-runs-200-95
low-trust-conflict,Low-trust conflict,Lower public trust and higher legislature-court conflict.,legislative-override-court,Judicial review with delayed legislative override,publicTrust,0.011,0.010,0.012,9600,cluster-bootstrap-runs-200-95
low-trust-conflict,Low-trust conflict,Lower public trust and higher legislature-court conflict.,legislative-override-court,Judicial review with delayed legislative override,administrativeLoad,0.486,0.485,0.488,9600,cluster-bootstrap-runs-200-95
low-trust-conflict,Low-trust conflict,Lower public trust and higher legislature-court conflict.,legislative-override-court,Judicial review with delayed legislative override,directCourtCost,0.312,0.312,0.312,9600,cluster-bootstrap-runs-200-95
low-trust-conflict,Low-trust conflict,Lower public trust and higher legislature-court conflict.,legislative-override-court,Judicial review with delayed legislative override,upstreamScreeningCost,0.713,0.712,0.714,9600,cluster-bootstrap-runs-200-95
low-trust-conflict,Low-trust conflict,Lower public trust and higher legislature-court conflict.,legislative-override-court,Judicial review with delayed legislative override,capacityStrainCost,0.422,0.421,0.423,9600,cluster-bootstrap-runs-200-95
low-trust-conflict,Low-trust conflict,Lower public trust and higher legislature-court conflict.,legislative-override-court,Judicial review with delayed legislative override,institutionalBudgetCost,0.390,0.390,0.390,9600,cluster-bootstrap-runs-200-95
low-trust-conflict,Low-trust conflict,Lower public trust and higher legislature-court conflict.,legislative-override-court,Judicial review with delayed legislative override,institutionalDelayCost,0.449,0.449,0.450,9600,cluster-bootstrap-runs-200-95
low-trust-conflict,Low-trust conflict,Lower public trust and higher legislature-court conflict.,legislative-override-court,Judicial review with delayed legislative override,implementationComplexity,0.520,0.520,0.520,9600,cluster-bootstrap-runs-200-95
low-trust-conflict,Low-trust conflict,Lower public trust and higher legislature-court conflict.,legislative-override-court,Judicial review with delayed legislative override,totalInstitutionalCost,0.474,0.474,0.475,9600,cluster-bootstrap-runs-200-95
low-trust-conflict,Low-trust conflict,Lower public trust and higher legislature-court conflict.,accountability-retention-court,Retention-election accountability court,directionalScore,0.649,0.646,0.653,9600,cluster-bootstrap-runs-200-95
low-trust-conflict,Low-trust conflict,Lower public trust and higher legislature-court conflict.,accountability-retention-court,Retention-election accountability court,legalStability,0.873,0.870,0.876,9600,cluster-bootstrap-runs-200-95
low-trust-conflict,Low-trust conflict,Lower public trust and higher legislature-court conflict.,accountability-retention-court,Retention-election accountability court,rightsProtection,0.722,0.720,0.724,9600,cluster-bootstrap-runs-200-95
low-trust-conflict,Low-trust conflict,Lower public trust and higher legislature-court conflict.,accountability-retention-court,Retention-election accountability court,partisanAlignment,0.150,0.148,0.152,9600,cluster-bootstrap-runs-200-95
low-trust-conflict,Low-trust conflict,Lower public trust and higher legislature-court conflict.,accountability-retention-court,Retention-election accountability court,shadowDocketAbuse,0.059,0.056,0.062,9600,cluster-bootstrap-runs-200-95
low-trust-conflict,Low-trust conflict,Lower public trust and higher legislature-court conflict.,accountability-retention-court,Retention-election accountability court,legitimacy,0.650,0.649,0.651,9600,cluster-bootstrap-runs-200-95
low-trust-conflict,Low-trust conflict,Lower public trust and higher legislature-court conflict.,accountability-retention-court,Retention-election accountability court,reversalRate,0.297,0.288,0.307,9600,cluster-bootstrap-runs-200-95
low-trust-conflict,Low-trust conflict,Lower public trust and higher legislature-court conflict.,accountability-retention-court,Retention-election accountability court,reviewRate,1.000,1.000,1.000,9600,cluster-bootstrap-runs-200-95
low-trust-conflict,Low-trust conflict,Lower public trust and higher legislature-court conflict.,accountability-retention-court,Retention-election accountability court,intakeAcceptanceRate,0.021,0.021,0.021,456802,cluster-bootstrap-runs-200-95
low-trust-conflict,Low-trust conflict,Lower public trust and higher legislature-court conflict.,accountability-retention-court,Retention-election accountability court,emergencyReliefRate,0.344,0.323,0.366,1626,cluster-bootstrap-runs-200-95
low-trust-conflict,Low-trust conflict,Lower public trust and higher legislature-court conflict.,accountability-retention-court,Retention-election accountability court,emergencyReasonGivingRate,0.667,0.647,0.693,1626,cluster-bootstrap-runs-200-95
low-trust-conflict,Low-trust conflict,Lower public trust and higher legislature-court conflict.,accountability-retention-court,Retention-election accountability court,emergencyVoteDisclosureRate,0.598,0.570,0.623,1626,cluster-bootstrap-runs-200-95
low-trust-conflict,Low-trust conflict,Lower public trust and higher legislature-court conflict.,accountability-retention-court,Retention-election accountability court,emergencyPublicDisagreementRate,0.266,0.245,0.285,1626,cluster-bootstrap-runs-200-95
low-trust-conflict,Low-trust conflict,Lower public trust and higher legislature-court conflict.,accountability-retention-court,Retention-election accountability court,governmentEmergencyWinRate,0.310,0.288,0.335,1626,cluster-bootstrap-runs-200-95
low-trust-conflict,Low-trust conflict,Lower public trust and higher legislature-court conflict.,accountability-retention-court,Retention-election accountability court,meritsFollowUpRate,0.272,0.253,0.293,1626,cluster-bootstrap-runs-200-95
low-trust-conflict,Low-trust conflict,Lower public trust and higher legislature-court conflict.,accountability-retention-court,Retention-election accountability court,meritsInvalidationRate,0.339,0.328,0.349,8416,cluster-bootstrap-runs-200-95
low-trust-conflict,Low-trust conflict,Lower public trust and higher legislature-court conflict.,accountability-retention-court,Retention-election accountability court,constitutionalConflict,0.278,0.275,0.280,9600,cluster-bootstrap-runs-200-95
low-trust-conflict,Low-trust conflict,Lower public trust and higher legislature-court conflict.,accountability-retention-court,Retention-election accountability court,democraticResponsiveness,0.458,0.456,0.460,9600,cluster-bootstrap-runs-200-95
low-trust-conflict,Low-trust conflict,Lower public trust and higher legislature-court conflict.,accountability-retention-court,Retention-election accountability court,complianceRate,0.335,0.326,0.345,9600,cluster-bootstrap-runs-200-95
low-trust-conflict,Low-trust conflict,Lower public trust and higher legislature-court conflict.,accountability-retention-court,Retention-election accountability court,publicTrust,0.013,0.012,0.014,9600,cluster-bootstrap-runs-200-95
low-trust-conflict,Low-trust conflict,Lower public trust and higher legislature-court conflict.,accountability-retention-court,Retention-election accountability court,administrativeLoad,0.506,0.505,0.508,9600,cluster-bootstrap-runs-200-95
low-trust-conflict,Low-trust conflict,Lower public trust and higher legislature-court conflict.,accountability-retention-court,Retention-election accountability court,directCourtCost,0.323,0.323,0.324,9600,cluster-bootstrap-runs-200-95
low-trust-conflict,Low-trust conflict,Lower public trust and higher legislature-court conflict.,accountability-retention-court,Retention-election accountability court,upstreamScreeningCost,0.713,0.712,0.714,9600,cluster-bootstrap-runs-200-95
low-trust-conflict,Low-trust conflict,Lower public trust and higher legislature-court conflict.,accountability-retention-court,Retention-election accountability court,capacityStrainCost,0.458,0.457,0.459,9600,cluster-bootstrap-runs-200-95
low-trust-conflict,Low-trust conflict,Lower public trust and higher legislature-court conflict.,accountability-retention-court,Retention-election accountability court,institutionalBudgetCost,0.401,0.401,0.401,9600,cluster-bootstrap-runs-200-95
low-trust-conflict,Low-trust conflict,Lower public trust and higher legislature-court conflict.,accountability-retention-court,Retention-election accountability court,institutionalDelayCost,0.454,0.453,0.454,9600,cluster-bootstrap-runs-200-95
low-trust-conflict,Low-trust conflict,Lower public trust and higher legislature-court conflict.,accountability-retention-court,Retention-election accountability court,implementationComplexity,0.546,0.546,0.547,9600,cluster-bootstrap-runs-200-95
low-trust-conflict,Low-trust conflict,Lower public trust and higher legislature-court conflict.,accountability-retention-court,Retention-election accountability court,totalInstitutionalCost,0.490,0.489,0.490,9600,cluster-bootstrap-runs-200-95
low-trust-conflict,Low-trust conflict,Lower public trust and higher legislature-court conflict.,independence-accountability-hybrid,Hybrid court balancing independence and accountability,directionalScore,0.666,0.663,0.668,9600,cluster-bootstrap-runs-200-95
low-trust-conflict,Low-trust conflict,Lower public trust and higher legislature-court conflict.,independence-accountability-hybrid,Hybrid court balancing independence and accountability,legalStability,0.906,0.904,0.908,9600,cluster-bootstrap-runs-200-95
low-trust-conflict,Low-trust conflict,Lower public trust and higher legislature-court conflict.,independence-accountability-hybrid,Hybrid court balancing independence and accountability,rightsProtection,0.738,0.736,0.739,9600,cluster-bootstrap-runs-200-95
low-trust-conflict,Low-trust conflict,Lower public trust and higher legislature-court conflict.,independence-accountability-hybrid,Hybrid court balancing independence and accountability,partisanAlignment,0.149,0.147,0.151,9600,cluster-bootstrap-runs-200-95
low-trust-conflict,Low-trust conflict,Lower public trust and higher legislature-court conflict.,independence-accountability-hybrid,Hybrid court balancing independence and accountability,shadowDocketAbuse,0.003,0.003,0.003,9600,cluster-bootstrap-runs-200-95
low-trust-conflict,Low-trust conflict,Lower public trust and higher legislature-court conflict.,independence-accountability-hybrid,Hybrid court balancing independence and accountability,legitimacy,0.686,0.685,0.687,9600,cluster-bootstrap-runs-200-95
low-trust-conflict,Low-trust conflict,Lower public trust and higher legislature-court conflict.,independence-accountability-hybrid,Hybrid court balancing independence and accountability,reversalRate,0.397,0.388,0.405,9600,cluster-bootstrap-runs-200-95
low-trust-conflict,Low-trust conflict,Lower public trust and higher legislature-court conflict.,independence-accountability-hybrid,Hybrid court balancing independence and accountability,reviewRate,1.000,1.000,1.000,9600,cluster-bootstrap-runs-200-95
low-trust-conflict,Low-trust conflict,Lower public trust and higher legislature-court conflict.,independence-accountability-hybrid,Hybrid court balancing independence and accountability,intakeAcceptanceRate,0.021,0.021,0.021,460536,cluster-bootstrap-runs-200-95
low-trust-conflict,Low-trust conflict,Lower public trust and higher legislature-court conflict.,independence-accountability-hybrid,Hybrid court balancing independence and accountability,emergencyReliefRate,0.434,0.407,0.465,1052,cluster-bootstrap-runs-200-95
low-trust-conflict,Low-trust conflict,Lower public trust and higher legislature-court conflict.,independence-accountability-hybrid,Hybrid court balancing independence and accountability,emergencyReasonGivingRate,0.882,0.865,0.901,1052,cluster-bootstrap-runs-200-95
low-trust-conflict,Low-trust conflict,Lower public trust and higher legislature-court conflict.,independence-accountability-hybrid,Hybrid court balancing independence and accountability,emergencyVoteDisclosureRate,0.737,0.712,0.763,1052,cluster-bootstrap-runs-200-95
low-trust-conflict,Low-trust conflict,Lower public trust and higher legislature-court conflict.,independence-accountability-hybrid,Hybrid court balancing independence and accountability,emergencyPublicDisagreementRate,0.123,0.104,0.142,1052,cluster-bootstrap-runs-200-95
low-trust-conflict,Low-trust conflict,Lower public trust and higher legislature-court conflict.,independence-accountability-hybrid,Hybrid court balancing independence and accountability,governmentEmergencyWinRate,0.423,0.394,0.458,1052,cluster-bootstrap-runs-200-95
low-trust-conflict,Low-trust conflict,Lower public trust and higher legislature-court conflict.,independence-accountability-hybrid,Hybrid court balancing independence and accountability,meritsFollowUpRate,1.000,1.000,1.000,1052,cluster-bootstrap-runs-200-95
low-trust-conflict,Low-trust conflict,Lower public trust and higher legislature-court conflict.,independence-accountability-hybrid,Hybrid court balancing independence and accountability,meritsInvalidationRate,0.397,0.388,0.405,9600,cluster-bootstrap-runs-200-95
low-trust-conflict,Low-trust conflict,Lower public trust and higher legislature-court conflict.,independence-accountability-hybrid,Hybrid court balancing independence and accountability,constitutionalConflict,0.253,0.252,0.254,9600,cluster-bootstrap-runs-200-95
low-trust-conflict,Low-trust conflict,Lower public trust and higher legislature-court conflict.,independence-accountability-hybrid,Hybrid court balancing independence and accountability,democraticResponsiveness,0.450,0.448,0.452,9600,cluster-bootstrap-runs-200-95
low-trust-conflict,Low-trust conflict,Lower public trust and higher legislature-court conflict.,independence-accountability-hybrid,Hybrid court balancing independence and accountability,complianceRate,0.365,0.355,0.372,9600,cluster-bootstrap-runs-200-95
low-trust-conflict,Low-trust conflict,Lower public trust and higher legislature-court conflict.,independence-accountability-hybrid,Hybrid court balancing independence and accountability,publicTrust,0.014,0.013,0.015,9600,cluster-bootstrap-runs-200-95
low-trust-conflict,Low-trust conflict,Lower public trust and higher legislature-court conflict.,independence-accountability-hybrid,Hybrid court balancing independence and accountability,administrativeLoad,0.700,0.698,0.702,9600,cluster-bootstrap-runs-200-95
low-trust-conflict,Low-trust conflict,Lower public trust and higher legislature-court conflict.,independence-accountability-hybrid,Hybrid court balancing independence and accountability,directCourtCost,0.463,0.462,0.463,9600,cluster-bootstrap-runs-200-95
low-trust-conflict,Low-trust conflict,Lower public trust and higher legislature-court conflict.,independence-accountability-hybrid,Hybrid court balancing independence and accountability,upstreamScreeningCost,0.714,0.713,0.714,9600,cluster-bootstrap-runs-200-95
low-trust-conflict,Low-trust conflict,Lower public trust and higher legislature-court conflict.,independence-accountability-hybrid,Hybrid court balancing independence and accountability,capacityStrainCost,0.462,0.461,0.462,9600,cluster-bootstrap-runs-200-95
low-trust-conflict,Low-trust conflict,Lower public trust and higher legislature-court conflict.,independence-accountability-hybrid,Hybrid court balancing independence and accountability,institutionalBudgetCost,0.537,0.537,0.538,9600,cluster-bootstrap-runs-200-95
low-trust-conflict,Low-trust conflict,Lower public trust and higher legislature-court conflict.,independence-accountability-hybrid,Hybrid court balancing independence and accountability,institutionalDelayCost,0.528,0.527,0.529,9600,cluster-bootstrap-runs-200-95
low-trust-conflict,Low-trust conflict,Lower public trust and higher legislature-court conflict.,independence-accountability-hybrid,Hybrid court balancing independence and accountability,implementationComplexity,0.644,0.643,0.644,9600,cluster-bootstrap-runs-200-95
low-trust-conflict,Low-trust conflict,Lower public trust and higher legislature-court conflict.,independence-accountability-hybrid,Hybrid court balancing independence and accountability,totalInstitutionalCost,0.555,0.555,0.556,9600,cluster-bootstrap-runs-200-95
