caseKey,caseName,caseDescription,scenarioKey,scenario,scenarioKind,reviewMechanism,segmentType,segmentKey,totalCases,reviewedCases,intakeFilings,screenedFilings,reviewRate,intakeAcceptanceRate,legalStability,rightsProtection,shadowDocketAbuse,emergencyReliefRate,meritsInvalidationRate,emergencyReasonGivingRate,emergencyVoteDisclosureRate,emergencyPublicDisagreementRate,governmentEmergencyWinRate,meritsFollowUpRate,lowerCourtConflict,averageTimeToReview,averageLowerCourtDepth,stateFederalTension,intercourtConflict,legitimacy,constitutionalConflict,democraticResponsiveness,legislativeResponseCredibility,caseSelectionAccess,governmentRepeatPlayerAdvantage,implementationCapacity,democraticConstitutionalism,vetoRelocationRisk,legalTransplantFeasibility,politicalCultureSensitivity,complianceRate,defianceRate,workaroundRate,repeatedLitigationRate,executiveImplementationRate,agencyNonacquiescenceRate,legislativeReenactmentRate,localGovernmentComplianceRate,publicTrust,legislativeConflict,courtCurbingPressure,amendmentPressure,directCourtCost,upstreamScreeningCost,capacityStrainCost,institutionalBudgetCost,institutionalDelayCost,implementationComplexity,totalInstitutionalCost
baseline,Baseline,Moderately polarized appointment environment with ordinary constitutional-review pressure.,current-federal-court,Current-style federal supreme court,court_variant,strong_form_court,pipeline,federal/circuit_en_banc,973,973,41830,40857,1.000,0.023,0.831,0.712,0.340,0.471,0.311,0.019,0.384,0.557,0.349,0.000,0.719,0.648,3.000,0.385,0.474,0.604,0.295,0.432,0.548,0.419,0.374,0.615,0.592,0.536,0.644,0.712,0.431,0.232,0.147,0.272,0.449,0.177,0.070,0.292,0.028,0.911,0.857,0.755,0.307,0.710,0.421,0.384,0.455,0.438,0.459
baseline,Baseline,Moderately polarized appointment environment with ordinary constitutional-review pressure.,current-federal-court,Current-style federal supreme court,court_variant,strong_form_court,pipeline,federal/circuit_panel,2071,2071,90205,88134,1.000,0.023,0.797,0.693,0.370,0.637,0.458,0.024,0.357,0.541,0.478,0.000,0.568,0.564,2.000,0.403,0.433,0.588,0.318,0.413,0.552,0.438,0.354,0.616,0.580,0.519,0.645,0.715,0.426,0.250,0.151,0.252,0.443,0.165,0.061,0.323,0.026,0.915,0.858,0.752,0.304,0.658,0.415,0.371,0.418,0.425,0.438
baseline,Baseline,Moderately polarized appointment environment with ordinary constitutional-review pressure.,current-federal-court,Current-style federal supreme court,court_variant,strong_form_court,pipeline,federal/district_only,530,530,23419,22889,1.000,0.023,0.780,0.683,0.421,0.668,0.451,0.031,0.363,0.645,0.531,0.000,0.478,0.482,1.000,0.403,0.411,0.573,0.333,0.402,0.549,0.442,0.356,0.618,0.571,0.509,0.646,0.716,0.409,0.253,0.140,0.287,0.436,0.117,0.057,0.334,0.022,0.922,0.869,0.763,0.302,0.613,0.414,0.359,0.379,0.415,0.420
baseline,Baseline,Moderately polarized appointment environment with ordinary constitutional-review pressure.,current-federal-court,Current-style federal supreme court,court_variant,strong_form_court,pipeline,federal/state_federal_split,198,198,8066,7868,1.000,0.025,0.799,0.682,0.308,0.693,0.472,0.040,0.347,0.533,0.721,0.000,0.868,0.657,3.000,0.538,0.511,0.588,0.326,0.399,0.554,0.423,0.354,0.611,0.572,0.542,0.644,0.725,0.419,0.333,0.121,0.328,0.424,0.172,0.045,0.283,0.024,0.920,0.865,0.777,0.307,0.725,0.415,0.387,0.461,0.438,0.462
baseline,Baseline,Moderately polarized appointment environment with ordinary constitutional-review pressure.,current-federal-court,Current-style federal supreme court,court_variant,strong_form_court,pipeline,mixed_state_federal/circuit_en_banc,837,837,34250,33413,1.000,0.024,0.787,0.681,0.371,0.663,0.432,0.023,0.342,0.603,0.663,0.000,0.817,0.652,3.000,0.761,0.564,0.574,0.372,0.403,0.547,0.420,0.367,0.606,0.562,0.541,0.644,0.746,0.404,0.290,0.157,0.321,0.373,0.211,0.073,0.161,0.033,0.916,0.855,0.761,0.309,0.724,0.425,0.389,0.456,0.443,0.465
baseline,Baseline,Moderately polarized appointment environment with ordinary constitutional-review pressure.,current-federal-court,Current-style federal supreme court,court_variant,strong_form_court,pipeline,mixed_state_federal/district_only,124,124,5068,4944,1.000,0.024,0.702,0.641,0.615,0.741,0.487,0.035,0.482,0.671,0.741,0.000,0.669,0.486,1.000,0.732,0.504,0.513,0.442,0.360,0.537,0.434,0.388,0.605,0.523,0.519,0.645,0.752,0.379,0.298,0.153,0.331,0.355,0.218,0.065,0.121,0.029,0.914,0.848,0.775,0.306,0.635,0.431,0.367,0.379,0.428,0.431
baseline,Baseline,Moderately polarized appointment environment with ordinary constitutional-review pressure.,current-federal-court,Current-style federal supreme court,court_variant,strong_form_court,pipeline,mixed_state_federal/state_federal_split,1542,1542,61686,60144,1.000,0.025,0.766,0.665,0.364,0.769,0.591,0.027,0.415,0.541,0.769,0.000,0.858,0.657,3.000,0.780,0.579,0.567,0.387,0.383,0.552,0.430,0.352,0.604,0.552,0.541,0.643,0.749,0.371,0.329,0.159,0.343,0.401,0.186,0.072,0.154,0.031,0.913,0.848,0.750,0.309,0.728,0.422,0.390,0.461,0.443,0.466
baseline,Baseline,Moderately polarized appointment environment with ordinary constitutional-review pressure.,current-federal-court,Current-style federal supreme court,court_variant,strong_form_court,pipeline,state/circuit_en_banc,88,88,3895,3807,1.000,0.023,0.905,0.774,0.244,0.152,0.036,0.000,0.333,0.424,0.152,0.000,0.774,0.664,3.000,0.472,0.511,0.645,0.251,0.507,0.537,0.387,0.388,0.618,0.631,0.548,0.644,0.711,0.477,0.273,0.091,0.216,0.364,0.284,0.011,0.307,0.023,0.910,0.852,0.756,0.308,0.721,0.420,0.387,0.460,0.442,0.463
baseline,Baseline,Moderately polarized appointment environment with ordinary constitutional-review pressure.,current-federal-court,Current-style federal supreme court,court_variant,strong_form_court,pipeline,state/circuit_panel,599,599,25838,25239,1.000,0.023,0.802,0.698,0.356,0.613,0.411,0.046,0.314,0.605,0.613,0.000,0.610,0.564,2.000,0.559,0.469,0.588,0.332,0.419,0.549,0.429,0.354,0.615,0.579,0.524,0.645,0.726,0.432,0.209,0.184,0.272,0.401,0.185,0.077,0.229,0.029,0.914,0.858,0.763,0.305,0.664,0.416,0.373,0.419,0.427,0.440
baseline,Baseline,Moderately polarized appointment environment with ordinary constitutional-review pressure.,current-federal-court,Current-style federal supreme court,court_variant,strong_form_court,pipeline,state/district_only,143,143,6024,5881,1.000,0.024,0.764,0.693,0.511,0.494,0.321,0.046,0.310,0.575,0.494,0.000,0.630,0.475,1.000,0.528,0.454,0.555,0.365,0.429,0.541,0.431,0.387,0.614,0.566,0.521,0.645,0.729,0.462,0.217,0.154,0.280,0.413,0.133,0.077,0.210,0.023,0.925,0.871,0.769,0.304,0.629,0.423,0.364,0.378,0.422,0.426
baseline,Baseline,Moderately polarized appointment environment with ordinary constitutional-review pressure.,current-federal-court,Current-style federal supreme court,court_variant,strong_form_court,pipeline,state/state_federal_split,1264,1264,51312,50048,1.000,0.025,0.789,0.684,0.357,0.710,0.505,0.031,0.376,0.558,0.710,0.000,0.839,0.650,3.000,0.592,0.529,0.581,0.350,0.399,0.553,0.431,0.355,0.609,0.568,0.538,0.644,0.732,0.406,0.266,0.156,0.313,0.411,0.173,0.078,0.214,0.026,0.917,0.859,0.763,0.308,0.723,0.420,0.388,0.459,0.440,0.463
baseline,Baseline,Moderately polarized appointment environment with ordinary constitutional-review pressure.,current-federal-court,Current-style federal supreme court,court_variant,strong_form_court,pipeline,state/state_high_court,1231,1231,52000,50769,1.000,0.024,0.785,0.686,0.347,0.740,0.557,0.025,0.341,0.581,0.740,0.000,0.605,0.568,2.000,0.542,0.475,0.584,0.341,0.403,0.555,0.442,0.346,0.614,0.572,0.518,0.645,0.726,0.400,0.274,0.162,0.275,0.424,0.160,0.074,0.219,0.026,0.915,0.857,0.754,0.305,0.663,0.413,0.372,0.423,0.425,0.440
baseline,Baseline,Moderately polarized appointment environment with ordinary constitutional-review pressure.,eighteen-year-terms,Staggered 18-year nonrenewable terms,court_variant,strong_form_court,pipeline,federal/circuit_en_banc,973,973,41829,40856,1.000,0.023,0.839,0.716,0.338,0.452,0.275,0.026,0.337,0.515,0.327,0.000,0.719,0.648,3.000,0.385,0.474,0.613,0.291,0.438,0.548,0.419,0.374,0.614,0.597,0.527,0.644,0.712,0.449,0.235,0.147,0.257,0.441,0.186,0.073,0.302,0.030,0.903,0.847,0.755,0.312,0.710,0.436,0.389,0.456,0.441,0.464
baseline,Baseline,Moderately polarized appointment environment with ordinary constitutional-review pressure.,eighteen-year-terms,Staggered 18-year nonrenewable terms,court_variant,strong_form_court,pipeline,federal/circuit_panel,2071,2071,90203,88132,1.000,0.023,0.805,0.697,0.369,0.604,0.417,0.030,0.402,0.550,0.433,0.000,0.568,0.564,2.000,0.403,0.433,0.597,0.314,0.419,0.552,0.438,0.354,0.616,0.585,0.510,0.645,0.714,0.434,0.251,0.141,0.268,0.417,0.182,0.059,0.323,0.027,0.904,0.842,0.746,0.309,0.658,0.430,0.375,0.419,0.427,0.443
baseline,Baseline,Moderately polarized appointment environment with ordinary constitutional-review pressure.,eighteen-year-terms,Staggered 18-year nonrenewable terms,court_variant,strong_form_court,pipeline,federal/district_only,530,530,23365,22835,1.000,0.023,0.788,0.691,0.423,0.596,0.419,0.011,0.348,0.556,0.432,0.000,0.478,0.482,1.000,0.403,0.411,0.582,0.329,0.412,0.549,0.442,0.356,0.618,0.577,0.501,0.646,0.716,0.409,0.266,0.158,0.251,0.413,0.145,0.068,0.313,0.024,0.914,0.858,0.759,0.307,0.613,0.430,0.364,0.381,0.418,0.425
baseline,Baseline,Moderately polarized appointment environment with ordinary constitutional-review pressure.,eighteen-year-terms,Staggered 18-year nonrenewable terms,court_variant,strong_form_court,pipeline,federal/state_federal_split,198,198,8067,7869,1.000,0.025,0.809,0.692,0.296,0.600,0.472,0.040,0.360,0.467,0.638,0.000,0.868,0.657,3.000,0.538,0.511,0.601,0.320,0.408,0.555,0.423,0.354,0.611,0.579,0.533,0.644,0.725,0.460,0.237,0.121,0.263,0.369,0.187,0.061,0.278,0.023,0.910,0.849,0.780,0.312,0.725,0.430,0.392,0.463,0.440,0.467
baseline,Baseline,Moderately polarized appointment environment with ordinary constitutional-review pressure.,eighteen-year-terms,Staggered 18-year nonrenewable terms,court_variant,strong_form_court,pipeline,mixed_state_federal/circuit_en_banc,837,837,34244,33407,1.000,0.024,0.803,0.698,0.360,0.575,0.371,0.047,0.375,0.496,0.575,0.000,0.817,0.652,3.000,0.761,0.564,0.589,0.362,0.420,0.546,0.420,0.367,0.606,0.573,0.531,0.644,0.744,0.373,0.293,0.161,0.345,0.406,0.190,0.082,0.208,0.034,0.903,0.837,0.757,0.314,0.724,0.439,0.393,0.458,0.446,0.469
baseline,Baseline,Moderately polarized appointment environment with ordinary constitutional-review pressure.,eighteen-year-terms,Staggered 18-year nonrenewable terms,court_variant,strong_form_court,pipeline,mixed_state_federal/district_only,124,124,5063,4939,1.000,0.024,0.720,0.656,0.591,0.612,0.359,0.035,0.447,0.612,0.612,0.000,0.669,0.486,1.000,0.732,0.504,0.527,0.425,0.379,0.536,0.434,0.388,0.606,0.535,0.510,0.646,0.750,0.331,0.290,0.153,0.339,0.379,0.194,0.056,0.161,0.032,0.906,0.839,0.781,0.311,0.635,0.446,0.371,0.381,0.430,0.435
baseline,Baseline,Moderately polarized appointment environment with ordinary constitutional-review pressure.,eighteen-year-terms,Staggered 18-year nonrenewable terms,court_variant,strong_form_court,pipeline,mixed_state_federal/state_federal_split,1542,1542,61792,60250,1.000,0.025,0.776,0.674,0.349,0.730,0.555,0.029,0.377,0.553,0.730,0.000,0.858,0.657,3.000,0.780,0.579,0.578,0.379,0.393,0.553,0.430,0.352,0.604,0.559,0.532,0.644,0.748,0.375,0.307,0.167,0.340,0.388,0.178,0.083,0.176,0.031,0.902,0.833,0.739,0.314,0.729,0.435,0.394,0.463,0.445,0.470
baseline,Baseline,Moderately polarized appointment environment with ordinary constitutional-review pressure.,eighteen-year-terms,Staggered 18-year nonrenewable terms,court_variant,strong_form_court,pipeline,state/circuit_en_banc,88,88,3892,3804,1.000,0.023,0.912,0.779,0.244,0.121,0.018,0.091,0.364,0.394,0.121,0.000,0.774,0.664,3.000,0.472,0.511,0.656,0.250,0.511,0.538,0.387,0.388,0.618,0.635,0.539,0.644,0.711,0.489,0.284,0.136,0.273,0.511,0.182,0.023,0.250,0.024,0.905,0.847,0.743,0.313,0.720,0.434,0.391,0.461,0.445,0.468
baseline,Baseline,Moderately polarized appointment environment with ordinary constitutional-review pressure.,eighteen-year-terms,Staggered 18-year nonrenewable terms,court_variant,strong_form_court,pipeline,state/circuit_panel,599,599,25836,25237,1.000,0.023,0.814,0.705,0.361,0.571,0.332,0.037,0.381,0.515,0.571,0.000,0.610,0.564,2.000,0.559,0.469,0.598,0.327,0.433,0.547,0.429,0.354,0.614,0.586,0.515,0.645,0.726,0.404,0.280,0.159,0.289,0.449,0.159,0.095,0.252,0.030,0.901,0.842,0.753,0.310,0.664,0.432,0.377,0.420,0.430,0.445
baseline,Baseline,Moderately polarized appointment environment with ordinary constitutional-review pressure.,eighteen-year-terms,Staggered 18-year nonrenewable terms,court_variant,strong_form_court,pipeline,state/district_only,143,143,6010,5867,1.000,0.024,0.769,0.698,0.518,0.444,0.302,0.033,0.344,0.644,0.444,0.000,0.630,0.475,1.000,0.528,0.454,0.561,0.365,0.436,0.542,0.431,0.387,0.613,0.570,0.512,0.646,0.729,0.399,0.336,0.105,0.252,0.462,0.161,0.063,0.189,0.025,0.917,0.857,0.758,0.309,0.629,0.439,0.369,0.379,0.425,0.431
baseline,Baseline,Moderately polarized appointment environment with ordinary constitutional-review pressure.,eighteen-year-terms,Staggered 18-year nonrenewable terms,court_variant,strong_form_court,pipeline,state/state_federal_split,1264,1264,51334,50070,1.000,0.025,0.798,0.692,0.351,0.670,0.460,0.026,0.375,0.554,0.670,0.000,0.839,0.650,3.000,0.592,0.529,0.590,0.343,0.413,0.553,0.431,0.355,0.608,0.575,0.528,0.644,0.731,0.407,0.278,0.142,0.315,0.405,0.148,0.067,0.185,0.027,0.908,0.848,0.757,0.313,0.723,0.434,0.392,0.461,0.442,0.468
baseline,Baseline,Moderately polarized appointment environment with ordinary constitutional-review pressure.,eighteen-year-terms,Staggered 18-year nonrenewable terms,court_variant,strong_form_court,pipeline,state/state_high_court,1231,1231,52084,50853,1.000,0.024,0.796,0.695,0.328,0.699,0.518,0.039,0.348,0.520,0.699,0.000,0.605,0.568,2.000,0.542,0.475,0.596,0.332,0.415,0.555,0.442,0.346,0.614,0.580,0.510,0.645,0.725,0.409,0.270,0.153,0.284,0.435,0.151,0.078,0.227,0.027,0.907,0.844,0.752,0.309,0.663,0.426,0.376,0.425,0.427,0.444
baseline,Baseline,Moderately polarized appointment environment with ordinary constitutional-review pressure.,fifteen-justice-commission,Fifteen-justice supermajority commission court,court_variant,strong_form_court,pipeline,federal/circuit_en_banc,973,973,43169,42196,1.000,0.023,0.925,0.749,0.064,0.295,0.248,0.670,0.551,0.244,0.223,0.205,0.719,0.648,3.000,0.385,0.474,0.723,0.207,0.470,0.570,0.419,0.374,0.619,0.657,0.443,0.644,0.702,0.570,0.160,0.099,0.191,0.582,0.124,0.040,0.447,0.060,0.671,0.663,0.440,0.365,0.712,0.425,0.443,0.462,0.459,0.480
baseline,Baseline,Moderately polarized appointment environment with ordinary constitutional-review pressure.,fifteen-justice-commission,Fifteen-justice supermajority commission court,court_variant,strong_form_court,pipeline,federal/circuit_panel,2071,2071,93206,91135,1.000,0.022,0.889,0.736,0.067,0.434,0.404,0.725,0.614,0.245,0.256,0.328,0.568,0.564,2.000,0.403,0.433,0.710,0.226,0.459,0.579,0.438,0.354,0.621,0.647,0.426,0.645,0.704,0.578,0.147,0.131,0.174,0.570,0.122,0.058,0.456,0.055,0.685,0.673,0.445,0.362,0.660,0.419,0.429,0.425,0.445,0.458
baseline,Baseline,Moderately polarized appointment environment with ordinary constitutional-review pressure.,fifteen-justice-commission,Fifteen-justice supermajority commission court,court_variant,strong_form_court,pipeline,federal/district_only,530,530,24227,23697,1.000,0.022,0.891,0.730,0.078,0.320,0.376,0.711,0.578,0.273,0.227,0.414,0.478,0.482,1.000,0.403,0.411,0.706,0.226,0.460,0.576,0.442,0.356,0.624,0.647,0.417,0.646,0.703,0.528,0.183,0.117,0.160,0.562,0.111,0.049,0.445,0.050,0.684,0.677,0.443,0.360,0.615,0.418,0.418,0.387,0.436,0.440
baseline,Baseline,Moderately polarized appointment environment with ordinary constitutional-review pressure.,fifteen-justice-commission,Fifteen-justice supermajority commission court,court_variant,strong_form_court,pipeline,federal/state_federal_split,198,198,8294,8096,1.000,0.024,0.887,0.734,0.033,0.476,0.411,0.571,0.714,0.381,0.556,0.381,0.868,0.657,3.000,0.538,0.511,0.709,0.241,0.446,0.580,0.423,0.354,0.615,0.639,0.450,0.644,0.715,0.505,0.182,0.167,0.192,0.596,0.051,0.051,0.404,0.055,0.710,0.707,0.473,0.365,0.727,0.418,0.447,0.469,0.458,0.483
baseline,Baseline,Moderately polarized appointment environment with ordinary constitutional-review pressure.,fifteen-justice-commission,Fifteen-justice supermajority commission court,court_variant,strong_form_court,pipeline,mixed_state_federal/circuit_en_banc,837,837,35377,34540,1.000,0.024,0.895,0.743,0.056,0.354,0.356,0.692,0.615,0.231,0.354,0.208,0.817,0.652,3.000,0.761,0.564,0.707,0.271,0.462,0.572,0.420,0.367,0.612,0.639,0.449,0.644,0.733,0.559,0.151,0.140,0.203,0.556,0.129,0.075,0.307,0.064,0.691,0.674,0.447,0.367,0.726,0.425,0.447,0.465,0.463,0.484
baseline,Baseline,Moderately polarized appointment environment with ordinary constitutional-review pressure.,fifteen-justice-commission,Fifteen-justice supermajority commission court,court_variant,strong_form_court,pipeline,mixed_state_federal/district_only,124,124,5224,5100,1.000,0.024,0.870,0.725,0.142,0.245,0.300,0.623,0.604,0.302,0.245,0.358,0.669,0.486,1.000,0.732,0.504,0.686,0.286,0.452,0.562,0.434,0.388,0.616,0.628,0.427,0.646,0.732,0.573,0.218,0.097,0.185,0.556,0.081,0.040,0.226,0.062,0.696,0.685,0.461,0.364,0.637,0.435,0.426,0.386,0.448,0.451
baseline,Baseline,Moderately polarized appointment environment with ordinary constitutional-review pressure.,fifteen-justice-commission,Fifteen-justice supermajority commission court,court_variant,strong_form_court,pipeline,mixed_state_federal/state_federal_split,1542,1542,63504,61962,1.000,0.024,0.863,0.732,0.056,0.537,0.501,0.674,0.560,0.312,0.537,0.234,0.858,0.657,3.000,0.780,0.579,0.696,0.291,0.445,0.580,0.430,0.352,0.610,0.628,0.449,0.644,0.737,0.523,0.191,0.138,0.232,0.551,0.137,0.074,0.300,0.057,0.693,0.672,0.448,0.366,0.730,0.422,0.448,0.469,0.462,0.485
baseline,Baseline,Moderately polarized appointment environment with ordinary constitutional-review pressure.,fifteen-justice-commission,Fifteen-justice supermajority commission court,court_variant,strong_form_court,pipeline,state/circuit_en_banc,88,88,4033,3945,1.000,0.022,0.985,0.785,0.023,0.000,0.024,0.500,0.667,0.000,0.000,0.000,0.774,0.664,3.000,0.472,0.511,0.749,0.181,0.525,0.556,0.387,0.388,0.621,0.681,0.455,0.644,0.703,0.614,0.102,0.114,0.148,0.636,0.125,0.034,0.443,0.048,0.679,0.670,0.439,0.365,0.723,0.419,0.446,0.468,0.462,0.482
baseline,Baseline,Moderately polarized appointment environment with ordinary constitutional-review pressure.,fifteen-justice-commission,Fifteen-justice supermajority commission court,court_variant,strong_form_court,pipeline,state/circuit_panel,599,599,26647,26048,1.000,0.022,0.904,0.745,0.064,0.327,0.321,0.681,0.566,0.301,0.327,0.310,0.610,0.564,2.000,0.559,0.469,0.713,0.238,0.481,0.572,0.429,0.354,0.619,0.650,0.431,0.645,0.715,0.509,0.167,0.140,0.210,0.543,0.127,0.062,0.314,0.060,0.692,0.696,0.449,0.363,0.666,0.421,0.431,0.426,0.448,0.461
baseline,Baseline,Moderately polarized appointment environment with ordinary constitutional-review pressure.,fifteen-justice-commission,Fifteen-justice supermajority commission court,court_variant,strong_form_court,pipeline,state/district_only,143,143,6192,6049,1.000,0.023,0.903,0.741,0.119,0.140,0.227,0.667,0.684,0.281,0.140,0.421,0.630,0.475,1.000,0.528,0.454,0.703,0.242,0.493,0.565,0.431,0.387,0.621,0.650,0.429,0.646,0.714,0.566,0.161,0.133,0.140,0.497,0.175,0.063,0.308,0.048,0.694,0.678,0.428,0.362,0.630,0.431,0.424,0.385,0.444,0.447
baseline,Baseline,Moderately polarized appointment environment with ordinary constitutional-review pressure.,fifteen-justice-commission,Fifteen-justice supermajority commission court,court_variant,strong_form_court,pipeline,state/state_federal_split,1264,1264,52836,51572,1.000,0.024,0.881,0.743,0.055,0.516,0.442,0.654,0.553,0.293,0.516,0.287,0.839,0.650,3.000,0.592,0.529,0.706,0.257,0.464,0.581,0.431,0.355,0.614,0.641,0.445,0.644,0.721,0.545,0.168,0.142,0.240,0.536,0.129,0.064,0.332,0.053,0.707,0.695,0.465,0.365,0.725,0.421,0.446,0.467,0.460,0.483
baseline,Baseline,Moderately polarized appointment environment with ordinary constitutional-review pressure.,fifteen-justice-commission,Fifteen-justice supermajority commission court,court_variant,strong_form_court,pipeline,state/state_high_court,1231,1231,53643,52412,1.000,0.023,0.871,0.737,0.055,0.503,0.512,0.650,0.559,0.249,0.503,0.249,0.605,0.568,2.000,0.542,0.475,0.704,0.254,0.462,0.585,0.442,0.346,0.618,0.641,0.426,0.645,0.716,0.564,0.176,0.141,0.168,0.568,0.105,0.061,0.352,0.053,0.708,0.691,0.455,0.362,0.665,0.415,0.431,0.431,0.445,0.460
baseline,Baseline,Moderately polarized appointment environment with ordinary constitutional-review pressure.,supermajority-invalidation,Supermajority required to invalidate laws,court_variant,strong_form_court,pipeline,federal/circuit_en_banc,973,973,43227,42254,1.000,0.023,0.930,0.746,0.063,0.345,0.239,0.655,0.461,0.285,0.287,0.200,0.719,0.648,3.000,0.385,0.474,0.699,0.206,0.468,0.562,0.419,0.374,0.618,0.651,0.453,0.643,0.705,0.563,0.157,0.116,0.186,0.557,0.138,0.050,0.435,0.054,0.707,0.700,0.497,0.305,0.712,0.402,0.383,0.460,0.495,0.466
baseline,Baseline,Moderately polarized appointment environment with ordinary constitutional-review pressure.,supermajority-invalidation,Supermajority required to invalidate laws,court_variant,strong_form_court,pipeline,federal/circuit_panel,2071,2071,93281,91210,1.000,0.022,0.901,0.734,0.067,0.448,0.373,0.610,0.521,0.293,0.305,0.312,0.568,0.564,2.000,0.403,0.433,0.689,0.224,0.458,0.569,0.438,0.354,0.620,0.644,0.435,0.644,0.707,0.549,0.149,0.142,0.196,0.565,0.124,0.061,0.442,0.052,0.707,0.693,0.483,0.302,0.660,0.396,0.370,0.423,0.481,0.445
baseline,Baseline,Moderately polarized appointment environment with ordinary constitutional-review pressure.,supermajority-invalidation,Supermajority required to invalidate laws,court_variant,strong_form_court,pipeline,federal/district_only,530,530,24195,23665,1.000,0.022,0.901,0.725,0.087,0.418,0.335,0.672,0.507,0.269,0.287,0.410,0.478,0.482,1.000,0.403,0.411,0.682,0.227,0.454,0.565,0.442,0.356,0.623,0.641,0.426,0.645,0.707,0.568,0.158,0.121,0.179,0.525,0.126,0.051,0.451,0.045,0.708,0.699,0.488,0.300,0.615,0.397,0.359,0.384,0.472,0.427
baseline,Baseline,Moderately polarized appointment environment with ordinary constitutional-review pressure.,supermajority-invalidation,Supermajority required to invalidate laws,court_variant,strong_form_court,pipeline,federal/state_federal_split,198,198,8313,8115,1.000,0.024,0.898,0.732,0.023,0.438,0.402,0.750,0.438,0.375,0.500,0.438,0.868,0.657,3.000,0.538,0.511,0.688,0.238,0.446,0.572,0.423,0.354,0.615,0.636,0.460,0.643,0.719,0.540,0.146,0.187,0.217,0.581,0.121,0.076,0.409,0.048,0.731,0.718,0.527,0.305,0.727,0.394,0.387,0.467,0.494,0.469
baseline,Baseline,Moderately polarized appointment environment with ordinary constitutional-review pressure.,supermajority-invalidation,Supermajority required to invalidate laws,court_variant,strong_form_court,pipeline,mixed_state_federal/circuit_en_banc,837,837,35342,34505,1.000,0.024,0.901,0.740,0.065,0.441,0.337,0.684,0.522,0.287,0.441,0.176,0.817,0.652,3.000,0.761,0.564,0.682,0.273,0.459,0.563,0.420,0.367,0.610,0.633,0.458,0.643,0.737,0.511,0.205,0.137,0.243,0.528,0.139,0.068,0.278,0.056,0.720,0.696,0.501,0.307,0.726,0.404,0.388,0.462,0.499,0.471
baseline,Baseline,Moderately polarized appointment environment with ordinary constitutional-review pressure.,supermajority-invalidation,Supermajority required to invalidate laws,court_variant,strong_form_court,pipeline,mixed_state_federal/district_only,124,124,5214,5090,1.000,0.024,0.885,0.720,0.145,0.255,0.253,0.618,0.527,0.255,0.255,0.400,0.669,0.486,1.000,0.732,0.504,0.664,0.286,0.442,0.551,0.434,0.388,0.615,0.622,0.437,0.645,0.736,0.444,0.274,0.153,0.266,0.540,0.177,0.032,0.226,0.054,0.720,0.708,0.536,0.304,0.636,0.414,0.366,0.384,0.484,0.438
baseline,Baseline,Moderately polarized appointment environment with ordinary constitutional-review pressure.,supermajority-invalidation,Supermajority required to invalidate laws,court_variant,strong_form_court,pipeline,mixed_state_federal/state_federal_split,1542,1542,63451,61909,1.000,0.024,0.870,0.730,0.059,0.546,0.502,0.659,0.528,0.284,0.546,0.236,0.858,0.657,3.000,0.780,0.579,0.672,0.292,0.443,0.572,0.430,0.352,0.608,0.623,0.458,0.643,0.741,0.499,0.210,0.165,0.253,0.530,0.124,0.089,0.262,0.053,0.716,0.691,0.490,0.307,0.730,0.401,0.388,0.466,0.499,0.472
baseline,Baseline,Moderately polarized appointment environment with ordinary constitutional-review pressure.,supermajority-invalidation,Supermajority required to invalidate laws,court_variant,strong_form_court,pipeline,state/circuit_en_banc,88,88,4039,3951,1.000,0.022,0.989,0.786,0.019,0.000,0.012,0.200,0.600,0.000,0.000,0.000,0.774,0.664,3.000,0.472,0.511,0.728,0.180,0.522,0.547,0.387,0.388,0.620,0.677,0.465,0.643,0.707,0.614,0.170,0.102,0.182,0.534,0.159,0.068,0.420,0.046,0.676,0.677,0.455,0.306,0.723,0.397,0.386,0.466,0.498,0.469
baseline,Baseline,Moderately polarized appointment environment with ordinary constitutional-review pressure.,supermajority-invalidation,Supermajority required to invalidate laws,court_variant,strong_form_court,pipeline,state/circuit_panel,599,599,26632,26033,1.000,0.022,0.910,0.741,0.068,0.447,0.303,0.684,0.421,0.289,0.447,0.316,0.610,0.564,2.000,0.559,0.469,0.688,0.239,0.476,0.563,0.429,0.354,0.618,0.645,0.440,0.644,0.719,0.521,0.192,0.130,0.200,0.534,0.109,0.048,0.341,0.056,0.714,0.705,0.491,0.303,0.666,0.399,0.372,0.424,0.484,0.447
baseline,Baseline,Moderately polarized appointment environment with ordinary constitutional-review pressure.,supermajority-invalidation,Supermajority required to invalidate laws,court_variant,strong_form_court,pipeline,state/district_only,143,143,6169,6026,1.000,0.023,0.910,0.729,0.141,0.226,0.160,0.581,0.500,0.210,0.226,0.403,0.630,0.475,1.000,0.528,0.454,0.671,0.246,0.480,0.552,0.431,0.387,0.620,0.638,0.437,0.645,0.718,0.573,0.189,0.098,0.196,0.538,0.140,0.049,0.322,0.041,0.732,0.729,0.507,0.303,0.630,0.411,0.364,0.382,0.480,0.434
baseline,Baseline,Moderately polarized appointment environment with ordinary constitutional-review pressure.,supermajority-invalidation,Supermajority required to invalidate laws,court_variant,strong_form_court,pipeline,state/state_federal_split,1264,1264,52799,51535,1.000,0.024,0.888,0.740,0.058,0.526,0.443,0.597,0.546,0.286,0.526,0.296,0.839,0.650,3.000,0.592,0.529,0.683,0.258,0.461,0.573,0.431,0.355,0.612,0.636,0.455,0.643,0.725,0.536,0.180,0.140,0.216,0.530,0.131,0.071,0.326,0.048,0.733,0.723,0.513,0.306,0.725,0.400,0.387,0.465,0.496,0.469
baseline,Baseline,Moderately polarized appointment environment with ordinary constitutional-review pressure.,supermajority-invalidation,Supermajority required to invalidate laws,court_variant,strong_form_court,pipeline,state/state_high_court,1231,1231,53669,52438,1.000,0.023,0.884,0.735,0.056,0.561,0.462,0.630,0.549,0.335,0.561,0.260,0.605,0.568,2.000,0.542,0.475,0.682,0.251,0.461,0.573,0.442,0.346,0.617,0.638,0.435,0.644,0.719,0.548,0.161,0.142,0.183,0.574,0.117,0.061,0.319,0.050,0.725,0.703,0.502,0.303,0.665,0.393,0.371,0.428,0.482,0.446
baseline,Baseline,Moderately polarized appointment environment with ordinary constitutional-review pressure.,strict-recusal-court,Strict recusal with substitute justices,court_variant,strong_form_court,pipeline,federal/circuit_en_banc,973,973,43148,42175,1.000,0.023,0.922,0.747,0.066,0.337,0.251,0.724,0.635,0.254,0.262,0.204,0.719,0.648,3.000,0.385,0.474,0.740,0.208,0.468,0.578,0.419,0.374,0.615,0.659,0.441,0.644,0.705,0.586,0.153,0.106,0.190,0.601,0.100,0.043,0.482,0.062,0.630,0.627,0.405,0.364,0.712,0.425,0.442,0.462,0.493,0.485
baseline,Baseline,Moderately polarized appointment environment with ordinary constitutional-review pressure.,strict-recusal-court,Strict recusal with substitute justices,court_variant,strong_form_court,pipeline,federal/circuit_panel,2071,2071,93239,91168,1.000,0.022,0.890,0.737,0.064,0.420,0.399,0.710,0.684,0.290,0.270,0.333,0.568,0.564,2.000,0.403,0.433,0.730,0.225,0.460,0.587,0.438,0.354,0.618,0.653,0.424,0.645,0.707,0.586,0.136,0.125,0.160,0.591,0.115,0.057,0.470,0.060,0.626,0.619,0.380,0.361,0.660,0.419,0.428,0.425,0.479,0.464
baseline,Baseline,Moderately polarized appointment environment with ordinary constitutional-review pressure.,strict-recusal-court,Strict recusal with substitute justices,court_variant,strong_form_court,pipeline,federal/district_only,530,530,24154,23624,1.000,0.022,0.892,0.727,0.086,0.331,0.348,0.706,0.669,0.257,0.208,0.353,0.478,0.482,1.000,0.403,0.411,0.722,0.226,0.459,0.582,0.442,0.356,0.621,0.650,0.415,0.646,0.706,0.557,0.175,0.142,0.175,0.562,0.104,0.070,0.474,0.050,0.633,0.624,0.384,0.359,0.615,0.420,0.417,0.387,0.470,0.446
baseline,Baseline,Moderately polarized appointment environment with ordinary constitutional-review pressure.,strict-recusal-court,Strict recusal with substitute justices,court_variant,strong_form_court,pipeline,federal/state_federal_split,198,198,8314,8116,1.000,0.024,0.891,0.734,0.027,0.533,0.380,0.800,0.800,0.133,0.615,0.267,0.868,0.657,3.000,0.538,0.511,0.728,0.236,0.448,0.586,0.423,0.354,0.612,0.644,0.448,0.644,0.718,0.525,0.152,0.182,0.222,0.571,0.086,0.091,0.475,0.059,0.657,0.680,0.420,0.364,0.727,0.416,0.445,0.470,0.492,0.488
baseline,Baseline,Moderately polarized appointment environment with ordinary constitutional-review pressure.,strict-recusal-court,Strict recusal with substitute justices,court_variant,strong_form_court,pipeline,mixed_state_federal/circuit_en_banc,837,837,35293,34456,1.000,0.024,0.897,0.744,0.064,0.361,0.319,0.722,0.722,0.285,0.361,0.167,0.817,0.652,3.000,0.761,0.564,0.726,0.270,0.464,0.577,0.420,0.367,0.608,0.644,0.445,0.644,0.737,0.570,0.191,0.104,0.186,0.564,0.108,0.043,0.323,0.067,0.643,0.626,0.414,0.366,0.726,0.426,0.446,0.465,0.497,0.490
baseline,Baseline,Moderately polarized appointment environment with ordinary constitutional-review pressure.,strict-recusal-court,Strict recusal with substitute justices,court_variant,strong_form_court,pipeline,mixed_state_federal/district_only,124,124,5214,5090,1.000,0.024,0.865,0.718,0.147,0.286,0.300,0.768,0.679,0.339,0.286,0.393,0.669,0.486,1.000,0.732,0.504,0.701,0.288,0.446,0.570,0.434,0.388,0.612,0.629,0.426,0.645,0.736,0.565,0.185,0.145,0.161,0.565,0.137,0.097,0.266,0.060,0.650,0.627,0.425,0.363,0.636,0.437,0.424,0.386,0.482,0.457
baseline,Baseline,Moderately polarized appointment environment with ordinary constitutional-review pressure.,strict-recusal-court,Strict recusal with substitute justices,court_variant,strong_form_court,pipeline,mixed_state_federal/state_federal_split,1542,1542,63395,61853,1.000,0.024,0.862,0.731,0.061,0.535,0.491,0.667,0.687,0.305,0.535,0.222,0.858,0.657,3.000,0.780,0.579,0.714,0.291,0.445,0.587,0.430,0.352,0.606,0.632,0.447,0.644,0.741,0.560,0.173,0.145,0.215,0.547,0.124,0.072,0.307,0.064,0.645,0.629,0.399,0.365,0.730,0.424,0.447,0.469,0.497,0.491
baseline,Baseline,Moderately polarized appointment environment with ordinary constitutional-review pressure.,strict-recusal-court,Strict recusal with substitute justices,court_variant,strong_form_court,pipeline,state/circuit_en_banc,88,88,4030,3942,1.000,0.022,0.984,0.787,0.026,0.000,0.012,0.571,0.571,0.143,0.000,0.000,0.774,0.664,3.000,0.472,0.511,0.768,0.183,0.521,0.563,0.387,0.388,0.617,0.685,0.453,0.644,0.707,0.682,0.102,0.102,0.170,0.648,0.170,0.045,0.432,0.052,0.593,0.590,0.342,0.365,0.723,0.421,0.445,0.468,0.496,0.488
baseline,Baseline,Moderately polarized appointment environment with ordinary constitutional-review pressure.,strict-recusal-court,Strict recusal with substitute justices,court_variant,strong_form_court,pipeline,state/circuit_panel,599,599,26693,26094,1.000,0.022,0.906,0.747,0.056,0.317,0.321,0.703,0.653,0.139,0.317,0.287,0.610,0.564,2.000,0.559,0.469,0.734,0.235,0.485,0.580,0.429,0.354,0.616,0.658,0.429,0.645,0.718,0.563,0.162,0.117,0.184,0.581,0.090,0.067,0.376,0.064,0.625,0.638,0.368,0.362,0.666,0.420,0.430,0.427,0.481,0.466
baseline,Baseline,Moderately polarized appointment environment with ordinary constitutional-review pressure.,strict-recusal-court,Strict recusal with substitute justices,court_variant,strong_form_court,pipeline,state/district_only,143,143,6186,6043,1.000,0.023,0.913,0.737,0.116,0.207,0.159,0.672,0.552,0.259,0.207,0.483,0.630,0.475,1.000,0.528,0.454,0.723,0.238,0.488,0.569,0.431,0.387,0.618,0.653,0.426,0.645,0.716,0.497,0.203,0.112,0.224,0.538,0.091,0.056,0.371,0.047,0.652,0.653,0.419,0.362,0.630,0.432,0.423,0.385,0.478,0.453
baseline,Baseline,Moderately polarized appointment environment with ordinary constitutional-review pressure.,strict-recusal-court,Strict recusal with substitute justices,court_variant,strong_form_court,pipeline,state/state_federal_split,1264,1264,52741,51477,1.000,0.024,0.882,0.744,0.060,0.463,0.432,0.724,0.668,0.238,0.463,0.280,0.839,0.650,3.000,0.592,0.529,0.725,0.256,0.468,0.588,0.431,0.355,0.610,0.646,0.443,0.644,0.724,0.560,0.167,0.124,0.196,0.583,0.113,0.063,0.364,0.058,0.656,0.658,0.416,0.365,0.725,0.423,0.445,0.467,0.494,0.489
baseline,Baseline,Moderately polarized appointment environment with ordinary constitutional-review pressure.,strict-recusal-court,Strict recusal with substitute justices,court_variant,strong_form_court,pipeline,state/state_high_court,1231,1231,53635,52404,1.000,0.023,0.874,0.739,0.053,0.440,0.487,0.714,0.697,0.303,0.440,0.229,0.605,0.568,2.000,0.542,0.475,0.725,0.251,0.466,0.591,0.442,0.346,0.615,0.648,0.424,0.645,0.719,0.583,0.151,0.122,0.170,0.584,0.109,0.064,0.351,0.058,0.651,0.644,0.397,0.361,0.665,0.416,0.430,0.431,0.480,0.465
baseline,Baseline,Moderately polarized appointment environment with ordinary constitutional-review pressure.,reasoned-emergency-review,Reasoned emergency orders with merits follow-up,court_variant,strong_form_court,pipeline,federal/circuit_en_banc,973,973,43487,42514,1.000,0.022,0.929,0.750,0.003,0.351,0.288,0.877,0.684,0.167,0.363,1.000,0.719,0.648,3.000,0.385,0.474,0.756,0.196,0.468,0.588,0.419,0.374,0.619,0.662,0.452,0.644,0.703,0.596,0.154,0.109,0.170,0.586,0.117,0.041,0.459,0.067,0.674,0.688,0.396,0.311,0.713,0.413,0.389,0.463,0.490,0.469
baseline,Baseline,Moderately polarized appointment environment with ordinary constitutional-review pressure.,reasoned-emergency-review,Reasoned emergency orders with merits follow-up,court_variant,strong_form_court,pipeline,federal/circuit_panel,2071,2071,93996,91925,1.000,0.022,0.894,0.740,0.003,0.435,0.442,0.889,0.704,0.150,0.307,1.000,0.568,0.564,2.000,0.403,0.433,0.745,0.216,0.461,0.598,0.438,0.354,0.621,0.656,0.435,0.645,0.706,0.578,0.154,0.135,0.167,0.606,0.110,0.068,0.461,0.061,0.672,0.683,0.369,0.308,0.660,0.407,0.375,0.426,0.476,0.448
baseline,Baseline,Moderately polarized appointment environment with ordinary constitutional-review pressure.,reasoned-emergency-review,Reasoned emergency orders with merits follow-up,court_variant,strong_form_court,pipeline,federal/district_only,530,530,24441,23911,1.000,0.022,0.895,0.734,0.005,0.393,0.423,0.798,0.685,0.124,0.319,1.000,0.478,0.482,1.000,0.403,0.411,0.742,0.214,0.459,0.595,0.442,0.356,0.625,0.655,0.426,0.645,0.704,0.625,0.126,0.109,0.138,0.606,0.104,0.057,0.498,0.054,0.678,0.695,0.374,0.305,0.615,0.406,0.364,0.388,0.467,0.430
baseline,Baseline,Moderately polarized appointment environment with ordinary constitutional-review pressure.,reasoned-emergency-review,Reasoned emergency orders with merits follow-up,court_variant,strong_form_court,pipeline,federal/state_federal_split,198,198,8346,8148,1.000,0.024,0.886,0.734,0.000,0.250,0.449,0.750,0.750,0.375,0.286,1.000,0.868,0.657,3.000,0.538,0.511,0.737,0.238,0.443,0.597,0.423,0.354,0.615,0.642,0.459,0.643,0.718,0.586,0.187,0.106,0.172,0.530,0.152,0.051,0.379,0.060,0.712,0.730,0.413,0.311,0.727,0.406,0.392,0.470,0.490,0.472
baseline,Baseline,Moderately polarized appointment environment with ordinary constitutional-review pressure.,reasoned-emergency-review,Reasoned emergency orders with merits follow-up,court_variant,strong_form_court,pipeline,mixed_state_federal/circuit_en_banc,837,837,35542,34705,1.000,0.024,0.897,0.742,0.002,0.396,0.392,0.912,0.692,0.066,0.396,1.000,0.817,0.652,3.000,0.761,0.564,0.738,0.263,0.460,0.590,0.420,0.367,0.611,0.644,0.458,0.643,0.736,0.554,0.171,0.129,0.191,0.556,0.133,0.070,0.311,0.067,0.684,0.681,0.385,0.313,0.727,0.415,0.393,0.465,0.494,0.474
baseline,Baseline,Moderately polarized appointment environment with ordinary constitutional-review pressure.,reasoned-emergency-review,Reasoned emergency orders with merits follow-up,court_variant,strong_form_court,pipeline,mixed_state_federal/district_only,124,124,5288,5164,1.000,0.023,0.880,0.722,0.015,0.452,0.347,0.929,0.643,0.143,0.452,1.000,0.669,0.486,1.000,0.732,0.504,0.729,0.261,0.445,0.583,0.434,0.388,0.618,0.635,0.437,0.645,0.732,0.516,0.218,0.097,0.274,0.573,0.105,0.032,0.339,0.064,0.711,0.717,0.429,0.309,0.637,0.421,0.371,0.387,0.479,0.440
baseline,Baseline,Moderately polarized appointment environment with ordinary constitutional-review pressure.,reasoned-emergency-review,Reasoned emergency orders with merits follow-up,court_variant,strong_form_court,pipeline,mixed_state_federal/state_federal_split,1542,1542,63763,62221,1.000,0.024,0.864,0.729,0.003,0.542,0.550,0.852,0.697,0.168,0.542,1.000,0.858,0.657,3.000,0.780,0.579,0.727,0.285,0.443,0.600,0.430,0.352,0.609,0.633,0.460,0.643,0.740,0.547,0.195,0.130,0.211,0.543,0.135,0.071,0.270,0.062,0.688,0.686,0.389,0.312,0.730,0.413,0.394,0.469,0.494,0.475
baseline,Baseline,Moderately polarized appointment environment with ordinary constitutional-review pressure.,reasoned-emergency-review,Reasoned emergency orders with merits follow-up,court_variant,strong_form_court,pipeline,state/circuit_en_banc,88,88,4059,3971,1.000,0.022,0.986,0.785,0.000,0.000,0.034,1.000,0.000,0.000,0.000,1.000,0.774,0.664,3.000,0.472,0.511,0.775,0.175,0.524,0.568,0.387,0.388,0.620,0.685,0.462,0.643,0.706,0.534,0.159,0.102,0.136,0.614,0.125,0.057,0.443,0.058,0.668,0.671,0.376,0.311,0.723,0.409,0.391,0.468,0.493,0.472
baseline,Baseline,Moderately polarized appointment environment with ordinary constitutional-review pressure.,reasoned-emergency-review,Reasoned emergency orders with merits follow-up,court_variant,strong_form_court,pipeline,state/circuit_panel,599,599,26852,26253,1.000,0.022,0.908,0.747,0.003,0.417,0.371,0.875,0.722,0.111,0.417,1.000,0.610,0.564,2.000,0.559,0.469,0.747,0.227,0.480,0.590,0.429,0.354,0.620,0.658,0.440,0.644,0.717,0.573,0.154,0.122,0.202,0.596,0.105,0.058,0.392,0.067,0.672,0.691,0.376,0.309,0.667,0.409,0.377,0.427,0.479,0.450
baseline,Baseline,Moderately polarized appointment environment with ordinary constitutional-review pressure.,reasoned-emergency-review,Reasoned emergency orders with merits follow-up,court_variant,strong_form_court,pipeline,state/district_only,143,143,6217,6074,1.000,0.023,0.922,0.743,0.006,0.192,0.238,0.865,0.596,0.096,0.192,1.000,0.630,0.475,1.000,0.528,0.454,0.746,0.213,0.491,0.581,0.431,0.387,0.623,0.661,0.437,0.645,0.713,0.573,0.084,0.133,0.217,0.601,0.098,0.049,0.413,0.057,0.681,0.702,0.382,0.309,0.631,0.421,0.369,0.385,0.476,0.438
baseline,Baseline,Moderately polarized appointment environment with ordinary constitutional-review pressure.,reasoned-emergency-review,Reasoned emergency orders with merits follow-up,court_variant,strong_form_court,pipeline,state/state_federal_split,1264,1264,53162,51898,1.000,0.024,0.883,0.742,0.003,0.571,0.488,0.830,0.714,0.116,0.571,1.000,0.839,0.650,3.000,0.592,0.529,0.738,0.250,0.457,0.600,0.431,0.355,0.613,0.645,0.456,0.643,0.723,0.566,0.154,0.150,0.199,0.560,0.137,0.070,0.332,0.059,0.694,0.711,0.388,0.311,0.726,0.410,0.392,0.467,0.491,0.473
baseline,Baseline,Moderately polarized appointment environment with ordinary constitutional-review pressure.,reasoned-emergency-review,Reasoned emergency orders with merits follow-up,court_variant,strong_form_court,pipeline,state/state_high_court,1231,1231,53985,52754,1.000,0.023,0.874,0.739,0.002,0.485,0.541,0.913,0.689,0.175,0.485,1.000,0.605,0.568,2.000,0.542,0.475,0.737,0.247,0.456,0.602,0.442,0.346,0.618,0.647,0.436,0.644,0.718,0.574,0.145,0.145,0.167,0.555,0.115,0.079,0.362,0.058,0.705,0.709,0.401,0.308,0.665,0.404,0.376,0.431,0.477,0.449
baseline,Baseline,Moderately polarized appointment environment with ordinary constitutional-review pressure.,panel-en-banc-review,Panel review with en banc safety valve,court_variant,strong_form_court,pipeline,federal/circuit_en_banc,973,973,43136,42163,1.000,0.023,0.920,0.747,0.066,0.343,0.262,0.646,0.613,0.232,0.265,0.221,0.719,0.648,3.000,0.385,0.474,0.734,0.209,0.470,0.576,0.419,0.374,0.611,0.655,0.440,0.643,0.704,0.565,0.153,0.122,0.203,0.568,0.138,0.048,0.447,0.057,0.703,0.701,0.464,0.434,0.712,0.460,0.508,0.533,0.484,0.521
baseline,Baseline,Moderately polarized appointment environment with ordinary constitutional-review pressure.,panel-en-banc-review,Panel review with en banc safety valve,court_variant,strong_form_court,pipeline,federal/circuit_panel,2071,2071,93213,91142,1.000,0.022,0.886,0.737,0.067,0.424,0.425,0.668,0.670,0.236,0.261,0.307,0.568,0.564,2.000,0.403,0.433,0.724,0.228,0.461,0.585,0.438,0.354,0.615,0.648,0.423,0.645,0.706,0.565,0.158,0.131,0.186,0.564,0.126,0.061,0.442,0.053,0.697,0.690,0.446,0.423,0.660,0.446,0.488,0.483,0.465,0.493
baseline,Baseline,Moderately polarized appointment environment with ordinary constitutional-review pressure.,panel-en-banc-review,Panel review with en banc safety valve,court_variant,strong_form_court,pipeline,federal/district_only,530,530,24161,23631,1.000,0.022,0.884,0.727,0.088,0.428,0.383,0.725,0.616,0.304,0.277,0.391,0.478,0.482,1.000,0.403,0.411,0.715,0.230,0.456,0.581,0.442,0.356,0.618,0.645,0.414,0.645,0.706,0.558,0.166,0.108,0.168,0.536,0.117,0.038,0.404,0.046,0.702,0.702,0.451,0.421,0.615,0.447,0.476,0.443,0.456,0.475
baseline,Baseline,Moderately polarized appointment environment with ordinary constitutional-review pressure.,panel-en-banc-review,Panel review with en banc safety valve,court_variant,strong_form_court,pipeline,federal/state_federal_split,198,198,8299,8101,1.000,0.024,0.883,0.734,0.029,0.474,0.417,0.474,0.789,0.368,0.500,0.421,0.868,0.657,3.000,0.538,0.511,0.722,0.240,0.448,0.586,0.423,0.354,0.606,0.640,0.447,0.643,0.718,0.581,0.157,0.121,0.212,0.515,0.131,0.076,0.399,0.055,0.726,0.722,0.478,0.442,0.727,0.459,0.519,0.552,0.489,0.530
baseline,Baseline,Moderately polarized appointment environment with ordinary constitutional-review pressure.,panel-en-banc-review,Panel review with en banc safety valve,court_variant,strong_form_court,pipeline,mixed_state_federal/circuit_en_banc,837,837,35371,34534,1.000,0.024,0.890,0.746,0.054,0.313,0.363,0.672,0.656,0.267,0.313,0.206,0.817,0.652,3.000,0.761,0.564,0.720,0.271,0.465,0.577,0.420,0.367,0.603,0.640,0.445,0.643,0.736,0.509,0.196,0.149,0.219,0.539,0.140,0.065,0.252,0.060,0.711,0.695,0.477,0.442,0.726,0.465,0.518,0.545,0.493,0.531
baseline,Baseline,Moderately polarized appointment environment with ordinary constitutional-review pressure.,panel-en-banc-review,Panel review with en banc safety valve,court_variant,strong_form_court,pipeline,mixed_state_federal/district_only,124,124,5237,5113,1.000,0.024,0.868,0.722,0.133,0.275,0.280,0.667,0.549,0.314,0.275,0.392,0.669,0.486,1.000,0.732,0.504,0.697,0.283,0.448,0.566,0.434,0.388,0.608,0.627,0.424,0.645,0.734,0.573,0.177,0.137,0.169,0.532,0.129,0.065,0.266,0.058,0.719,0.709,0.476,0.434,0.637,0.469,0.492,0.458,0.474,0.493
baseline,Baseline,Moderately polarized appointment environment with ordinary constitutional-review pressure.,panel-en-banc-review,Panel review with en banc safety valve,court_variant,strong_form_court,pipeline,mixed_state_federal/state_federal_split,1542,1542,63450,61908,1.000,0.024,0.857,0.731,0.057,0.513,0.511,0.711,0.625,0.259,0.513,0.250,0.858,0.657,3.000,0.780,0.579,0.707,0.292,0.445,0.586,0.430,0.352,0.600,0.628,0.446,0.643,0.741,0.528,0.206,0.127,0.222,0.516,0.126,0.066,0.252,0.056,0.704,0.685,0.451,0.443,0.730,0.464,0.520,0.551,0.493,0.533
baseline,Baseline,Moderately polarized appointment environment with ordinary constitutional-review pressure.,panel-en-banc-review,Panel review with en banc safety valve,court_variant,strong_form_court,pipeline,state/circuit_en_banc,88,88,4029,3941,1.000,0.022,0.984,0.786,0.030,0.000,0.013,0.750,0.875,0.125,0.000,0.000,0.774,0.664,3.000,0.472,0.511,0.760,0.182,0.526,0.560,0.387,0.388,0.613,0.682,0.452,0.643,0.706,0.580,0.159,0.102,0.216,0.659,0.136,0.034,0.500,0.046,0.667,0.686,0.434,0.437,0.723,0.458,0.513,0.542,0.489,0.526
baseline,Baseline,Moderately polarized appointment environment with ordinary constitutional-review pressure.,panel-en-banc-review,Panel review with en banc safety valve,court_variant,strong_form_court,pipeline,state/circuit_panel,599,599,26574,25975,1.000,0.023,0.896,0.743,0.073,0.390,0.350,0.691,0.667,0.154,0.390,0.260,0.610,0.564,2.000,0.559,0.469,0.724,0.243,0.478,0.578,0.429,0.354,0.612,0.649,0.428,0.644,0.718,0.568,0.152,0.120,0.182,0.524,0.125,0.047,0.347,0.059,0.701,0.703,0.451,0.427,0.666,0.452,0.492,0.488,0.470,0.498
baseline,Baseline,Moderately polarized appointment environment with ordinary constitutional-review pressure.,panel-en-banc-review,Panel review with en banc safety valve,court_variant,strong_form_court,pipeline,state/district_only,143,143,6185,6042,1.000,0.023,0.902,0.740,0.123,0.190,0.191,0.690,0.552,0.241,0.190,0.431,0.630,0.475,1.000,0.528,0.454,0.713,0.241,0.492,0.567,0.431,0.387,0.614,0.648,0.425,0.645,0.716,0.545,0.147,0.175,0.231,0.559,0.091,0.091,0.357,0.041,0.719,0.716,0.482,0.431,0.630,0.465,0.488,0.454,0.469,0.488
baseline,Baseline,Moderately polarized appointment environment with ordinary constitutional-review pressure.,panel-en-banc-review,Panel review with en banc safety valve,court_variant,strong_form_court,pipeline,state/state_federal_split,1264,1264,52893,51629,1.000,0.024,0.878,0.742,0.052,0.492,0.446,0.642,0.626,0.246,0.492,0.274,0.839,0.650,3.000,0.592,0.529,0.719,0.256,0.464,0.586,0.431,0.355,0.605,0.641,0.442,0.643,0.724,0.513,0.198,0.138,0.230,0.517,0.132,0.070,0.321,0.052,0.725,0.717,0.476,0.441,0.725,0.461,0.517,0.548,0.489,0.529
baseline,Baseline,Moderately polarized appointment environment with ordinary constitutional-review pressure.,panel-en-banc-review,Panel review with en banc safety valve,court_variant,strong_form_court,pipeline,state/state_high_court,1231,1231,53630,52399,1.000,0.023,0.870,0.738,0.053,0.492,0.507,0.682,0.715,0.251,0.492,0.274,0.605,0.568,2.000,0.542,0.475,0.718,0.253,0.463,0.589,0.442,0.346,0.611,0.642,0.423,0.644,0.718,0.527,0.189,0.145,0.203,0.553,0.128,0.064,0.351,0.051,0.721,0.706,0.474,0.427,0.665,0.446,0.492,0.493,0.468,0.497
baseline,Baseline,Moderately polarized appointment environment with ordinary constitutional-review pressure.,dual-cross-checking-courts,Dual supreme courts with cross-checking invalidations,court_variant,strong_form_court,pipeline,federal/circuit_en_banc,973,973,43657,42684,1.000,0.022,0.947,0.752,0.003,0.250,0.202,0.869,0.750,0.155,0.246,1.000,0.719,0.648,3.000,0.385,0.474,0.766,0.202,0.475,0.582,0.419,0.374,0.590,0.661,0.604,0.640,0.718,0.662,0.116,0.097,0.147,0.635,0.113,0.041,0.530,0.078,0.491,0.467,0.297,0.519,0.713,0.569,0.589,0.589,0.626,0.599
baseline,Baseline,Moderately polarized appointment environment with ordinary constitutional-review pressure.,dual-cross-checking-courts,Dual supreme courts with cross-checking invalidations,court_variant,strong_form_court,pipeline,federal/circuit_panel,2071,2071,94469,92398,1.000,0.022,0.915,0.742,0.004,0.372,0.338,0.878,0.756,0.122,0.221,1.000,0.568,0.564,2.000,0.403,0.433,0.754,0.222,0.468,0.591,0.438,0.354,0.592,0.654,0.587,0.641,0.720,0.681,0.097,0.093,0.129,0.662,0.079,0.035,0.549,0.073,0.492,0.468,0.289,0.516,0.661,0.561,0.575,0.553,0.612,0.577
baseline,Baseline,Moderately polarized appointment environment with ordinary constitutional-review pressure.,dual-cross-checking-courts,Dual supreme courts with cross-checking invalidations,court_variant,strong_form_court,pipeline,federal/district_only,530,530,24510,23980,1.000,0.022,0.924,0.732,0.006,0.224,0.281,0.842,0.658,0.145,0.185,1.000,0.478,0.482,1.000,0.403,0.411,0.750,0.219,0.466,0.586,0.442,0.356,0.595,0.654,0.577,0.642,0.719,0.668,0.098,0.100,0.111,0.674,0.070,0.047,0.566,0.066,0.481,0.457,0.275,0.514,0.616,0.562,0.564,0.514,0.603,0.559
baseline,Baseline,Moderately polarized appointment environment with ordinary constitutional-review pressure.,dual-cross-checking-courts,Dual supreme courts with cross-checking invalidations,court_variant,strong_form_court,pipeline,federal/state_federal_split,198,198,8351,8153,1.000,0.024,0.914,0.740,0.001,0.429,0.313,1.000,0.857,0.000,0.600,1.000,0.868,0.657,3.000,0.538,0.511,0.747,0.244,0.452,0.587,0.423,0.354,0.585,0.643,0.608,0.640,0.733,0.616,0.136,0.131,0.187,0.636,0.066,0.061,0.439,0.067,0.528,0.516,0.337,0.519,0.727,0.564,0.593,0.596,0.626,0.602
baseline,Baseline,Moderately polarized appointment environment with ordinary constitutional-review pressure.,dual-cross-checking-courts,Dual supreme courts with cross-checking invalidations,court_variant,strong_form_court,pipeline,mixed_state_federal/circuit_en_banc,837,837,35740,34903,1.000,0.023,0.925,0.754,0.002,0.327,0.262,0.878,0.714,0.163,0.327,1.000,0.817,0.652,3.000,0.761,0.564,0.751,0.266,0.472,0.581,0.420,0.367,0.582,0.648,0.607,0.640,0.750,0.621,0.136,0.115,0.177,0.642,0.085,0.059,0.397,0.079,0.497,0.464,0.293,0.521,0.727,0.568,0.594,0.592,0.630,0.603
baseline,Baseline,Moderately polarized appointment environment with ordinary constitutional-review pressure.,dual-cross-checking-courts,Dual supreme courts with cross-checking invalidations,court_variant,strong_form_court,pipeline,mixed_state_federal/district_only,124,124,5328,5204,1.000,0.023,0.932,0.725,0.012,0.206,0.145,0.824,0.794,0.088,0.206,1.000,0.669,0.486,1.000,0.732,0.504,0.742,0.261,0.458,0.569,0.434,0.388,0.589,0.641,0.588,0.641,0.745,0.629,0.145,0.097,0.137,0.597,0.065,0.024,0.379,0.078,0.499,0.481,0.288,0.517,0.638,0.574,0.571,0.515,0.614,0.568
baseline,Baseline,Moderately polarized appointment environment with ordinary constitutional-review pressure.,dual-cross-checking-courts,Dual supreme courts with cross-checking invalidations,court_variant,strong_form_court,pipeline,mixed_state_federal/state_federal_split,1542,1542,63952,62410,1.000,0.024,0.891,0.745,0.003,0.412,0.414,0.833,0.647,0.118,0.412,1.000,0.858,0.657,3.000,0.780,0.579,0.739,0.288,0.458,0.590,0.430,0.352,0.580,0.637,0.607,0.640,0.754,0.615,0.141,0.128,0.188,0.628,0.097,0.064,0.370,0.075,0.502,0.474,0.289,0.521,0.731,0.567,0.594,0.596,0.630,0.604
baseline,Baseline,Moderately polarized appointment environment with ordinary constitutional-review pressure.,dual-cross-checking-courts,Dual supreme courts with cross-checking invalidations,court_variant,strong_form_court,pipeline,state/circuit_en_banc,88,88,4054,3966,1.000,0.022,0.996,0.786,0.000,0.000,0.000,1.000,0.667,0.000,0.000,1.000,0.774,0.664,3.000,0.472,0.511,0.786,0.182,0.524,0.567,0.387,0.388,0.591,0.682,0.616,0.640,0.720,0.625,0.091,0.136,0.216,0.625,0.136,0.045,0.432,0.068,0.488,0.446,0.314,0.520,0.723,0.568,0.593,0.594,0.631,0.602
baseline,Baseline,Moderately polarized appointment environment with ordinary constitutional-review pressure.,dual-cross-checking-courts,Dual supreme courts with cross-checking invalidations,court_variant,strong_form_court,pipeline,state/circuit_panel,599,599,26978,26379,1.000,0.022,0.928,0.754,0.002,0.234,0.282,0.894,0.723,0.106,0.234,1.000,0.610,0.564,2.000,0.559,0.469,0.757,0.235,0.491,0.585,0.429,0.354,0.590,0.658,0.591,0.641,0.731,0.666,0.117,0.095,0.144,0.674,0.087,0.043,0.444,0.078,0.493,0.475,0.290,0.516,0.667,0.563,0.577,0.554,0.615,0.579
baseline,Baseline,Moderately polarized appointment environment with ordinary constitutional-review pressure.,dual-cross-checking-courts,Dual supreme courts with cross-checking invalidations,court_variant,strong_form_court,pipeline,state/district_only,143,143,6261,6118,1.000,0.023,0.963,0.738,0.009,0.070,0.077,0.860,0.698,0.070,0.070,1.000,0.630,0.475,1.000,0.528,0.454,0.756,0.218,0.504,0.569,0.431,0.387,0.594,0.662,0.589,0.642,0.727,0.636,0.091,0.077,0.147,0.608,0.077,0.042,0.434,0.062,0.485,0.454,0.277,0.517,0.631,0.574,0.570,0.512,0.611,0.566
baseline,Baseline,Moderately polarized appointment environment with ordinary constitutional-review pressure.,dual-cross-checking-courts,Dual supreme courts with cross-checking invalidations,court_variant,strong_form_court,pipeline,state/state_federal_split,1264,1264,53261,51997,1.000,0.024,0.906,0.753,0.003,0.459,0.380,0.871,0.576,0.165,0.459,1.000,0.839,0.650,3.000,0.592,0.529,0.749,0.255,0.479,0.593,0.431,0.355,0.584,0.649,0.605,0.640,0.738,0.623,0.145,0.111,0.180,0.627,0.090,0.041,0.421,0.071,0.515,0.498,0.312,0.520,0.726,0.566,0.592,0.594,0.627,0.602
baseline,Baseline,Moderately polarized appointment environment with ordinary constitutional-review pressure.,dual-cross-checking-courts,Dual supreme courts with cross-checking invalidations,court_variant,strong_form_court,pipeline,state/state_high_court,1231,1231,54177,52946,1.000,0.023,0.899,0.745,0.002,0.515,0.415,0.894,0.742,0.076,0.515,1.000,0.605,0.568,2.000,0.542,0.475,0.746,0.250,0.478,0.594,0.442,0.346,0.588,0.649,0.586,0.641,0.732,0.644,0.124,0.104,0.145,0.634,0.090,0.049,0.436,0.071,0.510,0.489,0.291,0.516,0.665,0.559,0.577,0.558,0.613,0.579
baseline,Baseline,Moderately polarized appointment environment with ordinary constitutional-review pressure.,constitutional-council,Pre-enactment constitutional council,court_variant,strong_form_court,pipeline,federal/circuit_en_banc,973,973,43141,42168,1.000,0.023,0.964,0.747,0.061,0.282,0.194,0.747,0.701,0.276,0.189,0.201,0.719,0.648,3.000,0.385,0.474,0.768,0.201,0.472,0.583,0.419,0.374,0.602,0.660,0.670,0.643,0.712,0.697,0.104,0.076,0.134,0.695,0.081,0.030,0.603,0.084,0.396,0.350,0.247,0.444,0.712,0.486,0.516,0.530,0.569,0.543
baseline,Baseline,Moderately polarized appointment environment with ordinary constitutional-review pressure.,constitutional-council,Pre-enactment constitutional council,court_variant,strong_form_court,pipeline,federal/circuit_panel,2071,2071,93303,91232,1.000,0.022,0.952,0.734,0.060,0.360,0.302,0.730,0.720,0.246,0.176,0.320,0.568,0.564,2.000,0.403,0.433,0.755,0.214,0.466,0.588,0.438,0.354,0.605,0.655,0.653,0.644,0.713,0.693,0.088,0.097,0.128,0.690,0.066,0.042,0.572,0.082,0.397,0.346,0.242,0.440,0.660,0.479,0.502,0.493,0.555,0.521
baseline,Baseline,Moderately polarized appointment environment with ordinary constitutional-review pressure.,constitutional-council,Pre-enactment constitutional council,court_variant,strong_form_court,pipeline,federal/district_only,530,530,24270,23740,1.000,0.022,0.953,0.724,0.069,0.303,0.253,0.807,0.765,0.269,0.182,0.403,0.478,0.482,1.000,0.403,0.411,0.751,0.214,0.463,0.584,0.442,0.356,0.608,0.654,0.644,0.645,0.712,0.672,0.106,0.089,0.094,0.675,0.075,0.038,0.600,0.078,0.385,0.332,0.237,0.439,0.615,0.479,0.491,0.455,0.546,0.503
baseline,Baseline,Moderately polarized appointment environment with ordinary constitutional-review pressure.,constitutional-council,Pre-enactment constitutional council,court_variant,strong_form_court,pipeline,federal/state_federal_split,198,198,8285,8087,1.000,0.024,0.958,0.743,0.034,0.091,0.285,0.727,0.818,0.136,0.118,0.136,0.868,0.657,3.000,0.538,0.511,0.754,0.228,0.457,0.586,0.423,0.354,0.599,0.650,0.673,0.643,0.725,0.652,0.091,0.101,0.141,0.652,0.051,0.040,0.490,0.073,0.428,0.392,0.267,0.444,0.727,0.481,0.519,0.537,0.569,0.546
baseline,Baseline,Moderately polarized appointment environment with ordinary constitutional-review pressure.,constitutional-council,Pre-enactment constitutional council,court_variant,strong_form_court,pipeline,mixed_state_federal/circuit_en_banc,837,837,35313,34476,1.000,0.024,0.950,0.748,0.061,0.347,0.242,0.729,0.701,0.250,0.347,0.174,0.817,0.652,3.000,0.761,0.564,0.752,0.261,0.469,0.580,0.420,0.367,0.595,0.648,0.673,0.642,0.743,0.682,0.115,0.093,0.155,0.644,0.087,0.037,0.436,0.087,0.399,0.341,0.246,0.445,0.726,0.487,0.520,0.533,0.573,0.547
baseline,Baseline,Moderately polarized appointment environment with ordinary constitutional-review pressure.,constitutional-council,Pre-enactment constitutional council,court_variant,strong_form_court,pipeline,mixed_state_federal/district_only,124,124,5239,5115,1.000,0.024,0.937,0.721,0.122,0.157,0.149,0.804,0.725,0.333,0.157,0.412,0.669,0.486,1.000,0.732,0.504,0.737,0.270,0.456,0.569,0.434,0.388,0.600,0.637,0.654,0.644,0.741,0.653,0.129,0.121,0.185,0.702,0.073,0.040,0.444,0.080,0.409,0.348,0.253,0.443,0.637,0.495,0.499,0.455,0.558,0.514
baseline,Baseline,Moderately polarized appointment environment with ordinary constitutional-review pressure.,constitutional-council,Pre-enactment constitutional council,court_variant,strong_form_court,pipeline,mixed_state_federal/state_federal_split,1542,1542,63427,61885,1.000,0.024,0.937,0.742,0.055,0.468,0.390,0.740,0.706,0.217,0.468,0.251,0.858,0.657,3.000,0.780,0.579,0.743,0.278,0.458,0.588,0.430,0.352,0.593,0.641,0.672,0.642,0.747,0.657,0.110,0.112,0.164,0.646,0.079,0.052,0.411,0.082,0.408,0.341,0.246,0.445,0.730,0.485,0.521,0.537,0.573,0.548
baseline,Baseline,Moderately polarized appointment environment with ordinary constitutional-review pressure.,constitutional-council,Pre-enactment constitutional council,court_variant,strong_form_court,pipeline,state/circuit_en_banc,88,88,4018,3930,1.000,0.022,0.991,0.786,0.033,0.000,0.000,1.000,0.889,0.222,0.000,0.000,0.774,0.664,3.000,0.472,0.511,0.790,0.183,0.524,0.570,0.387,0.388,0.603,0.682,0.683,0.643,0.715,0.648,0.136,0.091,0.193,0.750,0.057,0.045,0.523,0.071,0.333,0.274,0.186,0.443,0.722,0.483,0.518,0.535,0.572,0.545
baseline,Baseline,Moderately polarized appointment environment with ordinary constitutional-review pressure.,constitutional-council,Pre-enactment constitutional council,court_variant,strong_form_court,pipeline,state/circuit_panel,599,599,26658,26059,1.000,0.022,0.955,0.747,0.058,0.303,0.258,0.780,0.761,0.248,0.303,0.312,0.610,0.564,2.000,0.559,0.469,0.758,0.230,0.491,0.584,0.429,0.354,0.603,0.659,0.658,0.644,0.725,0.663,0.124,0.098,0.134,0.691,0.067,0.057,0.439,0.087,0.388,0.338,0.236,0.442,0.666,0.482,0.505,0.494,0.558,0.524
baseline,Baseline,Moderately polarized appointment environment with ordinary constitutional-review pressure.,constitutional-council,Pre-enactment constitutional council,court_variant,strong_form_court,pipeline,state/district_only,143,143,6181,6038,1.000,0.023,0.952,0.732,0.121,0.136,0.056,0.814,0.627,0.237,0.136,0.390,0.630,0.475,1.000,0.528,0.454,0.746,0.233,0.498,0.570,0.431,0.387,0.605,0.656,0.656,0.644,0.723,0.727,0.070,0.105,0.091,0.657,0.049,0.049,0.552,0.070,0.380,0.313,0.211,0.441,0.630,0.493,0.496,0.452,0.554,0.511
baseline,Baseline,Moderately polarized appointment environment with ordinary constitutional-review pressure.,constitutional-council,Pre-enactment constitutional council,court_variant,strong_form_court,pipeline,state/state_federal_split,1264,1264,52867,51603,1.000,0.024,0.948,0.748,0.050,0.435,0.344,0.734,0.685,0.239,0.435,0.277,0.839,0.650,3.000,0.592,0.529,0.753,0.245,0.482,0.590,0.431,0.355,0.597,0.653,0.671,0.643,0.730,0.650,0.115,0.103,0.162,0.668,0.074,0.055,0.440,0.078,0.413,0.364,0.255,0.444,0.725,0.483,0.519,0.535,0.570,0.546
baseline,Baseline,Moderately polarized appointment environment with ordinary constitutional-review pressure.,constitutional-council,Pre-enactment constitutional council,court_variant,strong_form_court,pipeline,state/state_high_court,1231,1231,53684,52453,1.000,0.023,0.943,0.737,0.051,0.473,0.391,0.733,0.776,0.285,0.473,0.206,0.605,0.568,2.000,0.542,0.475,0.748,0.241,0.477,0.592,0.442,0.346,0.602,0.652,0.652,0.644,0.725,0.671,0.105,0.105,0.144,0.644,0.071,0.052,0.486,0.076,0.415,0.366,0.249,0.441,0.665,0.476,0.504,0.499,0.556,0.523
baseline,Baseline,Moderately polarized appointment environment with ordinary constitutional-review pressure.,legislative-override-court,Judicial review with delayed legislative override,court_variant,strong_form_court,pipeline,federal/circuit_en_banc,973,973,43194,42221,1.000,0.023,0.914,0.745,0.062,0.325,0.274,0.686,0.592,0.249,0.267,0.213,0.719,0.648,3.000,0.385,0.474,0.715,0.211,0.469,0.571,0.419,0.374,0.614,0.650,0.443,0.644,0.708,0.564,0.170,0.128,0.198,0.561,0.141,0.055,0.478,0.052,0.741,0.734,0.517,0.312,0.712,0.419,0.389,0.462,0.519,0.475
baseline,Baseline,Moderately polarized appointment environment with ordinary constitutional-review pressure.,legislative-override-court,Judicial review with delayed legislative override,court_variant,strong_form_court,pipeline,federal/circuit_panel,2071,2071,93261,91190,1.000,0.022,0.879,0.732,0.067,0.450,0.417,0.668,0.555,0.297,0.297,0.330,0.568,0.564,2.000,0.403,0.433,0.704,0.232,0.462,0.580,0.438,0.354,0.616,0.642,0.424,0.645,0.711,0.561,0.167,0.120,0.176,0.556,0.126,0.056,0.426,0.047,0.737,0.726,0.492,0.308,0.660,0.413,0.376,0.425,0.505,0.454
baseline,Baseline,Moderately polarized appointment environment with ordinary constitutional-review pressure.,legislative-override-court,Judicial review with delayed legislative override,court_variant,strong_form_court,pipeline,federal/district_only,530,530,24186,23656,1.000,0.022,0.879,0.724,0.088,0.388,0.381,0.619,0.582,0.269,0.236,0.373,0.478,0.482,1.000,0.403,0.411,0.697,0.232,0.458,0.575,0.442,0.356,0.620,0.640,0.416,0.645,0.710,0.526,0.174,0.149,0.157,0.526,0.111,0.066,0.425,0.044,0.739,0.733,0.505,0.307,0.615,0.413,0.365,0.386,0.496,0.436
baseline,Baseline,Moderately polarized appointment environment with ordinary constitutional-review pressure.,legislative-override-court,Judicial review with delayed legislative override,court_variant,strong_form_court,pipeline,federal/state_federal_split,198,198,8284,8086,1.000,0.024,0.871,0.725,0.043,0.708,0.429,0.667,0.667,0.375,0.810,0.417,0.868,0.657,3.000,0.538,0.511,0.699,0.257,0.451,0.584,0.423,0.354,0.609,0.630,0.444,0.643,0.724,0.485,0.207,0.111,0.237,0.551,0.136,0.066,0.348,0.039,0.779,0.772,0.537,0.312,0.727,0.414,0.393,0.469,0.519,0.479
baseline,Baseline,Moderately polarized appointment environment with ordinary constitutional-review pressure.,legislative-override-court,Judicial review with delayed legislative override,court_variant,strong_form_court,pipeline,mixed_state_federal/circuit_en_banc,837,837,35308,34471,1.000,0.024,0.882,0.740,0.063,0.331,0.368,0.613,0.535,0.296,0.331,0.162,0.817,0.652,3.000,0.761,0.564,0.698,0.277,0.463,0.572,0.420,0.367,0.607,0.633,0.447,0.643,0.740,0.514,0.209,0.130,0.210,0.522,0.139,0.067,0.278,0.055,0.750,0.726,0.511,0.313,0.726,0.420,0.394,0.464,0.523,0.480
baseline,Baseline,Moderately polarized appointment environment with ordinary constitutional-review pressure.,legislative-override-court,Judicial review with delayed legislative override,court_variant,strong_form_court,pipeline,mixed_state_federal/district_only,124,124,5240,5116,1.000,0.024,0.849,0.718,0.139,0.333,0.355,0.745,0.431,0.255,0.333,0.392,0.669,0.486,1.000,0.732,0.504,0.677,0.295,0.450,0.566,0.434,0.388,0.611,0.620,0.427,0.645,0.740,0.524,0.258,0.073,0.185,0.540,0.145,0.048,0.339,0.049,0.751,0.736,0.511,0.311,0.637,0.428,0.372,0.387,0.508,0.447
baseline,Baseline,Moderately polarized appointment environment with ordinary constitutional-review pressure.,legislative-override-court,Judicial review with delayed legislative override,court_variant,strong_form_court,pipeline,mixed_state_federal/state_federal_split,1542,1542,63452,61910,1.000,0.024,0.848,0.723,0.061,0.561,0.520,0.630,0.548,0.296,0.561,0.217,0.858,0.657,3.000,0.780,0.579,0.687,0.303,0.449,0.583,0.430,0.352,0.604,0.621,0.445,0.643,0.745,0.502,0.217,0.148,0.250,0.512,0.138,0.082,0.257,0.053,0.748,0.723,0.503,0.313,0.730,0.418,0.394,0.469,0.523,0.481
baseline,Baseline,Moderately polarized appointment environment with ordinary constitutional-review pressure.,legislative-override-court,Judicial review with delayed legislative override,court_variant,strong_form_court,pipeline,state/circuit_en_banc,88,88,4029,3941,1.000,0.022,0.977,0.785,0.029,0.143,0.012,0.714,0.714,0.286,0.143,0.000,0.774,0.664,3.000,0.472,0.511,0.740,0.184,0.518,0.554,0.387,0.388,0.616,0.675,0.455,0.643,0.710,0.489,0.239,0.057,0.227,0.580,0.159,0.023,0.330,0.040,0.734,0.739,0.485,0.313,0.723,0.415,0.392,0.467,0.522,0.479
baseline,Baseline,Moderately polarized appointment environment with ordinary constitutional-review pressure.,legislative-override-court,Judicial review with delayed legislative override,court_variant,strong_form_court,pipeline,state/circuit_panel,599,599,26696,26097,1.000,0.022,0.892,0.742,0.058,0.343,0.350,0.676,0.539,0.275,0.343,0.304,0.610,0.564,2.000,0.559,0.469,0.706,0.241,0.480,0.574,0.429,0.354,0.615,0.645,0.431,0.645,0.722,0.531,0.182,0.115,0.199,0.548,0.105,0.068,0.327,0.053,0.742,0.738,0.502,0.310,0.666,0.414,0.378,0.426,0.507,0.456
baseline,Baseline,Moderately polarized appointment environment with ordinary constitutional-review pressure.,legislative-override-court,Judicial review with delayed legislative override,court_variant,strong_form_court,pipeline,state/district_only,143,143,6158,6015,1.000,0.023,0.885,0.742,0.135,0.177,0.274,0.710,0.581,0.242,0.177,0.403,0.630,0.475,1.000,0.528,0.454,0.692,0.249,0.491,0.565,0.431,0.387,0.616,0.642,0.429,0.645,0.721,0.524,0.210,0.105,0.168,0.503,0.126,0.056,0.420,0.034,0.762,0.749,0.516,0.310,0.630,0.428,0.370,0.383,0.504,0.444
baseline,Baseline,Moderately polarized appointment environment with ordinary constitutional-review pressure.,legislative-override-court,Judicial review with delayed legislative override,court_variant,strong_form_court,pipeline,state/state_federal_split,1264,1264,52784,51520,1.000,0.024,0.868,0.736,0.060,0.507,0.467,0.640,0.502,0.291,0.507,0.271,0.839,0.650,3.000,0.592,0.529,0.698,0.264,0.465,0.583,0.431,0.355,0.609,0.634,0.444,0.643,0.728,0.517,0.180,0.157,0.230,0.528,0.140,0.072,0.295,0.047,0.758,0.745,0.520,0.312,0.725,0.417,0.393,0.467,0.520,0.479
baseline,Baseline,Moderately polarized appointment environment with ordinary constitutional-review pressure.,legislative-override-court,Judicial review with delayed legislative override,court_variant,strong_form_court,pipeline,state/state_high_court,1231,1231,53676,52445,1.000,0.023,0.859,0.730,0.053,0.470,0.527,0.655,0.554,0.298,0.470,0.214,0.605,0.568,2.000,0.542,0.475,0.697,0.261,0.466,0.586,0.442,0.346,0.613,0.635,0.424,0.645,0.723,0.523,0.182,0.159,0.197,0.530,0.124,0.076,0.335,0.047,0.762,0.737,0.519,0.309,0.665,0.409,0.377,0.431,0.506,0.456
baseline,Baseline,Moderately polarized appointment environment with ordinary constitutional-review pressure.,accountability-retention-court,Retention-election accountability court,court_variant,strong_form_court,pipeline,federal/circuit_en_banc,973,973,43137,42164,1.000,0.023,0.926,0.739,0.063,0.194,0.175,0.700,0.561,0.172,0.103,0.189,0.719,0.648,3.000,0.385,0.474,0.735,0.205,0.478,0.571,0.419,0.374,0.611,0.665,0.418,0.643,0.710,0.664,0.098,0.092,0.133,0.632,0.096,0.032,0.533,0.069,0.444,0.394,0.299,0.323,0.712,0.456,0.401,0.466,0.546,0.491
baseline,Baseline,Moderately polarized appointment environment with ordinary constitutional-review pressure.,accountability-retention-court,Retention-election accountability court,court_variant,strong_form_court,pipeline,federal/circuit_panel,2071,2071,93428,91357,1.000,0.022,0.902,0.721,0.054,0.278,0.263,0.678,0.569,0.264,0.115,0.358,0.568,0.564,2.000,0.403,0.433,0.726,0.216,0.474,0.576,0.438,0.354,0.614,0.660,0.398,0.644,0.711,0.653,0.096,0.101,0.141,0.651,0.079,0.041,0.529,0.067,0.437,0.385,0.286,0.320,0.660,0.448,0.387,0.430,0.532,0.469
baseline,Baseline,Moderately polarized appointment environment with ordinary constitutional-review pressure.,accountability-retention-court,Retention-election accountability court,court_variant,strong_form_court,pipeline,federal/district_only,530,530,24195,23665,1.000,0.022,0.906,0.715,0.075,0.167,0.229,0.689,0.598,0.197,0.074,0.386,0.478,0.482,1.000,0.403,0.411,0.721,0.217,0.470,0.571,0.442,0.356,0.617,0.659,0.391,0.645,0.710,0.647,0.111,0.102,0.140,0.658,0.060,0.040,0.562,0.061,0.424,0.372,0.279,0.318,0.615,0.450,0.376,0.391,0.523,0.452
baseline,Baseline,Moderately polarized appointment environment with ordinary constitutional-review pressure.,accountability-retention-court,Retention-election accountability court,court_variant,strong_form_court,pipeline,federal/state_federal_split,198,198,8287,8089,1.000,0.024,0.902,0.729,0.030,0.182,0.251,0.636,0.364,0.182,0.211,0.318,0.868,0.657,3.000,0.538,0.511,0.727,0.232,0.470,0.575,0.423,0.354,0.607,0.655,0.417,0.643,0.723,0.646,0.116,0.126,0.157,0.646,0.076,0.061,0.535,0.064,0.455,0.417,0.310,0.324,0.727,0.451,0.404,0.474,0.546,0.495
baseline,Baseline,Moderately polarized appointment environment with ordinary constitutional-review pressure.,accountability-retention-court,Retention-election accountability court,court_variant,strong_form_court,pipeline,mixed_state_federal/circuit_en_banc,837,837,35371,34534,1.000,0.024,0.900,0.735,0.054,0.273,0.229,0.617,0.633,0.289,0.273,0.188,0.817,0.652,3.000,0.761,0.564,0.723,0.267,0.479,0.571,0.420,0.367,0.603,0.651,0.417,0.643,0.742,0.625,0.142,0.105,0.170,0.612,0.086,0.051,0.368,0.074,0.454,0.393,0.306,0.325,0.726,0.455,0.405,0.469,0.550,0.496
baseline,Baseline,Moderately polarized appointment environment with ordinary constitutional-review pressure.,accountability-retention-court,Retention-election accountability court,court_variant,strong_form_court,pipeline,mixed_state_federal/district_only,124,124,5192,5068,1.000,0.024,0.893,0.722,0.134,0.082,0.143,0.787,0.574,0.197,0.082,0.459,0.669,0.486,1.000,0.732,0.504,0.708,0.270,0.468,0.556,0.434,0.388,0.609,0.644,0.405,0.645,0.739,0.621,0.137,0.097,0.145,0.637,0.081,0.032,0.371,0.076,0.474,0.426,0.329,0.323,0.636,0.470,0.384,0.389,0.536,0.463
baseline,Baseline,Moderately polarized appointment environment with ordinary constitutional-review pressure.,accountability-retention-court,Retention-election accountability court,court_variant,strong_form_court,pipeline,mixed_state_federal/state_federal_split,1542,1542,63401,61859,1.000,0.024,0.864,0.730,0.056,0.364,0.377,0.725,0.611,0.243,0.364,0.243,0.858,0.657,3.000,0.780,0.579,0.712,0.290,0.472,0.580,0.430,0.352,0.601,0.643,0.414,0.643,0.746,0.606,0.130,0.125,0.192,0.615,0.094,0.064,0.357,0.068,0.457,0.391,0.301,0.325,0.730,0.454,0.405,0.473,0.550,0.497
baseline,Baseline,Moderately polarized appointment environment with ordinary constitutional-review pressure.,accountability-retention-court,Retention-election accountability court,court_variant,strong_form_court,pipeline,state/circuit_en_banc,88,88,4024,3936,1.000,0.022,0.976,0.786,0.034,0.000,0.013,0.778,0.444,0.222,0.000,0.000,0.774,0.664,3.000,0.472,0.511,0.759,0.184,0.524,0.558,0.387,0.388,0.612,0.690,0.434,0.643,0.713,0.773,0.068,0.034,0.114,0.705,0.091,0.011,0.591,0.071,0.390,0.342,0.247,0.324,0.722,0.452,0.403,0.471,0.549,0.494
baseline,Baseline,Moderately polarized appointment environment with ordinary constitutional-review pressure.,accountability-retention-court,Retention-election accountability court,court_variant,strong_form_court,pipeline,state/circuit_panel,599,599,26618,26019,1.000,0.023,0.909,0.735,0.060,0.257,0.219,0.628,0.602,0.274,0.257,0.310,0.610,0.564,2.000,0.559,0.469,0.726,0.231,0.499,0.570,0.429,0.354,0.612,0.663,0.405,0.644,0.723,0.628,0.098,0.129,0.157,0.648,0.075,0.060,0.411,0.068,0.451,0.401,0.300,0.321,0.666,0.452,0.389,0.430,0.534,0.472
baseline,Baseline,Moderately polarized appointment environment with ordinary constitutional-review pressure.,accountability-retention-court,Retention-election accountability court,court_variant,strong_form_court,pipeline,state/district_only,143,143,6137,5994,1.000,0.023,0.927,0.735,0.130,0.045,0.048,0.701,0.642,0.119,0.045,0.418,0.630,0.475,1.000,0.528,0.454,0.721,0.237,0.507,0.557,0.431,0.387,0.613,0.664,0.405,0.645,0.722,0.566,0.189,0.084,0.231,0.685,0.056,0.049,0.469,0.058,0.449,0.394,0.314,0.321,0.630,0.467,0.381,0.387,0.531,0.460
baseline,Baseline,Moderately polarized appointment environment with ordinary constitutional-review pressure.,accountability-retention-court,Retention-election accountability court,court_variant,strong_form_court,pipeline,state/state_federal_split,1264,1264,52822,51558,1.000,0.024,0.888,0.736,0.050,0.325,0.311,0.634,0.639,0.225,0.325,0.288,0.839,0.650,3.000,0.592,0.529,0.723,0.252,0.501,0.580,0.431,0.355,0.605,0.657,0.413,0.643,0.729,0.623,0.127,0.095,0.175,0.610,0.092,0.046,0.430,0.064,0.456,0.407,0.310,0.324,0.725,0.452,0.404,0.472,0.547,0.494
baseline,Baseline,Moderately polarized appointment environment with ordinary constitutional-review pressure.,accountability-retention-court,Retention-election accountability court,court_variant,strong_form_court,pipeline,state/state_high_court,1231,1231,53655,52424,1.000,0.023,0.882,0.721,0.049,0.358,0.346,0.676,0.602,0.261,0.358,0.273,0.605,0.568,2.000,0.542,0.475,0.718,0.246,0.493,0.580,0.442,0.346,0.610,0.655,0.395,0.644,0.724,0.629,0.125,0.115,0.141,0.640,0.071,0.049,0.431,0.063,0.467,0.418,0.309,0.320,0.665,0.446,0.388,0.435,0.533,0.471
baseline,Baseline,Moderately polarized appointment environment with ordinary constitutional-review pressure.,independence-accountability-hybrid,Hybrid court balancing independence and accountability,court_variant,strong_form_court,pipeline,federal/circuit_en_banc,973,973,43498,42525,1.000,0.022,0.948,0.752,0.002,0.205,0.227,0.875,0.714,0.098,0.210,1.000,0.719,0.648,3.000,0.385,0.474,0.769,0.189,0.474,0.584,0.419,0.374,0.596,0.673,0.440,0.641,0.717,0.632,0.109,0.102,0.174,0.668,0.117,0.046,0.530,0.077,0.485,0.505,0.292,0.458,0.713,0.455,0.533,0.533,0.640,0.553
baseline,Baseline,Moderately polarized appointment environment with ordinary constitutional-review pressure.,independence-accountability-hybrid,Hybrid court balancing independence and accountability,court_variant,strong_form_court,pipeline,federal/circuit_panel,2071,2071,94099,92028,1.000,0.022,0.917,0.742,0.002,0.335,0.378,0.874,0.696,0.130,0.215,1.000,0.568,0.564,2.000,0.403,0.433,0.758,0.208,0.467,0.594,0.438,0.354,0.600,0.667,0.423,0.642,0.719,0.661,0.111,0.105,0.145,0.643,0.102,0.055,0.510,0.075,0.487,0.502,0.282,0.446,0.660,0.440,0.511,0.482,0.620,0.524
baseline,Baseline,Moderately polarized appointment environment with ordinary constitutional-review pressure.,independence-accountability-hybrid,Hybrid court balancing independence and accountability,court_variant,strong_form_court,pipeline,federal/district_only,530,530,24373,23843,1.000,0.022,0.925,0.733,0.005,0.347,0.325,0.921,0.752,0.099,0.250,1.000,0.478,0.482,1.000,0.403,0.411,0.755,0.204,0.463,0.589,0.442,0.356,0.604,0.666,0.413,0.643,0.717,0.675,0.113,0.094,0.109,0.636,0.091,0.042,0.534,0.069,0.486,0.503,0.299,0.441,0.615,0.439,0.497,0.438,0.609,0.503
baseline,Baseline,Moderately polarized appointment environment with ordinary constitutional-review pressure.,independence-accountability-hybrid,Hybrid court balancing independence and accountability,court_variant,strong_form_court,pipeline,federal/state_federal_split,198,198,8337,8139,1.000,0.024,0.921,0.742,0.001,0.400,0.313,0.800,1.000,0.100,0.400,1.000,0.868,0.657,3.000,0.538,0.511,0.751,0.222,0.457,0.587,0.423,0.354,0.591,0.659,0.443,0.641,0.731,0.601,0.106,0.116,0.192,0.556,0.096,0.045,0.449,0.073,0.502,0.527,0.310,0.467,0.727,0.457,0.543,0.553,0.645,0.563
baseline,Baseline,Moderately polarized appointment environment with ordinary constitutional-review pressure.,independence-accountability-hybrid,Hybrid court balancing independence and accountability,court_variant,strong_form_court,pipeline,mixed_state_federal/circuit_en_banc,837,837,35555,34718,1.000,0.024,0.928,0.753,0.002,0.315,0.287,0.921,0.719,0.079,0.315,1.000,0.817,0.652,3.000,0.761,0.564,0.754,0.251,0.471,0.583,0.420,0.367,0.588,0.660,0.443,0.641,0.749,0.620,0.134,0.125,0.171,0.618,0.111,0.073,0.382,0.080,0.490,0.499,0.285,0.466,0.727,0.462,0.543,0.546,0.648,0.563
baseline,Baseline,Moderately polarized appointment environment with ordinary constitutional-review pressure.,independence-accountability-hybrid,Hybrid court balancing independence and accountability,court_variant,strong_form_court,pipeline,mixed_state_federal/district_only,124,124,5289,5165,1.000,0.023,0.933,0.727,0.008,0.220,0.177,0.902,0.829,0.073,0.220,1.000,0.669,0.486,1.000,0.732,0.504,0.746,0.240,0.460,0.571,0.434,0.388,0.596,0.654,0.423,0.642,0.744,0.742,0.137,0.065,0.113,0.653,0.040,0.032,0.379,0.081,0.506,0.521,0.330,0.456,0.637,0.462,0.515,0.458,0.628,0.523
baseline,Baseline,Moderately polarized appointment environment with ordinary constitutional-review pressure.,independence-accountability-hybrid,Hybrid court balancing independence and accountability,court_variant,strong_form_court,pipeline,mixed_state_federal/state_federal_split,1542,1542,63799,62257,1.000,0.024,0.896,0.743,0.002,0.479,0.435,0.875,0.771,0.118,0.479,1.000,0.858,0.657,3.000,0.780,0.579,0.742,0.271,0.457,0.592,0.430,0.352,0.586,0.649,0.444,0.641,0.753,0.610,0.140,0.126,0.179,0.610,0.102,0.058,0.348,0.078,0.498,0.503,0.292,0.467,0.730,0.461,0.544,0.551,0.648,0.564
baseline,Baseline,Moderately polarized appointment environment with ordinary constitutional-review pressure.,independence-accountability-hybrid,Hybrid court balancing independence and accountability,court_variant,strong_form_court,pipeline,state/circuit_en_banc,88,88,4035,3947,1.000,0.022,0.995,0.786,0.000,0.000,0.011,0.714,0.714,0.000,0.000,1.000,0.774,0.664,3.000,0.472,0.511,0.788,0.173,0.526,0.568,0.387,0.388,0.596,0.695,0.452,0.641,0.721,0.750,0.057,0.091,0.125,0.648,0.102,0.057,0.580,0.077,0.428,0.441,0.225,0.462,0.723,0.458,0.538,0.543,0.646,0.559
baseline,Baseline,Moderately polarized appointment environment with ordinary constitutional-review pressure.,independence-accountability-hybrid,Hybrid court balancing independence and accountability,court_variant,strong_form_court,pipeline,state/circuit_panel,599,599,26879,26280,1.000,0.022,0.931,0.751,0.002,0.319,0.304,0.899,0.609,0.145,0.319,1.000,0.610,0.564,2.000,0.559,0.469,0.760,0.220,0.488,0.587,0.429,0.354,0.598,0.670,0.428,0.642,0.730,0.641,0.104,0.117,0.140,0.664,0.095,0.052,0.417,0.079,0.476,0.502,0.276,0.449,0.667,0.445,0.515,0.487,0.624,0.528
baseline,Baseline,Moderately polarized appointment environment with ordinary constitutional-review pressure.,independence-accountability-hybrid,Hybrid court balancing independence and accountability,court_variant,strong_form_court,pipeline,state/district_only,143,143,6208,6065,1.000,0.023,0.960,0.741,0.004,0.094,0.112,0.925,0.774,0.094,0.094,1.000,0.630,0.475,1.000,0.528,0.454,0.759,0.202,0.500,0.572,0.431,0.387,0.601,0.673,0.424,0.643,0.726,0.643,0.147,0.084,0.175,0.587,0.091,0.035,0.476,0.062,0.496,0.507,0.301,0.455,0.630,0.462,0.512,0.453,0.624,0.520
baseline,Baseline,Moderately polarized appointment environment with ordinary constitutional-review pressure.,independence-accountability-hybrid,Hybrid court balancing independence and accountability,court_variant,strong_form_court,pipeline,state/state_federal_split,1264,1264,53134,51870,1.000,0.024,0.913,0.751,0.002,0.445,0.379,0.849,0.714,0.126,0.445,1.000,0.839,0.650,3.000,0.592,0.529,0.752,0.237,0.479,0.593,0.431,0.355,0.590,0.661,0.441,0.641,0.737,0.619,0.117,0.126,0.177,0.632,0.110,0.054,0.407,0.071,0.512,0.538,0.300,0.465,0.725,0.458,0.542,0.548,0.645,0.561
baseline,Baseline,Moderately polarized appointment environment with ordinary constitutional-review pressure.,independence-accountability-hybrid,Hybrid court balancing independence and accountability,court_variant,strong_form_court,pipeline,state/state_high_court,1231,1231,54035,52804,1.000,0.023,0.900,0.745,0.002,0.433,0.466,0.907,0.753,0.062,0.433,1.000,0.605,0.568,2.000,0.542,0.475,0.750,0.237,0.474,0.598,0.442,0.346,0.596,0.661,0.423,0.642,0.731,0.634,0.118,0.126,0.148,0.623,0.093,0.054,0.409,0.071,0.509,0.520,0.296,0.449,0.665,0.440,0.515,0.491,0.622,0.528
baseline,Baseline,Moderately polarized appointment environment with ordinary constitutional-review pressure.,weak-form-review,Weak-form review with legislative reply,synthetic_mechanism,weak_form_review,pipeline,federal/circuit_en_banc,973,973,1115,142,1.000,0.873,0.973,0.735,0.056,0.235,0.000,0.778,0.611,0.247,0.173,0.204,0.719,0.648,3.000,0.385,0.474,0.768,0.182,0.495,0.603,0.528,0.374,0.641,0.714,0.205,0.678,0.745,0.818,0.031,0.028,0.080,0.816,0.028,0.007,0.691,0.200,0.067,0.008,0.054,0.312,0.416,0.295,0.325,0.425,0.410,0.367
baseline,Baseline,Moderately polarized appointment environment with ordinary constitutional-review pressure.,weak-form-review,Weak-form review with legislative reply,synthetic_mechanism,weak_form_review,pipeline,federal/circuit_panel,2071,2071,2355,284,1.000,0.879,0.963,0.713,0.064,0.392,0.000,0.724,0.673,0.271,0.212,0.324,0.568,0.564,2.000,0.403,0.433,0.760,0.187,0.499,0.624,0.547,0.354,0.644,0.712,0.164,0.679,0.746,0.814,0.028,0.032,0.076,0.817,0.025,0.005,0.691,0.206,0.067,0.008,0.053,0.309,0.363,0.290,0.311,0.392,0.400,0.346
baseline,Baseline,Moderately polarized appointment environment with ordinary constitutional-review pressure.,weak-form-review,Weak-form review with legislative reply,synthetic_mechanism,weak_form_review,pipeline,federal/district_only,530,530,611,81,1.000,0.867,0.959,0.708,0.077,0.289,0.000,0.748,0.711,0.259,0.141,0.430,0.478,0.482,1.000,0.403,0.411,0.758,0.189,0.494,0.618,0.550,0.356,0.647,0.710,0.157,0.680,0.745,0.787,0.030,0.040,0.091,0.815,0.019,0.009,0.711,0.190,0.062,0.007,0.051,0.307,0.317,0.290,0.299,0.353,0.391,0.328
baseline,Baseline,Moderately polarized appointment environment with ordinary constitutional-review pressure.,weak-form-review,Weak-form review with legislative reply,synthetic_mechanism,weak_form_review,pipeline,federal/state_federal_split,198,198,220,22,1.000,0.900,0.967,0.720,0.038,0.304,0.000,0.609,0.435,0.348,0.368,0.217,0.868,0.657,3.000,0.538,0.511,0.756,0.200,0.495,0.625,0.534,0.354,0.638,0.708,0.187,0.678,0.757,0.833,0.040,0.025,0.051,0.758,0.030,0.005,0.652,0.162,0.067,0.009,0.064,0.312,0.433,0.292,0.328,0.436,0.414,0.372
baseline,Baseline,Moderately polarized appointment environment with ordinary constitutional-review pressure.,weak-form-review,Weak-form review with legislative reply,synthetic_mechanism,weak_form_review,pipeline,mixed_state_federal/circuit_en_banc,837,837,974,137,1.000,0.859,0.958,0.726,0.064,0.287,0.000,0.693,0.613,0.227,0.287,0.153,0.817,0.652,3.000,0.761,0.564,0.752,0.238,0.500,0.613,0.527,0.367,0.634,0.701,0.199,0.678,0.776,0.785,0.041,0.048,0.106,0.775,0.032,0.014,0.527,0.191,0.074,0.010,0.061,0.314,0.434,0.301,0.330,0.430,0.418,0.374
baseline,Baseline,Moderately polarized appointment environment with ordinary constitutional-review pressure.,weak-form-review,Weak-form review with legislative reply,synthetic_mechanism,weak_form_review,pipeline,mixed_state_federal/district_only,124,124,173,49,1.000,0.717,0.929,0.707,0.134,0.226,0.000,0.811,0.679,0.189,0.226,0.396,0.669,0.486,1.000,0.732,0.504,0.742,0.258,0.480,0.598,0.527,0.388,0.638,0.688,0.193,0.679,0.776,0.766,0.056,0.065,0.121,0.774,0.016,0.008,0.556,0.179,0.085,0.015,0.070,0.311,0.350,0.313,0.310,0.353,0.403,0.342
baseline,Baseline,Moderately polarized appointment environment with ordinary constitutional-review pressure.,weak-form-review,Weak-form review with legislative reply,synthetic_mechanism,weak_form_review,pipeline,mixed_state_federal/state_federal_split,1542,1542,1772,230,1.000,0.870,0.954,0.709,0.057,0.424,0.000,0.718,0.686,0.294,0.424,0.229,0.858,0.657,3.000,0.780,0.579,0.740,0.241,0.502,0.635,0.539,0.352,0.633,0.698,0.177,0.677,0.778,0.774,0.047,0.038,0.101,0.774,0.030,0.008,0.519,0.195,0.074,0.009,0.060,0.314,0.439,0.299,0.331,0.438,0.421,0.376
baseline,Baseline,Moderately polarized appointment environment with ordinary constitutional-review pressure.,weak-form-review,Weak-form review with legislative reply,synthetic_mechanism,weak_form_review,pipeline,state/circuit_en_banc,88,88,96,8,1.000,0.917,0.991,0.786,0.029,0.000,0.000,0.625,0.375,0.125,0.000,0.000,0.774,0.664,3.000,0.472,0.511,0.796,0.181,0.525,0.566,0.499,0.388,0.642,0.729,0.248,0.678,0.750,0.875,0.011,0.034,0.080,0.761,0.068,0.011,0.625,0.225,0.066,0.008,0.048,0.312,0.423,0.291,0.326,0.424,0.407,0.366
baseline,Baseline,Moderately polarized appointment environment with ordinary constitutional-review pressure.,weak-form-review,Weak-form review with legislative reply,synthetic_mechanism,weak_form_review,pipeline,state/circuit_panel,599,599,688,89,1.000,0.871,0.964,0.727,0.062,0.342,0.000,0.784,0.649,0.243,0.342,0.297,0.610,0.564,2.000,0.559,0.469,0.760,0.208,0.517,0.611,0.538,0.354,0.642,0.713,0.183,0.679,0.758,0.806,0.042,0.050,0.083,0.808,0.018,0.010,0.591,0.193,0.066,0.008,0.058,0.310,0.370,0.292,0.313,0.391,0.401,0.348
baseline,Baseline,Moderately polarized appointment environment with ordinary constitutional-review pressure.,weak-form-review,Weak-form review with legislative reply,synthetic_mechanism,weak_form_review,pipeline,state/district_only,143,143,195,52,1.000,0.733,0.949,0.729,0.131,0.143,0.000,0.746,0.714,0.095,0.143,0.397,0.630,0.475,1.000,0.528,0.454,0.758,0.223,0.511,0.585,0.527,0.387,0.642,0.706,0.203,0.679,0.758,0.818,0.021,0.035,0.056,0.811,0.021,0.000,0.615,0.178,0.075,0.010,0.059,0.310,0.341,0.310,0.307,0.347,0.397,0.338
baseline,Baseline,Moderately polarized appointment environment with ordinary constitutional-review pressure.,weak-form-review,Weak-form review with legislative reply,synthetic_mechanism,weak_form_review,pipeline,state/state_federal_split,1264,1264,1440,176,1.000,0.878,0.963,0.720,0.051,0.432,0.000,0.649,0.670,0.281,0.432,0.286,0.839,0.650,3.000,0.592,0.529,0.751,0.211,0.522,0.632,0.540,0.355,0.637,0.710,0.180,0.678,0.762,0.793,0.044,0.032,0.089,0.778,0.019,0.006,0.554,0.184,0.068,0.008,0.059,0.312,0.433,0.295,0.328,0.435,0.416,0.373
baseline,Baseline,Moderately polarized appointment environment with ordinary constitutional-review pressure.,weak-form-review,Weak-form review with legislative reply,synthetic_mechanism,weak_form_review,pipeline,state/state_high_court,1231,1231,1349,118,1.000,0.913,0.964,0.713,0.050,0.390,0.000,0.686,0.703,0.227,0.390,0.244,0.605,0.568,2.000,0.542,0.475,0.750,0.203,0.522,0.637,0.554,0.346,0.642,0.713,0.150,0.679,0.757,0.825,0.024,0.039,0.069,0.798,0.019,0.010,0.635,0.187,0.069,0.008,0.057,0.309,0.369,0.287,0.312,0.400,0.403,0.349
baseline,Baseline,Moderately polarized appointment environment with ordinary constitutional-review pressure.,suspended-declaration-review,Suspended declarations of invalidity,synthetic_mechanism,suspended_declaration,pipeline,federal/circuit_en_banc,973,973,1085,112,1.000,0.897,0.956,0.742,0.003,0.259,0.280,0.888,0.690,0.112,0.266,1.000,0.719,0.648,3.000,0.385,0.474,0.769,0.200,0.503,0.612,0.530,0.374,0.633,0.687,0.240,0.624,0.820,0.625,0.138,0.108,0.155,0.608,0.133,0.060,0.465,0.069,0.658,0.672,0.365,0.330,0.469,0.296,0.355,0.433,0.453,0.390
baseline,Baseline,Moderately polarized appointment environment with ordinary constitutional-review pressure.,suspended-declaration-review,Suspended declarations of invalidity,synthetic_mechanism,suspended_declaration,pipeline,federal/circuit_panel,2071,2071,2294,223,1.000,0.903,0.930,0.726,0.004,0.422,0.455,0.887,0.652,0.121,0.257,1.000,0.568,0.564,2.000,0.403,0.433,0.766,0.224,0.514,0.641,0.549,0.354,0.634,0.687,0.194,0.625,0.824,0.625,0.134,0.122,0.164,0.614,0.110,0.061,0.483,0.062,0.663,0.674,0.356,0.327,0.415,0.289,0.341,0.401,0.443,0.370
baseline,Baseline,Moderately polarized appointment environment with ordinary constitutional-review pressure.,suspended-declaration-review,Suspended declarations of invalidity,synthetic_mechanism,suspended_declaration,pipeline,federal/district_only,530,530,603,73,1.000,0.879,0.935,0.725,0.004,0.218,0.415,0.885,0.598,0.126,0.194,1.000,0.478,0.482,1.000,0.403,0.411,0.765,0.216,0.507,0.633,0.551,0.356,0.638,0.687,0.186,0.625,0.821,0.613,0.115,0.140,0.151,0.594,0.091,0.094,0.472,0.059,0.662,0.678,0.359,0.325,0.370,0.287,0.329,0.363,0.433,0.352
baseline,Baseline,Moderately polarized appointment environment with ordinary constitutional-review pressure.,suspended-declaration-review,Suspended declarations of invalidity,synthetic_mechanism,suspended_declaration,pipeline,federal/state_federal_split,198,198,206,8,1.000,0.961,0.930,0.721,0.001,0.333,0.434,0.889,0.667,0.000,0.429,1.000,0.868,0.657,3.000,0.538,0.511,0.758,0.244,0.501,0.636,0.538,0.354,0.627,0.675,0.220,0.623,0.836,0.520,0.172,0.126,0.217,0.576,0.126,0.040,0.434,0.060,0.687,0.707,0.405,0.330,0.485,0.291,0.358,0.444,0.456,0.395
baseline,Baseline,Moderately polarized appointment environment with ordinary constitutional-review pressure.,suspended-declaration-review,Suspended declarations of invalidity,synthetic_mechanism,suspended_declaration,pipeline,mixed_state_federal/circuit_en_banc,837,837,919,82,1.000,0.911,0.933,0.726,0.002,0.294,0.384,0.835,0.600,0.059,0.294,1.000,0.817,0.652,3.000,0.761,0.564,0.755,0.268,0.511,0.624,0.531,0.367,0.624,0.673,0.231,0.623,0.853,0.570,0.184,0.121,0.214,0.590,0.122,0.053,0.303,0.070,0.671,0.673,0.374,0.332,0.485,0.298,0.359,0.439,0.460,0.397
baseline,Baseline,Moderately polarized appointment environment with ordinary constitutional-review pressure.,suspended-declaration-review,Suspended declarations of invalidity,synthetic_mechanism,suspended_declaration,pipeline,mixed_state_federal/district_only,124,124,170,46,1.000,0.729,0.932,0.710,0.007,0.174,0.282,0.935,0.543,0.130,0.174,1.000,0.669,0.486,1.000,0.732,0.504,0.747,0.253,0.488,0.603,0.529,0.388,0.632,0.665,0.231,0.625,0.847,0.556,0.089,0.153,0.169,0.565,0.056,0.089,0.355,0.067,0.677,0.694,0.362,0.329,0.402,0.313,0.339,0.360,0.445,0.366
baseline,Baseline,Moderately polarized appointment environment with ordinary constitutional-review pressure.,suspended-declaration-review,Suspended declarations of invalidity,synthetic_mechanism,suspended_declaration,pipeline,mixed_state_federal/state_federal_split,1542,1542,1682,140,1.000,0.917,0.911,0.708,0.003,0.525,0.534,0.858,0.631,0.113,0.525,1.000,0.858,0.657,3.000,0.780,0.579,0.751,0.293,0.513,0.649,0.542,0.352,0.621,0.668,0.207,0.623,0.858,0.584,0.180,0.116,0.196,0.582,0.117,0.061,0.308,0.064,0.672,0.671,0.362,0.332,0.490,0.297,0.360,0.447,0.464,0.400
baseline,Baseline,Moderately polarized appointment environment with ordinary constitutional-review pressure.,suspended-declaration-review,Suspended declarations of invalidity,synthetic_mechanism,suspended_declaration,pipeline,state/circuit_en_banc,88,88,93,5,1.000,0.946,0.992,0.786,0.000,0.000,0.034,1.000,0.600,0.000,0.000,1.000,0.774,0.664,3.000,0.472,0.511,0.777,0.177,0.525,0.568,0.501,0.388,0.635,0.698,0.287,0.624,0.822,0.648,0.148,0.102,0.193,0.511,0.102,0.057,0.341,0.064,0.645,0.670,0.339,0.331,0.476,0.292,0.357,0.431,0.449,0.390
baseline,Baseline,Moderately polarized appointment environment with ordinary constitutional-review pressure.,suspended-declaration-review,Suspended declarations of invalidity,synthetic_mechanism,suspended_declaration,pipeline,state/circuit_panel,599,599,659,60,1.000,0.909,0.941,0.735,0.002,0.292,0.377,0.892,0.646,0.154,0.292,1.000,0.610,0.564,2.000,0.559,0.469,0.764,0.234,0.528,0.625,0.540,0.354,0.633,0.686,0.211,0.624,0.834,0.566,0.149,0.120,0.179,0.586,0.088,0.068,0.372,0.066,0.671,0.696,0.365,0.328,0.422,0.290,0.343,0.400,0.444,0.372
baseline,Baseline,Moderately polarized appointment environment with ordinary constitutional-review pressure.,suspended-declaration-review,Suspended declarations of invalidity,synthetic_mechanism,suspended_declaration,pipeline,state/district_only,143,143,190,47,1.000,0.753,0.955,0.732,0.005,0.100,0.210,0.800,0.580,0.140,0.100,1.000,0.630,0.475,1.000,0.528,0.454,0.761,0.208,0.518,0.596,0.529,0.387,0.637,0.683,0.237,0.625,0.828,0.594,0.161,0.063,0.133,0.587,0.077,0.021,0.399,0.054,0.666,0.684,0.375,0.328,0.394,0.307,0.336,0.356,0.439,0.361
baseline,Baseline,Moderately polarized appointment environment with ordinary constitutional-review pressure.,suspended-declaration-review,Suspended declarations of invalidity,synthetic_mechanism,suspended_declaration,pipeline,state/state_federal_split,1264,1264,1383,119,1.000,0.914,0.923,0.722,0.003,0.520,0.489,0.864,0.704,0.112,0.520,1.000,0.839,0.650,3.000,0.592,0.529,0.759,0.260,0.530,0.646,0.543,0.355,0.625,0.678,0.211,0.623,0.841,0.600,0.159,0.127,0.188,0.563,0.121,0.063,0.359,0.060,0.691,0.705,0.379,0.331,0.485,0.295,0.359,0.444,0.460,0.397
baseline,Baseline,Moderately polarized appointment environment with ordinary constitutional-review pressure.,suspended-declaration-review,Suspended declarations of invalidity,synthetic_mechanism,suspended_declaration,pipeline,state/state_high_court,1231,1231,1315,84,1.000,0.936,0.918,0.719,0.002,0.475,0.543,0.842,0.733,0.079,0.475,1.000,0.605,0.568,2.000,0.542,0.475,0.761,0.256,0.531,0.654,0.555,0.346,0.630,0.682,0.179,0.624,0.837,0.573,0.169,0.130,0.177,0.570,0.123,0.045,0.346,0.060,0.688,0.693,0.379,0.327,0.421,0.286,0.342,0.409,0.446,0.373
baseline,Baseline,Moderately polarized appointment environment with ordinary constitutional-review pressure.,override-clause-review,Strong-form review with explicit override clause,synthetic_mechanism,legislative_override_clause,pipeline,federal/circuit_en_banc,973,973,8903,7930,1.000,0.109,0.926,0.748,0.066,0.291,0.255,0.676,0.637,0.275,0.240,0.209,0.719,0.648,3.000,0.385,0.474,0.743,0.193,0.469,0.574,0.430,0.374,0.624,0.663,0.380,0.632,0.848,0.650,0.107,0.104,0.171,0.625,0.104,0.050,0.492,0.071,0.524,0.559,0.316,0.312,0.602,0.360,0.366,0.448,0.488,0.434
baseline,Baseline,Moderately polarized appointment environment with ordinary constitutional-review pressure.,override-clause-review,Strong-form review with explicit override clause,synthetic_mechanism,legislative_override_clause,pipeline,federal/circuit_panel,2071,2071,19178,17107,1.000,0.108,0.896,0.736,0.062,0.404,0.403,0.703,0.591,0.265,0.222,0.318,0.568,0.564,2.000,0.403,0.433,0.740,0.200,0.462,0.582,0.448,0.354,0.628,0.659,0.347,0.633,0.849,0.619,0.115,0.116,0.141,0.615,0.110,0.051,0.503,0.068,0.523,0.557,0.309,0.309,0.550,0.352,0.352,0.414,0.476,0.413
baseline,Baseline,Moderately polarized appointment environment with ordinary constitutional-review pressure.,override-clause-review,Strong-form review with explicit override clause,synthetic_mechanism,legislative_override_clause,pipeline,federal/district_only,530,530,4969,4439,1.000,0.107,0.900,0.726,0.081,0.319,0.349,0.741,0.659,0.200,0.212,0.407,0.478,0.482,1.000,0.403,0.411,0.732,0.203,0.459,0.577,0.452,0.356,0.631,0.657,0.342,0.634,0.848,0.579,0.115,0.140,0.177,0.647,0.100,0.053,0.525,0.064,0.522,0.550,0.307,0.307,0.504,0.353,0.340,0.374,0.466,0.395
baseline,Baseline,Moderately polarized appointment environment with ordinary constitutional-review pressure.,override-clause-review,Strong-form review with explicit override clause,synthetic_mechanism,legislative_override_clause,pipeline,federal/state_federal_split,198,198,1703,1505,1.000,0.116,0.893,0.728,0.033,0.600,0.409,0.750,0.500,0.150,0.632,0.400,0.868,0.657,3.000,0.538,0.511,0.741,0.210,0.444,0.583,0.435,0.354,0.622,0.651,0.360,0.631,0.860,0.621,0.121,0.146,0.207,0.576,0.091,0.061,0.419,0.070,0.532,0.579,0.318,0.312,0.617,0.352,0.369,0.460,0.492,0.438
baseline,Baseline,Moderately polarized appointment environment with ordinary constitutional-review pressure.,override-clause-review,Strong-form review with explicit override clause,synthetic_mechanism,legislative_override_clause,pipeline,mixed_state_federal/circuit_en_banc,837,837,7292,6455,1.000,0.115,0.902,0.746,0.053,0.350,0.343,0.642,0.642,0.258,0.350,0.175,0.817,0.652,3.000,0.761,0.564,0.736,0.246,0.464,0.575,0.431,0.367,0.618,0.651,0.371,0.631,0.879,0.582,0.152,0.124,0.185,0.578,0.118,0.067,0.300,0.075,0.543,0.567,0.333,0.313,0.617,0.359,0.370,0.453,0.494,0.439
baseline,Baseline,Moderately polarized appointment environment with ordinary constitutional-review pressure.,override-clause-review,Strong-form review with explicit override clause,synthetic_mechanism,legislative_override_clause,pipeline,mixed_state_federal/district_only,124,124,1083,959,1.000,0.114,0.878,0.719,0.126,0.260,0.284,0.620,0.560,0.360,0.260,0.420,0.669,0.486,1.000,0.732,0.504,0.711,0.264,0.448,0.565,0.445,0.388,0.622,0.637,0.360,0.633,0.878,0.645,0.161,0.129,0.113,0.573,0.105,0.048,0.266,0.077,0.528,0.546,0.311,0.311,0.527,0.368,0.348,0.374,0.477,0.405
baseline,Baseline,Moderately polarized appointment environment with ordinary constitutional-review pressure.,override-clause-review,Strong-form review with explicit override clause,synthetic_mechanism,legislative_override_clause,pipeline,mixed_state_federal/state_federal_split,1542,1542,12963,11421,1.000,0.119,0.869,0.731,0.064,0.525,0.497,0.693,0.628,0.284,0.525,0.257,0.858,0.657,3.000,0.780,0.579,0.729,0.259,0.446,0.582,0.442,0.352,0.616,0.641,0.355,0.631,0.882,0.589,0.147,0.127,0.202,0.587,0.105,0.066,0.322,0.071,0.535,0.558,0.318,0.314,0.620,0.359,0.371,0.459,0.497,0.441
baseline,Baseline,Moderately polarized appointment environment with ordinary constitutional-review pressure.,override-clause-review,Strong-form review with explicit override clause,synthetic_mechanism,legislative_override_clause,pipeline,state/circuit_en_banc,88,88,838,750,1.000,0.105,0.983,0.784,0.029,0.143,0.025,0.857,0.429,0.143,0.143,0.000,0.774,0.664,3.000,0.472,0.511,0.757,0.183,0.523,0.559,0.397,0.388,0.625,0.683,0.417,0.632,0.852,0.648,0.125,0.080,0.148,0.682,0.091,0.023,0.534,0.063,0.510,0.537,0.331,0.312,0.613,0.355,0.368,0.450,0.487,0.435
baseline,Baseline,Moderately polarized appointment environment with ordinary constitutional-review pressure.,override-clause-review,Strong-form review with explicit override clause,synthetic_mechanism,legislative_override_clause,pipeline,state/circuit_panel,599,599,5483,4884,1.000,0.109,0.906,0.745,0.064,0.360,0.338,0.658,0.550,0.225,0.360,0.270,0.610,0.564,2.000,0.559,0.469,0.739,0.217,0.478,0.576,0.440,0.354,0.625,0.660,0.356,0.633,0.861,0.598,0.130,0.137,0.165,0.601,0.088,0.068,0.372,0.072,0.521,0.573,0.317,0.310,0.556,0.355,0.354,0.414,0.478,0.415
baseline,Baseline,Moderately polarized appointment environment with ordinary constitutional-review pressure.,override-clause-review,Strong-form review with explicit override clause,synthetic_mechanism,legislative_override_clause,pipeline,state/district_only,143,143,1270,1127,1.000,0.113,0.909,0.737,0.131,0.169,0.190,0.729,0.610,0.237,0.169,0.356,0.630,0.475,1.000,0.528,0.454,0.717,0.233,0.493,0.565,0.442,0.387,0.626,0.655,0.371,0.633,0.861,0.573,0.133,0.140,0.210,0.580,0.091,0.063,0.343,0.053,0.537,0.570,0.318,0.309,0.520,0.366,0.346,0.369,0.472,0.401
baseline,Baseline,Moderately polarized appointment environment with ordinary constitutional-review pressure.,override-clause-review,Strong-form review with explicit override clause,synthetic_mechanism,legislative_override_clause,pipeline,state/state_federal_split,1264,1264,10825,9561,1.000,0.117,0.889,0.743,0.057,0.493,0.440,0.691,0.614,0.300,0.493,0.324,0.839,0.650,3.000,0.592,0.529,0.739,0.226,0.466,0.584,0.443,0.355,0.620,0.654,0.357,0.631,0.866,0.586,0.143,0.138,0.191,0.605,0.107,0.065,0.390,0.066,0.538,0.580,0.316,0.312,0.615,0.357,0.369,0.457,0.493,0.439
baseline,Baseline,Moderately polarized appointment environment with ordinary constitutional-review pressure.,override-clause-review,Strong-form review with explicit override clause,synthetic_mechanism,legislative_override_clause,pipeline,state/state_high_court,1231,1231,11058,9827,1.000,0.111,0.882,0.738,0.050,0.528,0.486,0.689,0.602,0.199,0.528,0.248,0.605,0.568,2.000,0.542,0.475,0.740,0.217,0.464,0.586,0.453,0.346,0.625,0.656,0.333,0.633,0.860,0.613,0.122,0.121,0.159,0.597,0.115,0.058,0.410,0.066,0.540,0.574,0.320,0.309,0.555,0.349,0.353,0.422,0.479,0.415
baseline,Baseline,Moderately polarized appointment environment with ordinary constitutional-review pressure.,pre-enactment-review,Pre-enactment review before laws take effect,synthetic_mechanism,pre_enactment_review,pipeline,federal/circuit_en_banc,973,973,1163,190,1.000,0.837,0.967,0.768,0.066,0.203,0.169,0.729,0.719,0.224,0.106,0.177,0.719,0.648,3.000,0.385,0.474,0.767,0.200,0.475,0.579,0.525,0.374,0.619,0.674,0.520,0.580,0.818,0.704,0.079,0.081,0.134,0.705,0.077,0.035,0.584,0.086,0.349,0.309,0.233,0.444,0.426,0.365,0.453,0.486,0.524,0.446
baseline,Baseline,Moderately polarized appointment environment with ordinary constitutional-review pressure.,pre-enactment-review,Pre-enactment review before laws take effect,synthetic_mechanism,pre_enactment_review,pipeline,federal/circuit_panel,2071,2071,2407,336,1.000,0.860,0.954,0.761,0.061,0.381,0.282,0.715,0.669,0.253,0.229,0.312,0.568,0.564,2.000,0.403,0.433,0.758,0.213,0.466,0.585,0.545,0.354,0.622,0.670,0.502,0.581,0.820,0.706,0.081,0.084,0.109,0.688,0.061,0.040,0.572,0.084,0.347,0.301,0.221,0.440,0.376,0.355,0.440,0.449,0.512,0.424
baseline,Baseline,Moderately polarized appointment environment with ordinary constitutional-review pressure.,pre-enactment-review,Pre-enactment review before laws take effect,synthetic_mechanism,pre_enactment_review,pipeline,federal/district_only,530,530,637,107,1.000,0.832,0.958,0.753,0.070,0.285,0.216,0.764,0.772,0.211,0.180,0.423,0.478,0.482,1.000,0.403,0.411,0.754,0.210,0.464,0.580,0.547,0.356,0.625,0.669,0.495,0.582,0.819,0.734,0.083,0.070,0.113,0.675,0.058,0.025,0.583,0.077,0.340,0.300,0.218,0.438,0.333,0.355,0.429,0.411,0.503,0.407
baseline,Baseline,Moderately polarized appointment environment with ordinary constitutional-review pressure.,pre-enactment-review,Pre-enactment review before laws take effect,synthetic_mechanism,pre_enactment_review,pipeline,federal/state_federal_split,198,198,214,16,1.000,0.925,0.960,0.767,0.031,0.375,0.239,0.813,0.688,0.188,0.462,0.125,0.868,0.657,3.000,0.538,0.511,0.756,0.223,0.459,0.582,0.536,0.354,0.616,0.665,0.518,0.580,0.831,0.667,0.076,0.116,0.131,0.672,0.051,0.040,0.510,0.078,0.370,0.342,0.259,0.444,0.445,0.356,0.458,0.498,0.525,0.450
baseline,Baseline,Moderately polarized appointment environment with ordinary constitutional-review pressure.,pre-enactment-review,Pre-enactment review before laws take effect,synthetic_mechanism,pre_enactment_review,pipeline,mixed_state_federal/circuit_en_banc,837,837,966,129,1.000,0.866,0.955,0.773,0.053,0.252,0.235,0.687,0.710,0.221,0.252,0.176,0.817,0.652,3.000,0.761,0.564,0.755,0.258,0.473,0.578,0.528,0.367,0.612,0.663,0.522,0.580,0.849,0.673,0.106,0.097,0.159,0.676,0.070,0.050,0.425,0.089,0.357,0.315,0.229,0.445,0.443,0.365,0.458,0.494,0.528,0.451
baseline,Baseline,Moderately polarized appointment environment with ordinary constitutional-review pressure.,pre-enactment-review,Pre-enactment review before laws take effect,synthetic_mechanism,pre_enactment_review,pipeline,mixed_state_federal/district_only,124,124,182,58,1.000,0.681,0.938,0.749,0.139,0.119,0.068,0.746,0.695,0.339,0.119,0.390,0.669,0.486,1.000,0.732,0.504,0.735,0.271,0.454,0.563,0.523,0.388,0.615,0.648,0.519,0.581,0.849,0.661,0.105,0.129,0.121,0.685,0.121,0.040,0.387,0.085,0.374,0.341,0.247,0.444,0.367,0.384,0.440,0.416,0.520,0.425
baseline,Baseline,Moderately polarized appointment environment with ordinary constitutional-review pressure.,pre-enactment-review,Pre-enactment review before laws take effect,synthetic_mechanism,pre_enactment_review,pipeline,mixed_state_federal/state_federal_split,1542,1542,1779,237,1.000,0.867,0.941,0.767,0.056,0.454,0.354,0.735,0.748,0.336,0.454,0.239,0.858,0.657,3.000,0.780,0.579,0.744,0.275,0.459,0.584,0.538,0.352,0.610,0.656,0.521,0.580,0.853,0.647,0.113,0.109,0.171,0.641,0.077,0.049,0.396,0.088,0.359,0.304,0.229,0.445,0.450,0.364,0.459,0.498,0.529,0.454
baseline,Baseline,Moderately polarized appointment environment with ordinary constitutional-review pressure.,pre-enactment-review,Pre-enactment review before laws take effect,synthetic_mechanism,pre_enactment_review,pipeline,state/circuit_en_banc,88,88,98,10,1.000,0.898,0.992,0.795,0.033,0.000,0.000,0.800,0.500,0.100,0.000,0.100,0.774,0.664,3.000,0.472,0.511,0.789,0.183,0.524,0.569,0.498,0.388,0.621,0.691,0.528,0.580,0.821,0.682,0.102,0.080,0.136,0.670,0.114,0.034,0.557,0.080,0.337,0.292,0.213,0.443,0.425,0.358,0.453,0.492,0.521,0.445
baseline,Baseline,Moderately polarized appointment environment with ordinary constitutional-review pressure.,pre-enactment-review,Pre-enactment review before laws take effect,synthetic_mechanism,pre_enactment_review,pipeline,state/circuit_panel,599,599,706,107,1.000,0.848,0.958,0.768,0.059,0.328,0.236,0.776,0.664,0.224,0.328,0.362,0.610,0.564,2.000,0.559,0.469,0.759,0.229,0.493,0.581,0.536,0.354,0.620,0.672,0.507,0.581,0.832,0.698,0.087,0.077,0.129,0.681,0.040,0.022,0.471,0.087,0.349,0.308,0.229,0.442,0.380,0.360,0.442,0.454,0.513,0.427
baseline,Baseline,Moderately polarized appointment environment with ordinary constitutional-review pressure.,pre-enactment-review,Pre-enactment review before laws take effect,synthetic_mechanism,pre_enactment_review,pipeline,state/district_only,143,143,197,54,1.000,0.726,0.959,0.771,0.112,0.107,0.045,0.804,0.661,0.125,0.107,0.411,0.630,0.475,1.000,0.528,0.454,0.753,0.230,0.500,0.568,0.526,0.387,0.621,0.670,0.516,0.581,0.830,0.671,0.112,0.077,0.084,0.664,0.049,0.021,0.517,0.073,0.356,0.334,0.232,0.440,0.360,0.372,0.436,0.414,0.515,0.419
baseline,Baseline,Moderately polarized appointment environment with ordinary constitutional-review pressure.,pre-enactment-review,Pre-enactment review before laws take effect,synthetic_mechanism,pre_enactment_review,pipeline,state/state_federal_split,1264,1264,1477,213,1.000,0.856,0.949,0.771,0.058,0.380,0.325,0.764,0.722,0.315,0.380,0.255,0.839,0.650,3.000,0.592,0.529,0.752,0.244,0.485,0.587,0.538,0.355,0.614,0.666,0.520,0.580,0.837,0.665,0.108,0.108,0.155,0.672,0.078,0.048,0.456,0.076,0.373,0.333,0.246,0.444,0.443,0.364,0.457,0.496,0.526,0.451
baseline,Baseline,Moderately polarized appointment environment with ordinary constitutional-review pressure.,pre-enactment-review,Pre-enactment review before laws take effect,synthetic_mechanism,pre_enactment_review,pipeline,state/state_high_court,1231,1231,1397,166,1.000,0.881,0.948,0.765,0.052,0.398,0.357,0.635,0.696,0.304,0.398,0.249,0.605,0.568,2.000,0.542,0.475,0.752,0.237,0.483,0.588,0.551,0.346,0.619,0.668,0.499,0.581,0.832,0.677,0.093,0.097,0.152,0.669,0.069,0.041,0.447,0.079,0.380,0.344,0.252,0.441,0.382,0.354,0.442,0.459,0.512,0.427
baseline,Baseline,Moderately polarized appointment environment with ordinary constitutional-review pressure.,abstract-review-tribunal,Abstract review tribunal,synthetic_mechanism,abstract_review,pipeline,federal/circuit_en_banc,973,973,1057,84,1.000,0.921,0.942,0.773,0.004,0.321,0.258,0.881,0.702,0.119,0.297,1.000,0.719,0.648,3.000,0.385,0.474,0.762,0.193,0.472,0.584,0.531,0.374,0.620,0.676,0.318,0.565,0.889,0.626,0.120,0.106,0.155,0.637,0.118,0.051,0.516,0.071,0.584,0.608,0.335,0.435,0.458,0.327,0.453,0.492,0.530,0.444
baseline,Baseline,Moderately polarized appointment environment with ordinary constitutional-review pressure.,abstract-review-tribunal,Abstract review tribunal,synthetic_mechanism,abstract_review,pipeline,federal/circuit_panel,2071,2071,2250,179,1.000,0.920,0.910,0.771,0.004,0.424,0.412,0.886,0.723,0.147,0.295,1.000,0.568,0.564,2.000,0.403,0.433,0.753,0.212,0.465,0.594,0.550,0.354,0.623,0.671,0.301,0.566,0.891,0.622,0.133,0.115,0.150,0.614,0.105,0.055,0.503,0.069,0.582,0.607,0.315,0.422,0.409,0.312,0.432,0.440,0.512,0.416
baseline,Baseline,Moderately polarized appointment environment with ordinary constitutional-review pressure.,abstract-review-tribunal,Abstract review tribunal,synthetic_mechanism,abstract_review,pipeline,federal/district_only,530,530,602,72,1.000,0.880,0.915,0.768,0.007,0.304,0.379,0.886,0.696,0.139,0.250,1.000,0.478,0.482,1.000,0.403,0.411,0.750,0.209,0.466,0.590,0.551,0.356,0.627,0.671,0.294,0.567,0.890,0.630,0.104,0.106,0.153,0.651,0.096,0.047,0.487,0.061,0.581,0.613,0.325,0.417,0.366,0.310,0.419,0.397,0.502,0.396
baseline,Baseline,Moderately polarized appointment environment with ordinary constitutional-review pressure.,abstract-review-tribunal,Abstract review tribunal,synthetic_mechanism,abstract_review,pipeline,federal/state_federal_split,198,198,204,6,1.000,0.971,0.906,0.764,0.001,0.500,0.384,0.833,0.667,0.000,0.600,1.000,0.868,0.657,3.000,0.538,0.511,0.744,0.231,0.448,0.590,0.539,0.354,0.613,0.658,0.322,0.564,0.904,0.596,0.217,0.061,0.182,0.596,0.066,0.025,0.434,0.065,0.612,0.652,0.357,0.444,0.478,0.331,0.465,0.517,0.538,0.457
baseline,Baseline,Moderately polarized appointment environment with ordinary constitutional-review pressure.,abstract-review-tribunal,Abstract review tribunal,synthetic_mechanism,abstract_review,pipeline,mixed_state_federal/circuit_en_banc,837,837,897,60,1.000,0.933,0.918,0.771,0.003,0.433,0.332,0.867,0.750,0.033,0.433,1.000,0.817,0.652,3.000,0.761,0.564,0.745,0.256,0.467,0.583,0.533,0.367,0.611,0.661,0.322,0.564,0.921,0.564,0.152,0.145,0.209,0.605,0.117,0.073,0.327,0.075,0.585,0.600,0.324,0.443,0.475,0.336,0.464,0.511,0.539,0.457
baseline,Baseline,Moderately polarized appointment environment with ordinary constitutional-review pressure.,abstract-review-tribunal,Abstract review tribunal,synthetic_mechanism,abstract_review,pipeline,mixed_state_federal/district_only,124,124,166,42,1.000,0.747,0.913,0.758,0.014,0.190,0.242,0.810,0.714,0.214,0.190,1.000,0.669,0.486,1.000,0.732,0.504,0.737,0.251,0.448,0.573,0.531,0.388,0.617,0.654,0.315,0.566,0.918,0.621,0.121,0.089,0.153,0.540,0.129,0.048,0.363,0.068,0.592,0.611,0.329,0.435,0.398,0.345,0.440,0.424,0.526,0.423
baseline,Baseline,Moderately polarized appointment environment with ordinary constitutional-review pressure.,abstract-review-tribunal,Abstract review tribunal,synthetic_mechanism,abstract_review,pipeline,mixed_state_federal/state_federal_split,1542,1542,1631,89,1.000,0.945,0.885,0.763,0.003,0.652,0.487,0.820,0.640,0.112,0.652,1.000,0.858,0.657,3.000,0.780,0.579,0.734,0.278,0.451,0.593,0.544,0.352,0.608,0.650,0.324,0.564,0.926,0.573,0.165,0.145,0.206,0.596,0.105,0.080,0.330,0.071,0.591,0.607,0.328,0.444,0.481,0.335,0.466,0.516,0.540,0.459
baseline,Baseline,Moderately polarized appointment environment with ordinary constitutional-review pressure.,abstract-review-tribunal,Abstract review tribunal,synthetic_mechanism,abstract_review,pipeline,state/circuit_en_banc,88,88,89,1,1.000,0.989,0.993,0.795,0.000,0.000,0.023,1.000,1.000,0.000,0.000,1.000,0.774,0.664,3.000,0.472,0.511,0.778,0.175,0.522,0.566,0.504,0.388,0.621,0.695,0.324,0.565,0.892,0.670,0.102,0.057,0.091,0.636,0.148,0.045,0.341,0.063,0.566,0.617,0.280,0.439,0.457,0.325,0.456,0.504,0.530,0.447
baseline,Baseline,Moderately polarized appointment environment with ordinary constitutional-review pressure.,abstract-review-tribunal,Abstract review tribunal,synthetic_mechanism,abstract_review,pipeline,state/circuit_panel,599,599,649,50,1.000,0.923,0.922,0.773,0.003,0.340,0.341,0.760,0.640,0.080,0.340,1.000,0.610,0.564,2.000,0.559,0.469,0.752,0.224,0.484,0.586,0.541,0.354,0.621,0.672,0.306,0.566,0.902,0.613,0.117,0.145,0.189,0.611,0.105,0.072,0.399,0.075,0.575,0.620,0.315,0.426,0.412,0.317,0.436,0.451,0.515,0.421
baseline,Baseline,Moderately polarized appointment environment with ordinary constitutional-review pressure.,abstract-review-tribunal,Abstract review tribunal,synthetic_mechanism,abstract_review,pipeline,state/district_only,143,143,183,40,1.000,0.781,0.945,0.779,0.011,0.171,0.154,0.927,0.707,0.122,0.171,1.000,0.630,0.475,1.000,0.528,0.454,0.752,0.208,0.496,0.572,0.532,0.387,0.623,0.677,0.313,0.566,0.899,0.657,0.084,0.119,0.126,0.587,0.077,0.056,0.399,0.055,0.587,0.616,0.339,0.431,0.392,0.335,0.436,0.418,0.521,0.417
baseline,Baseline,Moderately polarized appointment environment with ordinary constitutional-review pressure.,abstract-review-tribunal,Abstract review tribunal,synthetic_mechanism,abstract_review,pipeline,state/state_federal_split,1264,1264,1343,79,1.000,0.941,0.902,0.771,0.003,0.550,0.438,0.913,0.638,0.038,0.550,1.000,0.839,0.650,3.000,0.592,0.529,0.745,0.244,0.468,0.594,0.545,0.355,0.613,0.661,0.320,0.564,0.909,0.590,0.138,0.140,0.190,0.590,0.091,0.080,0.358,0.065,0.610,0.643,0.337,0.442,0.475,0.332,0.463,0.513,0.537,0.455
baseline,Baseline,Moderately polarized appointment environment with ordinary constitutional-review pressure.,abstract-review-tribunal,Abstract review tribunal,synthetic_mechanism,abstract_review,pipeline,state/state_high_court,1231,1231,1302,71,1.000,0.945,0.891,0.772,0.002,0.432,0.509,0.851,0.757,0.135,0.432,1.000,0.605,0.568,2.000,0.542,0.475,0.744,0.242,0.466,0.598,0.556,0.346,0.619,0.664,0.300,0.566,0.904,0.606,0.145,0.114,0.159,0.597,0.113,0.054,0.380,0.068,0.602,0.624,0.335,0.426,0.414,0.314,0.436,0.455,0.515,0.422
baseline,Baseline,Moderately polarized appointment environment with ordinary constitutional-review pressure.,ombudsman-triggered-review,Ombudsman-triggered constitutional review,synthetic_mechanism,ombudsman_triggered_review,pipeline,federal/circuit_en_banc,973,973,111797,110824,1.000,0.009,0.920,0.745,0.063,0.385,0.282,0.728,0.669,0.231,0.304,0.219,0.719,0.648,3.000,0.385,0.474,0.744,0.210,0.467,0.582,0.417,0.374,0.610,0.645,0.531,0.604,0.760,0.535,0.168,0.136,0.209,0.553,0.151,0.061,0.436,0.056,0.718,0.709,0.480,0.333,0.892,0.463,0.450,0.485,0.491,0.525
baseline,Baseline,Moderately polarized appointment environment with ordinary constitutional-review pressure.,ombudsman-triggered-review,Ombudsman-triggered constitutional review,synthetic_mechanism,ombudsman_triggered_review,pipeline,federal/circuit_panel,2071,2071,234391,232320,1.000,0.009,0.883,0.736,0.065,0.482,0.458,0.728,0.680,0.266,0.309,0.340,0.568,0.564,2.000,0.403,0.433,0.733,0.231,0.458,0.593,0.436,0.354,0.611,0.638,0.515,0.604,0.763,0.561,0.170,0.125,0.186,0.556,0.121,0.061,0.448,0.051,0.717,0.709,0.469,0.331,0.846,0.456,0.439,0.448,0.480,0.505
baseline,Baseline,Moderately polarized appointment environment with ordinary constitutional-review pressure.,ombudsman-triggered-review,Ombudsman-triggered constitutional review,synthetic_mechanism,ombudsman_triggered_review,pipeline,federal/district_only,530,530,60367,59837,1.000,0.009,0.884,0.729,0.089,0.407,0.414,0.719,0.667,0.281,0.289,0.348,0.478,0.482,1.000,0.403,0.411,0.725,0.232,0.456,0.588,0.440,0.356,0.614,0.635,0.505,0.605,0.762,0.545,0.185,0.126,0.183,0.583,0.113,0.066,0.432,0.046,0.727,0.725,0.483,0.329,0.802,0.456,0.429,0.410,0.471,0.488
baseline,Baseline,Moderately polarized appointment environment with ordinary constitutional-review pressure.,ombudsman-triggered-review,Ombudsman-triggered constitutional review,synthetic_mechanism,ombudsman_triggered_review,pipeline,federal/state_federal_split,198,198,21451,21253,1.000,0.009,0.885,0.732,0.028,0.353,0.459,0.882,0.647,0.294,0.429,0.235,0.868,0.657,3.000,0.538,0.511,0.733,0.243,0.446,0.593,0.422,0.354,0.606,0.630,0.539,0.603,0.773,0.510,0.182,0.131,0.197,0.551,0.121,0.071,0.384,0.049,0.745,0.733,0.521,0.334,0.908,0.456,0.455,0.492,0.491,0.528
baseline,Baseline,Moderately polarized appointment environment with ordinary constitutional-review pressure.,ombudsman-triggered-review,Ombudsman-triggered constitutional review,synthetic_mechanism,ombudsman_triggered_review,pipeline,mixed_state_federal/circuit_en_banc,837,837,91553,90716,1.000,0.009,0.892,0.740,0.059,0.405,0.378,0.733,0.687,0.237,0.405,0.183,0.817,0.652,3.000,0.761,0.564,0.728,0.274,0.459,0.583,0.418,0.367,0.602,0.629,0.537,0.603,0.792,0.502,0.205,0.164,0.225,0.520,0.135,0.084,0.249,0.062,0.726,0.706,0.490,0.334,0.906,0.463,0.454,0.487,0.495,0.529
baseline,Baseline,Moderately polarized appointment environment with ordinary constitutional-review pressure.,ombudsman-triggered-review,Ombudsman-triggered constitutional review,synthetic_mechanism,ombudsman_triggered_review,pipeline,mixed_state_federal/district_only,124,124,13247,13123,1.000,0.009,0.856,0.716,0.155,0.364,0.341,0.691,0.691,0.327,0.364,0.345,0.669,0.486,1.000,0.732,0.504,0.702,0.293,0.446,0.573,0.432,0.388,0.606,0.612,0.516,0.605,0.791,0.444,0.234,0.137,0.226,0.484,0.121,0.089,0.282,0.065,0.747,0.729,0.532,0.333,0.823,0.474,0.436,0.409,0.483,0.498
baseline,Baseline,Moderately polarized appointment environment with ordinary constitutional-review pressure.,ombudsman-triggered-review,Ombudsman-triggered constitutional review,synthetic_mechanism,ombudsman_triggered_review,pipeline,mixed_state_federal/state_federal_split,1542,1542,162263,160721,1.000,0.010,0.859,0.727,0.057,0.541,0.536,0.727,0.667,0.242,0.541,0.242,0.858,0.657,3.000,0.780,0.579,0.717,0.294,0.443,0.592,0.429,0.352,0.600,0.617,0.538,0.603,0.796,0.521,0.199,0.149,0.250,0.541,0.132,0.083,0.266,0.054,0.727,0.706,0.480,0.335,0.914,0.461,0.457,0.491,0.496,0.531
baseline,Baseline,Moderately polarized appointment environment with ordinary constitutional-review pressure.,ombudsman-triggered-review,Ombudsman-triggered constitutional review,synthetic_mechanism,ombudsman_triggered_review,pipeline,state/circuit_en_banc,88,88,10930,10842,1.000,0.008,0.987,0.786,0.021,0.000,0.012,0.667,0.333,0.167,0.000,0.000,0.774,0.664,3.000,0.472,0.511,0.772,0.180,0.524,0.565,0.386,0.388,0.613,0.674,0.540,0.604,0.760,0.636,0.159,0.091,0.193,0.614,0.125,0.057,0.455,0.049,0.688,0.683,0.427,0.330,0.892,0.459,0.447,0.489,0.489,0.524
baseline,Baseline,Moderately polarized appointment environment with ordinary constitutional-review pressure.,ombudsman-triggered-review,Ombudsman-triggered constitutional review,synthetic_mechanism,ombudsman_triggered_review,pipeline,state/circuit_panel,599,599,68237,67638,1.000,0.009,0.893,0.741,0.064,0.463,0.394,0.741,0.620,0.296,0.463,0.315,0.610,0.564,2.000,0.559,0.469,0.733,0.246,0.469,0.587,0.428,0.354,0.610,0.637,0.521,0.604,0.774,0.548,0.185,0.140,0.169,0.541,0.110,0.065,0.314,0.056,0.725,0.725,0.480,0.331,0.849,0.458,0.440,0.449,0.481,0.507
baseline,Baseline,Moderately polarized appointment environment with ordinary constitutional-review pressure.,ombudsman-triggered-review,Ombudsman-triggered constitutional review,synthetic_mechanism,ombudsman_triggered_review,pipeline,state/district_only,143,143,15779,15636,1.000,0.009,0.892,0.740,0.134,0.161,0.279,0.694,0.629,0.226,0.161,0.371,0.630,0.475,1.000,0.528,0.454,0.721,0.248,0.492,0.576,0.430,0.387,0.611,0.637,0.517,0.605,0.772,0.524,0.182,0.147,0.245,0.566,0.168,0.063,0.259,0.042,0.747,0.746,0.486,0.331,0.816,0.471,0.433,0.407,0.478,0.495
baseline,Baseline,Moderately polarized appointment environment with ordinary constitutional-review pressure.,ombudsman-triggered-review,Ombudsman-triggered constitutional review,synthetic_mechanism,ombudsman_triggered_review,pipeline,state/state_federal_split,1264,1264,135491,134227,1.000,0.009,0.880,0.739,0.054,0.500,0.465,0.725,0.714,0.297,0.500,0.258,0.839,0.650,3.000,0.592,0.529,0.729,0.259,0.460,0.592,0.430,0.355,0.604,0.631,0.534,0.603,0.779,0.516,0.180,0.154,0.225,0.516,0.150,0.068,0.318,0.050,0.740,0.731,0.495,0.334,0.908,0.459,0.455,0.490,0.493,0.529
baseline,Baseline,Moderately polarized appointment environment with ordinary constitutional-review pressure.,ombudsman-triggered-review,Ombudsman-triggered constitutional review,synthetic_mechanism,ombudsman_triggered_review,pipeline,state/state_high_court,1231,1231,133815,132584,1.000,0.009,0.868,0.735,0.060,0.570,0.537,0.726,0.699,0.247,0.570,0.226,0.605,0.568,2.000,0.542,0.475,0.726,0.258,0.456,0.596,0.440,0.346,0.608,0.630,0.515,0.604,0.775,0.531,0.179,0.128,0.193,0.554,0.136,0.067,0.348,0.050,0.742,0.723,0.496,0.331,0.853,0.453,0.441,0.453,0.481,0.507
baseline,Baseline,Moderately polarized appointment environment with ordinary constitutional-review pressure.,constitutional-public-defender,Constitutional public defender access model,synthetic_mechanism,constitutional_public_defender,pipeline,federal/circuit_en_banc,973,973,123018,122045,1.000,0.008,0.925,0.773,0.003,0.322,0.304,0.898,0.551,0.076,0.301,1.000,0.719,0.648,3.000,0.385,0.474,0.754,0.198,0.469,0.586,0.417,0.374,0.608,0.657,0.519,0.632,0.730,0.560,0.143,0.139,0.182,0.579,0.138,0.045,0.425,0.061,0.725,0.743,0.433,0.334,0.873,0.462,0.447,0.484,0.524,0.526
baseline,Baseline,Moderately polarized appointment environment with ordinary constitutional-review pressure.,constitutional-public-defender,Constitutional public defender access model,synthetic_mechanism,constitutional_public_defender,pipeline,federal/circuit_panel,2071,2071,258674,256603,1.000,0.008,0.887,0.778,0.004,0.458,0.476,0.877,0.715,0.165,0.304,1.000,0.568,0.564,2.000,0.403,0.433,0.746,0.219,0.461,0.597,0.436,0.354,0.610,0.652,0.503,0.632,0.733,0.550,0.149,0.148,0.185,0.569,0.127,0.070,0.421,0.056,0.727,0.741,0.421,0.332,0.825,0.454,0.436,0.448,0.513,0.507
baseline,Baseline,Moderately polarized appointment environment with ordinary constitutional-review pressure.,constitutional-public-defender,Constitutional public defender access model,synthetic_mechanism,constitutional_public_defender,pipeline,federal/district_only,530,530,66758,66228,1.000,0.008,0.885,0.774,0.006,0.390,0.472,0.890,0.660,0.110,0.329,1.000,0.478,0.482,1.000,0.403,0.411,0.743,0.218,0.461,0.596,0.440,0.356,0.613,0.652,0.494,0.633,0.732,0.566,0.168,0.142,0.151,0.517,0.128,0.068,0.425,0.049,0.726,0.743,0.419,0.330,0.780,0.454,0.425,0.409,0.504,0.489
baseline,Baseline,Moderately polarized appointment environment with ordinary constitutional-review pressure.,constitutional-public-defender,Constitutional public defender access model,synthetic_mechanism,constitutional_public_defender,pipeline,federal/state_federal_split,198,198,23595,23397,1.000,0.008,0.882,0.754,0.001,0.600,0.475,0.900,0.900,0.200,0.600,1.000,0.868,0.657,3.000,0.538,0.511,0.736,0.240,0.446,0.595,0.422,0.354,0.604,0.637,0.528,0.631,0.745,0.500,0.187,0.146,0.217,0.520,0.131,0.056,0.414,0.054,0.747,0.764,0.443,0.334,0.888,0.456,0.451,0.491,0.524,0.530
baseline,Baseline,Moderately polarized appointment environment with ordinary constitutional-review pressure.,constitutional-public-defender,Constitutional public defender access model,synthetic_mechanism,constitutional_public_defender,pipeline,mixed_state_federal/circuit_en_banc,837,837,100528,99691,1.000,0.008,0.894,0.768,0.002,0.407,0.409,0.814,0.733,0.128,0.407,1.000,0.817,0.652,3.000,0.761,0.564,0.738,0.264,0.462,0.588,0.418,0.367,0.601,0.639,0.526,0.631,0.762,0.532,0.213,0.136,0.211,0.547,0.135,0.073,0.288,0.062,0.735,0.733,0.446,0.335,0.888,0.463,0.452,0.487,0.528,0.531
baseline,Baseline,Moderately polarized appointment environment with ordinary constitutional-review pressure.,constitutional-public-defender,Constitutional public defender access model,synthetic_mechanism,constitutional_public_defender,pipeline,mixed_state_federal/district_only,124,124,14726,14602,1.000,0.008,0.872,0.762,0.012,0.375,0.379,0.875,0.700,0.175,0.375,1.000,0.669,0.486,1.000,0.732,0.504,0.731,0.261,0.454,0.583,0.432,0.388,0.607,0.635,0.504,0.633,0.759,0.565,0.218,0.113,0.218,0.573,0.097,0.048,0.298,0.064,0.745,0.759,0.444,0.333,0.802,0.468,0.432,0.410,0.515,0.499
baseline,Baseline,Moderately polarized appointment environment with ordinary constitutional-review pressure.,constitutional-public-defender,Constitutional public defender access model,synthetic_mechanism,constitutional_public_defender,pipeline,mixed_state_federal/state_federal_split,1542,1542,179006,177464,1.000,0.009,0.862,0.761,0.002,0.550,0.548,0.891,0.667,0.124,0.550,1.000,0.858,0.657,3.000,0.780,0.579,0.728,0.284,0.447,0.596,0.429,0.352,0.598,0.630,0.527,0.631,0.766,0.499,0.206,0.150,0.251,0.535,0.136,0.086,0.243,0.058,0.739,0.737,0.436,0.336,0.894,0.460,0.453,0.491,0.529,0.533
baseline,Baseline,Moderately polarized appointment environment with ordinary constitutional-review pressure.,constitutional-public-defender,Constitutional public defender access model,synthetic_mechanism,constitutional_public_defender,pipeline,state/circuit_en_banc,88,88,11963,11875,1.000,0.007,0.985,0.791,0.000,0.000,0.034,1.000,0.333,0.000,0.000,1.000,0.774,0.664,3.000,0.472,0.511,0.771,0.177,0.519,0.565,0.386,0.388,0.610,0.675,0.527,0.632,0.732,0.602,0.091,0.114,0.193,0.511,0.193,0.057,0.352,0.052,0.727,0.753,0.419,0.331,0.876,0.460,0.445,0.489,0.522,0.527
baseline,Baseline,Moderately polarized appointment environment with ordinary constitutional-review pressure.,constitutional-public-defender,Constitutional public defender access model,synthetic_mechanism,constitutional_public_defender,pipeline,state/circuit_panel,599,599,74995,74396,1.000,0.008,0.902,0.779,0.002,0.333,0.401,0.880,0.667,0.120,0.333,1.000,0.610,0.564,2.000,0.559,0.469,0.748,0.230,0.476,0.590,0.427,0.354,0.608,0.653,0.508,0.632,0.744,0.546,0.172,0.152,0.194,0.546,0.120,0.070,0.314,0.062,0.730,0.750,0.420,0.332,0.829,0.457,0.437,0.448,0.514,0.508
baseline,Baseline,Moderately polarized appointment environment with ordinary constitutional-review pressure.,constitutional-public-defender,Constitutional public defender access model,synthetic_mechanism,constitutional_public_defender,pipeline,state/district_only,143,143,17535,17392,1.000,0.008,0.916,0.769,0.010,0.264,0.245,0.868,0.660,0.057,0.264,1.000,0.630,0.475,1.000,0.528,0.454,0.744,0.214,0.489,0.578,0.430,0.387,0.612,0.655,0.504,0.633,0.739,0.559,0.175,0.112,0.217,0.531,0.196,0.077,0.336,0.045,0.746,0.769,0.442,0.331,0.793,0.470,0.428,0.406,0.510,0.495
baseline,Baseline,Moderately polarized appointment environment with ordinary constitutional-review pressure.,constitutional-public-defender,Constitutional public defender access model,synthetic_mechanism,constitutional_public_defender,pipeline,state/state_federal_split,1264,1264,149346,148082,1.000,0.008,0.882,0.771,0.003,0.638,0.487,0.845,0.681,0.129,0.638,1.000,0.839,0.650,3.000,0.592,0.529,0.739,0.250,0.459,0.597,0.429,0.355,0.602,0.642,0.523,0.631,0.750,0.524,0.191,0.140,0.238,0.542,0.147,0.074,0.310,0.055,0.744,0.755,0.446,0.334,0.888,0.459,0.451,0.489,0.526,0.530
baseline,Baseline,Moderately polarized appointment environment with ordinary constitutional-review pressure.,constitutional-public-defender,Constitutional public defender access model,synthetic_mechanism,constitutional_public_defender,pipeline,state/state_high_court,1231,1231,147718,146487,1.000,0.008,0.871,0.782,0.003,0.576,0.553,0.869,0.667,0.121,0.576,1.000,0.605,0.568,2.000,0.542,0.475,0.740,0.247,0.461,0.600,0.440,0.346,0.607,0.647,0.503,0.632,0.745,0.538,0.154,0.143,0.180,0.559,0.120,0.074,0.335,0.055,0.742,0.742,0.440,0.333,0.832,0.451,0.438,0.453,0.515,0.509
baseline,Baseline,Moderately polarized appointment environment with ordinary constitutional-review pressure.,rights-impact-statement-review,Rights-impact statements before review,synthetic_mechanism,rights_impact_statement,pipeline,federal/circuit_en_banc,973,973,1129,156,1.000,0.862,0.970,0.813,0.053,0.180,0.162,0.783,0.733,0.149,0.144,0.211,0.719,0.648,3.000,0.385,0.474,0.788,0.195,0.476,0.582,0.527,0.374,0.619,0.699,0.510,0.699,0.694,0.706,0.062,0.087,0.122,0.744,0.052,0.044,0.631,0.101,0.260,0.188,0.164,0.418,0.445,0.362,0.431,0.489,0.539,0.445
baseline,Baseline,Moderately polarized appointment environment with ordinary constitutional-review pressure.,rights-impact-statement-review,Rights-impact statements before review,synthetic_mechanism,rights_impact_statement,pipeline,federal/circuit_panel,2071,2071,2402,331,1.000,0.862,0.957,0.796,0.058,0.314,0.240,0.793,0.771,0.245,0.130,0.314,0.568,0.564,2.000,0.403,0.433,0.775,0.209,0.467,0.585,0.545,0.354,0.621,0.693,0.492,0.700,0.696,0.740,0.061,0.078,0.113,0.729,0.052,0.034,0.627,0.097,0.254,0.173,0.144,0.414,0.392,0.356,0.417,0.451,0.525,0.424
baseline,Baseline,Moderately polarized appointment environment with ordinary constitutional-review pressure.,rights-impact-statement-review,Rights-impact statements before review,synthetic_mechanism,rights_impact_statement,pipeline,federal/district_only,530,530,648,118,1.000,0.818,0.955,0.785,0.079,0.287,0.188,0.809,0.691,0.235,0.132,0.382,0.478,0.482,1.000,0.403,0.411,0.768,0.212,0.459,0.581,0.546,0.356,0.624,0.689,0.486,0.701,0.695,0.745,0.053,0.092,0.111,0.726,0.036,0.030,0.651,0.088,0.243,0.159,0.140,0.412,0.347,0.358,0.406,0.412,0.516,0.406
baseline,Baseline,Moderately polarized appointment environment with ordinary constitutional-review pressure.,rights-impact-statement-review,Rights-impact statements before review,synthetic_mechanism,rights_impact_statement,pipeline,federal/state_federal_split,198,198,216,18,1.000,0.917,0.963,0.806,0.022,0.389,0.233,0.889,0.944,0.111,0.467,0.500,0.868,0.657,3.000,0.538,0.511,0.777,0.219,0.461,0.585,0.535,0.354,0.616,0.690,0.510,0.699,0.707,0.697,0.066,0.101,0.111,0.747,0.040,0.056,0.581,0.086,0.272,0.201,0.177,0.417,0.461,0.357,0.435,0.500,0.539,0.450
baseline,Baseline,Moderately polarized appointment environment with ordinary constitutional-review pressure.,rights-impact-statement-review,Rights-impact statements before review,synthetic_mechanism,rights_impact_statement,pipeline,mixed_state_federal/circuit_en_banc,837,837,966,129,1.000,0.866,0.956,0.814,0.054,0.295,0.210,0.667,0.689,0.152,0.295,0.182,0.817,0.652,3.000,0.761,0.564,0.773,0.256,0.471,0.579,0.528,0.367,0.611,0.686,0.513,0.699,0.726,0.724,0.076,0.087,0.143,0.700,0.053,0.038,0.456,0.099,0.260,0.178,0.155,0.419,0.462,0.366,0.436,0.496,0.544,0.452
baseline,Baseline,Moderately polarized appointment environment with ordinary constitutional-review pressure.,rights-impact-statement-review,Rights-impact statements before review,synthetic_mechanism,rights_impact_statement,pipeline,mixed_state_federal/district_only,124,124,177,53,1.000,0.701,0.942,0.783,0.123,0.130,0.109,0.741,0.685,0.148,0.130,0.407,0.669,0.486,1.000,0.732,0.504,0.754,0.267,0.458,0.568,0.525,0.388,0.615,0.671,0.508,0.700,0.724,0.661,0.097,0.081,0.161,0.685,0.048,0.016,0.363,0.100,0.292,0.220,0.205,0.417,0.379,0.381,0.416,0.418,0.531,0.422
baseline,Baseline,Moderately polarized appointment environment with ordinary constitutional-review pressure.,rights-impact-statement-review,Rights-impact statements before review,synthetic_mechanism,rights_impact_statement,pipeline,mixed_state_federal/state_federal_split,1542,1542,1780,238,1.000,0.866,0.942,0.810,0.054,0.427,0.336,0.728,0.736,0.230,0.427,0.238,0.858,0.657,3.000,0.780,0.579,0.764,0.272,0.462,0.586,0.538,0.352,0.609,0.680,0.511,0.698,0.729,0.704,0.082,0.091,0.141,0.676,0.062,0.047,0.456,0.097,0.266,0.177,0.152,0.419,0.467,0.365,0.437,0.500,0.544,0.454
baseline,Baseline,Moderately polarized appointment environment with ordinary constitutional-review pressure.,rights-impact-statement-review,Rights-impact statements before review,synthetic_mechanism,rights_impact_statement,pipeline,state/circuit_en_banc,88,88,96,8,1.000,0.917,0.993,0.849,0.028,0.000,0.000,0.875,0.750,0.000,0.000,0.000,0.774,0.664,3.000,0.472,0.511,0.810,0.182,0.524,0.572,0.499,0.388,0.619,0.719,0.519,0.699,0.698,0.830,0.034,0.057,0.091,0.750,0.080,0.011,0.511,0.091,0.228,0.140,0.120,0.418,0.452,0.357,0.433,0.495,0.542,0.448
baseline,Baseline,Moderately polarized appointment environment with ordinary constitutional-review pressure.,rights-impact-statement-review,Rights-impact statements before review,synthetic_mechanism,rights_impact_statement,pipeline,state/circuit_panel,599,599,695,96,1.000,0.862,0.960,0.807,0.055,0.333,0.197,0.716,0.725,0.255,0.333,0.304,0.610,0.564,2.000,0.559,0.469,0.778,0.224,0.493,0.581,0.537,0.354,0.619,0.696,0.497,0.700,0.708,0.751,0.057,0.077,0.095,0.735,0.050,0.033,0.553,0.101,0.259,0.177,0.150,0.416,0.399,0.358,0.420,0.456,0.528,0.427
baseline,Baseline,Moderately polarized appointment environment with ordinary constitutional-review pressure.,rights-impact-statement-review,Rights-impact statements before review,synthetic_mechanism,rights_impact_statement,pipeline,state/district_only,143,143,200,57,1.000,0.715,0.960,0.796,0.117,0.119,0.018,0.763,0.763,0.119,0.119,0.424,0.630,0.475,1.000,0.528,0.454,0.769,0.230,0.498,0.569,0.525,0.387,0.620,0.692,0.507,0.700,0.707,0.762,0.035,0.042,0.098,0.741,0.042,0.014,0.517,0.096,0.240,0.162,0.133,0.415,0.370,0.375,0.413,0.414,0.526,0.417
baseline,Baseline,Moderately polarized appointment environment with ordinary constitutional-review pressure.,rights-impact-statement-review,Rights-impact statements before review,synthetic_mechanism,rights_impact_statement,pipeline,state/state_federal_split,1264,1264,1467,203,1.000,0.862,0.952,0.812,0.053,0.413,0.278,0.721,0.764,0.245,0.413,0.317,0.839,0.650,3.000,0.592,0.529,0.772,0.239,0.489,0.587,0.539,0.355,0.613,0.691,0.510,0.699,0.713,0.706,0.074,0.085,0.152,0.703,0.063,0.036,0.487,0.093,0.272,0.200,0.163,0.418,0.461,0.364,0.435,0.498,0.541,0.451
baseline,Baseline,Moderately polarized appointment environment with ordinary constitutional-review pressure.,rights-impact-statement-review,Rights-impact statements before review,synthetic_mechanism,rights_impact_statement,pipeline,state/state_high_court,1231,1231,1378,147,1.000,0.893,0.952,0.802,0.046,0.435,0.314,0.733,0.795,0.273,0.435,0.255,0.605,0.568,2.000,0.542,0.475,0.771,0.232,0.488,0.588,0.552,0.346,0.619,0.693,0.489,0.700,0.708,0.702,0.073,0.091,0.121,0.703,0.050,0.037,0.510,0.094,0.275,0.199,0.166,0.415,0.398,0.353,0.419,0.460,0.526,0.426
baseline,Baseline,Moderately polarized appointment environment with ordinary constitutional-review pressure.,mandatory-legislative-response,Mandatory legislative response cycles,synthetic_mechanism,mandatory_legislative_response,pipeline,federal/circuit_en_banc,973,973,1081,108,1.000,0.900,0.949,0.735,0.002,0.198,0.242,0.874,0.739,0.099,0.156,1.000,0.719,0.648,3.000,0.385,0.474,0.789,0.170,0.478,0.587,0.530,0.374,0.629,0.689,0.253,0.616,0.902,0.688,0.069,0.091,0.141,0.674,0.082,0.042,0.570,0.092,0.314,0.347,0.169,0.313,0.491,0.297,0.343,0.435,0.516,0.402
baseline,Baseline,Moderately polarized appointment environment with ordinary constitutional-review pressure.,mandatory-legislative-response,Mandatory legislative response cycles,synthetic_mechanism,mandatory_legislative_response,pipeline,federal/circuit_panel,2071,2071,2300,229,1.000,0.900,0.923,0.714,0.002,0.280,0.371,0.844,0.732,0.096,0.123,1.000,0.568,0.564,2.000,0.403,0.433,0.787,0.172,0.471,0.595,0.548,0.354,0.633,0.685,0.212,0.617,0.902,0.694,0.064,0.098,0.120,0.673,0.073,0.050,0.554,0.090,0.323,0.354,0.169,0.310,0.438,0.290,0.329,0.402,0.506,0.382
baseline,Baseline,Moderately polarized appointment environment with ordinary constitutional-review pressure.,mandatory-legislative-response,Mandatory legislative response cycles,synthetic_mechanism,mandatory_legislative_response,pipeline,federal/district_only,530,530,620,90,1.000,0.855,0.928,0.710,0.003,0.208,0.338,0.832,0.703,0.089,0.104,1.000,0.478,0.482,1.000,0.403,0.411,0.785,0.169,0.471,0.592,0.549,0.356,0.636,0.685,0.205,0.617,0.901,0.677,0.085,0.104,0.153,0.657,0.081,0.047,0.545,0.086,0.315,0.357,0.173,0.309,0.394,0.292,0.318,0.363,0.497,0.364
baseline,Baseline,Moderately polarized appointment environment with ordinary constitutional-review pressure.,mandatory-legislative-response,Mandatory legislative response cycles,synthetic_mechanism,mandatory_legislative_response,pipeline,federal/state_federal_split,198,198,209,11,1.000,0.947,0.914,0.706,0.001,0.182,0.374,0.727,0.727,0.182,0.200,1.000,0.868,0.657,3.000,0.538,0.511,0.776,0.200,0.455,0.595,0.537,0.354,0.625,0.670,0.237,0.615,0.916,0.616,0.076,0.182,0.162,0.667,0.071,0.106,0.566,0.079,0.352,0.396,0.196,0.314,0.508,0.293,0.347,0.445,0.520,0.407
baseline,Baseline,Moderately polarized appointment environment with ordinary constitutional-review pressure.,mandatory-legislative-response,Mandatory legislative response cycles,synthetic_mechanism,mandatory_legislative_response,pipeline,mixed_state_federal/circuit_en_banc,837,837,912,75,1.000,0.918,0.926,0.723,0.002,0.312,0.323,0.909,0.636,0.091,0.312,1.000,0.817,0.652,3.000,0.761,0.564,0.776,0.230,0.475,0.588,0.532,0.367,0.622,0.674,0.246,0.615,0.934,0.639,0.100,0.135,0.164,0.634,0.100,0.070,0.380,0.094,0.335,0.357,0.189,0.315,0.508,0.299,0.347,0.440,0.523,0.408
baseline,Baseline,Moderately polarized appointment environment with ordinary constitutional-review pressure.,mandatory-legislative-response,Mandatory legislative response cycles,synthetic_mechanism,mandatory_legislative_response,pipeline,mixed_state_federal/district_only,124,124,165,41,1.000,0.752,0.924,0.712,0.007,0.195,0.250,0.976,0.780,0.146,0.195,1.000,0.669,0.486,1.000,0.732,0.504,0.772,0.219,0.462,0.578,0.531,0.388,0.628,0.671,0.240,0.617,0.929,0.685,0.089,0.137,0.145,0.645,0.056,0.097,0.452,0.096,0.320,0.328,0.181,0.312,0.424,0.310,0.327,0.363,0.508,0.377
baseline,Baseline,Moderately polarized appointment environment with ordinary constitutional-review pressure.,mandatory-legislative-response,Mandatory legislative response cycles,synthetic_mechanism,mandatory_legislative_response,pipeline,mixed_state_federal/state_federal_split,1542,1542,1689,147,1.000,0.913,0.896,0.705,0.002,0.385,0.471,0.885,0.703,0.101,0.385,1.000,0.858,0.657,3.000,0.780,0.579,0.774,0.238,0.461,0.598,0.542,0.352,0.620,0.666,0.224,0.615,0.936,0.623,0.115,0.132,0.191,0.650,0.077,0.073,0.376,0.089,0.336,0.359,0.173,0.315,0.513,0.299,0.349,0.448,0.527,0.411
baseline,Baseline,Moderately polarized appointment environment with ordinary constitutional-review pressure.,mandatory-legislative-response,Mandatory legislative response cycles,synthetic_mechanism,mandatory_legislative_response,pipeline,state/circuit_en_banc,88,88,90,2,1.000,0.978,0.993,0.785,0.000,0.000,0.023,1.000,0.500,0.000,0.000,1.000,0.774,0.664,3.000,0.472,0.511,0.793,0.173,0.523,0.569,0.503,0.388,0.629,0.706,0.297,0.616,0.907,0.670,0.091,0.114,0.205,0.636,0.091,0.068,0.545,0.088,0.305,0.325,0.158,0.314,0.498,0.290,0.344,0.433,0.512,0.401
baseline,Baseline,Moderately polarized appointment environment with ordinary constitutional-review pressure.,mandatory-legislative-response,Mandatory legislative response cycles,synthetic_mechanism,mandatory_legislative_response,pipeline,state/circuit_panel,599,599,664,65,1.000,0.902,0.936,0.730,0.002,0.296,0.304,0.817,0.690,0.169,0.296,1.000,0.610,0.564,2.000,0.559,0.469,0.784,0.191,0.491,0.587,0.540,0.354,0.630,0.687,0.230,0.616,0.914,0.671,0.085,0.100,0.145,0.701,0.070,0.045,0.421,0.090,0.321,0.355,0.171,0.311,0.445,0.293,0.331,0.401,0.507,0.384
baseline,Baseline,Moderately polarized appointment environment with ordinary constitutional-review pressure.,mandatory-legislative-response,Mandatory legislative response cycles,synthetic_mechanism,mandatory_legislative_response,pipeline,state/district_only,143,143,188,45,1.000,0.761,0.964,0.732,0.003,0.063,0.126,0.917,0.688,0.063,0.063,1.000,0.630,0.475,1.000,0.528,0.454,0.785,0.184,0.502,0.575,0.530,0.387,0.633,0.691,0.248,0.617,0.911,0.643,0.077,0.126,0.189,0.664,0.077,0.063,0.462,0.080,0.312,0.332,0.163,0.311,0.416,0.307,0.324,0.358,0.502,0.372
baseline,Baseline,Moderately polarized appointment environment with ordinary constitutional-review pressure.,mandatory-legislative-response,Mandatory legislative response cycles,synthetic_mechanism,mandatory_legislative_response,pipeline,state/state_federal_split,1264,1264,1377,113,1.000,0.918,0.914,0.721,0.002,0.313,0.407,0.852,0.670,0.078,0.313,1.000,0.839,0.650,3.000,0.592,0.529,0.781,0.207,0.483,0.597,0.543,0.355,0.624,0.678,0.229,0.615,0.920,0.660,0.081,0.127,0.164,0.666,0.082,0.066,0.432,0.084,0.339,0.376,0.180,0.314,0.507,0.296,0.346,0.444,0.522,0.408
baseline,Baseline,Moderately polarized appointment environment with ordinary constitutional-review pressure.,mandatory-legislative-response,Mandatory legislative response cycles,synthetic_mechanism,mandatory_legislative_response,pipeline,state/state_high_court,1231,1231,1308,77,1.000,0.941,0.904,0.709,0.001,0.357,0.474,0.893,0.738,0.143,0.357,1.000,0.605,0.568,2.000,0.542,0.475,0.784,0.195,0.477,0.600,0.556,0.346,0.630,0.680,0.196,0.616,0.914,0.673,0.091,0.110,0.130,0.641,0.080,0.051,0.459,0.089,0.334,0.370,0.175,0.311,0.444,0.287,0.330,0.410,0.509,0.384
polarized-appointments,Polarized appointments,"High appointment polarization, higher partisan pressure, and lower public trust.",current-federal-court,Current-style federal supreme court,court_variant,strong_form_court,pipeline,federal/circuit_en_banc,961,961,41375,40414,1.000,0.023,0.816,0.695,0.345,0.597,0.339,0.034,0.374,0.519,0.482,0.000,0.720,0.652,3.000,0.386,0.476,0.556,0.308,0.419,0.527,0.413,0.379,0.601,0.573,0.539,0.635,0.751,0.398,0.267,0.157,0.316,0.428,0.194,0.063,0.303,0.015,0.929,0.874,0.801,0.307,0.711,0.420,0.384,0.456,0.438,0.460
polarized-appointments,Polarized appointments,"High appointment polarization, higher partisan pressure, and lower public trust.",current-federal-court,Current-style federal supreme court,court_variant,strong_form_court,pipeline,federal/circuit_panel,2028,2028,87533,85505,1.000,0.023,0.769,0.674,0.400,0.750,0.529,0.031,0.371,0.588,0.647,0.000,0.570,0.564,2.000,0.407,0.436,0.534,0.342,0.395,0.532,0.434,0.364,0.602,0.556,0.521,0.636,0.755,0.391,0.285,0.155,0.291,0.395,0.187,0.073,0.274,0.014,0.934,0.880,0.796,0.304,0.658,0.416,0.371,0.417,0.425,0.438
polarized-appointments,Polarized appointments,"High appointment polarization, higher partisan pressure, and lower public trust.",current-federal-court,Current-style federal supreme court,court_variant,strong_form_court,pipeline,federal/district_only,555,555,24288,23733,1.000,0.023,0.756,0.673,0.440,0.741,0.542,0.043,0.424,0.608,0.654,0.000,0.484,0.478,1.000,0.405,0.407,0.525,0.354,0.390,0.532,0.437,0.369,0.604,0.551,0.511,0.636,0.756,0.378,0.292,0.151,0.295,0.386,0.189,0.063,0.299,0.013,0.941,0.890,0.817,0.302,0.613,0.414,0.359,0.379,0.415,0.420
polarized-appointments,Polarized appointments,"High appointment polarization, higher partisan pressure, and lower public trust.",current-federal-court,Current-style federal supreme court,court_variant,strong_form_court,pipeline,federal/state_federal_split,214,214,8753,8539,1.000,0.024,0.787,0.676,0.345,0.700,0.468,0.033,0.356,0.611,0.759,0.000,0.869,0.658,3.000,0.535,0.519,0.540,0.344,0.398,0.532,0.417,0.364,0.597,0.555,0.545,0.634,0.765,0.346,0.294,0.178,0.304,0.388,0.234,0.084,0.234,0.016,0.940,0.894,0.812,0.308,0.726,0.419,0.388,0.461,0.440,0.464
polarized-appointments,Polarized appointments,"High appointment polarization, higher partisan pressure, and lower public trust.",current-federal-court,Current-style federal supreme court,court_variant,strong_form_court,pipeline,mixed_state_federal/circuit_en_banc,791,791,32311,31520,1.000,0.024,0.772,0.671,0.372,0.718,0.468,0.020,0.387,0.587,0.718,0.000,0.802,0.643,3.000,0.752,0.556,0.528,0.382,0.394,0.527,0.417,0.376,0.593,0.545,0.543,0.634,0.783,0.357,0.320,0.164,0.339,0.344,0.226,0.078,0.139,0.016,0.937,0.884,0.809,0.309,0.722,0.424,0.388,0.455,0.443,0.464
polarized-appointments,Polarized appointments,"High appointment polarization, higher partisan pressure, and lower public trust.",current-federal-court,Current-style federal supreme court,court_variant,strong_form_court,pipeline,mixed_state_federal/district_only,132,132,5407,5275,1.000,0.024,0.712,0.639,0.558,0.765,0.392,0.037,0.358,0.716,0.765,0.000,0.684,0.487,1.000,0.731,0.504,0.482,0.428,0.356,0.514,0.436,0.394,0.594,0.516,0.524,0.636,0.787,0.318,0.348,0.152,0.386,0.295,0.250,0.068,0.091,0.014,0.942,0.891,0.815,0.306,0.636,0.426,0.367,0.381,0.427,0.430
polarized-appointments,Polarized appointments,"High appointment polarization, higher partisan pressure, and lower public trust.",current-federal-court,Current-style federal supreme court,court_variant,strong_form_court,pipeline,mixed_state_federal/state_federal_split,1521,1521,60994,59473,1.000,0.025,0.759,0.656,0.360,0.818,0.616,0.044,0.360,0.546,0.818,0.000,0.861,0.656,3.000,0.780,0.579,0.525,0.398,0.380,0.534,0.423,0.371,0.591,0.537,0.546,0.634,0.787,0.353,0.308,0.177,0.345,0.333,0.209,0.092,0.123,0.015,0.934,0.876,0.797,0.309,0.729,0.421,0.390,0.461,0.443,0.465
polarized-appointments,Polarized appointments,"High appointment polarization, higher partisan pressure, and lower public trust.",current-federal-court,Current-style federal supreme court,court_variant,strong_form_court,pipeline,state/circuit_en_banc,92,92,4051,3959,1.000,0.023,0.864,0.739,0.282,0.371,0.140,0.029,0.429,0.571,0.371,0.000,0.780,0.664,3.000,0.479,0.519,0.583,0.281,0.479,0.521,0.394,0.399,0.603,0.600,0.550,0.634,0.753,0.500,0.228,0.141,0.250,0.435,0.217,0.098,0.261,0.013,0.918,0.861,0.787,0.308,0.721,0.421,0.388,0.460,0.443,0.464
polarized-appointments,Polarized appointments,"High appointment polarization, higher partisan pressure, and lower public trust.",current-federal-court,Current-style federal supreme court,court_variant,strong_form_court,pipeline,state/circuit_panel,591,591,25260,24669,1.000,0.023,0.777,0.680,0.359,0.708,0.536,0.024,0.328,0.538,0.708,0.000,0.607,0.571,2.000,0.558,0.470,0.541,0.351,0.394,0.531,0.429,0.369,0.601,0.556,0.526,0.635,0.766,0.401,0.283,0.161,0.305,0.349,0.203,0.076,0.225,0.016,0.935,0.880,0.792,0.305,0.664,0.415,0.372,0.420,0.426,0.440
polarized-appointments,Polarized appointments,"High appointment polarization, higher partisan pressure, and lower public trust.",current-federal-court,Current-style federal supreme court,court_variant,strong_form_court,pipeline,state/district_only,126,126,5246,5120,1.000,0.024,0.723,0.659,0.585,0.687,0.349,0.060,0.410,0.759,0.687,0.000,0.624,0.484,1.000,0.542,0.447,0.489,0.400,0.384,0.517,0.429,0.393,0.598,0.531,0.520,0.636,0.771,0.357,0.222,0.206,0.278,0.317,0.159,0.071,0.135,0.007,0.936,0.885,0.790,0.304,0.627,0.426,0.363,0.378,0.422,0.426
polarized-appointments,Polarized appointments,"High appointment polarization, higher partisan pressure, and lower public trust.",current-federal-court,Current-style federal supreme court,court_variant,strong_form_court,pipeline,state/state_federal_split,1281,1281,51731,50450,1.000,0.025,0.761,0.659,0.371,0.809,0.605,0.034,0.399,0.632,0.809,0.000,0.831,0.650,3.000,0.592,0.527,0.528,0.372,0.377,0.536,0.427,0.372,0.594,0.542,0.541,0.634,0.772,0.361,0.308,0.171,0.329,0.379,0.201,0.079,0.167,0.015,0.935,0.878,0.799,0.308,0.722,0.420,0.387,0.459,0.439,0.463
polarized-appointments,Polarized appointments,"High appointment polarization, higher partisan pressure, and lower public trust.",current-federal-court,Current-style federal supreme court,court_variant,strong_form_court,pipeline,state/state_high_court,1308,1308,54873,53565,1.000,0.024,0.766,0.671,0.373,0.786,0.607,0.025,0.361,0.583,0.786,0.000,0.627,0.573,2.000,0.543,0.477,0.533,0.361,0.389,0.535,0.435,0.361,0.600,0.551,0.523,0.635,0.766,0.369,0.305,0.161,0.300,0.353,0.179,0.075,0.200,0.011,0.941,0.889,0.808,0.305,0.665,0.415,0.373,0.423,0.426,0.441
polarized-appointments,Polarized appointments,"High appointment polarization, higher partisan pressure, and lower public trust.",eighteen-year-terms,Staggered 18-year nonrenewable terms,court_variant,strong_form_court,pipeline,federal/circuit_en_banc,961,961,41386,40425,1.000,0.023,0.824,0.702,0.341,0.561,0.297,0.036,0.374,0.575,0.460,0.000,0.720,0.652,3.000,0.386,0.476,0.566,0.304,0.424,0.527,0.413,0.379,0.601,0.578,0.530,0.635,0.750,0.394,0.287,0.143,0.316,0.399,0.235,0.060,0.277,0.017,0.921,0.864,0.789,0.312,0.711,0.435,0.389,0.457,0.441,0.464
polarized-appointments,Polarized appointments,"High appointment polarization, higher partisan pressure, and lower public trust.",eighteen-year-terms,Staggered 18-year nonrenewable terms,court_variant,strong_form_court,pipeline,federal/circuit_panel,2028,2028,87583,85555,1.000,0.023,0.776,0.677,0.394,0.735,0.495,0.034,0.374,0.584,0.619,0.000,0.570,0.564,2.000,0.407,0.436,0.542,0.339,0.398,0.533,0.434,0.364,0.602,0.559,0.512,0.636,0.755,0.394,0.268,0.168,0.285,0.382,0.175,0.079,0.284,0.015,0.926,0.868,0.791,0.309,0.658,0.430,0.375,0.419,0.427,0.443
polarized-appointments,Polarized appointments,"High appointment polarization, higher partisan pressure, and lower public trust.",eighteen-year-terms,Staggered 18-year nonrenewable terms,court_variant,strong_form_court,pipeline,federal/district_only,555,555,24265,23710,1.000,0.023,0.765,0.681,0.436,0.660,0.502,0.043,0.387,0.610,0.535,0.000,0.484,0.478,1.000,0.405,0.407,0.534,0.347,0.403,0.532,0.437,0.369,0.604,0.558,0.503,0.637,0.755,0.380,0.272,0.159,0.297,0.380,0.186,0.063,0.286,0.010,0.934,0.879,0.799,0.307,0.612,0.429,0.364,0.380,0.417,0.424
polarized-appointments,Polarized appointments,"High appointment polarization, higher partisan pressure, and lower public trust.",eighteen-year-terms,Staggered 18-year nonrenewable terms,court_variant,strong_form_court,pipeline,federal/state_federal_split,214,214,8748,8534,1.000,0.024,0.799,0.692,0.335,0.622,0.411,0.056,0.322,0.600,0.688,0.000,0.869,0.658,3.000,0.535,0.519,0.554,0.334,0.413,0.531,0.417,0.364,0.597,0.566,0.534,0.635,0.764,0.374,0.266,0.187,0.285,0.355,0.187,0.070,0.266,0.015,0.933,0.881,0.808,0.312,0.726,0.433,0.392,0.462,0.442,0.468
polarized-appointments,Polarized appointments,"High appointment polarization, higher partisan pressure, and lower public trust.",eighteen-year-terms,Staggered 18-year nonrenewable terms,court_variant,strong_form_court,pipeline,mixed_state_federal/circuit_en_banc,791,791,32257,31466,1.000,0.025,0.776,0.674,0.379,0.680,0.464,0.058,0.420,0.528,0.680,0.000,0.802,0.643,3.000,0.752,0.556,0.535,0.382,0.399,0.528,0.417,0.376,0.592,0.548,0.535,0.635,0.784,0.351,0.340,0.158,0.372,0.346,0.217,0.067,0.144,0.014,0.932,0.875,0.804,0.314,0.722,0.439,0.393,0.457,0.445,0.469
polarized-appointments,Polarized appointments,"High appointment polarization, higher partisan pressure, and lower public trust.",eighteen-year-terms,Staggered 18-year nonrenewable terms,court_variant,strong_form_court,pipeline,mixed_state_federal/district_only,132,132,5375,5243,1.000,0.025,0.708,0.641,0.588,0.682,0.455,0.068,0.398,0.670,0.682,0.000,0.684,0.487,1.000,0.731,0.504,0.484,0.434,0.368,0.516,0.436,0.394,0.593,0.517,0.516,0.636,0.788,0.364,0.311,0.189,0.348,0.295,0.212,0.098,0.129,0.017,0.935,0.882,0.818,0.311,0.636,0.445,0.372,0.381,0.430,0.436
polarized-appointments,Polarized appointments,"High appointment polarization, higher partisan pressure, and lower public trust.",eighteen-year-terms,Staggered 18-year nonrenewable terms,court_variant,strong_form_court,pipeline,mixed_state_federal/state_federal_split,1521,1521,60978,59457,1.000,0.025,0.764,0.664,0.358,0.775,0.587,0.033,0.391,0.550,0.775,0.000,0.861,0.656,3.000,0.780,0.579,0.532,0.393,0.389,0.534,0.423,0.371,0.591,0.542,0.536,0.635,0.787,0.339,0.329,0.165,0.358,0.347,0.218,0.079,0.132,0.014,0.930,0.869,0.796,0.314,0.729,0.436,0.394,0.462,0.445,0.470
polarized-appointments,Polarized appointments,"High appointment polarization, higher partisan pressure, and lower public trust.",eighteen-year-terms,Staggered 18-year nonrenewable terms,court_variant,strong_form_court,pipeline,state/circuit_en_banc,92,92,4050,3958,1.000,0.023,0.876,0.749,0.279,0.278,0.107,0.028,0.333,0.556,0.278,0.000,0.780,0.664,3.000,0.479,0.519,0.596,0.276,0.490,0.521,0.394,0.399,0.603,0.607,0.542,0.635,0.752,0.413,0.293,0.098,0.293,0.370,0.185,0.043,0.196,0.012,0.914,0.852,0.787,0.313,0.721,0.436,0.392,0.461,0.446,0.469
polarized-appointments,Polarized appointments,"High appointment polarization, higher partisan pressure, and lower public trust.",eighteen-year-terms,Staggered 18-year nonrenewable terms,court_variant,strong_form_court,pipeline,state/circuit_panel,591,591,25323,24732,1.000,0.023,0.792,0.689,0.346,0.682,0.468,0.033,0.482,0.539,0.682,0.000,0.607,0.571,2.000,0.558,0.470,0.554,0.342,0.409,0.530,0.429,0.369,0.601,0.565,0.517,0.636,0.765,0.367,0.257,0.169,0.276,0.365,0.190,0.069,0.225,0.016,0.928,0.871,0.789,0.309,0.664,0.428,0.377,0.422,0.428,0.444
polarized-appointments,Polarized appointments,"High appointment polarization, higher partisan pressure, and lower public trust.",eighteen-year-terms,Staggered 18-year nonrenewable terms,court_variant,strong_form_court,pipeline,state/district_only,126,126,5263,5137,1.000,0.024,0.745,0.677,0.554,0.600,0.283,0.038,0.425,0.663,0.600,0.000,0.624,0.484,1.000,0.542,0.447,0.511,0.386,0.406,0.517,0.429,0.393,0.599,0.545,0.511,0.637,0.769,0.381,0.349,0.087,0.302,0.413,0.198,0.024,0.222,0.010,0.927,0.871,0.800,0.309,0.627,0.438,0.368,0.380,0.424,0.431
polarized-appointments,Polarized appointments,"High appointment polarization, higher partisan pressure, and lower public trust.",eighteen-year-terms,Staggered 18-year nonrenewable terms,court_variant,strong_form_court,pipeline,state/state_federal_split,1281,1281,51748,50467,1.000,0.025,0.770,0.667,0.361,0.783,0.560,0.033,0.411,0.602,0.783,0.000,0.831,0.650,3.000,0.592,0.527,0.538,0.366,0.388,0.536,0.427,0.372,0.594,0.549,0.532,0.635,0.771,0.377,0.296,0.162,0.336,0.354,0.218,0.066,0.180,0.016,0.926,0.868,0.794,0.312,0.722,0.434,0.392,0.461,0.441,0.467
polarized-appointments,Polarized appointments,"High appointment polarization, higher partisan pressure, and lower public trust.",eighteen-year-terms,Staggered 18-year nonrenewable terms,court_variant,strong_form_court,pipeline,state/state_high_court,1308,1308,54883,53575,1.000,0.024,0.776,0.681,0.365,0.731,0.565,0.040,0.377,0.555,0.731,0.000,0.627,0.573,2.000,0.543,0.477,0.545,0.354,0.401,0.535,0.435,0.361,0.599,0.558,0.513,0.636,0.765,0.364,0.304,0.167,0.330,0.371,0.200,0.076,0.196,0.012,0.933,0.878,0.804,0.310,0.665,0.429,0.377,0.425,0.429,0.446
polarized-appointments,Polarized appointments,"High appointment polarization, higher partisan pressure, and lower public trust.",fifteen-justice-commission,Fifteen-justice supermajority commission court,court_variant,strong_form_court,pipeline,federal/circuit_en_banc,961,961,42758,41797,1.000,0.022,0.921,0.750,0.049,0.273,0.275,0.636,0.545,0.238,0.188,0.252,0.720,0.652,3.000,0.386,0.476,0.687,0.213,0.469,0.551,0.413,0.379,0.607,0.642,0.446,0.635,0.739,0.492,0.194,0.137,0.235,0.510,0.174,0.075,0.382,0.032,0.812,0.781,0.612,0.364,0.713,0.422,0.443,0.463,0.458,0.479
polarized-appointments,Polarized appointments,"High appointment polarization, higher partisan pressure, and lower public trust.",fifteen-justice-commission,Fifteen-justice supermajority commission court,court_variant,strong_form_court,pipeline,federal/circuit_panel,2028,2028,90467,88439,1.000,0.022,0.872,0.732,0.074,0.476,0.455,0.715,0.602,0.285,0.333,0.327,0.570,0.564,2.000,0.407,0.436,0.666,0.242,0.457,0.560,0.434,0.364,0.608,0.628,0.428,0.636,0.743,0.500,0.202,0.127,0.204,0.483,0.166,0.059,0.384,0.028,0.822,0.789,0.602,0.362,0.660,0.419,0.430,0.425,0.445,0.459
polarized-appointments,Polarized appointments,"High appointment polarization, higher partisan pressure, and lower public trust.",fifteen-justice-commission,Fifteen-justice supermajority commission court,court_variant,strong_form_court,pipeline,federal/district_only,555,555,25098,24543,1.000,0.022,0.872,0.732,0.093,0.394,0.423,0.775,0.641,0.275,0.236,0.338,0.484,0.478,1.000,0.405,0.407,0.663,0.243,0.458,0.558,0.437,0.369,0.611,0.628,0.419,0.637,0.742,0.481,0.211,0.157,0.184,0.474,0.160,0.067,0.350,0.023,0.827,0.805,0.604,0.360,0.614,0.419,0.418,0.386,0.436,0.440
polarized-appointments,Polarized appointments,"High appointment polarization, higher partisan pressure, and lower public trust.",fifteen-justice-commission,Fifteen-justice supermajority commission court,court_variant,strong_form_court,pipeline,federal/state_federal_split,214,214,9023,8809,1.000,0.024,0.890,0.743,0.045,0.429,0.361,0.750,0.571,0.214,0.571,0.286,0.869,0.658,3.000,0.535,0.519,0.673,0.246,0.457,0.556,0.417,0.364,0.603,0.629,0.451,0.635,0.753,0.402,0.220,0.206,0.271,0.500,0.140,0.098,0.421,0.028,0.813,0.779,0.592,0.365,0.728,0.419,0.446,0.469,0.460,0.483
polarized-appointments,Polarized appointments,"High appointment polarization, higher partisan pressure, and lower public trust.",fifteen-justice-commission,Fifteen-justice supermajority commission court,court_variant,strong_form_court,pipeline,mixed_state_federal/circuit_en_banc,791,791,33256,32465,1.000,0.024,0.879,0.739,0.062,0.433,0.391,0.687,0.612,0.276,0.433,0.269,0.802,0.643,3.000,0.752,0.556,0.663,0.281,0.461,0.553,0.417,0.376,0.599,0.620,0.451,0.635,0.771,0.442,0.263,0.149,0.252,0.475,0.162,0.067,0.238,0.026,0.824,0.791,0.610,0.367,0.724,0.426,0.447,0.463,0.463,0.484
polarized-appointments,Polarized appointments,"High appointment polarization, higher partisan pressure, and lower public trust.",fifteen-justice-commission,Fifteen-justice supermajority commission court,court_variant,strong_form_court,pipeline,mixed_state_federal/district_only,132,132,5510,5378,1.000,0.024,0.855,0.730,0.132,0.333,0.349,0.683,0.583,0.267,0.333,0.567,0.684,0.487,1.000,0.731,0.504,0.646,0.291,0.452,0.544,0.436,0.394,0.603,0.612,0.433,0.636,0.770,0.447,0.250,0.144,0.227,0.447,0.174,0.076,0.273,0.029,0.845,0.810,0.642,0.365,0.637,0.438,0.427,0.386,0.449,0.452
polarized-appointments,Polarized appointments,"High appointment polarization, higher partisan pressure, and lower public trust.",fifteen-justice-commission,Fifteen-justice supermajority commission court,court_variant,strong_form_court,pipeline,mixed_state_federal/state_federal_split,1521,1521,62728,61207,1.000,0.024,0.857,0.731,0.056,0.607,0.512,0.664,0.570,0.280,0.607,0.285,0.861,0.656,3.000,0.780,0.579,0.656,0.300,0.451,0.561,0.422,0.371,0.597,0.613,0.452,0.635,0.775,0.438,0.242,0.171,0.262,0.467,0.166,0.094,0.226,0.027,0.825,0.788,0.600,0.367,0.731,0.423,0.449,0.469,0.463,0.485
polarized-appointments,Polarized appointments,"High appointment polarization, higher partisan pressure, and lower public trust.",fifteen-justice-commission,Fifteen-justice supermajority commission court,court_variant,strong_form_court,pipeline,state/circuit_en_banc,92,92,4166,4074,1.000,0.022,0.971,0.779,0.049,0.000,0.038,0.462,0.538,0.308,0.000,0.000,0.780,0.664,3.000,0.479,0.519,0.705,0.197,0.527,0.536,0.394,0.399,0.607,0.663,0.455,0.635,0.743,0.543,0.196,0.141,0.261,0.457,0.196,0.043,0.359,0.022,0.803,0.777,0.589,0.366,0.723,0.426,0.447,0.467,0.464,0.484
polarized-appointments,Polarized appointments,"High appointment polarization, higher partisan pressure, and lower public trust.",fifteen-justice-commission,Fifteen-justice supermajority commission court,court_variant,strong_form_court,pipeline,state/circuit_panel,591,591,26090,25499,1.000,0.023,0.878,0.736,0.059,0.535,0.426,0.683,0.624,0.356,0.535,0.396,0.607,0.571,2.000,0.558,0.470,0.667,0.256,0.460,0.557,0.429,0.369,0.606,0.627,0.432,0.636,0.754,0.438,0.252,0.144,0.215,0.511,0.142,0.069,0.283,0.027,0.812,0.778,0.581,0.363,0.665,0.418,0.431,0.427,0.447,0.460
polarized-appointments,Polarized appointments,"High appointment polarization, higher partisan pressure, and lower public trust.",fifteen-justice-commission,Fifteen-justice supermajority commission court,court_variant,strong_form_court,pipeline,state/district_only,126,126,5371,5245,1.000,0.023,0.871,0.727,0.142,0.310,0.299,0.724,0.483,0.310,0.310,0.500,0.624,0.484,1.000,0.542,0.447,0.651,0.263,0.472,0.545,0.429,0.393,0.607,0.622,0.428,0.637,0.754,0.397,0.254,0.151,0.198,0.508,0.103,0.087,0.262,0.019,0.827,0.789,0.618,0.362,0.628,0.433,0.423,0.384,0.444,0.447
polarized-appointments,Polarized appointments,"High appointment polarization, higher partisan pressure, and lower public trust.",fifteen-justice-commission,Fifteen-justice supermajority commission court,court_variant,strong_form_court,pipeline,state/state_federal_split,1281,1281,53217,51936,1.000,0.024,0.860,0.730,0.059,0.541,0.505,0.665,0.634,0.325,0.541,0.263,0.831,0.650,3.000,0.592,0.527,0.660,0.274,0.454,0.564,0.427,0.372,0.600,0.619,0.448,0.635,0.760,0.461,0.217,0.160,0.265,0.461,0.145,0.076,0.255,0.027,0.821,0.788,0.602,0.365,0.724,0.421,0.446,0.467,0.459,0.482
polarized-appointments,Polarized appointments,"High appointment polarization, higher partisan pressure, and lower public trust.",fifteen-justice-commission,Fifteen-justice supermajority commission court,court_variant,strong_form_court,pipeline,state/state_high_court,1308,1308,56760,55452,1.000,0.023,0.862,0.732,0.058,0.622,0.514,0.689,0.580,0.301,0.622,0.290,0.627,0.573,2.000,0.543,0.477,0.662,0.264,0.459,0.563,0.435,0.361,0.605,0.623,0.430,0.636,0.755,0.483,0.189,0.168,0.214,0.487,0.148,0.072,0.293,0.024,0.824,0.789,0.608,0.363,0.667,0.416,0.432,0.432,0.446,0.461
polarized-appointments,Polarized appointments,"High appointment polarization, higher partisan pressure, and lower public trust.",supermajority-invalidation,Supermajority required to invalidate laws,court_variant,strong_form_court,pipeline,federal/circuit_en_banc,961,961,42779,41818,1.000,0.022,0.922,0.746,0.053,0.413,0.265,0.608,0.483,0.301,0.321,0.280,0.720,0.652,3.000,0.386,0.476,0.657,0.215,0.464,0.542,0.413,0.379,0.605,0.635,0.456,0.634,0.743,0.516,0.193,0.133,0.212,0.518,0.178,0.060,0.406,0.030,0.830,0.802,0.635,0.305,0.713,0.400,0.383,0.461,0.495,0.466
polarized-appointments,Polarized appointments,"High appointment polarization, higher partisan pressure, and lower public trust.",supermajority-invalidation,Supermajority required to invalidate laws,court_variant,strong_form_court,pipeline,federal/circuit_panel,2028,2028,90582,88554,1.000,0.022,0.879,0.728,0.074,0.540,0.438,0.646,0.499,0.307,0.416,0.323,0.570,0.564,2.000,0.407,0.436,0.640,0.241,0.453,0.551,0.434,0.364,0.607,0.623,0.438,0.635,0.747,0.492,0.208,0.143,0.207,0.490,0.148,0.068,0.366,0.026,0.838,0.809,0.631,0.302,0.660,0.397,0.370,0.423,0.481,0.445
polarized-appointments,Polarized appointments,"High appointment polarization, higher partisan pressure, and lower public trust.",supermajority-invalidation,Supermajority required to invalidate laws,court_variant,strong_form_court,pipeline,federal/district_only,555,555,25111,24556,1.000,0.022,0.881,0.725,0.093,0.460,0.391,0.664,0.547,0.343,0.329,0.350,0.484,0.478,1.000,0.405,0.407,0.636,0.243,0.450,0.548,0.437,0.369,0.610,0.622,0.428,0.636,0.746,0.481,0.213,0.135,0.207,0.467,0.141,0.054,0.400,0.024,0.844,0.820,0.637,0.300,0.614,0.396,0.358,0.384,0.472,0.426
polarized-appointments,Polarized appointments,"High appointment polarization, higher partisan pressure, and lower public trust.",supermajority-invalidation,Supermajority required to invalidate laws,court_variant,strong_form_court,pipeline,federal/state_federal_split,214,214,9021,8807,1.000,0.024,0.888,0.735,0.052,0.538,0.380,0.692,0.423,0.231,0.600,0.154,0.869,0.658,3.000,0.535,0.519,0.640,0.251,0.448,0.549,0.417,0.364,0.601,0.620,0.461,0.634,0.757,0.519,0.196,0.154,0.210,0.463,0.136,0.056,0.313,0.026,0.832,0.807,0.626,0.305,0.728,0.397,0.387,0.467,0.496,0.470
polarized-appointments,Polarized appointments,"High appointment polarization, higher partisan pressure, and lower public trust.",supermajority-invalidation,Supermajority required to invalidate laws,court_variant,strong_form_court,pipeline,mixed_state_federal/circuit_en_banc,791,791,33244,32453,1.000,0.024,0.882,0.731,0.070,0.577,0.378,0.620,0.518,0.307,0.577,0.285,0.802,0.643,3.000,0.752,0.556,0.633,0.285,0.451,0.544,0.417,0.376,0.597,0.612,0.461,0.634,0.775,0.456,0.278,0.135,0.267,0.437,0.197,0.067,0.220,0.025,0.842,0.812,0.644,0.307,0.724,0.404,0.387,0.461,0.499,0.470
polarized-appointments,Polarized appointments,"High appointment polarization, higher partisan pressure, and lower public trust.",supermajority-invalidation,Supermajority required to invalidate laws,court_variant,strong_form_court,pipeline,mixed_state_federal/district_only,132,132,5502,5370,1.000,0.024,0.850,0.708,0.144,0.458,0.362,0.593,0.542,0.373,0.458,0.542,0.684,0.487,1.000,0.731,0.504,0.611,0.300,0.430,0.536,0.436,0.394,0.601,0.597,0.443,0.635,0.775,0.477,0.250,0.144,0.220,0.447,0.227,0.068,0.182,0.025,0.861,0.833,0.667,0.305,0.637,0.414,0.366,0.384,0.485,0.438
polarized-appointments,Polarized appointments,"High appointment polarization, higher partisan pressure, and lower public trust.",supermajority-invalidation,Supermajority required to invalidate laws,court_variant,strong_form_court,pipeline,mixed_state_federal/state_federal_split,1521,1521,62537,61016,1.000,0.024,0.858,0.725,0.070,0.635,0.518,0.658,0.531,0.312,0.635,0.277,0.861,0.656,3.000,0.780,0.579,0.625,0.306,0.443,0.553,0.422,0.371,0.595,0.605,0.462,0.634,0.780,0.454,0.252,0.142,0.280,0.475,0.167,0.074,0.210,0.024,0.847,0.812,0.635,0.307,0.730,0.403,0.389,0.466,0.499,0.472
polarized-appointments,Polarized appointments,"High appointment polarization, higher partisan pressure, and lower public trust.",supermajority-invalidation,Supermajority required to invalidate laws,court_variant,strong_form_court,pipeline,state/circuit_en_banc,92,92,4164,4072,1.000,0.022,0.964,0.777,0.060,0.067,0.039,0.733,0.400,0.200,0.067,0.000,0.780,0.664,3.000,0.479,0.519,0.671,0.201,0.525,0.528,0.394,0.399,0.606,0.655,0.465,0.634,0.747,0.533,0.185,0.065,0.261,0.533,0.174,0.022,0.196,0.026,0.830,0.803,0.645,0.307,0.723,0.405,0.387,0.464,0.500,0.471
polarized-appointments,Polarized appointments,"High appointment polarization, higher partisan pressure, and lower public trust.",supermajority-invalidation,Supermajority required to invalidate laws,court_variant,strong_form_court,pipeline,state/circuit_panel,591,591,26103,25512,1.000,0.023,0.884,0.732,0.062,0.531,0.425,0.563,0.490,0.396,0.531,0.313,0.607,0.571,2.000,0.558,0.470,0.640,0.257,0.457,0.548,0.429,0.369,0.605,0.622,0.442,0.635,0.758,0.481,0.203,0.171,0.212,0.504,0.151,0.080,0.272,0.027,0.832,0.803,0.614,0.303,0.665,0.396,0.371,0.425,0.483,0.447
polarized-appointments,Polarized appointments,"High appointment polarization, higher partisan pressure, and lower public trust.",supermajority-invalidation,Supermajority required to invalidate laws,court_variant,strong_form_court,pipeline,state/district_only,126,126,5392,5266,1.000,0.023,0.858,0.719,0.151,0.536,0.340,0.679,0.589,0.321,0.536,0.536,0.624,0.484,1.000,0.542,0.447,0.619,0.273,0.447,0.540,0.429,0.393,0.605,0.609,0.439,0.636,0.759,0.444,0.206,0.159,0.254,0.444,0.119,0.103,0.254,0.023,0.846,0.810,0.654,0.303,0.628,0.411,0.363,0.382,0.480,0.434
polarized-appointments,Polarized appointments,"High appointment polarization, higher partisan pressure, and lower public trust.",supermajority-invalidation,Supermajority required to invalidate laws,court_variant,strong_form_court,pipeline,state/state_federal_split,1281,1281,53226,51945,1.000,0.024,0.863,0.723,0.063,0.643,0.514,0.592,0.556,0.342,0.643,0.270,0.831,0.650,3.000,0.592,0.527,0.631,0.278,0.446,0.557,0.427,0.372,0.599,0.611,0.459,0.634,0.764,0.468,0.230,0.161,0.250,0.472,0.150,0.079,0.265,0.025,0.842,0.810,0.636,0.306,0.724,0.399,0.386,0.464,0.495,0.469
polarized-appointments,Polarized appointments,"High appointment polarization, higher partisan pressure, and lower public trust.",supermajority-invalidation,Supermajority required to invalidate laws,court_variant,strong_form_court,pipeline,state/state_high_court,1308,1308,56719,55411,1.000,0.023,0.870,0.728,0.062,0.653,0.499,0.604,0.500,0.287,0.653,0.302,0.627,0.573,2.000,0.543,0.477,0.636,0.265,0.454,0.554,0.435,0.361,0.604,0.618,0.439,0.635,0.758,0.496,0.217,0.154,0.230,0.453,0.169,0.075,0.269,0.023,0.840,0.810,0.640,0.303,0.667,0.394,0.372,0.429,0.482,0.447
polarized-appointments,Polarized appointments,"High appointment polarization, higher partisan pressure, and lower public trust.",strict-recusal-court,Strict recusal with substitute justices,court_variant,strong_form_court,pipeline,federal/circuit_en_banc,961,961,42761,41800,1.000,0.022,0.921,0.749,0.053,0.324,0.259,0.669,0.607,0.248,0.200,0.228,0.720,0.652,3.000,0.386,0.476,0.704,0.213,0.468,0.558,0.413,0.379,0.603,0.645,0.444,0.635,0.743,0.524,0.191,0.122,0.206,0.522,0.156,0.054,0.403,0.035,0.786,0.761,0.573,0.363,0.713,0.422,0.442,0.463,0.493,0.485
polarized-appointments,Polarized appointments,"High appointment polarization, higher partisan pressure, and lower public trust.",strict-recusal-court,Strict recusal with substitute justices,court_variant,strong_form_court,pipeline,federal/circuit_panel,2028,2028,90501,88473,1.000,0.022,0.873,0.733,0.071,0.509,0.443,0.723,0.647,0.296,0.350,0.353,0.570,0.564,2.000,0.407,0.436,0.686,0.240,0.458,0.568,0.434,0.364,0.604,0.633,0.426,0.636,0.746,0.531,0.193,0.126,0.193,0.509,0.151,0.068,0.413,0.032,0.792,0.768,0.562,0.361,0.660,0.420,0.429,0.425,0.479,0.464
polarized-appointments,Polarized appointments,"High appointment polarization, higher partisan pressure, and lower public trust.",strict-recusal-court,Strict recusal with substitute justices,court_variant,strong_form_court,pipeline,federal/district_only,555,555,25112,24557,1.000,0.022,0.875,0.732,0.089,0.387,0.406,0.732,0.690,0.331,0.239,0.366,0.484,0.478,1.000,0.405,0.407,0.683,0.240,0.459,0.565,0.437,0.369,0.608,0.633,0.417,0.637,0.745,0.528,0.193,0.126,0.180,0.495,0.150,0.063,0.400,0.026,0.793,0.783,0.552,0.359,0.614,0.419,0.417,0.386,0.470,0.446
polarized-appointments,Polarized appointments,"High appointment polarization, higher partisan pressure, and lower public trust.",strict-recusal-court,Strict recusal with substitute justices,court_variant,strong_form_court,pipeline,federal/state_federal_split,214,214,9012,8798,1.000,0.024,0.887,0.743,0.045,0.400,0.373,0.700,0.600,0.133,0.478,0.300,0.869,0.658,3.000,0.535,0.519,0.690,0.246,0.458,0.564,0.417,0.364,0.599,0.632,0.450,0.634,0.756,0.495,0.220,0.121,0.280,0.486,0.154,0.065,0.388,0.031,0.789,0.767,0.567,0.364,0.728,0.420,0.446,0.469,0.494,0.489
polarized-appointments,Polarized appointments,"High appointment polarization, higher partisan pressure, and lower public trust.",strict-recusal-court,Strict recusal with substitute justices,court_variant,strong_form_court,pipeline,mixed_state_federal/circuit_en_banc,791,791,33241,32450,1.000,0.024,0.883,0.739,0.065,0.483,0.358,0.636,0.685,0.238,0.483,0.308,0.802,0.643,3.000,0.752,0.556,0.682,0.279,0.462,0.558,0.417,0.376,0.595,0.626,0.448,0.634,0.774,0.537,0.200,0.142,0.236,0.493,0.169,0.075,0.255,0.028,0.789,0.767,0.563,0.366,0.724,0.427,0.446,0.463,0.497,0.490
polarized-appointments,Polarized appointments,"High appointment polarization, higher partisan pressure, and lower public trust.",strict-recusal-court,Strict recusal with substitute justices,court_variant,strong_form_court,pipeline,mixed_state_federal/district_only,132,132,5532,5400,1.000,0.024,0.860,0.729,0.122,0.370,0.318,0.759,0.704,0.296,0.370,0.537,0.684,0.487,1.000,0.731,0.504,0.667,0.287,0.450,0.550,0.436,0.394,0.600,0.617,0.431,0.636,0.773,0.492,0.167,0.152,0.242,0.462,0.182,0.091,0.235,0.029,0.816,0.800,0.601,0.363,0.638,0.435,0.425,0.387,0.482,0.457
polarized-appointments,Polarized appointments,"High appointment polarization, higher partisan pressure, and lower public trust.",strict-recusal-court,Strict recusal with substitute justices,court_variant,strong_form_court,pipeline,mixed_state_federal/state_federal_split,1521,1521,62604,61083,1.000,0.024,0.856,0.732,0.058,0.561,0.507,0.692,0.633,0.270,0.561,0.295,0.861,0.656,3.000,0.780,0.579,0.674,0.299,0.453,0.568,0.422,0.371,0.593,0.617,0.450,0.634,0.779,0.491,0.224,0.149,0.241,0.477,0.147,0.068,0.209,0.029,0.796,0.768,0.560,0.366,0.731,0.425,0.448,0.469,0.497,0.491
polarized-appointments,Polarized appointments,"High appointment polarization, higher partisan pressure, and lower public trust.",strict-recusal-court,Strict recusal with substitute justices,court_variant,strong_form_court,pipeline,state/circuit_en_banc,92,92,4174,4082,1.000,0.022,0.971,0.775,0.047,0.083,0.025,0.667,0.667,0.000,0.083,0.000,0.780,0.664,3.000,0.479,0.519,0.722,0.196,0.526,0.543,0.394,0.399,0.604,0.665,0.453,0.634,0.746,0.543,0.228,0.054,0.261,0.467,0.196,0.022,0.272,0.032,0.773,0.760,0.578,0.365,0.723,0.425,0.445,0.467,0.498,0.490
polarized-appointments,Polarized appointments,"High appointment polarization, higher partisan pressure, and lower public trust.",strict-recusal-court,Strict recusal with substitute justices,court_variant,strong_form_court,pipeline,state/circuit_panel,591,591,26098,25507,1.000,0.023,0.880,0.736,0.060,0.485,0.405,0.691,0.649,0.278,0.485,0.299,0.607,0.571,2.000,0.558,0.470,0.686,0.254,0.464,0.563,0.429,0.369,0.603,0.632,0.429,0.636,0.757,0.525,0.215,0.132,0.193,0.514,0.147,0.071,0.303,0.030,0.785,0.758,0.547,0.362,0.665,0.418,0.430,0.428,0.481,0.466
polarized-appointments,Polarized appointments,"High appointment polarization, higher partisan pressure, and lower public trust.",strict-recusal-court,Strict recusal with substitute justices,court_variant,strong_form_court,pipeline,state/district_only,126,126,5383,5257,1.000,0.023,0.879,0.720,0.140,0.368,0.235,0.719,0.614,0.351,0.368,0.509,0.624,0.484,1.000,0.542,0.447,0.672,0.260,0.468,0.549,0.429,0.393,0.604,0.626,0.426,0.636,0.757,0.437,0.198,0.175,0.167,0.484,0.143,0.079,0.294,0.027,0.791,0.762,0.576,0.361,0.628,0.433,0.422,0.384,0.477,0.453
polarized-appointments,Polarized appointments,"High appointment polarization, higher partisan pressure, and lower public trust.",strict-recusal-court,Strict recusal with substitute justices,court_variant,strong_form_court,pipeline,state/state_federal_split,1281,1281,53087,51806,1.000,0.024,0.859,0.729,0.067,0.545,0.489,0.752,0.671,0.266,0.545,0.243,0.831,0.650,3.000,0.592,0.527,0.677,0.274,0.456,0.570,0.427,0.372,0.596,0.622,0.446,0.634,0.764,0.471,0.208,0.158,0.251,0.493,0.151,0.078,0.294,0.030,0.795,0.770,0.568,0.365,0.724,0.423,0.445,0.466,0.494,0.488
polarized-appointments,Polarized appointments,"High appointment polarization, higher partisan pressure, and lower public trust.",strict-recusal-court,Strict recusal with substitute justices,court_variant,strong_form_court,pipeline,state/state_high_court,1308,1308,56700,55392,1.000,0.023,0.863,0.735,0.058,0.564,0.510,0.708,0.594,0.262,0.564,0.292,0.627,0.573,2.000,0.543,0.477,0.682,0.263,0.462,0.571,0.435,0.361,0.602,0.629,0.427,0.636,0.758,0.501,0.197,0.142,0.213,0.505,0.154,0.062,0.305,0.028,0.790,0.765,0.566,0.361,0.667,0.417,0.431,0.432,0.480,0.466
polarized-appointments,Polarized appointments,"High appointment polarization, higher partisan pressure, and lower public trust.",reasoned-emergency-review,Reasoned emergency orders with merits follow-up,court_variant,strong_form_court,pipeline,federal/circuit_en_banc,961,961,43011,42050,1.000,0.022,0.919,0.747,0.003,0.441,0.312,0.806,0.688,0.086,0.333,1.000,0.720,0.652,3.000,0.386,0.476,0.712,0.206,0.465,0.567,0.413,0.379,0.606,0.644,0.455,0.634,0.741,0.540,0.201,0.111,0.194,0.498,0.161,0.051,0.406,0.032,0.818,0.799,0.582,0.311,0.713,0.411,0.389,0.464,0.490,0.469
polarized-appointments,Polarized appointments,"High appointment polarization, higher partisan pressure, and lower public trust.",reasoned-emergency-review,Reasoned emergency orders with merits follow-up,court_variant,strong_form_court,pipeline,federal/circuit_panel,2028,2028,91339,89311,1.000,0.022,0.874,0.734,0.005,0.542,0.503,0.880,0.665,0.179,0.467,1.000,0.570,0.564,2.000,0.407,0.436,0.699,0.231,0.457,0.580,0.434,0.364,0.608,0.634,0.438,0.635,0.745,0.520,0.187,0.142,0.204,0.484,0.158,0.071,0.401,0.028,0.826,0.809,0.576,0.308,0.660,0.407,0.375,0.426,0.476,0.448
polarized-appointments,Polarized appointments,"High appointment polarization, higher partisan pressure, and lower public trust.",reasoned-emergency-review,Reasoned emergency orders with merits follow-up,court_variant,strong_form_court,pipeline,federal/district_only,555,555,25304,24749,1.000,0.022,0.875,0.737,0.007,0.413,0.477,0.844,0.670,0.165,0.325,1.000,0.484,0.478,1.000,0.405,0.407,0.698,0.229,0.457,0.579,0.437,0.369,0.611,0.636,0.428,0.636,0.743,0.532,0.178,0.123,0.182,0.492,0.166,0.050,0.411,0.026,0.833,0.821,0.573,0.306,0.615,0.407,0.364,0.386,0.467,0.430
polarized-appointments,Polarized appointments,"High appointment polarization, higher partisan pressure, and lower public trust.",reasoned-emergency-review,Reasoned emergency orders with merits follow-up,court_variant,strong_form_court,pipeline,federal/state_federal_split,214,214,9067,8853,1.000,0.024,0.880,0.740,0.003,0.529,0.439,0.882,0.882,0.059,0.571,1.000,0.869,0.658,3.000,0.535,0.519,0.696,0.245,0.451,0.576,0.417,0.364,0.602,0.630,0.462,0.634,0.756,0.519,0.150,0.145,0.276,0.435,0.159,0.056,0.411,0.031,0.834,0.819,0.582,0.311,0.728,0.409,0.392,0.469,0.491,0.473
polarized-appointments,Polarized appointments,"High appointment polarization, higher partisan pressure, and lower public trust.",reasoned-emergency-review,Reasoned emergency orders with merits follow-up,court_variant,strong_form_court,pipeline,mixed_state_federal/circuit_en_banc,791,791,33491,32700,1.000,0.024,0.879,0.736,0.004,0.476,0.439,0.805,0.683,0.171,0.476,1.000,0.802,0.643,3.000,0.752,0.556,0.691,0.274,0.455,0.572,0.417,0.376,0.598,0.624,0.462,0.634,0.773,0.489,0.240,0.129,0.228,0.459,0.183,0.066,0.238,0.026,0.834,0.817,0.578,0.313,0.724,0.414,0.393,0.464,0.494,0.473
polarized-appointments,Polarized appointments,"High appointment polarization, higher partisan pressure, and lower public trust.",reasoned-emergency-review,Reasoned emergency orders with merits follow-up,court_variant,strong_form_court,pipeline,mixed_state_federal/district_only,132,132,5592,5460,1.000,0.024,0.869,0.728,0.013,0.405,0.394,0.905,0.714,0.214,0.405,1.000,0.684,0.487,1.000,0.731,0.504,0.686,0.266,0.452,0.564,0.436,0.394,0.605,0.621,0.443,0.636,0.769,0.462,0.205,0.144,0.205,0.424,0.167,0.091,0.227,0.024,0.856,0.839,0.609,0.310,0.638,0.421,0.372,0.388,0.479,0.441
polarized-appointments,Polarized appointments,"High appointment polarization, higher partisan pressure, and lower public trust.",reasoned-emergency-review,Reasoned emergency orders with merits follow-up,court_variant,strong_form_court,pipeline,mixed_state_federal/state_federal_split,1521,1521,62945,61424,1.000,0.024,0.853,0.725,0.004,0.582,0.583,0.837,0.693,0.124,0.582,1.000,0.861,0.656,3.000,0.780,0.579,0.683,0.297,0.445,0.582,0.422,0.371,0.596,0.614,0.465,0.634,0.778,0.464,0.252,0.145,0.260,0.474,0.164,0.072,0.201,0.027,0.836,0.813,0.575,0.313,0.731,0.413,0.394,0.469,0.494,0.475
polarized-appointments,Polarized appointments,"High appointment polarization, higher partisan pressure, and lower public trust.",reasoned-emergency-review,Reasoned emergency orders with merits follow-up,court_variant,strong_form_court,pipeline,state/circuit_en_banc,92,92,4210,4118,1.000,0.022,0.974,0.778,0.000,0.000,0.054,1.000,0.286,0.000,0.000,1.000,0.780,0.664,3.000,0.479,0.519,0.731,0.185,0.525,0.549,0.393,0.399,0.607,0.667,0.463,0.634,0.744,0.554,0.174,0.163,0.239,0.533,0.152,0.087,0.315,0.034,0.807,0.786,0.553,0.311,0.724,0.414,0.392,0.467,0.495,0.474
polarized-appointments,Polarized appointments,"High appointment polarization, higher partisan pressure, and lower public trust.",reasoned-emergency-review,Reasoned emergency orders with merits follow-up,court_variant,strong_form_court,pipeline,state/circuit_panel,591,591,26349,25758,1.000,0.022,0.875,0.735,0.003,0.469,0.499,0.959,0.714,0.143,0.469,1.000,0.607,0.571,2.000,0.558,0.470,0.697,0.250,0.454,0.577,0.429,0.369,0.605,0.631,0.443,0.635,0.757,0.497,0.205,0.156,0.215,0.514,0.156,0.085,0.320,0.028,0.826,0.809,0.570,0.308,0.666,0.405,0.377,0.428,0.478,0.450
polarized-appointments,Polarized appointments,"High appointment polarization, higher partisan pressure, and lower public trust.",reasoned-emergency-review,Reasoned emergency orders with merits follow-up,court_variant,strong_form_court,pipeline,state/district_only,126,126,5450,5324,1.000,0.023,0.870,0.720,0.020,0.467,0.373,0.911,0.733,0.200,0.467,1.000,0.624,0.484,1.000,0.542,0.447,0.687,0.240,0.456,0.567,0.429,0.393,0.609,0.626,0.440,0.636,0.754,0.484,0.254,0.127,0.159,0.516,0.167,0.071,0.254,0.025,0.834,0.816,0.573,0.308,0.629,0.419,0.368,0.386,0.474,0.437
polarized-appointments,Polarized appointments,"High appointment polarization, higher partisan pressure, and lower public trust.",reasoned-emergency-review,Reasoned emergency orders with merits follow-up,court_variant,strong_form_court,pipeline,state/state_federal_split,1281,1281,53603,52322,1.000,0.024,0.858,0.726,0.003,0.638,0.564,0.876,0.686,0.076,0.638,1.000,0.831,0.650,3.000,0.592,0.527,0.689,0.269,0.443,0.584,0.427,0.372,0.599,0.621,0.460,0.634,0.763,0.465,0.227,0.168,0.258,0.511,0.139,0.091,0.307,0.029,0.828,0.808,0.580,0.311,0.724,0.409,0.392,0.467,0.490,0.472
polarized-appointments,Polarized appointments,"High appointment polarization, higher partisan pressure, and lower public trust.",reasoned-emergency-review,Reasoned emergency orders with merits follow-up,court_variant,strong_form_court,pipeline,state/state_high_court,1308,1308,57065,55757,1.000,0.023,0.860,0.733,0.004,0.656,0.583,0.870,0.672,0.137,0.656,1.000,0.627,0.573,2.000,0.543,0.477,0.692,0.260,0.450,0.584,0.435,0.361,0.604,0.627,0.440,0.635,0.757,0.521,0.207,0.158,0.184,0.498,0.157,0.080,0.307,0.025,0.834,0.816,0.584,0.308,0.667,0.405,0.377,0.432,0.478,0.451
polarized-appointments,Polarized appointments,"High appointment polarization, higher partisan pressure, and lower public trust.",panel-en-banc-review,Panel review with en banc safety valve,court_variant,strong_form_court,pipeline,federal/circuit_en_banc,961,961,42718,41757,1.000,0.022,0.915,0.748,0.055,0.311,0.288,0.682,0.623,0.219,0.225,0.219,0.720,0.652,3.000,0.386,0.476,0.698,0.216,0.466,0.556,0.413,0.379,0.598,0.642,0.443,0.634,0.742,0.505,0.199,0.122,0.224,0.522,0.143,0.060,0.405,0.034,0.802,0.770,0.591,0.435,0.713,0.457,0.509,0.534,0.484,0.521
polarized-appointments,Polarized appointments,"High appointment polarization, higher partisan pressure, and lower public trust.",panel-en-banc-review,Panel review with en banc safety valve,court_variant,strong_form_court,pipeline,federal/circuit_panel,2028,2028,90650,88622,1.000,0.022,0.871,0.733,0.067,0.501,0.462,0.702,0.657,0.296,0.381,0.354,0.570,0.564,2.000,0.407,0.436,0.682,0.241,0.457,0.566,0.434,0.364,0.601,0.630,0.425,0.635,0.745,0.506,0.190,0.145,0.195,0.498,0.150,0.067,0.369,0.029,0.819,0.788,0.587,0.425,0.660,0.448,0.490,0.486,0.467,0.495
polarized-appointments,Polarized appointments,"High appointment polarization, higher partisan pressure, and lower public trust.",panel-en-banc-review,Panel review with en banc safety valve,court_variant,strong_form_court,pipeline,federal/district_only,555,555,25064,24509,1.000,0.022,0.866,0.734,0.092,0.333,0.476,0.780,0.620,0.267,0.192,0.353,0.484,0.478,1.000,0.405,0.407,0.678,0.246,0.458,0.566,0.437,0.369,0.604,0.629,0.416,0.636,0.745,0.530,0.193,0.139,0.177,0.521,0.133,0.058,0.341,0.024,0.825,0.799,0.598,0.420,0.614,0.446,0.475,0.440,0.455,0.474
polarized-appointments,Polarized appointments,"High appointment polarization, higher partisan pressure, and lower public trust.",panel-en-banc-review,Panel review with en banc safety valve,court_variant,strong_form_court,pipeline,federal/state_federal_split,214,214,9049,8835,1.000,0.024,0.888,0.746,0.033,0.545,0.358,0.727,0.682,0.136,0.667,0.409,0.869,0.658,3.000,0.535,0.519,0.688,0.242,0.459,0.561,0.417,0.364,0.594,0.632,0.448,0.634,0.755,0.481,0.238,0.145,0.243,0.486,0.145,0.061,0.336,0.028,0.810,0.782,0.593,0.442,0.728,0.459,0.518,0.552,0.490,0.530
polarized-appointments,Polarized appointments,"High appointment polarization, higher partisan pressure, and lower public trust.",panel-en-banc-review,Panel review with en banc safety valve,court_variant,strong_form_court,pipeline,mixed_state_federal/circuit_en_banc,791,791,33263,32472,1.000,0.024,0.876,0.736,0.064,0.496,0.383,0.715,0.628,0.277,0.496,0.292,0.802,0.643,3.000,0.752,0.556,0.676,0.281,0.459,0.557,0.417,0.376,0.590,0.621,0.448,0.634,0.774,0.456,0.235,0.153,0.238,0.488,0.158,0.076,0.239,0.027,0.821,0.788,0.598,0.441,0.724,0.466,0.517,0.542,0.492,0.529
polarized-appointments,Polarized appointments,"High appointment polarization, higher partisan pressure, and lower public trust.",panel-en-banc-review,Panel review with en banc safety valve,court_variant,strong_form_court,pipeline,mixed_state_federal/district_only,132,132,5491,5359,1.000,0.024,0.843,0.723,0.154,0.444,0.347,0.730,0.825,0.365,0.444,0.508,0.684,0.487,1.000,0.731,0.504,0.652,0.298,0.447,0.547,0.436,0.394,0.594,0.609,0.428,0.635,0.774,0.508,0.235,0.098,0.235,0.356,0.136,0.045,0.159,0.026,0.825,0.799,0.605,0.436,0.637,0.476,0.494,0.460,0.476,0.495
polarized-appointments,Polarized appointments,"High appointment polarization, higher partisan pressure, and lower public trust.",panel-en-banc-review,Panel review with en banc safety valve,court_variant,strong_form_court,pipeline,mixed_state_federal/state_federal_split,1521,1521,62566,61045,1.000,0.024,0.852,0.730,0.064,0.554,0.516,0.695,0.647,0.269,0.554,0.265,0.861,0.656,3.000,0.780,0.579,0.667,0.301,0.452,0.565,0.422,0.371,0.587,0.614,0.449,0.634,0.779,0.466,0.245,0.149,0.255,0.477,0.147,0.081,0.231,0.028,0.817,0.780,0.580,0.444,0.730,0.466,0.520,0.551,0.493,0.533
polarized-appointments,Polarized appointments,"High appointment polarization, higher partisan pressure, and lower public trust.",panel-en-banc-review,Panel review with en banc safety valve,court_variant,strong_form_court,pipeline,state/circuit_en_banc,92,92,4170,4078,1.000,0.022,0.974,0.779,0.050,0.000,0.013,0.615,0.462,0.154,0.000,0.000,0.780,0.664,3.000,0.479,0.519,0.719,0.195,0.532,0.539,0.394,0.399,0.599,0.665,0.451,0.634,0.745,0.478,0.239,0.087,0.228,0.511,0.185,0.022,0.261,0.030,0.809,0.782,0.594,0.437,0.723,0.461,0.513,0.539,0.490,0.526
polarized-appointments,Polarized appointments,"High appointment polarization, higher partisan pressure, and lower public trust.",panel-en-banc-review,Panel review with en banc safety valve,court_variant,strong_form_court,pipeline,state/circuit_panel,591,591,26090,25499,1.000,0.023,0.873,0.736,0.062,0.566,0.440,0.616,0.646,0.273,0.566,0.333,0.607,0.571,2.000,0.558,0.470,0.680,0.258,0.458,0.562,0.429,0.369,0.599,0.628,0.429,0.635,0.757,0.472,0.205,0.178,0.220,0.508,0.139,0.086,0.283,0.028,0.811,0.776,0.573,0.427,0.665,0.448,0.492,0.490,0.469,0.497
polarized-appointments,Polarized appointments,"High appointment polarization, higher partisan pressure, and lower public trust.",panel-en-banc-review,Panel review with en banc safety valve,court_variant,strong_form_court,pipeline,state/district_only,126,126,5400,5274,1.000,0.023,0.876,0.723,0.128,0.352,0.265,0.815,0.648,0.333,0.352,0.556,0.624,0.484,1.000,0.542,0.447,0.667,0.258,0.475,0.548,0.429,0.393,0.600,0.625,0.425,0.636,0.756,0.476,0.206,0.135,0.278,0.468,0.151,0.071,0.310,0.024,0.823,0.789,0.590,0.431,0.628,0.466,0.488,0.454,0.468,0.488
polarized-appointments,Polarized appointments,"High appointment polarization, higher partisan pressure, and lower public trust.",panel-en-banc-review,Panel review with en banc safety valve,court_variant,strong_form_court,pipeline,state/state_federal_split,1281,1281,53250,51969,1.000,0.024,0.858,0.731,0.056,0.516,0.506,0.734,0.633,0.255,0.516,0.250,0.831,0.650,3.000,0.592,0.527,0.674,0.272,0.458,0.569,0.427,0.372,0.591,0.621,0.445,0.634,0.763,0.474,0.222,0.151,0.240,0.475,0.149,0.080,0.279,0.027,0.813,0.781,0.585,0.441,0.724,0.461,0.517,0.548,0.489,0.529
polarized-appointments,Polarized appointments,"High appointment polarization, higher partisan pressure, and lower public trust.",panel-en-banc-review,Panel review with en banc safety valve,court_variant,strong_form_court,pipeline,state/state_high_court,1308,1308,56550,55242,1.000,0.023,0.858,0.733,0.069,0.561,0.525,0.717,0.648,0.270,0.561,0.243,0.627,0.573,2.000,0.543,0.477,0.674,0.267,0.458,0.568,0.435,0.361,0.597,0.624,0.426,0.635,0.757,0.481,0.208,0.151,0.205,0.479,0.167,0.073,0.294,0.026,0.817,0.782,0.593,0.429,0.667,0.450,0.494,0.497,0.470,0.500
polarized-appointments,Polarized appointments,"High appointment polarization, higher partisan pressure, and lower public trust.",dual-cross-checking-courts,Dual supreme courts with cross-checking invalidations,court_variant,strong_form_court,pipeline,federal/circuit_en_banc,961,961,43194,42233,1.000,0.022,0.945,0.753,0.002,0.232,0.210,0.911,0.714,0.107,0.235,1.000,0.720,0.652,3.000,0.386,0.476,0.727,0.212,0.472,0.561,0.413,0.379,0.577,0.643,0.606,0.631,0.756,0.562,0.178,0.101,0.184,0.580,0.120,0.049,0.420,0.040,0.703,0.683,0.496,0.519,0.713,0.566,0.589,0.591,0.626,0.598
polarized-appointments,Polarized appointments,"High appointment polarization, higher partisan pressure, and lower public trust.",dual-cross-checking-courts,Dual supreme courts with cross-checking invalidations,court_variant,strong_form_court,pipeline,federal/circuit_panel,2028,2028,91641,89613,1.000,0.022,0.905,0.740,0.005,0.439,0.360,0.872,0.781,0.184,0.328,1.000,0.570,0.564,2.000,0.407,0.436,0.711,0.236,0.469,0.570,0.434,0.364,0.578,0.634,0.588,0.632,0.759,0.542,0.180,0.136,0.188,0.558,0.132,0.064,0.429,0.035,0.707,0.689,0.491,0.516,0.660,0.562,0.576,0.553,0.613,0.577
polarized-appointments,Polarized appointments,"High appointment polarization, higher partisan pressure, and lower public trust.",dual-cross-checking-courts,Dual supreme courts with cross-checking invalidations,court_variant,strong_form_court,pipeline,federal/district_only,555,555,25441,24886,1.000,0.022,0.911,0.738,0.007,0.301,0.323,0.892,0.651,0.157,0.200,1.000,0.484,0.478,1.000,0.405,0.407,0.711,0.233,0.467,0.568,0.437,0.369,0.582,0.635,0.579,0.633,0.758,0.575,0.157,0.124,0.144,0.544,0.124,0.056,0.445,0.033,0.702,0.687,0.487,0.514,0.615,0.562,0.565,0.514,0.603,0.559
polarized-appointments,Polarized appointments,"High appointment polarization, higher partisan pressure, and lower public trust.",dual-cross-checking-courts,Dual supreme courts with cross-checking invalidations,court_variant,strong_form_court,pipeline,federal/state_federal_split,214,214,9113,8899,1.000,0.023,0.915,0.752,0.001,0.333,0.299,1.000,0.833,0.000,0.400,1.000,0.869,0.658,3.000,0.535,0.519,0.713,0.247,0.462,0.566,0.417,0.364,0.572,0.632,0.611,0.631,0.770,0.575,0.159,0.126,0.182,0.533,0.121,0.079,0.379,0.033,0.707,0.683,0.490,0.519,0.729,0.563,0.593,0.596,0.627,0.602
polarized-appointments,Polarized appointments,"High appointment polarization, higher partisan pressure, and lower public trust.",dual-cross-checking-courts,Dual supreme courts with cross-checking invalidations,court_variant,strong_form_court,pipeline,mixed_state_federal/circuit_en_banc,791,791,33603,32812,1.000,0.024,0.917,0.750,0.004,0.448,0.278,0.759,0.586,0.155,0.448,1.000,0.802,0.643,3.000,0.752,0.556,0.708,0.275,0.472,0.560,0.417,0.376,0.569,0.627,0.609,0.631,0.787,0.506,0.173,0.157,0.216,0.520,0.133,0.071,0.253,0.034,0.713,0.688,0.505,0.521,0.725,0.570,0.594,0.590,0.630,0.603
polarized-appointments,Polarized appointments,"High appointment polarization, higher partisan pressure, and lower public trust.",dual-cross-checking-courts,Dual supreme courts with cross-checking invalidations,court_variant,strong_form_court,pipeline,mixed_state_federal/district_only,132,132,5634,5502,1.000,0.023,0.910,0.735,0.014,0.333,0.205,0.879,0.758,0.212,0.333,1.000,0.684,0.487,1.000,0.731,0.504,0.700,0.274,0.455,0.550,0.436,0.394,0.575,0.620,0.591,0.632,0.784,0.500,0.144,0.129,0.242,0.485,0.159,0.053,0.273,0.031,0.732,0.721,0.540,0.519,0.639,0.574,0.573,0.516,0.615,0.570
polarized-appointments,Polarized appointments,"High appointment polarization, higher partisan pressure, and lower public trust.",dual-cross-checking-courts,Dual supreme courts with cross-checking invalidations,court_variant,strong_form_court,pipeline,mixed_state_federal/state_federal_split,1521,1521,63115,61594,1.000,0.024,0.887,0.745,0.004,0.481,0.418,0.833,0.694,0.130,0.481,1.000,0.861,0.656,3.000,0.780,0.579,0.699,0.299,0.464,0.570,0.422,0.371,0.567,0.620,0.610,0.631,0.792,0.519,0.209,0.132,0.223,0.502,0.135,0.065,0.291,0.034,0.705,0.673,0.478,0.521,0.731,0.568,0.595,0.596,0.630,0.605
polarized-appointments,Polarized appointments,"High appointment polarization, higher partisan pressure, and lower public trust.",dual-cross-checking-courts,Dual supreme courts with cross-checking invalidations,court_variant,strong_form_court,pipeline,state/circuit_en_banc,92,92,4202,4110,1.000,0.022,0.992,0.780,0.000,0.000,0.011,0.750,0.500,0.000,0.000,1.000,0.780,0.664,3.000,0.479,0.519,0.747,0.192,0.528,0.547,0.393,0.399,0.577,0.664,0.616,0.631,0.759,0.609,0.141,0.109,0.207,0.620,0.185,0.054,0.413,0.031,0.681,0.665,0.470,0.521,0.724,0.573,0.593,0.593,0.632,0.604
polarized-appointments,Polarized appointments,"High appointment polarization, higher partisan pressure, and lower public trust.",dual-cross-checking-courts,Dual supreme courts with cross-checking invalidations,court_variant,strong_form_court,pipeline,state/circuit_panel,591,591,26379,25788,1.000,0.022,0.906,0.743,0.005,0.489,0.349,0.911,0.778,0.133,0.489,1.000,0.607,0.571,2.000,0.558,0.470,0.709,0.255,0.473,0.567,0.429,0.369,0.576,0.632,0.591,0.632,0.771,0.516,0.191,0.140,0.225,0.575,0.117,0.059,0.305,0.034,0.701,0.673,0.471,0.517,0.666,0.562,0.578,0.555,0.614,0.579
polarized-appointments,Polarized appointments,"High appointment polarization, higher partisan pressure, and lower public trust.",dual-cross-checking-courts,Dual supreme courts with cross-checking invalidations,court_variant,strong_form_court,pipeline,state/district_only,126,126,5506,5380,1.000,0.023,0.926,0.733,0.017,0.294,0.183,0.912,0.676,0.147,0.294,1.000,0.624,0.484,1.000,0.542,0.447,0.708,0.245,0.484,0.554,0.429,0.393,0.579,0.634,0.589,0.632,0.768,0.579,0.167,0.111,0.175,0.540,0.159,0.040,0.405,0.035,0.706,0.693,0.494,0.517,0.630,0.571,0.570,0.514,0.610,0.565
polarized-appointments,Polarized appointments,"High appointment polarization, higher partisan pressure, and lower public trust.",dual-cross-checking-courts,Dual supreme courts with cross-checking invalidations,court_variant,strong_form_court,pipeline,state/state_federal_split,1281,1281,53726,52445,1.000,0.024,0.892,0.743,0.004,0.541,0.406,0.824,0.757,0.149,0.541,1.000,0.831,0.650,3.000,0.592,0.527,0.704,0.270,0.476,0.573,0.427,0.372,0.570,0.626,0.606,0.631,0.776,0.514,0.193,0.130,0.222,0.526,0.137,0.067,0.332,0.034,0.713,0.686,0.499,0.520,0.724,0.565,0.592,0.594,0.627,0.601
polarized-appointments,Polarized appointments,"High appointment polarization, higher partisan pressure, and lower public trust.",dual-cross-checking-courts,Dual supreme courts with cross-checking invalidations,court_variant,strong_form_court,pipeline,state/state_high_court,1308,1308,57333,56025,1.000,0.023,0.890,0.742,0.003,0.622,0.437,0.838,0.649,0.135,0.622,1.000,0.627,0.573,2.000,0.543,0.477,0.704,0.262,0.477,0.574,0.435,0.361,0.575,0.629,0.589,0.632,0.771,0.553,0.184,0.130,0.189,0.537,0.122,0.064,0.328,0.031,0.712,0.691,0.496,0.517,0.668,0.560,0.578,0.559,0.614,0.580
polarized-appointments,Polarized appointments,"High appointment polarization, higher partisan pressure, and lower public trust.",constitutional-council,Pre-enactment constitutional council,court_variant,strong_form_court,pipeline,federal/circuit_en_banc,961,961,42751,41790,1.000,0.022,0.964,0.750,0.051,0.268,0.202,0.754,0.697,0.197,0.176,0.190,0.720,0.652,3.000,0.386,0.476,0.730,0.207,0.471,0.561,0.413,0.379,0.589,0.642,0.672,0.633,0.749,0.579,0.157,0.114,0.195,0.593,0.131,0.051,0.433,0.039,0.637,0.629,0.470,0.443,0.713,0.483,0.516,0.531,0.569,0.542
polarized-appointments,Polarized appointments,"High appointment polarization, higher partisan pressure, and lower public trust.",constitutional-council,Pre-enactment constitutional council,court_variant,strong_form_court,pipeline,federal/circuit_panel,2028,2028,90516,88488,1.000,0.022,0.943,0.732,0.067,0.433,0.346,0.725,0.725,0.264,0.282,0.338,0.570,0.564,2.000,0.407,0.436,0.711,0.229,0.464,0.569,0.434,0.364,0.591,0.633,0.654,0.634,0.752,0.572,0.150,0.116,0.179,0.565,0.112,0.054,0.439,0.036,0.644,0.637,0.468,0.441,0.660,0.480,0.503,0.493,0.555,0.521
polarized-appointments,Polarized appointments,"High appointment polarization, higher partisan pressure, and lower public trust.",constitutional-council,Pre-enactment constitutional council,court_variant,strong_form_court,pipeline,federal/district_only,555,555,25102,24547,1.000,0.022,0.943,0.731,0.083,0.301,0.303,0.804,0.755,0.245,0.156,0.371,0.484,0.478,1.000,0.405,0.407,0.709,0.230,0.464,0.566,0.437,0.369,0.594,0.634,0.645,0.635,0.751,0.584,0.135,0.117,0.151,0.571,0.097,0.058,0.434,0.034,0.628,0.628,0.446,0.439,0.614,0.481,0.491,0.454,0.546,0.503
polarized-appointments,Polarized appointments,"High appointment polarization, higher partisan pressure, and lower public trust.",constitutional-council,Pre-enactment constitutional council,court_variant,strong_form_court,pipeline,federal/state_federal_split,214,214,8964,8750,1.000,0.024,0.949,0.749,0.061,0.385,0.272,0.667,0.667,0.282,0.469,0.231,0.869,0.658,3.000,0.535,0.519,0.715,0.240,0.465,0.564,0.417,0.364,0.585,0.633,0.676,0.633,0.763,0.579,0.136,0.150,0.224,0.519,0.131,0.089,0.453,0.037,0.635,0.619,0.451,0.444,0.727,0.484,0.520,0.536,0.571,0.547
polarized-appointments,Polarized appointments,"High appointment polarization, higher partisan pressure, and lower public trust.",constitutional-council,Pre-enactment constitutional council,court_variant,strong_form_court,pipeline,mixed_state_federal/circuit_en_banc,791,791,33276,32485,1.000,0.024,0.947,0.746,0.057,0.423,0.242,0.754,0.792,0.269,0.423,0.292,0.802,0.643,3.000,0.752,0.556,0.710,0.265,0.472,0.558,0.417,0.376,0.583,0.628,0.674,0.633,0.780,0.535,0.193,0.128,0.220,0.532,0.133,0.061,0.290,0.032,0.635,0.619,0.465,0.446,0.724,0.488,0.520,0.531,0.573,0.547
polarized-appointments,Polarized appointments,"High appointment polarization, higher partisan pressure, and lower public trust.",constitutional-council,Pre-enactment constitutional council,court_variant,strong_form_court,pipeline,mixed_state_federal/district_only,132,132,5539,5407,1.000,0.024,0.924,0.729,0.117,0.358,0.185,0.755,0.755,0.283,0.358,0.547,0.684,0.487,1.000,0.731,0.504,0.695,0.278,0.444,0.549,0.436,0.394,0.587,0.614,0.657,0.635,0.779,0.523,0.235,0.106,0.258,0.394,0.174,0.068,0.273,0.037,0.678,0.686,0.527,0.444,0.638,0.497,0.500,0.456,0.559,0.515
polarized-appointments,Polarized appointments,"High appointment polarization, higher partisan pressure, and lower public trust.",constitutional-council,Pre-enactment constitutional council,court_variant,strong_form_court,pipeline,mixed_state_federal/state_federal_split,1521,1521,62561,61040,1.000,0.024,0.934,0.742,0.059,0.476,0.379,0.776,0.740,0.240,0.476,0.260,0.861,0.656,3.000,0.780,0.579,0.702,0.286,0.464,0.567,0.422,0.371,0.580,0.622,0.674,0.633,0.785,0.529,0.199,0.131,0.238,0.546,0.126,0.063,0.296,0.035,0.639,0.617,0.457,0.446,0.730,0.486,0.521,0.536,0.573,0.549
polarized-appointments,Polarized appointments,"High appointment polarization, higher partisan pressure, and lower public trust.",constitutional-council,Pre-enactment constitutional council,court_variant,strong_form_court,pipeline,state/circuit_en_banc,92,92,4177,4085,1.000,0.022,0.986,0.780,0.047,0.000,0.000,0.615,0.615,0.154,0.000,0.000,0.780,0.664,3.000,0.479,0.519,0.748,0.194,0.532,0.550,0.394,0.399,0.590,0.662,0.683,0.633,0.754,0.587,0.163,0.087,0.163,0.630,0.130,0.043,0.359,0.034,0.597,0.599,0.417,0.445,0.723,0.488,0.519,0.535,0.574,0.547
polarized-appointments,Polarized appointments,"High appointment polarization, higher partisan pressure, and lower public trust.",constitutional-council,Pre-enactment constitutional council,court_variant,strong_form_court,pipeline,state/circuit_panel,591,591,26161,25570,1.000,0.023,0.948,0.737,0.049,0.437,0.313,0.770,0.747,0.310,0.437,0.345,0.607,0.571,2.000,0.558,0.470,0.715,0.242,0.477,0.565,0.429,0.369,0.590,0.635,0.657,0.634,0.763,0.574,0.156,0.108,0.164,0.587,0.117,0.056,0.310,0.034,0.624,0.602,0.446,0.441,0.666,0.478,0.504,0.496,0.557,0.523
polarized-appointments,Polarized appointments,"High appointment polarization, higher partisan pressure, and lower public trust.",constitutional-council,Pre-enactment constitutional council,court_variant,strong_form_court,pipeline,state/district_only,126,126,5406,5280,1.000,0.023,0.938,0.723,0.115,0.288,0.126,0.750,0.808,0.250,0.288,0.558,0.624,0.484,1.000,0.542,0.447,0.702,0.246,0.480,0.551,0.429,0.393,0.591,0.628,0.654,0.635,0.763,0.532,0.190,0.127,0.183,0.484,0.159,0.079,0.413,0.030,0.654,0.645,0.470,0.441,0.629,0.491,0.496,0.453,0.553,0.510
polarized-appointments,Polarized appointments,"High appointment polarization, higher partisan pressure, and lower public trust.",constitutional-council,Pre-enactment constitutional council,court_variant,strong_form_court,pipeline,state/state_federal_split,1281,1281,53195,51914,1.000,0.024,0.938,0.738,0.057,0.500,0.364,0.742,0.758,0.258,0.500,0.242,0.831,0.650,3.000,0.592,0.527,0.706,0.259,0.477,0.570,0.427,0.372,0.584,0.628,0.671,0.633,0.769,0.537,0.186,0.126,0.216,0.564,0.130,0.063,0.339,0.034,0.649,0.635,0.472,0.444,0.724,0.483,0.519,0.535,0.570,0.546
polarized-appointments,Polarized appointments,"High appointment polarization, higher partisan pressure, and lower public trust.",constitutional-council,Pre-enactment constitutional council,court_variant,strong_form_court,pipeline,state/state_high_court,1308,1308,56761,55453,1.000,0.023,0.939,0.736,0.052,0.513,0.409,0.751,0.720,0.296,0.513,0.296,0.627,0.573,2.000,0.543,0.477,0.708,0.251,0.477,0.572,0.435,0.361,0.589,0.632,0.655,0.634,0.764,0.583,0.162,0.115,0.177,0.570,0.118,0.060,0.374,0.032,0.643,0.628,0.470,0.441,0.667,0.477,0.504,0.500,0.556,0.524
polarized-appointments,Polarized appointments,"High appointment polarization, higher partisan pressure, and lower public trust.",legislative-override-court,Judicial review with delayed legislative override,court_variant,strong_form_court,pipeline,federal/circuit_en_banc,961,961,42697,41736,1.000,0.023,0.900,0.742,0.059,0.369,0.313,0.707,0.618,0.261,0.233,0.236,0.720,0.652,3.000,0.386,0.476,0.672,0.224,0.467,0.553,0.413,0.379,0.601,0.633,0.445,0.634,0.747,0.498,0.203,0.145,0.226,0.488,0.177,0.060,0.378,0.029,0.841,0.806,0.648,0.312,0.713,0.418,0.389,0.463,0.519,0.476
polarized-appointments,Polarized appointments,"High appointment polarization, higher partisan pressure, and lower public trust.",legislative-override-court,Judicial review with delayed legislative override,court_variant,strong_form_court,pipeline,federal/circuit_panel,2028,2028,90529,88501,1.000,0.022,0.856,0.726,0.074,0.543,0.478,0.635,0.571,0.338,0.404,0.320,0.570,0.564,2.000,0.407,0.436,0.656,0.248,0.456,0.562,0.434,0.364,0.603,0.622,0.427,0.635,0.750,0.476,0.225,0.134,0.227,0.468,0.164,0.062,0.349,0.026,0.851,0.815,0.648,0.309,0.660,0.413,0.376,0.425,0.505,0.454
polarized-appointments,Polarized appointments,"High appointment polarization, higher partisan pressure, and lower public trust.",legislative-override-court,Judicial review with delayed legislative override,court_variant,strong_form_court,pipeline,federal/district_only,555,555,25117,24562,1.000,0.022,0.855,0.727,0.094,0.447,0.453,0.617,0.610,0.404,0.318,0.355,0.484,0.478,1.000,0.405,0.407,0.653,0.249,0.454,0.559,0.437,0.369,0.606,0.621,0.418,0.636,0.749,0.476,0.204,0.164,0.223,0.431,0.171,0.083,0.335,0.023,0.858,0.829,0.651,0.307,0.615,0.413,0.365,0.386,0.496,0.436
polarized-appointments,Polarized appointments,"High appointment polarization, higher partisan pressure, and lower public trust.",legislative-override-court,Judicial review with delayed legislative override,court_variant,strong_form_court,pipeline,federal/state_federal_split,214,214,9033,8819,1.000,0.024,0.870,0.735,0.043,0.520,0.403,0.680,0.560,0.280,0.619,0.280,0.869,0.658,3.000,0.535,0.519,0.660,0.255,0.452,0.559,0.417,0.364,0.598,0.621,0.452,0.634,0.760,0.528,0.201,0.126,0.215,0.491,0.145,0.075,0.341,0.023,0.854,0.819,0.648,0.312,0.728,0.413,0.393,0.469,0.520,0.479
polarized-appointments,Polarized appointments,"High appointment polarization, higher partisan pressure, and lower public trust.",legislative-override-court,Judicial review with delayed legislative override,court_variant,strong_form_court,pipeline,mixed_state_federal/circuit_en_banc,791,791,33226,32435,1.000,0.024,0.857,0.731,0.066,0.473,0.442,0.685,0.616,0.274,0.473,0.322,0.802,0.643,3.000,0.752,0.556,0.651,0.295,0.460,0.557,0.417,0.376,0.593,0.612,0.449,0.634,0.779,0.445,0.263,0.147,0.245,0.459,0.178,0.067,0.231,0.023,0.854,0.818,0.655,0.314,0.724,0.422,0.393,0.463,0.523,0.480
polarized-appointments,Polarized appointments,"High appointment polarization, higher partisan pressure, and lower public trust.",legislative-override-court,Judicial review with delayed legislative override,court_variant,strong_form_court,pipeline,mixed_state_federal/district_only,132,132,5523,5391,1.000,0.024,0.835,0.720,0.130,0.446,0.370,0.696,0.679,0.429,0.446,0.571,0.684,0.487,1.000,0.731,0.504,0.633,0.296,0.447,0.545,0.436,0.394,0.599,0.604,0.432,0.636,0.777,0.409,0.311,0.167,0.303,0.576,0.083,0.091,0.205,0.023,0.874,0.837,0.696,0.311,0.638,0.430,0.372,0.386,0.508,0.447
polarized-appointments,Polarized appointments,"High appointment polarization, higher partisan pressure, and lower public trust.",legislative-override-court,Judicial review with delayed legislative override,court_variant,strong_form_court,pipeline,mixed_state_federal/state_federal_split,1521,1521,62697,61176,1.000,0.024,0.835,0.718,0.057,0.644,0.558,0.694,0.593,0.292,0.644,0.296,0.861,0.656,3.000,0.780,0.579,0.644,0.315,0.452,0.566,0.422,0.371,0.591,0.604,0.449,0.634,0.784,0.433,0.273,0.162,0.274,0.440,0.174,0.088,0.203,0.024,0.855,0.815,0.639,0.313,0.731,0.418,0.395,0.469,0.523,0.481
polarized-appointments,Polarized appointments,"High appointment polarization, higher partisan pressure, and lower public trust.",legislative-override-court,Judicial review with delayed legislative override,court_variant,strong_form_court,pipeline,state/circuit_en_banc,92,92,4165,4073,1.000,0.022,0.951,0.772,0.058,0.143,0.064,0.714,0.643,0.143,0.143,0.000,0.780,0.664,3.000,0.479,0.519,0.689,0.206,0.523,0.538,0.394,0.399,0.602,0.654,0.454,0.634,0.750,0.522,0.283,0.076,0.261,0.511,0.250,0.043,0.304,0.026,0.843,0.801,0.671,0.313,0.723,0.421,0.393,0.466,0.524,0.480
polarized-appointments,Polarized appointments,"High appointment polarization, higher partisan pressure, and lower public trust.",legislative-override-court,Judicial review with delayed legislative override,court_variant,strong_form_court,pipeline,state/circuit_panel,591,591,26065,25474,1.000,0.023,0.853,0.723,0.067,0.590,0.495,0.640,0.570,0.220,0.590,0.300,0.607,0.571,2.000,0.558,0.470,0.654,0.269,0.455,0.561,0.429,0.369,0.600,0.617,0.432,0.635,0.762,0.496,0.213,0.149,0.234,0.442,0.161,0.074,0.308,0.023,0.848,0.814,0.632,0.309,0.665,0.413,0.378,0.427,0.507,0.456
polarized-appointments,Polarized appointments,"High appointment polarization, higher partisan pressure, and lower public trust.",legislative-override-court,Judicial review with delayed legislative override,court_variant,strong_form_court,pipeline,state/district_only,126,126,5376,5250,1.000,0.023,0.843,0.722,0.143,0.379,0.384,0.690,0.707,0.293,0.379,0.534,0.624,0.484,1.000,0.542,0.447,0.640,0.273,0.461,0.550,0.429,0.393,0.602,0.613,0.430,0.636,0.762,0.413,0.278,0.143,0.230,0.484,0.119,0.063,0.246,0.023,0.846,0.807,0.635,0.309,0.628,0.428,0.369,0.384,0.504,0.443
polarized-appointments,Polarized appointments,"High appointment polarization, higher partisan pressure, and lower public trust.",legislative-override-court,Judicial review with delayed legislative override,court_variant,strong_form_court,pipeline,state/state_federal_split,1281,1281,53263,51982,1.000,0.024,0.839,0.719,0.061,0.610,0.550,0.647,0.540,0.332,0.610,0.241,0.831,0.650,3.000,0.592,0.527,0.649,0.286,0.450,0.568,0.427,0.372,0.594,0.609,0.447,0.634,0.768,0.479,0.240,0.144,0.258,0.450,0.177,0.069,0.261,0.026,0.853,0.815,0.649,0.312,0.724,0.415,0.392,0.467,0.520,0.478
polarized-appointments,Polarized appointments,"High appointment polarization, higher partisan pressure, and lower public trust.",legislative-override-court,Judicial review with delayed legislative override,court_variant,strong_form_court,pipeline,state/state_high_court,1308,1308,56637,55329,1.000,0.023,0.845,0.727,0.063,0.585,0.549,0.703,0.599,0.283,0.585,0.288,0.627,0.573,2.000,0.543,0.477,0.652,0.272,0.457,0.565,0.435,0.361,0.600,0.617,0.429,0.635,0.762,0.448,0.252,0.155,0.250,0.468,0.170,0.076,0.266,0.020,0.855,0.819,0.649,0.309,0.667,0.411,0.378,0.431,0.506,0.457
polarized-appointments,Polarized appointments,"High appointment polarization, higher partisan pressure, and lower public trust.",accountability-retention-court,Retention-election accountability court,court_variant,strong_form_court,pipeline,federal/circuit_en_banc,961,961,42675,41714,1.000,0.023,0.916,0.743,0.056,0.263,0.200,0.669,0.600,0.200,0.165,0.244,0.720,0.652,3.000,0.386,0.476,0.694,0.214,0.477,0.551,0.413,0.379,0.598,0.645,0.419,0.634,0.748,0.525,0.157,0.144,0.226,0.513,0.162,0.057,0.427,0.036,0.708,0.667,0.557,0.323,0.713,0.453,0.400,0.467,0.546,0.491
polarized-appointments,Polarized appointments,"High appointment polarization, higher partisan pressure, and lower public trust.",accountability-retention-court,Retention-election accountability court,court_variant,strong_form_court,pipeline,federal/circuit_panel,2028,2028,90563,88535,1.000,0.022,0.879,0.718,0.066,0.399,0.314,0.696,0.603,0.342,0.233,0.369,0.570,0.564,2.000,0.407,0.436,0.678,0.235,0.472,0.558,0.434,0.364,0.600,0.634,0.399,0.635,0.751,0.499,0.186,0.145,0.213,0.510,0.135,0.069,0.414,0.031,0.715,0.671,0.554,0.320,0.660,0.450,0.387,0.430,0.532,0.470
polarized-appointments,Polarized appointments,"High appointment polarization, higher partisan pressure, and lower public trust.",accountability-retention-court,Retention-election accountability court,court_variant,strong_form_court,pipeline,federal/district_only,555,555,25057,24502,1.000,0.022,0.879,0.717,0.090,0.278,0.285,0.702,0.636,0.238,0.118,0.364,0.484,0.478,1.000,0.405,0.407,0.673,0.238,0.471,0.555,0.437,0.369,0.603,0.634,0.391,0.636,0.750,0.483,0.213,0.112,0.178,0.497,0.150,0.056,0.420,0.028,0.703,0.668,0.540,0.319,0.614,0.451,0.376,0.390,0.523,0.452
polarized-appointments,Polarized appointments,"High appointment polarization, higher partisan pressure, and lower public trust.",accountability-retention-court,Retention-election accountability court,court_variant,strong_form_court,pipeline,federal/state_federal_split,214,214,9001,8787,1.000,0.024,0.888,0.736,0.045,0.355,0.255,0.548,0.677,0.226,0.423,0.290,0.869,0.658,3.000,0.535,0.519,0.683,0.249,0.473,0.556,0.417,0.364,0.594,0.635,0.418,0.634,0.762,0.509,0.196,0.121,0.248,0.565,0.121,0.056,0.360,0.030,0.706,0.660,0.544,0.323,0.728,0.451,0.404,0.473,0.547,0.495
polarized-appointments,Polarized appointments,"High appointment polarization, higher partisan pressure, and lower public trust.",accountability-retention-court,Retention-election accountability court,court_variant,strong_form_court,pipeline,mixed_state_federal/circuit_en_banc,791,791,33281,32490,1.000,0.024,0.883,0.735,0.058,0.374,0.264,0.718,0.595,0.321,0.374,0.282,0.802,0.643,3.000,0.752,0.556,0.677,0.274,0.478,0.550,0.417,0.376,0.591,0.629,0.421,0.634,0.779,0.507,0.224,0.128,0.226,0.516,0.161,0.061,0.254,0.031,0.718,0.672,0.569,0.325,0.724,0.457,0.405,0.468,0.550,0.495
polarized-appointments,Polarized appointments,"High appointment polarization, higher partisan pressure, and lower public trust.",accountability-retention-court,Retention-election accountability court,court_variant,strong_form_court,pipeline,mixed_state_federal/district_only,132,132,5541,5409,1.000,0.024,0.880,0.723,0.113,0.212,0.157,0.712,0.596,0.288,0.212,0.538,0.684,0.487,1.000,0.731,0.504,0.664,0.277,0.459,0.536,0.436,0.394,0.596,0.621,0.406,0.636,0.776,0.492,0.212,0.091,0.197,0.545,0.159,0.045,0.189,0.029,0.745,0.707,0.587,0.323,0.638,0.466,0.384,0.392,0.535,0.463
polarized-appointments,Polarized appointments,"High appointment polarization, higher partisan pressure, and lower public trust.",accountability-retention-court,Retention-election accountability court,court_variant,strong_form_court,pipeline,mixed_state_federal/state_federal_split,1521,1521,62673,61152,1.000,0.024,0.852,0.723,0.056,0.507,0.396,0.711,0.627,0.333,0.507,0.276,0.861,0.656,3.000,0.780,0.579,0.667,0.303,0.474,0.562,0.422,0.371,0.588,0.619,0.416,0.634,0.785,0.475,0.218,0.145,0.268,0.464,0.137,0.070,0.230,0.031,0.718,0.664,0.547,0.325,0.731,0.454,0.406,0.474,0.551,0.497
polarized-appointments,Polarized appointments,"High appointment polarization, higher partisan pressure, and lower public trust.",accountability-retention-court,Retention-election accountability court,court_variant,strong_form_court,pipeline,state/circuit_en_banc,92,92,4174,4082,1.000,0.022,0.965,0.779,0.048,0.000,0.013,0.538,0.692,0.154,0.000,0.000,0.780,0.664,3.000,0.479,0.519,0.715,0.194,0.532,0.538,0.394,0.399,0.599,0.668,0.434,0.634,0.751,0.391,0.250,0.120,0.326,0.543,0.130,0.065,0.370,0.040,0.695,0.645,0.521,0.324,0.723,0.457,0.404,0.470,0.550,0.495
polarized-appointments,Polarized appointments,"High appointment polarization, higher partisan pressure, and lower public trust.",accountability-retention-court,Retention-election accountability court,court_variant,strong_form_court,pipeline,state/circuit_panel,591,591,26099,25508,1.000,0.023,0.883,0.721,0.054,0.357,0.289,0.684,0.520,0.245,0.357,0.367,0.607,0.571,2.000,0.558,0.470,0.678,0.250,0.488,0.554,0.429,0.369,0.598,0.635,0.402,0.635,0.762,0.533,0.176,0.124,0.184,0.535,0.124,0.059,0.343,0.032,0.704,0.657,0.539,0.320,0.665,0.448,0.388,0.432,0.534,0.471
polarized-appointments,Polarized appointments,"High appointment polarization, higher partisan pressure, and lower public trust.",accountability-retention-court,Retention-election accountability court,court_variant,strong_form_court,pipeline,state/district_only,126,126,5343,5217,1.000,0.024,0.896,0.717,0.142,0.185,0.105,0.662,0.569,0.262,0.185,0.523,0.624,0.484,1.000,0.542,0.447,0.669,0.258,0.493,0.538,0.429,0.393,0.599,0.632,0.401,0.636,0.762,0.579,0.246,0.079,0.159,0.516,0.151,0.048,0.246,0.032,0.718,0.681,0.550,0.321,0.628,0.468,0.380,0.387,0.532,0.459
polarized-appointments,Polarized appointments,"High appointment polarization, higher partisan pressure, and lower public trust.",accountability-retention-court,Retention-election accountability court,court_variant,strong_form_court,pipeline,state/state_federal_split,1281,1281,53239,51958,1.000,0.024,0.862,0.723,0.054,0.368,0.372,0.705,0.663,0.295,0.368,0.226,0.831,0.650,3.000,0.592,0.527,0.673,0.273,0.494,0.564,0.427,0.372,0.591,0.629,0.413,0.634,0.769,0.497,0.225,0.125,0.248,0.503,0.144,0.048,0.291,0.033,0.711,0.666,0.552,0.324,0.724,0.452,0.403,0.472,0.547,0.494
polarized-appointments,Polarized appointments,"High appointment polarization, higher partisan pressure, and lower public trust.",accountability-retention-court,Retention-election accountability court,court_variant,strong_form_court,pipeline,state/state_high_court,1308,1308,56634,55326,1.000,0.023,0.865,0.719,0.058,0.427,0.375,0.723,0.606,0.188,0.427,0.286,0.627,0.573,2.000,0.543,0.477,0.673,0.260,0.491,0.561,0.435,0.361,0.597,0.632,0.398,0.635,0.763,0.478,0.225,0.136,0.211,0.479,0.131,0.058,0.335,0.028,0.720,0.674,0.565,0.321,0.667,0.448,0.389,0.436,0.534,0.472
polarized-appointments,Polarized appointments,"High appointment polarization, higher partisan pressure, and lower public trust.",independence-accountability-hybrid,Hybrid court balancing independence and accountability,court_variant,strong_form_court,pipeline,federal/circuit_en_banc,961,961,43040,42079,1.000,0.022,0.943,0.753,0.002,0.303,0.243,0.910,0.685,0.079,0.230,1.000,0.720,0.652,3.000,0.386,0.476,0.729,0.198,0.471,0.563,0.413,0.379,0.583,0.655,0.442,0.632,0.755,0.556,0.164,0.121,0.202,0.547,0.163,0.053,0.444,0.043,0.698,0.701,0.473,0.458,0.713,0.453,0.533,0.534,0.640,0.553
polarized-appointments,Polarized appointments,"High appointment polarization, higher partisan pressure, and lower public trust.",independence-accountability-hybrid,Hybrid court balancing independence and accountability,court_variant,strong_form_court,pipeline,federal/circuit_panel,2028,2028,91308,89280,1.000,0.022,0.904,0.739,0.004,0.431,0.416,0.893,0.771,0.107,0.338,1.000,0.570,0.564,2.000,0.407,0.436,0.715,0.221,0.465,0.575,0.434,0.364,0.586,0.646,0.425,0.633,0.758,0.543,0.167,0.137,0.185,0.533,0.130,0.064,0.423,0.038,0.714,0.711,0.480,0.448,0.660,0.442,0.513,0.483,0.621,0.525
polarized-appointments,Polarized appointments,"High appointment polarization, higher partisan pressure, and lower public trust.",independence-accountability-hybrid,Hybrid court balancing independence and accountability,court_variant,strong_form_court,pipeline,federal/district_only,555,555,25341,24786,1.000,0.022,0.907,0.739,0.005,0.347,0.391,0.891,0.713,0.149,0.250,1.000,0.484,0.478,1.000,0.405,0.407,0.714,0.220,0.463,0.574,0.437,0.369,0.591,0.647,0.416,0.634,0.756,0.566,0.162,0.123,0.159,0.548,0.141,0.056,0.441,0.035,0.702,0.719,0.467,0.441,0.615,0.437,0.497,0.437,0.608,0.503
polarized-appointments,Polarized appointments,"High appointment polarization, higher partisan pressure, and lower public trust.",independence-accountability-hybrid,Hybrid court balancing independence and accountability,court_variant,strong_form_court,pipeline,federal/state_federal_split,214,214,9063,8849,1.000,0.024,0.919,0.750,0.003,0.412,0.304,0.941,0.824,0.000,0.467,1.000,0.869,0.658,3.000,0.535,0.519,0.714,0.230,0.462,0.567,0.417,0.364,0.578,0.644,0.446,0.631,0.769,0.561,0.173,0.121,0.182,0.533,0.112,0.051,0.430,0.032,0.704,0.702,0.472,0.466,0.728,0.458,0.543,0.553,0.646,0.563
polarized-appointments,Polarized appointments,"High appointment polarization, higher partisan pressure, and lower public trust.",independence-accountability-hybrid,Hybrid court balancing independence and accountability,court_variant,strong_form_court,pipeline,mixed_state_federal/circuit_en_banc,791,791,33469,32678,1.000,0.024,0.917,0.746,0.004,0.459,0.310,0.918,0.788,0.129,0.459,1.000,0.802,0.643,3.000,0.752,0.556,0.710,0.259,0.469,0.563,0.417,0.376,0.575,0.639,0.446,0.632,0.786,0.513,0.209,0.137,0.253,0.531,0.138,0.070,0.262,0.035,0.714,0.710,0.493,0.466,0.724,0.461,0.541,0.542,0.647,0.561
polarized-appointments,Polarized appointments,"High appointment polarization, higher partisan pressure, and lower public trust.",independence-accountability-hybrid,Hybrid court balancing independence and accountability,court_variant,strong_form_court,pipeline,mixed_state_federal/district_only,132,132,5612,5480,1.000,0.024,0.925,0.731,0.010,0.316,0.189,0.842,0.763,0.263,0.316,1.000,0.684,0.487,1.000,0.731,0.504,0.705,0.248,0.450,0.549,0.436,0.394,0.583,0.635,0.426,0.633,0.782,0.606,0.106,0.136,0.144,0.500,0.106,0.061,0.220,0.034,0.732,0.745,0.518,0.460,0.639,0.463,0.518,0.463,0.630,0.526
polarized-appointments,Polarized appointments,"High appointment polarization, higher partisan pressure, and lower public trust.",independence-accountability-hybrid,Hybrid court balancing independence and accountability,court_variant,strong_form_court,pipeline,mixed_state_federal/state_federal_split,1521,1521,62962,61441,1.000,0.024,0.891,0.742,0.003,0.520,0.447,0.880,0.733,0.100,0.520,1.000,0.861,0.656,3.000,0.780,0.579,0.702,0.280,0.462,0.573,0.422,0.371,0.573,0.632,0.447,0.631,0.791,0.504,0.208,0.151,0.239,0.513,0.151,0.075,0.276,0.036,0.714,0.704,0.473,0.468,0.731,0.462,0.545,0.551,0.649,0.565
polarized-appointments,Polarized appointments,"High appointment polarization, higher partisan pressure, and lower public trust.",independence-accountability-hybrid,Hybrid court balancing independence and accountability,court_variant,strong_form_court,pipeline,state/circuit_en_banc,92,92,4201,4109,1.000,0.022,0.989,0.779,0.000,0.000,0.033,1.000,0.625,0.000,0.000,1.000,0.780,0.664,3.000,0.479,0.519,0.748,0.183,0.527,0.549,0.393,0.399,0.583,0.674,0.452,0.632,0.759,0.587,0.152,0.109,0.239,0.576,0.163,0.033,0.435,0.043,0.690,0.693,0.491,0.461,0.724,0.458,0.537,0.540,0.646,0.559
polarized-appointments,Polarized appointments,"High appointment polarization, higher partisan pressure, and lower public trust.",independence-accountability-hybrid,Hybrid court balancing independence and accountability,court_variant,strong_form_court,pipeline,state/circuit_panel,591,591,26313,25722,1.000,0.022,0.906,0.742,0.003,0.464,0.398,0.929,0.607,0.196,0.464,1.000,0.607,0.571,2.000,0.558,0.470,0.712,0.240,0.467,0.571,0.429,0.369,0.584,0.644,0.428,0.633,0.770,0.530,0.152,0.142,0.186,0.496,0.154,0.068,0.320,0.035,0.698,0.692,0.443,0.450,0.666,0.442,0.516,0.489,0.624,0.528
polarized-appointments,Polarized appointments,"High appointment polarization, higher partisan pressure, and lower public trust.",independence-accountability-hybrid,Hybrid court balancing independence and accountability,court_variant,strong_form_court,pipeline,state/district_only,126,126,5478,5352,1.000,0.023,0.923,0.732,0.013,0.400,0.230,0.850,0.800,0.075,0.400,1.000,0.624,0.484,1.000,0.542,0.447,0.713,0.224,0.480,0.558,0.429,0.393,0.587,0.646,0.425,0.633,0.767,0.563,0.198,0.071,0.151,0.516,0.111,0.040,0.341,0.038,0.715,0.705,0.469,0.455,0.629,0.458,0.513,0.456,0.623,0.519
polarized-appointments,Polarized appointments,"High appointment polarization, higher partisan pressure, and lower public trust.",independence-accountability-hybrid,Hybrid court balancing independence and accountability,court_variant,strong_form_court,pipeline,state/state_federal_split,1281,1281,53630,52349,1.000,0.024,0.895,0.742,0.002,0.500,0.434,0.837,0.724,0.122,0.500,1.000,0.831,0.650,3.000,0.592,0.527,0.707,0.253,0.470,0.576,0.427,0.372,0.576,0.639,0.443,0.632,0.776,0.547,0.173,0.124,0.222,0.535,0.135,0.067,0.321,0.037,0.708,0.704,0.478,0.465,0.724,0.456,0.541,0.548,0.644,0.560
polarized-appointments,Polarized appointments,"High appointment polarization, higher partisan pressure, and lower public trust.",independence-accountability-hybrid,Hybrid court balancing independence and accountability,court_variant,strong_form_court,pipeline,state/state_high_court,1308,1308,57151,55843,1.000,0.023,0.892,0.739,0.002,0.491,0.481,0.891,0.673,0.100,0.491,1.000,0.627,0.573,2.000,0.543,0.477,0.708,0.247,0.469,0.578,0.435,0.361,0.583,0.641,0.426,0.633,0.770,0.528,0.188,0.143,0.196,0.514,0.142,0.073,0.310,0.032,0.712,0.711,0.483,0.452,0.667,0.443,0.518,0.496,0.624,0.530
polarized-appointments,Polarized appointments,"High appointment polarization, higher partisan pressure, and lower public trust.",weak-form-review,Weak-form review with legislative reply,synthetic_mechanism,weak_form_review,pipeline,federal/circuit_en_banc,961,961,1089,128,1.000,0.882,0.972,0.734,0.051,0.257,0.000,0.671,0.638,0.250,0.167,0.270,0.720,0.652,3.000,0.386,0.476,0.721,0.187,0.496,0.586,0.522,0.379,0.629,0.701,0.203,0.669,0.783,0.765,0.059,0.031,0.098,0.750,0.050,0.009,0.687,0.071,0.106,0.018,0.170,0.312,0.416,0.294,0.325,0.427,0.411,0.367
polarized-appointments,Polarized appointments,"High appointment polarization, higher partisan pressure, and lower public trust.",weak-form-review,Weak-form review with legislative reply,synthetic_mechanism,weak_form_review,pipeline,federal/circuit_panel,2028,2028,2290,262,1.000,0.886,0.958,0.709,0.066,0.397,0.000,0.751,0.679,0.285,0.270,0.328,0.570,0.564,2.000,0.407,0.436,0.706,0.197,0.502,0.610,0.544,0.364,0.631,0.697,0.158,0.670,0.785,0.777,0.049,0.044,0.094,0.741,0.034,0.016,0.638,0.070,0.108,0.020,0.153,0.309,0.363,0.290,0.311,0.393,0.402,0.347
polarized-appointments,Polarized appointments,"High appointment polarization, higher partisan pressure, and lower public trust.",weak-form-review,Weak-form review with legislative reply,synthetic_mechanism,weak_form_review,pipeline,federal/district_only,555,555,645,90,1.000,0.860,0.951,0.710,0.093,0.318,0.000,0.768,0.695,0.278,0.149,0.338,0.484,0.478,1.000,0.405,0.407,0.704,0.203,0.499,0.604,0.544,0.369,0.634,0.696,0.154,0.670,0.784,0.732,0.065,0.056,0.119,0.728,0.043,0.013,0.676,0.065,0.104,0.018,0.158,0.307,0.318,0.291,0.300,0.353,0.392,0.329
polarized-appointments,Polarized appointments,"High appointment polarization, higher partisan pressure, and lower public trust.",weak-form-review,Weak-form review with legislative reply,synthetic_mechanism,weak_form_review,pipeline,federal/state_federal_split,214,214,236,22,1.000,0.907,0.968,0.726,0.036,0.292,0.000,0.750,0.792,0.292,0.350,0.250,0.869,0.658,3.000,0.535,0.519,0.710,0.207,0.503,0.602,0.528,0.364,0.626,0.697,0.194,0.668,0.795,0.808,0.033,0.019,0.084,0.748,0.042,0.000,0.650,0.071,0.103,0.018,0.157,0.312,0.434,0.291,0.329,0.435,0.414,0.372
polarized-appointments,Polarized appointments,"High appointment polarization, higher partisan pressure, and lower public trust.",weak-form-review,Weak-form review with legislative reply,synthetic_mechanism,weak_form_review,pipeline,mixed_state_federal/circuit_en_banc,791,791,900,109,1.000,0.879,0.956,0.720,0.055,0.443,0.000,0.762,0.639,0.328,0.443,0.295,0.802,0.643,3.000,0.752,0.556,0.703,0.241,0.501,0.596,0.526,0.376,0.622,0.688,0.195,0.668,0.813,0.752,0.075,0.051,0.115,0.769,0.033,0.011,0.492,0.065,0.103,0.019,0.153,0.314,0.431,0.299,0.329,0.430,0.418,0.373
polarized-appointments,Polarized appointments,"High appointment polarization, higher partisan pressure, and lower public trust.",weak-form-review,Weak-form review with legislative reply,synthetic_mechanism,weak_form_review,pipeline,mixed_state_federal/district_only,132,132,184,52,1.000,0.717,0.933,0.711,0.117,0.228,0.000,0.667,0.579,0.298,0.228,0.544,0.684,0.487,1.000,0.731,0.504,0.695,0.258,0.482,0.580,0.529,0.394,0.625,0.677,0.194,0.670,0.813,0.750,0.061,0.061,0.098,0.750,0.030,0.023,0.538,0.057,0.110,0.019,0.189,0.312,0.351,0.314,0.310,0.353,0.404,0.343
polarized-appointments,Polarized appointments,"High appointment polarization, higher partisan pressure, and lower public trust.",weak-form-review,Weak-form review with legislative reply,synthetic_mechanism,weak_form_review,pipeline,mixed_state_federal/state_federal_split,1521,1521,1751,230,1.000,0.869,0.950,0.704,0.060,0.548,0.000,0.722,0.693,0.332,0.548,0.282,0.861,0.656,3.000,0.780,0.579,0.689,0.249,0.508,0.618,0.530,0.371,0.620,0.684,0.178,0.668,0.816,0.723,0.068,0.064,0.143,0.703,0.042,0.022,0.477,0.066,0.113,0.019,0.159,0.314,0.439,0.299,0.331,0.438,0.422,0.377
polarized-appointments,Polarized appointments,"High appointment polarization, higher partisan pressure, and lower public trust.",weak-form-review,Weak-form review with legislative reply,synthetic_mechanism,weak_form_review,pipeline,state/circuit_en_banc,92,92,102,10,1.000,0.902,0.987,0.777,0.036,0.000,0.000,0.500,0.500,0.200,0.000,0.000,0.780,0.664,3.000,0.479,0.519,0.741,0.190,0.532,0.549,0.504,0.399,0.628,0.714,0.248,0.669,0.789,0.815,0.043,0.011,0.065,0.739,0.054,0.000,0.543,0.072,0.113,0.024,0.157,0.313,0.425,0.294,0.327,0.424,0.409,0.368
polarized-appointments,Polarized appointments,"High appointment polarization, higher partisan pressure, and lower public trust.",weak-form-review,Weak-form review with legislative reply,synthetic_mechanism,weak_form_review,pipeline,state/circuit_panel,591,591,664,73,1.000,0.890,0.959,0.711,0.055,0.426,0.000,0.670,0.670,0.266,0.426,0.309,0.607,0.571,2.000,0.558,0.470,0.705,0.212,0.515,0.607,0.539,0.369,0.629,0.696,0.164,0.670,0.796,0.772,0.042,0.051,0.100,0.738,0.046,0.008,0.553,0.066,0.113,0.021,0.161,0.310,0.369,0.289,0.313,0.395,0.403,0.349
polarized-appointments,Polarized appointments,"High appointment polarization, higher partisan pressure, and lower public trust.",weak-form-review,Weak-form review with legislative reply,synthetic_mechanism,weak_form_review,pipeline,state/district_only,126,126,168,42,1.000,0.750,0.938,0.705,0.126,0.268,0.000,0.893,0.768,0.286,0.268,0.554,0.624,0.484,1.000,0.542,0.447,0.707,0.228,0.503,0.575,0.526,0.393,0.630,0.686,0.185,0.670,0.797,0.667,0.127,0.071,0.135,0.762,0.016,0.008,0.595,0.062,0.119,0.025,0.170,0.310,0.339,0.309,0.306,0.351,0.399,0.338
polarized-appointments,Polarized appointments,"High appointment polarization, higher partisan pressure, and lower public trust.",weak-form-review,Weak-form review with legislative reply,synthetic_mechanism,weak_form_review,pipeline,state/state_federal_split,1281,1281,1454,173,1.000,0.881,0.955,0.706,0.057,0.471,0.000,0.738,0.665,0.293,0.471,0.220,0.831,0.650,3.000,0.592,0.527,0.696,0.222,0.521,0.619,0.536,0.372,0.624,0.692,0.174,0.668,0.801,0.746,0.051,0.050,0.133,0.725,0.027,0.012,0.557,0.069,0.108,0.021,0.157,0.312,0.431,0.295,0.328,0.436,0.417,0.373
polarized-appointments,Polarized appointments,"High appointment polarization, higher partisan pressure, and lower public trust.",weak-form-review,Weak-form review with legislative reply,synthetic_mechanism,weak_form_review,pipeline,state/state_high_court,1308,1308,1445,137,1.000,0.905,0.956,0.703,0.056,0.566,0.000,0.724,0.617,0.250,0.566,0.291,0.627,0.573,2.000,0.543,0.477,0.698,0.214,0.518,0.620,0.546,0.361,0.629,0.695,0.152,0.669,0.795,0.750,0.057,0.060,0.098,0.757,0.040,0.017,0.544,0.069,0.104,0.019,0.160,0.309,0.371,0.288,0.313,0.401,0.404,0.350
polarized-appointments,Polarized appointments,"High appointment polarization, higher partisan pressure, and lower public trust.",suspended-declaration-review,Suspended declarations of invalidity,synthetic_mechanism,suspended_declaration,pipeline,federal/circuit_en_banc,961,961,1043,82,1.000,0.921,0.953,0.739,0.002,0.318,0.291,0.812,0.800,0.035,0.214,1.000,0.720,0.652,3.000,0.386,0.476,0.731,0.208,0.501,0.592,0.525,0.379,0.620,0.671,0.239,0.614,0.858,0.564,0.151,0.134,0.181,0.530,0.150,0.072,0.418,0.036,0.788,0.770,0.534,0.330,0.468,0.292,0.354,0.435,0.452,0.390
polarized-appointments,Polarized appointments,"High appointment polarization, higher partisan pressure, and lower public trust.",suspended-declaration-review,Suspended declarations of invalidity,synthetic_mechanism,suspended_declaration,pipeline,federal/circuit_panel,2028,2028,2242,214,1.000,0.905,0.921,0.717,0.005,0.455,0.497,0.840,0.654,0.171,0.342,1.000,0.570,0.564,2.000,0.407,0.436,0.725,0.238,0.517,0.626,0.545,0.364,0.620,0.669,0.189,0.615,0.863,0.540,0.165,0.140,0.190,0.537,0.147,0.068,0.395,0.032,0.797,0.781,0.530,0.327,0.416,0.289,0.341,0.402,0.445,0.371
polarized-appointments,Polarized appointments,"High appointment polarization, higher partisan pressure, and lower public trust.",suspended-declaration-review,Suspended declarations of invalidity,synthetic_mechanism,suspended_declaration,pipeline,federal/district_only,555,555,641,86,1.000,0.866,0.922,0.722,0.006,0.375,0.472,0.848,0.616,0.080,0.228,1.000,0.484,0.478,1.000,0.405,0.407,0.724,0.234,0.518,0.623,0.545,0.369,0.624,0.671,0.184,0.616,0.861,0.530,0.182,0.157,0.177,0.521,0.144,0.074,0.416,0.028,0.795,0.788,0.515,0.325,0.371,0.290,0.329,0.362,0.435,0.353
polarized-appointments,Polarized appointments,"High appointment polarization, higher partisan pressure, and lower public trust.",suspended-declaration-review,Suspended declarations of invalidity,synthetic_mechanism,suspended_declaration,pipeline,federal/state_federal_split,214,214,230,16,1.000,0.930,0.928,0.725,0.002,0.278,0.407,0.889,0.556,0.000,0.313,1.000,0.869,0.658,3.000,0.535,0.519,0.719,0.249,0.508,0.611,0.529,0.364,0.615,0.663,0.229,0.614,0.873,0.477,0.248,0.112,0.257,0.533,0.159,0.056,0.393,0.029,0.793,0.774,0.528,0.330,0.486,0.293,0.358,0.443,0.457,0.396
polarized-appointments,Polarized appointments,"High appointment polarization, higher partisan pressure, and lower public trust.",suspended-declaration-review,Suspended declarations of invalidity,synthetic_mechanism,suspended_declaration,pipeline,mixed_state_federal/circuit_en_banc,791,791,881,90,1.000,0.898,0.924,0.719,0.004,0.440,0.408,0.879,0.714,0.143,0.440,1.000,0.802,0.643,3.000,0.752,0.556,0.713,0.278,0.511,0.607,0.527,0.376,0.611,0.656,0.229,0.614,0.891,0.515,0.224,0.124,0.231,0.499,0.185,0.076,0.236,0.029,0.800,0.779,0.548,0.332,0.484,0.300,0.359,0.438,0.461,0.397
polarized-appointments,Polarized appointments,"High appointment polarization, higher partisan pressure, and lower public trust.",suspended-declaration-review,Suspended declarations of invalidity,synthetic_mechanism,suspended_declaration,pipeline,mixed_state_federal/district_only,132,132,177,45,1.000,0.746,0.912,0.705,0.012,0.304,0.386,0.739,0.652,0.152,0.304,1.000,0.684,0.487,1.000,0.731,0.504,0.705,0.271,0.492,0.599,0.532,0.394,0.617,0.647,0.226,0.615,0.887,0.538,0.227,0.083,0.258,0.492,0.182,0.045,0.295,0.026,0.813,0.801,0.557,0.329,0.403,0.312,0.340,0.363,0.447,0.367
polarized-appointments,Polarized appointments,"High appointment polarization, higher partisan pressure, and lower public trust.",suspended-declaration-review,Suspended declarations of invalidity,synthetic_mechanism,suspended_declaration,pipeline,mixed_state_federal/state_federal_split,1521,1521,1654,133,1.000,0.920,0.907,0.703,0.003,0.562,0.543,0.774,0.672,0.088,0.562,1.000,0.861,0.656,3.000,0.780,0.579,0.711,0.302,0.520,0.630,0.534,0.371,0.608,0.652,0.209,0.614,0.896,0.502,0.244,0.137,0.250,0.513,0.145,0.070,0.252,0.030,0.799,0.775,0.526,0.332,0.491,0.297,0.361,0.447,0.464,0.400
polarized-appointments,Polarized appointments,"High appointment polarization, higher partisan pressure, and lower public trust.",suspended-declaration-review,Suspended declarations of invalidity,synthetic_mechanism,suspended_declaration,pipeline,state/circuit_en_banc,92,92,101,9,1.000,0.911,0.993,0.780,0.000,0.000,0.011,0.889,0.667,0.111,0.000,1.000,0.780,0.664,3.000,0.479,0.519,0.736,0.181,0.531,0.544,0.505,0.399,0.623,0.683,0.292,0.614,0.860,0.500,0.130,0.120,0.293,0.565,0.185,0.043,0.315,0.032,0.778,0.774,0.544,0.331,0.478,0.297,0.357,0.430,0.450,0.392
polarized-appointments,Polarized appointments,"High appointment polarization, higher partisan pressure, and lower public trust.",suspended-declaration-review,Suspended declarations of invalidity,synthetic_mechanism,suspended_declaration,pipeline,state/circuit_panel,591,591,645,54,1.000,0.916,0.921,0.720,0.004,0.525,0.477,0.881,0.729,0.102,0.525,1.000,0.607,0.571,2.000,0.558,0.470,0.721,0.256,0.523,0.620,0.541,0.369,0.618,0.666,0.197,0.615,0.874,0.521,0.212,0.130,0.205,0.513,0.166,0.073,0.318,0.031,0.797,0.778,0.527,0.328,0.422,0.288,0.343,0.404,0.446,0.372
polarized-appointments,Polarized appointments,"High appointment polarization, higher partisan pressure, and lower public trust.",suspended-declaration-review,Suspended declarations of invalidity,synthetic_mechanism,suspended_declaration,pipeline,state/district_only,126,126,165,39,1.000,0.764,0.926,0.719,0.016,0.349,0.325,0.837,0.698,0.140,0.349,1.000,0.624,0.484,1.000,0.542,0.447,0.716,0.233,0.512,0.593,0.527,0.393,0.623,0.662,0.220,0.616,0.870,0.460,0.190,0.183,0.206,0.532,0.175,0.063,0.254,0.027,0.805,0.792,0.549,0.327,0.392,0.305,0.335,0.360,0.440,0.361
polarized-appointments,Polarized appointments,"High appointment polarization, higher partisan pressure, and lower public trust.",suspended-declaration-review,Suspended declarations of invalidity,synthetic_mechanism,suspended_declaration,pipeline,state/state_federal_split,1281,1281,1394,113,1.000,0.919,0.914,0.710,0.003,0.517,0.518,0.871,0.638,0.164,0.517,1.000,0.831,0.650,3.000,0.592,0.527,0.717,0.272,0.531,0.629,0.539,0.372,0.612,0.661,0.207,0.614,0.880,0.493,0.190,0.156,0.239,0.511,0.144,0.079,0.290,0.031,0.803,0.784,0.543,0.331,0.483,0.295,0.358,0.445,0.460,0.397
polarized-appointments,Polarized appointments,"High appointment polarization, higher partisan pressure, and lower public trust.",suspended-declaration-review,Suspended declarations of invalidity,synthetic_mechanism,suspended_declaration,pipeline,state/state_high_court,1308,1308,1422,114,1.000,0.920,0.910,0.710,0.003,0.550,0.573,0.885,0.725,0.160,0.550,1.000,0.627,0.573,2.000,0.543,0.477,0.720,0.268,0.532,0.638,0.547,0.361,0.616,0.665,0.181,0.615,0.875,0.515,0.198,0.136,0.199,0.538,0.148,0.062,0.300,0.026,0.804,0.785,0.542,0.328,0.424,0.289,0.343,0.410,0.448,0.375
polarized-appointments,Polarized appointments,"High appointment polarization, higher partisan pressure, and lower public trust.",override-clause-review,Strong-form review with explicit override clause,synthetic_mechanism,legislative_override_clause,pipeline,federal/circuit_en_banc,961,961,8831,7870,1.000,0.109,0.918,0.744,0.052,0.369,0.286,0.716,0.645,0.206,0.263,0.255,0.720,0.652,3.000,0.386,0.476,0.704,0.196,0.465,0.555,0.423,0.379,0.612,0.644,0.376,0.623,0.885,0.513,0.171,0.149,0.215,0.501,0.143,0.065,0.406,0.035,0.764,0.760,0.546,0.312,0.603,0.356,0.365,0.451,0.489,0.434
polarized-appointments,Polarized appointments,"High appointment polarization, higher partisan pressure, and lower public trust.",override-clause-review,Strong-form review with explicit override clause,synthetic_mechanism,legislative_override_clause,pipeline,federal/circuit_panel,2028,2028,18634,16606,1.000,0.109,0.875,0.730,0.072,0.548,0.462,0.725,0.639,0.280,0.402,0.351,0.570,0.564,2.000,0.407,0.436,0.695,0.213,0.455,0.564,0.445,0.364,0.614,0.635,0.342,0.623,0.888,0.476,0.195,0.171,0.205,0.515,0.142,0.081,0.394,0.031,0.773,0.772,0.541,0.309,0.550,0.353,0.352,0.415,0.478,0.414
polarized-appointments,Polarized appointments,"High appointment polarization, higher partisan pressure, and lower public trust.",override-clause-review,Strong-form review with explicit override clause,synthetic_mechanism,legislative_override_clause,pipeline,federal/district_only,555,555,5156,4601,1.000,0.108,0.875,0.727,0.094,0.397,0.433,0.748,0.642,0.351,0.258,0.371,0.484,0.478,1.000,0.405,0.407,0.688,0.217,0.454,0.562,0.447,0.369,0.617,0.634,0.336,0.624,0.888,0.477,0.202,0.150,0.207,0.495,0.137,0.058,0.373,0.028,0.776,0.784,0.542,0.307,0.504,0.354,0.341,0.375,0.468,0.395
polarized-appointments,Polarized appointments,"High appointment polarization, higher partisan pressure, and lower public trust.",override-clause-review,Strong-form review with explicit override clause,synthetic_mechanism,legislative_override_clause,pipeline,federal/state_federal_split,214,214,1838,1624,1.000,0.116,0.894,0.744,0.046,0.400,0.373,0.667,0.433,0.233,0.480,0.300,0.869,0.658,3.000,0.535,0.519,0.699,0.218,0.459,0.560,0.428,0.364,0.609,0.638,0.366,0.622,0.898,0.486,0.187,0.168,0.229,0.402,0.126,0.089,0.393,0.030,0.772,0.768,0.536,0.312,0.618,0.354,0.369,0.458,0.492,0.438
polarized-appointments,Polarized appointments,"High appointment polarization, higher partisan pressure, and lower public trust.",override-clause-review,Strong-form review with explicit override clause,synthetic_mechanism,legislative_override_clause,pipeline,mixed_state_federal/circuit_en_banc,791,791,6863,6072,1.000,0.115,0.881,0.735,0.060,0.484,0.395,0.659,0.683,0.365,0.484,0.262,0.802,0.643,3.000,0.752,0.556,0.687,0.255,0.457,0.556,0.428,0.376,0.605,0.626,0.369,0.622,0.916,0.456,0.235,0.158,0.257,0.473,0.169,0.078,0.231,0.029,0.774,0.771,0.541,0.314,0.614,0.360,0.369,0.452,0.495,0.439
polarized-appointments,Polarized appointments,"High appointment polarization, higher partisan pressure, and lower public trust.",override-clause-review,Strong-form review with explicit override clause,synthetic_mechanism,legislative_override_clause,pipeline,mixed_state_federal/district_only,132,132,1145,1013,1.000,0.115,0.849,0.717,0.120,0.458,0.398,0.750,0.708,0.208,0.458,0.500,0.684,0.487,1.000,0.731,0.504,0.668,0.272,0.436,0.550,0.447,0.394,0.609,0.613,0.358,0.624,0.916,0.432,0.364,0.144,0.265,0.364,0.136,0.083,0.189,0.031,0.785,0.778,0.569,0.311,0.528,0.366,0.349,0.376,0.479,0.406
polarized-appointments,Polarized appointments,"High appointment polarization, higher partisan pressure, and lower public trust.",override-clause-review,Strong-form review with explicit override clause,synthetic_mechanism,legislative_override_clause,pipeline,mixed_state_federal/state_federal_split,1521,1521,12808,11287,1.000,0.119,0.859,0.726,0.060,0.646,0.530,0.699,0.581,0.336,0.646,0.297,0.861,0.656,3.000,0.780,0.579,0.688,0.266,0.448,0.565,0.434,0.371,0.603,0.621,0.354,0.622,0.920,0.467,0.229,0.166,0.276,0.460,0.152,0.080,0.233,0.031,0.772,0.765,0.538,0.314,0.620,0.358,0.371,0.460,0.498,0.442
polarized-appointments,Polarized appointments,"High appointment polarization, higher partisan pressure, and lower public trust.",override-clause-review,Strong-form review with explicit override clause,synthetic_mechanism,legislative_override_clause,pipeline,state/circuit_en_banc,92,92,857,765,1.000,0.107,0.965,0.774,0.053,0.154,0.038,0.846,0.769,0.154,0.154,0.000,0.780,0.664,3.000,0.479,0.519,0.708,0.198,0.521,0.540,0.404,0.399,0.612,0.659,0.412,0.622,0.891,0.554,0.196,0.098,0.217,0.543,0.207,0.054,0.283,0.033,0.770,0.762,0.581,0.313,0.613,0.360,0.368,0.449,0.489,0.437
polarized-appointments,Polarized appointments,"High appointment polarization, higher partisan pressure, and lower public trust.",override-clause-review,Strong-form review with explicit override clause,synthetic_mechanism,legislative_override_clause,pipeline,state/circuit_panel,591,591,5384,4793,1.000,0.110,0.876,0.729,0.060,0.558,0.454,0.589,0.600,0.368,0.558,0.326,0.607,0.571,2.000,0.558,0.470,0.693,0.228,0.456,0.562,0.440,0.369,0.612,0.633,0.347,0.623,0.899,0.484,0.210,0.149,0.200,0.528,0.146,0.093,0.306,0.031,0.763,0.762,0.515,0.309,0.556,0.352,0.353,0.417,0.479,0.416
polarized-appointments,Polarized appointments,"High appointment polarization, higher partisan pressure, and lower public trust.",override-clause-review,Strong-form review with explicit override clause,synthetic_mechanism,legislative_override_clause,pipeline,state/district_only,126,126,1109,983,1.000,0.114,0.864,0.729,0.144,0.328,0.340,0.738,0.623,0.377,0.328,0.525,0.624,0.484,1.000,0.542,0.447,0.670,0.250,0.468,0.551,0.440,0.393,0.612,0.625,0.363,0.624,0.901,0.476,0.214,0.159,0.206,0.468,0.143,0.063,0.238,0.026,0.793,0.794,0.565,0.309,0.519,0.370,0.345,0.370,0.474,0.402
polarized-appointments,Polarized appointments,"High appointment polarization, higher partisan pressure, and lower public trust.",override-clause-review,Strong-form review with explicit override clause,synthetic_mechanism,legislative_override_clause,pipeline,state/state_federal_split,1281,1281,10897,9616,1.000,0.118,0.862,0.726,0.060,0.560,0.526,0.696,0.628,0.304,0.560,0.230,0.831,0.650,3.000,0.592,0.527,0.692,0.240,0.450,0.569,0.438,0.372,0.607,0.627,0.351,0.622,0.904,0.483,0.223,0.145,0.237,0.489,0.144,0.075,0.282,0.031,0.774,0.769,0.543,0.312,0.614,0.355,0.368,0.458,0.494,0.438
polarized-appointments,Polarized appointments,"High appointment polarization, higher partisan pressure, and lower public trust.",override-clause-review,Strong-form review with explicit override clause,synthetic_mechanism,legislative_override_clause,pipeline,state/state_high_court,1308,1308,11704,10396,1.000,0.112,0.866,0.729,0.059,0.604,0.527,0.721,0.609,0.294,0.604,0.289,0.627,0.573,2.000,0.543,0.477,0.694,0.230,0.457,0.567,0.446,0.361,0.612,0.632,0.335,0.623,0.899,0.492,0.214,0.144,0.213,0.485,0.161,0.076,0.297,0.028,0.776,0.773,0.548,0.309,0.557,0.351,0.354,0.423,0.481,0.417
polarized-appointments,Polarized appointments,"High appointment polarization, higher partisan pressure, and lower public trust.",pre-enactment-review,Pre-enactment review before laws take effect,synthetic_mechanism,pre_enactment_review,pipeline,federal/circuit_en_banc,961,961,1089,128,1.000,0.882,0.970,0.771,0.043,0.231,0.177,0.715,0.708,0.231,0.146,0.238,0.720,0.652,3.000,0.386,0.476,0.733,0.202,0.473,0.558,0.522,0.379,0.607,0.657,0.519,0.571,0.855,0.597,0.137,0.103,0.184,0.581,0.120,0.049,0.477,0.044,0.575,0.567,0.430,0.444,0.425,0.358,0.453,0.488,0.523,0.444
polarized-appointments,Polarized appointments,"High appointment polarization, higher partisan pressure, and lower public trust.",pre-enactment-review,Pre-enactment review before laws take effect,synthetic_mechanism,pre_enactment_review,pipeline,federal/circuit_panel,2028,2028,2364,336,1.000,0.858,0.948,0.761,0.063,0.442,0.306,0.757,0.709,0.288,0.247,0.353,0.570,0.564,2.000,0.407,0.436,0.716,0.225,0.465,0.565,0.541,0.364,0.609,0.649,0.503,0.572,0.859,0.577,0.158,0.118,0.176,0.585,0.107,0.054,0.460,0.041,0.589,0.577,0.431,0.441,0.378,0.356,0.441,0.449,0.512,0.425
polarized-appointments,Polarized appointments,"High appointment polarization, higher partisan pressure, and lower public trust.",pre-enactment-review,Pre-enactment review before laws take effect,synthetic_mechanism,pre_enactment_review,pipeline,federal/district_only,555,555,679,124,1.000,0.817,0.949,0.764,0.081,0.289,0.275,0.725,0.768,0.225,0.169,0.373,0.484,0.478,1.000,0.405,0.407,0.714,0.227,0.465,0.563,0.541,0.369,0.611,0.650,0.498,0.573,0.858,0.632,0.115,0.110,0.139,0.560,0.114,0.043,0.450,0.037,0.576,0.573,0.424,0.439,0.336,0.358,0.430,0.410,0.506,0.408
polarized-appointments,Polarized appointments,"High appointment polarization, higher partisan pressure, and lower public trust.",pre-enactment-review,Pre-enactment review before laws take effect,synthetic_mechanism,pre_enactment_review,pipeline,federal/state_federal_split,214,214,240,26,1.000,0.892,0.958,0.776,0.036,0.333,0.245,0.741,0.778,0.222,0.409,0.333,0.869,0.658,3.000,0.535,0.519,0.722,0.232,0.464,0.562,0.526,0.364,0.603,0.651,0.523,0.571,0.869,0.589,0.164,0.079,0.192,0.547,0.117,0.033,0.463,0.038,0.576,0.556,0.422,0.443,0.446,0.358,0.457,0.497,0.526,0.450
polarized-appointments,Polarized appointments,"High appointment polarization, higher partisan pressure, and lower public trust.",pre-enactment-review,Pre-enactment review before laws take effect,synthetic_mechanism,pre_enactment_review,pipeline,mixed_state_federal/circuit_en_banc,791,791,931,140,1.000,0.850,0.948,0.770,0.062,0.441,0.237,0.706,0.720,0.245,0.441,0.308,0.802,0.643,3.000,0.752,0.556,0.711,0.266,0.470,0.556,0.524,0.376,0.599,0.642,0.524,0.571,0.887,0.540,0.198,0.120,0.197,0.558,0.129,0.053,0.322,0.036,0.585,0.571,0.439,0.446,0.442,0.368,0.458,0.492,0.529,0.452
polarized-appointments,Polarized appointments,"High appointment polarization, higher partisan pressure, and lower public trust.",pre-enactment-review,Pre-enactment review before laws take effect,synthetic_mechanism,pre_enactment_review,pipeline,mixed_state_federal/district_only,132,132,186,54,1.000,0.710,0.939,0.763,0.113,0.218,0.151,0.836,0.727,0.218,0.218,0.527,0.684,0.487,1.000,0.731,0.504,0.702,0.272,0.456,0.545,0.528,0.394,0.603,0.635,0.520,0.572,0.886,0.591,0.144,0.114,0.189,0.538,0.129,0.038,0.318,0.036,0.597,0.581,0.455,0.444,0.367,0.381,0.441,0.417,0.520,0.424
polarized-appointments,Polarized appointments,"High appointment polarization, higher partisan pressure, and lower public trust.",pre-enactment-review,Pre-enactment review before laws take effect,synthetic_mechanism,pre_enactment_review,pipeline,mixed_state_federal/state_federal_split,1521,1521,1756,235,1.000,0.866,0.938,0.767,0.057,0.523,0.352,0.740,0.689,0.281,0.523,0.285,0.861,0.656,3.000,0.780,0.579,0.704,0.283,0.464,0.564,0.530,0.371,0.597,0.638,0.523,0.571,0.891,0.558,0.187,0.128,0.226,0.549,0.118,0.060,0.292,0.038,0.581,0.555,0.420,0.446,0.450,0.365,0.460,0.498,0.529,0.454
polarized-appointments,Polarized appointments,"High appointment polarization, higher partisan pressure, and lower public trust.",pre-enactment-review,Pre-enactment review before laws take effect,synthetic_mechanism,pre_enactment_review,pipeline,state/circuit_en_banc,92,92,102,10,1.000,0.902,0.990,0.789,0.037,0.000,0.000,0.700,0.900,0.200,0.000,0.000,0.780,0.664,3.000,0.479,0.519,0.751,0.190,0.532,0.548,0.504,0.399,0.608,0.673,0.527,0.571,0.859,0.641,0.163,0.076,0.163,0.674,0.087,0.054,0.478,0.044,0.553,0.538,0.406,0.445,0.427,0.360,0.455,0.494,0.523,0.447
polarized-appointments,Polarized appointments,"High appointment polarization, higher partisan pressure, and lower public trust.",pre-enactment-review,Pre-enactment review before laws take effect,synthetic_mechanism,pre_enactment_review,pipeline,state/circuit_panel,591,591,679,88,1.000,0.870,0.949,0.761,0.056,0.423,0.293,0.804,0.773,0.196,0.423,0.330,0.607,0.571,2.000,0.558,0.470,0.714,0.242,0.478,0.561,0.537,0.369,0.607,0.648,0.505,0.572,0.870,0.606,0.127,0.120,0.171,0.591,0.108,0.056,0.354,0.039,0.583,0.567,0.413,0.441,0.381,0.356,0.442,0.455,0.513,0.427
polarized-appointments,Polarized appointments,"High appointment polarization, higher partisan pressure, and lower public trust.",pre-enactment-review,Pre-enactment review before laws take effect,synthetic_mechanism,pre_enactment_review,pipeline,state/district_only,126,126,178,52,1.000,0.708,0.943,0.756,0.121,0.268,0.089,0.804,0.679,0.321,0.268,0.554,0.624,0.484,1.000,0.542,0.447,0.707,0.246,0.479,0.547,0.521,0.393,0.607,0.642,0.517,0.572,0.870,0.595,0.127,0.127,0.175,0.484,0.095,0.063,0.325,0.035,0.601,0.601,0.433,0.441,0.358,0.376,0.436,0.413,0.515,0.419
polarized-appointments,Polarized appointments,"High appointment polarization, higher partisan pressure, and lower public trust.",pre-enactment-review,Pre-enactment review before laws take effect,synthetic_mechanism,pre_enactment_review,pipeline,state/state_federal_split,1281,1281,1488,207,1.000,0.861,0.942,0.767,0.060,0.449,0.346,0.729,0.686,0.280,0.449,0.237,0.831,0.650,3.000,0.592,0.527,0.710,0.257,0.481,0.567,0.534,0.372,0.601,0.645,0.521,0.571,0.876,0.563,0.155,0.122,0.200,0.553,0.114,0.052,0.353,0.039,0.589,0.570,0.435,0.444,0.445,0.363,0.458,0.495,0.527,0.451
polarized-appointments,Polarized appointments,"High appointment polarization, higher partisan pressure, and lower public trust.",pre-enactment-review,Pre-enactment review before laws take effect,synthetic_mechanism,pre_enactment_review,pipeline,state/state_high_court,1308,1308,1518,210,1.000,0.862,0.942,0.763,0.058,0.450,0.377,0.755,0.686,0.259,0.450,0.309,0.627,0.573,2.000,0.543,0.477,0.709,0.249,0.481,0.568,0.543,0.361,0.606,0.648,0.504,0.572,0.870,0.566,0.161,0.124,0.206,0.567,0.106,0.057,0.354,0.036,0.579,0.564,0.424,0.441,0.385,0.357,0.443,0.459,0.514,0.429
polarized-appointments,Polarized appointments,"High appointment polarization, higher partisan pressure, and lower public trust.",abstract-review-tribunal,Abstract review tribunal,synthetic_mechanism,abstract_review,pipeline,federal/circuit_en_banc,961,961,1023,62,1.000,0.939,0.939,0.773,0.003,0.344,0.262,0.813,0.766,0.172,0.302,1.000,0.720,0.652,3.000,0.386,0.476,0.723,0.201,0.469,0.562,0.526,0.379,0.607,0.659,0.319,0.555,0.927,0.571,0.163,0.123,0.189,0.547,0.145,0.056,0.431,0.038,0.756,0.751,0.501,0.435,0.458,0.325,0.453,0.494,0.530,0.444
polarized-appointments,Polarized appointments,"High appointment polarization, higher partisan pressure, and lower public trust.",abstract-review-tribunal,Abstract review tribunal,synthetic_mechanism,abstract_review,pipeline,federal/circuit_panel,2028,2028,2218,190,1.000,0.914,0.897,0.770,0.005,0.487,0.451,0.834,0.694,0.145,0.368,1.000,0.570,0.564,2.000,0.407,0.436,0.710,0.225,0.463,0.575,0.546,0.364,0.609,0.652,0.304,0.557,0.930,0.532,0.184,0.148,0.173,0.523,0.145,0.076,0.421,0.036,0.764,0.754,0.494,0.425,0.410,0.314,0.434,0.443,0.514,0.418
polarized-appointments,Polarized appointments,"High appointment polarization, higher partisan pressure, and lower public trust.",abstract-review-tribunal,Abstract review tribunal,synthetic_mechanism,abstract_review,pipeline,federal/district_only,555,555,636,81,1.000,0.873,0.901,0.776,0.008,0.329,0.425,0.765,0.682,0.153,0.257,1.000,0.484,0.478,1.000,0.405,0.407,0.711,0.223,0.464,0.573,0.545,0.369,0.613,0.654,0.297,0.557,0.929,0.555,0.191,0.128,0.171,0.519,0.139,0.061,0.395,0.030,0.768,0.768,0.494,0.418,0.369,0.310,0.420,0.397,0.504,0.397
polarized-appointments,Polarized appointments,"High appointment polarization, higher partisan pressure, and lower public trust.",abstract-review-tribunal,Abstract review tribunal,synthetic_mechanism,abstract_review,pipeline,federal/state_federal_split,214,214,223,9,1.000,0.960,0.911,0.775,0.003,0.556,0.336,0.889,0.778,0.000,0.625,1.000,0.869,0.658,3.000,0.535,0.519,0.708,0.233,0.461,0.566,0.531,0.364,0.601,0.649,0.324,0.555,0.941,0.533,0.196,0.121,0.187,0.435,0.173,0.047,0.374,0.031,0.762,0.747,0.489,0.444,0.478,0.332,0.465,0.517,0.539,0.458
polarized-appointments,Polarized appointments,"High appointment polarization, higher partisan pressure, and lower public trust.",abstract-review-tribunal,Abstract review tribunal,synthetic_mechanism,abstract_review,pipeline,mixed_state_federal/circuit_en_banc,791,791,857,66,1.000,0.923,0.905,0.769,0.005,0.470,0.365,0.909,0.682,0.152,0.470,1.000,0.802,0.643,3.000,0.752,0.556,0.702,0.265,0.465,0.564,0.529,0.376,0.598,0.642,0.325,0.555,0.959,0.494,0.235,0.149,0.233,0.501,0.152,0.078,0.235,0.032,0.770,0.755,0.511,0.443,0.474,0.337,0.463,0.508,0.539,0.456
polarized-appointments,Polarized appointments,"High appointment polarization, higher partisan pressure, and lower public trust.",abstract-review-tribunal,Abstract review tribunal,synthetic_mechanism,abstract_review,pipeline,mixed_state_federal/district_only,132,132,168,36,1.000,0.786,0.895,0.766,0.021,0.472,0.311,0.778,0.806,0.222,0.472,1.000,0.684,0.487,1.000,0.731,0.504,0.697,0.259,0.456,0.556,0.536,0.394,0.604,0.637,0.317,0.556,0.956,0.508,0.227,0.114,0.242,0.523,0.136,0.053,0.212,0.030,0.796,0.783,0.543,0.438,0.398,0.343,0.443,0.429,0.527,0.424
polarized-appointments,Polarized appointments,"High appointment polarization, higher partisan pressure, and lower public trust.",abstract-review-tribunal,Abstract review tribunal,synthetic_mechanism,abstract_review,pipeline,mixed_state_federal/state_federal_split,1521,1521,1609,88,1.000,0.945,0.880,0.762,0.004,0.534,0.501,0.875,0.773,0.080,0.534,1.000,0.861,0.656,3.000,0.780,0.579,0.694,0.287,0.457,0.574,0.536,0.371,0.595,0.634,0.327,0.555,0.964,0.498,0.225,0.148,0.251,0.509,0.143,0.082,0.272,0.032,0.766,0.749,0.496,0.445,0.482,0.336,0.467,0.517,0.541,0.460
polarized-appointments,Polarized appointments,"High appointment polarization, higher partisan pressure, and lower public trust.",abstract-review-tribunal,Abstract review tribunal,synthetic_mechanism,abstract_review,pipeline,state/circuit_en_banc,92,92,95,3,1.000,0.968,0.989,0.789,0.000,0.000,0.022,0.667,0.333,0.000,0.000,1.000,0.780,0.664,3.000,0.479,0.519,0.740,0.182,0.528,0.545,0.509,0.399,0.608,0.678,0.324,0.555,0.930,0.467,0.174,0.109,0.207,0.500,0.239,0.022,0.380,0.040,0.743,0.736,0.501,0.437,0.459,0.327,0.456,0.503,0.531,0.447
polarized-appointments,Polarized appointments,"High appointment polarization, higher partisan pressure, and lower public trust.",abstract-review-tribunal,Abstract review tribunal,synthetic_mechanism,abstract_review,pipeline,state/circuit_panel,591,591,629,38,1.000,0.940,0.899,0.768,0.003,0.474,0.437,0.868,0.658,0.158,0.474,1.000,0.607,0.571,2.000,0.558,0.470,0.707,0.243,0.464,0.571,0.542,0.369,0.607,0.649,0.306,0.556,0.942,0.547,0.174,0.139,0.190,0.567,0.132,0.080,0.313,0.034,0.757,0.744,0.487,0.427,0.413,0.315,0.437,0.452,0.515,0.421
polarized-appointments,Polarized appointments,"High appointment polarization, higher partisan pressure, and lower public trust.",abstract-review-tribunal,Abstract review tribunal,synthetic_mechanism,abstract_review,pipeline,state/district_only,126,126,166,40,1.000,0.759,0.902,0.766,0.022,0.350,0.294,0.825,0.650,0.150,0.350,1.000,0.624,0.484,1.000,0.542,0.447,0.703,0.232,0.474,0.560,0.527,0.393,0.609,0.648,0.317,0.557,0.940,0.476,0.167,0.175,0.190,0.476,0.111,0.056,0.333,0.029,0.763,0.753,0.513,0.431,0.390,0.337,0.435,0.418,0.520,0.417
polarized-appointments,Polarized appointments,"High appointment polarization, higher partisan pressure, and lower public trust.",abstract-review-tribunal,Abstract review tribunal,synthetic_mechanism,abstract_review,pipeline,state/state_federal_split,1281,1281,1350,69,1.000,0.949,0.887,0.767,0.003,0.551,0.476,0.812,0.696,0.145,0.551,1.000,0.831,0.650,3.000,0.592,0.527,0.701,0.258,0.464,0.576,0.541,0.372,0.599,0.642,0.322,0.555,0.948,0.507,0.209,0.148,0.227,0.522,0.148,0.073,0.304,0.034,0.764,0.751,0.497,0.442,0.477,0.331,0.463,0.512,0.538,0.456
polarized-appointments,Polarized appointments,"High appointment polarization, higher partisan pressure, and lower public trust.",abstract-review-tribunal,Abstract review tribunal,synthetic_mechanism,abstract_review,pipeline,state/state_high_court,1308,1308,1394,86,1.000,0.938,0.884,0.768,0.004,0.563,0.523,0.897,0.690,0.149,0.563,1.000,0.627,0.573,2.000,0.543,0.477,0.703,0.253,0.462,0.578,0.548,0.361,0.606,0.645,0.304,0.556,0.942,0.555,0.177,0.141,0.185,0.528,0.143,0.068,0.320,0.029,0.765,0.754,0.504,0.428,0.417,0.316,0.439,0.458,0.517,0.424
polarized-appointments,Polarized appointments,"High appointment polarization, higher partisan pressure, and lower public trust.",ombudsman-triggered-review,Ombudsman-triggered constitutional review,synthetic_mechanism,ombudsman_triggered_review,pipeline,federal/circuit_en_banc,961,961,110899,109938,1.000,0.009,0.916,0.747,0.053,0.368,0.300,0.764,0.757,0.250,0.307,0.243,0.720,0.652,3.000,0.386,0.476,0.709,0.216,0.466,0.562,0.411,0.379,0.597,0.633,0.534,0.594,0.797,0.540,0.181,0.136,0.216,0.502,0.184,0.063,0.371,0.035,0.812,0.781,0.604,0.332,0.892,0.461,0.450,0.486,0.490,0.524
polarized-appointments,Polarized appointments,"High appointment polarization, higher partisan pressure, and lower public trust.",ombudsman-triggered-review,Ombudsman-triggered constitutional review,synthetic_mechanism,ombudsman_triggered_review,pipeline,federal/circuit_panel,2028,2028,226758,224730,1.000,0.009,0.870,0.733,0.070,0.514,0.491,0.737,0.691,0.266,0.366,0.349,0.570,0.564,2.000,0.407,0.436,0.691,0.244,0.456,0.573,0.432,0.364,0.598,0.621,0.517,0.595,0.801,0.487,0.220,0.145,0.219,0.480,0.168,0.076,0.365,0.030,0.822,0.792,0.599,0.331,0.847,0.456,0.440,0.448,0.480,0.506
polarized-appointments,Polarized appointments,"High appointment polarization, higher partisan pressure, and lower public trust.",ombudsman-triggered-review,Ombudsman-triggered constitutional review,synthetic_mechanism,ombudsman_triggered_review,pipeline,federal/district_only,555,555,62564,62009,1.000,0.009,0.866,0.734,0.086,0.386,0.491,0.764,0.729,0.314,0.255,0.364,0.484,0.478,1.000,0.405,0.407,0.688,0.246,0.458,0.572,0.435,0.369,0.601,0.620,0.508,0.596,0.801,0.485,0.209,0.162,0.204,0.463,0.157,0.077,0.368,0.024,0.831,0.807,0.604,0.330,0.804,0.456,0.430,0.409,0.472,0.488
polarized-appointments,Polarized appointments,"High appointment polarization, higher partisan pressure, and lower public trust.",ombudsman-triggered-review,Ombudsman-triggered constitutional review,synthetic_mechanism,ombudsman_triggered_review,pipeline,federal/state_federal_split,214,214,23475,23261,1.000,0.009,0.893,0.742,0.037,0.545,0.377,0.636,0.773,0.273,0.571,0.318,0.869,0.658,3.000,0.535,0.519,0.699,0.246,0.456,0.567,0.415,0.364,0.594,0.622,0.540,0.594,0.811,0.444,0.243,0.126,0.248,0.537,0.084,0.070,0.364,0.025,0.827,0.791,0.601,0.333,0.910,0.456,0.454,0.492,0.492,0.528
polarized-appointments,Polarized appointments,"High appointment polarization, higher partisan pressure, and lower public trust.",ombudsman-triggered-review,Ombudsman-triggered constitutional review,synthetic_mechanism,ombudsman_triggered_review,pipeline,mixed_state_federal/circuit_en_banc,791,791,86097,85306,1.000,0.009,0.880,0.737,0.059,0.455,0.411,0.754,0.664,0.231,0.455,0.306,0.802,0.643,3.000,0.752,0.556,0.688,0.282,0.460,0.564,0.415,0.376,0.590,0.614,0.539,0.594,0.829,0.491,0.226,0.134,0.238,0.449,0.169,0.075,0.243,0.027,0.823,0.789,0.599,0.335,0.904,0.465,0.454,0.485,0.495,0.529
polarized-appointments,Polarized appointments,"High appointment polarization, higher partisan pressure, and lower public trust.",ombudsman-triggered-review,Ombudsman-triggered constitutional review,synthetic_mechanism,ombudsman_triggered_review,pipeline,mixed_state_federal/district_only,132,132,14217,14085,1.000,0.009,0.852,0.725,0.111,0.408,0.418,0.816,0.714,0.347,0.408,0.551,0.684,0.487,1.000,0.731,0.504,0.673,0.290,0.454,0.559,0.434,0.394,0.594,0.605,0.523,0.596,0.827,0.447,0.242,0.174,0.288,0.417,0.205,0.076,0.212,0.029,0.848,0.817,0.650,0.333,0.824,0.470,0.436,0.411,0.482,0.498
polarized-appointments,Polarized appointments,"High appointment polarization, higher partisan pressure, and lower public trust.",ombudsman-triggered-review,Ombudsman-triggered constitutional review,synthetic_mechanism,ombudsman_triggered_review,pipeline,mixed_state_federal/state_federal_split,1521,1521,160228,158707,1.000,0.009,0.854,0.727,0.061,0.558,0.547,0.750,0.688,0.258,0.558,0.258,0.861,0.656,3.000,0.780,0.579,0.678,0.304,0.449,0.572,0.421,0.371,0.587,0.604,0.541,0.594,0.834,0.467,0.239,0.149,0.254,0.467,0.170,0.085,0.229,0.027,0.826,0.789,0.597,0.335,0.914,0.462,0.457,0.491,0.496,0.532
polarized-appointments,Polarized appointments,"High appointment polarization, higher partisan pressure, and lower public trust.",ombudsman-triggered-review,Ombudsman-triggered constitutional review,synthetic_mechanism,ombudsman_triggered_review,pipeline,state/circuit_en_banc,92,92,11249,11157,1.000,0.008,0.975,0.780,0.036,0.000,0.024,0.800,0.600,0.100,0.000,0.000,0.780,0.664,3.000,0.479,0.519,0.730,0.193,0.527,0.545,0.392,0.399,0.599,0.657,0.540,0.594,0.800,0.500,0.152,0.087,0.196,0.565,0.207,0.033,0.380,0.034,0.808,0.775,0.598,0.333,0.894,0.464,0.450,0.489,0.492,0.526
polarized-appointments,Polarized appointments,"High appointment polarization, higher partisan pressure, and lower public trust.",ombudsman-triggered-review,Ombudsman-triggered constitutional review,synthetic_mechanism,ombudsman_triggered_review,pipeline,state/circuit_panel,591,591,65928,65337,1.000,0.009,0.874,0.731,0.064,0.631,0.450,0.738,0.709,0.204,0.631,0.379,0.607,0.571,2.000,0.558,0.470,0.689,0.260,0.455,0.568,0.427,0.369,0.596,0.618,0.521,0.595,0.813,0.459,0.232,0.159,0.212,0.513,0.130,0.095,0.281,0.029,0.814,0.783,0.585,0.332,0.851,0.456,0.441,0.450,0.481,0.507
polarized-appointments,Polarized appointments,"High appointment polarization, higher partisan pressure, and lower public trust.",ombudsman-triggered-review,Ombudsman-triggered constitutional review,synthetic_mechanism,ombudsman_triggered_review,pipeline,state/district_only,126,126,13690,13564,1.000,0.009,0.865,0.723,0.136,0.424,0.333,0.729,0.576,0.288,0.424,0.593,0.624,0.484,1.000,0.542,0.447,0.676,0.264,0.466,0.558,0.427,0.393,0.597,0.613,0.518,0.596,0.812,0.524,0.190,0.119,0.159,0.476,0.151,0.048,0.317,0.025,0.822,0.793,0.597,0.332,0.817,0.472,0.433,0.407,0.479,0.495
polarized-appointments,Polarized appointments,"High appointment polarization, higher partisan pressure, and lower public trust.",ombudsman-triggered-review,Ombudsman-triggered constitutional review,synthetic_mechanism,ombudsman_triggered_review,pipeline,state/state_federal_split,1281,1281,135387,134106,1.000,0.009,0.861,0.730,0.058,0.518,0.527,0.775,0.696,0.283,0.518,0.215,0.831,0.650,3.000,0.592,0.527,0.685,0.275,0.452,0.575,0.425,0.372,0.591,0.611,0.537,0.594,0.818,0.473,0.221,0.146,0.241,0.487,0.162,0.072,0.294,0.029,0.826,0.790,0.608,0.334,0.909,0.459,0.455,0.490,0.493,0.529
polarized-appointments,Polarized appointments,"High appointment polarization, higher partisan pressure, and lower public trust.",ombudsman-triggered-review,Ombudsman-triggered constitutional review,synthetic_mechanism,ombudsman_triggered_review,pipeline,state/state_high_court,1308,1308,141678,140370,1.000,0.009,0.860,0.731,0.063,0.575,0.555,0.701,0.682,0.280,0.575,0.262,0.627,0.573,2.000,0.543,0.477,0.685,0.268,0.455,0.575,0.433,0.361,0.595,0.615,0.518,0.595,0.813,0.474,0.224,0.137,0.243,0.479,0.164,0.068,0.291,0.024,0.826,0.792,0.604,0.332,0.855,0.454,0.442,0.454,0.482,0.508
polarized-appointments,Polarized appointments,"High appointment polarization, higher partisan pressure, and lower public trust.",constitutional-public-defender,Constitutional public defender access model,synthetic_mechanism,constitutional_public_defender,pipeline,federal/circuit_en_banc,961,961,121938,120977,1.000,0.008,0.921,0.774,0.002,0.381,0.319,0.833,0.690,0.143,0.321,1.000,0.720,0.652,3.000,0.386,0.476,0.717,0.206,0.467,0.565,0.411,0.379,0.595,0.644,0.522,0.622,0.768,0.511,0.193,0.137,0.225,0.518,0.169,0.065,0.399,0.032,0.805,0.789,0.556,0.333,0.874,0.459,0.447,0.485,0.523,0.526
polarized-appointments,Polarized appointments,"High appointment polarization, higher partisan pressure, and lower public trust.",constitutional-public-defender,Constitutional public defender access model,synthetic_mechanism,constitutional_public_defender,pipeline,federal/circuit_panel,2028,2028,250391,248363,1.000,0.008,0.875,0.778,0.005,0.588,0.509,0.844,0.710,0.099,0.446,1.000,0.570,0.564,2.000,0.407,0.436,0.706,0.231,0.461,0.578,0.432,0.364,0.596,0.637,0.505,0.623,0.772,0.509,0.190,0.155,0.193,0.501,0.152,0.075,0.388,0.029,0.815,0.799,0.561,0.332,0.826,0.454,0.436,0.447,0.514,0.507
polarized-appointments,Polarized appointments,"High appointment polarization, higher partisan pressure, and lower public trust.",constitutional-public-defender,Constitutional public defender access model,synthetic_mechanism,constitutional_public_defender,pipeline,federal/district_only,555,555,69372,68817,1.000,0.008,0.875,0.779,0.005,0.366,0.497,0.901,0.723,0.119,0.250,1.000,0.484,0.478,1.000,0.405,0.407,0.705,0.229,0.462,0.577,0.435,0.369,0.600,0.638,0.496,0.624,0.770,0.510,0.196,0.160,0.180,0.490,0.160,0.081,0.409,0.025,0.821,0.811,0.560,0.330,0.780,0.453,0.425,0.408,0.504,0.488
polarized-appointments,Polarized appointments,"High appointment polarization, higher partisan pressure, and lower public trust.",constitutional-public-defender,Constitutional public defender access model,synthetic_mechanism,constitutional_public_defender,pipeline,federal/state_federal_split,214,214,25780,25566,1.000,0.008,0.893,0.766,0.003,0.368,0.388,0.895,1.000,0.211,0.412,1.000,0.869,0.658,3.000,0.535,0.519,0.703,0.238,0.460,0.569,0.415,0.364,0.592,0.632,0.527,0.622,0.781,0.505,0.196,0.150,0.257,0.523,0.121,0.098,0.402,0.031,0.805,0.790,0.564,0.333,0.888,0.458,0.450,0.490,0.524,0.530
polarized-appointments,Polarized appointments,"High appointment polarization, higher partisan pressure, and lower public trust.",constitutional-public-defender,Constitutional public defender access model,synthetic_mechanism,constitutional_public_defender,pipeline,mixed_state_federal/circuit_en_banc,791,791,94689,93898,1.000,0.008,0.886,0.765,0.005,0.495,0.412,0.804,0.639,0.113,0.495,1.000,0.802,0.643,3.000,0.752,0.556,0.697,0.271,0.461,0.566,0.415,0.376,0.588,0.625,0.527,0.622,0.799,0.483,0.226,0.152,0.233,0.477,0.164,0.091,0.224,0.027,0.818,0.801,0.578,0.335,0.885,0.464,0.451,0.485,0.528,0.531
polarized-appointments,Polarized appointments,"High appointment polarization, higher partisan pressure, and lower public trust.",constitutional-public-defender,Constitutional public defender access model,synthetic_mechanism,constitutional_public_defender,pipeline,mixed_state_federal/district_only,132,132,15691,15559,1.000,0.008,0.868,0.763,0.015,0.455,0.402,0.864,0.682,0.091,0.455,1.000,0.684,0.487,1.000,0.731,0.504,0.692,0.267,0.454,0.561,0.434,0.394,0.594,0.623,0.509,0.624,0.796,0.462,0.189,0.152,0.258,0.402,0.159,0.053,0.250,0.026,0.824,0.816,0.587,0.334,0.802,0.471,0.432,0.410,0.515,0.499
polarized-appointments,Polarized appointments,"High appointment polarization, higher partisan pressure, and lower public trust.",constitutional-public-defender,Constitutional public defender access model,synthetic_mechanism,constitutional_public_defender,pipeline,mixed_state_federal/state_federal_split,1521,1521,176487,174966,1.000,0.009,0.859,0.761,0.003,0.545,0.549,0.859,0.686,0.115,0.545,1.000,0.861,0.656,3.000,0.780,0.579,0.689,0.292,0.452,0.576,0.421,0.371,0.585,0.617,0.529,0.622,0.804,0.472,0.224,0.149,0.240,0.475,0.165,0.083,0.226,0.027,0.817,0.797,0.557,0.336,0.894,0.462,0.453,0.490,0.529,0.533
polarized-appointments,Polarized appointments,"High appointment polarization, higher partisan pressure, and lower public trust.",constitutional-public-defender,Constitutional public defender access model,synthetic_mechanism,constitutional_public_defender,pipeline,state/circuit_en_banc,92,92,12226,12134,1.000,0.008,0.982,0.786,0.000,0.091,0.033,0.909,0.818,0.000,0.091,1.000,0.780,0.664,3.000,0.479,0.519,0.734,0.183,0.526,0.544,0.392,0.399,0.597,0.664,0.528,0.622,0.771,0.467,0.196,0.174,0.239,0.435,0.250,0.043,0.304,0.031,0.791,0.786,0.553,0.334,0.879,0.467,0.448,0.488,0.526,0.530
polarized-appointments,Polarized appointments,"High appointment polarization, higher partisan pressure, and lower public trust.",constitutional-public-defender,Constitutional public defender access model,synthetic_mechanism,constitutional_public_defender,pipeline,state/circuit_panel,591,591,72814,72223,1.000,0.008,0.877,0.772,0.004,0.541,0.491,0.820,0.754,0.098,0.541,1.000,0.607,0.571,2.000,0.558,0.470,0.702,0.250,0.455,0.573,0.427,0.369,0.594,0.632,0.509,0.623,0.783,0.511,0.200,0.137,0.208,0.501,0.147,0.061,0.308,0.028,0.809,0.795,0.542,0.332,0.830,0.454,0.437,0.450,0.514,0.508
polarized-appointments,Polarized appointments,"High appointment polarization, higher partisan pressure, and lower public trust.",constitutional-public-defender,Constitutional public defender access model,synthetic_mechanism,constitutional_public_defender,pipeline,state/district_only,126,126,15360,15234,1.000,0.008,0.896,0.767,0.013,0.357,0.310,0.833,0.762,0.143,0.357,1.000,0.624,0.484,1.000,0.542,0.447,0.703,0.230,0.477,0.559,0.427,0.393,0.599,0.638,0.503,0.624,0.779,0.508,0.198,0.127,0.175,0.492,0.159,0.063,0.286,0.033,0.805,0.788,0.557,0.331,0.792,0.465,0.427,0.408,0.509,0.494
polarized-appointments,Polarized appointments,"High appointment polarization, higher partisan pressure, and lower public trust.",constitutional-public-defender,Constitutional public defender access model,synthetic_mechanism,constitutional_public_defender,pipeline,state/state_federal_split,1281,1281,149545,148264,1.000,0.009,0.863,0.762,0.003,0.509,0.539,0.877,0.675,0.123,0.509,1.000,0.831,0.650,3.000,0.592,0.527,0.695,0.265,0.452,0.579,0.425,0.372,0.589,0.623,0.525,0.622,0.789,0.468,0.212,0.165,0.244,0.473,0.148,0.081,0.267,0.030,0.818,0.798,0.566,0.335,0.887,0.458,0.451,0.489,0.526,0.530
polarized-appointments,Polarized appointments,"High appointment polarization, higher partisan pressure, and lower public trust.",constitutional-public-defender,Constitutional public defender access model,synthetic_mechanism,constitutional_public_defender,pipeline,state/state_high_court,1308,1308,156303,154995,1.000,0.008,0.863,0.778,0.004,0.605,0.573,0.879,0.750,0.097,0.605,1.000,0.627,0.573,2.000,0.543,0.477,0.699,0.258,0.456,0.580,0.433,0.361,0.593,0.631,0.507,0.623,0.784,0.484,0.217,0.155,0.206,0.492,0.144,0.080,0.281,0.025,0.819,0.802,0.568,0.333,0.834,0.452,0.439,0.454,0.516,0.510
polarized-appointments,Polarized appointments,"High appointment polarization, higher partisan pressure, and lower public trust.",rights-impact-statement-review,Rights-impact statements before review,synthetic_mechanism,rights_impact_statement,pipeline,federal/circuit_en_banc,961,961,1103,142,1.000,0.871,0.965,0.814,0.049,0.224,0.174,0.755,0.721,0.197,0.167,0.218,0.720,0.652,3.000,0.386,0.476,0.746,0.204,0.471,0.561,0.521,0.379,0.606,0.678,0.511,0.690,0.732,0.613,0.106,0.100,0.173,0.624,0.085,0.041,0.514,0.049,0.494,0.473,0.359,0.417,0.445,0.360,0.431,0.489,0.539,0.445
polarized-appointments,Polarized appointments,"High appointment polarization, higher partisan pressure, and lower public trust.",rights-impact-statement-review,Rights-impact statements before review,synthetic_mechanism,rights_impact_statement,pipeline,federal/circuit_panel,2028,2028,2365,337,1.000,0.858,0.948,0.794,0.061,0.410,0.272,0.771,0.758,0.258,0.310,0.359,0.570,0.564,2.000,0.407,0.436,0.728,0.222,0.464,0.566,0.541,0.364,0.608,0.670,0.493,0.691,0.735,0.620,0.108,0.114,0.154,0.596,0.096,0.050,0.480,0.043,0.511,0.484,0.369,0.415,0.392,0.357,0.418,0.451,0.526,0.424
polarized-appointments,Polarized appointments,"High appointment polarization, higher partisan pressure, and lower public trust.",rights-impact-statement-review,Rights-impact statements before review,synthetic_mechanism,rights_impact_statement,pipeline,federal/district_only,555,555,664,109,1.000,0.836,0.949,0.789,0.077,0.265,0.223,0.833,0.712,0.295,0.185,0.356,0.484,0.478,1.000,0.405,0.407,0.724,0.222,0.464,0.562,0.542,0.369,0.611,0.669,0.486,0.692,0.734,0.600,0.099,0.105,0.178,0.562,0.083,0.038,0.481,0.039,0.498,0.477,0.353,0.413,0.347,0.356,0.406,0.412,0.516,0.406
polarized-appointments,Polarized appointments,"High appointment polarization, higher partisan pressure, and lower public trust.",rights-impact-statement-review,Rights-impact statements before review,synthetic_mechanism,rights_impact_statement,pipeline,federal/state_federal_split,214,214,232,18,1.000,0.922,0.958,0.817,0.032,0.350,0.222,0.700,0.700,0.350,0.375,0.200,0.869,0.658,3.000,0.535,0.519,0.736,0.229,0.466,0.564,0.529,0.364,0.603,0.673,0.511,0.689,0.745,0.645,0.159,0.075,0.164,0.579,0.093,0.037,0.458,0.042,0.505,0.485,0.360,0.417,0.462,0.355,0.435,0.499,0.540,0.449
polarized-appointments,Polarized appointments,"High appointment polarization, higher partisan pressure, and lower public trust.",rights-impact-statement-review,Rights-impact statements before review,synthetic_mechanism,rights_impact_statement,pipeline,mixed_state_federal/circuit_en_banc,791,791,928,137,1.000,0.852,0.946,0.808,0.064,0.437,0.210,0.859,0.775,0.254,0.437,0.268,0.802,0.643,3.000,0.752,0.556,0.724,0.265,0.470,0.557,0.524,0.376,0.598,0.663,0.515,0.689,0.763,0.587,0.163,0.119,0.193,0.593,0.113,0.064,0.362,0.039,0.503,0.469,0.364,0.420,0.460,0.368,0.436,0.494,0.544,0.452
polarized-appointments,Polarized appointments,"High appointment polarization, higher partisan pressure, and lower public trust.",rights-impact-statement-review,Rights-impact statements before review,synthetic_mechanism,rights_impact_statement,pipeline,mixed_state_federal/district_only,132,132,183,51,1.000,0.721,0.931,0.793,0.114,0.288,0.151,0.827,0.731,0.173,0.288,0.500,0.684,0.487,1.000,0.731,0.504,0.711,0.273,0.454,0.548,0.530,0.394,0.603,0.653,0.509,0.691,0.762,0.614,0.121,0.114,0.136,0.545,0.106,0.030,0.303,0.044,0.516,0.499,0.393,0.418,0.379,0.379,0.417,0.419,0.531,0.422
polarized-appointments,Polarized appointments,"High appointment polarization, higher partisan pressure, and lower public trust.",rights-impact-statement-review,Rights-impact statements before review,synthetic_mechanism,rights_impact_statement,pipeline,mixed_state_federal/state_federal_split,1521,1521,1763,242,1.000,0.863,0.935,0.808,0.058,0.490,0.348,0.722,0.767,0.257,0.490,0.273,0.861,0.656,3.000,0.780,0.579,0.718,0.283,0.466,0.566,0.530,0.371,0.596,0.659,0.515,0.689,0.768,0.580,0.161,0.139,0.202,0.583,0.108,0.070,0.340,0.042,0.510,0.472,0.365,0.420,0.468,0.366,0.438,0.500,0.545,0.454
polarized-appointments,Polarized appointments,"High appointment polarization, higher partisan pressure, and lower public trust.",rights-impact-statement-review,Rights-impact statements before review,synthetic_mechanism,rights_impact_statement,pipeline,state/circuit_en_banc,92,92,102,10,1.000,0.902,0.987,0.842,0.037,0.000,0.000,0.700,0.600,0.000,0.000,0.000,0.780,0.664,3.000,0.479,0.519,0.766,0.190,0.532,0.551,0.504,0.399,0.606,0.697,0.520,0.689,0.737,0.598,0.174,0.109,0.163,0.620,0.098,0.043,0.565,0.050,0.516,0.481,0.382,0.419,0.453,0.361,0.434,0.497,0.544,0.449
polarized-appointments,Polarized appointments,"High appointment polarization, higher partisan pressure, and lower public trust.",rights-impact-statement-review,Rights-impact statements before review,synthetic_mechanism,rights_impact_statement,pipeline,state/circuit_panel,591,591,683,92,1.000,0.865,0.946,0.797,0.060,0.415,0.250,0.745,0.755,0.368,0.415,0.321,0.607,0.571,2.000,0.558,0.470,0.725,0.239,0.479,0.561,0.537,0.369,0.606,0.670,0.497,0.691,0.747,0.609,0.132,0.118,0.162,0.607,0.088,0.039,0.406,0.039,0.482,0.441,0.337,0.416,0.398,0.358,0.419,0.456,0.528,0.427
polarized-appointments,Polarized appointments,"High appointment polarization, higher partisan pressure, and lower public trust.",rights-impact-statement-review,Rights-impact statements before review,synthetic_mechanism,rights_impact_statement,pipeline,state/district_only,126,126,176,50,1.000,0.716,0.943,0.784,0.114,0.283,0.078,0.849,0.830,0.264,0.283,0.566,0.624,0.484,1.000,0.542,0.447,0.719,0.244,0.479,0.549,0.522,0.393,0.607,0.662,0.507,0.691,0.746,0.619,0.135,0.095,0.159,0.587,0.087,0.016,0.421,0.041,0.519,0.500,0.362,0.415,0.369,0.374,0.413,0.415,0.525,0.416
polarized-appointments,Polarized appointments,"High appointment polarization, higher partisan pressure, and lower public trust.",rights-impact-statement-review,Rights-impact statements before review,synthetic_mechanism,rights_impact_statement,pipeline,state/state_federal_split,1281,1281,1479,198,1.000,0.866,0.941,0.803,0.055,0.455,0.332,0.737,0.712,0.293,0.455,0.263,0.831,0.650,3.000,0.592,0.527,0.724,0.254,0.483,0.569,0.535,0.372,0.600,0.667,0.511,0.689,0.752,0.589,0.152,0.109,0.196,0.588,0.099,0.053,0.380,0.042,0.516,0.483,0.378,0.418,0.460,0.363,0.435,0.497,0.541,0.451
polarized-appointments,Polarized appointments,"High appointment polarization, higher partisan pressure, and lower public trust.",rights-impact-statement-review,Rights-impact statements before review,synthetic_mechanism,rights_impact_statement,pipeline,state/state_high_court,1308,1308,1494,186,1.000,0.876,0.943,0.797,0.054,0.485,0.331,0.765,0.745,0.250,0.485,0.304,0.627,0.573,2.000,0.543,0.477,0.723,0.243,0.486,0.568,0.544,0.361,0.605,0.670,0.494,0.690,0.746,0.614,0.144,0.095,0.164,0.597,0.096,0.054,0.383,0.039,0.497,0.468,0.358,0.415,0.401,0.356,0.420,0.461,0.527,0.428
polarized-appointments,Polarized appointments,"High appointment polarization, higher partisan pressure, and lower public trust.",mandatory-legislative-response,Mandatory legislative response cycles,synthetic_mechanism,mandatory_legislative_response,pipeline,federal/circuit_en_banc,961,961,1040,79,1.000,0.924,0.945,0.734,0.002,0.232,0.256,0.829,0.707,0.134,0.175,1.000,0.720,0.652,3.000,0.386,0.476,0.749,0.176,0.474,0.565,0.525,0.379,0.617,0.669,0.252,0.606,0.940,0.544,0.155,0.131,0.197,0.570,0.156,0.055,0.464,0.046,0.559,0.618,0.368,0.313,0.491,0.294,0.343,0.436,0.516,0.402
polarized-appointments,Polarized appointments,"High appointment polarization, higher partisan pressure, and lower public trust.",mandatory-legislative-response,Mandatory legislative response cycles,synthetic_mechanism,mandatory_legislative_response,pipeline,federal/circuit_panel,2028,2028,2256,228,1.000,0.899,0.909,0.710,0.003,0.376,0.419,0.892,0.708,0.112,0.259,1.000,0.570,0.564,2.000,0.407,0.436,0.746,0.182,0.471,0.577,0.545,0.364,0.619,0.663,0.207,0.607,0.941,0.569,0.129,0.140,0.168,0.592,0.113,0.058,0.461,0.042,0.562,0.626,0.361,0.311,0.439,0.291,0.329,0.403,0.507,0.382
polarized-appointments,Polarized appointments,"High appointment polarization, higher partisan pressure, and lower public trust.",mandatory-legislative-response,Mandatory legislative response cycles,synthetic_mechanism,mandatory_legislative_response,pipeline,federal/district_only,555,555,639,84,1.000,0.869,0.917,0.714,0.003,0.207,0.380,0.837,0.641,0.076,0.097,1.000,0.484,0.478,1.000,0.405,0.407,0.747,0.176,0.472,0.574,0.545,0.369,0.623,0.666,0.202,0.608,0.939,0.582,0.137,0.133,0.115,0.544,0.108,0.054,0.445,0.039,0.558,0.627,0.357,0.308,0.394,0.289,0.318,0.364,0.497,0.364
polarized-appointments,Polarized appointments,"High appointment polarization, higher partisan pressure, and lower public trust.",mandatory-legislative-response,Mandatory legislative response cycles,synthetic_mechanism,mandatory_legislative_response,pipeline,federal/state_federal_split,214,214,230,16,1.000,0.930,0.918,0.723,0.002,0.375,0.341,0.875,0.875,0.250,0.545,1.000,0.869,0.658,3.000,0.535,0.519,0.738,0.209,0.468,0.572,0.529,0.364,0.612,0.658,0.246,0.606,0.953,0.523,0.131,0.168,0.234,0.603,0.131,0.093,0.425,0.037,0.556,0.600,0.349,0.313,0.509,0.294,0.346,0.444,0.520,0.407
polarized-appointments,Polarized appointments,"High appointment polarization, higher partisan pressure, and lower public trust.",mandatory-legislative-response,Mandatory legislative response cycles,synthetic_mechanism,mandatory_legislative_response,pipeline,mixed_state_federal/circuit_en_banc,791,791,880,89,1.000,0.899,0.916,0.720,0.003,0.404,0.355,0.888,0.809,0.067,0.404,1.000,0.802,0.643,3.000,0.752,0.556,0.735,0.234,0.474,0.568,0.527,0.376,0.609,0.653,0.244,0.606,0.970,0.547,0.164,0.153,0.215,0.518,0.142,0.082,0.292,0.038,0.576,0.635,0.383,0.315,0.506,0.301,0.347,0.439,0.524,0.408
polarized-appointments,Polarized appointments,"High appointment polarization, higher partisan pressure, and lower public trust.",mandatory-legislative-response,Mandatory legislative response cycles,synthetic_mechanism,mandatory_legislative_response,pipeline,mixed_state_federal/district_only,132,132,175,43,1.000,0.754,0.910,0.713,0.011,0.302,0.303,0.907,0.814,0.163,0.302,1.000,0.684,0.487,1.000,0.731,0.504,0.730,0.221,0.462,0.558,0.533,0.394,0.616,0.649,0.241,0.607,0.966,0.553,0.167,0.136,0.212,0.561,0.136,0.053,0.303,0.036,0.609,0.668,0.406,0.312,0.426,0.311,0.327,0.364,0.509,0.377
polarized-appointments,Polarized appointments,"High appointment polarization, higher partisan pressure, and lower public trust.",mandatory-legislative-response,Mandatory legislative response cycles,synthetic_mechanism,mandatory_legislative_response,pipeline,mixed_state_federal/state_federal_split,1521,1521,1687,166,1.000,0.902,0.891,0.702,0.003,0.449,0.492,0.868,0.725,0.108,0.449,1.000,0.861,0.656,3.000,0.780,0.579,0.734,0.248,0.467,0.580,0.533,0.371,0.607,0.646,0.224,0.606,0.974,0.511,0.187,0.152,0.249,0.548,0.127,0.079,0.288,0.039,0.578,0.621,0.365,0.316,0.514,0.301,0.349,0.448,0.528,0.412
polarized-appointments,Polarized appointments,"High appointment polarization, higher partisan pressure, and lower public trust.",mandatory-legislative-response,Mandatory legislative response cycles,synthetic_mechanism,mandatory_legislative_response,pipeline,state/circuit_en_banc,92,92,98,6,1.000,0.939,0.987,0.776,0.000,0.000,0.033,1.000,1.000,0.000,0.000,1.000,0.780,0.664,3.000,0.479,0.519,0.751,0.188,0.531,0.551,0.507,0.399,0.615,0.684,0.298,0.606,0.947,0.587,0.185,0.130,0.228,0.543,0.130,0.022,0.489,0.039,0.544,0.583,0.388,0.315,0.500,0.296,0.346,0.433,0.515,0.403
polarized-appointments,Polarized appointments,"High appointment polarization, higher partisan pressure, and lower public trust.",mandatory-legislative-response,Mandatory legislative response cycles,synthetic_mechanism,mandatory_legislative_response,pipeline,state/circuit_panel,591,591,648,57,1.000,0.912,0.911,0.712,0.004,0.500,0.404,0.855,0.806,0.194,0.500,1.000,0.607,0.571,2.000,0.558,0.470,0.742,0.202,0.474,0.572,0.540,0.369,0.617,0.660,0.215,0.607,0.953,0.574,0.140,0.149,0.173,0.579,0.118,0.068,0.345,0.038,0.562,0.614,0.350,0.311,0.445,0.291,0.331,0.404,0.509,0.384
polarized-appointments,Polarized appointments,"High appointment polarization, higher partisan pressure, and lower public trust.",mandatory-legislative-response,Mandatory legislative response cycles,synthetic_mechanism,mandatory_legislative_response,pipeline,state/district_only,126,126,167,41,1.000,0.754,0.927,0.715,0.012,0.279,0.246,0.907,0.721,0.140,0.279,1.000,0.624,0.484,1.000,0.542,0.447,0.742,0.192,0.489,0.560,0.526,0.393,0.620,0.661,0.235,0.608,0.950,0.548,0.095,0.135,0.198,0.516,0.079,0.056,0.302,0.041,0.594,0.646,0.388,0.311,0.415,0.307,0.324,0.362,0.504,0.373
polarized-appointments,Polarized appointments,"High appointment polarization, higher partisan pressure, and lower public trust.",mandatory-legislative-response,Mandatory legislative response cycles,synthetic_mechanism,mandatory_legislative_response,pipeline,state/state_federal_split,1281,1281,1394,113,1.000,0.919,0.897,0.706,0.003,0.460,0.462,0.850,0.717,0.106,0.460,1.000,0.831,0.650,3.000,0.592,0.527,0.739,0.219,0.475,0.581,0.539,0.372,0.611,0.654,0.223,0.606,0.958,0.514,0.169,0.151,0.215,0.555,0.116,0.070,0.320,0.039,0.569,0.620,0.371,0.314,0.506,0.296,0.346,0.446,0.523,0.408
polarized-appointments,Polarized appointments,"High appointment polarization, higher partisan pressure, and lower public trust.",mandatory-legislative-response,Mandatory legislative response cycles,synthetic_mechanism,mandatory_legislative_response,pipeline,state/state_high_court,1308,1308,1410,102,1.000,0.928,0.898,0.705,0.003,0.528,0.483,0.880,0.787,0.102,0.528,1.000,0.627,0.573,2.000,0.543,0.477,0.741,0.204,0.477,0.580,0.548,0.361,0.616,0.659,0.200,0.607,0.952,0.558,0.154,0.157,0.190,0.570,0.112,0.081,0.351,0.033,0.573,0.631,0.372,0.311,0.447,0.289,0.331,0.411,0.510,0.385
rights-threat-surge,Rights-threat surge,Docket contains more laws or actions with high generated rights-risk signals.,current-federal-court,Current-style federal supreme court,court_variant,strong_form_court,pipeline,federal/circuit_en_banc,917,917,38280,37363,1.000,0.024,0.771,0.668,0.396,0.815,0.548,0.031,0.388,0.549,0.728,0.000,0.763,0.648,3.000,0.433,0.510,0.576,0.347,0.409,0.524,0.447,0.346,0.609,0.563,0.513,0.643,0.747,0.362,0.285,0.168,0.346,0.366,0.240,0.081,0.287,0.022,0.966,0.914,0.816,0.308,0.716,0.422,0.386,0.455,0.440,0.461
rights-threat-surge,Rights-threat surge,Docket contains more laws or actions with high generated rights-risk signals.,current-federal-court,Current-style federal supreme court,court_variant,strong_form_court,pipeline,federal/circuit_panel,1944,1944,81871,79927,1.000,0.024,0.740,0.685,0.427,0.876,0.727,0.037,0.409,0.584,0.765,0.000,0.608,0.567,2.000,0.451,0.469,0.573,0.368,0.417,0.530,0.469,0.330,0.611,0.564,0.494,0.644,0.750,0.390,0.297,0.157,0.307,0.351,0.207,0.071,0.282,0.019,0.970,0.916,0.825,0.305,0.663,0.418,0.372,0.418,0.427,0.440
rights-threat-surge,Rights-threat surge,Docket contains more laws or actions with high generated rights-risk signals.,current-federal-court,Current-style federal supreme court,court_variant,strong_form_court,pipeline,federal/district_only,554,554,23517,22963,1.000,0.024,0.711,0.686,0.465,0.932,0.811,0.043,0.434,0.616,0.859,0.000,0.521,0.490,1.000,0.458,0.448,0.563,0.384,0.413,0.529,0.481,0.327,0.613,0.558,0.483,0.645,0.752,0.375,0.296,0.182,0.310,0.374,0.191,0.081,0.287,0.023,0.968,0.911,0.823,0.303,0.618,0.415,0.361,0.381,0.418,0.422
rights-threat-surge,Rights-threat surge,Docket contains more laws or actions with high generated rights-risk signals.,current-federal-court,Current-style federal supreme court,court_variant,strong_form_court,pipeline,federal/state_federal_split,178,178,7069,6891,1.000,0.025,0.739,0.668,0.417,0.869,0.691,0.036,0.405,0.548,0.883,0.000,0.918,0.663,3.000,0.571,0.553,0.563,0.383,0.399,0.526,0.454,0.335,0.605,0.550,0.516,0.642,0.761,0.393,0.247,0.191,0.388,0.337,0.219,0.096,0.208,0.009,0.985,0.947,0.856,0.309,0.732,0.423,0.390,0.461,0.443,0.466
rights-threat-surge,Rights-threat surge,Docket contains more laws or actions with high generated rights-risk signals.,current-federal-court,Current-style federal supreme court,court_variant,strong_form_court,pipeline,mixed_state_federal/circuit_en_banc,915,915,36575,35660,1.000,0.025,0.743,0.669,0.395,0.856,0.669,0.024,0.399,0.547,0.856,0.000,0.845,0.652,3.000,0.795,0.596,0.563,0.407,0.405,0.523,0.452,0.344,0.602,0.549,0.516,0.642,0.778,0.330,0.342,0.165,0.358,0.372,0.228,0.068,0.105,0.021,0.969,0.914,0.822,0.310,0.728,0.425,0.390,0.457,0.445,0.466
rights-threat-surge,Rights-threat surge,Docket contains more laws or actions with high generated rights-risk signals.,current-federal-court,Current-style federal supreme court,court_variant,strong_form_court,pipeline,mixed_state_federal/district_only,138,138,5449,5311,1.000,0.025,0.658,0.645,0.573,0.881,0.852,0.071,0.381,0.690,0.881,0.000,0.723,0.476,1.000,0.785,0.536,0.521,0.464,0.378,0.522,0.465,0.379,0.603,0.519,0.501,0.644,0.784,0.355,0.312,0.130,0.297,0.312,0.283,0.058,0.072,0.023,0.967,0.907,0.831,0.306,0.641,0.425,0.368,0.380,0.428,0.431
rights-threat-surge,Rights-threat surge,Docket contains more laws or actions with high generated rights-risk signals.,current-federal-court,Current-style federal supreme court,court_variant,strong_form_court,pipeline,mixed_state_federal/state_federal_split,1595,1595,62642,61047,1.000,0.025,0.725,0.673,0.399,0.934,0.807,0.038,0.410,0.569,0.934,0.000,0.897,0.659,3.000,0.823,0.613,0.563,0.425,0.406,0.530,0.459,0.331,0.600,0.546,0.514,0.642,0.782,0.355,0.343,0.158,0.386,0.368,0.218,0.061,0.103,0.019,0.971,0.915,0.818,0.310,0.734,0.424,0.391,0.461,0.445,0.468
rights-threat-surge,Rights-threat surge,Docket contains more laws or actions with high generated rights-risk signals.,current-federal-court,Current-style federal supreme court,court_variant,strong_form_court,pipeline,state/circuit_en_banc,91,91,3916,3825,1.000,0.023,0.835,0.668,0.281,0.531,0.305,0.031,0.375,0.563,0.531,0.000,0.822,0.666,3.000,0.503,0.548,0.595,0.303,0.443,0.524,0.417,0.384,0.613,0.578,0.530,0.642,0.746,0.341,0.231,0.198,0.374,0.407,0.220,0.154,0.154,0.019,0.971,0.937,0.866,0.309,0.727,0.419,0.389,0.461,0.444,0.465
rights-threat-surge,Rights-threat surge,Docket contains more laws or actions with high generated rights-risk signals.,current-federal-court,Current-style federal supreme court,court_variant,strong_form_court,pipeline,state/circuit_panel,608,608,25213,24605,1.000,0.024,0.740,0.684,0.406,0.902,0.720,0.029,0.409,0.554,0.902,0.000,0.660,0.572,2.000,0.613,0.510,0.572,0.386,0.403,0.529,0.466,0.333,0.609,0.558,0.498,0.644,0.763,0.324,0.322,0.192,0.355,0.365,0.192,0.090,0.161,0.020,0.968,0.913,0.830,0.306,0.670,0.417,0.375,0.420,0.429,0.443
rights-threat-surge,Rights-threat surge,Docket contains more laws or actions with high generated rights-risk signals.,current-federal-court,Current-style federal supreme court,court_variant,strong_form_court,pipeline,state/district_only,120,120,4799,4679,1.000,0.025,0.656,0.626,0.659,0.940,0.806,0.048,0.464,0.619,0.940,0.000,0.672,0.487,1.000,0.594,0.496,0.501,0.452,0.340,0.516,0.468,0.374,0.604,0.509,0.497,0.644,0.770,0.358,0.308,0.150,0.358,0.300,0.267,0.050,0.167,0.017,0.972,0.910,0.822,0.306,0.633,0.430,0.366,0.378,0.427,0.430
rights-threat-surge,Rights-threat surge,Docket contains more laws or actions with high generated rights-risk signals.,current-federal-court,Current-style federal supreme court,court_variant,strong_form_court,pipeline,state/state_federal_split,1252,1252,49568,48316,1.000,0.025,0.732,0.675,0.396,0.918,0.790,0.043,0.384,0.569,0.918,0.000,0.883,0.655,3.000,0.641,0.563,0.569,0.397,0.390,0.532,0.464,0.336,0.603,0.550,0.513,0.642,0.767,0.339,0.323,0.180,0.403,0.347,0.212,0.086,0.134,0.021,0.970,0.915,0.828,0.309,0.729,0.421,0.389,0.460,0.442,0.465
rights-threat-surge,Rights-threat surge,Docket contains more laws or actions with high generated rights-risk signals.,current-federal-court,Current-style federal supreme court,court_variant,strong_form_court,pipeline,state/state_high_court,1288,1288,52474,51186,1.000,0.025,0.730,0.700,0.403,0.939,0.838,0.024,0.391,0.551,0.939,0.000,0.658,0.574,2.000,0.590,0.508,0.577,0.389,0.408,0.531,0.478,0.320,0.608,0.562,0.490,0.644,0.762,0.367,0.310,0.189,0.332,0.363,0.200,0.086,0.158,0.020,0.971,0.917,0.820,0.306,0.669,0.415,0.374,0.424,0.428,0.442
rights-threat-surge,Rights-threat surge,Docket contains more laws or actions with high generated rights-risk signals.,eighteen-year-terms,Staggered 18-year nonrenewable terms,court_variant,strong_form_court,pipeline,federal/circuit_en_banc,917,917,38231,37314,1.000,0.024,0.780,0.669,0.398,0.745,0.494,0.021,0.424,0.536,0.647,0.000,0.763,0.648,3.000,0.433,0.510,0.583,0.342,0.411,0.523,0.447,0.346,0.609,0.566,0.505,0.643,0.747,0.362,0.293,0.169,0.332,0.356,0.221,0.070,0.291,0.022,0.964,0.910,0.819,0.312,0.716,0.437,0.390,0.456,0.443,0.466
rights-threat-surge,Rights-threat surge,Docket contains more laws or actions with high generated rights-risk signals.,eighteen-year-terms,Staggered 18-year nonrenewable terms,court_variant,strong_form_court,pipeline,federal/circuit_panel,1944,1944,81707,79763,1.000,0.024,0.744,0.683,0.440,0.852,0.690,0.035,0.411,0.576,0.726,0.000,0.608,0.567,2.000,0.451,0.469,0.575,0.368,0.417,0.528,0.469,0.330,0.610,0.564,0.486,0.644,0.750,0.366,0.296,0.171,0.333,0.359,0.211,0.073,0.269,0.019,0.968,0.913,0.828,0.310,0.662,0.434,0.377,0.419,0.430,0.445
rights-threat-surge,Rights-threat surge,Docket contains more laws or actions with high generated rights-risk signals.,eighteen-year-terms,Staggered 18-year nonrenewable terms,court_variant,strong_form_court,pipeline,federal/district_only,554,554,23597,23043,1.000,0.023,0.723,0.691,0.443,0.906,0.771,0.060,0.425,0.617,0.836,0.000,0.521,0.490,1.000,0.458,0.448,0.574,0.375,0.419,0.531,0.481,0.327,0.613,0.564,0.475,0.645,0.751,0.370,0.255,0.199,0.327,0.388,0.199,0.090,0.265,0.022,0.967,0.909,0.820,0.307,0.618,0.427,0.365,0.383,0.420,0.426
rights-threat-surge,Rights-threat surge,Docket contains more laws or actions with high generated rights-risk signals.,eighteen-year-terms,Staggered 18-year nonrenewable terms,court_variant,strong_form_court,pipeline,federal/state_federal_split,178,178,7083,6905,1.000,0.025,0.754,0.677,0.378,0.769,0.660,0.013,0.346,0.551,0.778,0.000,0.918,0.663,3.000,0.571,0.553,0.580,0.368,0.412,0.529,0.454,0.335,0.605,0.560,0.508,0.643,0.759,0.320,0.253,0.197,0.365,0.331,0.219,0.079,0.242,0.010,0.982,0.943,0.859,0.313,0.732,0.436,0.394,0.463,0.445,0.471
rights-threat-surge,Rights-threat surge,Docket contains more laws or actions with high generated rights-risk signals.,eighteen-year-terms,Staggered 18-year nonrenewable terms,court_variant,strong_form_court,pipeline,mixed_state_federal/circuit_en_banc,915,915,36511,35596,1.000,0.025,0.749,0.669,0.401,0.816,0.640,0.019,0.382,0.561,0.816,0.000,0.845,0.652,3.000,0.795,0.596,0.569,0.405,0.407,0.523,0.452,0.344,0.601,0.551,0.508,0.643,0.778,0.360,0.346,0.142,0.373,0.361,0.220,0.063,0.099,0.021,0.969,0.912,0.820,0.315,0.728,0.440,0.395,0.458,0.448,0.471
rights-threat-surge,Rights-threat surge,Docket contains more laws or actions with high generated rights-risk signals.,eighteen-year-terms,Staggered 18-year nonrenewable terms,court_variant,strong_form_court,pipeline,mixed_state_federal/district_only,138,138,5448,5310,1.000,0.025,0.664,0.642,0.594,0.907,0.750,0.058,0.419,0.686,0.907,0.000,0.723,0.476,1.000,0.785,0.536,0.523,0.463,0.380,0.520,0.465,0.379,0.602,0.519,0.492,0.645,0.784,0.268,0.435,0.130,0.493,0.268,0.210,0.065,0.109,0.023,0.965,0.902,0.849,0.311,0.641,0.442,0.373,0.381,0.431,0.436
rights-threat-surge,Rights-threat surge,Docket contains more laws or actions with high generated rights-risk signals.,eighteen-year-terms,Staggered 18-year nonrenewable terms,court_variant,strong_form_court,pipeline,mixed_state_federal/state_federal_split,1595,1595,62580,60985,1.000,0.025,0.731,0.674,0.403,0.906,0.759,0.050,0.411,0.568,0.906,0.000,0.897,0.659,3.000,0.823,0.613,0.567,0.422,0.409,0.529,0.459,0.331,0.599,0.549,0.505,0.643,0.782,0.317,0.355,0.194,0.397,0.355,0.224,0.096,0.113,0.019,0.970,0.912,0.821,0.314,0.734,0.438,0.396,0.463,0.448,0.473
rights-threat-surge,Rights-threat surge,Docket contains more laws or actions with high generated rights-risk signals.,eighteen-year-terms,Staggered 18-year nonrenewable terms,court_variant,strong_form_court,pipeline,state/circuit_en_banc,91,91,3903,3812,1.000,0.023,0.854,0.670,0.286,0.412,0.211,0.000,0.500,0.441,0.412,0.000,0.822,0.666,3.000,0.503,0.548,0.606,0.296,0.456,0.521,0.417,0.384,0.613,0.586,0.521,0.643,0.745,0.341,0.286,0.187,0.374,0.385,0.253,0.044,0.198,0.019,0.971,0.936,0.858,0.313,0.727,0.435,0.393,0.462,0.447,0.470
rights-threat-surge,Rights-threat surge,Docket contains more laws or actions with high generated rights-risk signals.,eighteen-year-terms,Staggered 18-year nonrenewable terms,court_variant,strong_form_court,pipeline,state/circuit_panel,608,608,25194,24586,1.000,0.024,0.750,0.687,0.407,0.837,0.666,0.043,0.397,0.567,0.837,0.000,0.660,0.572,2.000,0.613,0.510,0.579,0.381,0.412,0.528,0.466,0.333,0.608,0.562,0.489,0.644,0.762,0.370,0.286,0.174,0.326,0.373,0.227,0.082,0.173,0.022,0.966,0.910,0.833,0.311,0.670,0.433,0.379,0.422,0.432,0.448
rights-threat-surge,Rights-threat surge,Docket contains more laws or actions with high generated rights-risk signals.,eighteen-year-terms,Staggered 18-year nonrenewable terms,court_variant,strong_form_court,pipeline,state/district_only,120,120,4824,4704,1.000,0.025,0.669,0.639,0.614,0.873,0.780,0.063,0.354,0.658,0.873,0.000,0.672,0.487,1.000,0.594,0.496,0.516,0.439,0.359,0.519,0.468,0.374,0.605,0.520,0.489,0.645,0.769,0.308,0.342,0.175,0.342,0.417,0.117,0.083,0.142,0.019,0.968,0.903,0.802,0.310,0.633,0.441,0.370,0.381,0.428,0.434
rights-threat-surge,Rights-threat surge,Docket contains more laws or actions with high generated rights-risk signals.,eighteen-year-terms,Staggered 18-year nonrenewable terms,court_variant,strong_form_court,pipeline,state/state_federal_split,1252,1252,49531,48279,1.000,0.025,0.736,0.677,0.398,0.898,0.751,0.038,0.376,0.579,0.898,0.000,0.883,0.655,3.000,0.641,0.563,0.574,0.393,0.397,0.532,0.464,0.336,0.603,0.553,0.504,0.643,0.767,0.356,0.300,0.177,0.358,0.389,0.187,0.084,0.164,0.021,0.968,0.910,0.827,0.313,0.729,0.436,0.394,0.462,0.445,0.470
rights-threat-surge,Rights-threat surge,Docket contains more laws or actions with high generated rights-risk signals.,eighteen-year-terms,Staggered 18-year nonrenewable terms,court_variant,strong_form_court,pipeline,state/state_high_court,1288,1288,52508,51220,1.000,0.025,0.737,0.700,0.397,0.917,0.803,0.046,0.461,0.553,0.917,0.000,0.658,0.574,2.000,0.590,0.508,0.584,0.385,0.412,0.531,0.478,0.320,0.608,0.565,0.482,0.644,0.761,0.378,0.300,0.173,0.326,0.347,0.203,0.074,0.159,0.021,0.970,0.914,0.824,0.310,0.669,0.430,0.378,0.426,0.431,0.447
rights-threat-surge,Rights-threat surge,Docket contains more laws or actions with high generated rights-risk signals.,fifteen-justice-commission,Fifteen-justice supermajority commission court,court_variant,strong_form_court,pipeline,federal/circuit_en_banc,917,917,39451,38534,1.000,0.023,0.862,0.712,0.068,0.706,0.508,0.687,0.687,0.288,0.558,0.399,0.763,0.648,3.000,0.433,0.510,0.699,0.252,0.460,0.556,0.447,0.346,0.614,0.625,0.421,0.643,0.736,0.460,0.214,0.155,0.253,0.474,0.177,0.072,0.321,0.035,0.940,0.893,0.704,0.365,0.718,0.423,0.444,0.463,0.460,0.481
rights-threat-surge,Rights-threat surge,Docket contains more laws or actions with high generated rights-risk signals.,fifteen-justice-commission,Fifteen-justice supermajority commission court,court_variant,strong_form_court,pipeline,federal/circuit_panel,1944,1944,84560,82616,1.000,0.023,0.821,0.736,0.076,0.769,0.697,0.684,0.617,0.301,0.598,0.458,0.608,0.567,2.000,0.451,0.469,0.697,0.275,0.476,0.568,0.469,0.330,0.616,0.628,0.402,0.644,0.739,0.436,0.230,0.177,0.252,0.458,0.177,0.086,0.333,0.030,0.945,0.897,0.720,0.362,0.665,0.420,0.431,0.426,0.447,0.460
rights-threat-surge,Rights-threat surge,Docket contains more laws or actions with high generated rights-risk signals.,fifteen-justice-commission,Fifteen-justice supermajority commission court,court_variant,strong_form_court,pipeline,federal/district_only,554,554,24245,23691,1.000,0.023,0.790,0.743,0.088,0.743,0.781,0.693,0.614,0.250,0.625,0.571,0.521,0.490,1.000,0.458,0.448,0.692,0.288,0.481,0.572,0.480,0.327,0.618,0.626,0.391,0.645,0.740,0.458,0.222,0.200,0.245,0.460,0.170,0.094,0.291,0.033,0.945,0.894,0.715,0.360,0.620,0.418,0.420,0.388,0.438,0.442
rights-threat-surge,Rights-threat surge,Docket contains more laws or actions with high generated rights-risk signals.,fifteen-justice-commission,Fifteen-justice supermajority commission court,court_variant,strong_form_court,pipeline,federal/state_federal_split,178,178,7302,7124,1.000,0.024,0.837,0.720,0.056,0.680,0.602,0.600,0.480,0.360,0.739,0.320,0.918,0.663,3.000,0.571,0.553,0.695,0.277,0.460,0.560,0.454,0.335,0.611,0.619,0.424,0.643,0.748,0.421,0.247,0.152,0.315,0.489,0.140,0.101,0.258,0.016,0.958,0.925,0.748,0.366,0.734,0.422,0.449,0.470,0.462,0.486
rights-threat-surge,Rights-threat surge,Docket contains more laws or actions with high generated rights-risk signals.,fifteen-justice-commission,Fifteen-justice supermajority commission court,court_variant,strong_form_court,pipeline,mixed_state_federal/circuit_en_banc,915,915,37525,36610,1.000,0.024,0.826,0.715,0.079,0.726,0.618,0.670,0.676,0.352,0.726,0.358,0.845,0.652,3.000,0.795,0.596,0.683,0.317,0.458,0.556,0.451,0.344,0.607,0.610,0.423,0.643,0.768,0.399,0.304,0.173,0.293,0.432,0.196,0.090,0.183,0.030,0.947,0.896,0.711,0.367,0.730,0.428,0.449,0.465,0.466,0.486
rights-threat-surge,Rights-threat surge,Docket contains more laws or actions with high generated rights-risk signals.,fifteen-justice-commission,Fifteen-justice supermajority commission court,court_variant,strong_form_court,pipeline,mixed_state_federal/district_only,138,138,5565,5427,1.000,0.025,0.738,0.701,0.146,0.807,0.769,0.719,0.667,0.386,0.807,0.632,0.723,0.476,1.000,0.785,0.536,0.655,0.354,0.449,0.567,0.465,0.379,0.609,0.589,0.411,0.644,0.770,0.384,0.312,0.167,0.377,0.377,0.232,0.080,0.196,0.031,0.945,0.889,0.723,0.365,0.642,0.434,0.428,0.386,0.450,0.452
rights-threat-surge,Rights-threat surge,Docket contains more laws or actions with high generated rights-risk signals.,fifteen-justice-commission,Fifteen-justice supermajority commission court,court_variant,strong_form_court,pipeline,mixed_state_federal/state_federal_split,1595,1595,64324,62729,1.000,0.025,0.805,0.731,0.064,0.847,0.743,0.698,0.653,0.282,0.847,0.439,0.897,0.659,3.000,0.823,0.613,0.686,0.335,0.468,0.567,0.459,0.331,0.605,0.612,0.421,0.643,0.772,0.435,0.282,0.166,0.279,0.427,0.206,0.078,0.180,0.029,0.948,0.895,0.713,0.367,0.736,0.425,0.450,0.469,0.465,0.487
rights-threat-surge,Rights-threat surge,Docket contains more laws or actions with high generated rights-risk signals.,fifteen-justice-commission,Fifteen-justice supermajority commission court,court_variant,strong_form_court,pipeline,state/circuit_en_banc,91,91,4008,3917,1.000,0.023,0.937,0.673,0.059,0.231,0.154,0.615,0.769,0.154,0.231,0.000,0.822,0.666,3.000,0.503,0.548,0.700,0.220,0.488,0.538,0.417,0.384,0.616,0.629,0.437,0.643,0.736,0.385,0.231,0.143,0.363,0.429,0.165,0.066,0.253,0.030,0.948,0.914,0.750,0.367,0.728,0.427,0.448,0.468,0.465,0.486
rights-threat-surge,Rights-threat surge,Docket contains more laws or actions with high generated rights-risk signals.,fifteen-justice-commission,Fifteen-justice supermajority commission court,court_variant,strong_form_court,pipeline,state/circuit_panel,608,608,25953,25345,1.000,0.023,0.821,0.733,0.075,0.792,0.678,0.725,0.650,0.283,0.792,0.458,0.660,0.572,2.000,0.613,0.510,0.694,0.296,0.468,0.566,0.466,0.333,0.613,0.622,0.405,0.644,0.752,0.403,0.247,0.199,0.245,0.439,0.173,0.104,0.220,0.032,0.947,0.898,0.731,0.364,0.672,0.421,0.434,0.428,0.450,0.463
rights-threat-surge,Rights-threat surge,Docket contains more laws or actions with high generated rights-risk signals.,fifteen-justice-commission,Fifteen-justice supermajority commission court,court_variant,strong_form_court,pipeline,state/district_only,120,120,4941,4821,1.000,0.024,0.767,0.706,0.149,0.604,0.729,0.642,0.585,0.340,0.604,0.547,0.672,0.487,1.000,0.594,0.496,0.663,0.313,0.452,0.562,0.468,0.374,0.614,0.602,0.405,0.645,0.753,0.383,0.283,0.175,0.283,0.442,0.183,0.083,0.225,0.027,0.950,0.896,0.695,0.363,0.635,0.433,0.425,0.386,0.447,0.450
rights-threat-surge,Rights-threat surge,Docket contains more laws or actions with high generated rights-risk signals.,fifteen-justice-commission,Fifteen-justice supermajority commission court,court_variant,strong_form_court,pipeline,state/state_federal_split,1252,1252,50874,49622,1.000,0.025,0.808,0.733,0.061,0.788,0.736,0.740,0.620,0.308,0.788,0.481,0.883,0.655,3.000,0.641,0.563,0.691,0.306,0.458,0.570,0.464,0.336,0.608,0.616,0.420,0.643,0.756,0.462,0.243,0.165,0.256,0.433,0.183,0.081,0.188,0.031,0.949,0.898,0.719,0.366,0.731,0.423,0.448,0.468,0.462,0.485
rights-threat-surge,Rights-threat surge,Docket contains more laws or actions with high generated rights-risk signals.,fifteen-justice-commission,Fifteen-justice supermajority commission court,court_variant,strong_form_court,pipeline,state/state_high_court,1288,1288,53998,52710,1.000,0.024,0.799,0.754,0.069,0.860,0.820,0.725,0.646,0.262,0.860,0.467,0.658,0.574,2.000,0.590,0.508,0.698,0.306,0.466,0.572,0.478,0.320,0.612,0.624,0.398,0.644,0.752,0.436,0.259,0.191,0.235,0.439,0.173,0.107,0.232,0.030,0.949,0.898,0.708,0.363,0.671,0.418,0.433,0.432,0.448,0.462
rights-threat-surge,Rights-threat surge,Docket contains more laws or actions with high generated rights-risk signals.,supermajority-invalidation,Supermajority required to invalidate laws,court_variant,strong_form_court,pipeline,federal/circuit_en_banc,917,917,39437,38520,1.000,0.023,0.873,0.707,0.072,0.701,0.483,0.725,0.581,0.287,0.612,0.371,0.763,0.648,3.000,0.433,0.510,0.677,0.252,0.455,0.546,0.447,0.346,0.613,0.621,0.430,0.642,0.740,0.447,0.209,0.168,0.253,0.454,0.184,0.075,0.327,0.032,0.941,0.895,0.708,0.306,0.718,0.402,0.385,0.460,0.497,0.468
rights-threat-surge,Rights-threat surge,Docket contains more laws or actions with high generated rights-risk signals.,supermajority-invalidation,Supermajority required to invalidate laws,court_variant,strong_form_court,pipeline,federal/circuit_panel,1944,1944,84594,82650,1.000,0.023,0.834,0.733,0.076,0.774,0.665,0.670,0.569,0.304,0.629,0.468,0.608,0.567,2.000,0.451,0.469,0.675,0.273,0.474,0.558,0.469,0.330,0.615,0.625,0.411,0.643,0.742,0.444,0.242,0.166,0.245,0.476,0.172,0.079,0.332,0.028,0.947,0.898,0.728,0.303,0.665,0.398,0.371,0.424,0.484,0.447
rights-threat-surge,Rights-threat surge,Docket contains more laws or actions with high generated rights-risk signals.,supermajority-invalidation,Supermajority required to invalidate laws,court_variant,strong_form_court,pipeline,federal/district_only,554,554,24322,23768,1.000,0.023,0.807,0.737,0.085,0.792,0.727,0.638,0.585,0.292,0.695,0.600,0.521,0.490,1.000,0.458,0.448,0.671,0.284,0.476,0.561,0.480,0.327,0.617,0.623,0.400,0.644,0.744,0.413,0.273,0.173,0.208,0.430,0.190,0.070,0.319,0.031,0.945,0.893,0.727,0.301,0.620,0.395,0.360,0.386,0.474,0.428
rights-threat-surge,Rights-threat surge,Docket contains more laws or actions with high generated rights-risk signals.,supermajority-invalidation,Supermajority required to invalidate laws,court_variant,strong_form_court,pipeline,federal/state_federal_split,178,178,7289,7111,1.000,0.024,0.842,0.720,0.063,0.750,0.613,0.714,0.464,0.357,0.769,0.357,0.918,0.663,3.000,0.571,0.553,0.671,0.281,0.456,0.553,0.454,0.335,0.609,0.615,0.433,0.642,0.752,0.410,0.303,0.157,0.275,0.416,0.202,0.101,0.315,0.015,0.963,0.928,0.745,0.307,0.734,0.400,0.389,0.467,0.498,0.472
rights-threat-surge,Rights-threat surge,Docket contains more laws or actions with high generated rights-risk signals.,supermajority-invalidation,Supermajority required to invalidate laws,court_variant,strong_form_court,pipeline,mixed_state_federal/circuit_en_banc,915,915,37633,36718,1.000,0.024,0.844,0.713,0.067,0.793,0.573,0.720,0.620,0.373,0.793,0.407,0.845,0.652,3.000,0.795,0.596,0.664,0.312,0.455,0.546,0.451,0.344,0.606,0.609,0.433,0.642,0.770,0.426,0.266,0.173,0.272,0.474,0.192,0.097,0.196,0.030,0.948,0.897,0.716,0.308,0.730,0.404,0.389,0.463,0.501,0.472
rights-threat-surge,Rights-threat surge,Docket contains more laws or actions with high generated rights-risk signals.,supermajority-invalidation,Supermajority required to invalidate laws,court_variant,strong_form_court,pipeline,mixed_state_federal/district_only,138,138,5528,5390,1.000,0.025,0.758,0.700,0.164,0.773,0.711,0.667,0.545,0.439,0.773,0.636,0.723,0.476,1.000,0.785,0.536,0.633,0.353,0.447,0.554,0.465,0.379,0.608,0.588,0.418,0.643,0.774,0.362,0.333,0.145,0.290,0.399,0.203,0.043,0.145,0.035,0.945,0.889,0.726,0.305,0.642,0.416,0.368,0.382,0.487,0.439
rights-threat-surge,Rights-threat surge,Docket contains more laws or actions with high generated rights-risk signals.,supermajority-invalidation,Supermajority required to invalidate laws,court_variant,strong_form_court,pipeline,mixed_state_federal/state_federal_split,1595,1595,64261,62666,1.000,0.025,0.817,0.727,0.071,0.819,0.721,0.665,0.562,0.327,0.819,0.406,0.897,0.659,3.000,0.823,0.613,0.662,0.335,0.464,0.557,0.459,0.331,0.604,0.608,0.431,0.642,0.775,0.444,0.256,0.155,0.281,0.416,0.199,0.077,0.173,0.028,0.949,0.895,0.713,0.308,0.735,0.404,0.390,0.467,0.502,0.474
rights-threat-surge,Rights-threat surge,Docket contains more laws or actions with high generated rights-risk signals.,supermajority-invalidation,Supermajority required to invalidate laws,court_variant,strong_form_court,pipeline,state/circuit_en_banc,91,91,4011,3920,1.000,0.023,0.949,0.668,0.060,0.231,0.103,0.538,0.385,0.231,0.231,0.000,0.822,0.666,3.000,0.503,0.548,0.676,0.218,0.486,0.527,0.417,0.384,0.616,0.626,0.446,0.642,0.740,0.560,0.176,0.077,0.253,0.571,0.220,0.022,0.330,0.028,0.948,0.919,0.758,0.307,0.728,0.404,0.388,0.465,0.502,0.472
rights-threat-surge,Rights-threat surge,Docket contains more laws or actions with high generated rights-risk signals.,supermajority-invalidation,Supermajority required to invalidate laws,court_variant,strong_form_court,pipeline,state/circuit_panel,608,608,26014,25406,1.000,0.023,0.836,0.733,0.066,0.790,0.650,0.714,0.619,0.219,0.790,0.457,0.660,0.572,2.000,0.613,0.510,0.675,0.292,0.469,0.556,0.466,0.333,0.613,0.621,0.414,0.643,0.755,0.442,0.258,0.153,0.237,0.441,0.166,0.069,0.194,0.031,0.948,0.900,0.735,0.304,0.672,0.397,0.374,0.426,0.486,0.449
rights-threat-surge,Rights-threat surge,Docket contains more laws or actions with high generated rights-risk signals.,supermajority-invalidation,Supermajority required to invalidate laws,court_variant,strong_form_court,pipeline,state/district_only,120,120,4960,4840,1.000,0.024,0.787,0.689,0.151,0.653,0.649,0.510,0.469,0.327,0.653,0.531,0.672,0.487,1.000,0.594,0.496,0.638,0.311,0.439,0.550,0.468,0.374,0.613,0.595,0.415,0.644,0.756,0.483,0.258,0.100,0.275,0.408,0.208,0.075,0.200,0.029,0.947,0.891,0.692,0.303,0.635,0.409,0.365,0.384,0.483,0.436
rights-threat-surge,Rights-threat surge,Docket contains more laws or actions with high generated rights-risk signals.,supermajority-invalidation,Supermajority required to invalidate laws,court_variant,strong_form_court,pipeline,state/state_federal_split,1252,1252,50845,49593,1.000,0.025,0.820,0.731,0.067,0.831,0.710,0.723,0.606,0.244,0.831,0.451,0.883,0.655,3.000,0.641,0.563,0.669,0.306,0.455,0.560,0.464,0.336,0.607,0.613,0.429,0.642,0.760,0.413,0.268,0.162,0.290,0.435,0.196,0.083,0.220,0.031,0.951,0.900,0.727,0.307,0.731,0.401,0.388,0.466,0.499,0.472
rights-threat-surge,Rights-threat surge,Docket contains more laws or actions with high generated rights-risk signals.,supermajority-invalidation,Supermajority required to invalidate laws,court_variant,strong_form_court,pipeline,state/state_high_court,1288,1288,54049,52761,1.000,0.024,0.813,0.753,0.066,0.818,0.792,0.650,0.561,0.294,0.818,0.449,0.658,0.574,2.000,0.590,0.508,0.677,0.303,0.469,0.563,0.478,0.320,0.612,0.623,0.407,0.643,0.755,0.411,0.271,0.161,0.267,0.443,0.161,0.076,0.231,0.029,0.950,0.899,0.710,0.304,0.671,0.395,0.373,0.429,0.485,0.449
rights-threat-surge,Rights-threat surge,Docket contains more laws or actions with high generated rights-risk signals.,strict-recusal-court,Strict recusal with substitute justices,court_variant,strong_form_court,pipeline,federal/circuit_en_banc,917,917,39362,38445,1.000,0.023,0.859,0.710,0.074,0.678,0.508,0.732,0.661,0.268,0.534,0.399,0.763,0.648,3.000,0.433,0.510,0.716,0.254,0.459,0.564,0.447,0.346,0.610,0.627,0.419,0.643,0.740,0.461,0.243,0.145,0.257,0.456,0.195,0.067,0.357,0.033,0.939,0.891,0.700,0.364,0.718,0.426,0.443,0.462,0.495,0.487
rights-threat-surge,Rights-threat surge,Docket contains more laws or actions with high generated rights-risk signals.,strict-recusal-court,Strict recusal with substitute justices,court_variant,strong_form_court,pipeline,federal/circuit_panel,1944,1944,84563,82619,1.000,0.023,0.820,0.735,0.075,0.758,0.688,0.787,0.692,0.252,0.611,0.440,0.608,0.567,2.000,0.451,0.469,0.715,0.274,0.476,0.575,0.469,0.330,0.612,0.630,0.400,0.644,0.742,0.434,0.244,0.166,0.259,0.456,0.171,0.079,0.319,0.030,0.942,0.893,0.712,0.362,0.665,0.420,0.430,0.426,0.482,0.466
rights-threat-surge,Rights-threat surge,Docket contains more laws or actions with high generated rights-risk signals.,strict-recusal-court,Strict recusal with substitute justices,court_variant,strong_form_court,pipeline,federal/district_only,554,554,24225,23671,1.000,0.023,0.789,0.744,0.089,0.735,0.775,0.769,0.721,0.265,0.620,0.592,0.521,0.490,1.000,0.458,0.448,0.710,0.288,0.482,0.579,0.480,0.327,0.614,0.629,0.389,0.645,0.744,0.421,0.231,0.171,0.264,0.462,0.182,0.078,0.339,0.032,0.943,0.891,0.708,0.360,0.619,0.420,0.419,0.388,0.473,0.448
rights-threat-surge,Rights-threat surge,Docket contains more laws or actions with high generated rights-risk signals.,strict-recusal-court,Strict recusal with substitute justices,court_variant,strong_form_court,pipeline,federal/state_federal_split,178,178,7286,7108,1.000,0.024,0.834,0.722,0.059,0.700,0.602,0.700,0.700,0.333,0.690,0.433,0.918,0.663,3.000,0.571,0.553,0.713,0.278,0.461,0.568,0.454,0.335,0.607,0.622,0.422,0.643,0.752,0.421,0.309,0.169,0.292,0.455,0.180,0.051,0.303,0.015,0.955,0.923,0.740,0.365,0.734,0.424,0.447,0.469,0.496,0.492
rights-threat-surge,Rights-threat surge,Docket contains more laws or actions with high generated rights-risk signals.,strict-recusal-court,Strict recusal with substitute justices,court_variant,strong_form_court,pipeline,mixed_state_federal/circuit_en_banc,915,915,37469,36554,1.000,0.024,0.828,0.712,0.083,0.746,0.591,0.751,0.668,0.275,0.746,0.373,0.845,0.652,3.000,0.795,0.596,0.701,0.316,0.457,0.562,0.451,0.344,0.603,0.612,0.422,0.642,0.771,0.400,0.283,0.155,0.305,0.450,0.200,0.072,0.163,0.029,0.946,0.894,0.710,0.367,0.730,0.430,0.448,0.464,0.500,0.492
rights-threat-surge,Rights-threat surge,Docket contains more laws or actions with high generated rights-risk signals.,strict-recusal-court,Strict recusal with substitute justices,court_variant,strong_form_court,pipeline,mixed_state_federal/district_only,138,138,5542,5404,1.000,0.025,0.736,0.701,0.157,0.857,0.744,0.873,0.698,0.317,0.857,0.667,0.723,0.476,1.000,0.785,0.536,0.673,0.357,0.443,0.573,0.465,0.379,0.605,0.591,0.407,0.644,0.774,0.399,0.341,0.174,0.326,0.428,0.188,0.101,0.130,0.037,0.939,0.884,0.716,0.364,0.642,0.438,0.427,0.385,0.484,0.458
rights-threat-surge,Rights-threat surge,Docket contains more laws or actions with high generated rights-risk signals.,strict-recusal-court,Strict recusal with substitute justices,court_variant,strong_form_court,pipeline,mixed_state_federal/state_federal_split,1595,1595,64257,62662,1.000,0.025,0.804,0.730,0.068,0.803,0.736,0.703,0.706,0.258,0.803,0.412,0.897,0.659,3.000,0.823,0.613,0.703,0.335,0.467,0.574,0.459,0.331,0.601,0.614,0.420,0.642,0.775,0.415,0.286,0.163,0.293,0.449,0.191,0.081,0.163,0.029,0.945,0.891,0.708,0.366,0.735,0.426,0.449,0.469,0.500,0.493
rights-threat-surge,Rights-threat surge,Docket contains more laws or actions with high generated rights-risk signals.,strict-recusal-court,Strict recusal with substitute justices,court_variant,strong_form_court,pipeline,state/circuit_en_banc,91,91,4004,3913,1.000,0.023,0.943,0.669,0.058,0.143,0.104,0.786,0.714,0.286,0.143,0.000,0.822,0.666,3.000,0.503,0.548,0.717,0.214,0.494,0.543,0.417,0.384,0.613,0.633,0.434,0.643,0.739,0.451,0.253,0.132,0.308,0.440,0.220,0.044,0.220,0.027,0.942,0.911,0.740,0.365,0.728,0.428,0.447,0.467,0.500,0.492
rights-threat-surge,Rights-threat surge,Docket contains more laws or actions with high generated rights-risk signals.,strict-recusal-court,Strict recusal with substitute justices,court_variant,strong_form_court,pipeline,state/circuit_panel,608,608,26015,25407,1.000,0.023,0.823,0.732,0.068,0.811,0.662,0.745,0.689,0.283,0.811,0.425,0.660,0.572,2.000,0.613,0.510,0.714,0.293,0.469,0.573,0.466,0.333,0.610,0.625,0.403,0.644,0.755,0.456,0.245,0.153,0.247,0.398,0.194,0.081,0.199,0.031,0.944,0.895,0.714,0.362,0.672,0.420,0.432,0.428,0.484,0.468
rights-threat-surge,Rights-threat surge,Docket contains more laws or actions with high generated rights-risk signals.,strict-recusal-court,Strict recusal with substitute justices,court_variant,strong_form_court,pipeline,state/district_only,120,120,4967,4847,1.000,0.024,0.787,0.696,0.133,0.583,0.622,0.833,0.708,0.167,0.583,0.542,0.672,0.487,1.000,0.594,0.496,0.684,0.303,0.448,0.564,0.468,0.374,0.611,0.606,0.403,0.644,0.755,0.475,0.225,0.142,0.267,0.500,0.142,0.075,0.242,0.027,0.944,0.892,0.686,0.362,0.635,0.430,0.424,0.387,0.481,0.455
rights-threat-surge,Rights-threat surge,Docket contains more laws or actions with high generated rights-risk signals.,strict-recusal-court,Strict recusal with substitute justices,court_variant,strong_form_court,pipeline,state/state_federal_split,1252,1252,50841,49589,1.000,0.025,0.810,0.732,0.063,0.766,0.715,0.775,0.683,0.280,0.766,0.454,0.883,0.655,3.000,0.641,0.563,0.711,0.304,0.459,0.576,0.464,0.336,0.605,0.619,0.418,0.643,0.760,0.446,0.246,0.161,0.267,0.439,0.184,0.071,0.223,0.032,0.945,0.894,0.718,0.365,0.731,0.424,0.447,0.468,0.497,0.491
rights-threat-surge,Rights-threat surge,Docket contains more laws or actions with high generated rights-risk signals.,strict-recusal-court,Strict recusal with substitute justices,court_variant,strong_form_court,pipeline,state/state_high_court,1288,1288,54011,52723,1.000,0.024,0.799,0.754,0.067,0.918,0.799,0.736,0.732,0.251,0.918,0.532,0.658,0.574,2.000,0.590,0.508,0.716,0.304,0.469,0.580,0.478,0.320,0.609,0.628,0.396,0.644,0.755,0.432,0.248,0.169,0.249,0.464,0.174,0.087,0.220,0.031,0.946,0.895,0.699,0.362,0.671,0.419,0.432,0.432,0.483,0.468
rights-threat-surge,Rights-threat surge,Docket contains more laws or actions with high generated rights-risk signals.,reasoned-emergency-review,Reasoned emergency orders with merits follow-up,court_variant,strong_form_court,pipeline,federal/circuit_en_banc,917,917,39668,38751,1.000,0.023,0.868,0.723,0.007,0.678,0.544,0.864,0.754,0.093,0.588,1.000,0.763,0.648,3.000,0.433,0.510,0.735,0.242,0.467,0.575,0.447,0.346,0.614,0.636,0.428,0.642,0.738,0.472,0.221,0.160,0.249,0.472,0.188,0.074,0.348,0.036,0.938,0.896,0.666,0.311,0.718,0.413,0.390,0.463,0.492,0.471
rights-threat-surge,Rights-threat surge,Docket contains more laws or actions with high generated rights-risk signals.,reasoned-emergency-review,Reasoned emergency orders with merits follow-up,court_variant,strong_form_court,pipeline,federal/circuit_panel,1944,1944,85149,83205,1.000,0.023,0.828,0.747,0.008,0.803,0.721,0.857,0.735,0.111,0.667,1.000,0.608,0.567,2.000,0.451,0.469,0.735,0.264,0.485,0.587,0.469,0.330,0.616,0.639,0.410,0.643,0.741,0.470,0.226,0.167,0.213,0.478,0.181,0.079,0.344,0.032,0.943,0.899,0.688,0.308,0.665,0.409,0.377,0.426,0.479,0.450
rights-threat-surge,Rights-threat surge,Docket contains more laws or actions with high generated rights-risk signals.,reasoned-emergency-review,Reasoned emergency orders with merits follow-up,court_variant,strong_form_court,pipeline,federal/district_only,554,554,24381,23827,1.000,0.023,0.802,0.753,0.014,0.776,0.787,0.931,0.741,0.147,0.644,1.000,0.521,0.490,1.000,0.458,0.448,0.732,0.273,0.488,0.590,0.480,0.327,0.618,0.638,0.398,0.644,0.742,0.455,0.220,0.186,0.218,0.440,0.208,0.092,0.359,0.034,0.944,0.896,0.676,0.307,0.620,0.409,0.366,0.389,0.470,0.432
rights-threat-surge,Rights-threat surge,Docket contains more laws or actions with high generated rights-risk signals.,reasoned-emergency-review,Reasoned emergency orders with merits follow-up,court_variant,strong_form_court,pipeline,federal/state_federal_split,178,178,7318,7140,1.000,0.024,0.839,0.730,0.006,0.667,0.640,0.905,0.667,0.048,0.700,1.000,0.918,0.663,3.000,0.571,0.553,0.728,0.271,0.465,0.579,0.454,0.335,0.610,0.628,0.432,0.642,0.750,0.399,0.264,0.180,0.331,0.444,0.185,0.090,0.337,0.015,0.960,0.931,0.724,0.312,0.734,0.413,0.394,0.470,0.494,0.476
rights-threat-surge,Rights-threat surge,Docket contains more laws or actions with high generated rights-risk signals.,reasoned-emergency-review,Reasoned emergency orders with merits follow-up,court_variant,strong_form_court,pipeline,mixed_state_federal/circuit_en_banc,915,915,37846,36931,1.000,0.024,0.832,0.727,0.006,0.743,0.664,0.901,0.693,0.129,0.743,1.000,0.845,0.652,3.000,0.795,0.596,0.721,0.307,0.468,0.577,0.451,0.344,0.607,0.622,0.432,0.642,0.769,0.432,0.277,0.145,0.279,0.461,0.183,0.083,0.185,0.030,0.947,0.899,0.677,0.313,0.730,0.415,0.394,0.465,0.497,0.476
rights-threat-surge,Rights-threat surge,Docket contains more laws or actions with high generated rights-risk signals.,reasoned-emergency-review,Reasoned emergency orders with merits follow-up,court_variant,strong_form_court,pipeline,mixed_state_federal/district_only,138,138,5630,5492,1.000,0.025,0.753,0.721,0.029,0.884,0.826,0.953,0.698,0.163,0.884,1.000,0.723,0.476,1.000,0.785,0.536,0.708,0.334,0.461,0.592,0.465,0.379,0.610,0.607,0.419,0.644,0.771,0.435,0.254,0.188,0.275,0.493,0.196,0.080,0.123,0.037,0.945,0.895,0.689,0.310,0.643,0.419,0.373,0.387,0.480,0.441
rights-threat-surge,Rights-threat surge,Docket contains more laws or actions with high generated rights-risk signals.,reasoned-emergency-review,Reasoned emergency orders with merits follow-up,court_variant,strong_form_court,pipeline,mixed_state_federal/state_federal_split,1595,1595,64680,63085,1.000,0.025,0.811,0.740,0.005,0.803,0.776,0.930,0.713,0.102,0.803,1.000,0.897,0.659,3.000,0.823,0.613,0.721,0.327,0.474,0.587,0.459,0.331,0.604,0.622,0.430,0.642,0.774,0.434,0.280,0.174,0.291,0.453,0.184,0.092,0.170,0.030,0.946,0.897,0.674,0.313,0.736,0.413,0.395,0.470,0.496,0.477
rights-threat-surge,Rights-threat surge,Docket contains more laws or actions with high generated rights-risk signals.,reasoned-emergency-review,Reasoned emergency orders with merits follow-up,court_variant,strong_form_court,pipeline,state/circuit_en_banc,91,91,4030,3939,1.000,0.023,0.929,0.685,0.001,0.300,0.253,0.700,0.600,0.200,0.300,1.000,0.822,0.666,3.000,0.503,0.548,0.730,0.217,0.479,0.559,0.417,0.384,0.616,0.635,0.444,0.642,0.739,0.341,0.264,0.187,0.330,0.549,0.176,0.066,0.297,0.029,0.942,0.914,0.736,0.313,0.728,0.417,0.394,0.467,0.497,0.476
rights-threat-surge,Rights-threat surge,Docket contains more laws or actions with high generated rights-risk signals.,reasoned-emergency-review,Reasoned emergency orders with merits follow-up,court_variant,strong_form_court,pipeline,state/circuit_panel,608,608,26152,25544,1.000,0.023,0.829,0.746,0.007,0.737,0.711,0.934,0.684,0.066,0.737,1.000,0.660,0.572,2.000,0.613,0.510,0.732,0.285,0.476,0.585,0.466,0.333,0.613,0.634,0.413,0.643,0.754,0.456,0.247,0.164,0.245,0.457,0.179,0.076,0.255,0.033,0.947,0.901,0.703,0.309,0.672,0.409,0.379,0.428,0.481,0.453
rights-threat-surge,Rights-threat surge,Docket contains more laws or actions with high generated rights-risk signals.,reasoned-emergency-review,Reasoned emergency orders with merits follow-up,court_variant,strong_form_court,pipeline,state/district_only,120,120,4993,4873,1.000,0.024,0.789,0.718,0.027,0.698,0.708,0.860,0.767,0.395,0.698,1.000,0.672,0.487,1.000,0.594,0.496,0.714,0.289,0.451,0.583,0.468,0.374,0.615,0.617,0.413,0.644,0.753,0.458,0.225,0.142,0.217,0.467,0.158,0.058,0.283,0.031,0.944,0.900,0.635,0.308,0.635,0.419,0.370,0.387,0.478,0.439
rights-threat-surge,Rights-threat surge,Docket contains more laws or actions with high generated rights-risk signals.,reasoned-emergency-review,Reasoned emergency orders with merits follow-up,court_variant,strong_form_court,pipeline,state/state_federal_split,1252,1252,51168,49916,1.000,0.024,0.815,0.742,0.006,0.849,0.760,0.889,0.706,0.127,0.849,1.000,0.883,0.655,3.000,0.641,0.563,0.727,0.298,0.460,0.588,0.464,0.336,0.608,0.625,0.428,0.642,0.758,0.469,0.222,0.179,0.272,0.468,0.173,0.089,0.205,0.032,0.948,0.902,0.691,0.312,0.731,0.411,0.394,0.469,0.494,0.475
rights-threat-surge,Rights-threat surge,Docket contains more laws or actions with high generated rights-risk signals.,reasoned-emergency-review,Reasoned emergency orders with merits follow-up,court_variant,strong_form_court,pipeline,state/state_high_court,1288,1288,54373,53085,1.000,0.024,0.808,0.766,0.006,0.886,0.832,0.893,0.714,0.129,0.886,1.000,0.658,0.574,2.000,0.590,0.508,0.736,0.295,0.476,0.591,0.478,0.320,0.613,0.636,0.405,0.643,0.753,0.462,0.221,0.182,0.228,0.481,0.169,0.084,0.255,0.032,0.947,0.901,0.671,0.309,0.671,0.406,0.378,0.432,0.480,0.452
rights-threat-surge,Rights-threat surge,Docket contains more laws or actions with high generated rights-risk signals.,panel-en-banc-review,Panel review with en banc safety valve,court_variant,strong_form_court,pipeline,federal/circuit_en_banc,917,917,39447,38530,1.000,0.023,0.856,0.711,0.066,0.651,0.524,0.687,0.681,0.265,0.568,0.410,0.763,0.648,3.000,0.433,0.510,0.711,0.253,0.461,0.562,0.447,0.346,0.606,0.626,0.418,0.642,0.739,0.429,0.252,0.168,0.270,0.471,0.201,0.082,0.349,0.034,0.941,0.894,0.688,0.438,0.718,0.462,0.513,0.539,0.488,0.525
rights-threat-surge,Rights-threat surge,Docket contains more laws or actions with high generated rights-risk signals.,panel-en-banc-review,Panel review with en banc safety valve,court_variant,strong_form_court,pipeline,federal/circuit_panel,1944,1944,84502,82558,1.000,0.023,0.814,0.737,0.078,0.754,0.719,0.732,0.650,0.273,0.624,0.451,0.608,0.567,2.000,0.451,0.469,0.709,0.278,0.476,0.574,0.469,0.330,0.608,0.628,0.399,0.643,0.742,0.436,0.231,0.167,0.243,0.473,0.174,0.082,0.329,0.029,0.946,0.898,0.712,0.429,0.665,0.453,0.494,0.492,0.471,0.499
rights-threat-surge,Rights-threat surge,Docket contains more laws or actions with high generated rights-risk signals.,panel-en-banc-review,Panel review with en banc safety valve,court_variant,strong_form_court,pipeline,federal/district_only,554,554,24249,23695,1.000,0.023,0.788,0.743,0.087,0.721,0.791,0.757,0.693,0.264,0.596,0.557,0.521,0.490,1.000,0.458,0.448,0.706,0.289,0.481,0.577,0.480,0.327,0.611,0.628,0.387,0.644,0.743,0.460,0.224,0.164,0.260,0.457,0.208,0.085,0.314,0.034,0.944,0.893,0.701,0.424,0.620,0.448,0.480,0.449,0.460,0.479
rights-threat-surge,Rights-threat surge,Docket contains more laws or actions with high generated rights-risk signals.,panel-en-banc-review,Panel review with en banc safety valve,court_variant,strong_form_court,pipeline,federal/state_federal_split,178,178,7281,7103,1.000,0.024,0.826,0.720,0.066,0.667,0.624,0.633,0.733,0.267,0.690,0.300,0.918,0.663,3.000,0.571,0.553,0.703,0.282,0.458,0.565,0.454,0.335,0.601,0.618,0.421,0.642,0.752,0.393,0.242,0.169,0.287,0.416,0.225,0.062,0.275,0.014,0.959,0.927,0.737,0.445,0.734,0.467,0.522,0.555,0.494,0.535
rights-threat-surge,Rights-threat surge,Docket contains more laws or actions with high generated rights-risk signals.,panel-en-banc-review,Panel review with en banc safety valve,court_variant,strong_form_court,pipeline,mixed_state_federal/circuit_en_banc,915,915,37552,36637,1.000,0.024,0.822,0.714,0.074,0.723,0.619,0.753,0.633,0.283,0.723,0.337,0.845,0.652,3.000,0.795,0.596,0.695,0.316,0.458,0.561,0.451,0.344,0.598,0.611,0.420,0.642,0.770,0.435,0.261,0.157,0.293,0.417,0.207,0.075,0.160,0.030,0.946,0.894,0.700,0.444,0.730,0.468,0.520,0.547,0.496,0.533
rights-threat-surge,Rights-threat surge,Docket contains more laws or actions with high generated rights-risk signals.,panel-en-banc-review,Panel review with en banc safety valve,court_variant,strong_form_court,pipeline,mixed_state_federal/district_only,138,138,5567,5429,1.000,0.025,0.730,0.711,0.141,0.845,0.792,0.741,0.741,0.345,0.845,0.690,0.723,0.476,1.000,0.785,0.536,0.671,0.355,0.456,0.575,0.465,0.379,0.600,0.594,0.406,0.643,0.774,0.391,0.384,0.145,0.333,0.413,0.217,0.109,0.116,0.035,0.944,0.890,0.710,0.440,0.642,0.475,0.498,0.466,0.479,0.499
rights-threat-surge,Rights-threat surge,Docket contains more laws or actions with high generated rights-risk signals.,panel-en-banc-review,Panel review with en banc safety valve,court_variant,strong_form_court,pipeline,mixed_state_federal/state_federal_split,1595,1595,64363,62768,1.000,0.025,0.800,0.732,0.059,0.782,0.751,0.698,0.694,0.230,0.782,0.444,0.897,0.659,3.000,0.823,0.613,0.698,0.334,0.469,0.573,0.459,0.331,0.596,0.613,0.418,0.642,0.775,0.428,0.253,0.190,0.280,0.420,0.187,0.104,0.156,0.030,0.947,0.893,0.698,0.445,0.736,0.466,0.522,0.553,0.496,0.535
rights-threat-surge,Rights-threat surge,Docket contains more laws or actions with high generated rights-risk signals.,panel-en-banc-review,Panel review with en banc safety valve,court_variant,strong_form_court,pipeline,state/circuit_en_banc,91,91,3994,3903,1.000,0.023,0.931,0.673,0.066,0.125,0.160,0.563,0.750,0.250,0.125,0.000,0.822,0.666,3.000,0.503,0.548,0.710,0.224,0.484,0.543,0.417,0.384,0.607,0.628,0.433,0.642,0.740,0.484,0.220,0.121,0.242,0.451,0.154,0.077,0.253,0.028,0.948,0.919,0.736,0.444,0.728,0.470,0.520,0.550,0.497,0.534
rights-threat-surge,Rights-threat surge,Docket contains more laws or actions with high generated rights-risk signals.,panel-en-banc-review,Panel review with en banc safety valve,court_variant,strong_form_court,pipeline,state/circuit_panel,608,608,25998,25390,1.000,0.023,0.815,0.737,0.068,0.755,0.714,0.655,0.627,0.264,0.755,0.427,0.660,0.572,2.000,0.613,0.510,0.709,0.298,0.466,0.573,0.466,0.333,0.605,0.623,0.402,0.643,0.755,0.446,0.245,0.146,0.268,0.475,0.151,0.069,0.220,0.031,0.948,0.899,0.718,0.433,0.672,0.455,0.498,0.498,0.475,0.504
rights-threat-surge,Rights-threat surge,Docket contains more laws or actions with high generated rights-risk signals.,panel-en-banc-review,Panel review with en banc safety valve,court_variant,strong_form_court,pipeline,state/district_only,120,120,4968,4848,1.000,0.024,0.766,0.698,0.141,0.755,0.680,0.673,0.653,0.367,0.755,0.592,0.672,0.487,1.000,0.594,0.496,0.674,0.312,0.441,0.566,0.468,0.374,0.605,0.600,0.402,0.644,0.756,0.417,0.300,0.133,0.242,0.475,0.150,0.100,0.242,0.029,0.944,0.890,0.680,0.435,0.635,0.468,0.493,0.463,0.474,0.493
rights-threat-surge,Rights-threat surge,Docket contains more laws or actions with high generated rights-risk signals.,panel-en-banc-review,Panel review with en banc safety valve,court_variant,strong_form_court,pipeline,state/state_federal_split,1252,1252,50871,49619,1.000,0.025,0.803,0.734,0.060,0.776,0.737,0.746,0.659,0.263,0.776,0.459,0.883,0.655,3.000,0.641,0.563,0.703,0.306,0.458,0.575,0.464,0.336,0.599,0.617,0.417,0.642,0.759,0.438,0.273,0.150,0.281,0.461,0.169,0.073,0.207,0.032,0.948,0.897,0.714,0.444,0.731,0.465,0.520,0.551,0.493,0.533
rights-threat-surge,Rights-threat surge,Docket contains more laws or actions with high generated rights-risk signals.,panel-en-banc-review,Panel review with en banc safety valve,court_variant,strong_form_court,pipeline,state/state_high_court,1288,1288,54068,52780,1.000,0.024,0.797,0.755,0.061,0.835,0.818,0.801,0.694,0.238,0.835,0.471,0.658,0.574,2.000,0.590,0.508,0.712,0.304,0.469,0.578,0.478,0.320,0.605,0.627,0.395,0.643,0.754,0.427,0.257,0.170,0.253,0.450,0.175,0.073,0.231,0.031,0.948,0.898,0.693,0.431,0.671,0.451,0.497,0.501,0.473,0.503
rights-threat-surge,Rights-threat surge,Docket contains more laws or actions with high generated rights-risk signals.,dual-cross-checking-courts,Dual supreme courts with cross-checking invalidations,court_variant,strong_form_court,pipeline,federal/circuit_en_banc,917,917,39826,38909,1.000,0.023,0.890,0.711,0.007,0.779,0.433,0.831,0.779,0.195,0.682,1.000,0.763,0.648,3.000,0.433,0.510,0.739,0.248,0.466,0.567,0.447,0.346,0.585,0.624,0.582,0.639,0.752,0.489,0.215,0.140,0.240,0.495,0.178,0.065,0.317,0.038,0.931,0.882,0.657,0.519,0.718,0.567,0.590,0.590,0.628,0.600
rights-threat-surge,Rights-threat surge,Docket contains more laws or actions with high generated rights-risk signals.,dual-cross-checking-courts,Dual supreme courts with cross-checking invalidations,court_variant,strong_form_court,pipeline,federal/circuit_panel,1944,1944,85404,83460,1.000,0.023,0.848,0.741,0.009,0.760,0.630,0.844,0.756,0.160,0.630,1.000,0.608,0.567,2.000,0.451,0.469,0.739,0.269,0.486,0.581,0.469,0.330,0.586,0.628,0.563,0.640,0.755,0.477,0.220,0.156,0.204,0.467,0.173,0.074,0.349,0.034,0.934,0.884,0.666,0.517,0.665,0.564,0.577,0.553,0.615,0.579
rights-threat-surge,Rights-threat surge,Docket contains more laws or actions with high generated rights-risk signals.,dual-cross-checking-courts,Dual supreme courts with cross-checking invalidations,court_variant,strong_form_court,pipeline,federal/district_only,554,554,24599,24045,1.000,0.023,0.825,0.745,0.012,0.689,0.682,0.865,0.703,0.162,0.621,1.000,0.521,0.490,1.000,0.458,0.448,0.735,0.278,0.489,0.584,0.480,0.327,0.589,0.627,0.552,0.641,0.756,0.471,0.202,0.175,0.231,0.469,0.153,0.078,0.372,0.039,0.932,0.880,0.662,0.515,0.620,0.561,0.566,0.516,0.606,0.561
rights-threat-surge,Rights-threat surge,Docket contains more laws or actions with high generated rights-risk signals.,dual-cross-checking-courts,Dual supreme courts with cross-checking invalidations,court_variant,strong_form_court,pipeline,federal/state_federal_split,178,178,7359,7181,1.000,0.024,0.857,0.728,0.005,0.727,0.556,0.727,0.636,0.182,0.889,1.000,0.918,0.663,3.000,0.571,0.553,0.734,0.281,0.466,0.574,0.454,0.335,0.581,0.618,0.585,0.639,0.765,0.466,0.202,0.140,0.242,0.466,0.219,0.067,0.331,0.020,0.946,0.911,0.696,0.520,0.734,0.566,0.594,0.597,0.629,0.604
rights-threat-surge,Rights-threat surge,Docket contains more laws or actions with high generated rights-risk signals.,dual-cross-checking-courts,Dual supreme courts with cross-checking invalidations,court_variant,strong_form_court,pipeline,mixed_state_federal/circuit_en_banc,915,915,37928,37013,1.000,0.024,0.860,0.722,0.007,0.800,0.527,0.850,0.800,0.163,0.800,1.000,0.845,0.652,3.000,0.795,0.596,0.727,0.312,0.465,0.568,0.451,0.344,0.577,0.612,0.584,0.639,0.783,0.424,0.273,0.152,0.282,0.464,0.144,0.071,0.198,0.035,0.936,0.883,0.658,0.521,0.731,0.570,0.594,0.592,0.633,0.605
rights-threat-surge,Rights-threat surge,Docket contains more laws or actions with high generated rights-risk signals.,dual-cross-checking-courts,Dual supreme courts with cross-checking invalidations,court_variant,strong_form_court,pipeline,mixed_state_federal/district_only,138,138,5614,5476,1.000,0.025,0.788,0.707,0.036,0.804,0.623,0.870,0.761,0.196,0.804,1.000,0.723,0.476,1.000,0.785,0.536,0.704,0.343,0.457,0.577,0.465,0.379,0.580,0.594,0.571,0.640,0.786,0.478,0.246,0.174,0.225,0.420,0.217,0.094,0.109,0.041,0.937,0.880,0.683,0.518,0.642,0.578,0.573,0.513,0.617,0.571
rights-threat-surge,Rights-threat surge,Docket contains more laws or actions with high generated rights-risk signals.,dual-cross-checking-courts,Dual supreme courts with cross-checking invalidations,court_variant,strong_form_court,pipeline,mixed_state_federal/state_federal_split,1595,1595,64833,63238,1.000,0.025,0.833,0.737,0.005,0.762,0.666,0.926,0.795,0.098,0.762,1.000,0.897,0.659,3.000,0.823,0.613,0.727,0.330,0.477,0.579,0.459,0.331,0.575,0.612,0.582,0.639,0.788,0.443,0.275,0.146,0.280,0.444,0.183,0.078,0.175,0.034,0.937,0.881,0.663,0.521,0.736,0.569,0.596,0.596,0.633,0.606
rights-threat-surge,Rights-threat surge,Docket contains more laws or actions with high generated rights-risk signals.,dual-cross-checking-courts,Dual supreme courts with cross-checking invalidations,court_variant,strong_form_court,pipeline,state/circuit_en_banc,91,91,4052,3961,1.000,0.022,0.973,0.662,0.001,0.200,0.044,1.000,0.600,0.200,0.200,1.000,0.822,0.666,3.000,0.503,0.548,0.740,0.214,0.491,0.544,0.417,0.384,0.587,0.627,0.597,0.639,0.752,0.385,0.220,0.154,0.286,0.473,0.264,0.055,0.374,0.033,0.936,0.903,0.687,0.520,0.729,0.570,0.593,0.595,0.633,0.604
rights-threat-surge,Rights-threat surge,Docket contains more laws or actions with high generated rights-risk signals.,dual-cross-checking-courts,Dual supreme courts with cross-checking invalidations,court_variant,strong_form_court,pipeline,state/circuit_panel,608,608,26281,25673,1.000,0.023,0.848,0.742,0.006,0.739,0.627,0.804,0.826,0.043,0.739,1.000,0.660,0.572,2.000,0.613,0.510,0.738,0.290,0.482,0.580,0.466,0.333,0.584,0.624,0.566,0.640,0.768,0.464,0.227,0.166,0.215,0.439,0.214,0.066,0.230,0.037,0.937,0.886,0.675,0.517,0.673,0.563,0.579,0.556,0.617,0.581
rights-threat-surge,Rights-threat surge,Docket contains more laws or actions with high generated rights-risk signals.,dual-cross-checking-courts,Dual supreme courts with cross-checking invalidations,court_variant,strong_form_court,pipeline,state/district_only,120,120,5034,4914,1.000,0.024,0.832,0.697,0.023,0.563,0.492,0.906,0.750,0.094,0.563,1.000,0.672,0.487,1.000,0.594,0.496,0.715,0.287,0.454,0.568,0.468,0.374,0.586,0.606,0.566,0.641,0.766,0.408,0.283,0.167,0.258,0.525,0.200,0.075,0.192,0.036,0.929,0.873,0.638,0.517,0.636,0.570,0.571,0.515,0.614,0.568
rights-threat-surge,Rights-threat surge,Docket contains more laws or actions with high generated rights-risk signals.,dual-cross-checking-courts,Dual supreme courts with cross-checking invalidations,court_variant,strong_form_court,pipeline,state/state_federal_split,1252,1252,51280,50028,1.000,0.024,0.837,0.738,0.006,0.726,0.652,0.832,0.737,0.147,0.726,1.000,0.883,0.655,3.000,0.641,0.563,0.732,0.302,0.468,0.581,0.464,0.336,0.578,0.616,0.581,0.639,0.773,0.435,0.263,0.162,0.274,0.462,0.172,0.091,0.244,0.035,0.939,0.886,0.680,0.520,0.731,0.567,0.594,0.595,0.630,0.604
rights-threat-surge,Rights-threat surge,Docket contains more laws or actions with high generated rights-risk signals.,dual-cross-checking-courts,Dual supreme courts with cross-checking invalidations,court_variant,strong_form_court,pipeline,state/state_high_court,1288,1288,54509,53221,1.000,0.024,0.823,0.763,0.008,0.908,0.764,0.817,0.771,0.092,0.908,1.000,0.658,0.574,2.000,0.590,0.508,0.739,0.300,0.480,0.587,0.478,0.320,0.583,0.626,0.559,0.640,0.768,0.456,0.258,0.164,0.227,0.484,0.168,0.087,0.248,0.035,0.940,0.887,0.657,0.517,0.671,0.562,0.579,0.559,0.616,0.581
rights-threat-surge,Rights-threat surge,Docket contains more laws or actions with high generated rights-risk signals.,constitutional-council,Pre-enactment constitutional council,court_variant,strong_form_court,pipeline,federal/circuit_en_banc,917,917,39367,38450,1.000,0.023,0.935,0.701,0.072,0.624,0.414,0.801,0.801,0.293,0.505,0.365,0.763,0.648,3.000,0.433,0.510,0.739,0.244,0.457,0.565,0.447,0.346,0.597,0.621,0.649,0.642,0.746,0.450,0.231,0.162,0.287,0.470,0.170,0.067,0.341,0.040,0.917,0.870,0.650,0.444,0.718,0.486,0.517,0.530,0.571,0.544
rights-threat-surge,Rights-threat surge,Docket contains more laws or actions with high generated rights-risk signals.,constitutional-council,Pre-enactment constitutional council,court_variant,strong_form_court,pipeline,federal/circuit_panel,1944,1944,84706,82762,1.000,0.023,0.919,0.728,0.069,0.769,0.599,0.764,0.766,0.266,0.591,0.470,0.608,0.567,2.000,0.451,0.469,0.737,0.264,0.476,0.577,0.469,0.330,0.599,0.627,0.630,0.643,0.749,0.470,0.219,0.152,0.235,0.471,0.163,0.063,0.326,0.036,0.924,0.876,0.670,0.441,0.665,0.481,0.504,0.494,0.558,0.523
rights-threat-surge,Rights-threat surge,Docket contains more laws or actions with high generated rights-risk signals.,constitutional-council,Pre-enactment constitutional council,court_variant,strong_form_court,pipeline,federal/district_only,554,554,24273,23719,1.000,0.023,0.905,0.732,0.084,0.726,0.656,0.785,0.726,0.259,0.575,0.556,0.521,0.490,1.000,0.458,0.448,0.731,0.274,0.482,0.579,0.480,0.327,0.602,0.627,0.618,0.643,0.750,0.468,0.231,0.162,0.236,0.446,0.130,0.069,0.314,0.040,0.922,0.869,0.656,0.439,0.620,0.480,0.493,0.457,0.549,0.505
rights-threat-surge,Rights-threat surge,Docket contains more laws or actions with high generated rights-risk signals.,constitutional-council,Pre-enactment constitutional council,court_variant,strong_form_court,pipeline,federal/state_federal_split,178,178,7256,7078,1.000,0.025,0.920,0.718,0.070,0.571,0.571,0.800,0.743,0.257,0.600,0.314,0.918,0.663,3.000,0.571,0.553,0.731,0.276,0.461,0.572,0.454,0.335,0.593,0.617,0.652,0.641,0.759,0.427,0.242,0.152,0.275,0.466,0.135,0.051,0.343,0.019,0.939,0.903,0.692,0.446,0.733,0.488,0.522,0.537,0.574,0.550
rights-threat-surge,Rights-threat surge,Docket contains more laws or actions with high generated rights-risk signals.,constitutional-council,Pre-enactment constitutional council,court_variant,strong_form_court,pipeline,mixed_state_federal/circuit_en_banc,915,915,37663,36748,1.000,0.024,0.919,0.710,0.062,0.698,0.498,0.819,0.805,0.275,0.698,0.389,0.845,0.652,3.000,0.795,0.596,0.728,0.302,0.458,0.565,0.451,0.344,0.591,0.611,0.651,0.641,0.776,0.460,0.250,0.134,0.269,0.451,0.163,0.067,0.195,0.036,0.925,0.874,0.655,0.446,0.730,0.487,0.522,0.533,0.576,0.549
rights-threat-surge,Rights-threat surge,Docket contains more laws or actions with high generated rights-risk signals.,constitutional-council,Pre-enactment constitutional council,court_variant,strong_form_court,pipeline,mixed_state_federal/district_only,138,138,5588,5450,1.000,0.025,0.876,0.686,0.124,0.796,0.472,0.796,0.759,0.315,0.796,0.722,0.723,0.476,1.000,0.785,0.536,0.698,0.324,0.452,0.564,0.465,0.379,0.594,0.595,0.636,0.643,0.777,0.478,0.261,0.138,0.268,0.384,0.188,0.065,0.116,0.043,0.926,0.871,0.666,0.444,0.642,0.495,0.501,0.455,0.560,0.515
rights-threat-surge,Rights-threat surge,Docket contains more laws or actions with high generated rights-risk signals.,constitutional-council,Pre-enactment constitutional council,court_variant,strong_form_court,pipeline,mixed_state_federal/state_federal_split,1595,1595,64321,62726,1.000,0.025,0.907,0.727,0.061,0.752,0.649,0.744,0.775,0.240,0.752,0.397,0.897,0.659,3.000,0.823,0.613,0.727,0.324,0.470,0.576,0.459,0.331,0.588,0.613,0.649,0.641,0.781,0.424,0.275,0.161,0.302,0.466,0.178,0.083,0.184,0.036,0.925,0.870,0.658,0.446,0.736,0.486,0.523,0.537,0.576,0.550
rights-threat-surge,Rights-threat surge,Docket contains more laws or actions with high generated rights-risk signals.,constitutional-council,Pre-enactment constitutional council,court_variant,strong_form_court,pipeline,state/circuit_en_banc,91,91,4017,3926,1.000,0.023,0.971,0.661,0.054,0.250,0.038,0.750,0.833,0.250,0.250,0.000,0.822,0.666,3.000,0.503,0.548,0.741,0.210,0.490,0.546,0.417,0.384,0.600,0.621,0.665,0.641,0.746,0.429,0.253,0.121,0.264,0.495,0.198,0.022,0.319,0.034,0.924,0.899,0.679,0.445,0.728,0.488,0.521,0.536,0.576,0.549
rights-threat-surge,Rights-threat surge,Docket contains more laws or actions with high generated rights-risk signals.,constitutional-council,Pre-enactment constitutional council,court_variant,strong_form_court,pipeline,state/circuit_panel,608,608,26006,25398,1.000,0.023,0.917,0.728,0.066,0.708,0.616,0.811,0.774,0.217,0.708,0.377,0.660,0.572,2.000,0.613,0.510,0.735,0.287,0.475,0.577,0.466,0.333,0.597,0.623,0.633,0.642,0.762,0.447,0.268,0.140,0.242,0.477,0.153,0.082,0.230,0.039,0.926,0.877,0.676,0.442,0.672,0.481,0.506,0.496,0.560,0.526
rights-threat-surge,Rights-threat surge,Docket contains more laws or actions with high generated rights-risk signals.,constitutional-council,Pre-enactment constitutional council,court_variant,strong_form_court,pipeline,state/district_only,120,120,5015,4895,1.000,0.024,0.904,0.686,0.101,0.541,0.456,0.784,0.703,0.324,0.541,0.541,0.672,0.487,1.000,0.594,0.496,0.713,0.281,0.465,0.563,0.468,0.374,0.600,0.609,0.633,0.643,0.759,0.433,0.250,0.150,0.258,0.408,0.158,0.075,0.317,0.035,0.919,0.866,0.641,0.440,0.636,0.483,0.497,0.456,0.555,0.510
rights-threat-surge,Rights-threat surge,Docket contains more laws or actions with high generated rights-risk signals.,constitutional-council,Pre-enactment constitutional council,court_variant,strong_form_court,pipeline,state/state_federal_split,1252,1252,50879,49627,1.000,0.025,0.912,0.727,0.060,0.754,0.628,0.788,0.783,0.227,0.754,0.433,0.883,0.655,3.000,0.641,0.563,0.732,0.296,0.463,0.578,0.464,0.336,0.592,0.617,0.647,0.641,0.766,0.450,0.262,0.157,0.264,0.454,0.169,0.069,0.204,0.037,0.929,0.877,0.669,0.445,0.731,0.484,0.521,0.536,0.573,0.548
rights-threat-surge,Rights-threat surge,Docket contains more laws or actions with high generated rights-risk signals.,constitutional-council,Pre-enactment constitutional council,court_variant,strong_form_court,pipeline,state/state_high_court,1288,1288,54008,52720,1.000,0.024,0.908,0.750,0.063,0.846,0.736,0.751,0.756,0.244,0.846,0.471,0.658,0.574,2.000,0.590,0.508,0.738,0.296,0.473,0.583,0.478,0.320,0.596,0.627,0.626,0.643,0.762,0.431,0.256,0.163,0.246,0.492,0.167,0.084,0.241,0.036,0.929,0.878,0.651,0.442,0.671,0.479,0.505,0.500,0.559,0.525
rights-threat-surge,Rights-threat surge,Docket contains more laws or actions with high generated rights-risk signals.,legislative-override-court,Judicial review with delayed legislative override,court_variant,strong_form_court,pipeline,federal/circuit_en_banc,917,917,39417,38500,1.000,0.023,0.851,0.708,0.071,0.712,0.519,0.700,0.576,0.276,0.592,0.412,0.763,0.648,3.000,0.433,0.510,0.693,0.257,0.460,0.556,0.447,0.346,0.609,0.622,0.419,0.643,0.743,0.461,0.217,0.173,0.258,0.472,0.195,0.077,0.330,0.031,0.945,0.899,0.705,0.312,0.718,0.419,0.391,0.462,0.521,0.477
rights-threat-surge,Rights-threat surge,Docket contains more laws or actions with high generated rights-risk signals.,legislative-override-court,Judicial review with delayed legislative override,court_variant,strong_form_court,pipeline,federal/circuit_panel,1944,1944,84513,82569,1.000,0.023,0.808,0.732,0.079,0.781,0.708,0.719,0.613,0.279,0.655,0.447,0.608,0.567,2.000,0.451,0.469,0.690,0.281,0.477,0.568,0.469,0.330,0.611,0.624,0.400,0.644,0.746,0.423,0.238,0.158,0.255,0.445,0.176,0.077,0.313,0.026,0.950,0.903,0.719,0.309,0.665,0.415,0.377,0.426,0.508,0.456
rights-threat-surge,Rights-threat surge,Docket contains more laws or actions with high generated rights-risk signals.,legislative-override-court,Judicial review with delayed legislative override,court_variant,strong_form_court,pipeline,federal/district_only,554,554,24214,23660,1.000,0.023,0.776,0.736,0.100,0.810,0.780,0.687,0.605,0.306,0.708,0.537,0.521,0.490,1.000,0.458,0.448,0.682,0.294,0.480,0.571,0.480,0.327,0.613,0.620,0.389,0.644,0.747,0.440,0.233,0.186,0.244,0.444,0.188,0.085,0.341,0.031,0.949,0.898,0.713,0.307,0.619,0.414,0.366,0.388,0.499,0.438
rights-threat-surge,Rights-threat surge,Docket contains more laws or actions with high generated rights-risk signals.,legislative-override-court,Judicial review with delayed legislative override,court_variant,strong_form_court,pipeline,federal/state_federal_split,178,178,7293,7115,1.000,0.024,0.822,0.722,0.054,0.643,0.630,0.500,0.679,0.393,0.696,0.429,0.918,0.663,3.000,0.571,0.553,0.689,0.283,0.467,0.562,0.454,0.335,0.606,0.617,0.422,0.642,0.755,0.449,0.270,0.152,0.281,0.421,0.202,0.067,0.315,0.014,0.969,0.937,0.757,0.313,0.734,0.417,0.395,0.469,0.523,0.482
rights-threat-surge,Rights-threat surge,Docket contains more laws or actions with high generated rights-risk signals.,legislative-override-court,Judicial review with delayed legislative override,court_variant,strong_form_court,pipeline,mixed_state_federal/circuit_en_banc,915,915,37594,36679,1.000,0.024,0.815,0.714,0.075,0.733,0.635,0.709,0.618,0.261,0.733,0.339,0.845,0.652,3.000,0.795,0.596,0.678,0.320,0.460,0.557,0.451,0.344,0.602,0.607,0.423,0.642,0.774,0.427,0.257,0.176,0.266,0.443,0.175,0.083,0.148,0.028,0.952,0.902,0.715,0.314,0.730,0.422,0.395,0.464,0.526,0.482
rights-threat-surge,Rights-threat surge,Docket contains more laws or actions with high generated rights-risk signals.,legislative-override-court,Judicial review with delayed legislative override,court_variant,strong_form_court,pipeline,mixed_state_federal/district_only,138,138,5561,5423,1.000,0.025,0.725,0.703,0.145,0.867,0.785,0.650,0.567,0.350,0.867,0.717,0.723,0.476,1.000,0.785,0.536,0.652,0.360,0.454,0.570,0.465,0.379,0.604,0.588,0.408,0.644,0.777,0.377,0.326,0.159,0.348,0.478,0.145,0.065,0.130,0.034,0.948,0.894,0.711,0.312,0.642,0.430,0.374,0.385,0.510,0.448
rights-threat-surge,Rights-threat surge,Docket contains more laws or actions with high generated rights-risk signals.,legislative-override-court,Judicial review with delayed legislative override,court_variant,strong_form_court,pipeline,mixed_state_federal/state_federal_split,1595,1595,64276,62681,1.000,0.025,0.791,0.726,0.069,0.832,0.767,0.693,0.664,0.252,0.832,0.416,0.897,0.659,3.000,0.823,0.613,0.679,0.343,0.468,0.569,0.459,0.331,0.600,0.607,0.420,0.642,0.779,0.411,0.283,0.167,0.307,0.404,0.214,0.088,0.148,0.027,0.952,0.900,0.712,0.314,0.735,0.420,0.396,0.469,0.526,0.483
rights-threat-surge,Rights-threat surge,Docket contains more laws or actions with high generated rights-risk signals.,legislative-override-court,Judicial review with delayed legislative override,court_variant,strong_form_court,pipeline,state/circuit_en_banc,91,91,4010,3919,1.000,0.023,0.933,0.673,0.050,0.083,0.152,0.750,0.500,0.250,0.083,0.000,0.822,0.666,3.000,0.503,0.548,0.697,0.218,0.488,0.537,0.417,0.384,0.612,0.629,0.437,0.642,0.742,0.352,0.319,0.132,0.341,0.527,0.242,0.055,0.253,0.027,0.951,0.921,0.749,0.314,0.728,0.420,0.394,0.467,0.525,0.481
rights-threat-surge,Rights-threat surge,Docket contains more laws or actions with high generated rights-risk signals.,legislative-override-court,Judicial review with delayed legislative override,court_variant,strong_form_court,pipeline,state/circuit_panel,608,608,26060,25452,1.000,0.023,0.815,0.732,0.061,0.823,0.673,0.656,0.594,0.240,0.823,0.469,0.660,0.572,2.000,0.613,0.510,0.691,0.295,0.471,0.566,0.466,0.333,0.609,0.620,0.404,0.643,0.758,0.429,0.258,0.160,0.275,0.410,0.199,0.089,0.211,0.029,0.952,0.906,0.733,0.310,0.672,0.413,0.380,0.428,0.509,0.458
rights-threat-surge,Rights-threat surge,Docket contains more laws or actions with high generated rights-risk signals.,legislative-override-court,Judicial review with delayed legislative override,court_variant,strong_form_court,pipeline,state/district_only,120,120,4984,4864,1.000,0.024,0.758,0.700,0.128,0.689,0.706,0.644,0.711,0.267,0.689,0.600,0.672,0.487,1.000,0.594,0.496,0.660,0.317,0.444,0.564,0.468,0.374,0.609,0.597,0.402,0.644,0.759,0.458,0.308,0.133,0.242,0.408,0.158,0.058,0.275,0.027,0.952,0.899,0.680,0.309,0.635,0.422,0.371,0.387,0.506,0.445
rights-threat-surge,Rights-threat surge,Docket contains more laws or actions with high generated rights-risk signals.,legislative-override-court,Judicial review with delayed legislative override,court_variant,strong_form_court,pipeline,state/state_federal_split,1252,1252,50869,49617,1.000,0.025,0.798,0.729,0.061,0.847,0.733,0.675,0.608,0.273,0.847,0.522,0.883,0.655,3.000,0.641,0.563,0.686,0.311,0.460,0.570,0.464,0.336,0.603,0.613,0.418,0.642,0.763,0.421,0.273,0.152,0.288,0.444,0.172,0.075,0.197,0.029,0.953,0.902,0.725,0.313,0.731,0.418,0.394,0.468,0.523,0.481
rights-threat-surge,Rights-threat surge,Docket contains more laws or actions with high generated rights-risk signals.,legislative-override-court,Judicial review with delayed legislative override,court_variant,strong_form_court,pipeline,state/state_high_court,1288,1288,53958,52670,1.000,0.024,0.789,0.749,0.071,0.857,0.824,0.718,0.605,0.269,0.857,0.475,0.658,0.574,2.000,0.590,0.508,0.692,0.311,0.471,0.573,0.478,0.320,0.608,0.621,0.396,0.643,0.759,0.460,0.243,0.160,0.238,0.434,0.196,0.078,0.235,0.028,0.953,0.904,0.708,0.310,0.671,0.413,0.379,0.431,0.509,0.458
rights-threat-surge,Rights-threat surge,Docket contains more laws or actions with high generated rights-risk signals.,accountability-retention-court,Retention-election accountability court,court_variant,strong_form_court,pipeline,federal/circuit_en_banc,917,917,39403,38486,1.000,0.023,0.863,0.690,0.069,0.538,0.404,0.649,0.637,0.304,0.381,0.339,0.763,0.648,3.000,0.433,0.510,0.708,0.250,0.463,0.554,0.447,0.346,0.606,0.623,0.394,0.642,0.744,0.438,0.242,0.140,0.282,0.458,0.168,0.062,0.349,0.037,0.927,0.875,0.703,0.323,0.718,0.455,0.402,0.467,0.548,0.492
rights-threat-surge,Rights-threat surge,Docket contains more laws or actions with high generated rights-risk signals.,accountability-retention-court,Retention-election accountability court,court_variant,strong_form_court,pipeline,federal/circuit_panel,1944,1944,84513,82569,1.000,0.023,0.817,0.705,0.072,0.613,0.586,0.715,0.618,0.273,0.409,0.458,0.608,0.567,2.000,0.451,0.469,0.703,0.276,0.482,0.568,0.469,0.330,0.607,0.623,0.372,0.643,0.748,0.420,0.229,0.183,0.242,0.447,0.186,0.081,0.322,0.031,0.931,0.879,0.718,0.321,0.665,0.451,0.388,0.431,0.535,0.472
rights-threat-surge,Rights-threat surge,Docket contains more laws or actions with high generated rights-risk signals.,accountability-retention-court,Retention-election accountability court,court_variant,strong_form_court,pipeline,federal/district_only,554,554,24246,23692,1.000,0.023,0.802,0.707,0.083,0.611,0.594,0.722,0.604,0.257,0.388,0.611,0.521,0.490,1.000,0.458,0.448,0.697,0.276,0.486,0.565,0.480,0.327,0.610,0.623,0.364,0.644,0.748,0.437,0.231,0.161,0.238,0.468,0.148,0.092,0.310,0.036,0.927,0.870,0.708,0.319,0.620,0.450,0.377,0.393,0.526,0.454
rights-threat-surge,Rights-threat surge,Docket contains more laws or actions with high generated rights-risk signals.,accountability-retention-court,Retention-election accountability court,court_variant,strong_form_court,pipeline,federal/state_federal_split,178,178,7283,7105,1.000,0.024,0.825,0.703,0.052,0.414,0.560,0.483,0.483,0.276,0.444,0.345,0.918,0.663,3.000,0.571,0.553,0.703,0.282,0.471,0.565,0.454,0.335,0.602,0.617,0.394,0.642,0.758,0.427,0.236,0.157,0.303,0.455,0.169,0.084,0.309,0.015,0.949,0.911,0.747,0.325,0.734,0.455,0.407,0.474,0.550,0.498
rights-threat-surge,Rights-threat surge,Docket contains more laws or actions with high generated rights-risk signals.,accountability-retention-court,Retention-election accountability court,court_variant,strong_form_court,pipeline,mixed_state_federal/circuit_en_banc,915,915,37554,36639,1.000,0.024,0.828,0.689,0.069,0.547,0.493,0.694,0.665,0.271,0.547,0.341,0.845,0.652,3.000,0.795,0.596,0.694,0.318,0.465,0.557,0.451,0.344,0.598,0.608,0.391,0.642,0.776,0.392,0.302,0.166,0.295,0.412,0.188,0.084,0.154,0.031,0.935,0.878,0.709,0.326,0.730,0.458,0.406,0.470,0.553,0.498
rights-threat-surge,Rights-threat surge,Docket contains more laws or actions with high generated rights-risk signals.,accountability-retention-court,Retention-election accountability court,court_variant,strong_form_court,pipeline,mixed_state_federal/district_only,138,138,5559,5421,1.000,0.025,0.790,0.665,0.127,0.475,0.441,0.763,0.763,0.305,0.475,0.661,0.723,0.476,1.000,0.785,0.536,0.669,0.329,0.459,0.552,0.465,0.379,0.603,0.595,0.380,0.644,0.776,0.326,0.297,0.174,0.312,0.370,0.188,0.065,0.101,0.037,0.931,0.877,0.728,0.323,0.642,0.467,0.385,0.390,0.537,0.464
rights-threat-surge,Rights-threat surge,Docket contains more laws or actions with high generated rights-risk signals.,accountability-retention-court,Retention-election accountability court,court_variant,strong_form_court,pipeline,mixed_state_federal/state_federal_split,1595,1595,64247,62652,1.000,0.025,0.798,0.698,0.065,0.684,0.632,0.730,0.667,0.266,0.684,0.418,0.897,0.659,3.000,0.823,0.613,0.692,0.342,0.479,0.570,0.459,0.331,0.595,0.607,0.386,0.642,0.781,0.404,0.288,0.171,0.293,0.399,0.204,0.081,0.147,0.031,0.932,0.872,0.705,0.325,0.735,0.456,0.407,0.475,0.554,0.499
rights-threat-surge,Rights-threat surge,Docket contains more laws or actions with high generated rights-risk signals.,accountability-retention-court,Retention-election accountability court,court_variant,strong_form_court,pipeline,state/circuit_en_banc,91,91,4009,3918,1.000,0.023,0.954,0.658,0.053,0.077,0.026,0.538,0.462,0.154,0.077,0.000,0.822,0.666,3.000,0.503,0.548,0.718,0.208,0.493,0.533,0.417,0.384,0.609,0.633,0.415,0.642,0.743,0.418,0.308,0.088,0.275,0.429,0.231,0.066,0.220,0.028,0.933,0.903,0.751,0.326,0.728,0.460,0.406,0.471,0.552,0.498
rights-threat-surge,Rights-threat surge,Docket contains more laws or actions with high generated rights-risk signals.,accountability-retention-court,Retention-election accountability court,court_variant,strong_form_court,pipeline,state/circuit_panel,608,608,25960,25352,1.000,0.023,0.818,0.703,0.072,0.723,0.551,0.723,0.672,0.294,0.723,0.454,0.660,0.572,2.000,0.613,0.510,0.700,0.295,0.487,0.565,0.466,0.333,0.605,0.620,0.375,0.643,0.761,0.406,0.275,0.166,0.266,0.464,0.141,0.084,0.219,0.036,0.934,0.883,0.726,0.322,0.672,0.453,0.391,0.433,0.538,0.475
rights-threat-surge,Rights-threat surge,Docket contains more laws or actions with high generated rights-risk signals.,accountability-retention-court,Retention-election accountability court,court_variant,strong_form_court,pipeline,state/district_only,120,120,4980,4860,1.000,0.024,0.823,0.658,0.112,0.400,0.406,0.711,0.689,0.267,0.400,0.578,0.672,0.487,1.000,0.594,0.496,0.681,0.286,0.477,0.549,0.468,0.374,0.608,0.609,0.379,0.644,0.758,0.467,0.250,0.133,0.233,0.392,0.158,0.033,0.183,0.028,0.929,0.869,0.696,0.320,0.635,0.457,0.381,0.391,0.533,0.459
rights-threat-surge,Rights-threat surge,Docket contains more laws or actions with high generated rights-risk signals.,accountability-retention-court,Retention-election accountability court,court_variant,strong_form_court,pipeline,state/state_federal_split,1252,1252,50922,49670,1.000,0.025,0.811,0.707,0.057,0.656,0.591,0.651,0.564,0.308,0.656,0.431,0.883,0.655,3.000,0.641,0.563,0.700,0.304,0.482,0.568,0.464,0.336,0.600,0.617,0.388,0.642,0.765,0.415,0.271,0.157,0.304,0.423,0.185,0.072,0.185,0.032,0.935,0.880,0.721,0.325,0.731,0.454,0.406,0.473,0.550,0.497
rights-threat-surge,Rights-threat surge,Docket contains more laws or actions with high generated rights-risk signals.,accountability-retention-court,Retention-election accountability court,court_variant,strong_form_court,pipeline,state/state_high_court,1288,1288,53980,52692,1.000,0.024,0.790,0.722,0.064,0.749,0.706,0.671,0.615,0.316,0.749,0.494,0.658,0.574,2.000,0.590,0.508,0.701,0.308,0.487,0.574,0.478,0.320,0.604,0.621,0.366,0.643,0.761,0.391,0.282,0.163,0.263,0.441,0.187,0.085,0.220,0.030,0.937,0.883,0.707,0.321,0.671,0.449,0.390,0.437,0.536,0.474
rights-threat-surge,Rights-threat surge,Docket contains more laws or actions with high generated rights-risk signals.,independence-accountability-hybrid,Hybrid court balancing independence and accountability,court_variant,strong_form_court,pipeline,federal/circuit_en_banc,917,917,39694,38777,1.000,0.023,0.894,0.715,0.006,0.602,0.461,0.889,0.722,0.111,0.507,1.000,0.763,0.648,3.000,0.433,0.510,0.744,0.233,0.467,0.569,0.447,0.346,0.591,0.639,0.418,0.640,0.752,0.466,0.214,0.149,0.251,0.540,0.173,0.075,0.345,0.040,0.926,0.884,0.650,0.462,0.718,0.458,0.537,0.540,0.644,0.557
rights-threat-surge,Rights-threat surge,Docket contains more laws or actions with high generated rights-risk signals.,independence-accountability-hybrid,Hybrid court balancing independence and accountability,court_variant,strong_form_court,pipeline,federal/circuit_panel,1944,1944,85214,83270,1.000,0.023,0.852,0.743,0.007,0.752,0.659,0.874,0.744,0.134,0.600,1.000,0.608,0.567,2.000,0.451,0.469,0.744,0.257,0.486,0.584,0.469,0.330,0.594,0.643,0.399,0.641,0.754,0.465,0.210,0.180,0.225,0.499,0.177,0.078,0.345,0.036,0.931,0.887,0.661,0.453,0.665,0.447,0.518,0.492,0.626,0.531
rights-threat-surge,Rights-threat surge,Docket contains more laws or actions with high generated rights-risk signals.,independence-accountability-hybrid,Hybrid court balancing independence and accountability,court_variant,strong_form_court,pipeline,federal/district_only,554,554,24433,23879,1.000,0.023,0.823,0.752,0.012,0.757,0.753,0.916,0.757,0.159,0.638,1.000,0.521,0.490,1.000,0.458,0.448,0.740,0.269,0.492,0.589,0.480,0.327,0.596,0.642,0.387,0.642,0.755,0.458,0.227,0.164,0.220,0.464,0.173,0.079,0.412,0.038,0.931,0.885,0.650,0.447,0.620,0.443,0.503,0.448,0.615,0.509
rights-threat-surge,Rights-threat surge,Docket contains more laws or actions with high generated rights-risk signals.,independence-accountability-hybrid,Hybrid court balancing independence and accountability,court_variant,strong_form_court,pipeline,federal/state_federal_split,178,178,7347,7169,1.000,0.024,0.862,0.727,0.002,0.500,0.567,0.750,0.667,0.167,0.545,1.000,0.918,0.663,3.000,0.571,0.553,0.737,0.261,0.467,0.575,0.454,0.335,0.586,0.631,0.421,0.640,0.765,0.517,0.213,0.135,0.225,0.449,0.157,0.051,0.275,0.020,0.945,0.917,0.678,0.469,0.734,0.460,0.547,0.557,0.649,0.567
rights-threat-surge,Rights-threat surge,Docket contains more laws or actions with high generated rights-risk signals.,independence-accountability-hybrid,Hybrid court balancing independence and accountability,court_variant,strong_form_court,pipeline,mixed_state_federal/circuit_en_banc,915,915,37806,36891,1.000,0.024,0.863,0.721,0.006,0.739,0.555,0.865,0.658,0.099,0.739,1.000,0.845,0.652,3.000,0.795,0.596,0.730,0.295,0.466,0.570,0.451,0.344,0.583,0.625,0.420,0.640,0.783,0.428,0.254,0.160,0.274,0.466,0.177,0.075,0.186,0.035,0.935,0.887,0.650,0.468,0.730,0.464,0.545,0.548,0.651,0.565
rights-threat-surge,Rights-threat surge,Docket contains more laws or actions with high generated rights-risk signals.,independence-accountability-hybrid,Hybrid court balancing independence and accountability,court_variant,strong_form_court,pipeline,mixed_state_federal/district_only,138,138,5583,5445,1.000,0.025,0.799,0.705,0.031,0.815,0.630,0.870,0.889,0.111,0.815,1.000,0.723,0.476,1.000,0.785,0.536,0.712,0.315,0.455,0.578,0.465,0.379,0.587,0.609,0.406,0.641,0.784,0.464,0.283,0.145,0.232,0.449,0.181,0.080,0.196,0.038,0.938,0.887,0.674,0.465,0.642,0.473,0.523,0.466,0.635,0.531
rights-threat-surge,Rights-threat surge,Docket contains more laws or actions with high generated rights-risk signals.,independence-accountability-hybrid,Hybrid court balancing independence and accountability,court_variant,strong_form_court,pipeline,mixed_state_federal/state_federal_split,1595,1595,64665,63070,1.000,0.025,0.839,0.739,0.004,0.780,0.683,0.860,0.787,0.152,0.780,1.000,0.897,0.659,3.000,0.823,0.613,0.731,0.316,0.478,0.581,0.459,0.331,0.580,0.627,0.418,0.639,0.788,0.423,0.270,0.174,0.278,0.455,0.178,0.099,0.171,0.033,0.933,0.883,0.651,0.469,0.736,0.463,0.547,0.554,0.652,0.568
rights-threat-surge,Rights-threat surge,Docket contains more laws or actions with high generated rights-risk signals.,independence-accountability-hybrid,Hybrid court balancing independence and accountability,court_variant,strong_form_court,pipeline,state/circuit_en_banc,91,91,4031,3940,1.000,0.023,0.972,0.668,0.000,0.000,0.077,1.000,0.375,0.125,0.000,1.000,0.822,0.666,3.000,0.503,0.548,0.742,0.197,0.493,0.547,0.417,0.384,0.593,0.640,0.433,0.640,0.752,0.363,0.253,0.242,0.297,0.462,0.242,0.088,0.253,0.031,0.936,0.910,0.715,0.468,0.728,0.465,0.545,0.551,0.651,0.566
rights-threat-surge,Rights-threat surge,Docket contains more laws or actions with high generated rights-risk signals.,independence-accountability-hybrid,Hybrid court balancing independence and accountability,court_variant,strong_form_court,pipeline,state/circuit_panel,608,608,26194,25586,1.000,0.023,0.851,0.743,0.006,0.727,0.660,0.879,0.697,0.106,0.727,1.000,0.660,0.572,2.000,0.613,0.510,0.741,0.280,0.478,0.583,0.466,0.333,0.590,0.636,0.402,0.641,0.768,0.444,0.257,0.163,0.248,0.485,0.184,0.086,0.234,0.036,0.938,0.892,0.680,0.456,0.672,0.449,0.522,0.498,0.630,0.535
rights-threat-surge,Rights-threat surge,Docket contains more laws or actions with high generated rights-risk signals.,independence-accountability-hybrid,Hybrid court balancing independence and accountability,court_variant,strong_form_court,pipeline,state/district_only,120,120,5021,4901,1.000,0.024,0.836,0.705,0.020,0.639,0.550,0.972,0.806,0.194,0.639,1.000,0.672,0.487,1.000,0.594,0.496,0.722,0.270,0.463,0.572,0.468,0.374,0.593,0.623,0.402,0.641,0.765,0.475,0.183,0.167,0.142,0.492,0.125,0.058,0.225,0.033,0.932,0.884,0.648,0.459,0.636,0.460,0.517,0.464,0.629,0.524
rights-threat-surge,Rights-threat surge,Docket contains more laws or actions with high generated rights-risk signals.,independence-accountability-hybrid,Hybrid court balancing independence and accountability,court_variant,strong_form_court,pipeline,state/state_federal_split,1252,1252,51169,49917,1.000,0.024,0.842,0.739,0.005,0.781,0.671,0.883,0.852,0.094,0.781,1.000,0.883,0.655,3.000,0.641,0.563,0.736,0.288,0.468,0.583,0.464,0.336,0.584,0.630,0.416,0.640,0.773,0.438,0.243,0.175,0.270,0.461,0.166,0.091,0.224,0.036,0.935,0.888,0.661,0.468,0.731,0.461,0.545,0.553,0.649,0.565
rights-threat-surge,Rights-threat surge,Docket contains more laws or actions with high generated rights-risk signals.,independence-accountability-hybrid,Hybrid court balancing independence and accountability,court_variant,strong_form_court,pipeline,state/state_high_court,1288,1288,54385,53097,1.000,0.024,0.830,0.764,0.006,0.848,0.780,0.884,0.768,0.116,0.848,1.000,0.658,0.574,2.000,0.590,0.508,0.744,0.288,0.482,0.588,0.478,0.320,0.590,0.640,0.395,0.641,0.767,0.458,0.248,0.165,0.219,0.470,0.157,0.090,0.248,0.035,0.936,0.890,0.644,0.456,0.671,0.447,0.522,0.502,0.629,0.535
rights-threat-surge,Rights-threat surge,Docket contains more laws or actions with high generated rights-risk signals.,weak-form-review,Weak-form review with legislative reply,synthetic_mechanism,weak_form_review,pipeline,federal/circuit_en_banc,917,917,1088,171,1.000,0.843,0.955,0.669,0.072,0.620,0.000,0.717,0.701,0.288,0.485,0.402,0.763,0.648,3.000,0.433,0.510,0.733,0.206,0.485,0.608,0.553,0.346,0.637,0.682,0.142,0.677,0.778,0.647,0.103,0.083,0.172,0.641,0.069,0.020,0.503,0.080,0.342,0.206,0.343,0.312,0.425,0.299,0.327,0.433,0.420,0.372
rights-threat-surge,Rights-threat surge,Docket contains more laws or actions with high generated rights-risk signals.,weak-form-review,Weak-form review with legislative reply,synthetic_mechanism,weak_form_review,pipeline,federal/circuit_panel,1944,1944,2222,278,1.000,0.875,0.950,0.681,0.069,0.684,0.000,0.769,0.665,0.287,0.505,0.455,0.608,0.567,2.000,0.451,0.469,0.724,0.212,0.515,0.640,0.578,0.330,0.640,0.692,0.093,0.678,0.779,0.635,0.086,0.097,0.162,0.618,0.059,0.037,0.507,0.077,0.326,0.194,0.335,0.310,0.370,0.292,0.313,0.401,0.411,0.352
rights-threat-surge,Rights-threat surge,Docket contains more laws or actions with high generated rights-risk signals.,weak-form-review,Weak-form review with legislative reply,synthetic_mechanism,weak_form_review,pipeline,federal/district_only,554,554,660,106,1.000,0.839,0.939,0.678,0.086,0.671,0.000,0.734,0.776,0.301,0.534,0.559,0.521,0.490,1.000,0.458,0.448,0.723,0.218,0.521,0.646,0.586,0.327,0.642,0.692,0.070,0.678,0.779,0.621,0.092,0.099,0.168,0.612,0.072,0.027,0.491,0.080,0.328,0.195,0.336,0.308,0.326,0.292,0.302,0.366,0.405,0.335
rights-threat-surge,Rights-threat surge,Docket contains more laws or actions with high generated rights-risk signals.,weak-form-review,Weak-form review with legislative reply,synthetic_mechanism,weak_form_review,pipeline,federal/state_federal_split,178,178,209,31,1.000,0.852,0.951,0.673,0.062,0.677,0.000,0.806,0.742,0.258,0.724,0.387,0.918,0.663,3.000,0.571,0.553,0.713,0.231,0.493,0.628,0.560,0.335,0.633,0.679,0.135,0.676,0.790,0.624,0.090,0.090,0.191,0.624,0.079,0.039,0.478,0.057,0.319,0.195,0.370,0.314,0.443,0.300,0.332,0.442,0.425,0.379
rights-threat-surge,Rights-threat surge,Docket contains more laws or actions with high generated rights-risk signals.,weak-form-review,Weak-form review with legislative reply,synthetic_mechanism,weak_form_review,pipeline,mixed_state_federal/circuit_en_banc,915,915,1087,172,1.000,0.842,0.939,0.672,0.076,0.698,0.000,0.754,0.687,0.374,0.698,0.380,0.845,0.652,3.000,0.795,0.596,0.713,0.263,0.492,0.616,0.557,0.344,0.630,0.672,0.137,0.676,0.808,0.614,0.116,0.091,0.201,0.633,0.072,0.025,0.357,0.076,0.338,0.197,0.336,0.315,0.440,0.304,0.332,0.437,0.427,0.379
rights-threat-surge,Rights-threat surge,Docket contains more laws or actions with high generated rights-risk signals.,weak-form-review,Weak-form review with legislative reply,synthetic_mechanism,weak_form_review,pipeline,mixed_state_federal/district_only,138,138,195,57,1.000,0.708,0.890,0.629,0.141,0.742,0.000,0.823,0.758,0.306,0.742,0.710,0.723,0.476,1.000,0.785,0.536,0.702,0.284,0.502,0.635,0.557,0.379,0.633,0.655,0.110,0.678,0.809,0.601,0.145,0.051,0.138,0.572,0.116,0.014,0.283,0.073,0.361,0.229,0.369,0.312,0.358,0.317,0.312,0.363,0.417,0.349
rights-threat-surge,Rights-threat surge,Docket contains more laws or actions with high generated rights-risk signals.,weak-form-review,Weak-form review with legislative reply,synthetic_mechanism,weak_form_review,pipeline,mixed_state_federal/state_federal_split,1595,1595,1856,261,1.000,0.859,0.940,0.676,0.064,0.782,0.000,0.764,0.690,0.295,0.782,0.417,0.897,0.659,3.000,0.823,0.613,0.707,0.266,0.517,0.644,0.566,0.331,0.629,0.678,0.110,0.676,0.811,0.591,0.132,0.102,0.199,0.621,0.061,0.026,0.354,0.075,0.334,0.188,0.344,0.314,0.446,0.301,0.333,0.446,0.431,0.381
rights-threat-surge,Rights-threat surge,Docket contains more laws or actions with high generated rights-risk signals.,weak-form-review,Weak-form review with legislative reply,synthetic_mechanism,weak_form_review,pipeline,state/circuit_en_banc,91,91,104,13,1.000,0.875,0.973,0.668,0.056,0.154,0.000,0.615,0.615,0.154,0.154,0.000,0.822,0.666,3.000,0.503,0.548,0.746,0.199,0.500,0.557,0.526,0.384,0.638,0.684,0.207,0.677,0.780,0.659,0.055,0.077,0.187,0.637,0.143,0.022,0.484,0.059,0.304,0.180,0.354,0.314,0.432,0.299,0.330,0.429,0.415,0.372
rights-threat-surge,Rights-threat surge,Docket contains more laws or actions with high generated rights-risk signals.,weak-form-review,Weak-form review with legislative reply,synthetic_mechanism,weak_form_review,pipeline,state/circuit_panel,608,608,699,91,1.000,0.870,0.949,0.681,0.066,0.734,0.000,0.725,0.642,0.312,0.734,0.459,0.660,0.572,2.000,0.613,0.510,0.720,0.234,0.520,0.636,0.574,0.333,0.638,0.688,0.101,0.677,0.792,0.650,0.094,0.100,0.143,0.582,0.061,0.035,0.393,0.076,0.315,0.178,0.344,0.310,0.378,0.293,0.315,0.403,0.413,0.355
rights-threat-surge,Rights-threat surge,Docket contains more laws or actions with high generated rights-risk signals.,weak-form-review,Weak-form review with legislative reply,synthetic_mechanism,weak_form_review,pipeline,state/district_only,120,120,161,41,1.000,0.745,0.913,0.645,0.125,0.490,0.000,0.755,0.714,0.245,0.490,0.571,0.672,0.487,1.000,0.594,0.496,0.717,0.247,0.500,0.624,0.564,0.374,0.638,0.669,0.107,0.678,0.792,0.625,0.108,0.092,0.225,0.600,0.117,0.017,0.342,0.073,0.374,0.230,0.371,0.310,0.348,0.308,0.308,0.363,0.412,0.344
rights-threat-surge,Rights-threat surge,Docket contains more laws or actions with high generated rights-risk signals.,weak-form-review,Weak-form review with legislative reply,synthetic_mechanism,weak_form_review,pipeline,state/state_federal_split,1252,1252,1475,223,1.000,0.849,0.945,0.677,0.067,0.748,0.000,0.687,0.717,0.213,0.748,0.452,0.883,0.655,3.000,0.641,0.563,0.714,0.242,0.514,0.641,0.570,0.336,0.632,0.682,0.113,0.676,0.796,0.629,0.101,0.093,0.197,0.598,0.065,0.034,0.413,0.076,0.328,0.190,0.341,0.313,0.441,0.300,0.331,0.444,0.428,0.379
rights-threat-surge,Rights-threat surge,Docket contains more laws or actions with high generated rights-risk signals.,weak-form-review,Weak-form review with legislative reply,synthetic_mechanism,weak_form_review,pipeline,state/state_high_court,1288,1288,1446,158,1.000,0.891,0.950,0.690,0.060,0.847,0.000,0.722,0.718,0.263,0.847,0.498,0.658,0.574,2.000,0.590,0.508,0.717,0.233,0.524,0.655,0.588,0.320,0.637,0.693,0.073,0.677,0.790,0.635,0.096,0.088,0.171,0.627,0.060,0.020,0.389,0.076,0.330,0.195,0.332,0.310,0.377,0.291,0.315,0.410,0.415,0.356
rights-threat-surge,Rights-threat surge,Docket contains more laws or actions with high generated rights-risk signals.,suspended-declaration-review,Suspended declarations of invalidity,synthetic_mechanism,suspended_declaration,pipeline,federal/circuit_en_banc,917,917,1039,122,1.000,0.883,0.915,0.686,0.007,0.675,0.552,0.857,0.683,0.119,0.556,1.000,0.763,0.648,3.000,0.433,0.510,0.757,0.250,0.504,0.627,0.556,0.346,0.626,0.662,0.172,0.622,0.856,0.507,0.189,0.135,0.213,0.496,0.201,0.069,0.340,0.036,0.942,0.897,0.658,0.331,0.476,0.298,0.356,0.441,0.463,0.396
rights-threat-surge,Rights-threat surge,Docket contains more laws or actions with high generated rights-risk signals.,suspended-declaration-review,Suspended declarations of invalidity,synthetic_mechanism,suspended_declaration,pipeline,federal/circuit_panel,1944,1944,2176,232,1.000,0.893,0.890,0.699,0.008,0.788,0.736,0.835,0.738,0.185,0.662,1.000,0.608,0.567,2.000,0.451,0.469,0.764,0.278,0.535,0.659,0.579,0.330,0.627,0.670,0.124,0.623,0.860,0.488,0.210,0.168,0.209,0.476,0.175,0.082,0.345,0.031,0.946,0.901,0.674,0.328,0.422,0.291,0.343,0.410,0.454,0.376
rights-threat-surge,Rights-threat surge,Docket contains more laws or actions with high generated rights-risk signals.,suspended-declaration-review,Suspended declarations of invalidity,synthetic_mechanism,suspended_declaration,pipeline,federal/district_only,554,554,639,85,1.000,0.867,0.875,0.696,0.012,0.713,0.792,0.851,0.723,0.128,0.614,1.000,0.521,0.490,1.000,0.458,0.448,0.764,0.285,0.539,0.667,0.588,0.327,0.629,0.670,0.101,0.624,0.861,0.520,0.215,0.144,0.202,0.491,0.186,0.070,0.316,0.035,0.945,0.896,0.667,0.326,0.378,0.289,0.332,0.375,0.447,0.358
rights-threat-surge,Rights-threat surge,Docket contains more laws or actions with high generated rights-risk signals.,suspended-declaration-review,Suspended declarations of invalidity,synthetic_mechanism,suspended_declaration,pipeline,federal/state_federal_split,178,178,198,20,1.000,0.899,0.896,0.684,0.005,0.700,0.646,0.900,0.700,0.100,0.737,1.000,0.918,0.663,3.000,0.571,0.553,0.751,0.283,0.507,0.641,0.564,0.335,0.622,0.655,0.164,0.622,0.869,0.433,0.258,0.157,0.253,0.478,0.163,0.084,0.331,0.014,0.961,0.932,0.712,0.331,0.495,0.299,0.361,0.451,0.467,0.402
rights-threat-surge,Rights-threat surge,Docket contains more laws or actions with high generated rights-risk signals.,suspended-declaration-review,Suspended declarations of invalidity,synthetic_mechanism,suspended_declaration,pipeline,mixed_state_federal/circuit_en_banc,915,915,1030,115,1.000,0.888,0.891,0.667,0.007,0.769,0.655,0.880,0.692,0.094,0.769,1.000,0.845,0.652,3.000,0.795,0.596,0.745,0.317,0.514,0.639,0.561,0.344,0.618,0.647,0.161,0.622,0.888,0.455,0.232,0.162,0.262,0.460,0.177,0.081,0.184,0.032,0.946,0.898,0.668,0.333,0.491,0.302,0.361,0.447,0.471,0.402
rights-threat-surge,Rights-threat surge,Docket contains more laws or actions with high generated rights-risk signals.,suspended-declaration-review,Suspended declarations of invalidity,synthetic_mechanism,suspended_declaration,pipeline,mixed_state_federal/district_only,138,138,185,47,1.000,0.746,0.843,0.650,0.027,0.787,0.768,0.830,0.681,0.149,0.787,1.000,0.723,0.476,1.000,0.785,0.536,0.735,0.338,0.532,0.661,0.561,0.379,0.621,0.639,0.137,0.623,0.889,0.449,0.290,0.138,0.246,0.486,0.203,0.080,0.196,0.035,0.941,0.888,0.691,0.330,0.410,0.312,0.342,0.373,0.459,0.372
rights-threat-surge,Rights-threat surge,Docket contains more laws or actions with high generated rights-risk signals.,suspended-declaration-review,Suspended declarations of invalidity,synthetic_mechanism,suspended_declaration,pipeline,mixed_state_federal/state_federal_split,1595,1595,1750,155,1.000,0.911,0.876,0.672,0.005,0.822,0.769,0.885,0.726,0.115,0.822,1.000,0.897,0.659,3.000,0.823,0.613,0.748,0.340,0.535,0.660,0.570,0.331,0.615,0.650,0.140,0.622,0.893,0.455,0.270,0.161,0.275,0.429,0.204,0.095,0.183,0.032,0.946,0.897,0.667,0.332,0.497,0.299,0.362,0.455,0.473,0.405
rights-threat-surge,Rights-threat surge,Docket contains more laws or actions with high generated rights-risk signals.,suspended-declaration-review,Suspended declarations of invalidity,synthetic_mechanism,suspended_declaration,pipeline,state/circuit_en_banc,91,91,101,10,1.000,0.901,0.957,0.658,0.000,0.100,0.220,0.800,0.600,0.100,0.100,1.000,0.822,0.666,3.000,0.503,0.548,0.741,0.209,0.511,0.575,0.528,0.384,0.630,0.654,0.236,0.622,0.854,0.473,0.253,0.099,0.220,0.538,0.198,0.077,0.275,0.031,0.945,0.922,0.692,0.332,0.485,0.300,0.359,0.437,0.459,0.397
rights-threat-surge,Rights-threat surge,Docket contains more laws or actions with high generated rights-risk signals.,suspended-declaration-review,Suspended declarations of invalidity,synthetic_mechanism,suspended_declaration,pipeline,state/circuit_panel,608,608,673,65,1.000,0.903,0.891,0.691,0.007,0.817,0.712,0.803,0.648,0.042,0.817,1.000,0.660,0.572,2.000,0.613,0.510,0.759,0.299,0.536,0.653,0.577,0.333,0.624,0.663,0.131,0.623,0.873,0.456,0.240,0.164,0.234,0.446,0.199,0.082,0.234,0.032,0.947,0.901,0.689,0.329,0.431,0.292,0.345,0.411,0.456,0.378
rights-threat-surge,Rights-threat surge,Docket contains more laws or actions with high generated rights-risk signals.,suspended-declaration-review,Suspended declarations of invalidity,synthetic_mechanism,suspended_declaration,pipeline,state/district_only,120,120,155,35,1.000,0.774,0.866,0.663,0.022,0.694,0.675,0.944,0.694,0.194,0.694,1.000,0.672,0.487,1.000,0.594,0.496,0.740,0.293,0.514,0.645,0.567,0.374,0.627,0.649,0.141,0.624,0.871,0.442,0.250,0.142,0.283,0.467,0.183,0.050,0.250,0.029,0.944,0.894,0.641,0.328,0.400,0.303,0.338,0.372,0.453,0.366
rights-threat-surge,Rights-threat surge,Docket contains more laws or actions with high generated rights-risk signals.,suspended-declaration-review,Suspended declarations of invalidity,synthetic_mechanism,suspended_declaration,pipeline,state/state_federal_split,1252,1252,1383,131,1.000,0.905,0.882,0.683,0.005,0.748,0.752,0.916,0.664,0.107,0.748,1.000,0.883,0.655,3.000,0.641,0.563,0.755,0.311,0.530,0.659,0.574,0.336,0.619,0.657,0.141,0.622,0.878,0.478,0.236,0.160,0.256,0.461,0.174,0.093,0.222,0.033,0.948,0.899,0.679,0.331,0.492,0.298,0.361,0.453,0.470,0.402
rights-threat-surge,Rights-threat surge,Docket contains more laws or actions with high generated rights-risk signals.,suspended-declaration-review,Suspended declarations of invalidity,synthetic_mechanism,suspended_declaration,pipeline,state/state_high_court,1288,1288,1414,126,1.000,0.911,0.878,0.704,0.007,0.877,0.835,0.862,0.681,0.087,0.877,1.000,0.658,0.574,2.000,0.590,0.508,0.766,0.311,0.539,0.671,0.590,0.320,0.623,0.669,0.105,0.623,0.874,0.484,0.226,0.175,0.222,0.474,0.179,0.083,0.237,0.031,0.949,0.901,0.664,0.328,0.430,0.290,0.345,0.418,0.458,0.379
rights-threat-surge,Rights-threat surge,Docket contains more laws or actions with high generated rights-risk signals.,override-clause-review,Strong-form review with explicit override clause,synthetic_mechanism,legislative_override_clause,pipeline,federal/circuit_en_banc,917,917,8152,7235,1.000,0.112,0.867,0.711,0.069,0.618,0.512,0.719,0.652,0.264,0.495,0.410,0.763,0.648,3.000,0.433,0.510,0.725,0.228,0.462,0.559,0.458,0.346,0.620,0.632,0.343,0.631,0.882,0.466,0.229,0.156,0.254,0.456,0.184,0.071,0.334,0.038,0.928,0.886,0.670,0.312,0.608,0.360,0.367,0.451,0.492,0.436
rights-threat-surge,Rights-threat surge,Docket contains more laws or actions with high generated rights-risk signals.,override-clause-review,Strong-form review with explicit override clause,synthetic_mechanism,legislative_override_clause,pipeline,federal/circuit_panel,1944,1944,17459,15515,1.000,0.111,0.828,0.735,0.077,0.738,0.687,0.691,0.644,0.300,0.567,0.455,0.608,0.567,2.000,0.451,0.469,0.729,0.243,0.476,0.570,0.480,0.330,0.623,0.637,0.313,0.632,0.884,0.440,0.246,0.167,0.251,0.467,0.153,0.081,0.347,0.033,0.932,0.889,0.682,0.310,0.555,0.355,0.353,0.416,0.481,0.416
rights-threat-surge,Rights-threat surge,Docket contains more laws or actions with high generated rights-risk signals.,override-clause-review,Strong-form review with explicit override clause,synthetic_mechanism,legislative_override_clause,pipeline,federal/district_only,554,554,4999,4445,1.000,0.111,0.799,0.739,0.095,0.755,0.760,0.714,0.605,0.327,0.648,0.544,0.521,0.490,1.000,0.458,0.448,0.724,0.253,0.480,0.573,0.491,0.327,0.625,0.635,0.296,0.632,0.885,0.428,0.235,0.162,0.245,0.486,0.179,0.076,0.334,0.035,0.934,0.888,0.674,0.308,0.510,0.354,0.342,0.379,0.473,0.398
rights-threat-surge,Rights-threat surge,Docket contains more laws or actions with high generated rights-risk signals.,override-clause-review,Strong-form review with explicit override clause,synthetic_mechanism,legislative_override_clause,pipeline,federal/state_federal_split,178,178,1498,1320,1.000,0.119,0.840,0.721,0.058,0.538,0.633,0.692,0.538,0.269,0.667,0.231,0.918,0.663,3.000,0.571,0.553,0.726,0.249,0.462,0.565,0.465,0.335,0.617,0.628,0.337,0.630,0.893,0.449,0.287,0.124,0.242,0.506,0.146,0.056,0.337,0.018,0.945,0.917,0.700,0.313,0.624,0.357,0.371,0.460,0.495,0.441
rights-threat-surge,Rights-threat surge,Docket contains more laws or actions with high generated rights-risk signals.,override-clause-review,Strong-form review with explicit override clause,synthetic_mechanism,legislative_override_clause,pipeline,mixed_state_federal/circuit_en_banc,915,915,7756,6841,1.000,0.118,0.834,0.714,0.074,0.726,0.617,0.738,0.655,0.274,0.726,0.357,0.845,0.652,3.000,0.795,0.596,0.715,0.286,0.460,0.560,0.463,0.344,0.613,0.619,0.337,0.630,0.912,0.433,0.264,0.162,0.277,0.447,0.191,0.077,0.170,0.034,0.935,0.889,0.674,0.315,0.621,0.362,0.371,0.455,0.499,0.442
rights-threat-surge,Rights-threat surge,Docket contains more laws or actions with high generated rights-risk signals.,override-clause-review,Strong-form review with explicit override clause,synthetic_mechanism,legislative_override_clause,pipeline,mixed_state_federal/district_only,138,138,1143,1005,1.000,0.121,0.751,0.706,0.142,0.770,0.765,0.754,0.689,0.279,0.770,0.689,0.723,0.476,1.000,0.785,0.536,0.695,0.317,0.455,0.571,0.476,0.379,0.616,0.603,0.315,0.632,0.914,0.297,0.304,0.196,0.391,0.413,0.181,0.065,0.196,0.042,0.935,0.887,0.664,0.312,0.532,0.371,0.350,0.377,0.484,0.409
rights-threat-surge,Rights-threat surge,Docket contains more laws or actions with high generated rights-risk signals.,override-clause-review,Strong-form review with explicit override clause,synthetic_mechanism,legislative_override_clause,pipeline,mixed_state_federal/state_federal_split,1595,1595,13258,11663,1.000,0.120,0.812,0.729,0.069,0.774,0.745,0.695,0.670,0.251,0.774,0.384,0.897,0.659,3.000,0.823,0.613,0.720,0.300,0.467,0.570,0.471,0.331,0.611,0.621,0.325,0.630,0.916,0.408,0.293,0.175,0.304,0.459,0.181,0.092,0.149,0.032,0.936,0.888,0.672,0.314,0.626,0.360,0.372,0.461,0.500,0.444
rights-threat-surge,Rights-threat surge,Docket contains more laws or actions with high generated rights-risk signals.,override-clause-review,Strong-form review with explicit override clause,synthetic_mechanism,legislative_override_clause,pipeline,state/circuit_en_banc,91,91,818,727,1.000,0.111,0.929,0.673,0.089,0.143,0.171,0.762,0.667,0.333,0.143,0.000,0.822,0.666,3.000,0.503,0.548,0.709,0.224,0.481,0.541,0.428,0.384,0.620,0.627,0.384,0.630,0.885,0.495,0.176,0.088,0.286,0.440,0.198,0.011,0.286,0.032,0.932,0.904,0.712,0.314,0.618,0.367,0.371,0.450,0.494,0.441
rights-threat-surge,Rights-threat surge,Docket contains more laws or actions with high generated rights-risk signals.,override-clause-review,Strong-form review with explicit override clause,synthetic_mechanism,legislative_override_clause,pipeline,state/circuit_panel,608,608,5363,4755,1.000,0.113,0.829,0.734,0.073,0.775,0.676,0.700,0.608,0.233,0.775,0.458,0.660,0.572,2.000,0.613,0.510,0.727,0.264,0.472,0.569,0.477,0.333,0.620,0.632,0.316,0.631,0.897,0.396,0.273,0.186,0.276,0.456,0.160,0.067,0.215,0.036,0.935,0.892,0.693,0.311,0.562,0.356,0.356,0.418,0.483,0.419
rights-threat-surge,Rights-threat surge,Docket contains more laws or actions with high generated rights-risk signals.,override-clause-review,Strong-form review with explicit override clause,synthetic_mechanism,legislative_override_clause,pipeline,state/district_only,120,120,1027,907,1.000,0.117,0.792,0.697,0.132,0.612,0.620,0.735,0.673,0.367,0.612,0.592,0.672,0.487,1.000,0.594,0.496,0.693,0.278,0.452,0.560,0.479,0.374,0.621,0.611,0.327,0.632,0.897,0.400,0.242,0.233,0.233,0.450,0.175,0.067,0.217,0.034,0.931,0.884,0.649,0.310,0.526,0.365,0.347,0.375,0.478,0.404
rights-threat-surge,Rights-threat surge,Docket contains more laws or actions with high generated rights-risk signals.,override-clause-review,Strong-form review with explicit override clause,synthetic_mechanism,legislative_override_clause,pipeline,state/state_federal_split,1252,1252,10481,9229,1.000,0.119,0.817,0.732,0.063,0.793,0.724,0.779,0.620,0.269,0.793,0.438,0.883,0.655,3.000,0.641,0.563,0.727,0.270,0.457,0.572,0.475,0.336,0.615,0.626,0.323,0.630,0.900,0.447,0.249,0.164,0.268,0.448,0.176,0.090,0.228,0.037,0.935,0.890,0.688,0.313,0.621,0.358,0.370,0.460,0.497,0.441
rights-threat-surge,Rights-threat surge,Docket contains more laws or actions with high generated rights-risk signals.,override-clause-review,Strong-form review with explicit override clause,synthetic_mechanism,legislative_override_clause,pipeline,state/state_high_court,1288,1288,11164,9876,1.000,0.115,0.809,0.754,0.066,0.829,0.805,0.781,0.662,0.263,0.829,0.482,0.658,0.574,2.000,0.590,0.508,0.734,0.267,0.469,0.575,0.489,0.320,0.620,0.636,0.300,0.631,0.896,0.432,0.263,0.195,0.244,0.425,0.172,0.097,0.207,0.035,0.935,0.890,0.664,0.310,0.561,0.353,0.355,0.423,0.483,0.419
rights-threat-surge,Rights-threat surge,Docket contains more laws or actions with high generated rights-risk signals.,pre-enactment-review,Pre-enactment review before laws take effect,synthetic_mechanism,pre_enactment_review,pipeline,federal/circuit_en_banc,917,917,1088,171,1.000,0.843,0.941,0.727,0.068,0.624,0.384,0.803,0.723,0.277,0.490,0.370,0.763,0.648,3.000,0.433,0.510,0.741,0.241,0.456,0.561,0.553,0.346,0.615,0.635,0.499,0.579,0.852,0.486,0.215,0.137,0.256,0.482,0.183,0.060,0.379,0.041,0.913,0.866,0.647,0.444,0.436,0.364,0.455,0.490,0.527,0.449
rights-threat-surge,Rights-threat surge,Docket contains more laws or actions with high generated rights-risk signals.,pre-enactment-review,Pre-enactment review before laws take effect,synthetic_mechanism,pre_enactment_review,pipeline,federal/circuit_panel,1944,1944,2331,387,1.000,0.834,0.922,0.758,0.073,0.707,0.584,0.785,0.770,0.296,0.520,0.477,0.608,0.567,2.000,0.451,0.469,0.739,0.264,0.476,0.574,0.574,0.330,0.616,0.641,0.481,0.580,0.855,0.458,0.232,0.168,0.244,0.475,0.168,0.083,0.342,0.038,0.918,0.869,0.666,0.441,0.384,0.360,0.442,0.452,0.515,0.428
rights-threat-surge,Rights-threat surge,Docket contains more laws or actions with high generated rights-risk signals.,pre-enactment-review,Pre-enactment review before laws take effect,synthetic_mechanism,pre_enactment_review,pipeline,federal/district_only,554,554,674,120,1.000,0.822,0.913,0.763,0.075,0.679,0.615,0.771,0.725,0.282,0.530,0.618,0.521,0.490,1.000,0.458,0.448,0.735,0.270,0.480,0.575,0.585,0.327,0.619,0.642,0.471,0.581,0.856,0.468,0.218,0.162,0.209,0.478,0.193,0.061,0.377,0.039,0.917,0.864,0.650,0.439,0.342,0.357,0.431,0.415,0.507,0.410
rights-threat-surge,Rights-threat surge,Docket contains more laws or actions with high generated rights-risk signals.,pre-enactment-review,Pre-enactment review before laws take effect,synthetic_mechanism,pre_enactment_review,pipeline,federal/state_federal_split,178,178,212,34,1.000,0.840,0.922,0.747,0.065,0.559,0.577,0.765,0.529,0.147,0.581,0.353,0.918,0.663,3.000,0.571,0.553,0.734,0.276,0.460,0.571,0.559,0.335,0.610,0.630,0.503,0.579,0.866,0.421,0.185,0.152,0.281,0.500,0.129,0.079,0.326,0.019,0.936,0.902,0.688,0.445,0.454,0.368,0.460,0.499,0.529,0.455
rights-threat-surge,Rights-threat surge,Docket contains more laws or actions with high generated rights-risk signals.,pre-enactment-review,Pre-enactment review before laws take effect,synthetic_mechanism,pre_enactment_review,pipeline,mixed_state_federal/circuit_en_banc,915,915,1078,163,1.000,0.849,0.920,0.733,0.069,0.667,0.483,0.830,0.679,0.267,0.667,0.364,0.845,0.652,3.000,0.795,0.596,0.727,0.302,0.457,0.562,0.558,0.344,0.607,0.623,0.501,0.579,0.883,0.451,0.254,0.140,0.271,0.470,0.177,0.075,0.170,0.037,0.922,0.869,0.649,0.446,0.450,0.368,0.460,0.495,0.532,0.454
rights-threat-surge,Rights-threat surge,Docket contains more laws or actions with high generated rights-risk signals.,pre-enactment-review,Pre-enactment review before laws take effect,synthetic_mechanism,pre_enactment_review,pipeline,mixed_state_federal/district_only,138,138,199,61,1.000,0.693,0.878,0.731,0.131,0.672,0.458,0.869,0.672,0.377,0.672,0.705,0.723,0.476,1.000,0.785,0.536,0.702,0.323,0.449,0.561,0.555,0.379,0.610,0.609,0.501,0.580,0.885,0.442,0.297,0.130,0.304,0.486,0.217,0.116,0.217,0.044,0.923,0.870,0.667,0.444,0.378,0.384,0.443,0.415,0.524,0.427
rights-threat-surge,Rights-threat surge,Docket contains more laws or actions with high generated rights-risk signals.,pre-enactment-review,Pre-enactment review before laws take effect,synthetic_mechanism,pre_enactment_review,pipeline,mixed_state_federal/state_federal_split,1595,1595,1849,254,1.000,0.863,0.912,0.755,0.059,0.756,0.618,0.776,0.752,0.260,0.756,0.409,0.897,0.659,3.000,0.823,0.613,0.729,0.320,0.470,0.573,0.567,0.331,0.605,0.627,0.498,0.579,0.887,0.411,0.278,0.177,0.300,0.452,0.179,0.084,0.179,0.035,0.921,0.866,0.650,0.446,0.458,0.366,0.461,0.499,0.533,0.457
rights-threat-surge,Rights-threat surge,Docket contains more laws or actions with high generated rights-risk signals.,pre-enactment-review,Pre-enactment review before laws take effect,synthetic_mechanism,pre_enactment_review,pipeline,state/circuit_en_banc,91,91,109,18,1.000,0.835,0.972,0.678,0.073,0.111,0.027,0.778,0.722,0.278,0.111,0.000,0.822,0.666,3.000,0.503,0.548,0.741,0.214,0.490,0.544,0.522,0.384,0.616,0.632,0.514,0.579,0.853,0.429,0.165,0.143,0.297,0.571,0.132,0.077,0.308,0.034,0.924,0.899,0.709,0.446,0.440,0.371,0.458,0.496,0.530,0.453
rights-threat-surge,Rights-threat surge,Docket contains more laws or actions with high generated rights-risk signals.,pre-enactment-review,Pre-enactment review before laws take effect,synthetic_mechanism,pre_enactment_review,pipeline,state/circuit_panel,608,608,711,103,1.000,0.855,0.921,0.759,0.063,0.682,0.590,0.738,0.776,0.299,0.682,0.421,0.660,0.572,2.000,0.613,0.510,0.739,0.284,0.479,0.574,0.573,0.333,0.613,0.638,0.483,0.580,0.868,0.475,0.240,0.137,0.215,0.465,0.145,0.081,0.242,0.039,0.922,0.874,0.658,0.443,0.392,0.360,0.445,0.457,0.517,0.431
rights-threat-surge,Rights-threat surge,Docket contains more laws or actions with high generated rights-risk signals.,pre-enactment-review,Pre-enactment review before laws take effect,synthetic_mechanism,pre_enactment_review,pipeline,state/district_only,120,120,164,44,1.000,0.732,0.906,0.717,0.117,0.511,0.416,0.867,0.756,0.178,0.511,0.578,0.672,0.487,1.000,0.594,0.496,0.713,0.282,0.463,0.558,0.563,0.374,0.615,0.621,0.493,0.580,0.867,0.492,0.225,0.100,0.233,0.425,0.125,0.050,0.225,0.032,0.914,0.862,0.623,0.441,0.367,0.371,0.438,0.417,0.518,0.421
rights-threat-surge,Rights-threat surge,Docket contains more laws or actions with high generated rights-risk signals.,pre-enactment-review,Pre-enactment review before laws take effect,synthetic_mechanism,pre_enactment_review,pipeline,state/state_federal_split,1252,1252,1465,213,1.000,0.855,0.917,0.757,0.060,0.723,0.605,0.765,0.742,0.282,0.723,0.446,0.883,0.655,3.000,0.641,0.563,0.735,0.292,0.469,0.574,0.571,0.336,0.608,0.633,0.497,0.579,0.872,0.455,0.236,0.158,0.271,0.425,0.189,0.076,0.222,0.038,0.924,0.871,0.665,0.445,0.453,0.365,0.460,0.497,0.530,0.454
rights-threat-surge,Rights-threat surge,Docket contains more laws or actions with high generated rights-risk signals.,pre-enactment-review,Pre-enactment review before laws take effect,synthetic_mechanism,pre_enactment_review,pipeline,state/state_high_court,1288,1288,1503,215,1.000,0.857,0.912,0.781,0.065,0.802,0.714,0.767,0.705,0.198,0.802,0.463,0.658,0.574,2.000,0.590,0.508,0.740,0.294,0.476,0.579,0.585,0.320,0.613,0.642,0.476,0.580,0.868,0.449,0.237,0.172,0.246,0.467,0.161,0.083,0.234,0.038,0.924,0.873,0.646,0.442,0.392,0.358,0.444,0.461,0.516,0.431
rights-threat-surge,Rights-threat surge,Docket contains more laws or actions with high generated rights-risk signals.,abstract-review-tribunal,Abstract review tribunal,synthetic_mechanism,abstract_review,pipeline,federal/circuit_en_banc,917,917,994,77,1.000,0.923,0.885,0.747,0.007,0.744,0.501,0.872,0.718,0.192,0.673,1.000,0.763,0.648,3.000,0.433,0.510,0.740,0.237,0.467,0.569,0.559,0.346,0.614,0.646,0.296,0.563,0.924,0.460,0.232,0.147,0.236,0.508,0.171,0.071,0.353,0.037,0.932,0.888,0.657,0.439,0.468,0.331,0.459,0.502,0.536,0.451
rights-threat-surge,Rights-threat surge,Docket contains more laws or actions with high generated rights-risk signals.,abstract-review-tribunal,Abstract review tribunal,synthetic_mechanism,abstract_review,pipeline,federal/circuit_panel,1944,1944,2146,202,1.000,0.906,0.844,0.779,0.009,0.775,0.701,0.882,0.721,0.118,0.684,1.000,0.608,0.567,2.000,0.451,0.469,0.741,0.262,0.486,0.584,0.580,0.330,0.616,0.651,0.278,0.565,0.927,0.461,0.222,0.170,0.226,0.472,0.178,0.080,0.343,0.033,0.937,0.892,0.680,0.429,0.416,0.321,0.440,0.454,0.519,0.425
rights-threat-surge,Rights-threat surge,Docket contains more laws or actions with high generated rights-risk signals.,abstract-review-tribunal,Abstract review tribunal,synthetic_mechanism,abstract_review,pipeline,federal/district_only,554,554,627,73,1.000,0.884,0.819,0.792,0.013,0.750,0.773,0.882,0.697,0.184,0.679,1.000,0.521,0.490,1.000,0.458,0.448,0.740,0.271,0.491,0.588,0.590,0.327,0.619,0.651,0.268,0.565,0.928,0.460,0.238,0.150,0.222,0.464,0.193,0.090,0.347,0.035,0.940,0.890,0.667,0.424,0.374,0.315,0.426,0.410,0.509,0.404
rights-threat-surge,Rights-threat surge,Docket contains more laws or actions with high generated rights-risk signals.,abstract-review-tribunal,Abstract review tribunal,synthetic_mechanism,abstract_review,pipeline,federal/state_federal_split,178,178,183,5,1.000,0.973,0.856,0.755,0.001,0.600,0.596,0.800,1.000,0.200,0.500,1.000,0.918,0.663,3.000,0.571,0.553,0.732,0.265,0.465,0.574,0.569,0.335,0.609,0.639,0.296,0.563,0.937,0.410,0.208,0.230,0.247,0.478,0.169,0.090,0.264,0.016,0.955,0.926,0.707,0.447,0.484,0.335,0.469,0.523,0.541,0.461
rights-threat-surge,Rights-threat surge,Docket contains more laws or actions with high generated rights-risk signals.,abstract-review-tribunal,Abstract review tribunal,synthetic_mechanism,abstract_review,pipeline,mixed_state_federal/circuit_en_banc,915,915,990,75,1.000,0.924,0.854,0.751,0.007,0.827,0.601,0.853,0.760,0.200,0.827,1.000,0.845,0.652,3.000,0.795,0.596,0.725,0.300,0.468,0.571,0.564,0.344,0.606,0.632,0.299,0.563,0.955,0.440,0.251,0.174,0.264,0.456,0.185,0.089,0.191,0.033,0.940,0.891,0.662,0.445,0.481,0.339,0.466,0.513,0.543,0.460
rights-threat-surge,Rights-threat surge,Docket contains more laws or actions with high generated rights-risk signals.,abstract-review-tribunal,Abstract review tribunal,synthetic_mechanism,abstract_review,pipeline,mixed_state_federal/district_only,138,138,180,42,1.000,0.767,0.780,0.760,0.037,0.881,0.732,0.857,0.643,0.167,0.881,1.000,0.723,0.476,1.000,0.785,0.536,0.711,0.325,0.466,0.583,0.563,0.379,0.608,0.621,0.298,0.564,0.957,0.428,0.203,0.246,0.283,0.420,0.217,0.167,0.246,0.035,0.936,0.884,0.655,0.440,0.409,0.348,0.447,0.432,0.533,0.430
rights-threat-surge,Rights-threat surge,Docket contains more laws or actions with high generated rights-risk signals.,abstract-review-tribunal,Abstract review tribunal,synthetic_mechanism,abstract_review,pipeline,mixed_state_federal/state_federal_split,1595,1595,1713,118,1.000,0.931,0.831,0.770,0.005,0.754,0.727,0.831,0.729,0.127,0.754,1.000,0.897,0.659,3.000,0.823,0.613,0.727,0.321,0.477,0.581,0.572,0.331,0.603,0.634,0.297,0.563,0.960,0.445,0.279,0.155,0.273,0.451,0.172,0.083,0.177,0.033,0.939,0.889,0.662,0.446,0.490,0.339,0.469,0.520,0.545,0.464
rights-threat-surge,Rights-threat surge,Docket contains more laws or actions with high generated rights-risk signals.,abstract-review-tribunal,Abstract review tribunal,synthetic_mechanism,abstract_review,pipeline,state/circuit_en_banc,91,91,99,8,1.000,0.919,0.951,0.700,0.001,0.125,0.176,0.875,0.500,0.375,0.125,1.000,0.822,0.666,3.000,0.503,0.548,0.734,0.208,0.487,0.551,0.529,0.384,0.615,0.645,0.310,0.563,0.925,0.462,0.264,0.143,0.242,0.538,0.176,0.044,0.231,0.033,0.936,0.913,0.711,0.446,0.472,0.340,0.465,0.517,0.542,0.459
rights-threat-surge,Rights-threat surge,Docket contains more laws or actions with high generated rights-risk signals.,abstract-review-tribunal,Abstract review tribunal,synthetic_mechanism,abstract_review,pipeline,state/circuit_panel,608,608,653,45,1.000,0.931,0.842,0.778,0.007,0.778,0.706,0.911,0.800,0.111,0.778,1.000,0.660,0.572,2.000,0.613,0.510,0.738,0.285,0.475,0.583,0.579,0.333,0.613,0.644,0.280,0.564,0.940,0.488,0.230,0.151,0.232,0.457,0.163,0.077,0.235,0.034,0.941,0.895,0.686,0.433,0.423,0.323,0.444,0.463,0.523,0.430
rights-threat-surge,Rights-threat surge,Docket contains more laws or actions with high generated rights-risk signals.,abstract-review-tribunal,Abstract review tribunal,synthetic_mechanism,abstract_review,pipeline,state/district_only,120,120,148,28,1.000,0.811,0.814,0.756,0.024,0.714,0.642,0.714,0.750,0.250,0.714,1.000,0.672,0.487,1.000,0.594,0.496,0.719,0.281,0.457,0.577,0.571,0.374,0.614,0.631,0.289,0.565,0.939,0.475,0.208,0.150,0.217,0.483,0.183,0.058,0.192,0.032,0.935,0.888,0.635,0.436,0.398,0.335,0.441,0.430,0.526,0.422
rights-threat-surge,Rights-threat surge,Docket contains more laws or actions with high generated rights-risk signals.,abstract-review-tribunal,Abstract review tribunal,synthetic_mechanism,abstract_review,pipeline,state/state_federal_split,1252,1252,1348,96,1.000,0.929,0.833,0.772,0.006,0.823,0.713,0.854,0.781,0.125,0.823,1.000,0.883,0.655,3.000,0.641,0.563,0.732,0.293,0.465,0.583,0.576,0.336,0.606,0.637,0.295,0.563,0.945,0.446,0.234,0.169,0.266,0.466,0.182,0.083,0.224,0.034,0.942,0.894,0.683,0.445,0.485,0.337,0.468,0.518,0.543,0.461
rights-threat-surge,Rights-threat surge,Docket contains more laws or actions with high generated rights-risk signals.,abstract-review-tribunal,Abstract review tribunal,synthetic_mechanism,abstract_review,pipeline,state/state_high_court,1288,1288,1378,90,1.000,0.935,0.824,0.799,0.006,0.857,0.811,0.890,0.780,0.088,0.857,1.000,0.658,0.574,2.000,0.590,0.508,0.741,0.292,0.478,0.588,0.591,0.320,0.612,0.648,0.273,0.564,0.940,0.473,0.238,0.161,0.225,0.472,0.173,0.078,0.255,0.033,0.942,0.895,0.664,0.432,0.424,0.321,0.443,0.466,0.522,0.429
rights-threat-surge,Rights-threat surge,Docket contains more laws or actions with high generated rights-risk signals.,ombudsman-triggered-review,Ombudsman-triggered constitutional review,synthetic_mechanism,ombudsman_triggered_review,pipeline,federal/circuit_en_banc,917,917,93519,92602,1.000,0.010,0.858,0.714,0.069,0.706,0.548,0.782,0.700,0.200,0.564,0.406,0.763,0.648,3.000,0.433,0.510,0.722,0.255,0.463,0.568,0.445,0.346,0.604,0.618,0.511,0.602,0.795,0.426,0.216,0.180,0.268,0.473,0.184,0.089,0.362,0.032,0.945,0.898,0.712,0.336,0.914,0.459,0.459,0.486,0.500,0.531
rights-threat-surge,Rights-threat surge,Docket contains more laws or actions with high generated rights-risk signals.,ombudsman-triggered-review,Ombudsman-triggered constitutional review,synthetic_mechanism,ombudsman_triggered_review,pipeline,federal/circuit_panel,1944,1944,193246,191302,1.000,0.010,0.816,0.740,0.071,0.825,0.748,0.734,0.715,0.263,0.681,0.495,0.608,0.567,2.000,0.451,0.469,0.722,0.279,0.478,0.582,0.468,0.330,0.605,0.621,0.494,0.603,0.798,0.434,0.235,0.175,0.253,0.463,0.186,0.096,0.328,0.029,0.948,0.900,0.723,0.335,0.870,0.453,0.449,0.450,0.490,0.513
rights-threat-surge,Rights-threat surge,Docket contains more laws or actions with high generated rights-risk signals.,ombudsman-triggered-review,Ombudsman-triggered constitutional review,synthetic_mechanism,ombudsman_triggered_review,pipeline,federal/district_only,554,554,54206,53652,1.000,0.010,0.784,0.746,0.092,0.804,0.825,0.825,0.664,0.259,0.686,0.566,0.521,0.490,1.000,0.458,0.448,0.715,0.292,0.481,0.584,0.479,0.327,0.606,0.618,0.483,0.604,0.800,0.446,0.256,0.159,0.240,0.444,0.181,0.083,0.330,0.031,0.947,0.895,0.713,0.334,0.829,0.452,0.440,0.413,0.484,0.496
rights-threat-surge,Rights-threat surge,Docket contains more laws or actions with high generated rights-risk signals.,ombudsman-triggered-review,Ombudsman-triggered constitutional review,synthetic_mechanism,ombudsman_triggered_review,pipeline,federal/state_federal_split,178,178,17182,17004,1.000,0.010,0.821,0.719,0.082,0.684,0.684,0.658,0.763,0.368,0.697,0.316,0.918,0.663,3.000,0.571,0.553,0.710,0.289,0.459,0.573,0.452,0.335,0.599,0.608,0.515,0.602,0.808,0.455,0.275,0.146,0.236,0.438,0.152,0.079,0.287,0.015,0.963,0.930,0.737,0.338,0.932,0.462,0.464,0.492,0.503,0.537
rights-threat-surge,Rights-threat surge,Docket contains more laws or actions with high generated rights-risk signals.,ombudsman-triggered-review,Ombudsman-triggered constitutional review,synthetic_mechanism,ombudsman_triggered_review,pipeline,mixed_state_federal/circuit_en_banc,915,915,89081,88166,1.000,0.010,0.825,0.717,0.072,0.761,0.649,0.742,0.761,0.362,0.761,0.368,0.845,0.652,3.000,0.795,0.596,0.708,0.319,0.459,0.569,0.450,0.344,0.596,0.603,0.514,0.602,0.826,0.412,0.269,0.170,0.287,0.433,0.192,0.091,0.149,0.030,0.950,0.900,0.714,0.339,0.927,0.462,0.463,0.489,0.505,0.536
rights-threat-surge,Rights-threat surge,Docket contains more laws or actions with high generated rights-risk signals.,ombudsman-triggered-review,Ombudsman-triggered constitutional review,synthetic_mechanism,ombudsman_triggered_review,pipeline,mixed_state_federal/district_only,138,138,12910,12772,1.000,0.011,0.737,0.712,0.134,0.839,0.835,0.821,0.679,0.268,0.839,0.696,0.723,0.476,1.000,0.785,0.536,0.687,0.356,0.460,0.583,0.463,0.379,0.598,0.587,0.503,0.603,0.830,0.355,0.239,0.275,0.333,0.457,0.217,0.181,0.181,0.032,0.947,0.891,0.724,0.338,0.852,0.468,0.447,0.411,0.494,0.506
rights-threat-surge,Rights-threat surge,Docket contains more laws or actions with high generated rights-risk signals.,ombudsman-triggered-review,Ombudsman-triggered constitutional review,synthetic_mechanism,ombudsman_triggered_review,pipeline,mixed_state_federal/state_federal_split,1595,1595,150357,148762,1.000,0.011,0.804,0.730,0.066,0.827,0.771,0.713,0.706,0.294,0.827,0.408,0.897,0.659,3.000,0.823,0.613,0.708,0.338,0.466,0.578,0.458,0.331,0.594,0.603,0.513,0.602,0.831,0.412,0.304,0.169,0.295,0.436,0.204,0.092,0.171,0.029,0.949,0.897,0.715,0.339,0.937,0.460,0.466,0.493,0.507,0.539
rights-threat-surge,Rights-threat surge,Docket contains more laws or actions with high generated rights-risk signals.,ombudsman-triggered-review,Ombudsman-triggered constitutional review,synthetic_mechanism,ombudsman_triggered_review,pipeline,state/circuit_en_banc,91,91,10029,9938,1.000,0.009,0.931,0.691,0.046,0.000,0.241,0.667,0.750,0.583,0.000,0.000,0.822,0.666,3.000,0.503,0.548,0.729,0.223,0.493,0.554,0.415,0.384,0.607,0.626,0.523,0.602,0.794,0.440,0.253,0.154,0.286,0.451,0.176,0.088,0.231,0.027,0.951,0.922,0.749,0.336,0.908,0.464,0.456,0.490,0.498,0.531
rights-threat-surge,Rights-threat surge,Docket contains more laws or actions with high generated rights-risk signals.,ombudsman-triggered-review,Ombudsman-triggered constitutional review,synthetic_mechanism,ombudsman_triggered_review,pipeline,state/circuit_panel,608,608,59903,59295,1.000,0.010,0.820,0.738,0.063,0.788,0.717,0.740,0.673,0.250,0.788,0.462,0.660,0.572,2.000,0.613,0.510,0.721,0.297,0.468,0.579,0.464,0.333,0.602,0.616,0.497,0.603,0.811,0.433,0.245,0.166,0.247,0.492,0.153,0.086,0.234,0.031,0.948,0.900,0.731,0.336,0.875,0.453,0.450,0.452,0.492,0.515
rights-threat-surge,Rights-threat surge,Docket contains more laws or actions with high generated rights-risk signals.,ombudsman-triggered-review,Ombudsman-triggered constitutional review,synthetic_mechanism,ombudsman_triggered_review,pipeline,state/district_only,120,120,11383,11263,1.000,0.011,0.761,0.709,0.149,0.654,0.781,0.750,0.673,0.231,0.654,0.538,0.672,0.487,1.000,0.594,0.496,0.686,0.319,0.441,0.575,0.466,0.374,0.602,0.592,0.498,0.603,0.813,0.442,0.242,0.183,0.250,0.383,0.225,0.092,0.325,0.029,0.947,0.895,0.680,0.336,0.844,0.466,0.444,0.411,0.492,0.504
rights-threat-surge,Rights-threat surge,Docket contains more laws or actions with high generated rights-risk signals.,ombudsman-triggered-review,Ombudsman-triggered constitutional review,synthetic_mechanism,ombudsman_triggered_review,pipeline,state/state_federal_split,1252,1252,118283,117031,1.000,0.011,0.806,0.734,0.064,0.809,0.768,0.761,0.703,0.263,0.809,0.435,0.883,0.655,3.000,0.641,0.563,0.714,0.310,0.454,0.581,0.462,0.336,0.597,0.607,0.511,0.602,0.816,0.417,0.268,0.172,0.283,0.435,0.177,0.087,0.212,0.031,0.950,0.900,0.727,0.338,0.933,0.457,0.465,0.492,0.504,0.537
rights-threat-surge,Rights-threat surge,Docket contains more laws or actions with high generated rights-risk signals.,ombudsman-triggered-review,Ombudsman-triggered constitutional review,synthetic_mechanism,ombudsman_triggered_review,pipeline,state/state_high_court,1288,1288,121005,119717,1.000,0.011,0.800,0.757,0.059,0.891,0.841,0.718,0.743,0.292,0.891,0.495,0.658,0.574,2.000,0.590,0.508,0.724,0.307,0.467,0.585,0.477,0.320,0.601,0.618,0.491,0.603,0.811,0.430,0.257,0.187,0.255,0.449,0.183,0.099,0.219,0.031,0.950,0.902,0.709,0.337,0.881,0.449,0.452,0.457,0.493,0.516
rights-threat-surge,Rights-threat surge,Docket contains more laws or actions with high generated rights-risk signals.,constitutional-public-defender,Constitutional public defender access model,synthetic_mechanism,constitutional_public_defender,pipeline,federal/circuit_en_banc,917,917,102124,101207,1.000,0.009,0.857,0.796,0.006,0.741,0.592,0.884,0.777,0.107,0.676,1.000,0.763,0.648,3.000,0.433,0.510,0.742,0.246,0.472,0.575,0.445,0.346,0.601,0.642,0.498,0.630,0.766,0.473,0.214,0.166,0.231,0.478,0.193,0.081,0.350,0.036,0.943,0.903,0.663,0.340,0.895,0.457,0.458,0.486,0.537,0.534
rights-threat-surge,Rights-threat surge,Docket contains more laws or actions with high generated rights-risk signals.,constitutional-public-defender,Constitutional public defender access model,synthetic_mechanism,constitutional_public_defender,pipeline,federal/circuit_panel,1944,1944,213147,211203,1.000,0.009,0.820,0.832,0.008,0.845,0.767,0.885,0.758,0.115,0.744,1.000,0.608,0.567,2.000,0.451,0.469,0.745,0.269,0.487,0.588,0.468,0.330,0.603,0.647,0.480,0.631,0.769,0.474,0.222,0.177,0.222,0.472,0.174,0.092,0.342,0.030,0.949,0.907,0.679,0.338,0.845,0.451,0.446,0.449,0.527,0.514
rights-threat-surge,Rights-threat surge,Docket contains more laws or actions with high generated rights-risk signals.,constitutional-public-defender,Constitutional public defender access model,synthetic_mechanism,constitutional_public_defender,pipeline,federal/district_only,554,554,60042,59488,1.000,0.009,0.792,0.847,0.013,0.808,0.839,0.818,0.657,0.131,0.731,1.000,0.521,0.490,1.000,0.458,0.448,0.744,0.278,0.492,0.591,0.479,0.327,0.605,0.649,0.469,0.632,0.770,0.457,0.209,0.202,0.204,0.469,0.182,0.123,0.343,0.033,0.948,0.901,0.670,0.337,0.803,0.449,0.437,0.412,0.520,0.497
rights-threat-surge,Rights-threat surge,Docket contains more laws or actions with high generated rights-risk signals.,constitutional-public-defender,Constitutional public defender access model,synthetic_mechanism,constitutional_public_defender,pipeline,federal/state_federal_split,178,178,18851,18673,1.000,0.009,0.835,0.805,0.004,0.591,0.646,0.864,0.636,0.091,0.619,1.000,0.918,0.663,3.000,0.571,0.553,0.736,0.270,0.469,0.576,0.452,0.335,0.598,0.636,0.501,0.630,0.778,0.455,0.225,0.169,0.320,0.466,0.157,0.101,0.309,0.016,0.959,0.932,0.703,0.341,0.912,0.458,0.462,0.492,0.540,0.540
rights-threat-surge,Rights-threat surge,Docket contains more laws or actions with high generated rights-risk signals.,constitutional-public-defender,Constitutional public defender access model,synthetic_mechanism,constitutional_public_defender,pipeline,mixed_state_federal/circuit_en_banc,915,915,97635,96720,1.000,0.009,0.825,0.801,0.006,0.828,0.691,0.869,0.737,0.172,0.828,1.000,0.845,0.652,3.000,0.795,0.596,0.729,0.309,0.471,0.576,0.450,0.344,0.594,0.628,0.502,0.630,0.797,0.457,0.251,0.157,0.283,0.440,0.208,0.074,0.163,0.029,0.952,0.907,0.679,0.342,0.908,0.460,0.462,0.488,0.542,0.539
rights-threat-surge,Rights-threat surge,Docket contains more laws or actions with high generated rights-risk signals.,constitutional-public-defender,Constitutional public defender access model,synthetic_mechanism,constitutional_public_defender,pipeline,mixed_state_federal/district_only,138,138,14346,14208,1.000,0.010,0.755,0.801,0.029,0.848,0.819,0.913,0.739,0.130,0.848,1.000,0.723,0.476,1.000,0.785,0.536,0.719,0.332,0.468,0.588,0.463,0.379,0.597,0.617,0.489,0.631,0.798,0.493,0.254,0.174,0.246,0.384,0.196,0.072,0.246,0.036,0.947,0.895,0.687,0.339,0.823,0.466,0.442,0.410,0.528,0.506
rights-threat-surge,Rights-threat surge,Docket contains more laws or actions with high generated rights-risk signals.,constitutional-public-defender,Constitutional public defender access model,synthetic_mechanism,constitutional_public_defender,pipeline,mixed_state_federal/state_federal_split,1595,1595,165248,163653,1.000,0.010,0.806,0.817,0.005,0.866,0.793,0.866,0.652,0.116,0.866,1.000,0.897,0.659,3.000,0.823,0.613,0.730,0.328,0.477,0.585,0.457,0.331,0.592,0.629,0.500,0.630,0.802,0.418,0.286,0.161,0.294,0.473,0.172,0.094,0.149,0.030,0.951,0.904,0.671,0.342,0.914,0.458,0.464,0.493,0.543,0.541
rights-threat-surge,Rights-threat surge,Docket contains more laws or actions with high generated rights-risk signals.,constitutional-public-defender,Constitutional public defender access model,synthetic_mechanism,constitutional_public_defender,pipeline,state/circuit_en_banc,91,91,10736,10645,1.000,0.008,0.932,0.744,0.001,0.214,0.242,0.786,0.500,0.143,0.214,1.000,0.822,0.666,3.000,0.503,0.548,0.738,0.216,0.483,0.555,0.415,0.384,0.604,0.640,0.511,0.630,0.766,0.396,0.286,0.143,0.330,0.418,0.286,0.088,0.242,0.032,0.950,0.924,0.725,0.339,0.899,0.467,0.458,0.489,0.539,0.538
rights-threat-surge,Rights-threat surge,Docket contains more laws or actions with high generated rights-risk signals.,constitutional-public-defender,Constitutional public defender access model,synthetic_mechanism,constitutional_public_defender,pipeline,state/circuit_panel,608,608,66004,65396,1.000,0.009,0.822,0.829,0.007,0.857,0.740,0.937,0.746,0.143,0.857,1.000,0.660,0.572,2.000,0.613,0.510,0.742,0.289,0.473,0.584,0.464,0.333,0.600,0.641,0.483,0.631,0.782,0.439,0.263,0.181,0.252,0.465,0.196,0.090,0.258,0.033,0.951,0.907,0.697,0.338,0.851,0.451,0.448,0.452,0.528,0.516
rights-threat-surge,Rights-threat surge,Docket contains more laws or actions with high generated rights-risk signals.,constitutional-public-defender,Constitutional public defender access model,synthetic_mechanism,constitutional_public_defender,pipeline,state/district_only,120,120,12660,12540,1.000,0.009,0.773,0.806,0.024,0.816,0.767,0.816,0.763,0.158,0.816,1.000,0.672,0.487,1.000,0.594,0.496,0.721,0.295,0.442,0.585,0.466,0.374,0.601,0.622,0.484,0.631,0.782,0.467,0.258,0.158,0.233,0.342,0.300,0.075,0.233,0.028,0.951,0.905,0.649,0.339,0.818,0.461,0.441,0.411,0.527,0.504
rights-threat-surge,Rights-threat surge,Docket contains more laws or actions with high generated rights-risk signals.,constitutional-public-defender,Constitutional public defender access model,synthetic_mechanism,constitutional_public_defender,pipeline,state/state_federal_split,1252,1252,130803,129551,1.000,0.010,0.810,0.818,0.005,0.833,0.781,0.868,0.781,0.123,0.833,1.000,0.883,0.655,3.000,0.641,0.563,0.736,0.300,0.462,0.587,0.462,0.336,0.595,0.632,0.497,0.630,0.786,0.432,0.261,0.161,0.282,0.461,0.176,0.089,0.230,0.032,0.951,0.905,0.684,0.341,0.908,0.455,0.462,0.491,0.540,0.538
rights-threat-surge,Rights-threat surge,Docket contains more laws or actions with high generated rights-risk signals.,constitutional-public-defender,Constitutional public defender access model,synthetic_mechanism,constitutional_public_defender,pipeline,state/state_high_court,1288,1288,133662,132374,1.000,0.010,0.802,0.856,0.007,0.914,0.852,0.887,0.735,0.099,0.914,1.000,0.658,0.574,2.000,0.590,0.508,0.746,0.297,0.475,0.589,0.477,0.320,0.599,0.645,0.476,0.631,0.782,0.436,0.256,0.177,0.255,0.452,0.170,0.095,0.238,0.032,0.950,0.904,0.664,0.339,0.853,0.450,0.449,0.455,0.530,0.517
rights-threat-surge,Rights-threat surge,Docket contains more laws or actions with high generated rights-risk signals.,rights-impact-statement-review,Rights-impact statements before review,synthetic_mechanism,rights_impact_statement,pipeline,federal/circuit_en_banc,917,917,1075,158,1.000,0.853,0.943,0.770,0.061,0.602,0.368,0.783,0.764,0.248,0.463,0.404,0.763,0.648,3.000,0.433,0.510,0.760,0.237,0.458,0.564,0.554,0.346,0.614,0.656,0.489,0.698,0.729,0.493,0.217,0.131,0.253,0.485,0.176,0.068,0.374,0.046,0.900,0.853,0.632,0.418,0.453,0.363,0.433,0.492,0.541,0.448
rights-threat-surge,Rights-threat surge,Docket contains more laws or actions with high generated rights-risk signals.,rights-impact-statement-review,Rights-impact statements before review,synthetic_mechanism,rights_impact_statement,pipeline,federal/circuit_panel,1944,1944,2294,350,1.000,0.847,0.925,0.795,0.067,0.671,0.540,0.760,0.778,0.243,0.466,0.473,0.608,0.567,2.000,0.451,0.469,0.756,0.258,0.476,0.575,0.576,0.330,0.616,0.662,0.471,0.699,0.731,0.469,0.219,0.160,0.219,0.478,0.170,0.072,0.344,0.042,0.906,0.858,0.640,0.415,0.399,0.360,0.420,0.454,0.528,0.427
rights-threat-surge,Rights-threat surge,Docket contains more laws or actions with high generated rights-risk signals.,rights-impact-statement-review,Rights-impact statements before review,synthetic_mechanism,rights_impact_statement,pipeline,federal/district_only,554,554,676,122,1.000,0.820,0.914,0.792,0.078,0.652,0.569,0.830,0.830,0.274,0.512,0.570,0.521,0.490,1.000,0.458,0.448,0.749,0.266,0.477,0.574,0.584,0.327,0.618,0.659,0.461,0.700,0.732,0.484,0.227,0.143,0.193,0.453,0.186,0.056,0.336,0.046,0.905,0.852,0.640,0.413,0.355,0.358,0.408,0.417,0.519,0.409
rights-threat-surge,Rights-threat surge,Docket contains more laws or actions with high generated rights-risk signals.,rights-impact-statement-review,Rights-impact statements before review,synthetic_mechanism,rights_impact_statement,pipeline,federal/state_federal_split,178,178,203,25,1.000,0.877,0.930,0.790,0.050,0.560,0.509,0.800,0.720,0.360,0.667,0.320,0.918,0.663,3.000,0.571,0.553,0.755,0.266,0.460,0.571,0.562,0.335,0.610,0.654,0.491,0.697,0.741,0.511,0.230,0.135,0.253,0.399,0.202,0.062,0.360,0.021,0.920,0.890,0.674,0.419,0.471,0.364,0.438,0.502,0.544,0.454
rights-threat-surge,Rights-threat surge,Docket contains more laws or actions with high generated rights-risk signals.,rights-impact-statement-review,Rights-impact statements before review,synthetic_mechanism,rights_impact_statement,pipeline,mixed_state_federal/circuit_en_banc,915,915,1065,150,1.000,0.859,0.924,0.777,0.063,0.638,0.446,0.750,0.757,0.243,0.638,0.349,0.845,0.652,3.000,0.795,0.596,0.746,0.297,0.457,0.562,0.559,0.344,0.606,0.644,0.492,0.697,0.759,0.440,0.252,0.149,0.296,0.459,0.190,0.069,0.199,0.041,0.908,0.856,0.633,0.420,0.467,0.368,0.438,0.497,0.547,0.455
rights-threat-surge,Rights-threat surge,Docket contains more laws or actions with high generated rights-risk signals.,rights-impact-statement-review,Rights-impact statements before review,synthetic_mechanism,rights_impact_statement,pipeline,mixed_state_federal/district_only,138,138,202,64,1.000,0.683,0.882,0.752,0.136,0.578,0.440,0.766,0.766,0.344,0.578,0.656,0.723,0.476,1.000,0.785,0.536,0.718,0.322,0.449,0.562,0.554,0.379,0.609,0.626,0.492,0.699,0.761,0.362,0.290,0.167,0.304,0.326,0.232,0.087,0.130,0.046,0.913,0.858,0.645,0.418,0.388,0.386,0.419,0.416,0.534,0.425
rights-threat-surge,Rights-threat surge,Docket contains more laws or actions with high generated rights-risk signals.,rights-impact-statement-review,Rights-impact statements before review,synthetic_mechanism,rights_impact_statement,pipeline,mixed_state_federal/state_federal_split,1595,1595,1871,276,1.000,0.852,0.912,0.796,0.063,0.734,0.594,0.730,0.791,0.205,0.734,0.410,0.897,0.659,3.000,0.823,0.613,0.745,0.318,0.470,0.574,0.566,0.331,0.604,0.647,0.490,0.697,0.764,0.426,0.259,0.158,0.298,0.445,0.176,0.079,0.171,0.041,0.908,0.851,0.639,0.420,0.474,0.368,0.439,0.501,0.547,0.457
rights-threat-surge,Rights-threat surge,Docket contains more laws or actions with high generated rights-risk signals.,rights-impact-statement-review,Rights-impact statements before review,synthetic_mechanism,rights_impact_statement,pipeline,state/circuit_en_banc,91,91,105,14,1.000,0.867,0.978,0.726,0.057,0.071,0.013,0.500,0.643,0.286,0.071,0.000,0.822,0.666,3.000,0.503,0.548,0.764,0.208,0.493,0.546,0.525,0.384,0.616,0.656,0.504,0.697,0.729,0.429,0.242,0.132,0.308,0.462,0.231,0.011,0.264,0.034,0.904,0.878,0.659,0.420,0.461,0.368,0.437,0.499,0.547,0.454
rights-threat-surge,Rights-threat surge,Docket contains more laws or actions with high generated rights-risk signals.,rights-impact-statement-review,Rights-impact statements before review,synthetic_mechanism,rights_impact_statement,pipeline,state/circuit_panel,608,608,715,107,1.000,0.850,0.924,0.796,0.061,0.690,0.546,0.743,0.761,0.204,0.690,0.496,0.660,0.572,2.000,0.613,0.510,0.755,0.279,0.481,0.574,0.572,0.333,0.613,0.658,0.474,0.699,0.744,0.459,0.255,0.151,0.240,0.470,0.161,0.076,0.224,0.045,0.911,0.863,0.659,0.416,0.407,0.361,0.422,0.459,0.531,0.431
rights-threat-surge,Rights-threat surge,Docket contains more laws or actions with high generated rights-risk signals.,rights-impact-statement-review,Rights-impact statements before review,synthetic_mechanism,rights_impact_statement,pipeline,state/district_only,120,120,170,50,1.000,0.706,0.904,0.743,0.130,0.510,0.367,0.843,0.745,0.275,0.510,0.569,0.672,0.487,1.000,0.594,0.496,0.726,0.283,0.456,0.557,0.560,0.374,0.614,0.636,0.486,0.699,0.744,0.475,0.225,0.117,0.250,0.433,0.217,0.067,0.208,0.038,0.898,0.841,0.603,0.416,0.378,0.376,0.415,0.417,0.530,0.420
rights-threat-surge,Rights-threat surge,Docket contains more laws or actions with high generated rights-risk signals.,rights-impact-statement-review,Rights-impact statements before review,synthetic_mechanism,rights_impact_statement,pipeline,state/state_federal_split,1252,1252,1456,204,1.000,0.860,0.920,0.796,0.057,0.691,0.555,0.779,0.755,0.265,0.691,0.441,0.883,0.655,3.000,0.641,0.563,0.752,0.287,0.473,0.574,0.571,0.336,0.608,0.654,0.487,0.697,0.748,0.465,0.248,0.145,0.248,0.481,0.167,0.073,0.228,0.044,0.909,0.860,0.646,0.419,0.469,0.365,0.437,0.499,0.544,0.454
rights-threat-surge,Rights-threat surge,Docket contains more laws or actions with high generated rights-risk signals.,rights-impact-statement-review,Rights-impact statements before review,synthetic_mechanism,rights_impact_statement,pipeline,state/state_high_court,1288,1288,1504,216,1.000,0.856,0.913,0.818,0.063,0.811,0.670,0.762,0.789,0.242,0.811,0.493,0.658,0.574,2.000,0.590,0.508,0.756,0.289,0.480,0.579,0.585,0.320,0.612,0.662,0.467,0.699,0.744,0.436,0.250,0.179,0.242,0.468,0.170,0.099,0.244,0.040,0.912,0.861,0.629,0.416,0.407,0.359,0.421,0.462,0.530,0.430
rights-threat-surge,Rights-threat surge,Docket contains more laws or actions with high generated rights-risk signals.,mandatory-legislative-response,Mandatory legislative response cycles,synthetic_mechanism,mandatory_legislative_response,pipeline,federal/circuit_en_banc,917,917,1038,121,1.000,0.883,0.899,0.680,0.006,0.615,0.483,0.877,0.738,0.098,0.500,1.000,0.763,0.648,3.000,0.433,0.510,0.781,0.186,0.472,0.572,0.556,0.346,0.626,0.655,0.189,0.614,0.933,0.458,0.217,0.178,0.239,0.498,0.173,0.075,0.340,0.048,0.882,0.868,0.545,0.314,0.499,0.299,0.345,0.443,0.526,0.407
rights-threat-surge,Rights-threat surge,Docket contains more laws or actions with high generated rights-risk signals.,mandatory-legislative-response,Mandatory legislative response cycles,synthetic_mechanism,mandatory_legislative_response,pipeline,federal/circuit_panel,1944,1944,2198,254,1.000,0.884,0.863,0.695,0.007,0.643,0.668,0.917,0.831,0.147,0.486,1.000,0.608,0.567,2.000,0.451,0.469,0.791,0.190,0.491,0.586,0.579,0.330,0.629,0.662,0.141,0.615,0.934,0.456,0.215,0.176,0.235,0.482,0.170,0.080,0.352,0.046,0.892,0.874,0.568,0.311,0.445,0.293,0.331,0.411,0.517,0.387
rights-threat-surge,Rights-threat surge,Docket contains more laws or actions with high generated rights-risk signals.,mandatory-legislative-response,Mandatory legislative response cycles,synthetic_mechanism,mandatory_legislative_response,pipeline,federal/district_only,554,554,653,99,1.000,0.848,0.838,0.694,0.011,0.648,0.738,0.861,0.713,0.185,0.507,1.000,0.521,0.490,1.000,0.458,0.448,0.792,0.191,0.496,0.589,0.587,0.327,0.632,0.662,0.116,0.616,0.934,0.453,0.188,0.199,0.226,0.486,0.182,0.108,0.366,0.049,0.890,0.869,0.547,0.309,0.401,0.293,0.320,0.376,0.511,0.371
rights-threat-surge,Rights-threat surge,Docket contains more laws or actions with high generated rights-risk signals.,mandatory-legislative-response,Mandatory legislative response cycles,synthetic_mechanism,mandatory_legislative_response,pipeline,federal/state_federal_split,178,178,192,14,1.000,0.927,0.871,0.684,0.004,0.571,0.596,0.929,0.571,0.214,0.667,1.000,0.918,0.663,3.000,0.571,0.553,0.778,0.209,0.471,0.578,0.566,0.335,0.623,0.649,0.178,0.614,0.945,0.455,0.236,0.185,0.270,0.478,0.180,0.101,0.331,0.026,0.904,0.904,0.584,0.315,0.517,0.297,0.349,0.452,0.529,0.413
rights-threat-surge,Rights-threat surge,Docket contains more laws or actions with high generated rights-risk signals.,mandatory-legislative-response,Mandatory legislative response cycles,synthetic_mechanism,mandatory_legislative_response,pipeline,mixed_state_federal/circuit_en_banc,915,915,1040,125,1.000,0.880,0.871,0.680,0.007,0.603,0.581,0.873,0.746,0.103,0.603,1.000,0.845,0.652,3.000,0.795,0.596,0.772,0.241,0.471,0.573,0.560,0.344,0.619,0.643,0.181,0.614,0.963,0.439,0.239,0.180,0.280,0.451,0.174,0.098,0.198,0.046,0.894,0.874,0.554,0.316,0.514,0.305,0.349,0.447,0.534,0.414
rights-threat-surge,Rights-threat surge,Docket contains more laws or actions with high generated rights-risk signals.,mandatory-legislative-response,Mandatory legislative response cycles,synthetic_mechanism,mandatory_legislative_response,pipeline,mixed_state_federal/district_only,138,138,187,49,1.000,0.738,0.805,0.658,0.027,0.633,0.667,0.939,0.796,0.204,0.633,1.000,0.723,0.476,1.000,0.785,0.536,0.761,0.244,0.470,0.582,0.560,0.379,0.624,0.629,0.157,0.615,0.962,0.377,0.254,0.181,0.290,0.377,0.145,0.094,0.174,0.054,0.901,0.873,0.587,0.313,0.433,0.315,0.330,0.373,0.522,0.384
rights-threat-surge,Rights-threat surge,Docket contains more laws or actions with high generated rights-risk signals.,mandatory-legislative-response,Mandatory legislative response cycles,synthetic_mechanism,mandatory_legislative_response,pipeline,mixed_state_federal/state_federal_split,1595,1595,1751,156,1.000,0.911,0.849,0.685,0.004,0.688,0.708,0.898,0.790,0.134,0.688,1.000,0.897,0.659,3.000,0.823,0.613,0.778,0.254,0.482,0.585,0.570,0.331,0.617,0.644,0.157,0.614,0.967,0.418,0.245,0.195,0.295,0.460,0.186,0.089,0.182,0.044,0.890,0.868,0.553,0.316,0.520,0.300,0.350,0.455,0.536,0.416
rights-threat-surge,Rights-threat surge,Docket contains more laws or actions with high generated rights-risk signals.,mandatory-legislative-response,Mandatory legislative response cycles,synthetic_mechanism,mandatory_legislative_response,pipeline,state/circuit_en_banc,91,91,100,9,1.000,0.910,0.974,0.663,0.000,0.000,0.099,0.889,0.889,0.000,0.000,1.000,0.822,0.666,3.000,0.503,0.548,0.761,0.183,0.491,0.548,0.528,0.384,0.627,0.653,0.259,0.614,0.937,0.374,0.253,0.143,0.341,0.527,0.165,0.066,0.297,0.037,0.900,0.902,0.591,0.316,0.507,0.301,0.348,0.437,0.521,0.408
rights-threat-surge,Rights-threat surge,Docket contains more laws or actions with high generated rights-risk signals.,mandatory-legislative-response,Mandatory legislative response cycles,synthetic_mechanism,mandatory_legislative_response,pipeline,state/circuit_panel,608,608,671,63,1.000,0.906,0.862,0.691,0.006,0.700,0.658,0.857,0.786,0.129,0.700,1.000,0.660,0.572,2.000,0.613,0.510,0.785,0.219,0.485,0.585,0.577,0.333,0.626,0.654,0.146,0.615,0.948,0.406,0.238,0.183,0.250,0.442,0.171,0.089,0.247,0.045,0.897,0.877,0.582,0.312,0.453,0.294,0.333,0.413,0.519,0.390
rights-threat-surge,Rights-threat surge,Docket contains more laws or actions with high generated rights-risk signals.,mandatory-legislative-response,Mandatory legislative response cycles,synthetic_mechanism,mandatory_legislative_response,pipeline,state/district_only,120,120,160,40,1.000,0.750,0.850,0.659,0.019,0.475,0.542,0.925,0.700,0.175,0.475,1.000,0.672,0.487,1.000,0.594,0.496,0.771,0.200,0.468,0.572,0.565,0.374,0.629,0.643,0.157,0.616,0.944,0.458,0.225,0.192,0.283,0.500,0.200,0.125,0.258,0.050,0.878,0.864,0.538,0.311,0.424,0.308,0.326,0.373,0.517,0.379
rights-threat-surge,Rights-threat surge,Docket contains more laws or actions with high generated rights-risk signals.,mandatory-legislative-response,Mandatory legislative response cycles,synthetic_mechanism,mandatory_legislative_response,pipeline,state/state_federal_split,1252,1252,1396,144,1.000,0.897,0.852,0.688,0.005,0.660,0.693,0.847,0.764,0.111,0.660,1.000,0.883,0.655,3.000,0.641,0.563,0.783,0.226,0.475,0.586,0.574,0.336,0.620,0.649,0.158,0.614,0.952,0.460,0.226,0.181,0.261,0.467,0.165,0.087,0.230,0.048,0.894,0.872,0.574,0.315,0.515,0.300,0.349,0.454,0.534,0.414
rights-threat-surge,Rights-threat surge,Docket contains more laws or actions with high generated rights-risk signals.,mandatory-legislative-response,Mandatory legislative response cycles,synthetic_mechanism,mandatory_legislative_response,pipeline,state/state_high_court,1288,1288,1425,137,1.000,0.904,0.843,0.705,0.006,0.803,0.783,0.908,0.732,0.190,0.803,1.000,0.658,0.574,2.000,0.590,0.508,0.795,0.214,0.484,0.590,0.589,0.320,0.626,0.659,0.121,0.615,0.946,0.456,0.234,0.168,0.233,0.488,0.163,0.077,0.224,0.045,0.896,0.876,0.546,0.312,0.453,0.292,0.333,0.419,0.521,0.391
emergency-docket-stress,Emergency docket stress,"Higher urgency and executive pressure, meant to stress emergency-review procedures.",current-federal-court,Current-style federal supreme court,court_variant,strong_form_court,pipeline,federal/circuit_en_banc,893,893,35655,34762,1.000,0.025,0.669,0.640,0.895,0.587,0.000,0.025,0.352,0.592,0.457,0.000,0.718,0.559,3.000,0.389,0.473,0.467,0.469,0.364,0.524,0.418,0.390,0.596,0.507,0.533,0.643,0.758,0.312,0.354,0.155,0.400,0.323,0.232,0.056,0.236,0.015,0.961,0.890,0.862,0.311,0.706,0.460,0.386,0.431,0.447,0.465
emergency-docket-stress,Emergency docket stress,"Higher urgency and executive pressure, meant to stress emergency-review procedures.",current-federal-court,Current-style federal supreme court,court_variant,strong_form_court,pipeline,federal/circuit_panel,2093,2093,84412,82319,1.000,0.025,0.649,0.621,0.928,0.716,0.000,0.024,0.371,0.603,0.568,0.000,0.561,0.477,2.000,0.406,0.435,0.455,0.487,0.339,0.521,0.440,0.369,0.598,0.496,0.515,0.644,0.760,0.293,0.368,0.155,0.375,0.285,0.226,0.061,0.221,0.015,0.964,0.904,0.874,0.308,0.653,0.454,0.372,0.394,0.433,0.443
emergency-docket-stress,Emergency docket stress,"Higher urgency and executive pressure, meant to stress emergency-review procedures.",current-federal-court,Current-style federal supreme court,court_variant,strong_form_court,pipeline,federal/district_only,553,553,22644,22091,1.000,0.024,0.639,0.622,0.945,0.722,0.000,0.029,0.394,0.627,0.660,0.000,0.488,0.387,1.000,0.403,0.410,0.447,0.492,0.334,0.521,0.442,0.376,0.601,0.492,0.508,0.645,0.760,0.289,0.349,0.156,0.391,0.266,0.230,0.054,0.221,0.011,0.973,0.915,0.883,0.306,0.609,0.449,0.361,0.356,0.423,0.424
emergency-docket-stress,Emergency docket stress,"Higher urgency and executive pressure, meant to stress emergency-review procedures.",current-federal-court,Current-style federal supreme court,court_variant,strong_form_court,pipeline,federal/state_federal_split,195,195,7457,7262,1.000,0.026,0.645,0.598,0.920,0.718,0.000,0.015,0.374,0.605,0.750,0.000,0.886,0.560,3.000,0.529,0.519,0.443,0.506,0.328,0.520,0.424,0.378,0.591,0.481,0.535,0.643,0.772,0.246,0.333,0.231,0.477,0.323,0.195,0.103,0.174,0.005,0.975,0.928,0.900,0.312,0.724,0.460,0.390,0.435,0.449,0.469
emergency-docket-stress,Emergency docket stress,"Higher urgency and executive pressure, meant to stress emergency-review procedures.",current-federal-court,Current-style federal supreme court,court_variant,strong_form_court,pipeline,mixed_state_federal/circuit_en_banc,839,839,32246,31407,1.000,0.026,0.638,0.605,0.921,0.707,0.000,0.039,0.340,0.603,0.707,0.000,0.808,0.560,3.000,0.757,0.562,0.442,0.539,0.330,0.517,0.422,0.385,0.588,0.478,0.534,0.643,0.790,0.266,0.405,0.160,0.430,0.267,0.234,0.072,0.083,0.017,0.958,0.886,0.857,0.313,0.720,0.463,0.390,0.432,0.452,0.470
emergency-docket-stress,Emergency docket stress,"Higher urgency and executive pressure, meant to stress emergency-review procedures.",current-federal-court,Current-style federal supreme court,court_variant,strong_form_court,pipeline,mixed_state_federal/district_only,125,125,4887,4762,1.000,0.026,0.605,0.607,0.976,0.736,0.000,0.032,0.384,0.608,0.736,0.000,0.647,0.365,1.000,0.727,0.489,0.426,0.548,0.323,0.517,0.431,0.440,0.594,0.469,0.522,0.644,0.788,0.264,0.400,0.176,0.424,0.272,0.240,0.088,0.080,0.013,0.970,0.922,0.911,0.308,0.629,0.453,0.367,0.355,0.430,0.430
emergency-docket-stress,Emergency docket stress,"Higher urgency and executive pressure, meant to stress emergency-review procedures.",current-federal-court,Current-style federal supreme court,court_variant,strong_form_court,pipeline,mixed_state_federal/state_federal_split,1595,1595,60014,58419,1.000,0.027,0.622,0.572,0.945,0.828,0.000,0.026,0.358,0.613,0.828,0.000,0.862,0.564,3.000,0.783,0.576,0.427,0.559,0.300,0.516,0.430,0.375,0.586,0.461,0.532,0.642,0.795,0.245,0.434,0.169,0.466,0.241,0.232,0.071,0.060,0.014,0.967,0.906,0.878,0.313,0.725,0.463,0.392,0.436,0.452,0.471
emergency-docket-stress,Emergency docket stress,"Higher urgency and executive pressure, meant to stress emergency-review procedures.",current-federal-court,Current-style federal supreme court,court_variant,strong_form_court,pipeline,state/circuit_en_banc,70,70,2850,2780,1.000,0.025,0.700,0.706,0.845,0.357,0.000,0.000,0.371,0.471,0.357,0.000,0.818,0.583,3.000,0.465,0.518,0.493,0.450,0.415,0.518,0.382,0.401,0.596,0.533,0.546,0.643,0.761,0.186,0.443,0.157,0.457,0.314,0.386,0.086,0.114,0.012,0.975,0.916,0.894,0.313,0.721,0.465,0.390,0.436,0.454,0.471
emergency-docket-stress,Emergency docket stress,"Higher urgency and executive pressure, meant to stress emergency-review procedures.",current-federal-court,Current-style federal supreme court,court_variant,strong_form_court,pipeline,state/circuit_panel,599,599,23852,23253,1.000,0.025,0.649,0.625,0.920,0.688,0.000,0.027,0.347,0.604,0.688,0.000,0.625,0.482,2.000,0.564,0.474,0.456,0.506,0.337,0.520,0.434,0.371,0.596,0.493,0.518,0.644,0.773,0.295,0.346,0.167,0.362,0.295,0.240,0.068,0.112,0.020,0.955,0.888,0.860,0.309,0.662,0.456,0.375,0.396,0.436,0.446
emergency-docket-stress,Emergency docket stress,"Higher urgency and executive pressure, meant to stress emergency-review procedures.",current-federal-court,Current-style federal supreme court,court_variant,strong_form_court,pipeline,state/district_only,106,106,4244,4138,1.000,0.025,0.631,0.641,0.960,0.604,0.000,0.009,0.330,0.594,0.604,0.000,0.622,0.357,1.000,0.526,0.443,0.443,0.508,0.359,0.522,0.427,0.417,0.599,0.494,0.521,0.645,0.770,0.387,0.321,0.142,0.340,0.255,0.179,0.057,0.094,0.007,0.969,0.910,0.876,0.306,0.624,0.449,0.365,0.353,0.427,0.427
emergency-docket-stress,Emergency docket stress,"Higher urgency and executive pressure, meant to stress emergency-review procedures.",current-federal-court,Current-style federal supreme court,court_variant,strong_form_court,pipeline,state/state_federal_split,1259,1259,47952,46693,1.000,0.026,0.637,0.587,0.933,0.777,0.000,0.024,0.396,0.604,0.777,0.000,0.836,0.567,3.000,0.591,0.532,0.438,0.524,0.307,0.520,0.430,0.369,0.590,0.473,0.531,0.643,0.778,0.272,0.368,0.184,0.423,0.242,0.245,0.070,0.104,0.013,0.966,0.904,0.875,0.312,0.720,0.461,0.390,0.436,0.449,0.469
emergency-docket-stress,Emergency docket stress,"Higher urgency and executive pressure, meant to stress emergency-review procedures.",current-federal-court,Current-style federal supreme court,court_variant,strong_form_court,pipeline,state/state_high_court,1273,1273,50078,48805,1.000,0.025,0.640,0.601,0.938,0.786,0.000,0.021,0.367,0.580,0.786,0.000,0.620,0.485,2.000,0.540,0.477,0.444,0.512,0.317,0.517,0.439,0.361,0.595,0.482,0.515,0.644,0.772,0.280,0.387,0.165,0.403,0.266,0.228,0.056,0.112,0.012,0.969,0.911,0.885,0.309,0.661,0.455,0.374,0.400,0.435,0.446
emergency-docket-stress,Emergency docket stress,"Higher urgency and executive pressure, meant to stress emergency-review procedures.",eighteen-year-terms,Staggered 18-year nonrenewable terms,court_variant,strong_form_court,pipeline,federal/circuit_en_banc,893,893,35655,34762,1.000,0.025,0.680,0.658,0.883,0.523,0.000,0.038,0.383,0.581,0.392,0.000,0.718,0.559,3.000,0.389,0.473,0.481,0.462,0.378,0.526,0.418,0.390,0.596,0.517,0.525,0.643,0.757,0.319,0.351,0.157,0.362,0.326,0.232,0.060,0.262,0.015,0.960,0.887,0.863,0.316,0.706,0.475,0.390,0.432,0.449,0.469
emergency-docket-stress,Emergency docket stress,"Higher urgency and executive pressure, meant to stress emergency-review procedures.",eighteen-year-terms,Staggered 18-year nonrenewable terms,court_variant,strong_form_court,pipeline,federal/circuit_panel,2093,2093,84412,82319,1.000,0.025,0.657,0.633,0.920,0.668,0.000,0.043,0.375,0.607,0.491,0.000,0.561,0.477,2.000,0.406,0.435,0.467,0.481,0.352,0.523,0.440,0.369,0.598,0.503,0.507,0.644,0.760,0.296,0.360,0.161,0.362,0.300,0.226,0.070,0.221,0.016,0.962,0.901,0.874,0.313,0.653,0.468,0.377,0.396,0.436,0.448
emergency-docket-stress,Emergency docket stress,"Higher urgency and executive pressure, meant to stress emergency-review procedures.",eighteen-year-terms,Staggered 18-year nonrenewable terms,court_variant,strong_form_court,pipeline,federal/district_only,553,553,22644,22091,1.000,0.024,0.648,0.644,0.937,0.644,0.000,0.022,0.389,0.642,0.555,0.000,0.488,0.387,1.000,0.403,0.410,0.462,0.485,0.352,0.523,0.442,0.376,0.601,0.503,0.500,0.645,0.759,0.278,0.385,0.170,0.407,0.286,0.217,0.081,0.215,0.012,0.972,0.911,0.887,0.310,0.609,0.464,0.365,0.357,0.426,0.429
emergency-docket-stress,Emergency docket stress,"Higher urgency and executive pressure, meant to stress emergency-review procedures.",eighteen-year-terms,Staggered 18-year nonrenewable terms,court_variant,strong_form_court,pipeline,federal/state_federal_split,195,195,7457,7262,1.000,0.026,0.651,0.609,0.915,0.682,0.000,0.031,0.410,0.631,0.716,0.000,0.886,0.560,3.000,0.529,0.519,0.453,0.502,0.335,0.522,0.424,0.378,0.591,0.487,0.527,0.643,0.772,0.226,0.421,0.190,0.503,0.277,0.231,0.082,0.195,0.006,0.976,0.925,0.903,0.316,0.724,0.475,0.395,0.437,0.452,0.474
emergency-docket-stress,Emergency docket stress,"Higher urgency and executive pressure, meant to stress emergency-review procedures.",eighteen-year-terms,Staggered 18-year nonrenewable terms,court_variant,strong_form_court,pipeline,mixed_state_federal/circuit_en_banc,839,839,32246,31407,1.000,0.026,0.644,0.620,0.913,0.658,0.000,0.025,0.384,0.578,0.658,0.000,0.808,0.560,3.000,0.757,0.562,0.453,0.533,0.345,0.519,0.422,0.385,0.588,0.487,0.526,0.643,0.790,0.284,0.391,0.153,0.400,0.280,0.254,0.069,0.074,0.018,0.955,0.882,0.854,0.318,0.720,0.477,0.395,0.434,0.454,0.474
emergency-docket-stress,Emergency docket stress,"Higher urgency and executive pressure, meant to stress emergency-review procedures.",eighteen-year-terms,Staggered 18-year nonrenewable terms,court_variant,strong_form_court,pipeline,mixed_state_federal/district_only,125,125,4887,4762,1.000,0.026,0.612,0.613,0.970,0.704,0.000,0.056,0.440,0.744,0.704,0.000,0.647,0.365,1.000,0.727,0.489,0.434,0.543,0.341,0.518,0.431,0.440,0.594,0.476,0.514,0.645,0.787,0.304,0.384,0.184,0.360,0.216,0.304,0.064,0.072,0.013,0.970,0.923,0.906,0.313,0.629,0.468,0.372,0.357,0.433,0.435
emergency-docket-stress,Emergency docket stress,"Higher urgency and executive pressure, meant to stress emergency-review procedures.",eighteen-year-terms,Staggered 18-year nonrenewable terms,court_variant,strong_form_court,pipeline,mixed_state_federal/state_federal_split,1595,1595,60014,58419,1.000,0.027,0.629,0.586,0.937,0.784,0.000,0.031,0.386,0.611,0.784,0.000,0.862,0.564,3.000,0.783,0.576,0.438,0.553,0.315,0.518,0.430,0.375,0.585,0.469,0.524,0.643,0.794,0.251,0.408,0.175,0.459,0.252,0.246,0.066,0.063,0.014,0.966,0.903,0.875,0.318,0.725,0.477,0.396,0.438,0.454,0.476
emergency-docket-stress,Emergency docket stress,"Higher urgency and executive pressure, meant to stress emergency-review procedures.",eighteen-year-terms,Staggered 18-year nonrenewable terms,court_variant,strong_form_court,pipeline,state/circuit_en_banc,70,70,2850,2780,1.000,0.025,0.709,0.711,0.837,0.314,0.000,0.014,0.371,0.586,0.314,0.000,0.818,0.583,3.000,0.465,0.518,0.504,0.447,0.423,0.519,0.382,0.401,0.596,0.539,0.538,0.643,0.761,0.343,0.386,0.086,0.343,0.314,0.314,0.043,0.129,0.011,0.972,0.912,0.889,0.317,0.721,0.479,0.395,0.438,0.457,0.476
emergency-docket-stress,Emergency docket stress,"Higher urgency and executive pressure, meant to stress emergency-review procedures.",eighteen-year-terms,Staggered 18-year nonrenewable terms,court_variant,strong_form_court,pipeline,state/circuit_panel,599,599,23852,23253,1.000,0.025,0.657,0.636,0.911,0.646,0.000,0.052,0.402,0.563,0.646,0.000,0.625,0.482,2.000,0.564,0.474,0.466,0.500,0.353,0.521,0.434,0.371,0.595,0.501,0.510,0.644,0.772,0.301,0.349,0.144,0.352,0.277,0.247,0.067,0.134,0.020,0.954,0.886,0.860,0.314,0.662,0.470,0.379,0.397,0.439,0.451
emergency-docket-stress,Emergency docket stress,"Higher urgency and executive pressure, meant to stress emergency-review procedures.",eighteen-year-terms,Staggered 18-year nonrenewable terms,court_variant,strong_form_court,pipeline,state/district_only,106,106,4244,4138,1.000,0.025,0.640,0.664,0.961,0.528,0.000,0.057,0.349,0.736,0.528,0.000,0.622,0.357,1.000,0.526,0.443,0.458,0.505,0.383,0.523,0.427,0.417,0.598,0.505,0.513,0.645,0.770,0.283,0.387,0.132,0.406,0.255,0.226,0.028,0.151,0.007,0.972,0.909,0.883,0.311,0.624,0.464,0.369,0.354,0.429,0.432
emergency-docket-stress,Emergency docket stress,"Higher urgency and executive pressure, meant to stress emergency-review procedures.",eighteen-year-terms,Staggered 18-year nonrenewable terms,court_variant,strong_form_court,pipeline,state/state_federal_split,1259,1259,47952,46693,1.000,0.026,0.645,0.603,0.924,0.728,0.000,0.046,0.409,0.601,0.728,0.000,0.836,0.567,3.000,0.591,0.532,0.450,0.517,0.327,0.521,0.430,0.369,0.589,0.483,0.523,0.643,0.777,0.288,0.380,0.156,0.418,0.293,0.210,0.063,0.107,0.013,0.966,0.901,0.873,0.317,0.720,0.475,0.394,0.437,0.451,0.474
emergency-docket-stress,Emergency docket stress,"Higher urgency and executive pressure, meant to stress emergency-review procedures.",eighteen-year-terms,Staggered 18-year nonrenewable terms,court_variant,strong_form_court,pipeline,state/state_high_court,1273,1273,50078,48805,1.000,0.025,0.648,0.619,0.927,0.731,0.000,0.024,0.379,0.590,0.731,0.000,0.620,0.485,2.000,0.540,0.477,0.456,0.506,0.335,0.519,0.439,0.361,0.595,0.492,0.507,0.644,0.771,0.273,0.388,0.167,0.399,0.297,0.228,0.076,0.126,0.012,0.968,0.908,0.884,0.314,0.661,0.470,0.379,0.401,0.438,0.451
emergency-docket-stress,Emergency docket stress,"Higher urgency and executive pressure, meant to stress emergency-review procedures.",fifteen-justice-commission,Fifteen-justice supermajority commission court,court_variant,strong_form_court,pipeline,federal/circuit_en_banc,893,893,35655,34762,1.000,0.025,0.828,0.724,0.418,0.311,0.719,0.662,0.590,0.277,0.168,0.163,0.718,0.559,3.000,0.389,0.473,0.639,0.319,0.442,0.553,0.418,0.390,0.606,0.602,0.442,0.643,0.740,0.395,0.270,0.150,0.318,0.404,0.196,0.057,0.354,0.024,0.916,0.849,0.770,0.371,0.706,0.482,0.446,0.433,0.472,0.488
emergency-docket-stress,Emergency docket stress,"Higher urgency and executive pressure, meant to stress emergency-review procedures.",fifteen-justice-commission,Fifteen-justice supermajority commission court,court_variant,strong_form_court,pipeline,federal/circuit_panel,2093,2093,84436,82343,1.000,0.025,0.792,0.706,0.421,0.485,0.768,0.670,0.608,0.318,0.277,0.281,0.561,0.477,2.000,0.406,0.435,0.626,0.336,0.427,0.558,0.440,0.369,0.608,0.591,0.424,0.644,0.742,0.401,0.275,0.154,0.275,0.399,0.181,0.069,0.306,0.023,0.926,0.865,0.775,0.368,0.653,0.476,0.432,0.397,0.458,0.467
emergency-docket-stress,Emergency docket stress,"Higher urgency and executive pressure, meant to stress emergency-review procedures.",fifteen-justice-commission,Fifteen-justice supermajority commission court,court_variant,strong_form_court,pipeline,federal/district_only,553,553,22644,22091,1.000,0.024,0.799,0.713,0.411,0.427,0.540,0.660,0.644,0.344,0.255,0.365,0.488,0.387,1.000,0.403,0.410,0.628,0.330,0.430,0.556,0.442,0.376,0.612,0.595,0.417,0.645,0.740,0.432,0.289,0.146,0.233,0.427,0.186,0.065,0.322,0.016,0.933,0.878,0.791,0.365,0.609,0.472,0.421,0.358,0.448,0.448
emergency-docket-stress,Emergency docket stress,"Higher urgency and executive pressure, meant to stress emergency-review procedures.",fifteen-justice-commission,Fifteen-justice supermajority commission court,court_variant,strong_form_court,pipeline,federal/state_federal_split,195,195,7457,7262,1.000,0.026,0.791,0.698,0.425,0.446,0.878,0.656,0.595,0.379,0.489,0.210,0.886,0.560,3.000,0.529,0.519,0.618,0.353,0.419,0.554,0.424,0.378,0.601,0.581,0.447,0.643,0.753,0.395,0.287,0.154,0.318,0.395,0.185,0.051,0.303,0.013,0.943,0.895,0.819,0.372,0.724,0.483,0.451,0.438,0.475,0.494
emergency-docket-stress,Emergency docket stress,"Higher urgency and executive pressure, meant to stress emergency-review procedures.",fifteen-justice-commission,Fifteen-justice supermajority commission court,court_variant,strong_form_court,pipeline,mixed_state_federal/circuit_en_banc,839,839,32254,31415,1.000,0.026,0.788,0.703,0.436,0.422,0.804,0.646,0.595,0.307,0.422,0.192,0.808,0.560,3.000,0.757,0.562,0.616,0.386,0.423,0.549,0.422,0.385,0.598,0.578,0.445,0.643,0.772,0.400,0.315,0.141,0.322,0.368,0.222,0.058,0.162,0.029,0.916,0.845,0.762,0.373,0.720,0.485,0.450,0.435,0.477,0.493
emergency-docket-stress,Emergency docket stress,"Higher urgency and executive pressure, meant to stress emergency-review procedures.",fifteen-justice-commission,Fifteen-justice supermajority commission court,court_variant,strong_form_court,pipeline,mixed_state_federal/district_only,125,125,4887,4762,1.000,0.026,0.772,0.706,0.415,0.400,0.472,0.696,0.568,0.320,0.400,0.424,0.647,0.365,1.000,0.727,0.489,0.612,0.376,0.428,0.552,0.431,0.440,0.606,0.576,0.435,0.645,0.766,0.328,0.352,0.184,0.328,0.376,0.280,0.104,0.152,0.018,0.945,0.897,0.850,0.369,0.629,0.477,0.428,0.358,0.456,0.455
emergency-docket-stress,Emergency docket stress,"Higher urgency and executive pressure, meant to stress emergency-review procedures.",fifteen-justice-commission,Fifteen-justice supermajority commission court,court_variant,strong_form_court,pipeline,mixed_state_federal/state_federal_split,1595,1595,60014,58419,1.000,0.027,0.762,0.680,0.450,0.571,0.879,0.670,0.603,0.323,0.571,0.238,0.862,0.564,3.000,0.783,0.576,0.601,0.407,0.400,0.552,0.430,0.375,0.595,0.562,0.443,0.643,0.776,0.362,0.329,0.155,0.350,0.365,0.218,0.073,0.135,0.022,0.931,0.868,0.785,0.373,0.725,0.485,0.452,0.439,0.477,0.495
emergency-docket-stress,Emergency docket stress,"Higher urgency and executive pressure, meant to stress emergency-review procedures.",fifteen-justice-commission,Fifteen-justice supermajority commission court,court_variant,strong_form_court,pipeline,state/circuit_en_banc,70,70,2850,2780,1.000,0.025,0.872,0.756,0.410,0.071,0.000,0.571,0.614,0.243,0.071,0.014,0.818,0.583,3.000,0.465,0.518,0.657,0.308,0.480,0.537,0.382,0.401,0.605,0.619,0.453,0.643,0.743,0.386,0.300,0.171,0.257,0.429,0.200,0.043,0.243,0.021,0.923,0.866,0.768,0.372,0.721,0.487,0.450,0.438,0.479,0.495
emergency-docket-stress,Emergency docket stress,"Higher urgency and executive pressure, meant to stress emergency-review procedures.",fifteen-justice-commission,Fifteen-justice supermajority commission court,court_variant,strong_form_court,pipeline,state/circuit_panel,599,599,23852,23253,1.000,0.025,0.793,0.706,0.426,0.459,0.764,0.683,0.598,0.306,0.459,0.240,0.625,0.482,2.000,0.564,0.474,0.624,0.356,0.434,0.553,0.434,0.371,0.605,0.588,0.427,0.644,0.754,0.419,0.247,0.159,0.274,0.409,0.194,0.092,0.209,0.029,0.920,0.855,0.776,0.369,0.662,0.478,0.435,0.398,0.461,0.470
emergency-docket-stress,Emergency docket stress,"Higher urgency and executive pressure, meant to stress emergency-review procedures.",fifteen-justice-commission,Fifteen-justice supermajority commission court,court_variant,strong_form_court,pipeline,state/district_only,106,106,4244,4138,1.000,0.025,0.798,0.728,0.439,0.321,0.389,0.651,0.547,0.387,0.321,0.340,0.622,0.357,1.000,0.526,0.443,0.624,0.348,0.458,0.551,0.427,0.417,0.609,0.596,0.431,0.645,0.750,0.387,0.274,0.132,0.302,0.387,0.255,0.057,0.283,0.015,0.928,0.865,0.774,0.367,0.624,0.472,0.425,0.355,0.452,0.452
emergency-docket-stress,Emergency docket stress,"Higher urgency and executive pressure, meant to stress emergency-review procedures.",fifteen-justice-commission,Fifteen-justice supermajority commission court,court_variant,strong_form_court,pipeline,state/state_federal_split,1259,1259,47962,46703,1.000,0.026,0.785,0.697,0.434,0.498,0.818,0.658,0.608,0.296,0.498,0.230,0.836,0.567,3.000,0.591,0.532,0.616,0.368,0.425,0.554,0.430,0.369,0.600,0.580,0.442,0.643,0.759,0.378,0.293,0.161,0.313,0.380,0.191,0.071,0.214,0.022,0.929,0.868,0.783,0.372,0.720,0.483,0.450,0.438,0.474,0.493
emergency-docket-stress,Emergency docket stress,"Higher urgency and executive pressure, meant to stress emergency-review procedures.",fifteen-justice-commission,Fifteen-justice supermajority commission court,court_variant,strong_form_court,pipeline,state/state_high_court,1273,1273,50078,48805,1.000,0.025,0.778,0.689,0.453,0.556,0.825,0.679,0.606,0.333,0.556,0.225,0.620,0.485,2.000,0.540,0.477,0.611,0.365,0.412,0.551,0.439,0.361,0.604,0.577,0.424,0.644,0.754,0.409,0.290,0.137,0.291,0.404,0.196,0.060,0.203,0.019,0.934,0.877,0.791,0.369,0.661,0.478,0.434,0.402,0.461,0.471
emergency-docket-stress,Emergency docket stress,"Higher urgency and executive pressure, meant to stress emergency-review procedures.",supermajority-invalidation,Supermajority required to invalidate laws,court_variant,strong_form_court,pipeline,federal/circuit_en_banc,893,893,35655,34762,1.000,0.025,0.829,0.714,0.432,0.352,0.733,0.628,0.546,0.292,0.224,0.163,0.718,0.559,3.000,0.389,0.473,0.611,0.326,0.432,0.545,0.418,0.390,0.604,0.593,0.452,0.642,0.744,0.424,0.252,0.166,0.287,0.420,0.203,0.074,0.338,0.024,0.923,0.858,0.780,0.311,0.706,0.461,0.386,0.431,0.508,0.475
emergency-docket-stress,Emergency docket stress,"Higher urgency and executive pressure, meant to stress emergency-review procedures.",supermajority-invalidation,Supermajority required to invalidate laws,court_variant,strong_form_court,pipeline,federal/circuit_panel,2093,2093,84417,82324,1.000,0.025,0.797,0.699,0.433,0.511,0.728,0.647,0.533,0.315,0.320,0.281,0.561,0.477,2.000,0.406,0.435,0.600,0.341,0.418,0.549,0.440,0.369,0.606,0.584,0.433,0.643,0.746,0.387,0.273,0.170,0.273,0.414,0.195,0.072,0.311,0.023,0.932,0.873,0.786,0.308,0.653,0.454,0.372,0.394,0.495,0.454
emergency-docket-stress,Emergency docket stress,"Higher urgency and executive pressure, meant to stress emergency-review procedures.",supermajority-invalidation,Supermajority required to invalidate laws,court_variant,strong_form_court,pipeline,federal/district_only,553,553,22654,22101,1.000,0.024,0.805,0.705,0.423,0.460,0.498,0.647,0.560,0.310,0.312,0.366,0.488,0.387,1.000,0.403,0.410,0.602,0.335,0.417,0.547,0.442,0.376,0.611,0.587,0.426,0.644,0.744,0.382,0.269,0.183,0.295,0.414,0.179,0.061,0.266,0.015,0.939,0.885,0.799,0.306,0.609,0.449,0.361,0.356,0.484,0.435
emergency-docket-stress,Emergency docket stress,"Higher urgency and executive pressure, meant to stress emergency-review procedures.",supermajority-invalidation,Supermajority required to invalidate laws,court_variant,strong_form_court,pipeline,federal/state_federal_split,195,195,7457,7262,1.000,0.026,0.795,0.688,0.441,0.487,0.829,0.667,0.544,0.297,0.528,0.210,0.886,0.560,3.000,0.529,0.519,0.590,0.360,0.406,0.545,0.424,0.378,0.600,0.572,0.456,0.642,0.758,0.354,0.328,0.200,0.323,0.344,0.144,0.108,0.272,0.013,0.945,0.898,0.820,0.312,0.724,0.461,0.390,0.435,0.511,0.480
emergency-docket-stress,Emergency docket stress,"Higher urgency and executive pressure, meant to stress emergency-review procedures.",supermajority-invalidation,Supermajority required to invalidate laws,court_variant,strong_form_court,pipeline,mixed_state_federal/circuit_en_banc,839,839,32253,31414,1.000,0.026,0.784,0.683,0.460,0.501,0.784,0.624,0.532,0.370,0.501,0.192,0.808,0.560,3.000,0.757,0.562,0.581,0.398,0.401,0.541,0.422,0.385,0.596,0.563,0.454,0.642,0.777,0.361,0.310,0.166,0.348,0.379,0.235,0.091,0.170,0.027,0.922,0.853,0.769,0.313,0.720,0.464,0.390,0.432,0.513,0.480
emergency-docket-stress,Emergency docket stress,"Higher urgency and executive pressure, meant to stress emergency-review procedures.",supermajority-invalidation,Supermajority required to invalidate laws,court_variant,strong_form_court,pipeline,mixed_state_federal/district_only,125,125,4887,4762,1.000,0.026,0.770,0.692,0.437,0.472,0.491,0.656,0.592,0.328,0.472,0.424,0.647,0.365,1.000,0.727,0.489,0.583,0.388,0.409,0.544,0.431,0.440,0.604,0.564,0.445,0.644,0.772,0.248,0.360,0.224,0.424,0.272,0.224,0.096,0.104,0.021,0.947,0.902,0.851,0.308,0.629,0.453,0.367,0.355,0.491,0.441
emergency-docket-stress,Emergency docket stress,"Higher urgency and executive pressure, meant to stress emergency-review procedures.",supermajority-invalidation,Supermajority required to invalidate laws,court_variant,strong_form_court,pipeline,mixed_state_federal/state_federal_split,1595,1595,60027,58432,1.000,0.027,0.765,0.668,0.465,0.609,0.856,0.621,0.516,0.338,0.609,0.239,0.862,0.564,3.000,0.783,0.576,0.572,0.414,0.389,0.544,0.430,0.375,0.594,0.553,0.452,0.642,0.781,0.367,0.334,0.147,0.365,0.377,0.197,0.071,0.125,0.021,0.937,0.876,0.794,0.313,0.725,0.463,0.392,0.436,0.513,0.482
emergency-docket-stress,Emergency docket stress,"Higher urgency and executive pressure, meant to stress emergency-review procedures.",supermajority-invalidation,Supermajority required to invalidate laws,court_variant,strong_form_court,pipeline,state/circuit_en_banc,70,70,2855,2785,1.000,0.025,0.869,0.745,0.419,0.116,0.000,0.638,0.435,0.290,0.116,0.014,0.818,0.583,3.000,0.465,0.518,0.626,0.313,0.470,0.529,0.382,0.401,0.604,0.609,0.462,0.642,0.748,0.457,0.286,0.114,0.300,0.414,0.257,0.029,0.257,0.019,0.934,0.880,0.780,0.313,0.721,0.464,0.390,0.436,0.515,0.481
emergency-docket-stress,Emergency docket stress,"Higher urgency and executive pressure, meant to stress emergency-review procedures.",supermajority-invalidation,Supermajority required to invalidate laws,court_variant,strong_form_court,pipeline,state/circuit_panel,599,599,23852,23253,1.000,0.025,0.795,0.696,0.442,0.503,0.736,0.609,0.509,0.327,0.503,0.240,0.625,0.482,2.000,0.564,0.474,0.595,0.363,0.416,0.545,0.434,0.371,0.604,0.578,0.437,0.643,0.759,0.409,0.277,0.155,0.265,0.374,0.212,0.075,0.204,0.028,0.926,0.863,0.789,0.309,0.662,0.456,0.375,0.396,0.497,0.457
emergency-docket-stress,Emergency docket stress,"Higher urgency and executive pressure, meant to stress emergency-review procedures.",supermajority-invalidation,Supermajority required to invalidate laws,court_variant,strong_form_court,pipeline,state/district_only,106,106,4244,4138,1.000,0.025,0.801,0.715,0.453,0.368,0.361,0.613,0.491,0.368,0.368,0.340,0.622,0.357,1.000,0.526,0.443,0.596,0.354,0.440,0.543,0.427,0.417,0.608,0.585,0.441,0.644,0.754,0.434,0.264,0.160,0.226,0.377,0.208,0.047,0.255,0.016,0.938,0.879,0.786,0.306,0.624,0.450,0.365,0.353,0.488,0.438
emergency-docket-stress,Emergency docket stress,"Higher urgency and executive pressure, meant to stress emergency-review procedures.",supermajority-invalidation,Supermajority required to invalidate laws,court_variant,strong_form_court,pipeline,state/state_federal_split,1259,1259,47958,46699,1.000,0.026,0.782,0.680,0.453,0.560,0.838,0.607,0.532,0.336,0.560,0.230,0.836,0.567,3.000,0.591,0.532,0.583,0.379,0.402,0.546,0.430,0.369,0.598,0.566,0.452,0.642,0.764,0.386,0.305,0.143,0.319,0.375,0.210,0.060,0.187,0.020,0.935,0.877,0.793,0.312,0.720,0.461,0.390,0.436,0.510,0.479
emergency-docket-stress,Emergency docket stress,"Higher urgency and executive pressure, meant to stress emergency-review procedures.",supermajority-invalidation,Supermajority required to invalidate laws,court_variant,strong_form_court,pipeline,state/state_high_court,1273,1273,50087,48814,1.000,0.025,0.782,0.680,0.466,0.592,0.806,0.615,0.515,0.334,0.592,0.225,0.620,0.485,2.000,0.540,0.477,0.584,0.371,0.400,0.543,0.439,0.361,0.603,0.568,0.434,0.643,0.758,0.375,0.291,0.174,0.316,0.365,0.214,0.084,0.190,0.018,0.941,0.885,0.800,0.309,0.661,0.455,0.375,0.400,0.497,0.457
emergency-docket-stress,Emergency docket stress,"Higher urgency and executive pressure, meant to stress emergency-review procedures.",strict-recusal-court,Strict recusal with substitute justices,court_variant,strong_form_court,pipeline,federal/circuit_en_banc,893,893,35655,34762,1.000,0.025,0.826,0.723,0.413,0.323,0.747,0.693,0.646,0.247,0.184,0.163,0.718,0.559,3.000,0.389,0.473,0.658,0.318,0.443,0.561,0.418,0.390,0.602,0.605,0.441,0.643,0.743,0.438,0.236,0.144,0.274,0.461,0.197,0.068,0.308,0.026,0.908,0.840,0.751,0.370,0.706,0.483,0.445,0.433,0.506,0.494
emergency-docket-stress,Emergency docket stress,"Higher urgency and executive pressure, meant to stress emergency-review procedures.",strict-recusal-court,Strict recusal with substitute justices,court_variant,strong_form_court,pipeline,federal/circuit_panel,2093,2093,84412,82319,1.000,0.025,0.795,0.707,0.413,0.474,0.730,0.707,0.670,0.283,0.282,0.281,0.561,0.477,2.000,0.406,0.435,0.647,0.333,0.426,0.565,0.440,0.369,0.605,0.595,0.422,0.644,0.745,0.423,0.266,0.134,0.250,0.435,0.182,0.061,0.306,0.026,0.915,0.849,0.750,0.367,0.653,0.477,0.431,0.397,0.493,0.473
emergency-docket-stress,Emergency docket stress,"Higher urgency and executive pressure, meant to stress emergency-review procedures.",strict-recusal-court,Strict recusal with substitute justices,court_variant,strong_form_court,pipeline,federal/district_only,553,553,22644,22091,1.000,0.024,0.802,0.709,0.403,0.423,0.485,0.711,0.687,0.304,0.267,0.365,0.488,0.387,1.000,0.403,0.410,0.647,0.326,0.429,0.563,0.442,0.376,0.609,0.598,0.415,0.645,0.742,0.425,0.260,0.152,0.250,0.418,0.179,0.072,0.336,0.018,0.925,0.865,0.765,0.364,0.609,0.472,0.420,0.358,0.482,0.454
emergency-docket-stress,Emergency docket stress,"Higher urgency and executive pressure, meant to stress emergency-review procedures.",strict-recusal-court,Strict recusal with substitute justices,court_variant,strong_form_court,pipeline,federal/state_federal_split,195,195,7457,7262,1.000,0.026,0.797,0.707,0.412,0.421,0.878,0.667,0.646,0.323,0.449,0.210,0.886,0.560,3.000,0.529,0.519,0.643,0.348,0.424,0.562,0.424,0.378,0.598,0.588,0.446,0.643,0.756,0.426,0.292,0.113,0.287,0.354,0.200,0.062,0.277,0.015,0.932,0.880,0.789,0.370,0.724,0.483,0.449,0.438,0.508,0.499
emergency-docket-stress,Emergency docket stress,"Higher urgency and executive pressure, meant to stress emergency-review procedures.",strict-recusal-court,Strict recusal with substitute justices,court_variant,strong_form_court,pipeline,mixed_state_federal/circuit_en_banc,839,839,32246,31407,1.000,0.026,0.790,0.703,0.430,0.420,0.752,0.691,0.659,0.298,0.420,0.192,0.808,0.560,3.000,0.757,0.562,0.635,0.383,0.423,0.556,0.422,0.385,0.595,0.582,0.442,0.643,0.775,0.429,0.265,0.157,0.297,0.410,0.206,0.074,0.160,0.031,0.907,0.832,0.737,0.372,0.720,0.485,0.449,0.435,0.511,0.499
emergency-docket-stress,Emergency docket stress,"Higher urgency and executive pressure, meant to stress emergency-review procedures.",strict-recusal-court,Strict recusal with substitute justices,court_variant,strong_form_court,pipeline,mixed_state_federal/district_only,125,125,4887,4762,1.000,0.026,0.774,0.708,0.409,0.400,0.472,0.672,0.616,0.304,0.400,0.424,0.647,0.365,1.000,0.727,0.489,0.634,0.376,0.425,0.560,0.431,0.440,0.602,0.580,0.433,0.644,0.770,0.368,0.320,0.160,0.296,0.392,0.184,0.048,0.120,0.023,0.934,0.887,0.815,0.367,0.629,0.477,0.426,0.358,0.490,0.461
emergency-docket-stress,Emergency docket stress,"Higher urgency and executive pressure, meant to stress emergency-review procedures.",strict-recusal-court,Strict recusal with substitute justices,court_variant,strong_form_court,pipeline,mixed_state_federal/state_federal_split,1595,1595,60022,58427,1.000,0.027,0.764,0.682,0.441,0.559,0.859,0.707,0.633,0.285,0.559,0.239,0.862,0.564,3.000,0.783,0.576,0.622,0.404,0.404,0.560,0.430,0.375,0.592,0.567,0.441,0.642,0.779,0.376,0.313,0.161,0.334,0.395,0.199,0.072,0.140,0.024,0.924,0.857,0.765,0.372,0.725,0.485,0.450,0.439,0.511,0.501
emergency-docket-stress,Emergency docket stress,"Higher urgency and executive pressure, meant to stress emergency-review procedures.",strict-recusal-court,Strict recusal with substitute justices,court_variant,strong_form_court,pipeline,state/circuit_en_banc,70,70,2855,2785,1.000,0.025,0.869,0.754,0.402,0.087,0.000,0.652,0.638,0.290,0.087,0.014,0.818,0.583,3.000,0.465,0.518,0.675,0.306,0.478,0.545,0.382,0.401,0.602,0.621,0.451,0.643,0.747,0.429,0.229,0.157,0.257,0.514,0.157,0.086,0.257,0.022,0.916,0.852,0.746,0.371,0.721,0.486,0.449,0.439,0.513,0.500
emergency-docket-stress,Emergency docket stress,"Higher urgency and executive pressure, meant to stress emergency-review procedures.",strict-recusal-court,Strict recusal with substitute justices,court_variant,strong_form_court,pipeline,state/circuit_panel,599,599,23856,23257,1.000,0.025,0.797,0.709,0.416,0.443,0.724,0.732,0.622,0.256,0.443,0.241,0.625,0.482,2.000,0.564,0.474,0.646,0.352,0.436,0.561,0.434,0.371,0.602,0.593,0.425,0.644,0.757,0.379,0.299,0.140,0.267,0.392,0.165,0.068,0.217,0.030,0.916,0.848,0.771,0.368,0.662,0.478,0.433,0.398,0.495,0.476
emergency-docket-stress,Emergency docket stress,"Higher urgency and executive pressure, meant to stress emergency-review procedures.",strict-recusal-court,Strict recusal with substitute justices,court_variant,strong_form_court,pipeline,state/district_only,106,106,4244,4138,1.000,0.025,0.804,0.725,0.432,0.302,0.333,0.689,0.689,0.311,0.302,0.340,0.622,0.357,1.000,0.526,0.443,0.644,0.343,0.465,0.558,0.427,0.417,0.606,0.601,0.429,0.645,0.753,0.368,0.245,0.094,0.321,0.434,0.160,0.047,0.217,0.015,0.913,0.847,0.763,0.365,0.624,0.472,0.423,0.355,0.486,0.457
emergency-docket-stress,Emergency docket stress,"Higher urgency and executive pressure, meant to stress emergency-review procedures.",strict-recusal-court,Strict recusal with substitute justices,court_variant,strong_form_court,pipeline,state/state_federal_split,1259,1259,47952,46693,1.000,0.026,0.784,0.696,0.428,0.500,0.834,0.720,0.689,0.307,0.500,0.230,0.836,0.567,3.000,0.591,0.532,0.635,0.367,0.425,0.562,0.430,0.369,0.596,0.583,0.440,0.643,0.762,0.409,0.302,0.152,0.308,0.385,0.189,0.072,0.214,0.024,0.920,0.856,0.761,0.371,0.720,0.484,0.449,0.438,0.508,0.499
emergency-docket-stress,Emergency docket stress,"Higher urgency and executive pressure, meant to stress emergency-review procedures.",strict-recusal-court,Strict recusal with substitute justices,court_variant,strong_form_court,pipeline,state/state_high_court,1273,1273,50083,48810,1.000,0.025,0.778,0.688,0.446,0.557,0.808,0.701,0.647,0.329,0.557,0.225,0.620,0.485,2.000,0.540,0.477,0.629,0.363,0.412,0.559,0.439,0.361,0.601,0.580,0.423,0.644,0.757,0.390,0.290,0.148,0.273,0.397,0.191,0.068,0.209,0.020,0.925,0.863,0.768,0.368,0.661,0.479,0.434,0.402,0.495,0.476
emergency-docket-stress,Emergency docket stress,"Higher urgency and executive pressure, meant to stress emergency-review procedures.",reasoned-emergency-review,Reasoned emergency orders with merits follow-up,court_variant,strong_form_court,pipeline,federal/circuit_en_banc,893,893,35697,34804,1.000,0.025,0.912,0.743,0.029,0.351,0.316,0.878,0.676,0.113,0.213,1.000,0.718,0.559,3.000,0.389,0.473,0.738,0.217,0.462,0.580,0.418,0.390,0.615,0.644,0.453,0.642,0.728,0.474,0.209,0.163,0.251,0.497,0.179,0.085,0.408,0.034,0.877,0.858,0.634,0.317,0.706,0.475,0.392,0.432,0.504,0.479
emergency-docket-stress,Emergency docket stress,"Higher urgency and executive pressure, meant to stress emergency-review procedures.",reasoned-emergency-review,Reasoned emergency orders with merits follow-up,court_variant,strong_form_court,pipeline,federal/circuit_panel,2093,2093,84530,82437,1.000,0.025,0.865,0.733,0.046,0.531,0.484,0.880,0.699,0.133,0.331,1.000,0.561,0.477,2.000,0.406,0.435,0.723,0.244,0.451,0.591,0.440,0.369,0.616,0.634,0.435,0.644,0.732,0.494,0.217,0.162,0.214,0.492,0.176,0.077,0.365,0.033,0.892,0.875,0.633,0.314,0.653,0.469,0.378,0.396,0.491,0.457
emergency-docket-stress,Emergency docket stress,"Higher urgency and executive pressure, meant to stress emergency-review procedures.",reasoned-emergency-review,Reasoned emergency orders with merits follow-up,court_variant,strong_form_court,pipeline,federal/district_only,553,553,22674,22121,1.000,0.024,0.873,0.732,0.053,0.469,0.407,0.892,0.677,0.170,0.332,1.000,0.488,0.387,1.000,0.403,0.410,0.720,0.238,0.451,0.584,0.442,0.376,0.620,0.634,0.426,0.644,0.730,0.476,0.253,0.128,0.204,0.472,0.154,0.045,0.325,0.023,0.901,0.890,0.654,0.312,0.609,0.464,0.367,0.357,0.481,0.439
emergency-docket-stress,Emergency docket stress,"Higher urgency and executive pressure, meant to stress emergency-review procedures.",reasoned-emergency-review,Reasoned emergency orders with merits follow-up,court_variant,strong_form_court,pipeline,federal/state_federal_split,195,195,7477,7282,1.000,0.026,0.877,0.727,0.037,0.466,0.431,0.880,0.660,0.131,0.512,1.000,0.886,0.560,3.000,0.529,0.519,0.719,0.251,0.450,0.585,0.424,0.378,0.610,0.627,0.462,0.642,0.742,0.467,0.256,0.154,0.256,0.472,0.185,0.087,0.328,0.020,0.910,0.905,0.671,0.317,0.724,0.474,0.396,0.437,0.506,0.484
emergency-docket-stress,Emergency docket stress,"Higher urgency and executive pressure, meant to stress emergency-review procedures.",reasoned-emergency-review,Reasoned emergency orders with merits follow-up,court_variant,strong_form_court,pipeline,mixed_state_federal/circuit_en_banc,839,839,32275,31436,1.000,0.026,0.869,0.725,0.039,0.488,0.435,0.894,0.677,0.133,0.488,1.000,0.808,0.560,3.000,0.757,0.562,0.714,0.289,0.444,0.582,0.422,0.385,0.606,0.620,0.459,0.642,0.761,0.442,0.247,0.174,0.246,0.466,0.190,0.073,0.219,0.039,0.884,0.858,0.614,0.319,0.720,0.478,0.396,0.434,0.509,0.484
emergency-docket-stress,Emergency docket stress,"Higher urgency and executive pressure, meant to stress emergency-review procedures.",reasoned-emergency-review,Reasoned emergency orders with merits follow-up,court_variant,strong_form_court,pipeline,mixed_state_federal/district_only,125,125,4887,4762,1.000,0.026,0.843,0.718,0.071,0.464,0.408,0.920,0.704,0.160,0.464,1.000,0.647,0.365,1.000,0.727,0.489,0.703,0.290,0.437,0.580,0.431,0.440,0.613,0.611,0.447,0.644,0.758,0.512,0.248,0.080,0.208,0.408,0.152,0.040,0.280,0.028,0.907,0.900,0.703,0.315,0.629,0.470,0.373,0.357,0.488,0.446
emergency-docket-stress,Emergency docket stress,"Higher urgency and executive pressure, meant to stress emergency-review procedures.",reasoned-emergency-review,Reasoned emergency orders with merits follow-up,court_variant,strong_form_court,pipeline,mixed_state_federal/state_federal_split,1595,1595,60135,58540,1.000,0.027,0.842,0.718,0.045,0.608,0.567,0.866,0.696,0.125,0.608,1.000,0.862,0.564,3.000,0.783,0.576,0.705,0.312,0.437,0.592,0.430,0.375,0.604,0.611,0.461,0.642,0.766,0.453,0.257,0.179,0.263,0.428,0.194,0.092,0.186,0.029,0.904,0.881,0.655,0.319,0.725,0.477,0.397,0.438,0.509,0.486
emergency-docket-stress,Emergency docket stress,"Higher urgency and executive pressure, meant to stress emergency-review procedures.",reasoned-emergency-review,Reasoned emergency orders with merits follow-up,court_variant,strong_form_court,pipeline,state/circuit_en_banc,70,70,2854,2784,1.000,0.025,0.971,0.761,0.010,0.101,0.057,0.942,0.667,0.101,0.101,1.000,0.818,0.583,3.000,0.465,0.518,0.755,0.191,0.485,0.553,0.382,0.401,0.616,0.659,0.460,0.642,0.730,0.514,0.171,0.200,0.200,0.443,0.214,0.114,0.371,0.032,0.879,0.872,0.596,0.318,0.721,0.479,0.396,0.438,0.511,0.485
emergency-docket-stress,Emergency docket stress,"Higher urgency and executive pressure, meant to stress emergency-review procedures.",reasoned-emergency-review,Reasoned emergency orders with merits follow-up,court_variant,strong_form_court,pipeline,state/circuit_panel,599,599,23899,23300,1.000,0.025,0.876,0.735,0.039,0.482,0.442,0.883,0.717,0.112,0.482,1.000,0.625,0.482,2.000,0.564,0.474,0.724,0.258,0.458,0.585,0.434,0.371,0.614,0.633,0.438,0.643,0.744,0.447,0.247,0.179,0.235,0.501,0.162,0.077,0.244,0.037,0.892,0.868,0.658,0.315,0.662,0.470,0.380,0.398,0.493,0.461
emergency-docket-stress,Emergency docket stress,"Higher urgency and executive pressure, meant to stress emergency-review procedures.",reasoned-emergency-review,Reasoned emergency orders with merits follow-up,court_variant,strong_form_court,pipeline,state/district_only,106,106,4244,4138,1.000,0.025,0.880,0.732,0.068,0.387,0.274,0.896,0.755,0.189,0.387,1.000,0.622,0.357,1.000,0.526,0.443,0.717,0.247,0.459,0.574,0.427,0.417,0.618,0.631,0.439,0.644,0.739,0.368,0.264,0.160,0.208,0.547,0.151,0.075,0.236,0.022,0.888,0.873,0.656,0.312,0.624,0.464,0.370,0.354,0.484,0.442
emergency-docket-stress,Emergency docket stress,"Higher urgency and executive pressure, meant to stress emergency-review procedures.",reasoned-emergency-review,Reasoned emergency orders with merits follow-up,court_variant,strong_form_court,pipeline,state/state_federal_split,1259,1259,48020,46761,1.000,0.026,0.860,0.726,0.041,0.549,0.508,0.874,0.691,0.114,0.549,1.000,0.836,0.567,3.000,0.591,0.532,0.715,0.275,0.442,0.591,0.430,0.369,0.608,0.623,0.457,0.642,0.749,0.467,0.236,0.157,0.249,0.456,0.191,0.071,0.275,0.031,0.897,0.879,0.648,0.318,0.720,0.475,0.395,0.438,0.506,0.483
emergency-docket-stress,Emergency docket stress,"Higher urgency and executive pressure, meant to stress emergency-review procedures.",reasoned-emergency-review,Reasoned emergency orders with merits follow-up,court_variant,strong_form_court,pipeline,state/state_high_court,1273,1273,50154,48881,1.000,0.025,0.857,0.731,0.044,0.589,0.547,0.878,0.705,0.122,0.589,1.000,0.620,0.485,2.000,0.540,0.477,0.717,0.267,0.448,0.591,0.439,0.361,0.613,0.627,0.437,0.643,0.743,0.482,0.237,0.162,0.218,0.478,0.185,0.082,0.271,0.026,0.907,0.891,0.649,0.315,0.661,0.470,0.380,0.402,0.493,0.461
emergency-docket-stress,Emergency docket stress,"Higher urgency and executive pressure, meant to stress emergency-review procedures.",panel-en-banc-review,Panel review with en banc safety valve,court_variant,strong_form_court,pipeline,federal/circuit_en_banc,893,893,35661,34768,1.000,0.025,0.822,0.720,0.417,0.328,0.694,0.658,0.622,0.281,0.206,0.164,0.718,0.559,3.000,0.389,0.473,0.650,0.319,0.440,0.558,0.418,0.390,0.598,0.601,0.439,0.642,0.742,0.402,0.255,0.165,0.280,0.447,0.175,0.076,0.318,0.025,0.914,0.848,0.767,0.441,0.706,0.518,0.512,0.505,0.498,0.531
emergency-docket-stress,Emergency docket stress,"Higher urgency and executive pressure, meant to stress emergency-review procedures.",panel-en-banc-review,Panel review with en banc safety valve,court_variant,strong_form_court,pipeline,federal/circuit_panel,2093,2093,84418,82325,1.000,0.025,0.791,0.707,0.417,0.480,0.759,0.707,0.641,0.289,0.270,0.281,0.561,0.477,2.000,0.406,0.435,0.641,0.335,0.427,0.563,0.440,0.369,0.601,0.593,0.421,0.644,0.744,0.420,0.261,0.151,0.258,0.426,0.182,0.065,0.308,0.025,0.923,0.859,0.769,0.430,0.653,0.505,0.491,0.455,0.479,0.502
emergency-docket-stress,Emergency docket stress,"Higher urgency and executive pressure, meant to stress emergency-review procedures.",panel-en-banc-review,Panel review with en banc safety valve,court_variant,strong_form_court,pipeline,federal/district_only,553,553,22644,22091,1.000,0.024,0.802,0.713,0.404,0.407,0.510,0.702,0.611,0.271,0.251,0.365,0.488,0.387,1.000,0.403,0.410,0.644,0.326,0.432,0.560,0.442,0.376,0.606,0.598,0.413,0.644,0.741,0.414,0.280,0.130,0.237,0.387,0.157,0.065,0.297,0.017,0.929,0.869,0.778,0.426,0.609,0.498,0.478,0.414,0.468,0.482
emergency-docket-stress,Emergency docket stress,"Higher urgency and executive pressure, meant to stress emergency-review procedures.",panel-en-banc-review,Panel review with en banc safety valve,court_variant,strong_form_court,pipeline,federal/state_federal_split,195,195,7457,7262,1.000,0.026,0.794,0.704,0.416,0.426,0.854,0.667,0.641,0.318,0.460,0.210,0.886,0.560,3.000,0.529,0.519,0.635,0.349,0.425,0.558,0.424,0.378,0.592,0.586,0.443,0.642,0.756,0.349,0.349,0.144,0.354,0.400,0.190,0.082,0.297,0.015,0.939,0.886,0.800,0.450,0.724,0.526,0.523,0.522,0.506,0.542
emergency-docket-stress,Emergency docket stress,"Higher urgency and executive pressure, meant to stress emergency-review procedures.",panel-en-banc-review,Panel review with en banc safety valve,court_variant,strong_form_court,pipeline,mixed_state_federal/circuit_en_banc,839,839,32251,31412,1.000,0.026,0.786,0.705,0.431,0.411,0.778,0.709,0.632,0.273,0.411,0.192,0.808,0.560,3.000,0.757,0.562,0.630,0.384,0.424,0.553,0.422,0.385,0.589,0.580,0.441,0.642,0.774,0.414,0.300,0.130,0.305,0.422,0.207,0.069,0.144,0.031,0.912,0.839,0.750,0.448,0.720,0.525,0.520,0.515,0.506,0.540
emergency-docket-stress,Emergency docket stress,"Higher urgency and executive pressure, meant to stress emergency-review procedures.",panel-en-banc-review,Panel review with en banc safety valve,court_variant,strong_form_court,pipeline,mixed_state_federal/district_only,125,125,4887,4762,1.000,0.026,0.765,0.704,0.417,0.424,0.472,0.736,0.656,0.336,0.424,0.424,0.647,0.365,1.000,0.727,0.489,0.623,0.378,0.425,0.557,0.431,0.440,0.598,0.576,0.431,0.644,0.769,0.312,0.408,0.152,0.320,0.360,0.232,0.080,0.144,0.023,0.938,0.890,0.834,0.438,0.629,0.512,0.493,0.428,0.481,0.496
emergency-docket-stress,Emergency docket stress,"Higher urgency and executive pressure, meant to stress emergency-review procedures.",panel-en-banc-review,Panel review with en banc safety valve,court_variant,strong_form_court,pipeline,mixed_state_federal/state_federal_split,1595,1595,60014,58419,1.000,0.027,0.759,0.683,0.445,0.562,0.868,0.669,0.638,0.317,0.562,0.238,0.862,0.564,3.000,0.783,0.576,0.615,0.405,0.404,0.557,0.430,0.375,0.586,0.565,0.440,0.642,0.779,0.373,0.333,0.145,0.331,0.378,0.199,0.068,0.137,0.023,0.928,0.863,0.774,0.450,0.725,0.527,0.523,0.521,0.508,0.543
emergency-docket-stress,Emergency docket stress,"Higher urgency and executive pressure, meant to stress emergency-review procedures.",panel-en-banc-review,Panel review with en banc safety valve,court_variant,strong_form_court,pipeline,state/circuit_en_banc,70,70,2850,2780,1.000,0.025,0.869,0.759,0.397,0.043,1.000,0.686,0.629,0.200,0.043,0.014,0.818,0.583,3.000,0.465,0.518,0.671,0.304,0.486,0.543,0.382,0.401,0.597,0.623,0.450,0.642,0.746,0.400,0.271,0.114,0.371,0.471,0.257,0.043,0.200,0.017,0.931,0.872,0.759,0.447,0.721,0.526,0.520,0.516,0.508,0.540
emergency-docket-stress,Emergency docket stress,"Higher urgency and executive pressure, meant to stress emergency-review procedures.",panel-en-banc-review,Panel review with en banc safety valve,court_variant,strong_form_court,pipeline,state/circuit_panel,599,599,23860,23261,1.000,0.025,0.793,0.707,0.420,0.453,0.752,0.662,0.651,0.289,0.453,0.241,0.625,0.482,2.000,0.564,0.474,0.639,0.354,0.435,0.558,0.434,0.371,0.598,0.591,0.424,0.643,0.756,0.407,0.297,0.130,0.272,0.394,0.209,0.062,0.199,0.031,0.917,0.853,0.773,0.435,0.662,0.509,0.497,0.463,0.485,0.509
emergency-docket-stress,Emergency docket stress,"Higher urgency and executive pressure, meant to stress emergency-review procedures.",panel-en-banc-review,Panel review with en banc safety valve,court_variant,strong_form_court,pipeline,state/district_only,106,106,4244,4138,1.000,0.025,0.810,0.731,0.427,0.255,0.278,0.670,0.651,0.321,0.255,0.340,0.622,0.357,1.000,0.526,0.443,0.643,0.340,0.470,0.553,0.427,0.417,0.603,0.603,0.426,0.644,0.751,0.425,0.274,0.151,0.208,0.481,0.142,0.075,0.208,0.015,0.925,0.862,0.779,0.433,0.624,0.504,0.488,0.423,0.476,0.491
emergency-docket-stress,Emergency docket stress,"Higher urgency and executive pressure, meant to stress emergency-review procedures.",panel-en-banc-review,Panel review with en banc safety valve,court_variant,strong_form_court,pipeline,state/state_federal_split,1259,1259,47956,46697,1.000,0.026,0.781,0.697,0.429,0.496,0.831,0.690,0.636,0.284,0.496,0.230,0.836,0.567,3.000,0.591,0.532,0.628,0.367,0.425,0.559,0.430,0.369,0.591,0.581,0.439,0.642,0.762,0.389,0.278,0.181,0.327,0.391,0.195,0.090,0.199,0.023,0.926,0.865,0.777,0.448,0.720,0.524,0.520,0.519,0.504,0.540
emergency-docket-stress,Emergency docket stress,"Higher urgency and executive pressure, meant to stress emergency-review procedures.",panel-en-banc-review,Panel review with en banc safety valve,court_variant,strong_form_court,pipeline,state/state_high_court,1273,1273,50078,48805,1.000,0.025,0.778,0.690,0.448,0.551,0.822,0.687,0.651,0.302,0.551,0.225,0.620,0.485,2.000,0.540,0.477,0.626,0.363,0.415,0.556,0.439,0.361,0.597,0.580,0.421,0.643,0.756,0.373,0.287,0.170,0.292,0.394,0.186,0.079,0.185,0.020,0.931,0.872,0.780,0.434,0.661,0.509,0.496,0.466,0.484,0.509
emergency-docket-stress,Emergency docket stress,"Higher urgency and executive pressure, meant to stress emergency-review procedures.",dual-cross-checking-courts,Dual supreme courts with cross-checking invalidations,court_variant,strong_form_court,pipeline,federal/circuit_en_banc,893,893,35805,34912,1.000,0.025,0.928,0.744,0.047,0.288,0.218,0.885,0.684,0.084,0.158,1.000,0.718,0.559,3.000,0.389,0.473,0.745,0.228,0.464,0.574,0.418,0.390,0.584,0.635,0.604,0.639,0.744,0.471,0.202,0.131,0.242,0.549,0.158,0.071,0.394,0.043,0.844,0.818,0.608,0.526,0.706,0.631,0.592,0.559,0.641,0.608
emergency-docket-stress,Emergency docket stress,"Higher urgency and executive pressure, meant to stress emergency-review procedures.",dual-cross-checking-courts,Dual supreme courts with cross-checking invalidations,court_variant,strong_form_court,pipeline,federal/circuit_panel,2093,2093,84824,82731,1.000,0.025,0.887,0.736,0.065,0.442,0.355,0.871,0.737,0.131,0.234,1.000,0.561,0.477,2.000,0.406,0.435,0.730,0.254,0.457,0.582,0.440,0.369,0.586,0.626,0.586,0.640,0.747,0.493,0.211,0.142,0.217,0.496,0.176,0.070,0.381,0.037,0.852,0.830,0.598,0.523,0.653,0.625,0.579,0.523,0.627,0.587
emergency-docket-stress,Emergency docket stress,"Higher urgency and executive pressure, meant to stress emergency-review procedures.",dual-cross-checking-courts,Dual supreme courts with cross-checking invalidations,court_variant,strong_form_court,pipeline,federal/district_only,553,553,22724,22171,1.000,0.024,0.899,0.729,0.075,0.381,0.259,0.852,0.723,0.157,0.190,1.000,0.488,0.387,1.000,0.403,0.410,0.725,0.253,0.450,0.574,0.442,0.376,0.589,0.624,0.578,0.641,0.746,0.458,0.230,0.154,0.233,0.499,0.170,0.067,0.376,0.026,0.859,0.836,0.622,0.521,0.609,0.621,0.568,0.484,0.617,0.568
emergency-docket-stress,Emergency docket stress,"Higher urgency and executive pressure, meant to stress emergency-review procedures.",dual-cross-checking-courts,Dual supreme courts with cross-checking invalidations,court_variant,strong_form_court,pipeline,federal/state_federal_split,195,195,7485,7290,1.000,0.026,0.901,0.739,0.053,0.365,0.287,0.884,0.746,0.116,0.404,1.000,0.886,0.560,3.000,0.529,0.519,0.729,0.265,0.457,0.575,0.424,0.378,0.580,0.622,0.609,0.639,0.757,0.487,0.190,0.154,0.205,0.482,0.123,0.082,0.354,0.028,0.872,0.858,0.632,0.526,0.724,0.631,0.597,0.564,0.643,0.613
emergency-docket-stress,Emergency docket stress,"Higher urgency and executive pressure, meant to stress emergency-review procedures.",dual-cross-checking-courts,Dual supreme courts with cross-checking invalidations,court_variant,strong_form_court,pipeline,mixed_state_federal/circuit_en_banc,839,839,32374,31535,1.000,0.026,0.894,0.733,0.057,0.381,0.298,0.875,0.697,0.133,0.381,1.000,0.808,0.560,3.000,0.757,0.562,0.724,0.298,0.454,0.573,0.422,0.385,0.576,0.615,0.608,0.639,0.776,0.486,0.231,0.145,0.249,0.499,0.162,0.073,0.221,0.044,0.844,0.810,0.593,0.527,0.720,0.632,0.596,0.561,0.645,0.613
emergency-docket-stress,Emergency docket stress,"Higher urgency and executive pressure, meant to stress emergency-review procedures.",dual-cross-checking-courts,Dual supreme courts with cross-checking invalidations,court_variant,strong_form_court,pipeline,mixed_state_federal/district_only,125,125,4887,4762,1.000,0.026,0.885,0.712,0.097,0.352,0.160,0.848,0.792,0.232,0.352,1.000,0.647,0.365,1.000,0.727,0.489,0.706,0.300,0.435,0.561,0.431,0.440,0.583,0.601,0.594,0.641,0.772,0.432,0.248,0.152,0.280,0.432,0.176,0.064,0.200,0.035,0.887,0.865,0.688,0.524,0.629,0.628,0.574,0.483,0.625,0.575
emergency-docket-stress,Emergency docket stress,"Higher urgency and executive pressure, meant to stress emergency-review procedures.",dual-cross-checking-courts,Dual supreme courts with cross-checking invalidations,court_variant,strong_form_court,pipeline,mixed_state_federal/state_federal_split,1595,1595,60234,58639,1.000,0.026,0.864,0.729,0.064,0.502,0.419,0.877,0.720,0.130,0.502,1.000,0.862,0.564,3.000,0.783,0.576,0.713,0.322,0.448,0.582,0.430,0.375,0.574,0.607,0.608,0.639,0.781,0.462,0.256,0.155,0.287,0.479,0.181,0.079,0.216,0.034,0.866,0.835,0.622,0.527,0.725,0.632,0.598,0.564,0.645,0.615
emergency-docket-stress,Emergency docket stress,"Higher urgency and executive pressure, meant to stress emergency-review procedures.",dual-cross-checking-courts,Dual supreme courts with cross-checking invalidations,court_variant,strong_form_court,pipeline,state/circuit_en_banc,70,70,2869,2799,1.000,0.024,0.988,0.761,0.024,0.030,0.000,0.879,0.682,0.045,0.030,1.000,0.818,0.583,3.000,0.465,0.518,0.765,0.200,0.486,0.550,0.382,0.401,0.586,0.650,0.614,0.639,0.745,0.443,0.186,0.129,0.271,0.586,0.200,0.043,0.200,0.035,0.837,0.828,0.592,0.525,0.721,0.632,0.595,0.565,0.646,0.613
emergency-docket-stress,Emergency docket stress,"Higher urgency and executive pressure, meant to stress emergency-review procedures.",dual-cross-checking-courts,Dual supreme courts with cross-checking invalidations,court_variant,strong_form_court,pipeline,state/circuit_panel,599,599,23932,23333,1.000,0.025,0.893,0.737,0.058,0.413,0.336,0.829,0.685,0.132,0.413,1.000,0.625,0.482,2.000,0.564,0.474,0.730,0.271,0.465,0.578,0.434,0.371,0.584,0.625,0.589,0.640,0.759,0.496,0.219,0.144,0.205,0.513,0.172,0.080,0.282,0.043,0.858,0.829,0.628,0.524,0.662,0.627,0.581,0.524,0.630,0.590
emergency-docket-stress,Emergency docket stress,"Higher urgency and executive pressure, meant to stress emergency-review procedures.",dual-cross-checking-courts,Dual supreme courts with cross-checking invalidations,court_variant,strong_form_court,pipeline,state/district_only,106,106,4244,4138,1.000,0.025,0.918,0.735,0.093,0.255,0.104,0.811,0.745,0.170,0.255,1.000,0.622,0.357,1.000,0.526,0.443,0.726,0.255,0.475,0.562,0.427,0.417,0.588,0.627,0.591,0.641,0.754,0.453,0.198,0.189,0.217,0.462,0.236,0.085,0.255,0.036,0.854,0.829,0.629,0.522,0.624,0.623,0.572,0.481,0.621,0.572
emergency-docket-stress,Emergency docket stress,"Higher urgency and executive pressure, meant to stress emergency-review procedures.",dual-cross-checking-courts,Dual supreme courts with cross-checking invalidations,court_variant,strong_form_court,pipeline,state/state_federal_split,1259,1259,48164,46905,1.000,0.026,0.880,0.735,0.059,0.465,0.387,0.858,0.718,0.118,0.465,1.000,0.836,0.567,3.000,0.591,0.532,0.723,0.286,0.460,0.583,0.430,0.369,0.578,0.618,0.606,0.639,0.764,0.469,0.230,0.145,0.253,0.496,0.178,0.070,0.263,0.034,0.865,0.838,0.622,0.526,0.720,0.631,0.596,0.564,0.642,0.613
emergency-docket-stress,Emergency docket stress,"Higher urgency and executive pressure, meant to stress emergency-review procedures.",dual-cross-checking-courts,Dual supreme courts with cross-checking invalidations,court_variant,strong_form_court,pipeline,state/state_high_court,1273,1273,50280,49007,1.000,0.025,0.874,0.732,0.064,0.518,0.417,0.879,0.713,0.145,0.518,1.000,0.620,0.485,2.000,0.540,0.477,0.721,0.280,0.455,0.583,0.439,0.361,0.583,0.619,0.587,0.640,0.759,0.491,0.216,0.163,0.210,0.458,0.200,0.083,0.288,0.031,0.868,0.843,0.616,0.524,0.661,0.627,0.581,0.528,0.629,0.591
emergency-docket-stress,Emergency docket stress,"Higher urgency and executive pressure, meant to stress emergency-review procedures.",constitutional-council,Pre-enactment constitutional council,court_variant,strong_form_court,pipeline,federal/circuit_en_banc,893,893,35655,34762,1.000,0.025,0.870,0.725,0.400,0.288,0.582,0.717,0.725,0.268,0.155,0.163,0.718,0.559,3.000,0.389,0.473,0.685,0.311,0.447,0.567,0.418,0.390,0.589,0.599,0.670,0.642,0.749,0.437,0.227,0.144,0.270,0.437,0.197,0.056,0.384,0.029,0.891,0.815,0.735,0.450,0.706,0.544,0.519,0.501,0.582,0.552
emergency-docket-stress,Emergency docket stress,"Higher urgency and executive pressure, meant to stress emergency-review procedures.",constitutional-council,Pre-enactment constitutional council,court_variant,strong_form_court,pipeline,federal/circuit_panel,2093,2093,84431,82338,1.000,0.025,0.849,0.706,0.402,0.451,0.613,0.743,0.725,0.260,0.230,0.281,0.561,0.477,2.000,0.406,0.435,0.673,0.326,0.428,0.571,0.440,0.369,0.591,0.589,0.652,0.643,0.751,0.423,0.248,0.154,0.270,0.417,0.188,0.068,0.331,0.028,0.900,0.829,0.737,0.447,0.653,0.538,0.505,0.465,0.569,0.530
emergency-docket-stress,Emergency docket stress,"Higher urgency and executive pressure, meant to stress emergency-review procedures.",constitutional-council,Pre-enactment constitutional council,court_variant,strong_form_court,pipeline,federal/district_only,553,553,22644,22091,1.000,0.024,0.856,0.708,0.392,0.389,0.361,0.790,0.736,0.280,0.170,0.365,0.488,0.387,1.000,0.403,0.410,0.674,0.318,0.431,0.567,0.442,0.376,0.596,0.592,0.645,0.644,0.749,0.468,0.250,0.143,0.221,0.456,0.181,0.063,0.316,0.018,0.908,0.842,0.753,0.444,0.609,0.533,0.494,0.426,0.559,0.511
emergency-docket-stress,Emergency docket stress,"Higher urgency and executive pressure, meant to stress emergency-review procedures.",constitutional-council,Pre-enactment constitutional council,court_variant,strong_form_court,pipeline,federal/state_federal_split,195,195,7457,7262,1.000,0.026,0.851,0.712,0.399,0.385,0.707,0.785,0.708,0.236,0.426,0.210,0.886,0.560,3.000,0.529,0.519,0.670,0.340,0.429,0.567,0.424,0.378,0.585,0.584,0.674,0.641,0.762,0.431,0.272,0.149,0.323,0.379,0.190,0.036,0.287,0.015,0.919,0.856,0.783,0.451,0.724,0.545,0.524,0.506,0.585,0.557
emergency-docket-stress,Emergency docket stress,"Higher urgency and executive pressure, meant to stress emergency-review procedures.",constitutional-council,Pre-enactment constitutional council,court_variant,strong_form_court,pipeline,mixed_state_federal/circuit_en_banc,839,839,32255,31416,1.000,0.026,0.840,0.707,0.415,0.380,0.577,0.735,0.714,0.280,0.380,0.192,0.808,0.560,3.000,0.757,0.562,0.664,0.375,0.428,0.561,0.422,0.385,0.581,0.577,0.672,0.641,0.781,0.408,0.294,0.150,0.306,0.408,0.192,0.073,0.170,0.034,0.892,0.808,0.726,0.451,0.720,0.546,0.523,0.503,0.587,0.556
emergency-docket-stress,Emergency docket stress,"Higher urgency and executive pressure, meant to stress emergency-review procedures.",constitutional-council,Pre-enactment constitutional council,court_variant,strong_form_court,pipeline,mixed_state_federal/district_only,125,125,4887,4762,1.000,0.026,0.845,0.705,0.386,0.296,0.132,0.792,0.752,0.320,0.296,0.424,0.647,0.365,1.000,0.727,0.489,0.666,0.355,0.426,0.556,0.431,0.440,0.590,0.577,0.659,0.643,0.774,0.368,0.288,0.136,0.368,0.424,0.184,0.048,0.184,0.026,0.926,0.872,0.807,0.447,0.629,0.540,0.501,0.426,0.566,0.519
emergency-docket-stress,Emergency docket stress,"Higher urgency and executive pressure, meant to stress emergency-review procedures.",constitutional-council,Pre-enactment constitutional council,court_variant,strong_form_court,pipeline,mixed_state_federal/state_federal_split,1595,1595,60036,58441,1.000,0.027,0.822,0.692,0.424,0.512,0.745,0.725,0.730,0.288,0.512,0.238,0.862,0.564,3.000,0.783,0.576,0.652,0.394,0.414,0.566,0.430,0.375,0.579,0.566,0.670,0.641,0.785,0.380,0.307,0.152,0.332,0.390,0.193,0.072,0.155,0.026,0.911,0.838,0.757,0.452,0.725,0.546,0.524,0.507,0.587,0.558
emergency-docket-stress,Emergency docket stress,"Higher urgency and executive pressure, meant to stress emergency-review procedures.",constitutional-council,Pre-enactment constitutional council,court_variant,strong_form_court,pipeline,state/circuit_en_banc,70,70,2850,2780,1.000,0.025,0.902,0.764,0.384,0.014,0.000,0.743,0.786,0.229,0.014,0.014,0.818,0.583,3.000,0.465,0.518,0.706,0.298,0.492,0.553,0.382,0.401,0.589,0.618,0.682,0.641,0.753,0.357,0.271,0.157,0.300,0.486,0.200,0.100,0.343,0.020,0.901,0.824,0.720,0.451,0.721,0.548,0.523,0.506,0.589,0.558
emergency-docket-stress,Emergency docket stress,"Higher urgency and executive pressure, meant to stress emergency-review procedures.",constitutional-council,Pre-enactment constitutional council,court_variant,strong_form_court,pipeline,state/circuit_panel,599,599,23857,23258,1.000,0.025,0.849,0.713,0.401,0.403,0.614,0.741,0.717,0.268,0.403,0.241,0.625,0.482,2.000,0.564,0.474,0.673,0.344,0.443,0.567,0.434,0.371,0.589,0.589,0.655,0.643,0.764,0.412,0.252,0.127,0.244,0.404,0.192,0.055,0.240,0.034,0.902,0.830,0.751,0.447,0.662,0.539,0.507,0.466,0.571,0.533
emergency-docket-stress,Emergency docket stress,"Higher urgency and executive pressure, meant to stress emergency-review procedures.",constitutional-council,Pre-enactment constitutional council,court_variant,strong_form_court,pipeline,state/district_only,106,106,4244,4138,1.000,0.025,0.869,0.737,0.399,0.160,0.111,0.774,0.679,0.236,0.160,0.340,0.622,0.357,1.000,0.526,0.443,0.683,0.325,0.483,0.560,0.427,0.417,0.594,0.604,0.658,0.643,0.758,0.377,0.217,0.189,0.236,0.387,0.198,0.057,0.292,0.020,0.903,0.833,0.758,0.445,0.624,0.533,0.498,0.423,0.562,0.514
emergency-docket-stress,Emergency docket stress,"Higher urgency and executive pressure, meant to stress emergency-review procedures.",constitutional-council,Pre-enactment constitutional council,court_variant,strong_form_court,pipeline,state/state_federal_split,1259,1259,47958,46699,1.000,0.026,0.838,0.702,0.414,0.466,0.710,0.727,0.711,0.293,0.466,0.230,0.836,0.567,3.000,0.591,0.532,0.663,0.359,0.433,0.568,0.430,0.369,0.583,0.579,0.669,0.641,0.769,0.394,0.290,0.163,0.306,0.408,0.174,0.069,0.207,0.025,0.907,0.836,0.747,0.451,0.720,0.545,0.523,0.506,0.584,0.556
emergency-docket-stress,Emergency docket stress,"Higher urgency and executive pressure, meant to stress emergency-review procedures.",constitutional-council,Pre-enactment constitutional council,court_variant,strong_form_court,pipeline,state/state_high_court,1273,1273,50090,48817,1.000,0.025,0.830,0.691,0.433,0.524,0.667,0.753,0.737,0.263,0.524,0.225,0.620,0.485,2.000,0.540,0.477,0.656,0.355,0.420,0.564,0.439,0.361,0.588,0.575,0.652,0.643,0.764,0.405,0.283,0.140,0.293,0.400,0.185,0.057,0.214,0.024,0.912,0.843,0.757,0.448,0.661,0.540,0.508,0.470,0.571,0.534
emergency-docket-stress,Emergency docket stress,"Higher urgency and executive pressure, meant to stress emergency-review procedures.",legislative-override-court,Judicial review with delayed legislative override,court_variant,strong_form_court,pipeline,federal/circuit_en_banc,893,893,35662,34769,1.000,0.025,0.810,0.715,0.428,0.354,0.748,0.642,0.552,0.289,0.214,0.164,0.718,0.559,3.000,0.389,0.473,0.628,0.325,0.436,0.552,0.418,0.390,0.601,0.595,0.442,0.643,0.746,0.433,0.250,0.144,0.270,0.449,0.195,0.067,0.312,0.025,0.918,0.853,0.761,0.318,0.706,0.477,0.392,0.432,0.532,0.484
emergency-docket-stress,Emergency docket stress,"Higher urgency and executive pressure, meant to stress emergency-review procedures.",legislative-override-court,Judicial review with delayed legislative override,court_variant,strong_form_court,pipeline,federal/circuit_panel,2093,2093,84419,82326,1.000,0.025,0.776,0.699,0.428,0.511,0.791,0.674,0.577,0.311,0.324,0.281,0.561,0.477,2.000,0.406,0.435,0.617,0.343,0.424,0.558,0.440,0.369,0.603,0.585,0.423,0.644,0.749,0.411,0.268,0.160,0.261,0.387,0.195,0.072,0.309,0.024,0.927,0.866,0.763,0.315,0.653,0.471,0.378,0.396,0.519,0.463
emergency-docket-stress,Emergency docket stress,"Higher urgency and executive pressure, meant to stress emergency-review procedures.",legislative-override-court,Judicial review with delayed legislative override,court_variant,strong_form_court,pipeline,federal/district_only,553,553,22651,22098,1.000,0.024,0.781,0.701,0.421,0.478,0.542,0.696,0.585,0.346,0.316,0.366,0.488,0.387,1.000,0.403,0.410,0.616,0.336,0.421,0.555,0.442,0.376,0.607,0.586,0.416,0.644,0.746,0.421,0.235,0.148,0.255,0.416,0.203,0.060,0.322,0.016,0.935,0.879,0.784,0.312,0.609,0.466,0.367,0.358,0.508,0.444
emergency-docket-stress,Emergency docket stress,"Higher urgency and executive pressure, meant to stress emergency-review procedures.",legislative-override-court,Judicial review with delayed legislative override,court_variant,strong_form_court,pipeline,federal/state_federal_split,195,195,7457,7262,1.000,0.026,0.776,0.686,0.435,0.482,0.854,0.646,0.600,0.318,0.511,0.210,0.886,0.560,3.000,0.529,0.519,0.607,0.361,0.414,0.554,0.424,0.378,0.596,0.573,0.445,0.642,0.760,0.431,0.272,0.123,0.297,0.395,0.159,0.051,0.267,0.015,0.941,0.892,0.788,0.319,0.724,0.478,0.397,0.438,0.535,0.490
emergency-docket-stress,Emergency docket stress,"Higher urgency and executive pressure, meant to stress emergency-review procedures.",legislative-override-court,Judicial review with delayed legislative override,court_variant,strong_form_court,pipeline,mixed_state_federal/circuit_en_banc,839,839,32250,31411,1.000,0.026,0.770,0.689,0.448,0.468,0.815,0.654,0.564,0.297,0.468,0.192,0.808,0.560,3.000,0.757,0.562,0.603,0.396,0.414,0.549,0.422,0.385,0.593,0.568,0.443,0.642,0.779,0.391,0.315,0.136,0.316,0.384,0.198,0.068,0.155,0.028,0.920,0.850,0.757,0.319,0.720,0.479,0.396,0.435,0.537,0.489
emergency-docket-stress,Emergency docket stress,"Higher urgency and executive pressure, meant to stress emergency-review procedures.",legislative-override-court,Judicial review with delayed legislative override,court_variant,strong_form_court,pipeline,mixed_state_federal/district_only,125,125,4887,4762,1.000,0.026,0.746,0.696,0.429,0.456,0.585,0.616,0.504,0.344,0.456,0.424,0.647,0.365,1.000,0.727,0.489,0.600,0.388,0.424,0.555,0.431,0.440,0.600,0.568,0.435,0.644,0.774,0.376,0.376,0.128,0.328,0.336,0.200,0.056,0.160,0.023,0.941,0.895,0.827,0.315,0.629,0.471,0.373,0.357,0.515,0.451
emergency-docket-stress,Emergency docket stress,"Higher urgency and executive pressure, meant to stress emergency-review procedures.",legislative-override-court,Judicial review with delayed legislative override,court_variant,strong_form_court,pipeline,mixed_state_federal/state_federal_split,1595,1595,60014,58419,1.000,0.027,0.748,0.672,0.457,0.597,0.892,0.652,0.591,0.339,0.597,0.238,0.862,0.564,3.000,0.783,0.576,0.591,0.414,0.397,0.552,0.430,0.375,0.591,0.556,0.442,0.642,0.783,0.367,0.310,0.177,0.352,0.364,0.204,0.086,0.121,0.022,0.934,0.871,0.779,0.320,0.725,0.480,0.398,0.438,0.537,0.491
emergency-docket-stress,Emergency docket stress,"Higher urgency and executive pressure, meant to stress emergency-review procedures.",legislative-override-court,Judicial review with delayed legislative override,court_variant,strong_form_court,pipeline,state/circuit_en_banc,70,70,2850,2780,1.000,0.025,0.854,0.750,0.417,0.100,0.000,0.557,0.629,0.329,0.100,0.014,0.818,0.583,3.000,0.465,0.518,0.645,0.312,0.472,0.535,0.382,0.401,0.601,0.612,0.453,0.642,0.750,0.386,0.314,0.157,0.371,0.329,0.257,0.057,0.186,0.023,0.930,0.876,0.750,0.320,0.721,0.482,0.397,0.438,0.539,0.491
emergency-docket-stress,Emergency docket stress,"Higher urgency and executive pressure, meant to stress emergency-review procedures.",legislative-override-court,Judicial review with delayed legislative override,court_variant,strong_form_court,pipeline,state/circuit_panel,599,599,23852,23253,1.000,0.025,0.783,0.702,0.428,0.462,0.757,0.678,0.589,0.302,0.462,0.240,0.625,0.482,2.000,0.564,0.474,0.618,0.360,0.431,0.553,0.434,0.371,0.601,0.584,0.426,0.643,0.761,0.371,0.295,0.177,0.295,0.386,0.202,0.092,0.235,0.028,0.924,0.860,0.775,0.316,0.662,0.473,0.381,0.398,0.521,0.466
emergency-docket-stress,Emergency docket stress,"Higher urgency and executive pressure, meant to stress emergency-review procedures.",legislative-override-court,Judicial review with delayed legislative override,court_variant,strong_form_court,pipeline,state/district_only,106,106,4244,4138,1.000,0.025,0.789,0.729,0.436,0.302,0.444,0.736,0.575,0.340,0.302,0.340,0.622,0.357,1.000,0.526,0.443,0.622,0.350,0.465,0.552,0.427,0.417,0.605,0.596,0.430,0.644,0.756,0.396,0.302,0.142,0.208,0.415,0.189,0.057,0.217,0.016,0.929,0.866,0.779,0.312,0.624,0.466,0.370,0.355,0.512,0.447
emergency-docket-stress,Emergency docket stress,"Higher urgency and executive pressure, meant to stress emergency-review procedures.",legislative-override-court,Judicial review with delayed legislative override,court_variant,strong_form_court,pipeline,state/state_federal_split,1259,1259,47960,46701,1.000,0.026,0.769,0.689,0.441,0.527,0.848,0.629,0.564,0.312,0.527,0.229,0.836,0.567,3.000,0.591,0.532,0.606,0.375,0.418,0.554,0.430,0.369,0.595,0.573,0.441,0.642,0.766,0.389,0.266,0.176,0.339,0.387,0.211,0.087,0.196,0.021,0.931,0.871,0.778,0.319,0.720,0.478,0.396,0.438,0.534,0.489
emergency-docket-stress,Emergency docket stress,"Higher urgency and executive pressure, meant to stress emergency-review procedures.",legislative-override-court,Judicial review with delayed legislative override,court_variant,strong_form_court,pipeline,state/state_high_court,1273,1273,50078,48805,1.000,0.025,0.765,0.683,0.458,0.573,0.853,0.668,0.596,0.315,0.573,0.225,0.620,0.485,2.000,0.540,0.477,0.602,0.370,0.409,0.551,0.439,0.361,0.600,0.572,0.423,0.643,0.761,0.375,0.310,0.158,0.297,0.408,0.184,0.068,0.205,0.019,0.935,0.878,0.780,0.315,0.661,0.472,0.381,0.402,0.520,0.466
emergency-docket-stress,Emergency docket stress,"Higher urgency and executive pressure, meant to stress emergency-review procedures.",accountability-retention-court,Retention-election accountability court,court_variant,strong_form_court,pipeline,federal/circuit_en_banc,893,893,35655,34762,1.000,0.025,0.824,0.729,0.397,0.218,0.555,0.670,0.557,0.258,0.101,0.163,0.718,0.559,3.000,0.389,0.473,0.656,0.311,0.460,0.556,0.418,0.390,0.598,0.610,0.418,0.642,0.747,0.437,0.240,0.144,0.272,0.449,0.171,0.054,0.338,0.032,0.883,0.799,0.731,0.329,0.706,0.513,0.403,0.437,0.559,0.500
emergency-docket-stress,Emergency docket stress,"Higher urgency and executive pressure, meant to stress emergency-review procedures.",accountability-retention-court,Retention-election accountability court,court_variant,strong_form_court,pipeline,federal/circuit_panel,2093,2093,84412,82319,1.000,0.025,0.796,0.710,0.396,0.350,0.588,0.677,0.587,0.273,0.159,0.281,0.561,0.477,2.000,0.406,0.435,0.645,0.324,0.449,0.559,0.440,0.369,0.601,0.601,0.399,0.643,0.749,0.431,0.253,0.135,0.248,0.441,0.162,0.059,0.330,0.029,0.894,0.814,0.731,0.326,0.653,0.507,0.389,0.400,0.545,0.478
emergency-docket-stress,Emergency docket stress,"Higher urgency and executive pressure, meant to stress emergency-review procedures.",accountability-retention-court,Retention-election accountability court,court_variant,strong_form_court,pipeline,federal/district_only,553,553,22644,22091,1.000,0.024,0.809,0.713,0.386,0.288,0.376,0.675,0.579,0.257,0.097,0.365,0.488,0.387,1.000,0.403,0.410,0.648,0.317,0.451,0.556,0.442,0.376,0.605,0.605,0.392,0.644,0.746,0.432,0.230,0.150,0.210,0.409,0.156,0.067,0.302,0.020,0.902,0.826,0.745,0.324,0.609,0.503,0.379,0.362,0.535,0.460
emergency-docket-stress,Emergency docket stress,"Higher urgency and executive pressure, meant to stress emergency-review procedures.",accountability-retention-court,Retention-election accountability court,court_variant,strong_form_court,pipeline,federal/state_federal_split,195,195,7457,7262,1.000,0.026,0.801,0.723,0.393,0.297,0.659,0.687,0.595,0.282,0.330,0.210,0.886,0.560,3.000,0.529,0.519,0.645,0.338,0.451,0.556,0.424,0.378,0.594,0.598,0.421,0.642,0.760,0.369,0.287,0.154,0.282,0.385,0.185,0.072,0.251,0.017,0.918,0.851,0.769,0.330,0.724,0.515,0.408,0.442,0.561,0.505
emergency-docket-stress,Emergency docket stress,"Higher urgency and executive pressure, meant to stress emergency-review procedures.",accountability-retention-court,Retention-election accountability court,court_variant,strong_form_court,pipeline,mixed_state_federal/circuit_en_banc,839,839,32251,31412,1.000,0.026,0.789,0.714,0.413,0.315,0.630,0.630,0.598,0.285,0.315,0.192,0.808,0.560,3.000,0.757,0.562,0.636,0.376,0.450,0.551,0.422,0.385,0.590,0.590,0.419,0.642,0.779,0.408,0.290,0.150,0.278,0.393,0.199,0.055,0.188,0.036,0.885,0.794,0.722,0.330,0.720,0.515,0.407,0.439,0.563,0.504
emergency-docket-stress,Emergency docket stress,"Higher urgency and executive pressure, meant to stress emergency-review procedures.",accountability-retention-court,Retention-election accountability court,court_variant,strong_form_court,pipeline,mixed_state_federal/district_only,125,125,4887,4762,1.000,0.026,0.814,0.720,0.385,0.184,0.132,0.640,0.640,0.312,0.184,0.424,0.647,0.365,1.000,0.727,0.489,0.643,0.351,0.451,0.543,0.431,0.440,0.600,0.595,0.410,0.644,0.771,0.400,0.304,0.128,0.280,0.376,0.192,0.064,0.144,0.026,0.919,0.862,0.807,0.328,0.629,0.512,0.386,0.361,0.543,0.467
emergency-docket-stress,Emergency docket stress,"Higher urgency and executive pressure, meant to stress emergency-review procedures.",accountability-retention-court,Retention-election accountability court,court_variant,strong_form_court,pipeline,mixed_state_federal/state_federal_split,1595,1595,60018,58423,1.000,0.027,0.764,0.700,0.419,0.429,0.727,0.676,0.600,0.306,0.429,0.238,0.862,0.564,3.000,0.783,0.576,0.624,0.396,0.438,0.556,0.430,0.375,0.588,0.578,0.415,0.642,0.783,0.376,0.327,0.144,0.339,0.397,0.178,0.078,0.154,0.026,0.905,0.824,0.753,0.331,0.725,0.516,0.409,0.443,0.564,0.507
emergency-docket-stress,Emergency docket stress,"Higher urgency and executive pressure, meant to stress emergency-review procedures.",accountability-retention-court,Retention-election accountability court,court_variant,strong_form_court,pipeline,state/circuit_en_banc,70,70,2850,2780,1.000,0.025,0.857,0.759,0.401,0.043,0.000,0.629,0.614,0.243,0.043,0.014,0.818,0.583,3.000,0.465,0.518,0.669,0.304,0.489,0.540,0.382,0.401,0.597,0.623,0.432,0.642,0.751,0.414,0.271,0.100,0.314,0.443,0.257,0.100,0.229,0.022,0.887,0.798,0.716,0.330,0.721,0.517,0.407,0.442,0.565,0.506
emergency-docket-stress,Emergency docket stress,"Higher urgency and executive pressure, meant to stress emergency-review procedures.",accountability-retention-court,Retention-election accountability court,court_variant,strong_form_court,pipeline,state/circuit_panel,599,599,23859,23260,1.000,0.025,0.800,0.711,0.392,0.296,0.586,0.684,0.547,0.323,0.296,0.241,0.625,0.482,2.000,0.564,0.474,0.645,0.341,0.476,0.556,0.434,0.371,0.598,0.603,0.402,0.643,0.761,0.389,0.287,0.159,0.282,0.421,0.180,0.077,0.222,0.036,0.893,0.811,0.739,0.327,0.662,0.509,0.392,0.402,0.548,0.481
emergency-docket-stress,Emergency docket stress,"Higher urgency and executive pressure, meant to stress emergency-review procedures.",accountability-retention-court,Retention-election accountability court,court_variant,strong_form_court,pipeline,state/district_only,106,106,4244,4138,1.000,0.025,0.836,0.733,0.405,0.113,0.056,0.698,0.528,0.302,0.113,0.340,0.622,0.357,1.000,0.526,0.443,0.654,0.325,0.497,0.546,0.427,0.417,0.603,0.615,0.408,0.644,0.755,0.472,0.236,0.142,0.255,0.406,0.142,0.075,0.274,0.023,0.894,0.817,0.747,0.324,0.624,0.502,0.382,0.359,0.538,0.462
emergency-docket-stress,Emergency docket stress,"Higher urgency and executive pressure, meant to stress emergency-review procedures.",accountability-retention-court,Retention-election accountability court,court_variant,strong_form_court,pipeline,state/state_federal_split,1259,1259,47952,46693,1.000,0.026,0.783,0.708,0.409,0.388,0.699,0.652,0.593,0.272,0.388,0.230,0.836,0.567,3.000,0.591,0.532,0.635,0.358,0.461,0.557,0.430,0.369,0.592,0.592,0.416,0.642,0.766,0.396,0.272,0.147,0.310,0.411,0.172,0.060,0.219,0.027,0.900,0.822,0.742,0.330,0.720,0.515,0.407,0.442,0.561,0.504
emergency-docket-stress,Emergency docket stress,"Higher urgency and executive pressure, meant to stress emergency-review procedures.",accountability-retention-court,Retention-election accountability court,court_variant,strong_form_court,pipeline,state/state_high_court,1273,1273,50083,48810,1.000,0.025,0.781,0.699,0.423,0.410,0.638,0.673,0.611,0.311,0.410,0.225,0.620,0.485,2.000,0.540,0.477,0.630,0.350,0.450,0.553,0.439,0.361,0.597,0.591,0.400,0.643,0.761,0.416,0.258,0.145,0.284,0.386,0.204,0.058,0.211,0.025,0.906,0.831,0.749,0.327,0.661,0.510,0.392,0.406,0.547,0.482
emergency-docket-stress,Emergency docket stress,"Higher urgency and executive pressure, meant to stress emergency-review procedures.",independence-accountability-hybrid,Hybrid court balancing independence and accountability,court_variant,strong_form_court,pipeline,federal/circuit_en_banc,893,893,35722,34829,1.000,0.025,0.934,0.747,0.026,0.288,0.250,0.851,0.694,0.090,0.161,1.000,0.718,0.559,3.000,0.389,0.473,0.753,0.208,0.467,0.576,0.418,0.390,0.592,0.652,0.441,0.640,0.742,0.548,0.165,0.156,0.215,0.493,0.187,0.060,0.415,0.044,0.829,0.818,0.595,0.465,0.706,0.517,0.536,0.503,0.653,0.562
emergency-docket-stress,Emergency docket stress,"Higher urgency and executive pressure, meant to stress emergency-review procedures.",independence-accountability-hybrid,Hybrid court balancing independence and accountability,court_variant,strong_form_court,pipeline,federal/circuit_panel,2093,2093,84551,82458,1.000,0.025,0.893,0.736,0.042,0.462,0.398,0.889,0.731,0.114,0.259,1.000,0.561,0.477,2.000,0.406,0.435,0.738,0.233,0.457,0.585,0.440,0.369,0.595,0.642,0.422,0.641,0.745,0.485,0.219,0.145,0.208,0.530,0.150,0.076,0.380,0.040,0.838,0.831,0.591,0.453,0.653,0.502,0.514,0.452,0.634,0.533
emergency-docket-stress,Emergency docket stress,"Higher urgency and executive pressure, meant to stress emergency-review procedures.",independence-accountability-hybrid,Hybrid court balancing independence and accountability,court_variant,strong_form_court,pipeline,federal/district_only,553,553,22678,22125,1.000,0.024,0.905,0.730,0.047,0.407,0.318,0.859,0.703,0.150,0.235,1.000,0.488,0.387,1.000,0.403,0.410,0.734,0.227,0.452,0.579,0.442,0.376,0.599,0.641,0.414,0.642,0.743,0.512,0.193,0.143,0.203,0.477,0.143,0.065,0.405,0.028,0.848,0.844,0.613,0.449,0.609,0.497,0.502,0.411,0.623,0.513
emergency-docket-stress,Emergency docket stress,"Higher urgency and executive pressure, meant to stress emergency-review procedures.",independence-accountability-hybrid,Hybrid court balancing independence and accountability,court_variant,strong_form_court,pipeline,federal/state_federal_split,195,195,7457,7262,1.000,0.026,0.909,0.735,0.032,0.385,0.323,0.903,0.733,0.103,0.426,1.000,0.886,0.560,3.000,0.529,0.519,0.736,0.241,0.450,0.578,0.424,0.378,0.586,0.636,0.445,0.640,0.756,0.446,0.297,0.159,0.303,0.456,0.154,0.097,0.410,0.027,0.862,0.862,0.631,0.475,0.724,0.526,0.548,0.522,0.662,0.575
emergency-docket-stress,Emergency docket stress,"Higher urgency and executive pressure, meant to stress emergency-review procedures.",independence-accountability-hybrid,Hybrid court balancing independence and accountability,court_variant,strong_form_court,pipeline,mixed_state_federal/circuit_en_banc,839,839,32288,31449,1.000,0.026,0.905,0.734,0.034,0.383,0.312,0.889,0.706,0.112,0.383,1.000,0.808,0.560,3.000,0.757,0.562,0.733,0.274,0.454,0.574,0.422,0.385,0.583,0.632,0.443,0.640,0.774,0.453,0.247,0.143,0.282,0.482,0.173,0.068,0.218,0.045,0.834,0.816,0.578,0.472,0.720,0.525,0.545,0.514,0.661,0.572
emergency-docket-stress,Emergency docket stress,"Higher urgency and executive pressure, meant to stress emergency-review procedures.",independence-accountability-hybrid,Hybrid court balancing independence and accountability,court_variant,strong_form_court,pipeline,mixed_state_federal/district_only,125,125,4887,4762,1.000,0.026,0.901,0.713,0.061,0.360,0.160,0.864,0.720,0.160,0.360,1.000,0.647,0.365,1.000,0.727,0.489,0.716,0.266,0.433,0.561,0.431,0.440,0.592,0.619,0.430,0.642,0.769,0.424,0.272,0.160,0.224,0.376,0.184,0.072,0.176,0.031,0.868,0.868,0.658,0.462,0.629,0.512,0.517,0.426,0.638,0.529
emergency-docket-stress,Emergency docket stress,"Higher urgency and executive pressure, meant to stress emergency-review procedures.",independence-accountability-hybrid,Hybrid court balancing independence and accountability,court_variant,strong_form_court,pipeline,mixed_state_federal/state_federal_split,1595,1595,60080,58485,1.000,0.027,0.875,0.725,0.041,0.529,0.441,0.867,0.753,0.122,0.529,1.000,0.862,0.564,3.000,0.783,0.576,0.721,0.297,0.444,0.584,0.430,0.375,0.580,0.621,0.444,0.640,0.779,0.435,0.275,0.155,0.290,0.442,0.182,0.078,0.217,0.034,0.855,0.840,0.611,0.475,0.725,0.526,0.548,0.521,0.663,0.575
emergency-docket-stress,Emergency docket stress,"Higher urgency and executive pressure, meant to stress emergency-review procedures.",independence-accountability-hybrid,Hybrid court balancing independence and accountability,court_variant,strong_form_court,pipeline,state/circuit_en_banc,70,70,2856,2786,1.000,0.025,0.996,0.764,0.005,0.014,0.000,0.899,0.710,0.043,0.014,1.000,0.818,0.583,3.000,0.465,0.518,0.774,0.185,0.488,0.550,0.382,0.401,0.592,0.667,0.450,0.640,0.745,0.557,0.129,0.100,0.143,0.529,0.257,0.057,0.357,0.042,0.807,0.814,0.569,0.472,0.721,0.526,0.545,0.517,0.663,0.573
emergency-docket-stress,Emergency docket stress,"Higher urgency and executive pressure, meant to stress emergency-review procedures.",independence-accountability-hybrid,Hybrid court balancing independence and accountability,court_variant,strong_form_court,pipeline,state/circuit_panel,599,599,23902,23303,1.000,0.025,0.906,0.739,0.034,0.409,0.351,0.880,0.743,0.108,0.409,1.000,0.625,0.482,2.000,0.564,0.474,0.740,0.247,0.468,0.580,0.434,0.371,0.592,0.643,0.425,0.641,0.757,0.511,0.197,0.142,0.225,0.516,0.175,0.068,0.260,0.045,0.844,0.829,0.607,0.457,0.662,0.508,0.520,0.460,0.640,0.540
emergency-docket-stress,Emergency docket stress,"Higher urgency and executive pressure, meant to stress emergency-review procedures.",independence-accountability-hybrid,Hybrid court balancing independence and accountability,court_variant,strong_form_court,pipeline,state/district_only,106,106,4244,4138,1.000,0.025,0.927,0.736,0.058,0.274,0.132,0.896,0.708,0.104,0.274,1.000,0.622,0.357,1.000,0.526,0.443,0.737,0.231,0.468,0.564,0.427,0.417,0.596,0.643,0.427,0.642,0.752,0.528,0.208,0.132,0.264,0.481,0.208,0.066,0.330,0.036,0.833,0.823,0.616,0.458,0.624,0.505,0.513,0.422,0.633,0.524
emergency-docket-stress,Emergency docket stress,"Higher urgency and executive pressure, meant to stress emergency-review procedures.",independence-accountability-hybrid,Hybrid court balancing independence and accountability,court_variant,strong_form_court,pipeline,state/state_federal_split,1259,1259,48015,46756,1.000,0.026,0.889,0.732,0.037,0.485,0.414,0.876,0.749,0.125,0.485,1.000,0.836,0.567,3.000,0.591,0.532,0.730,0.262,0.458,0.585,0.430,0.369,0.585,0.633,0.443,0.640,0.763,0.468,0.248,0.160,0.263,0.475,0.168,0.089,0.272,0.037,0.851,0.841,0.608,0.472,0.720,0.523,0.545,0.518,0.660,0.572
emergency-docket-stress,Emergency docket stress,"Higher urgency and executive pressure, meant to stress emergency-review procedures.",independence-accountability-hybrid,Hybrid court balancing independence and accountability,court_variant,strong_form_court,pipeline,state/state_high_court,1273,1273,50139,48866,1.000,0.025,0.884,0.734,0.040,0.524,0.457,0.864,0.726,0.128,0.524,1.000,0.620,0.485,2.000,0.540,0.477,0.731,0.256,0.456,0.586,0.439,0.361,0.591,0.636,0.424,0.641,0.757,0.470,0.229,0.154,0.218,0.493,0.170,0.065,0.306,0.031,0.858,0.848,0.613,0.458,0.661,0.508,0.520,0.464,0.639,0.540
emergency-docket-stress,Emergency docket stress,"Higher urgency and executive pressure, meant to stress emergency-review procedures.",weak-form-review,Weak-form review with legislative reply,synthetic_mechanism,weak_form_review,pipeline,federal/circuit_en_banc,893,893,1640,747,1.000,0.545,0.870,0.703,0.402,0.274,0.000,0.707,0.657,0.270,0.151,0.163,0.718,0.559,3.000,0.389,0.473,0.678,0.298,0.465,0.575,0.485,0.390,0.626,0.631,0.252,0.676,0.784,0.428,0.256,0.113,0.287,0.462,0.186,0.048,0.312,0.033,0.858,0.769,0.723,0.318,0.433,0.370,0.332,0.398,0.426,0.384
emergency-docket-stress,Emergency docket stress,"Higher urgency and executive pressure, meant to stress emergency-review procedures.",weak-form-review,Weak-form review with legislative reply,synthetic_mechanism,weak_form_review,pipeline,federal/circuit_panel,2093,2093,3407,1314,1.000,0.614,0.854,0.671,0.402,0.421,0.000,0.722,0.670,0.266,0.227,0.281,0.561,0.477,2.000,0.406,0.435,0.674,0.302,0.460,0.588,0.519,0.369,0.630,0.626,0.202,0.678,0.784,0.409,0.252,0.147,0.288,0.421,0.177,0.056,0.348,0.032,0.864,0.777,0.723,0.315,0.374,0.360,0.318,0.364,0.415,0.362
emergency-docket-stress,Emergency docket stress,"Higher urgency and executive pressure, meant to stress emergency-review procedures.",weak-form-review,Weak-form review with legislative reply,synthetic_mechanism,weak_form_review,pipeline,federal/district_only,553,553,845,292,1.000,0.654,0.858,0.677,0.396,0.376,0.000,0.767,0.712,0.271,0.198,0.365,0.488,0.387,1.000,0.403,0.410,0.674,0.297,0.460,0.585,0.527,0.376,0.634,0.629,0.190,0.678,0.783,0.439,0.257,0.132,0.239,0.416,0.174,0.056,0.327,0.022,0.870,0.788,0.738,0.312,0.327,0.353,0.305,0.325,0.404,0.341
emergency-docket-stress,Emergency docket stress,"Higher urgency and executive pressure, meant to stress emergency-review procedures.",weak-form-review,Weak-form review with legislative reply,synthetic_mechanism,weak_form_review,pipeline,federal/state_federal_split,195,195,380,185,1.000,0.513,0.853,0.684,0.398,0.354,0.000,0.672,0.677,0.308,0.386,0.210,0.886,0.560,3.000,0.529,0.519,0.665,0.322,0.458,0.580,0.484,0.378,0.622,0.617,0.255,0.676,0.796,0.385,0.282,0.113,0.364,0.446,0.190,0.051,0.303,0.021,0.888,0.815,0.763,0.318,0.456,0.374,0.338,0.404,0.431,0.392
emergency-docket-stress,Emergency docket stress,"Higher urgency and executive pressure, meant to stress emergency-review procedures.",weak-form-review,Weak-form review with legislative reply,synthetic_mechanism,weak_form_review,pipeline,mixed_state_federal/circuit_en_banc,839,839,1600,761,1.000,0.524,0.836,0.677,0.421,0.381,0.000,0.710,0.656,0.294,0.381,0.192,0.808,0.560,3.000,0.757,0.562,0.655,0.363,0.450,0.574,0.484,0.385,0.618,0.608,0.254,0.676,0.816,0.373,0.268,0.157,0.331,0.398,0.188,0.067,0.198,0.037,0.855,0.757,0.710,0.320,0.451,0.375,0.337,0.401,0.433,0.391
emergency-docket-stress,Emergency docket stress,"Higher urgency and executive pressure, meant to stress emergency-review procedures.",weak-form-review,Weak-form review with legislative reply,synthetic_mechanism,weak_form_review,pipeline,mixed_state_federal/district_only,125,125,227,102,1.000,0.551,0.848,0.691,0.387,0.264,0.000,0.696,0.696,0.288,0.264,0.424,0.647,0.365,1.000,0.727,0.489,0.667,0.340,0.473,0.577,0.499,0.440,0.627,0.617,0.228,0.678,0.809,0.352,0.328,0.168,0.336,0.504,0.144,0.096,0.160,0.027,0.901,0.841,0.811,0.315,0.357,0.364,0.314,0.325,0.412,0.352
emergency-docket-stress,Emergency docket stress,"Higher urgency and executive pressure, meant to stress emergency-review procedures.",weak-form-review,Weak-form review with legislative reply,synthetic_mechanism,weak_form_review,pipeline,mixed_state_federal/state_federal_split,1595,1595,3093,1498,1.000,0.516,0.822,0.649,0.431,0.515,0.000,0.704,0.666,0.297,0.515,0.238,0.862,0.564,3.000,0.783,0.576,0.645,0.377,0.440,0.583,0.490,0.375,0.616,0.596,0.244,0.676,0.820,0.382,0.295,0.159,0.361,0.379,0.184,0.063,0.162,0.030,0.874,0.786,0.737,0.320,0.458,0.376,0.339,0.407,0.435,0.394
emergency-docket-stress,Emergency docket stress,"Higher urgency and executive pressure, meant to stress emergency-review procedures.",weak-form-review,Weak-form review with legislative reply,synthetic_mechanism,weak_form_review,pipeline,state/circuit_en_banc,70,70,138,68,1.000,0.507,0.892,0.759,0.395,0.043,0.000,0.571,0.686,0.229,0.043,0.014,0.818,0.583,3.000,0.465,0.518,0.688,0.303,0.486,0.546,0.441,0.401,0.624,0.644,0.294,0.676,0.790,0.457,0.286,0.114,0.300,0.543,0.143,0.043,0.414,0.023,0.858,0.767,0.715,0.319,0.450,0.376,0.337,0.399,0.429,0.390
emergency-docket-stress,Emergency docket stress,"Higher urgency and executive pressure, meant to stress emergency-review procedures.",weak-form-review,Weak-form review with legislative reply,synthetic_mechanism,weak_form_review,pipeline,state/circuit_panel,599,599,1028,429,1.000,0.583,0.850,0.679,0.405,0.392,0.000,0.736,0.711,0.297,0.392,0.240,0.625,0.482,2.000,0.564,0.474,0.669,0.326,0.471,0.579,0.508,0.371,0.627,0.623,0.219,0.677,0.798,0.384,0.260,0.134,0.317,0.412,0.185,0.050,0.230,0.038,0.868,0.783,0.735,0.316,0.386,0.363,0.320,0.364,0.417,0.365
emergency-docket-stress,Emergency docket stress,"Higher urgency and executive pressure, meant to stress emergency-review procedures.",weak-form-review,Weak-form review with legislative reply,synthetic_mechanism,weak_form_review,pipeline,state/district_only,106,106,189,83,1.000,0.561,0.857,0.712,0.418,0.236,0.000,0.726,0.708,0.264,0.236,0.340,0.622,0.357,1.000,0.526,0.443,0.672,0.318,0.492,0.569,0.497,0.417,0.631,0.632,0.230,0.678,0.793,0.443,0.245,0.170,0.179,0.528,0.132,0.057,0.349,0.025,0.866,0.784,0.745,0.312,0.350,0.357,0.310,0.321,0.407,0.346
emergency-docket-stress,Emergency docket stress,"Higher urgency and executive pressure, meant to stress emergency-review procedures.",weak-form-review,Weak-form review with legislative reply,synthetic_mechanism,weak_form_review,pipeline,state/state_federal_split,1259,1259,2432,1173,1.000,0.518,0.839,0.665,0.418,0.454,0.000,0.718,0.674,0.283,0.454,0.230,0.836,0.567,3.000,0.591,0.532,0.658,0.341,0.461,0.583,0.491,0.369,0.620,0.611,0.244,0.676,0.803,0.389,0.281,0.145,0.345,0.411,0.171,0.054,0.201,0.029,0.872,0.785,0.742,0.319,0.452,0.374,0.337,0.406,0.431,0.391
emergency-docket-stress,Emergency docket stress,"Higher urgency and executive pressure, meant to stress emergency-review procedures.",weak-form-review,Weak-form review with legislative reply,synthetic_mechanism,weak_form_review,pipeline,state/state_high_court,1273,1273,2184,911,1.000,0.583,0.835,0.660,0.433,0.492,0.000,0.708,0.686,0.295,0.492,0.225,0.620,0.485,2.000,0.540,0.477,0.657,0.332,0.449,0.579,0.513,0.361,0.626,0.612,0.209,0.677,0.797,0.386,0.263,0.157,0.317,0.419,0.169,0.060,0.215,0.025,0.877,0.792,0.743,0.316,0.386,0.364,0.321,0.370,0.417,0.366
emergency-docket-stress,Emergency docket stress,"Higher urgency and executive pressure, meant to stress emergency-review procedures.",suspended-declaration-review,Suspended declarations of invalidity,synthetic_mechanism,suspended_declaration,pipeline,federal/circuit_en_banc,893,893,1715,822,1.000,0.521,0.942,0.731,0.028,0.310,0.319,0.871,0.673,0.106,0.184,1.000,0.718,0.559,3.000,0.389,0.473,0.754,0.221,0.508,0.609,0.480,0.390,0.626,0.666,0.276,0.622,0.846,0.488,0.197,0.155,0.242,0.518,0.191,0.076,0.373,0.038,0.864,0.847,0.598,0.336,0.488,0.375,0.363,0.408,0.473,0.411
emergency-docket-stress,Emergency docket stress,"Higher urgency and executive pressure, meant to stress emergency-review procedures.",suspended-declaration-review,Suspended declarations of invalidity,synthetic_mechanism,suspended_declaration,pipeline,federal/circuit_panel,2093,2093,3774,1681,1.000,0.555,0.914,0.715,0.044,0.467,0.470,0.874,0.674,0.125,0.264,1.000,0.561,0.477,2.000,0.406,0.435,0.748,0.247,0.516,0.633,0.509,0.369,0.627,0.664,0.226,0.623,0.850,0.511,0.196,0.157,0.192,0.514,0.170,0.079,0.384,0.036,0.879,0.863,0.597,0.334,0.432,0.366,0.349,0.376,0.463,0.389
emergency-docket-stress,Emergency docket stress,"Higher urgency and executive pressure, meant to stress emergency-review procedures.",suspended-declaration-review,Suspended declarations of invalidity,synthetic_mechanism,suspended_declaration,pipeline,federal/district_only,553,553,946,393,1.000,0.585,0.918,0.715,0.050,0.411,0.405,0.884,0.678,0.135,0.211,1.000,0.488,0.387,1.000,0.403,0.410,0.743,0.240,0.505,0.621,0.516,0.376,0.632,0.662,0.219,0.624,0.847,0.515,0.212,0.132,0.177,0.474,0.181,0.061,0.383,0.024,0.884,0.875,0.609,0.331,0.385,0.360,0.337,0.336,0.452,0.369
emergency-docket-stress,Emergency docket stress,"Higher urgency and executive pressure, meant to stress emergency-review procedures.",suspended-declaration-review,Suspended declarations of invalidity,synthetic_mechanism,suspended_declaration,pipeline,federal/state_federal_split,195,195,385,190,1.000,0.506,0.922,0.719,0.034,0.393,0.410,0.822,0.607,0.147,0.428,1.000,0.886,0.560,3.000,0.529,0.519,0.741,0.255,0.503,0.621,0.482,0.378,0.621,0.655,0.273,0.622,0.860,0.492,0.210,0.159,0.236,0.533,0.159,0.082,0.369,0.020,0.894,0.888,0.624,0.337,0.510,0.377,0.369,0.416,0.479,0.418
emergency-docket-stress,Emergency docket stress,"Higher urgency and executive pressure, meant to stress emergency-review procedures.",suspended-declaration-review,Suspended declarations of invalidity,synthetic_mechanism,suspended_declaration,pipeline,mixed_state_federal/circuit_en_banc,839,839,1655,816,1.000,0.507,0.914,0.706,0.037,0.411,0.422,0.860,0.671,0.107,0.411,1.000,0.808,0.560,3.000,0.757,0.562,0.736,0.292,0.512,0.620,0.480,0.385,0.617,0.648,0.269,0.622,0.879,0.459,0.263,0.154,0.255,0.478,0.186,0.066,0.200,0.042,0.868,0.842,0.587,0.338,0.506,0.380,0.368,0.413,0.482,0.418
emergency-docket-stress,Emergency docket stress,"Higher urgency and executive pressure, meant to stress emergency-review procedures.",suspended-declaration-review,Suspended declarations of invalidity,synthetic_mechanism,suspended_declaration,pipeline,mixed_state_federal/district_only,125,125,243,118,1.000,0.514,0.893,0.685,0.066,0.400,0.392,0.880,0.664,0.192,0.400,1.000,0.647,0.365,1.000,0.727,0.489,0.720,0.287,0.503,0.614,0.491,0.440,0.625,0.636,0.255,0.623,0.874,0.512,0.256,0.144,0.192,0.424,0.152,0.096,0.200,0.027,0.903,0.891,0.671,0.334,0.413,0.372,0.345,0.336,0.460,0.379
emergency-docket-stress,Emergency docket stress,"Higher urgency and executive pressure, meant to stress emergency-review procedures.",suspended-declaration-review,Suspended declarations of invalidity,synthetic_mechanism,suspended_declaration,pipeline,mixed_state_federal/state_federal_split,1595,1595,3142,1547,1.000,0.508,0.896,0.693,0.043,0.533,0.539,0.862,0.698,0.128,0.533,1.000,0.862,0.564,3.000,0.783,0.576,0.731,0.315,0.520,0.641,0.488,0.375,0.614,0.644,0.251,0.621,0.884,0.463,0.239,0.162,0.273,0.465,0.185,0.088,0.206,0.031,0.889,0.867,0.611,0.339,0.512,0.381,0.370,0.421,0.485,0.422
emergency-docket-stress,Emergency docket stress,"Higher urgency and executive pressure, meant to stress emergency-review procedures.",suspended-declaration-review,Suspended declarations of invalidity,synthetic_mechanism,suspended_declaration,pipeline,state/circuit_en_banc,70,70,140,70,1.000,0.500,0.990,0.766,0.007,0.029,0.029,0.900,0.629,0.071,0.029,1.000,0.818,0.583,3.000,0.465,0.518,0.762,0.187,0.494,0.550,0.439,0.401,0.629,0.671,0.334,0.622,0.846,0.457,0.200,0.157,0.243,0.614,0.171,0.057,0.286,0.032,0.856,0.859,0.564,0.338,0.504,0.381,0.368,0.406,0.473,0.415
emergency-docket-stress,Emergency docket stress,"Higher urgency and executive pressure, meant to stress emergency-review procedures.",suspended-declaration-review,Suspended declarations of invalidity,synthetic_mechanism,suspended_declaration,pipeline,state/circuit_panel,599,599,1108,509,1.000,0.541,0.918,0.716,0.037,0.435,0.442,0.854,0.648,0.124,0.435,1.000,0.625,0.482,2.000,0.564,0.474,0.746,0.263,0.530,0.626,0.500,0.371,0.625,0.662,0.237,0.623,0.862,0.503,0.224,0.144,0.204,0.491,0.189,0.078,0.242,0.040,0.882,0.858,0.599,0.334,0.442,0.369,0.352,0.377,0.466,0.393
emergency-docket-stress,Emergency docket stress,"Higher urgency and executive pressure, meant to stress emergency-review procedures.",suspended-declaration-review,Suspended declarations of invalidity,synthetic_mechanism,suspended_declaration,pipeline,state/district_only,106,106,203,97,1.000,0.522,0.934,0.740,0.056,0.236,0.236,0.877,0.698,0.094,0.236,1.000,0.622,0.357,1.000,0.526,0.443,0.743,0.235,0.519,0.591,0.489,0.417,0.632,0.664,0.266,0.624,0.854,0.425,0.198,0.189,0.264,0.415,0.179,0.075,0.330,0.028,0.875,0.867,0.622,0.332,0.406,0.364,0.342,0.330,0.452,0.373
emergency-docket-stress,Emergency docket stress,"Higher urgency and executive pressure, meant to stress emergency-review procedures.",suspended-declaration-review,Suspended declarations of invalidity,synthetic_mechanism,suspended_declaration,pipeline,state/state_federal_split,1259,1259,2480,1221,1.000,0.508,0.909,0.711,0.040,0.489,0.495,0.869,0.688,0.108,0.489,1.000,0.836,0.567,3.000,0.591,0.532,0.741,0.279,0.528,0.636,0.488,0.369,0.619,0.656,0.255,0.622,0.867,0.488,0.230,0.154,0.219,0.470,0.176,0.080,0.270,0.031,0.886,0.868,0.612,0.338,0.506,0.379,0.368,0.419,0.481,0.419
emergency-docket-stress,Emergency docket stress,"Higher urgency and executive pressure, meant to stress emergency-review procedures.",suspended-declaration-review,Suspended declarations of invalidity,synthetic_mechanism,suspended_declaration,pipeline,state/state_high_court,1273,1273,2373,1100,1.000,0.536,0.905,0.706,0.043,0.537,0.544,0.859,0.688,0.127,0.537,1.000,0.620,0.485,2.000,0.540,0.477,0.742,0.274,0.525,0.642,0.505,0.361,0.623,0.658,0.221,0.623,0.862,0.525,0.207,0.151,0.186,0.470,0.181,0.077,0.282,0.028,0.892,0.875,0.614,0.335,0.442,0.370,0.352,0.384,0.468,0.395
emergency-docket-stress,Emergency docket stress,"Higher urgency and executive pressure, meant to stress emergency-review procedures.",override-clause-review,Strong-form review with explicit override clause,synthetic_mechanism,legislative_override_clause,pipeline,federal/circuit_en_banc,893,893,7283,6390,1.000,0.123,0.825,0.720,0.417,0.324,0.760,0.685,0.580,0.258,0.197,0.163,0.718,0.559,3.000,0.389,0.473,0.652,0.310,0.441,0.557,0.430,0.390,0.611,0.603,0.387,0.631,0.887,0.409,0.271,0.143,0.287,0.427,0.179,0.056,0.307,0.028,0.905,0.837,0.748,0.318,0.596,0.417,0.368,0.417,0.499,0.442
emergency-docket-stress,Emergency docket stress,"Higher urgency and executive pressure, meant to stress emergency-review procedures.",override-clause-review,Strong-form review with explicit override clause,synthetic_mechanism,legislative_override_clause,pipeline,federal/circuit_panel,2093,2093,17445,15352,1.000,0.120,0.795,0.705,0.419,0.479,0.742,0.676,0.612,0.292,0.269,0.281,0.561,0.477,2.000,0.406,0.435,0.646,0.320,0.426,0.561,0.451,0.369,0.614,0.595,0.360,0.632,0.888,0.409,0.265,0.154,0.275,0.419,0.182,0.061,0.317,0.026,0.915,0.853,0.754,0.315,0.543,0.411,0.354,0.383,0.487,0.421
emergency-docket-stress,Emergency docket stress,"Higher urgency and executive pressure, meant to stress emergency-review procedures.",override-clause-review,Strong-form review with explicit override clause,synthetic_mechanism,legislative_override_clause,pipeline,federal/district_only,553,553,4684,4131,1.000,0.118,0.801,0.709,0.409,0.429,0.525,0.691,0.622,0.306,0.235,0.365,0.488,0.387,1.000,0.403,0.410,0.645,0.315,0.429,0.559,0.453,0.376,0.618,0.597,0.354,0.633,0.886,0.409,0.260,0.150,0.253,0.425,0.152,0.060,0.347,0.018,0.924,0.869,0.766,0.312,0.500,0.406,0.343,0.344,0.477,0.402
emergency-docket-stress,Emergency docket stress,"Higher urgency and executive pressure, meant to stress emergency-review procedures.",override-clause-review,Strong-form review with explicit override clause,synthetic_mechanism,legislative_override_clause,pipeline,federal/state_federal_split,195,195,1564,1369,1.000,0.125,0.796,0.703,0.422,0.441,0.854,0.697,0.667,0.287,0.477,0.210,0.886,0.560,3.000,0.529,0.519,0.637,0.338,0.418,0.557,0.436,0.378,0.607,0.586,0.385,0.630,0.899,0.349,0.287,0.226,0.349,0.374,0.169,0.103,0.262,0.013,0.932,0.881,0.787,0.319,0.616,0.419,0.373,0.424,0.503,0.448
emergency-docket-stress,Emergency docket stress,"Higher urgency and executive pressure, meant to stress emergency-review procedures.",override-clause-review,Strong-form review with explicit override clause,synthetic_mechanism,legislative_override_clause,pipeline,mixed_state_federal/circuit_en_banc,839,839,6727,5888,1.000,0.125,0.786,0.696,0.440,0.447,0.778,0.683,0.615,0.323,0.447,0.192,0.808,0.560,3.000,0.757,0.562,0.628,0.377,0.418,0.552,0.434,0.385,0.603,0.578,0.386,0.630,0.919,0.398,0.308,0.147,0.336,0.380,0.212,0.079,0.155,0.030,0.908,0.835,0.741,0.320,0.611,0.420,0.373,0.420,0.505,0.448
emergency-docket-stress,Emergency docket stress,"Higher urgency and executive pressure, meant to stress emergency-review procedures.",override-clause-review,Strong-form review with explicit override clause,synthetic_mechanism,legislative_override_clause,pipeline,mixed_state_federal/district_only,125,125,1010,885,1.000,0.124,0.769,0.701,0.420,0.424,0.528,0.704,0.680,0.336,0.424,0.424,0.647,0.365,1.000,0.727,0.489,0.630,0.365,0.428,0.557,0.443,0.440,0.611,0.578,0.370,0.632,0.913,0.376,0.296,0.176,0.312,0.312,0.216,0.088,0.160,0.024,0.936,0.890,0.814,0.315,0.520,0.411,0.349,0.344,0.485,0.409
emergency-docket-stress,Emergency docket stress,"Higher urgency and executive pressure, meant to stress emergency-review procedures.",override-clause-review,Strong-form review with explicit override clause,synthetic_mechanism,legislative_override_clause,pipeline,mixed_state_federal/state_federal_split,1595,1595,12702,11107,1.000,0.126,0.764,0.678,0.448,0.571,0.861,0.687,0.619,0.310,0.571,0.238,0.862,0.564,3.000,0.783,0.576,0.619,0.392,0.400,0.555,0.442,0.375,0.601,0.566,0.379,0.630,0.922,0.373,0.322,0.170,0.328,0.357,0.210,0.085,0.137,0.024,0.924,0.859,0.768,0.320,0.617,0.421,0.374,0.425,0.506,0.450
emergency-docket-stress,Emergency docket stress,"Higher urgency and executive pressure, meant to stress emergency-review procedures.",override-clause-review,Strong-form review with explicit override clause,synthetic_mechanism,legislative_override_clause,pipeline,state/circuit_en_banc,70,70,580,510,1.000,0.121,0.864,0.751,0.412,0.100,0.000,0.714,0.557,0.314,0.100,0.014,0.818,0.583,3.000,0.465,0.518,0.660,0.309,0.477,0.540,0.394,0.401,0.610,0.616,0.413,0.630,0.892,0.400,0.257,0.129,0.243,0.429,0.157,0.043,0.329,0.019,0.916,0.855,0.733,0.319,0.610,0.421,0.372,0.420,0.504,0.447
emergency-docket-stress,Emergency docket stress,"Higher urgency and executive pressure, meant to stress emergency-review procedures.",override-clause-review,Strong-form review with explicit override clause,synthetic_mechanism,legislative_override_clause,pipeline,state/circuit_panel,599,599,4913,4314,1.000,0.122,0.797,0.709,0.419,0.437,0.771,0.699,0.616,0.285,0.437,0.240,0.625,0.482,2.000,0.564,0.474,0.643,0.340,0.437,0.557,0.446,0.371,0.611,0.593,0.367,0.632,0.900,0.439,0.269,0.129,0.265,0.434,0.170,0.063,0.195,0.031,0.912,0.847,0.754,0.316,0.552,0.413,0.357,0.384,0.490,0.424
emergency-docket-stress,Emergency docket stress,"Higher urgency and executive pressure, meant to stress emergency-review procedures.",override-clause-review,Strong-form review with explicit override clause,synthetic_mechanism,legislative_override_clause,pipeline,state/district_only,106,106,877,771,1.000,0.121,0.818,0.739,0.422,0.226,0.333,0.717,0.557,0.330,0.226,0.340,0.622,0.357,1.000,0.526,0.443,0.650,0.329,0.482,0.553,0.438,0.417,0.616,0.609,0.375,0.632,0.896,0.377,0.321,0.132,0.283,0.415,0.236,0.038,0.226,0.018,0.917,0.857,0.761,0.313,0.515,0.406,0.347,0.340,0.479,0.405
emergency-docket-stress,Emergency docket stress,"Higher urgency and executive pressure, meant to stress emergency-review procedures.",override-clause-review,Strong-form review with explicit override clause,synthetic_mechanism,legislative_override_clause,pipeline,state/state_federal_split,1259,1259,10087,8828,1.000,0.125,0.783,0.692,0.434,0.517,0.855,0.682,0.638,0.328,0.517,0.230,0.836,0.567,3.000,0.591,0.532,0.631,0.356,0.419,0.558,0.441,0.369,0.605,0.580,0.381,0.630,0.906,0.373,0.305,0.162,0.331,0.407,0.168,0.068,0.214,0.023,0.920,0.858,0.761,0.319,0.612,0.419,0.372,0.424,0.503,0.448
emergency-docket-stress,Emergency docket stress,"Higher urgency and executive pressure, meant to stress emergency-review procedures.",override-clause-review,Strong-form review with explicit override clause,synthetic_mechanism,legislative_override_clause,pipeline,state/state_high_court,1273,1273,10326,9053,1.000,0.123,0.782,0.691,0.447,0.541,0.822,0.691,0.644,0.320,0.541,0.225,0.620,0.485,2.000,0.540,0.477,0.629,0.350,0.414,0.554,0.451,0.361,0.610,0.582,0.364,0.632,0.900,0.392,0.280,0.168,0.297,0.397,0.175,0.072,0.218,0.021,0.926,0.869,0.767,0.316,0.551,0.413,0.357,0.387,0.489,0.425
emergency-docket-stress,Emergency docket stress,"Higher urgency and executive pressure, meant to stress emergency-review procedures.",pre-enactment-review,Pre-enactment review before laws take effect,synthetic_mechanism,pre_enactment_review,pipeline,federal/circuit_en_banc,893,893,1750,857,1.000,0.510,0.876,0.750,0.397,0.270,0.507,0.745,0.690,0.240,0.138,0.163,0.718,0.559,3.000,0.389,0.473,0.688,0.308,0.448,0.565,0.478,0.390,0.604,0.608,0.559,0.579,0.856,0.448,0.231,0.133,0.275,0.432,0.197,0.057,0.358,0.032,0.886,0.810,0.724,0.450,0.446,0.438,0.462,0.462,0.543,0.465
emergency-docket-stress,Emergency docket stress,"Higher urgency and executive pressure, meant to stress emergency-review procedures.",pre-enactment-review,Pre-enactment review before laws take effect,synthetic_mechanism,pre_enactment_review,pipeline,federal/circuit_panel,2093,2093,3933,1840,1.000,0.532,0.856,0.741,0.397,0.417,0.592,0.735,0.714,0.294,0.202,0.281,0.561,0.477,2.000,0.406,0.435,0.678,0.323,0.435,0.568,0.504,0.369,0.607,0.602,0.537,0.580,0.858,0.429,0.250,0.140,0.248,0.420,0.191,0.054,0.332,0.030,0.897,0.823,0.724,0.447,0.394,0.430,0.448,0.424,0.531,0.443
emergency-docket-stress,Emergency docket stress,"Higher urgency and executive pressure, meant to stress emergency-review procedures.",pre-enactment-review,Pre-enactment review before laws take effect,synthetic_mechanism,pre_enactment_review,pipeline,federal/district_only,553,553,1000,447,1.000,0.553,0.863,0.747,0.387,0.356,0.347,0.750,0.741,0.309,0.154,0.365,0.488,0.387,1.000,0.403,0.410,0.680,0.315,0.435,0.565,0.510,0.376,0.611,0.606,0.527,0.581,0.856,0.443,0.253,0.134,0.239,0.430,0.150,0.047,0.340,0.021,0.903,0.832,0.734,0.445,0.350,0.424,0.437,0.385,0.522,0.424
emergency-docket-stress,Emergency docket stress,"Higher urgency and executive pressure, meant to stress emergency-review procedures.",pre-enactment-review,Pre-enactment review before laws take effect,synthetic_mechanism,pre_enactment_review,pipeline,federal/state_federal_split,195,195,389,194,1.000,0.501,0.856,0.741,0.397,0.364,0.683,0.769,0.692,0.282,0.392,0.210,0.886,0.560,3.000,0.529,0.519,0.674,0.338,0.434,0.565,0.481,0.378,0.600,0.595,0.565,0.578,0.869,0.395,0.256,0.190,0.338,0.395,0.174,0.103,0.236,0.019,0.915,0.855,0.766,0.450,0.468,0.441,0.467,0.471,0.546,0.472
emergency-docket-stress,Emergency docket stress,"Higher urgency and executive pressure, meant to stress emergency-review procedures.",pre-enactment-review,Pre-enactment review before laws take effect,synthetic_mechanism,pre_enactment_review,pipeline,mixed_state_federal/circuit_en_banc,839,839,1669,830,1.000,0.503,0.845,0.736,0.412,0.353,0.578,0.737,0.726,0.263,0.353,0.192,0.808,0.560,3.000,0.757,0.562,0.668,0.372,0.435,0.560,0.479,0.385,0.596,0.588,0.563,0.578,0.888,0.456,0.274,0.137,0.293,0.443,0.174,0.062,0.175,0.036,0.886,0.802,0.709,0.451,0.464,0.442,0.467,0.468,0.549,0.471
emergency-docket-stress,Emergency docket stress,"Higher urgency and executive pressure, meant to stress emergency-review procedures.",pre-enactment-review,Pre-enactment review before laws take effect,synthetic_mechanism,pre_enactment_review,pipeline,mixed_state_federal/district_only,125,125,247,122,1.000,0.506,0.849,0.744,0.385,0.288,0.151,0.776,0.672,0.312,0.288,0.424,0.647,0.365,1.000,0.727,0.489,0.669,0.354,0.436,0.555,0.489,0.440,0.605,0.590,0.552,0.580,0.882,0.408,0.312,0.096,0.280,0.424,0.208,0.072,0.112,0.026,0.917,0.862,0.799,0.448,0.379,0.435,0.446,0.391,0.532,0.436
emergency-docket-stress,Emergency docket stress,"Higher urgency and executive pressure, meant to stress emergency-review procedures.",pre-enactment-review,Pre-enactment review before laws take effect,synthetic_mechanism,pre_enactment_review,pipeline,mixed_state_federal/state_federal_split,1595,1595,3171,1576,1.000,0.503,0.827,0.723,0.421,0.492,0.737,0.733,0.720,0.290,0.492,0.239,0.862,0.564,3.000,0.783,0.576,0.655,0.392,0.419,0.564,0.487,0.375,0.594,0.577,0.562,0.578,0.892,0.388,0.310,0.157,0.337,0.411,0.185,0.076,0.166,0.026,0.904,0.827,0.740,0.452,0.471,0.443,0.469,0.473,0.549,0.474
emergency-docket-stress,Emergency docket stress,"Higher urgency and executive pressure, meant to stress emergency-review procedures.",pre-enactment-review,Pre-enactment review before laws take effect,synthetic_mechanism,pre_enactment_review,pipeline,state/circuit_en_banc,70,70,140,70,1.000,0.500,0.903,0.781,0.388,0.029,0.000,0.729,0.643,0.271,0.029,0.014,0.818,0.583,3.000,0.465,0.518,0.704,0.300,0.488,0.551,0.439,0.401,0.604,0.624,0.572,0.578,0.860,0.343,0.286,0.143,0.329,0.457,0.229,0.071,0.314,0.019,0.891,0.810,0.711,0.450,0.458,0.441,0.464,0.472,0.548,0.470
emergency-docket-stress,Emergency docket stress,"Higher urgency and executive pressure, meant to stress emergency-review procedures.",pre-enactment-review,Pre-enactment review before laws take effect,synthetic_mechanism,pre_enactment_review,pipeline,state/circuit_panel,599,599,1145,546,1.000,0.523,0.852,0.740,0.401,0.391,0.590,0.711,0.698,0.277,0.391,0.240,0.625,0.482,2.000,0.564,0.474,0.675,0.343,0.446,0.565,0.496,0.371,0.604,0.599,0.542,0.579,0.871,0.454,0.287,0.139,0.255,0.421,0.175,0.060,0.250,0.036,0.897,0.822,0.730,0.448,0.403,0.433,0.451,0.430,0.533,0.447
emergency-docket-stress,Emergency docket stress,"Higher urgency and executive pressure, meant to stress emergency-review procedures.",pre-enactment-review,Pre-enactment review before laws take effect,synthetic_mechanism,pre_enactment_review,pipeline,state/district_only,106,106,207,101,1.000,0.512,0.870,0.764,0.405,0.179,0.111,0.840,0.717,0.311,0.179,0.340,0.622,0.357,1.000,0.526,0.443,0.683,0.326,0.487,0.558,0.486,0.417,0.609,0.613,0.547,0.580,0.865,0.377,0.311,0.132,0.340,0.349,0.170,0.047,0.311,0.022,0.897,0.823,0.732,0.445,0.369,0.427,0.442,0.386,0.526,0.429
emergency-docket-stress,Emergency docket stress,"Higher urgency and executive pressure, meant to stress emergency-review procedures.",pre-enactment-review,Pre-enactment review before laws take effect,synthetic_mechanism,pre_enactment_review,pipeline,state/state_federal_split,1259,1259,2502,1243,1.000,0.503,0.843,0.730,0.412,0.447,0.659,0.754,0.733,0.274,0.447,0.230,0.836,0.567,3.000,0.591,0.532,0.665,0.356,0.438,0.566,0.487,0.369,0.598,0.590,0.560,0.578,0.876,0.423,0.281,0.132,0.300,0.436,0.181,0.055,0.206,0.026,0.901,0.828,0.730,0.451,0.465,0.441,0.467,0.472,0.546,0.472
emergency-docket-stress,Emergency docket stress,"Higher urgency and executive pressure, meant to stress emergency-review procedures.",pre-enactment-review,Pre-enactment review before laws take effect,synthetic_mechanism,pre_enactment_review,pipeline,state/state_high_court,1273,1273,2444,1171,1.000,0.521,0.836,0.722,0.431,0.498,0.647,0.747,0.730,0.288,0.498,0.225,0.620,0.485,2.000,0.540,0.477,0.660,0.353,0.426,0.562,0.501,0.361,0.603,0.587,0.539,0.579,0.871,0.396,0.273,0.159,0.291,0.442,0.178,0.057,0.229,0.025,0.905,0.834,0.738,0.448,0.402,0.434,0.451,0.434,0.532,0.448
emergency-docket-stress,Emergency docket stress,"Higher urgency and executive pressure, meant to stress emergency-review procedures.",abstract-review-tribunal,Abstract review tribunal,synthetic_mechanism,abstract_review,pipeline,federal/circuit_en_banc,893,893,1754,861,1.000,0.509,0.923,0.767,0.050,0.325,0.272,0.840,0.697,0.109,0.184,1.000,0.718,0.559,3.000,0.389,0.473,0.741,0.220,0.461,0.575,0.478,0.390,0.612,0.648,0.363,0.563,0.916,0.518,0.196,0.148,0.226,0.505,0.170,0.050,0.395,0.039,0.859,0.842,0.609,0.443,0.481,0.410,0.464,0.468,0.552,0.467
emergency-docket-stress,Emergency docket stress,"Higher urgency and executive pressure, meant to stress emergency-review procedures.",abstract-review-tribunal,Abstract review tribunal,synthetic_mechanism,abstract_review,pipeline,federal/circuit_panel,2093,2093,4011,1918,1.000,0.522,0.879,0.766,0.071,0.501,0.441,0.858,0.710,0.119,0.289,1.000,0.561,0.477,2.000,0.406,0.435,0.728,0.246,0.455,0.586,0.502,0.369,0.615,0.641,0.343,0.564,0.919,0.513,0.199,0.148,0.199,0.498,0.171,0.073,0.383,0.034,0.873,0.858,0.608,0.430,0.429,0.394,0.442,0.416,0.533,0.438
emergency-docket-stress,Emergency docket stress,"Higher urgency and executive pressure, meant to stress emergency-review procedures.",abstract-review-tribunal,Abstract review tribunal,synthetic_mechanism,abstract_review,pipeline,federal/district_only,553,553,1034,481,1.000,0.535,0.885,0.768,0.082,0.441,0.373,0.845,0.683,0.155,0.279,1.000,0.488,0.387,1.000,0.403,0.410,0.723,0.243,0.453,0.580,0.507,0.376,0.619,0.642,0.333,0.565,0.917,0.495,0.230,0.119,0.186,0.472,0.165,0.058,0.405,0.024,0.880,0.868,0.612,0.426,0.386,0.387,0.429,0.373,0.524,0.417
emergency-docket-stress,Emergency docket stress,"Higher urgency and executive pressure, meant to stress emergency-review procedures.",abstract-review-tribunal,Abstract review tribunal,synthetic_mechanism,abstract_review,pipeline,federal/state_federal_split,195,195,385,190,1.000,0.506,0.888,0.757,0.059,0.442,0.405,0.837,0.711,0.116,0.480,1.000,0.886,0.560,3.000,0.529,0.519,0.723,0.256,0.451,0.581,0.482,0.378,0.606,0.633,0.373,0.562,0.930,0.441,0.210,0.169,0.297,0.462,0.200,0.077,0.338,0.023,0.890,0.880,0.641,0.451,0.502,0.419,0.476,0.490,0.560,0.480
emergency-docket-stress,Emergency docket stress,"Higher urgency and executive pressure, meant to stress emergency-review procedures.",abstract-review-tribunal,Abstract review tribunal,synthetic_mechanism,abstract_review,pipeline,mixed_state_federal/circuit_en_banc,839,839,1660,821,1.000,0.505,0.887,0.752,0.062,0.439,0.358,0.869,0.681,0.144,0.439,1.000,0.808,0.560,3.000,0.757,0.562,0.718,0.288,0.448,0.575,0.480,0.385,0.603,0.627,0.369,0.563,0.949,0.498,0.229,0.149,0.262,0.493,0.206,0.070,0.236,0.039,0.865,0.837,0.592,0.450,0.498,0.419,0.473,0.483,0.561,0.478
emergency-docket-stress,Emergency docket stress,"Higher urgency and executive pressure, meant to stress emergency-review procedures.",abstract-review-tribunal,Abstract review tribunal,synthetic_mechanism,abstract_review,pipeline,mixed_state_federal/district_only,125,125,249,124,1.000,0.502,0.856,0.744,0.107,0.464,0.312,0.896,0.688,0.208,0.464,1.000,0.647,0.365,1.000,0.727,0.489,0.699,0.293,0.434,0.570,0.488,0.440,0.610,0.614,0.358,0.564,0.945,0.424,0.296,0.208,0.320,0.440,0.184,0.120,0.168,0.030,0.891,0.879,0.683,0.439,0.413,0.407,0.447,0.395,0.541,0.437
emergency-docket-stress,Emergency docket stress,"Higher urgency and executive pressure, meant to stress emergency-review procedures.",abstract-review-tribunal,Abstract review tribunal,synthetic_mechanism,abstract_review,pipeline,mixed_state_federal/state_federal_split,1595,1595,3151,1556,1.000,0.506,0.857,0.748,0.070,0.571,0.493,0.843,0.700,0.132,0.571,1.000,0.862,0.564,3.000,0.783,0.576,0.708,0.311,0.440,0.585,0.488,0.375,0.600,0.618,0.370,0.562,0.954,0.450,0.256,0.155,0.268,0.469,0.172,0.089,0.199,0.031,0.887,0.864,0.625,0.452,0.505,0.422,0.476,0.491,0.563,0.482
emergency-docket-stress,Emergency docket stress,"Higher urgency and executive pressure, meant to stress emergency-review procedures.",abstract-review-tribunal,Abstract review tribunal,synthetic_mechanism,abstract_review,pipeline,state/circuit_en_banc,70,70,139,69,1.000,0.504,0.983,0.773,0.028,0.087,0.014,0.855,0.580,0.072,0.087,1.000,0.818,0.583,3.000,0.465,0.518,0.755,0.195,0.482,0.548,0.440,0.401,0.613,0.660,0.372,0.563,0.918,0.529,0.129,0.086,0.286,0.529,0.229,0.043,0.257,0.031,0.856,0.853,0.578,0.448,0.492,0.419,0.471,0.486,0.560,0.477
emergency-docket-stress,Emergency docket stress,"Higher urgency and executive pressure, meant to stress emergency-review procedures.",abstract-review-tribunal,Abstract review tribunal,synthetic_mechanism,abstract_review,pipeline,state/circuit_panel,599,599,1164,565,1.000,0.515,0.887,0.761,0.063,0.479,0.396,0.863,0.699,0.142,0.479,1.000,0.625,0.482,2.000,0.564,0.474,0.725,0.263,0.453,0.580,0.495,0.371,0.612,0.637,0.347,0.564,0.931,0.466,0.244,0.162,0.235,0.494,0.185,0.082,0.249,0.038,0.875,0.853,0.609,0.436,0.438,0.401,0.449,0.429,0.539,0.446
emergency-docket-stress,Emergency docket stress,"Higher urgency and executive pressure, meant to stress emergency-review procedures.",abstract-review-tribunal,Abstract review tribunal,synthetic_mechanism,abstract_review,pipeline,state/district_only,106,106,209,103,1.000,0.507,0.899,0.755,0.103,0.340,0.179,0.868,0.679,0.226,0.340,1.000,0.622,0.357,1.000,0.526,0.443,0.716,0.249,0.459,0.565,0.485,0.417,0.616,0.635,0.350,0.565,0.927,0.443,0.264,0.094,0.264,0.443,0.132,0.047,0.283,0.026,0.867,0.848,0.635,0.434,0.403,0.398,0.440,0.386,0.533,0.429
emergency-docket-stress,Emergency docket stress,"Higher urgency and executive pressure, meant to stress emergency-review procedures.",abstract-review-tribunal,Abstract review tribunal,synthetic_mechanism,abstract_review,pipeline,state/state_federal_split,1259,1259,2471,1212,1.000,0.510,0.875,0.756,0.064,0.516,0.446,0.873,0.709,0.122,0.516,1.000,0.836,0.567,3.000,0.591,0.532,0.718,0.275,0.451,0.584,0.489,0.369,0.605,0.630,0.366,0.563,0.937,0.473,0.234,0.161,0.265,0.499,0.175,0.077,0.245,0.032,0.882,0.862,0.618,0.449,0.498,0.417,0.473,0.488,0.559,0.478
emergency-docket-stress,Emergency docket stress,"Higher urgency and executive pressure, meant to stress emergency-review procedures.",abstract-review-tribunal,Abstract review tribunal,synthetic_mechanism,abstract_review,pipeline,state/state_high_court,1273,1273,2474,1201,1.000,0.515,0.865,0.757,0.069,0.582,0.518,0.860,0.704,0.126,0.582,1.000,0.620,0.485,2.000,0.540,0.477,0.718,0.272,0.449,0.588,0.500,0.361,0.611,0.632,0.347,0.564,0.931,0.444,0.229,0.190,0.218,0.489,0.176,0.088,0.242,0.028,0.889,0.871,0.623,0.435,0.437,0.400,0.447,0.431,0.537,0.445
emergency-docket-stress,Emergency docket stress,"Higher urgency and executive pressure, meant to stress emergency-review procedures.",ombudsman-triggered-review,Ombudsman-triggered constitutional review,synthetic_mechanism,ombudsman_triggered_review,pipeline,federal/circuit_en_banc,893,893,92184,91291,1.000,0.010,0.825,0.717,0.418,0.353,0.762,0.713,0.657,0.261,0.210,0.164,0.718,0.559,3.000,0.389,0.473,0.660,0.321,0.436,0.563,0.417,0.390,0.596,0.592,0.529,0.603,0.797,0.442,0.258,0.131,0.289,0.415,0.200,0.063,0.320,0.024,0.917,0.853,0.767,0.339,0.885,0.521,0.453,0.455,0.504,0.533
emergency-docket-stress,Emergency docket stress,"Higher urgency and executive pressure, meant to stress emergency-review procedures.",ombudsman-triggered-review,Ombudsman-triggered constitutional review,synthetic_mechanism,ombudsman_triggered_review,pipeline,federal/circuit_panel,2093,2093,211677,209584,1.000,0.010,0.789,0.700,0.422,0.526,0.810,0.703,0.669,0.297,0.322,0.281,0.561,0.477,2.000,0.406,0.435,0.648,0.339,0.420,0.569,0.438,0.369,0.598,0.581,0.513,0.603,0.800,0.407,0.270,0.164,0.260,0.419,0.183,0.075,0.308,0.024,0.925,0.865,0.766,0.337,0.841,0.514,0.443,0.420,0.494,0.515
emergency-docket-stress,Emergency docket stress,"Higher urgency and executive pressure, meant to stress emergency-review procedures.",ombudsman-triggered-review,Ombudsman-triggered constitutional review,synthetic_mechanism,ombudsman_triggered_review,pipeline,federal/district_only,553,553,56846,56293,1.000,0.010,0.791,0.709,0.412,0.479,0.624,0.709,0.675,0.300,0.296,0.365,0.488,0.387,1.000,0.403,0.410,0.649,0.334,0.424,0.568,0.440,0.376,0.602,0.584,0.506,0.604,0.798,0.423,0.266,0.157,0.244,0.405,0.192,0.067,0.331,0.017,0.935,0.879,0.781,0.335,0.797,0.509,0.431,0.381,0.483,0.496
emergency-docket-stress,Emergency docket stress,"Higher urgency and executive pressure, meant to stress emergency-review procedures.",ombudsman-triggered-review,Ombudsman-triggered constitutional review,synthetic_mechanism,ombudsman_triggered_review,pipeline,federal/state_federal_split,195,195,19241,19046,1.000,0.010,0.796,0.697,0.420,0.456,0.878,0.672,0.687,0.359,0.489,0.210,0.886,0.560,3.000,0.529,0.519,0.645,0.351,0.422,0.564,0.422,0.378,0.592,0.575,0.535,0.602,0.810,0.354,0.338,0.190,0.344,0.436,0.123,0.097,0.318,0.015,0.938,0.889,0.793,0.340,0.905,0.522,0.458,0.460,0.507,0.539
emergency-docket-stress,Emergency docket stress,"Higher urgency and executive pressure, meant to stress emergency-review procedures.",ombudsman-triggered-review,Ombudsman-triggered constitutional review,synthetic_mechanism,ombudsman_triggered_review,pipeline,mixed_state_federal/circuit_en_banc,839,839,82941,82102,1.000,0.010,0.788,0.696,0.435,0.453,0.810,0.695,0.648,0.325,0.453,0.192,0.808,0.560,3.000,0.757,0.562,0.637,0.387,0.418,0.559,0.420,0.385,0.589,0.568,0.532,0.602,0.829,0.384,0.315,0.153,0.298,0.402,0.223,0.063,0.166,0.028,0.915,0.844,0.747,0.341,0.901,0.523,0.457,0.457,0.509,0.539
emergency-docket-stress,Emergency docket stress,"Higher urgency and executive pressure, meant to stress emergency-review procedures.",ombudsman-triggered-review,Ombudsman-triggered constitutional review,synthetic_mechanism,ombudsman_triggered_review,pipeline,mixed_state_federal/district_only,125,125,12518,12393,1.000,0.010,0.772,0.705,0.413,0.416,0.509,0.696,0.672,0.272,0.416,0.424,0.647,0.365,1.000,0.727,0.489,0.636,0.377,0.431,0.563,0.429,0.440,0.596,0.569,0.524,0.604,0.824,0.360,0.328,0.176,0.264,0.344,0.208,0.064,0.104,0.020,0.940,0.894,0.850,0.337,0.814,0.515,0.437,0.380,0.490,0.502
emergency-docket-stress,Emergency docket stress,"Higher urgency and executive pressure, meant to stress emergency-review procedures.",ombudsman-triggered-review,Ombudsman-triggered constitutional review,synthetic_mechanism,ombudsman_triggered_review,pipeline,mixed_state_federal/state_federal_split,1595,1595,153028,151433,1.000,0.010,0.765,0.678,0.445,0.582,0.887,0.697,0.683,0.302,0.582,0.238,0.862,0.564,3.000,0.783,0.576,0.625,0.406,0.401,0.562,0.428,0.375,0.586,0.556,0.531,0.602,0.834,0.387,0.313,0.153,0.335,0.367,0.203,0.066,0.124,0.022,0.932,0.871,0.779,0.341,0.909,0.523,0.460,0.461,0.511,0.542
emergency-docket-stress,Emergency docket stress,"Higher urgency and executive pressure, meant to stress emergency-review procedures.",ombudsman-triggered-review,Ombudsman-triggered constitutional review,synthetic_mechanism,ombudsman_triggered_review,pipeline,state/circuit_en_banc,70,70,7565,7495,1.000,0.009,0.874,0.754,0.399,0.087,0.000,0.725,0.667,0.203,0.087,0.014,0.818,0.583,3.000,0.465,0.518,0.681,0.306,0.478,0.546,0.380,0.401,0.597,0.611,0.538,0.602,0.800,0.414,0.214,0.129,0.314,0.400,0.271,0.071,0.200,0.017,0.933,0.874,0.780,0.338,0.892,0.525,0.453,0.460,0.507,0.537
emergency-docket-stress,Emergency docket stress,"Higher urgency and executive pressure, meant to stress emergency-review procedures.",ombudsman-triggered-review,Ombudsman-triggered constitutional review,synthetic_mechanism,ombudsman_triggered_review,pipeline,state/circuit_panel,599,599,60356,59757,1.000,0.010,0.798,0.704,0.420,0.473,0.750,0.734,0.686,0.264,0.473,0.239,0.625,0.482,2.000,0.564,0.474,0.649,0.355,0.429,0.563,0.432,0.371,0.596,0.581,0.515,0.603,0.812,0.406,0.279,0.152,0.269,0.409,0.202,0.065,0.234,0.031,0.920,0.858,0.768,0.338,0.846,0.515,0.444,0.421,0.495,0.517
emergency-docket-stress,Emergency docket stress,"Higher urgency and executive pressure, meant to stress emergency-review procedures.",ombudsman-triggered-review,Ombudsman-triggered constitutional review,synthetic_mechanism,ombudsman_triggered_review,pipeline,state/district_only,106,106,10983,10877,1.000,0.010,0.799,0.734,0.432,0.321,0.444,0.717,0.604,0.283,0.321,0.340,0.622,0.357,1.000,0.526,0.443,0.652,0.347,0.460,0.563,0.425,0.417,0.600,0.591,0.518,0.604,0.807,0.443,0.245,0.179,0.245,0.453,0.189,0.104,0.245,0.016,0.924,0.860,0.775,0.334,0.808,0.510,0.433,0.378,0.485,0.498
emergency-docket-stress,Emergency docket stress,"Higher urgency and executive pressure, meant to stress emergency-review procedures.",ombudsman-triggered-review,Ombudsman-triggered constitutional review,synthetic_mechanism,ombudsman_triggered_review,pipeline,state/state_federal_split,1259,1259,122505,121246,1.000,0.010,0.785,0.689,0.434,0.533,0.848,0.725,0.690,0.300,0.533,0.230,0.836,0.567,3.000,0.591,0.532,0.637,0.370,0.417,0.564,0.428,0.369,0.590,0.569,0.530,0.602,0.817,0.381,0.284,0.176,0.338,0.421,0.185,0.079,0.191,0.021,0.928,0.869,0.777,0.341,0.904,0.521,0.458,0.461,0.508,0.539
emergency-docket-stress,Emergency docket stress,"Higher urgency and executive pressure, meant to stress emergency-review procedures.",ombudsman-triggered-review,Ombudsman-triggered constitutional review,synthetic_mechanism,ombudsman_triggered_review,pipeline,state/state_high_court,1273,1273,125407,124134,1.000,0.010,0.776,0.683,0.453,0.597,0.871,0.709,0.693,0.298,0.597,0.225,0.620,0.485,2.000,0.540,0.477,0.632,0.368,0.403,0.562,0.438,0.361,0.595,0.567,0.513,0.603,0.812,0.356,0.304,0.164,0.318,0.403,0.187,0.068,0.193,0.019,0.934,0.876,0.779,0.338,0.849,0.515,0.445,0.425,0.496,0.518
emergency-docket-stress,Emergency docket stress,"Higher urgency and executive pressure, meant to stress emergency-review procedures.",constitutional-public-defender,Constitutional public defender access model,synthetic_mechanism,constitutional_public_defender,pipeline,federal/circuit_en_banc,893,893,100823,99930,1.000,0.009,0.909,0.770,0.030,0.360,0.331,0.863,0.680,0.095,0.218,1.000,0.718,0.559,3.000,0.389,0.473,0.739,0.218,0.464,0.578,0.417,0.390,0.604,0.642,0.520,0.630,0.755,0.480,0.208,0.155,0.233,0.487,0.217,0.073,0.375,0.035,0.879,0.861,0.625,0.340,0.868,0.524,0.450,0.454,0.538,0.537
emergency-docket-stress,Emergency docket stress,"Higher urgency and executive pressure, meant to stress emergency-review procedures.",constitutional-public-defender,Constitutional public defender access model,synthetic_mechanism,constitutional_public_defender,pipeline,federal/circuit_panel,2093,2093,232981,230888,1.000,0.009,0.864,0.776,0.047,0.526,0.498,0.848,0.686,0.121,0.315,1.000,0.561,0.477,2.000,0.406,0.435,0.728,0.244,0.457,0.589,0.438,0.369,0.605,0.636,0.503,0.631,0.759,0.472,0.213,0.178,0.215,0.495,0.188,0.086,0.374,0.033,0.892,0.876,0.623,0.339,0.819,0.516,0.439,0.418,0.528,0.517
emergency-docket-stress,Emergency docket stress,"Higher urgency and executive pressure, meant to stress emergency-review procedures.",constitutional-public-defender,Constitutional public defender access model,synthetic_mechanism,constitutional_public_defender,pipeline,federal/district_only,553,553,62512,61959,1.000,0.009,0.865,0.771,0.056,0.512,0.454,0.843,0.671,0.130,0.332,1.000,0.488,0.387,1.000,0.403,0.410,0.722,0.243,0.450,0.585,0.440,0.376,0.608,0.633,0.494,0.632,0.758,0.476,0.222,0.157,0.181,0.441,0.192,0.071,0.340,0.022,0.902,0.889,0.643,0.336,0.775,0.512,0.428,0.379,0.517,0.498
emergency-docket-stress,Emergency docket stress,"Higher urgency and executive pressure, meant to stress emergency-review procedures.",constitutional-public-defender,Constitutional public defender access model,synthetic_mechanism,constitutional_public_defender,pipeline,federal/state_federal_split,195,195,21180,20985,1.000,0.009,0.883,0.757,0.035,0.440,0.405,0.853,0.613,0.105,0.483,1.000,0.886,0.560,3.000,0.529,0.519,0.724,0.249,0.451,0.580,0.422,0.378,0.600,0.628,0.526,0.630,0.768,0.467,0.200,0.185,0.277,0.482,0.164,0.087,0.297,0.022,0.903,0.904,0.638,0.341,0.885,0.524,0.454,0.459,0.540,0.541
emergency-docket-stress,Emergency docket stress,"Higher urgency and executive pressure, meant to stress emergency-review procedures.",constitutional-public-defender,Constitutional public defender access model,synthetic_mechanism,constitutional_public_defender,pipeline,mixed_state_federal/circuit_en_banc,839,839,90806,89967,1.000,0.009,0.872,0.760,0.039,0.457,0.427,0.848,0.679,0.152,0.457,1.000,0.808,0.560,3.000,0.757,0.562,0.719,0.286,0.452,0.579,0.420,0.385,0.596,0.622,0.525,0.630,0.787,0.441,0.263,0.167,0.267,0.502,0.232,0.092,0.207,0.038,0.882,0.855,0.603,0.342,0.882,0.526,0.455,0.456,0.544,0.542
emergency-docket-stress,Emergency docket stress,"Higher urgency and executive pressure, meant to stress emergency-review procedures.",constitutional-public-defender,Constitutional public defender access model,synthetic_mechanism,constitutional_public_defender,pipeline,mixed_state_federal/district_only,125,125,13763,13638,1.000,0.009,0.846,0.746,0.070,0.464,0.368,0.840,0.688,0.224,0.464,1.000,0.647,0.365,1.000,0.727,0.489,0.702,0.287,0.437,0.573,0.429,0.440,0.603,0.610,0.512,0.632,0.784,0.424,0.240,0.168,0.240,0.512,0.168,0.088,0.168,0.029,0.907,0.900,0.708,0.338,0.791,0.519,0.432,0.378,0.523,0.504
emergency-docket-stress,Emergency docket stress,"Higher urgency and executive pressure, meant to stress emergency-review procedures.",constitutional-public-defender,Constitutional public defender access model,synthetic_mechanism,constitutional_public_defender,pipeline,mixed_state_federal/state_federal_split,1595,1595,168019,166424,1.000,0.009,0.844,0.755,0.045,0.579,0.550,0.856,0.706,0.130,0.579,1.000,0.862,0.564,3.000,0.783,0.576,0.710,0.308,0.446,0.588,0.428,0.375,0.593,0.614,0.527,0.630,0.792,0.450,0.253,0.177,0.269,0.427,0.209,0.091,0.210,0.030,0.901,0.880,0.638,0.343,0.889,0.526,0.457,0.460,0.545,0.544
emergency-docket-stress,Emergency docket stress,"Higher urgency and executive pressure, meant to stress emergency-review procedures.",constitutional-public-defender,Constitutional public defender access model,synthetic_mechanism,constitutional_public_defender,pipeline,state/circuit_en_banc,70,70,8288,8218,1.000,0.008,0.967,0.773,0.010,0.119,0.071,0.836,0.672,0.090,0.119,1.000,0.818,0.583,3.000,0.465,0.518,0.752,0.192,0.483,0.550,0.380,0.401,0.605,0.652,0.528,0.630,0.757,0.600,0.186,0.143,0.243,0.471,0.129,0.071,0.300,0.035,0.888,0.886,0.594,0.339,0.879,0.526,0.452,0.460,0.542,0.541
emergency-docket-stress,Emergency docket stress,"Higher urgency and executive pressure, meant to stress emergency-review procedures.",constitutional-public-defender,Constitutional public defender access model,synthetic_mechanism,constitutional_public_defender,pipeline,state/circuit_panel,599,599,66111,65512,1.000,0.009,0.874,0.773,0.040,0.495,0.457,0.850,0.650,0.101,0.495,1.000,0.625,0.482,2.000,0.564,0.474,0.728,0.260,0.457,0.583,0.432,0.371,0.602,0.633,0.506,0.631,0.771,0.456,0.257,0.147,0.265,0.494,0.189,0.063,0.235,0.038,0.893,0.869,0.634,0.339,0.827,0.518,0.441,0.420,0.530,0.520
emergency-docket-stress,Emergency docket stress,"Higher urgency and executive pressure, meant to stress emergency-review procedures.",constitutional-public-defender,Constitutional public defender access model,synthetic_mechanism,constitutional_public_defender,pipeline,state/district_only,106,106,12105,11999,1.000,0.009,0.891,0.765,0.062,0.311,0.274,0.887,0.755,0.170,0.311,1.000,0.622,0.357,1.000,0.526,0.443,0.726,0.242,0.479,0.571,0.425,0.417,0.608,0.637,0.506,0.632,0.765,0.500,0.208,0.142,0.208,0.547,0.160,0.066,0.330,0.026,0.885,0.867,0.637,0.335,0.784,0.514,0.428,0.376,0.517,0.499
emergency-docket-stress,Emergency docket stress,"Higher urgency and executive pressure, meant to stress emergency-review procedures.",constitutional-public-defender,Constitutional public defender access model,synthetic_mechanism,constitutional_public_defender,pipeline,state/state_federal_split,1259,1259,134857,133598,1.000,0.009,0.863,0.760,0.041,0.535,0.501,0.856,0.676,0.118,0.535,1.000,0.836,0.567,3.000,0.591,0.532,0.719,0.272,0.452,0.587,0.428,0.369,0.597,0.624,0.524,0.630,0.775,0.465,0.224,0.183,0.241,0.464,0.180,0.080,0.233,0.030,0.898,0.879,0.637,0.341,0.882,0.524,0.454,0.459,0.541,0.541
emergency-docket-stress,Emergency docket stress,"Higher urgency and executive pressure, meant to stress emergency-review procedures.",constitutional-public-defender,Constitutional public defender access model,synthetic_mechanism,constitutional_public_defender,pipeline,state/state_high_court,1273,1273,137637,136364,1.000,0.009,0.853,0.774,0.045,0.603,0.577,0.870,0.696,0.103,0.603,1.000,0.620,0.485,2.000,0.540,0.477,0.721,0.269,0.449,0.591,0.438,0.361,0.601,0.628,0.506,0.631,0.771,0.442,0.233,0.191,0.229,0.491,0.176,0.091,0.265,0.026,0.905,0.888,0.638,0.340,0.827,0.518,0.442,0.423,0.531,0.520
emergency-docket-stress,Emergency docket stress,"Higher urgency and executive pressure, meant to stress emergency-review procedures.",rights-impact-statement-review,Rights-impact statements before review,synthetic_mechanism,rights_impact_statement,pipeline,federal/circuit_en_banc,893,893,1746,853,1.000,0.511,0.878,0.794,0.390,0.244,0.476,0.702,0.722,0.258,0.124,0.164,0.718,0.559,3.000,0.389,0.473,0.706,0.304,0.452,0.568,0.478,0.390,0.603,0.631,0.550,0.697,0.733,0.437,0.245,0.131,0.280,0.461,0.186,0.057,0.348,0.036,0.870,0.787,0.710,0.424,0.464,0.438,0.439,0.464,0.558,0.465
emergency-docket-stress,Emergency docket stress,"Higher urgency and executive pressure, meant to stress emergency-review procedures.",rights-impact-statement-review,Rights-impact statements before review,synthetic_mechanism,rights_impact_statement,pipeline,federal/circuit_panel,2093,2093,3884,1791,1.000,0.539,0.857,0.777,0.392,0.402,0.542,0.766,0.740,0.287,0.208,0.281,0.561,0.477,2.000,0.406,0.435,0.694,0.319,0.436,0.571,0.506,0.369,0.606,0.622,0.527,0.698,0.734,0.453,0.241,0.143,0.235,0.448,0.164,0.060,0.332,0.032,0.879,0.797,0.706,0.421,0.408,0.430,0.425,0.426,0.544,0.442
emergency-docket-stress,Emergency docket stress,"Higher urgency and executive pressure, meant to stress emergency-review procedures.",rights-impact-statement-review,Rights-impact statements before review,synthetic_mechanism,rights_impact_statement,pipeline,federal/district_only,553,553,981,428,1.000,0.564,0.865,0.780,0.381,0.338,0.342,0.759,0.738,0.288,0.162,0.365,0.488,0.387,1.000,0.403,0.410,0.697,0.312,0.439,0.568,0.512,0.376,0.611,0.626,0.515,0.699,0.732,0.434,0.260,0.123,0.266,0.450,0.152,0.051,0.329,0.023,0.884,0.806,0.714,0.418,0.362,0.424,0.414,0.386,0.533,0.422
emergency-docket-stress,Emergency docket stress,"Higher urgency and executive pressure, meant to stress emergency-review procedures.",rights-impact-statement-review,Rights-impact statements before review,synthetic_mechanism,rights_impact_statement,pipeline,federal/state_federal_split,195,195,389,194,1.000,0.501,0.857,0.777,0.392,0.349,0.561,0.749,0.795,0.262,0.381,0.210,0.886,0.560,3.000,0.529,0.519,0.689,0.333,0.438,0.566,0.481,0.378,0.599,0.615,0.556,0.697,0.745,0.415,0.251,0.210,0.277,0.472,0.149,0.092,0.256,0.019,0.897,0.825,0.737,0.425,0.486,0.442,0.445,0.473,0.561,0.472
emergency-docket-stress,Emergency docket stress,"Higher urgency and executive pressure, meant to stress emergency-review procedures.",rights-impact-statement-review,Rights-impact statements before review,synthetic_mechanism,rights_impact_statement,pipeline,mixed_state_federal/circuit_en_banc,839,839,1665,826,1.000,0.504,0.848,0.780,0.404,0.330,0.559,0.729,0.739,0.260,0.330,0.192,0.808,0.560,3.000,0.757,0.562,0.686,0.368,0.440,0.563,0.480,0.385,0.596,0.611,0.554,0.697,0.764,0.406,0.284,0.144,0.286,0.482,0.172,0.056,0.207,0.038,0.869,0.776,0.690,0.425,0.481,0.442,0.444,0.470,0.563,0.471
emergency-docket-stress,Emergency docket stress,"Higher urgency and executive pressure, meant to stress emergency-review procedures.",rights-impact-statement-review,Rights-impact statements before review,synthetic_mechanism,rights_impact_statement,pipeline,mixed_state_federal/district_only,125,125,246,121,1.000,0.508,0.852,0.769,0.383,0.264,0.075,0.728,0.792,0.320,0.264,0.424,0.647,0.365,1.000,0.727,0.489,0.685,0.351,0.430,0.556,0.490,0.440,0.604,0.607,0.540,0.699,0.758,0.416,0.280,0.168,0.304,0.440,0.152,0.080,0.176,0.034,0.905,0.846,0.789,0.422,0.389,0.436,0.422,0.392,0.542,0.433
emergency-docket-stress,Emergency docket stress,"Higher urgency and executive pressure, meant to stress emergency-review procedures.",rights-impact-statement-review,Rights-impact statements before review,synthetic_mechanism,rights_impact_statement,pipeline,mixed_state_federal/state_federal_split,1595,1595,3171,1576,1.000,0.503,0.830,0.767,0.414,0.465,0.711,0.751,0.740,0.275,0.465,0.238,0.862,0.564,3.000,0.783,0.576,0.674,0.387,0.424,0.567,0.487,0.375,0.593,0.600,0.553,0.697,0.768,0.386,0.298,0.155,0.315,0.389,0.192,0.069,0.164,0.029,0.888,0.803,0.719,0.426,0.488,0.444,0.446,0.474,0.564,0.474
emergency-docket-stress,Emergency docket stress,"Higher urgency and executive pressure, meant to stress emergency-review procedures.",rights-impact-statement-review,Rights-impact statements before review,synthetic_mechanism,rights_impact_statement,pipeline,state/circuit_en_banc,70,70,140,70,1.000,0.500,0.903,0.824,0.386,0.029,0.000,0.657,0.686,0.257,0.029,0.014,0.818,0.583,3.000,0.465,0.518,0.721,0.300,0.487,0.554,0.439,0.401,0.602,0.644,0.564,0.697,0.737,0.486,0.257,0.086,0.257,0.457,0.229,0.000,0.300,0.023,0.882,0.794,0.717,0.425,0.479,0.443,0.444,0.474,0.565,0.472
emergency-docket-stress,Emergency docket stress,"Higher urgency and executive pressure, meant to stress emergency-review procedures.",rights-impact-statement-review,Rights-impact statements before review,synthetic_mechanism,rights_impact_statement,pipeline,state/circuit_panel,599,599,1139,540,1.000,0.526,0.857,0.784,0.392,0.358,0.569,0.753,0.741,0.281,0.358,0.239,0.625,0.482,2.000,0.564,0.474,0.694,0.338,0.455,0.567,0.497,0.371,0.604,0.623,0.532,0.698,0.747,0.429,0.272,0.139,0.285,0.467,0.160,0.057,0.267,0.039,0.883,0.803,0.715,0.422,0.419,0.433,0.428,0.432,0.547,0.446
emergency-docket-stress,Emergency docket stress,"Higher urgency and executive pressure, meant to stress emergency-review procedures.",rights-impact-statement-review,Rights-impact statements before review,synthetic_mechanism,rights_impact_statement,pipeline,state/district_only,106,106,207,101,1.000,0.512,0.874,0.796,0.400,0.160,0.028,0.858,0.717,0.311,0.160,0.340,0.622,0.357,1.000,0.526,0.443,0.701,0.323,0.486,0.559,0.486,0.417,0.608,0.632,0.538,0.699,0.741,0.377,0.292,0.123,0.283,0.443,0.132,0.066,0.245,0.026,0.880,0.798,0.718,0.419,0.382,0.427,0.418,0.387,0.538,0.428
emergency-docket-stress,Emergency docket stress,"Higher urgency and executive pressure, meant to stress emergency-review procedures.",rights-impact-statement-review,Rights-impact statements before review,synthetic_mechanism,rights_impact_statement,pipeline,state/state_federal_split,1259,1259,2498,1239,1.000,0.504,0.846,0.775,0.403,0.412,0.637,0.743,0.721,0.279,0.412,0.230,0.836,0.567,3.000,0.591,0.532,0.684,0.351,0.447,0.568,0.487,0.369,0.598,0.614,0.551,0.697,0.752,0.438,0.254,0.141,0.287,0.427,0.162,0.057,0.227,0.030,0.884,0.802,0.718,0.425,0.482,0.442,0.444,0.474,0.561,0.471
emergency-docket-stress,Emergency docket stress,"Higher urgency and executive pressure, meant to stress emergency-review procedures.",rights-impact-statement-review,Rights-impact statements before review,synthetic_mechanism,rights_impact_statement,pipeline,state/state_high_court,1273,1273,2422,1149,1.000,0.526,0.836,0.762,0.424,0.484,0.601,0.752,0.747,0.297,0.484,0.225,0.620,0.485,2.000,0.540,0.477,0.676,0.349,0.426,0.565,0.502,0.361,0.602,0.608,0.530,0.698,0.747,0.438,0.266,0.138,0.257,0.416,0.165,0.059,0.207,0.027,0.889,0.809,0.718,0.422,0.419,0.434,0.428,0.436,0.547,0.447
emergency-docket-stress,Emergency docket stress,"Higher urgency and executive pressure, meant to stress emergency-review procedures.",mandatory-legislative-response,Mandatory legislative response cycles,synthetic_mechanism,mandatory_legislative_response,pipeline,federal/circuit_en_banc,893,893,1736,843,1.000,0.514,0.942,0.734,0.023,0.245,0.244,0.869,0.699,0.089,0.118,1.000,0.718,0.559,3.000,0.389,0.473,0.775,0.185,0.477,0.577,0.479,0.390,0.623,0.663,0.294,0.614,0.927,0.533,0.181,0.141,0.205,0.484,0.199,0.065,0.405,0.055,0.759,0.785,0.456,0.320,0.512,0.376,0.351,0.409,0.536,0.422
emergency-docket-stress,Emergency docket stress,"Higher urgency and executive pressure, meant to stress emergency-review procedures.",mandatory-legislative-response,Mandatory legislative response cycles,synthetic_mechanism,mandatory_legislative_response,pipeline,federal/circuit_panel,2093,2093,3912,1819,1.000,0.535,0.905,0.715,0.038,0.387,0.399,0.878,0.718,0.104,0.186,1.000,0.561,0.477,2.000,0.406,0.435,0.772,0.190,0.474,0.586,0.505,0.369,0.626,0.659,0.246,0.615,0.928,0.519,0.178,0.154,0.183,0.529,0.154,0.076,0.389,0.049,0.763,0.798,0.456,0.317,0.456,0.369,0.337,0.377,0.526,0.402
emergency-docket-stress,Emergency docket stress,"Higher urgency and executive pressure, meant to stress emergency-review procedures.",mandatory-legislative-response,Mandatory legislative response cycles,synthetic_mechanism,mandatory_legislative_response,pipeline,federal/district_only,553,553,997,444,1.000,0.555,0.915,0.715,0.043,0.325,0.335,0.878,0.726,0.091,0.142,1.000,0.488,0.387,1.000,0.403,0.410,0.768,0.187,0.470,0.581,0.511,0.376,0.630,0.659,0.239,0.616,0.926,0.456,0.204,0.161,0.203,0.553,0.148,0.089,0.398,0.037,0.769,0.800,0.478,0.315,0.410,0.363,0.326,0.337,0.515,0.382
emergency-docket-stress,Emergency docket stress,"Higher urgency and executive pressure, meant to stress emergency-review procedures.",mandatory-legislative-response,Mandatory legislative response cycles,synthetic_mechanism,mandatory_legislative_response,pipeline,federal/state_federal_split,195,195,387,192,1.000,0.504,0.913,0.721,0.031,0.342,0.359,0.896,0.715,0.145,0.374,1.000,0.886,0.560,3.000,0.529,0.519,0.766,0.211,0.470,0.583,0.482,0.378,0.619,0.651,0.288,0.614,0.940,0.436,0.215,0.174,0.313,0.456,0.169,0.092,0.426,0.039,0.795,0.828,0.492,0.321,0.533,0.380,0.357,0.417,0.542,0.430
emergency-docket-stress,Emergency docket stress,"Higher urgency and executive pressure, meant to stress emergency-review procedures.",mandatory-legislative-response,Mandatory legislative response cycles,synthetic_mechanism,mandatory_legislative_response,pipeline,mixed_state_federal/circuit_en_banc,839,839,1660,821,1.000,0.505,0.909,0.717,0.032,0.335,0.352,0.894,0.746,0.116,0.335,1.000,0.808,0.560,3.000,0.757,0.562,0.761,0.247,0.473,0.580,0.480,0.385,0.615,0.646,0.286,0.614,0.958,0.480,0.225,0.166,0.225,0.483,0.174,0.088,0.240,0.055,0.760,0.780,0.448,0.321,0.529,0.381,0.356,0.414,0.544,0.429
emergency-docket-stress,Emergency docket stress,"Higher urgency and executive pressure, meant to stress emergency-review procedures.",mandatory-legislative-response,Mandatory legislative response cycles,synthetic_mechanism,mandatory_legislative_response,pipeline,mixed_state_federal/district_only,125,125,247,122,1.000,0.506,0.910,0.717,0.053,0.248,0.232,0.880,0.752,0.216,0.248,1.000,0.647,0.365,1.000,0.727,0.489,0.749,0.237,0.467,0.568,0.489,0.440,0.624,0.642,0.281,0.615,0.953,0.464,0.296,0.104,0.224,0.520,0.120,0.048,0.232,0.045,0.786,0.829,0.490,0.317,0.437,0.374,0.333,0.335,0.521,0.390
emergency-docket-stress,Emergency docket stress,"Higher urgency and executive pressure, meant to stress emergency-review procedures.",mandatory-legislative-response,Mandatory legislative response cycles,synthetic_mechanism,mandatory_legislative_response,pipeline,mixed_state_federal/state_federal_split,1595,1595,3157,1562,1.000,0.505,0.884,0.705,0.038,0.460,0.472,0.881,0.727,0.103,0.460,1.000,0.862,0.564,3.000,0.783,0.576,0.758,0.257,0.468,0.589,0.488,0.375,0.613,0.639,0.268,0.613,0.962,0.477,0.220,0.173,0.236,0.499,0.170,0.084,0.239,0.044,0.779,0.807,0.463,0.322,0.535,0.382,0.358,0.422,0.548,0.433
emergency-docket-stress,Emergency docket stress,"Higher urgency and executive pressure, meant to stress emergency-review procedures.",mandatory-legislative-response,Mandatory legislative response cycles,synthetic_mechanism,mandatory_legislative_response,pipeline,state/circuit_en_banc,70,70,137,67,1.000,0.511,0.993,0.765,0.006,0.015,0.014,0.866,0.701,0.090,0.015,1.000,0.818,0.583,3.000,0.465,0.518,0.777,0.183,0.494,0.551,0.442,0.401,0.623,0.673,0.344,0.614,0.932,0.557,0.186,0.086,0.200,0.600,0.186,0.029,0.314,0.044,0.741,0.787,0.410,0.321,0.526,0.378,0.355,0.408,0.536,0.426
emergency-docket-stress,Emergency docket stress,"Higher urgency and executive pressure, meant to stress emergency-review procedures.",mandatory-legislative-response,Mandatory legislative response cycles,synthetic_mechanism,mandatory_legislative_response,pipeline,state/circuit_panel,599,599,1137,538,1.000,0.527,0.910,0.715,0.033,0.365,0.376,0.866,0.726,0.118,0.365,1.000,0.625,0.482,2.000,0.564,0.474,0.768,0.213,0.483,0.583,0.497,0.371,0.623,0.656,0.256,0.615,0.941,0.531,0.190,0.137,0.192,0.509,0.162,0.063,0.290,0.053,0.765,0.790,0.461,0.318,0.466,0.371,0.340,0.378,0.529,0.405
emergency-docket-stress,Emergency docket stress,"Higher urgency and executive pressure, meant to stress emergency-review procedures.",mandatory-legislative-response,Mandatory legislative response cycles,synthetic_mechanism,mandatory_legislative_response,pipeline,state/district_only,106,106,207,101,1.000,0.512,0.942,0.736,0.047,0.151,0.170,0.906,0.689,0.094,0.151,1.000,0.622,0.357,1.000,0.526,0.443,0.769,0.202,0.506,0.568,0.486,0.417,0.628,0.665,0.279,0.616,0.936,0.481,0.245,0.151,0.208,0.538,0.123,0.085,0.255,0.044,0.770,0.789,0.475,0.315,0.430,0.367,0.330,0.332,0.517,0.386
emergency-docket-stress,Emergency docket stress,"Higher urgency and executive pressure, meant to stress emergency-review procedures.",mandatory-legislative-response,Mandatory legislative response cycles,synthetic_mechanism,mandatory_legislative_response,pipeline,state/state_federal_split,1259,1259,2483,1224,1.000,0.507,0.898,0.714,0.035,0.417,0.425,0.860,0.721,0.118,0.417,1.000,0.836,0.567,3.000,0.591,0.532,0.764,0.226,0.483,0.589,0.488,0.369,0.617,0.650,0.272,0.614,0.946,0.504,0.203,0.147,0.212,0.506,0.148,0.075,0.293,0.046,0.775,0.806,0.462,0.321,0.529,0.380,0.356,0.420,0.543,0.430
emergency-docket-stress,Emergency docket stress,"Higher urgency and executive pressure, meant to stress emergency-review procedures.",mandatory-legislative-response,Mandatory legislative response cycles,synthetic_mechanism,mandatory_legislative_response,pipeline,state/state_high_court,1273,1273,2430,1157,1.000,0.524,0.892,0.708,0.038,0.461,0.478,0.881,0.721,0.109,0.461,1.000,0.620,0.485,2.000,0.540,0.477,0.766,0.211,0.474,0.589,0.502,0.361,0.623,0.652,0.240,0.615,0.939,0.485,0.211,0.145,0.202,0.515,0.163,0.076,0.312,0.041,0.780,0.811,0.465,0.318,0.466,0.372,0.340,0.385,0.531,0.407
low-trust-conflict,Low-trust conflict,Lower public trust and higher legislature-court conflict.,current-federal-court,Current-style federal supreme court,court_variant,strong_form_court,pipeline,federal/circuit_en_banc,842,842,35798,34956,1.000,0.024,0.815,0.696,0.347,0.562,0.356,0.027,0.332,0.562,0.453,0.000,0.824,0.663,3.000,0.437,0.548,0.538,0.316,0.405,0.486,0.408,0.373,0.589,0.562,0.541,0.626,0.783,0.372,0.273,0.165,0.328,0.346,0.235,0.070,0.266,0.009,0.986,0.925,0.838,0.309,0.726,0.424,0.389,0.459,0.444,0.465
low-trust-conflict,Low-trust conflict,Lower public trust and higher legislature-court conflict.,current-federal-court,Current-style federal supreme court,court_variant,strong_form_court,pipeline,federal/circuit_panel,1911,1911,82202,80291,1.000,0.023,0.783,0.680,0.397,0.703,0.481,0.026,0.365,0.533,0.557,0.000,0.668,0.581,2.000,0.461,0.508,0.522,0.339,0.397,0.487,0.427,0.352,0.591,0.552,0.523,0.628,0.787,0.353,0.289,0.170,0.331,0.359,0.198,0.069,0.269,0.009,0.987,0.927,0.839,0.306,0.673,0.420,0.375,0.422,0.431,0.444
low-trust-conflict,Low-trust conflict,Lower public trust and higher legislature-court conflict.,current-federal-court,Current-style federal supreme court,court_variant,strong_form_court,pipeline,federal/district_only,497,497,21697,21200,1.000,0.023,0.769,0.685,0.423,0.656,0.524,0.016,0.312,0.628,0.593,0.000,0.574,0.496,1.000,0.463,0.483,0.515,0.349,0.398,0.488,0.431,0.354,0.594,0.550,0.513,0.628,0.787,0.356,0.298,0.151,0.312,0.372,0.169,0.068,0.237,0.008,0.987,0.932,0.841,0.303,0.627,0.416,0.363,0.383,0.421,0.425
low-trust-conflict,Low-trust conflict,Lower public trust and higher legislature-court conflict.,current-federal-court,Current-style federal supreme court,court_variant,strong_form_court,pipeline,federal/state_federal_split,164,164,6730,6566,1.000,0.024,0.798,0.698,0.334,0.588,0.469,0.015,0.456,0.515,0.638,0.000,0.964,0.681,3.000,0.592,0.595,0.535,0.343,0.407,0.490,0.405,0.365,0.586,0.557,0.547,0.626,0.797,0.329,0.323,0.146,0.372,0.354,0.226,0.030,0.232,0.013,0.983,0.902,0.819,0.309,0.742,0.421,0.392,0.466,0.446,0.469
low-trust-conflict,Low-trust conflict,Lower public trust and higher legislature-court conflict.,current-federal-court,Current-style federal supreme court,court_variant,strong_form_court,pipeline,mixed_state_federal/circuit_en_banc,874,874,35710,34836,1.000,0.024,0.787,0.679,0.353,0.665,0.434,0.040,0.348,0.554,0.665,0.000,0.895,0.661,3.000,0.809,0.630,0.518,0.378,0.393,0.482,0.411,0.363,0.582,0.542,0.544,0.626,0.815,0.305,0.339,0.172,0.406,0.341,0.221,0.076,0.089,0.008,0.988,0.925,0.838,0.311,0.737,0.426,0.392,0.460,0.448,0.469
low-trust-conflict,Low-trust conflict,Lower public trust and higher legislature-court conflict.,current-federal-court,Current-style federal supreme court,court_variant,strong_form_court,pipeline,mixed_state_federal/district_only,139,139,5655,5516,1.000,0.025,0.725,0.663,0.568,0.685,0.320,0.056,0.303,0.674,0.685,0.000,0.782,0.504,1.000,0.786,0.580,0.474,0.424,0.366,0.472,0.417,0.403,0.584,0.517,0.531,0.628,0.818,0.317,0.388,0.137,0.360,0.302,0.237,0.050,0.079,0.007,0.987,0.922,0.823,0.307,0.652,0.430,0.371,0.384,0.432,0.436
low-trust-conflict,Low-trust conflict,Lower public trust and higher legislature-court conflict.,current-federal-court,Current-style federal supreme court,court_variant,strong_form_court,pipeline,mixed_state_federal/state_federal_split,1719,1719,69084,67365,1.000,0.025,0.767,0.659,0.352,0.808,0.579,0.024,0.355,0.544,0.808,0.000,0.937,0.675,3.000,0.833,0.651,0.510,0.397,0.384,0.489,0.418,0.358,0.580,0.532,0.545,0.626,0.819,0.323,0.347,0.154,0.378,0.343,0.209,0.071,0.096,0.008,0.989,0.928,0.829,0.310,0.742,0.423,0.393,0.465,0.448,0.471
low-trust-conflict,Low-trust conflict,Lower public trust and higher legislature-court conflict.,current-federal-court,Current-style federal supreme court,court_variant,strong_form_court,pipeline,state/circuit_en_banc,93,93,4021,3928,1.000,0.023,0.859,0.721,0.324,0.450,0.094,0.000,0.225,0.450,0.450,0.000,0.918,0.684,3.000,0.527,0.595,0.552,0.292,0.420,0.468,0.382,0.397,0.590,0.574,0.552,0.626,0.786,0.462,0.312,0.086,0.312,0.333,0.290,0.022,0.280,0.008,0.987,0.948,0.855,0.310,0.740,0.427,0.393,0.464,0.450,0.471
low-trust-conflict,Low-trust conflict,Lower public trust and higher legislature-court conflict.,current-federal-court,Current-style federal supreme court,court_variant,strong_form_court,pipeline,state/circuit_panel,622,622,26390,25768,1.000,0.024,0.785,0.683,0.371,0.704,0.459,0.025,0.396,0.525,0.704,0.000,0.711,0.582,2.000,0.612,0.539,0.523,0.353,0.402,0.486,0.425,0.352,0.589,0.551,0.526,0.627,0.798,0.342,0.338,0.143,0.354,0.339,0.222,0.068,0.130,0.006,0.990,0.935,0.829,0.306,0.679,0.419,0.377,0.423,0.432,0.446
low-trust-conflict,Low-trust conflict,Lower public trust and higher legislature-court conflict.,current-federal-court,Current-style federal supreme court,court_variant,strong_form_court,pipeline,state/district_only,133,133,5541,5408,1.000,0.024,0.736,0.677,0.537,0.614,0.380,0.012,0.349,0.614,0.614,0.000,0.740,0.496,1.000,0.592,0.533,0.487,0.394,0.379,0.479,0.418,0.390,0.587,0.529,0.526,0.628,0.802,0.316,0.308,0.165,0.376,0.323,0.165,0.090,0.158,0.006,0.992,0.945,0.866,0.306,0.645,0.428,0.369,0.383,0.429,0.433
low-trust-conflict,Low-trust conflict,Lower public trust and higher legislature-court conflict.,current-federal-court,Current-style federal supreme court,court_variant,strong_form_court,pipeline,state/state_federal_split,1328,1328,53962,52634,1.000,0.025,0.778,0.670,0.358,0.774,0.531,0.027,0.374,0.560,0.774,0.000,0.910,0.670,3.000,0.640,0.602,0.519,0.367,0.385,0.490,0.420,0.356,0.584,0.541,0.542,0.626,0.803,0.337,0.340,0.163,0.363,0.329,0.217,0.081,0.145,0.008,0.989,0.929,0.840,0.309,0.736,0.422,0.391,0.464,0.445,0.468
low-trust-conflict,Low-trust conflict,Lower public trust and higher legislature-court conflict.,current-federal-court,Current-style federal supreme court,court_variant,strong_form_court,pipeline,state/state_high_court,1278,1278,53341,52063,1.000,0.024,0.773,0.674,0.362,0.780,0.578,0.024,0.370,0.542,0.780,0.000,0.712,0.591,2.000,0.599,0.545,0.519,0.362,0.393,0.492,0.432,0.343,0.589,0.546,0.523,0.627,0.798,0.333,0.330,0.167,0.330,0.351,0.208,0.057,0.174,0.008,0.989,0.926,0.837,0.306,0.679,0.416,0.376,0.428,0.431,0.446
low-trust-conflict,Low-trust conflict,Lower public trust and higher legislature-court conflict.,eighteen-year-terms,Staggered 18-year nonrenewable terms,court_variant,strong_form_court,pipeline,federal/circuit_en_banc,842,842,35820,34978,1.000,0.024,0.828,0.703,0.339,0.510,0.307,0.041,0.376,0.540,0.387,0.000,0.824,0.663,3.000,0.437,0.548,0.549,0.309,0.412,0.486,0.408,0.373,0.589,0.568,0.532,0.627,0.783,0.374,0.295,0.162,0.338,0.379,0.229,0.068,0.271,0.010,0.984,0.921,0.832,0.313,0.726,0.438,0.393,0.460,0.447,0.470
low-trust-conflict,Low-trust conflict,Lower public trust and higher legislature-court conflict.,eighteen-year-terms,Staggered 18-year nonrenewable terms,court_variant,strong_form_court,pipeline,federal/circuit_panel,1911,1911,82322,80411,1.000,0.023,0.792,0.687,0.383,0.665,0.458,0.032,0.383,0.568,0.504,0.000,0.668,0.581,2.000,0.461,0.508,0.532,0.333,0.402,0.488,0.427,0.352,0.591,0.557,0.515,0.628,0.786,0.355,0.304,0.159,0.309,0.344,0.212,0.065,0.247,0.010,0.985,0.924,0.831,0.310,0.673,0.433,0.379,0.423,0.433,0.449
low-trust-conflict,Low-trust conflict,Lower public trust and higher legislature-court conflict.,eighteen-year-terms,Staggered 18-year nonrenewable terms,court_variant,strong_form_court,pipeline,federal/district_only,497,497,21679,21182,1.000,0.023,0.777,0.690,0.418,0.613,0.502,0.040,0.351,0.605,0.545,0.000,0.574,0.496,1.000,0.463,0.483,0.524,0.346,0.401,0.488,0.431,0.354,0.593,0.554,0.505,0.629,0.787,0.338,0.310,0.161,0.320,0.324,0.213,0.078,0.247,0.009,0.987,0.929,0.840,0.308,0.627,0.431,0.368,0.385,0.423,0.430
low-trust-conflict,Low-trust conflict,Lower public trust and higher legislature-court conflict.,eighteen-year-terms,Staggered 18-year nonrenewable terms,court_variant,strong_form_court,pipeline,federal/state_federal_split,164,164,6746,6582,1.000,0.024,0.799,0.692,0.315,0.594,0.510,0.063,0.344,0.563,0.667,0.000,0.964,0.681,3.000,0.592,0.595,0.541,0.342,0.404,0.495,0.405,0.365,0.585,0.557,0.542,0.627,0.797,0.311,0.293,0.207,0.378,0.335,0.152,0.110,0.244,0.015,0.979,0.898,0.815,0.313,0.742,0.433,0.396,0.468,0.447,0.473
low-trust-conflict,Low-trust conflict,Lower public trust and higher legislature-court conflict.,eighteen-year-terms,Staggered 18-year nonrenewable terms,court_variant,strong_form_court,pipeline,mixed_state_federal/circuit_en_banc,874,874,35742,34868,1.000,0.024,0.796,0.688,0.339,0.623,0.418,0.035,0.371,0.585,0.623,0.000,0.895,0.661,3.000,0.809,0.630,0.529,0.370,0.403,0.484,0.411,0.363,0.582,0.549,0.536,0.627,0.814,0.332,0.359,0.159,0.382,0.348,0.201,0.077,0.109,0.009,0.987,0.921,0.827,0.315,0.737,0.439,0.397,0.462,0.450,0.474
low-trust-conflict,Low-trust conflict,Lower public trust and higher legislature-court conflict.,eighteen-year-terms,Staggered 18-year nonrenewable terms,court_variant,strong_form_court,pipeline,mixed_state_federal/district_only,139,139,5645,5506,1.000,0.025,0.741,0.682,0.550,0.544,0.347,0.022,0.322,0.611,0.544,0.000,0.782,0.504,1.000,0.786,0.580,0.491,0.414,0.394,0.474,0.417,0.403,0.584,0.530,0.522,0.628,0.817,0.331,0.324,0.151,0.388,0.345,0.173,0.086,0.108,0.008,0.987,0.915,0.828,0.312,0.652,0.445,0.376,0.386,0.435,0.441
low-trust-conflict,Low-trust conflict,Lower public trust and higher legislature-court conflict.,eighteen-year-terms,Staggered 18-year nonrenewable terms,court_variant,strong_form_court,pipeline,mixed_state_federal/state_federal_split,1719,1719,69087,67368,1.000,0.025,0.776,0.671,0.345,0.758,0.547,0.027,0.396,0.547,0.758,0.000,0.937,0.675,3.000,0.833,0.651,0.521,0.391,0.393,0.489,0.418,0.358,0.580,0.539,0.536,0.627,0.818,0.311,0.350,0.168,0.400,0.340,0.192,0.080,0.095,0.008,0.988,0.923,0.822,0.315,0.742,0.437,0.398,0.467,0.450,0.475
low-trust-conflict,Low-trust conflict,Lower public trust and higher legislature-court conflict.,eighteen-year-terms,Staggered 18-year nonrenewable terms,court_variant,strong_form_court,pipeline,state/circuit_en_banc,93,93,4047,3954,1.000,0.023,0.891,0.742,0.272,0.286,0.034,0.029,0.200,0.571,0.286,0.000,0.918,0.684,3.000,0.527,0.595,0.578,0.272,0.428,0.467,0.382,0.397,0.592,0.589,0.542,0.627,0.783,0.323,0.312,0.172,0.355,0.452,0.301,0.075,0.161,0.007,0.985,0.943,0.843,0.314,0.741,0.437,0.397,0.466,0.452,0.475
low-trust-conflict,Low-trust conflict,Lower public trust and higher legislature-court conflict.,eighteen-year-terms,Staggered 18-year nonrenewable terms,court_variant,strong_form_court,pipeline,state/circuit_panel,622,622,26502,25880,1.000,0.023,0.801,0.695,0.334,0.635,0.444,0.031,0.408,0.573,0.635,0.000,0.711,0.582,2.000,0.612,0.539,0.540,0.340,0.414,0.489,0.425,0.352,0.590,0.561,0.518,0.628,0.796,0.373,0.268,0.180,0.323,0.413,0.177,0.076,0.164,0.007,0.988,0.931,0.826,0.311,0.679,0.430,0.381,0.425,0.434,0.450
low-trust-conflict,Low-trust conflict,Lower public trust and higher legislature-court conflict.,eighteen-year-terms,Staggered 18-year nonrenewable terms,court_variant,strong_form_court,pipeline,state/district_only,133,133,5548,5415,1.000,0.024,0.762,0.699,0.514,0.500,0.294,0.049,0.293,0.524,0.500,0.000,0.740,0.496,1.000,0.592,0.533,0.507,0.378,0.416,0.479,0.418,0.390,0.588,0.547,0.516,0.628,0.800,0.308,0.338,0.165,0.331,0.323,0.226,0.068,0.150,0.007,0.990,0.939,0.858,0.311,0.645,0.442,0.374,0.384,0.432,0.438
low-trust-conflict,Low-trust conflict,Lower public trust and higher legislature-court conflict.,eighteen-year-terms,Staggered 18-year nonrenewable terms,court_variant,strong_form_court,pipeline,state/state_federal_split,1328,1328,53952,52624,1.000,0.025,0.788,0.679,0.353,0.727,0.494,0.037,0.405,0.556,0.727,0.000,0.910,0.670,3.000,0.640,0.602,0.529,0.361,0.397,0.490,0.420,0.356,0.584,0.548,0.533,0.627,0.802,0.321,0.331,0.184,0.352,0.328,0.208,0.085,0.151,0.009,0.987,0.924,0.834,0.314,0.736,0.436,0.396,0.465,0.447,0.473
low-trust-conflict,Low-trust conflict,Lower public trust and higher legislature-court conflict.,eighteen-year-terms,Staggered 18-year nonrenewable terms,court_variant,strong_form_court,pipeline,state/state_high_court,1278,1278,53327,52049,1.000,0.024,0.781,0.680,0.360,0.746,0.546,0.034,0.354,0.563,0.746,0.000,0.712,0.591,2.000,0.599,0.545,0.528,0.358,0.400,0.492,0.432,0.343,0.588,0.551,0.515,0.628,0.798,0.354,0.315,0.182,0.342,0.343,0.200,0.077,0.146,0.009,0.987,0.923,0.827,0.311,0.679,0.431,0.381,0.429,0.434,0.451
low-trust-conflict,Low-trust conflict,Lower public trust and higher legislature-court conflict.,fifteen-justice-commission,Fifteen-justice supermajority commission court,court_variant,strong_form_court,pipeline,federal/circuit_en_banc,842,842,37026,36184,1.000,0.023,0.917,0.740,0.053,0.379,0.276,0.637,0.597,0.331,0.253,0.250,0.824,0.663,3.000,0.437,0.548,0.660,0.224,0.445,0.509,0.408,0.373,0.594,0.622,0.448,0.627,0.772,0.462,0.213,0.144,0.267,0.469,0.191,0.067,0.329,0.014,0.965,0.908,0.737,0.366,0.728,0.425,0.447,0.467,0.464,0.485
low-trust-conflict,Low-trust conflict,Lower public trust and higher legislature-court conflict.,fifteen-justice-commission,Fifteen-justice supermajority commission court,court_variant,strong_form_court,pipeline,federal/circuit_panel,1911,1911,85277,83366,1.000,0.022,0.879,0.734,0.063,0.439,0.457,0.660,0.540,0.255,0.308,0.270,0.668,0.581,2.000,0.461,0.508,0.648,0.245,0.447,0.518,0.427,0.352,0.596,0.616,0.432,0.628,0.775,0.435,0.252,0.155,0.249,0.431,0.181,0.077,0.302,0.014,0.968,0.909,0.743,0.363,0.675,0.420,0.434,0.430,0.450,0.464
low-trust-conflict,Low-trust conflict,Lower public trust and higher legislature-court conflict.,fifteen-justice-commission,Fifteen-justice supermajority commission court,court_variant,strong_form_court,pipeline,federal/district_only,497,497,22424,21927,1.000,0.022,0.875,0.732,0.081,0.361,0.433,0.681,0.605,0.269,0.311,0.378,0.574,0.496,1.000,0.463,0.483,0.644,0.248,0.446,0.515,0.431,0.354,0.599,0.615,0.421,0.629,0.775,0.481,0.209,0.151,0.239,0.461,0.167,0.056,0.274,0.014,0.969,0.915,0.747,0.361,0.629,0.419,0.422,0.391,0.441,0.445
low-trust-conflict,Low-trust conflict,Lower public trust and higher legislature-court conflict.,fifteen-justice-commission,Fifteen-justice supermajority commission court,court_variant,strong_form_court,pipeline,federal/state_federal_split,164,164,6907,6743,1.000,0.024,0.875,0.739,0.059,0.385,0.458,0.500,0.577,0.269,0.409,0.154,0.964,0.681,3.000,0.592,0.595,0.647,0.267,0.441,0.519,0.405,0.365,0.589,0.610,0.457,0.627,0.788,0.402,0.293,0.140,0.280,0.421,0.213,0.104,0.317,0.025,0.962,0.885,0.728,0.366,0.743,0.423,0.450,0.473,0.466,0.489
low-trust-conflict,Low-trust conflict,Lower public trust and higher legislature-court conflict.,fifteen-justice-commission,Fifteen-justice supermajority commission court,court_variant,strong_form_court,pipeline,mixed_state_federal/circuit_en_banc,874,874,36673,35799,1.000,0.024,0.884,0.735,0.065,0.417,0.376,0.642,0.596,0.258,0.417,0.192,0.895,0.661,3.000,0.809,0.630,0.639,0.289,0.439,0.508,0.411,0.363,0.587,0.605,0.453,0.627,0.804,0.431,0.273,0.133,0.294,0.408,0.197,0.066,0.167,0.013,0.969,0.905,0.740,0.368,0.739,0.429,0.451,0.467,0.468,0.489
low-trust-conflict,Low-trust conflict,Lower public trust and higher legislature-court conflict.,fifteen-justice-commission,Fifteen-justice supermajority commission court,court_variant,strong_form_court,pipeline,mixed_state_federal/district_only,139,139,5753,5614,1.000,0.024,0.864,0.745,0.142,0.354,0.311,0.631,0.600,0.338,0.354,0.492,0.782,0.504,1.000,0.786,0.580,0.629,0.296,0.443,0.501,0.417,0.403,0.592,0.603,0.438,0.628,0.802,0.403,0.237,0.216,0.324,0.360,0.158,0.108,0.158,0.014,0.971,0.902,0.748,0.365,0.653,0.440,0.430,0.390,0.454,0.457
low-trust-conflict,Low-trust conflict,Lower public trust and higher legislature-court conflict.,fifteen-justice-commission,Fifteen-justice supermajority commission court,court_variant,strong_form_court,pipeline,mixed_state_federal/state_federal_split,1719,1719,70822,69103,1.000,0.024,0.855,0.723,0.064,0.589,0.520,0.680,0.600,0.324,0.589,0.244,0.937,0.675,3.000,0.833,0.651,0.630,0.312,0.437,0.517,0.418,0.358,0.584,0.596,0.453,0.627,0.809,0.405,0.290,0.158,0.296,0.410,0.187,0.077,0.138,0.013,0.972,0.906,0.737,0.368,0.744,0.426,0.452,0.473,0.468,0.491
low-trust-conflict,Low-trust conflict,Lower public trust and higher legislature-court conflict.,fifteen-justice-commission,Fifteen-justice supermajority commission court,court_variant,strong_form_court,pipeline,state/circuit_en_banc,93,93,4155,4062,1.000,0.022,0.976,0.765,0.049,0.000,0.013,0.615,0.538,0.231,0.000,0.000,0.918,0.684,3.000,0.527,0.595,0.679,0.200,0.453,0.484,0.382,0.397,0.595,0.636,0.457,0.627,0.775,0.538,0.172,0.097,0.269,0.452,0.172,0.032,0.258,0.012,0.964,0.925,0.759,0.367,0.742,0.428,0.452,0.472,0.470,0.491
low-trust-conflict,Low-trust conflict,Lower public trust and higher legislature-court conflict.,fifteen-justice-commission,Fifteen-justice supermajority commission court,court_variant,strong_form_court,pipeline,state/circuit_panel,622,622,27304,26682,1.000,0.023,0.877,0.733,0.058,0.438,0.443,0.656,0.625,0.281,0.438,0.229,0.711,0.582,2.000,0.612,0.539,0.644,0.264,0.458,0.517,0.425,0.352,0.594,0.614,0.435,0.628,0.787,0.397,0.251,0.174,0.289,0.429,0.190,0.092,0.201,0.010,0.971,0.913,0.742,0.363,0.681,0.419,0.435,0.431,0.452,0.465
low-trust-conflict,Low-trust conflict,Lower public trust and higher legislature-court conflict.,fifteen-justice-commission,Fifteen-justice supermajority commission court,court_variant,strong_form_court,pipeline,state/district_only,133,133,5718,5585,1.000,0.023,0.889,0.745,0.111,0.320,0.250,0.740,0.600,0.260,0.320,0.500,0.740,0.496,1.000,0.592,0.533,0.643,0.261,0.470,0.504,0.418,0.390,0.596,0.618,0.432,0.628,0.785,0.391,0.293,0.143,0.308,0.466,0.143,0.053,0.203,0.011,0.970,0.924,0.765,0.364,0.647,0.433,0.428,0.390,0.450,0.454
low-trust-conflict,Low-trust conflict,Lower public trust and higher legislature-court conflict.,fifteen-justice-commission,Fifteen-justice supermajority commission court,court_variant,strong_form_court,pipeline,state/state_federal_split,1328,1328,55356,54028,1.000,0.024,0.865,0.727,0.066,0.571,0.488,0.673,0.599,0.300,0.571,0.217,0.910,0.670,3.000,0.640,0.602,0.637,0.282,0.443,0.519,0.420,0.356,0.588,0.604,0.450,0.627,0.793,0.425,0.261,0.157,0.316,0.422,0.192,0.076,0.198,0.012,0.972,0.909,0.742,0.366,0.738,0.425,0.450,0.471,0.465,0.488
low-trust-conflict,Low-trust conflict,Lower public trust and higher legislature-court conflict.,fifteen-justice-commission,Fifteen-justice supermajority commission court,court_variant,strong_form_court,pipeline,state/state_high_court,1278,1278,54970,53692,1.000,0.023,0.857,0.728,0.060,0.562,0.548,0.672,0.597,0.333,0.562,0.279,0.712,0.591,2.000,0.599,0.545,0.638,0.278,0.450,0.523,0.432,0.343,0.592,0.608,0.432,0.628,0.788,0.394,0.262,0.176,0.288,0.400,0.179,0.095,0.192,0.013,0.972,0.909,0.732,0.363,0.680,0.419,0.435,0.436,0.451,0.466
low-trust-conflict,Low-trust conflict,Lower public trust and higher legislature-court conflict.,supermajority-invalidation,Supermajority required to invalidate laws,court_variant,strong_form_court,pipeline,federal/circuit_en_banc,842,842,36948,36106,1.000,0.023,0.921,0.739,0.060,0.369,0.273,0.674,0.610,0.262,0.281,0.241,0.824,0.663,3.000,0.437,0.548,0.636,0.226,0.443,0.501,0.408,0.373,0.593,0.618,0.457,0.626,0.776,0.455,0.227,0.140,0.246,0.463,0.179,0.071,0.328,0.015,0.965,0.907,0.733,0.307,0.728,0.404,0.388,0.464,0.501,0.472
low-trust-conflict,Low-trust conflict,Lower public trust and higher legislature-court conflict.,supermajority-invalidation,Supermajority required to invalidate laws,court_variant,strong_form_court,pipeline,federal/circuit_panel,1911,1911,85136,83225,1.000,0.022,0.891,0.731,0.070,0.485,0.406,0.623,0.521,0.296,0.356,0.319,0.668,0.581,2.000,0.461,0.508,0.625,0.243,0.441,0.507,0.427,0.352,0.595,0.613,0.440,0.627,0.779,0.442,0.235,0.159,0.258,0.427,0.177,0.069,0.311,0.014,0.967,0.907,0.736,0.304,0.675,0.399,0.374,0.427,0.487,0.450
low-trust-conflict,Low-trust conflict,Lower public trust and higher legislature-court conflict.,supermajority-invalidation,Supermajority required to invalidate laws,court_variant,strong_form_court,pipeline,federal/district_only,497,497,22306,21809,1.000,0.022,0.886,0.723,0.098,0.407,0.385,0.667,0.563,0.281,0.340,0.341,0.574,0.496,1.000,0.463,0.483,0.618,0.249,0.438,0.503,0.431,0.354,0.598,0.609,0.430,0.628,0.779,0.441,0.229,0.167,0.229,0.447,0.145,0.068,0.298,0.015,0.968,0.912,0.732,0.302,0.629,0.400,0.363,0.388,0.478,0.432
low-trust-conflict,Low-trust conflict,Lower public trust and higher legislature-court conflict.,supermajority-invalidation,Supermajority required to invalidate laws,court_variant,strong_form_court,pipeline,federal/state_federal_split,164,164,6907,6743,1.000,0.024,0.892,0.741,0.055,0.370,0.403,0.704,0.556,0.296,0.476,0.259,0.964,0.681,3.000,0.592,0.595,0.628,0.262,0.439,0.508,0.405,0.365,0.589,0.609,0.465,0.626,0.791,0.482,0.183,0.140,0.311,0.476,0.140,0.061,0.238,0.022,0.961,0.881,0.718,0.307,0.743,0.403,0.391,0.471,0.502,0.476
low-trust-conflict,Low-trust conflict,Lower public trust and higher legislature-court conflict.,supermajority-invalidation,Supermajority required to invalidate laws,court_variant,strong_form_court,pipeline,mixed_state_federal/circuit_en_banc,874,874,36741,35867,1.000,0.024,0.895,0.735,0.060,0.417,0.358,0.633,0.547,0.353,0.417,0.223,0.895,0.661,3.000,0.809,0.630,0.619,0.287,0.437,0.499,0.411,0.363,0.586,0.603,0.462,0.626,0.808,0.397,0.260,0.157,0.314,0.445,0.180,0.071,0.140,0.015,0.968,0.902,0.736,0.308,0.739,0.406,0.391,0.465,0.504,0.476
low-trust-conflict,Low-trust conflict,Lower public trust and higher legislature-court conflict.,supermajority-invalidation,Supermajority required to invalidate laws,court_variant,strong_form_court,pipeline,mixed_state_federal/district_only,139,139,5784,5645,1.000,0.024,0.881,0.736,0.132,0.417,0.243,0.650,0.517,0.333,0.417,0.533,0.782,0.504,1.000,0.786,0.580,0.607,0.291,0.432,0.489,0.417,0.403,0.591,0.598,0.446,0.627,0.805,0.345,0.396,0.108,0.309,0.432,0.165,0.058,0.151,0.013,0.970,0.899,0.732,0.305,0.653,0.415,0.370,0.388,0.490,0.443
low-trust-conflict,Low-trust conflict,Lower public trust and higher legislature-court conflict.,supermajority-invalidation,Supermajority required to invalidate laws,court_variant,strong_form_court,pipeline,mixed_state_federal/state_federal_split,1719,1719,70939,69220,1.000,0.024,0.868,0.723,0.059,0.623,0.501,0.590,0.545,0.283,0.623,0.242,0.937,0.675,3.000,0.833,0.651,0.610,0.311,0.434,0.509,0.418,0.358,0.583,0.594,0.463,0.626,0.812,0.407,0.301,0.158,0.333,0.403,0.197,0.079,0.144,0.013,0.973,0.906,0.728,0.308,0.744,0.404,0.392,0.471,0.504,0.477
low-trust-conflict,Low-trust conflict,Lower public trust and higher legislature-court conflict.,supermajority-invalidation,Supermajority required to invalidate laws,court_variant,strong_form_court,pipeline,state/circuit_en_banc,93,93,4128,4035,1.000,0.023,0.972,0.766,0.068,0.000,0.027,0.556,0.389,0.278,0.000,0.000,0.918,0.684,3.000,0.527,0.595,0.652,0.207,0.452,0.477,0.382,0.397,0.593,0.631,0.467,0.626,0.780,0.473,0.194,0.140,0.280,0.387,0.269,0.075,0.183,0.014,0.965,0.922,0.742,0.308,0.742,0.410,0.392,0.468,0.507,0.478
low-trust-conflict,Low-trust conflict,Lower public trust and higher legislature-court conflict.,supermajority-invalidation,Supermajority required to invalidate laws,court_variant,strong_form_court,pipeline,state/circuit_panel,622,622,27349,26727,1.000,0.023,0.896,0.734,0.052,0.457,0.378,0.652,0.533,0.315,0.457,0.337,0.711,0.582,2.000,0.612,0.539,0.626,0.257,0.459,0.505,0.425,0.352,0.594,0.614,0.443,0.627,0.790,0.437,0.278,0.141,0.238,0.426,0.146,0.069,0.227,0.010,0.969,0.909,0.724,0.304,0.681,0.397,0.376,0.429,0.488,0.452
low-trust-conflict,Low-trust conflict,Lower public trust and higher legislature-court conflict.,supermajority-invalidation,Supermajority required to invalidate laws,court_variant,strong_form_court,pipeline,state/district_only,133,133,5708,5575,1.000,0.023,0.898,0.737,0.115,0.314,0.204,0.627,0.490,0.353,0.314,0.510,0.740,0.496,1.000,0.592,0.533,0.618,0.261,0.458,0.493,0.418,0.390,0.595,0.611,0.442,0.627,0.789,0.474,0.241,0.128,0.308,0.353,0.135,0.053,0.150,0.012,0.970,0.926,0.760,0.304,0.647,0.411,0.368,0.387,0.486,0.440
low-trust-conflict,Low-trust conflict,Lower public trust and higher legislature-court conflict.,supermajority-invalidation,Supermajority required to invalidate laws,court_variant,strong_form_court,pipeline,state/state_federal_split,1328,1328,55468,54140,1.000,0.024,0.876,0.729,0.057,0.596,0.478,0.622,0.489,0.293,0.596,0.266,0.910,0.670,3.000,0.640,0.602,0.617,0.281,0.441,0.511,0.420,0.356,0.587,0.603,0.460,0.626,0.796,0.417,0.272,0.139,0.306,0.407,0.181,0.066,0.203,0.013,0.971,0.907,0.740,0.307,0.738,0.401,0.390,0.469,0.501,0.474
low-trust-conflict,Low-trust conflict,Lower public trust and higher legislature-court conflict.,supermajority-invalidation,Supermajority required to invalidate laws,court_variant,strong_form_court,pipeline,state/state_high_court,1278,1278,54947,53669,1.000,0.023,0.872,0.727,0.063,0.588,0.500,0.632,0.534,0.324,0.588,0.279,0.712,0.591,2.000,0.599,0.545,0.617,0.274,0.450,0.512,0.432,0.343,0.592,0.607,0.440,0.627,0.791,0.402,0.286,0.147,0.283,0.426,0.173,0.067,0.227,0.014,0.970,0.907,0.734,0.304,0.680,0.397,0.376,0.433,0.488,0.452
low-trust-conflict,Low-trust conflict,Lower public trust and higher legislature-court conflict.,strict-recusal-court,Strict recusal with substitute justices,court_variant,strong_form_court,pipeline,federal/circuit_en_banc,842,842,36922,36080,1.000,0.023,0.914,0.740,0.062,0.336,0.280,0.713,0.601,0.224,0.261,0.189,0.824,0.663,3.000,0.437,0.548,0.676,0.227,0.445,0.517,0.408,0.373,0.590,0.624,0.446,0.627,0.776,0.455,0.230,0.137,0.241,0.430,0.208,0.068,0.322,0.016,0.963,0.905,0.735,0.365,0.728,0.427,0.447,0.467,0.499,0.491
low-trust-conflict,Low-trust conflict,Lower public trust and higher legislature-court conflict.,strict-recusal-court,Strict recusal with substitute justices,court_variant,strong_form_court,pipeline,federal/circuit_panel,1911,1911,85052,83141,1.000,0.022,0.878,0.734,0.067,0.462,0.446,0.697,0.624,0.295,0.319,0.332,0.668,0.581,2.000,0.461,0.508,0.666,0.245,0.445,0.525,0.427,0.352,0.592,0.618,0.430,0.628,0.779,0.430,0.242,0.157,0.258,0.437,0.158,0.069,0.315,0.015,0.964,0.904,0.737,0.362,0.675,0.422,0.433,0.430,0.485,0.470
low-trust-conflict,Low-trust conflict,Lower public trust and higher legislature-court conflict.,strict-recusal-court,Strict recusal with substitute justices,court_variant,strong_form_court,pipeline,federal/district_only,497,497,22361,21864,1.000,0.022,0.875,0.731,0.086,0.357,0.417,0.736,0.667,0.341,0.301,0.364,0.574,0.496,1.000,0.463,0.483,0.661,0.248,0.443,0.522,0.431,0.354,0.596,0.617,0.419,0.628,0.778,0.419,0.258,0.143,0.239,0.416,0.167,0.072,0.338,0.015,0.968,0.912,0.732,0.360,0.629,0.421,0.421,0.390,0.475,0.451
low-trust-conflict,Low-trust conflict,Lower public trust and higher legislature-court conflict.,strict-recusal-court,Strict recusal with substitute justices,court_variant,strong_form_court,pipeline,federal/state_federal_split,164,164,6895,6731,1.000,0.024,0.879,0.745,0.059,0.379,0.430,0.690,0.483,0.069,0.400,0.241,0.964,0.681,3.000,0.592,0.595,0.668,0.262,0.449,0.525,0.405,0.365,0.586,0.616,0.453,0.626,0.791,0.427,0.280,0.110,0.268,0.457,0.189,0.061,0.262,0.025,0.959,0.882,0.724,0.365,0.743,0.425,0.450,0.473,0.500,0.495
low-trust-conflict,Low-trust conflict,Lower public trust and higher legislature-court conflict.,strict-recusal-court,Strict recusal with substitute justices,court_variant,strong_form_court,pipeline,mixed_state_federal/circuit_en_banc,874,874,36708,35834,1.000,0.024,0.885,0.734,0.062,0.410,0.366,0.681,0.576,0.236,0.410,0.208,0.895,0.661,3.000,0.809,0.630,0.658,0.287,0.440,0.515,0.411,0.363,0.583,0.608,0.451,0.626,0.807,0.399,0.287,0.148,0.301,0.415,0.201,0.080,0.133,0.014,0.967,0.900,0.734,0.367,0.739,0.429,0.450,0.468,0.502,0.495
low-trust-conflict,Low-trust conflict,Lower public trust and higher legislature-court conflict.,strict-recusal-court,Strict recusal with substitute justices,court_variant,strong_form_court,pipeline,mixed_state_federal/district_only,139,139,5801,5662,1.000,0.024,0.864,0.735,0.120,0.526,0.291,0.807,0.579,0.298,0.526,0.614,0.782,0.504,1.000,0.786,0.580,0.648,0.291,0.434,0.509,0.417,0.403,0.589,0.603,0.438,0.628,0.805,0.374,0.302,0.173,0.302,0.360,0.209,0.079,0.101,0.011,0.970,0.898,0.729,0.364,0.653,0.436,0.429,0.391,0.488,0.462
low-trust-conflict,Low-trust conflict,Lower public trust and higher legislature-court conflict.,strict-recusal-court,Strict recusal with substitute justices,court_variant,strong_form_court,pipeline,mixed_state_federal/state_federal_split,1719,1719,70857,69138,1.000,0.024,0.854,0.724,0.059,0.566,0.517,0.713,0.679,0.275,0.566,0.268,0.937,0.675,3.000,0.833,0.651,0.649,0.311,0.437,0.526,0.418,0.358,0.581,0.599,0.452,0.626,0.812,0.393,0.289,0.163,0.304,0.401,0.180,0.085,0.134,0.013,0.971,0.902,0.724,0.367,0.744,0.426,0.451,0.473,0.502,0.496
low-trust-conflict,Low-trust conflict,Lower public trust and higher legislature-court conflict.,strict-recusal-court,Strict recusal with substitute justices,court_variant,strong_form_court,pipeline,state/circuit_en_banc,93,93,4132,4039,1.000,0.023,0.967,0.766,0.067,0.000,0.027,0.667,0.722,0.333,0.000,0.000,0.918,0.684,3.000,0.527,0.595,0.692,0.207,0.452,0.493,0.382,0.397,0.591,0.636,0.456,0.626,0.780,0.376,0.290,0.151,0.366,0.430,0.290,0.065,0.183,0.008,0.968,0.926,0.756,0.367,0.742,0.432,0.451,0.471,0.505,0.497
low-trust-conflict,Low-trust conflict,Lower public trust and higher legislature-court conflict.,strict-recusal-court,Strict recusal with substitute justices,court_variant,strong_form_court,pipeline,state/circuit_panel,622,622,27264,26642,1.000,0.023,0.880,0.735,0.059,0.400,0.411,0.705,0.648,0.238,0.400,0.267,0.711,0.582,2.000,0.612,0.539,0.664,0.260,0.460,0.522,0.425,0.352,0.591,0.618,0.432,0.628,0.790,0.449,0.243,0.166,0.241,0.405,0.174,0.077,0.217,0.011,0.967,0.908,0.733,0.362,0.681,0.420,0.434,0.431,0.486,0.471
low-trust-conflict,Low-trust conflict,Lower public trust and higher legislature-court conflict.,strict-recusal-court,Strict recusal with substitute justices,court_variant,strong_form_court,pipeline,state/district_only,133,133,5692,5559,1.000,0.023,0.880,0.745,0.115,0.255,0.295,0.709,0.709,0.145,0.255,0.491,0.740,0.496,1.000,0.592,0.533,0.660,0.264,0.470,0.514,0.418,0.390,0.592,0.618,0.431,0.628,0.789,0.466,0.233,0.188,0.248,0.414,0.211,0.075,0.241,0.011,0.967,0.920,0.743,0.363,0.647,0.436,0.427,0.389,0.485,0.460
low-trust-conflict,Low-trust conflict,Lower public trust and higher legislature-court conflict.,strict-recusal-court,Strict recusal with substitute justices,court_variant,strong_form_court,pipeline,state/state_federal_split,1328,1328,55354,54026,1.000,0.024,0.865,0.730,0.063,0.579,0.483,0.743,0.720,0.276,0.579,0.243,0.910,0.670,3.000,0.640,0.602,0.657,0.281,0.445,0.527,0.420,0.356,0.584,0.608,0.448,0.626,0.796,0.393,0.261,0.159,0.313,0.407,0.182,0.084,0.187,0.013,0.968,0.904,0.738,0.365,0.738,0.425,0.449,0.471,0.499,0.494
low-trust-conflict,Low-trust conflict,Lower public trust and higher legislature-court conflict.,strict-recusal-court,Strict recusal with substitute justices,court_variant,strong_form_court,pipeline,state/state_high_court,1278,1278,54994,53716,1.000,0.023,0.862,0.731,0.056,0.548,0.516,0.706,0.594,0.289,0.548,0.315,0.712,0.591,2.000,0.599,0.545,0.659,0.273,0.455,0.529,0.432,0.343,0.589,0.613,0.429,0.628,0.791,0.419,0.252,0.173,0.269,0.423,0.172,0.073,0.214,0.013,0.968,0.905,0.729,0.363,0.680,0.419,0.434,0.436,0.485,0.471
low-trust-conflict,Low-trust conflict,Lower public trust and higher legislature-court conflict.,reasoned-emergency-review,Reasoned emergency orders with merits follow-up,court_variant,strong_form_court,pipeline,federal/circuit_en_banc,842,842,37242,36400,1.000,0.023,0.918,0.740,0.002,0.363,0.319,0.875,0.650,0.125,0.271,1.000,0.824,0.663,3.000,0.437,0.548,0.689,0.218,0.445,0.526,0.408,0.373,0.594,0.628,0.457,0.626,0.775,0.460,0.208,0.152,0.273,0.419,0.215,0.071,0.317,0.016,0.963,0.908,0.710,0.312,0.728,0.414,0.393,0.467,0.496,0.475
low-trust-conflict,Low-trust conflict,Lower public trust and higher legislature-court conflict.,reasoned-emergency-review,Reasoned emergency orders with merits follow-up,court_variant,strong_form_court,pipeline,federal/circuit_panel,1911,1911,85817,83906,1.000,0.022,0.884,0.736,0.004,0.498,0.479,0.865,0.629,0.096,0.382,1.000,0.668,0.581,2.000,0.461,0.508,0.681,0.237,0.449,0.536,0.427,0.352,0.596,0.624,0.440,0.627,0.777,0.448,0.229,0.152,0.242,0.442,0.195,0.064,0.328,0.015,0.965,0.909,0.711,0.309,0.676,0.409,0.379,0.430,0.482,0.454
low-trust-conflict,Low-trust conflict,Lower public trust and higher legislature-court conflict.,reasoned-emergency-review,Reasoned emergency orders with merits follow-up,court_variant,strong_form_court,pipeline,federal/district_only,497,497,22597,22100,1.000,0.022,0.881,0.737,0.006,0.422,0.455,0.933,0.711,0.144,0.366,1.000,0.574,0.496,1.000,0.463,0.483,0.679,0.236,0.448,0.534,0.431,0.354,0.599,0.624,0.429,0.628,0.776,0.469,0.217,0.143,0.221,0.451,0.173,0.082,0.288,0.016,0.965,0.913,0.709,0.307,0.630,0.408,0.368,0.391,0.472,0.435
low-trust-conflict,Low-trust conflict,Lower public trust and higher legislature-court conflict.,reasoned-emergency-review,Reasoned emergency orders with merits follow-up,court_variant,strong_form_court,pipeline,federal/state_federal_split,164,164,6960,6796,1.000,0.024,0.888,0.744,0.001,0.154,0.433,0.769,0.846,0.154,0.167,1.000,0.964,0.681,3.000,0.592,0.595,0.682,0.252,0.448,0.534,0.405,0.365,0.590,0.620,0.464,0.626,0.789,0.537,0.207,0.140,0.238,0.415,0.207,0.067,0.335,0.029,0.955,0.881,0.699,0.312,0.744,0.411,0.396,0.474,0.497,0.479
low-trust-conflict,Low-trust conflict,Lower public trust and higher legislature-court conflict.,reasoned-emergency-review,Reasoned emergency orders with merits follow-up,court_variant,strong_form_court,pipeline,mixed_state_federal/circuit_en_banc,874,874,36949,36075,1.000,0.024,0.891,0.736,0.003,0.522,0.398,0.900,0.733,0.122,0.522,1.000,0.895,0.661,3.000,0.809,0.630,0.672,0.278,0.443,0.525,0.410,0.363,0.587,0.613,0.462,0.626,0.806,0.413,0.284,0.164,0.289,0.424,0.196,0.071,0.164,0.015,0.967,0.905,0.719,0.314,0.739,0.417,0.397,0.468,0.500,0.479
low-trust-conflict,Low-trust conflict,Lower public trust and higher legislature-court conflict.,reasoned-emergency-review,Reasoned emergency orders with merits follow-up,court_variant,strong_form_court,pipeline,mixed_state_federal/district_only,139,139,5803,5664,1.000,0.024,0.884,0.744,0.016,0.400,0.331,0.909,0.655,0.091,0.400,1.000,0.782,0.504,1.000,0.786,0.580,0.674,0.267,0.448,0.519,0.417,0.403,0.594,0.616,0.449,0.628,0.801,0.403,0.259,0.137,0.331,0.460,0.137,0.072,0.201,0.015,0.962,0.900,0.702,0.311,0.653,0.427,0.376,0.391,0.485,0.447
low-trust-conflict,Low-trust conflict,Lower public trust and higher legislature-court conflict.,reasoned-emergency-review,Reasoned emergency orders with merits follow-up,court_variant,strong_form_court,pipeline,mixed_state_federal/state_federal_split,1719,1719,71305,69586,1.000,0.024,0.859,0.724,0.003,0.633,0.561,0.899,0.747,0.082,0.633,1.000,0.937,0.675,3.000,0.833,0.651,0.663,0.306,0.441,0.537,0.418,0.358,0.584,0.603,0.465,0.626,0.811,0.403,0.291,0.165,0.306,0.424,0.191,0.086,0.152,0.013,0.971,0.908,0.707,0.314,0.744,0.415,0.398,0.473,0.499,0.480
low-trust-conflict,Low-trust conflict,Lower public trust and higher legislature-court conflict.,reasoned-emergency-review,Reasoned emergency orders with merits follow-up,court_variant,strong_form_court,pipeline,state/circuit_en_banc,93,93,4171,4078,1.000,0.022,0.982,0.764,0.000,0.000,0.043,0.700,0.700,0.100,0.000,1.000,0.918,0.684,3.000,0.527,0.595,0.708,0.188,0.454,0.498,0.381,0.397,0.595,0.642,0.465,0.626,0.777,0.430,0.247,0.194,0.301,0.516,0.247,0.097,0.269,0.013,0.959,0.922,0.723,0.313,0.743,0.418,0.397,0.472,0.502,0.481
low-trust-conflict,Low-trust conflict,Lower public trust and higher legislature-court conflict.,reasoned-emergency-review,Reasoned emergency orders with merits follow-up,court_variant,strong_form_court,pipeline,state/circuit_panel,622,622,27516,26894,1.000,0.023,0.882,0.735,0.003,0.500,0.463,0.914,0.672,0.155,0.500,1.000,0.711,0.582,2.000,0.612,0.539,0.677,0.255,0.458,0.534,0.425,0.352,0.594,0.621,0.444,0.627,0.789,0.423,0.275,0.153,0.254,0.469,0.185,0.074,0.230,0.011,0.968,0.914,0.709,0.309,0.681,0.408,0.381,0.432,0.484,0.455
low-trust-conflict,Low-trust conflict,Lower public trust and higher legislature-court conflict.,reasoned-emergency-review,Reasoned emergency orders with merits follow-up,court_variant,strong_form_court,pipeline,state/district_only,133,133,5797,5664,1.000,0.023,0.892,0.744,0.011,0.371,0.301,0.857,0.686,0.143,0.371,1.000,0.740,0.496,1.000,0.592,0.533,0.679,0.244,0.458,0.523,0.417,0.390,0.597,0.623,0.441,0.628,0.786,0.504,0.211,0.105,0.218,0.436,0.128,0.045,0.195,0.012,0.965,0.925,0.757,0.309,0.648,0.417,0.373,0.392,0.480,0.442
low-trust-conflict,Low-trust conflict,Lower public trust and higher legislature-court conflict.,reasoned-emergency-review,Reasoned emergency orders with merits follow-up,court_variant,strong_form_court,pipeline,state/state_federal_split,1328,1328,55738,54410,1.000,0.024,0.869,0.731,0.003,0.605,0.535,0.863,0.702,0.105,0.605,1.000,0.910,0.670,3.000,0.640,0.602,0.671,0.276,0.444,0.539,0.420,0.356,0.587,0.611,0.461,0.626,0.795,0.425,0.259,0.170,0.284,0.411,0.175,0.084,0.215,0.014,0.968,0.908,0.716,0.312,0.738,0.413,0.396,0.472,0.496,0.478
low-trust-conflict,Low-trust conflict,Lower public trust and higher legislature-court conflict.,reasoned-emergency-review,Reasoned emergency orders with merits follow-up,court_variant,strong_form_court,pipeline,state/state_high_court,1278,1278,55340,54062,1.000,0.023,0.861,0.730,0.003,0.613,0.577,0.874,0.723,0.160,0.613,1.000,0.712,0.591,2.000,0.599,0.545,0.671,0.271,0.450,0.542,0.432,0.343,0.592,0.615,0.442,0.627,0.791,0.424,0.279,0.155,0.251,0.442,0.175,0.077,0.218,0.014,0.970,0.912,0.702,0.309,0.681,0.407,0.381,0.436,0.482,0.455
low-trust-conflict,Low-trust conflict,Lower public trust and higher legislature-court conflict.,panel-en-banc-review,Panel review with en banc safety valve,court_variant,strong_form_court,pipeline,federal/circuit_en_banc,842,842,36992,36150,1.000,0.023,0.909,0.739,0.055,0.382,0.298,0.679,0.626,0.275,0.288,0.252,0.824,0.663,3.000,0.437,0.548,0.670,0.227,0.445,0.515,0.408,0.373,0.585,0.622,0.445,0.626,0.776,0.419,0.246,0.154,0.291,0.461,0.191,0.065,0.330,0.015,0.964,0.905,0.736,0.442,0.728,0.466,0.518,0.548,0.494,0.532
low-trust-conflict,Low-trust conflict,Lower public trust and higher legislature-court conflict.,panel-en-banc-review,Panel review with en banc safety valve,court_variant,strong_form_court,pipeline,federal/circuit_panel,1911,1911,85053,83142,1.000,0.022,0.872,0.732,0.071,0.501,0.468,0.696,0.627,0.285,0.346,0.315,0.668,0.581,2.000,0.461,0.508,0.659,0.249,0.444,0.524,0.427,0.352,0.588,0.616,0.429,0.627,0.778,0.420,0.254,0.159,0.257,0.421,0.173,0.081,0.289,0.014,0.967,0.908,0.731,0.431,0.675,0.455,0.498,0.497,0.475,0.504
low-trust-conflict,Low-trust conflict,Lower public trust and higher legislature-court conflict.,panel-en-banc-review,Panel review with en banc safety valve,court_variant,strong_form_court,pipeline,federal/district_only,497,497,22325,21828,1.000,0.022,0.866,0.731,0.094,0.378,0.450,0.667,0.667,0.259,0.292,0.348,0.574,0.496,1.000,0.463,0.483,0.653,0.254,0.440,0.520,0.431,0.354,0.592,0.614,0.418,0.628,0.778,0.427,0.231,0.143,0.245,0.437,0.195,0.074,0.326,0.015,0.968,0.914,0.723,0.424,0.629,0.451,0.482,0.450,0.463,0.482
low-trust-conflict,Low-trust conflict,Lower public trust and higher legislature-court conflict.,panel-en-banc-review,Panel review with en banc safety valve,court_variant,strong_form_court,pipeline,federal/state_federal_split,164,164,6924,6760,1.000,0.024,0.874,0.741,0.045,0.364,0.456,0.682,0.545,0.182,0.400,0.227,0.964,0.681,3.000,0.592,0.595,0.661,0.263,0.446,0.525,0.405,0.365,0.580,0.613,0.454,0.626,0.790,0.445,0.262,0.146,0.299,0.415,0.159,0.085,0.311,0.022,0.962,0.885,0.727,0.445,0.744,0.465,0.524,0.560,0.497,0.538
low-trust-conflict,Low-trust conflict,Lower public trust and higher legislature-court conflict.,panel-en-banc-review,Panel review with en banc safety valve,court_variant,strong_form_court,pipeline,mixed_state_federal/circuit_en_banc,874,874,36760,35886,1.000,0.024,0.880,0.736,0.056,0.455,0.376,0.742,0.682,0.303,0.455,0.235,0.895,0.661,3.000,0.809,0.630,0.653,0.287,0.441,0.513,0.411,0.363,0.578,0.607,0.450,0.626,0.807,0.398,0.280,0.172,0.324,0.416,0.160,0.085,0.172,0.014,0.967,0.902,0.736,0.446,0.739,0.470,0.524,0.552,0.499,0.537
low-trust-conflict,Low-trust conflict,Lower public trust and higher legislature-court conflict.,panel-en-banc-review,Panel review with en banc safety valve,court_variant,strong_form_court,pipeline,mixed_state_federal/district_only,139,139,5790,5651,1.000,0.024,0.864,0.740,0.125,0.404,0.286,0.719,0.509,0.228,0.404,0.526,0.782,0.504,1.000,0.786,0.580,0.642,0.290,0.439,0.505,0.417,0.403,0.583,0.604,0.436,0.627,0.805,0.396,0.295,0.137,0.374,0.424,0.151,0.065,0.115,0.013,0.967,0.899,0.722,0.441,0.653,0.477,0.502,0.473,0.484,0.504
low-trust-conflict,Low-trust conflict,Lower public trust and higher legislature-court conflict.,panel-en-banc-review,Panel review with en banc safety valve,court_variant,strong_form_court,pipeline,mixed_state_federal/state_federal_split,1719,1719,70830,69111,1.000,0.024,0.847,0.721,0.063,0.573,0.535,0.737,0.642,0.339,0.573,0.234,0.937,0.675,3.000,0.833,0.651,0.641,0.314,0.436,0.523,0.418,0.358,0.575,0.595,0.451,0.626,0.812,0.405,0.270,0.175,0.310,0.410,0.187,0.087,0.147,0.013,0.972,0.905,0.726,0.447,0.744,0.470,0.526,0.559,0.500,0.540
low-trust-conflict,Low-trust conflict,Lower public trust and higher legislature-court conflict.,panel-en-banc-review,Panel review with en banc safety valve,court_variant,strong_form_court,pipeline,state/circuit_en_banc,93,93,4145,4052,1.000,0.022,0.968,0.765,0.054,0.000,0.026,0.533,0.533,0.267,0.000,0.000,0.918,0.684,3.000,0.527,0.595,0.689,0.202,0.453,0.490,0.382,0.397,0.585,0.636,0.454,0.626,0.779,0.473,0.237,0.129,0.355,0.516,0.204,0.086,0.290,0.013,0.963,0.925,0.740,0.447,0.742,0.473,0.526,0.558,0.503,0.541
low-trust-conflict,Low-trust conflict,Lower public trust and higher legislature-court conflict.,panel-en-banc-review,Panel review with en banc safety valve,court_variant,strong_form_court,pipeline,state/circuit_panel,622,622,27319,26697,1.000,0.023,0.873,0.732,0.057,0.448,0.446,0.740,0.552,0.260,0.448,0.260,0.711,0.582,2.000,0.612,0.539,0.657,0.264,0.457,0.522,0.425,0.352,0.586,0.615,0.432,0.627,0.790,0.449,0.264,0.116,0.232,0.415,0.166,0.063,0.232,0.011,0.969,0.912,0.727,0.434,0.681,0.455,0.502,0.504,0.479,0.508
low-trust-conflict,Low-trust conflict,Lower public trust and higher legislature-court conflict.,panel-en-banc-review,Panel review with en banc safety valve,court_variant,strong_form_court,pipeline,state/district_only,133,133,5739,5606,1.000,0.023,0.885,0.745,0.097,0.283,0.252,0.652,0.717,0.217,0.283,0.522,0.740,0.496,1.000,0.592,0.533,0.656,0.257,0.469,0.509,0.417,0.390,0.588,0.619,0.429,0.627,0.788,0.436,0.218,0.195,0.331,0.451,0.135,0.113,0.218,0.012,0.971,0.923,0.747,0.439,0.647,0.471,0.499,0.471,0.479,0.500
low-trust-conflict,Low-trust conflict,Lower public trust and higher legislature-court conflict.,panel-en-banc-review,Panel review with en banc safety valve,court_variant,strong_form_court,pipeline,state/state_federal_split,1328,1328,55294,53966,1.000,0.024,0.860,0.730,0.065,0.520,0.500,0.696,0.683,0.269,0.520,0.242,0.910,0.670,3.000,0.640,0.602,0.650,0.282,0.445,0.525,0.420,0.356,0.578,0.606,0.447,0.626,0.796,0.407,0.270,0.173,0.313,0.428,0.162,0.080,0.197,0.013,0.969,0.906,0.732,0.445,0.738,0.468,0.523,0.556,0.497,0.537
low-trust-conflict,Low-trust conflict,Lower public trust and higher legislature-court conflict.,panel-en-banc-review,Panel review with en banc safety valve,court_variant,strong_form_court,pipeline,state/state_high_court,1278,1278,54943,53665,1.000,0.023,0.854,0.728,0.063,0.612,0.544,0.651,0.612,0.297,0.612,0.297,0.712,0.591,2.000,0.599,0.545,0.651,0.278,0.452,0.528,0.432,0.343,0.584,0.609,0.428,0.627,0.791,0.419,0.279,0.156,0.263,0.419,0.197,0.071,0.196,0.013,0.969,0.907,0.725,0.434,0.680,0.455,0.501,0.508,0.478,0.508
low-trust-conflict,Low-trust conflict,Lower public trust and higher legislature-court conflict.,dual-cross-checking-courts,Dual supreme courts with cross-checking invalidations,court_variant,strong_form_court,pipeline,federal/circuit_en_banc,842,842,37342,36500,1.000,0.023,0.941,0.746,0.002,0.293,0.219,0.793,0.690,0.190,0.279,1.000,0.824,0.663,3.000,0.437,0.548,0.700,0.222,0.449,0.520,0.408,0.373,0.564,0.621,0.608,0.623,0.789,0.417,0.249,0.158,0.274,0.468,0.182,0.080,0.318,0.017,0.954,0.894,0.701,0.520,0.729,0.570,0.594,0.594,0.632,0.604
low-trust-conflict,Low-trust conflict,Lower public trust and higher legislature-court conflict.,dual-cross-checking-courts,Dual supreme courts with cross-checking invalidations,court_variant,strong_form_court,pipeline,federal/circuit_panel,1911,1911,86123,84212,1.000,0.022,0.908,0.741,0.004,0.361,0.366,0.893,0.669,0.107,0.277,1.000,0.668,0.581,2.000,0.461,0.508,0.689,0.241,0.451,0.528,0.427,0.352,0.566,0.616,0.591,0.624,0.792,0.463,0.231,0.143,0.238,0.452,0.170,0.060,0.298,0.017,0.956,0.895,0.707,0.517,0.676,0.565,0.580,0.557,0.618,0.583
low-trust-conflict,Low-trust conflict,Lower public trust and higher legislature-court conflict.,dual-cross-checking-courts,Dual supreme courts with cross-checking invalidations,court_variant,strong_form_court,pipeline,federal/district_only,497,497,22669,22172,1.000,0.022,0.910,0.735,0.008,0.320,0.326,0.773,0.720,0.187,0.297,1.000,0.574,0.496,1.000,0.463,0.483,0.686,0.242,0.445,0.525,0.431,0.354,0.570,0.614,0.581,0.625,0.791,0.449,0.205,0.173,0.223,0.423,0.171,0.070,0.286,0.016,0.958,0.901,0.698,0.515,0.630,0.564,0.568,0.518,0.609,0.564
low-trust-conflict,Low-trust conflict,Lower public trust and higher legislature-court conflict.,dual-cross-checking-courts,Dual supreme courts with cross-checking invalidations,court_variant,strong_form_court,pipeline,federal/state_federal_split,164,164,6976,6812,1.000,0.024,0.907,0.750,0.000,0.111,0.366,0.667,0.667,0.000,0.143,1.000,0.964,0.681,3.000,0.592,0.595,0.692,0.259,0.452,0.530,0.405,0.365,0.560,0.613,0.616,0.623,0.804,0.427,0.274,0.140,0.256,0.451,0.195,0.067,0.348,0.027,0.948,0.868,0.707,0.520,0.744,0.566,0.597,0.601,0.633,0.608
low-trust-conflict,Low-trust conflict,Lower public trust and higher legislature-court conflict.,dual-cross-checking-courts,Dual supreme courts with cross-checking invalidations,court_variant,strong_form_court,pipeline,mixed_state_federal/circuit_en_banc,874,874,37103,36229,1.000,0.024,0.916,0.746,0.003,0.431,0.291,0.824,0.765,0.196,0.431,1.000,0.895,0.661,3.000,0.809,0.630,0.683,0.284,0.447,0.518,0.410,0.363,0.557,0.607,0.612,0.623,0.820,0.431,0.286,0.149,0.295,0.411,0.215,0.078,0.176,0.017,0.958,0.891,0.708,0.522,0.740,0.571,0.597,0.595,0.635,0.608
low-trust-conflict,Low-trust conflict,Lower public trust and higher legislature-court conflict.,dual-cross-checking-courts,Dual supreme courts with cross-checking invalidations,court_variant,strong_form_court,pipeline,mixed_state_federal/district_only,139,139,5861,5722,1.000,0.024,0.912,0.747,0.017,0.366,0.209,0.878,0.634,0.244,0.366,1.000,0.782,0.504,1.000,0.786,0.580,0.681,0.278,0.441,0.511,0.417,0.403,0.564,0.606,0.598,0.624,0.817,0.446,0.252,0.122,0.245,0.453,0.165,0.065,0.187,0.011,0.955,0.883,0.683,0.518,0.654,0.577,0.576,0.519,0.620,0.575
low-trust-conflict,Low-trust conflict,Lower public trust and higher legislature-court conflict.,dual-cross-checking-courts,Dual supreme courts with cross-checking invalidations,court_variant,strong_form_court,pipeline,mixed_state_federal/state_federal_split,1719,1719,71506,69787,1.000,0.024,0.884,0.738,0.003,0.485,0.437,0.871,0.752,0.119,0.485,1.000,0.937,0.675,3.000,0.833,0.651,0.673,0.310,0.446,0.529,0.418,0.358,0.554,0.598,0.613,0.623,0.825,0.415,0.269,0.168,0.305,0.412,0.169,0.088,0.146,0.014,0.961,0.890,0.697,0.522,0.744,0.569,0.598,0.600,0.635,0.609
low-trust-conflict,Low-trust conflict,Lower public trust and higher legislature-court conflict.,dual-cross-checking-courts,Dual supreme courts with cross-checking invalidations,court_variant,strong_form_court,pipeline,state/circuit_en_banc,93,93,4192,4099,1.000,0.022,0.994,0.765,0.000,0.000,0.000,0.833,1.000,0.000,0.000,1.000,0.918,0.684,3.000,0.527,0.595,0.718,0.197,0.452,0.496,0.381,0.397,0.566,0.631,0.619,0.623,0.791,0.462,0.301,0.118,0.280,0.452,0.258,0.022,0.301,0.010,0.952,0.913,0.707,0.522,0.743,0.573,0.598,0.599,0.638,0.610
low-trust-conflict,Low-trust conflict,Lower public trust and higher legislature-court conflict.,dual-cross-checking-courts,Dual supreme courts with cross-checking invalidations,court_variant,strong_form_court,pipeline,state/circuit_panel,622,622,27548,26926,1.000,0.023,0.907,0.740,0.004,0.423,0.342,0.827,0.731,0.173,0.423,1.000,0.711,0.582,2.000,0.612,0.539,0.685,0.259,0.468,0.526,0.425,0.352,0.564,0.614,0.594,0.624,0.803,0.442,0.252,0.145,0.249,0.452,0.175,0.082,0.228,0.012,0.957,0.895,0.699,0.518,0.682,0.565,0.581,0.558,0.620,0.585
low-trust-conflict,Low-trust conflict,Lower public trust and higher legislature-court conflict.,dual-cross-checking-courts,Dual supreme courts with cross-checking invalidations,court_variant,strong_form_court,pipeline,state/district_only,133,133,5789,5656,1.000,0.023,0.937,0.740,0.012,0.167,0.135,0.806,0.750,0.139,0.167,1.000,0.740,0.496,1.000,0.592,0.533,0.690,0.245,0.468,0.511,0.417,0.390,0.567,0.618,0.593,0.624,0.800,0.436,0.211,0.158,0.248,0.421,0.113,0.068,0.203,0.015,0.955,0.908,0.724,0.518,0.648,0.576,0.575,0.518,0.618,0.573
low-trust-conflict,Low-trust conflict,Lower public trust and higher legislature-court conflict.,dual-cross-checking-courts,Dual supreme courts with cross-checking invalidations,court_variant,strong_form_court,pipeline,state/state_federal_split,1328,1328,55908,54580,1.000,0.024,0.894,0.743,0.003,0.558,0.408,0.896,0.714,0.143,0.558,1.000,0.910,0.670,3.000,0.640,0.602,0.681,0.279,0.459,0.530,0.420,0.356,0.558,0.608,0.610,0.623,0.809,0.418,0.274,0.150,0.278,0.422,0.178,0.078,0.218,0.015,0.959,0.893,0.707,0.521,0.739,0.568,0.596,0.599,0.632,0.607
low-trust-conflict,Low-trust conflict,Lower public trust and higher legislature-court conflict.,dual-cross-checking-courts,Dual supreme courts with cross-checking invalidations,court_variant,strong_form_court,pipeline,state/state_high_court,1278,1278,55493,54215,1.000,0.023,0.888,0.739,0.003,0.543,0.442,0.902,0.783,0.207,0.543,1.000,0.712,0.591,2.000,0.599,0.545,0.680,0.274,0.464,0.533,0.432,0.343,0.563,0.610,0.590,0.624,0.805,0.414,0.262,0.160,0.268,0.440,0.169,0.076,0.225,0.016,0.958,0.894,0.703,0.518,0.681,0.563,0.582,0.563,0.619,0.585
low-trust-conflict,Low-trust conflict,Lower public trust and higher legislature-court conflict.,constitutional-council,Pre-enactment constitutional council,court_variant,strong_form_court,pipeline,federal/circuit_en_banc,842,842,36958,36116,1.000,0.023,0.960,0.741,0.057,0.304,0.210,0.704,0.674,0.230,0.198,0.170,0.824,0.663,3.000,0.437,0.548,0.701,0.218,0.445,0.520,0.408,0.373,0.577,0.617,0.674,0.625,0.783,0.470,0.211,0.134,0.255,0.475,0.185,0.064,0.329,0.019,0.942,0.886,0.706,0.445,0.728,0.487,0.520,0.535,0.575,0.548
low-trust-conflict,Low-trust conflict,Lower public trust and higher legislature-court conflict.,constitutional-council,Pre-enactment constitutional council,court_variant,strong_form_court,pipeline,federal/circuit_panel,1911,1911,85016,83105,1.000,0.022,0.942,0.732,0.068,0.450,0.358,0.745,0.684,0.201,0.323,0.300,0.668,0.581,2.000,0.461,0.508,0.688,0.237,0.444,0.527,0.427,0.352,0.579,0.612,0.658,0.626,0.785,0.436,0.243,0.150,0.255,0.463,0.149,0.065,0.341,0.018,0.946,0.888,0.703,0.442,0.675,0.483,0.507,0.498,0.561,0.527
low-trust-conflict,Low-trust conflict,Lower public trust and higher legislature-court conflict.,constitutional-council,Pre-enactment constitutional council,court_variant,strong_form_court,pipeline,federal/district_only,497,497,22391,21894,1.000,0.022,0.940,0.729,0.079,0.304,0.336,0.736,0.728,0.280,0.202,0.384,0.574,0.496,1.000,0.463,0.483,0.685,0.240,0.441,0.525,0.431,0.354,0.582,0.611,0.648,0.627,0.785,0.416,0.243,0.159,0.286,0.431,0.165,0.068,0.336,0.018,0.949,0.895,0.700,0.439,0.629,0.482,0.495,0.458,0.551,0.508
low-trust-conflict,Low-trust conflict,Lower public trust and higher legislature-court conflict.,constitutional-council,Pre-enactment constitutional council,court_variant,strong_form_court,pipeline,federal/state_federal_split,164,164,6924,6760,1.000,0.024,0.944,0.747,0.046,0.364,0.384,0.682,0.636,0.273,0.368,0.182,0.964,0.681,3.000,0.592,0.595,0.694,0.255,0.447,0.531,0.405,0.365,0.573,0.611,0.682,0.625,0.797,0.427,0.238,0.128,0.268,0.384,0.207,0.067,0.348,0.030,0.945,0.865,0.688,0.444,0.744,0.482,0.523,0.542,0.575,0.551
low-trust-conflict,Low-trust conflict,Lower public trust and higher legislature-court conflict.,constitutional-council,Pre-enactment constitutional council,court_variant,strong_form_court,pipeline,mixed_state_federal/circuit_en_banc,874,874,36764,35890,1.000,0.024,0.946,0.742,0.056,0.405,0.265,0.672,0.748,0.290,0.405,0.176,0.895,0.661,3.000,0.809,0.630,0.684,0.275,0.441,0.516,0.411,0.363,0.570,0.604,0.677,0.625,0.813,0.441,0.252,0.143,0.257,0.428,0.184,0.057,0.160,0.018,0.945,0.880,0.707,0.446,0.739,0.489,0.524,0.536,0.578,0.552
low-trust-conflict,Low-trust conflict,Lower public trust and higher legislature-court conflict.,constitutional-council,Pre-enactment constitutional council,court_variant,strong_form_court,pipeline,mixed_state_federal/district_only,139,139,5772,5633,1.000,0.024,0.924,0.737,0.129,0.377,0.183,0.705,0.541,0.230,0.377,0.508,0.782,0.504,1.000,0.786,0.580,0.671,0.284,0.434,0.509,0.417,0.403,0.575,0.597,0.665,0.627,0.812,0.417,0.281,0.144,0.338,0.410,0.129,0.065,0.173,0.016,0.950,0.880,0.708,0.443,0.653,0.499,0.503,0.459,0.564,0.520
low-trust-conflict,Low-trust conflict,Lower public trust and higher legislature-court conflict.,constitutional-council,Pre-enactment constitutional council,court_variant,strong_form_court,pipeline,mixed_state_federal/state_federal_split,1719,1719,70873,69154,1.000,0.024,0.931,0.735,0.057,0.553,0.390,0.708,0.708,0.322,0.553,0.265,0.937,0.675,3.000,0.833,0.651,0.674,0.297,0.440,0.524,0.418,0.358,0.568,0.598,0.676,0.625,0.818,0.401,0.283,0.152,0.327,0.421,0.193,0.075,0.151,0.016,0.951,0.882,0.696,0.446,0.744,0.487,0.525,0.541,0.578,0.553
low-trust-conflict,Low-trust conflict,Lower public trust and higher legislature-court conflict.,constitutional-council,Pre-enactment constitutional council,court_variant,strong_form_court,pipeline,state/circuit_en_banc,93,93,4130,4037,1.000,0.023,0.982,0.765,0.066,0.000,0.000,0.737,0.684,0.211,0.000,0.000,0.918,0.684,3.000,0.527,0.595,0.716,0.204,0.452,0.499,0.382,0.397,0.577,0.625,0.686,0.625,0.787,0.484,0.194,0.140,0.355,0.495,0.269,0.086,0.258,0.013,0.945,0.906,0.725,0.446,0.742,0.493,0.524,0.538,0.581,0.554
low-trust-conflict,Low-trust conflict,Lower public trust and higher legislature-court conflict.,constitutional-council,Pre-enactment constitutional council,court_variant,strong_form_court,pipeline,state/circuit_panel,622,622,27277,26655,1.000,0.023,0.943,0.733,0.058,0.481,0.326,0.676,0.759,0.250,0.481,0.352,0.711,0.582,2.000,0.612,0.539,0.686,0.251,0.464,0.525,0.425,0.352,0.577,0.613,0.660,0.626,0.797,0.432,0.232,0.133,0.268,0.413,0.166,0.068,0.228,0.012,0.948,0.888,0.698,0.442,0.681,0.482,0.508,0.499,0.563,0.529
low-trust-conflict,Low-trust conflict,Lower public trust and higher legislature-court conflict.,constitutional-council,Pre-enactment constitutional council,court_variant,strong_form_court,pipeline,state/district_only,133,133,5696,5563,1.000,0.023,0.942,0.737,0.108,0.185,0.142,0.778,0.667,0.315,0.185,0.500,0.740,0.496,1.000,0.592,0.533,0.685,0.252,0.467,0.512,0.418,0.390,0.579,0.611,0.660,0.627,0.795,0.459,0.263,0.120,0.241,0.474,0.150,0.053,0.203,0.012,0.945,0.898,0.710,0.443,0.647,0.498,0.502,0.458,0.561,0.517
low-trust-conflict,Low-trust conflict,Lower public trust and higher legislature-court conflict.,constitutional-council,Pre-enactment constitutional council,court_variant,strong_form_court,pipeline,state/state_federal_split,1328,1328,55403,54075,1.000,0.024,0.938,0.738,0.057,0.527,0.379,0.761,0.717,0.195,0.527,0.273,0.910,0.670,3.000,0.640,0.602,0.682,0.268,0.454,0.528,0.420,0.356,0.572,0.607,0.674,0.625,0.802,0.414,0.263,0.160,0.300,0.444,0.160,0.077,0.202,0.017,0.949,0.886,0.708,0.445,0.738,0.486,0.523,0.539,0.575,0.551
low-trust-conflict,Low-trust conflict,Lower public trust and higher legislature-court conflict.,constitutional-council,Pre-enactment constitutional council,court_variant,strong_form_court,pipeline,state/state_high_court,1278,1278,55037,53759,1.000,0.023,0.935,0.731,0.055,0.606,0.420,0.755,0.734,0.271,0.606,0.298,0.712,0.591,2.000,0.599,0.545,0.682,0.262,0.462,0.531,0.432,0.343,0.576,0.610,0.656,0.626,0.797,0.417,0.262,0.164,0.269,0.444,0.172,0.074,0.211,0.017,0.951,0.889,0.698,0.442,0.680,0.480,0.508,0.504,0.561,0.529
low-trust-conflict,Low-trust conflict,Lower public trust and higher legislature-court conflict.,legislative-override-court,Judicial review with delayed legislative override,court_variant,strong_form_court,pipeline,federal/circuit_en_banc,842,842,36974,36132,1.000,0.023,0.905,0.734,0.059,0.348,0.297,0.570,0.570,0.274,0.221,0.200,0.824,0.663,3.000,0.437,0.548,0.652,0.232,0.446,0.510,0.408,0.373,0.589,0.618,0.446,0.626,0.780,0.449,0.216,0.152,0.285,0.455,0.182,0.074,0.330,0.015,0.967,0.908,0.754,0.313,0.728,0.420,0.394,0.466,0.525,0.481
low-trust-conflict,Low-trust conflict,Lower public trust and higher legislature-court conflict.,legislative-override-court,Judicial review with delayed legislative override,court_variant,strong_form_court,pipeline,federal/circuit_panel,1911,1911,85206,83295,1.000,0.022,0.866,0.725,0.068,0.515,0.459,0.651,0.596,0.273,0.357,0.299,0.668,0.581,2.000,0.461,0.508,0.640,0.255,0.446,0.519,0.427,0.352,0.591,0.610,0.429,0.627,0.783,0.424,0.241,0.170,0.268,0.417,0.177,0.081,0.304,0.014,0.969,0.910,0.754,0.310,0.675,0.415,0.380,0.430,0.511,0.460
low-trust-conflict,Low-trust conflict,Lower public trust and higher legislature-court conflict.,legislative-override-court,Judicial review with delayed legislative override,court_variant,strong_form_court,pipeline,federal/district_only,497,497,22411,21914,1.000,0.022,0.857,0.725,0.085,0.443,0.461,0.648,0.607,0.279,0.326,0.410,0.574,0.496,1.000,0.463,0.483,0.635,0.260,0.445,0.518,0.431,0.354,0.594,0.609,0.419,0.628,0.783,0.421,0.264,0.153,0.254,0.390,0.151,0.070,0.324,0.014,0.970,0.916,0.749,0.308,0.629,0.414,0.368,0.390,0.501,0.441
low-trust-conflict,Low-trust conflict,Lower public trust and higher legislature-court conflict.,legislative-override-court,Judicial review with delayed legislative override,court_variant,strong_form_court,pipeline,federal/state_federal_split,164,164,6906,6742,1.000,0.024,0.861,0.731,0.058,0.423,0.476,0.692,0.769,0.308,0.458,0.192,0.964,0.681,3.000,0.592,0.595,0.640,0.276,0.448,0.522,0.405,0.365,0.584,0.605,0.453,0.626,0.795,0.396,0.293,0.146,0.335,0.439,0.146,0.073,0.274,0.020,0.964,0.885,0.756,0.313,0.743,0.418,0.397,0.474,0.527,0.485
low-trust-conflict,Low-trust conflict,Lower public trust and higher legislature-court conflict.,legislative-override-court,Judicial review with delayed legislative override,court_variant,strong_form_court,pipeline,mixed_state_federal/circuit_en_banc,874,874,36735,35861,1.000,0.024,0.868,0.728,0.062,0.453,0.408,0.620,0.533,0.343,0.453,0.197,0.895,0.661,3.000,0.809,0.630,0.632,0.298,0.444,0.511,0.411,0.363,0.582,0.600,0.450,0.626,0.812,0.405,0.288,0.167,0.293,0.404,0.197,0.074,0.149,0.012,0.973,0.907,0.750,0.314,0.739,0.422,0.397,0.468,0.529,0.485
low-trust-conflict,Low-trust conflict,Lower public trust and higher legislature-court conflict.,legislative-override-court,Judicial review with delayed legislative override,court_variant,strong_form_court,pipeline,mixed_state_federal/district_only,139,139,5763,5624,1.000,0.024,0.847,0.741,0.133,0.397,0.336,0.730,0.571,0.270,0.397,0.540,0.782,0.504,1.000,0.786,0.580,0.622,0.303,0.443,0.504,0.417,0.403,0.587,0.598,0.438,0.628,0.809,0.388,0.309,0.144,0.302,0.432,0.209,0.050,0.129,0.013,0.970,0.901,0.749,0.312,0.653,0.433,0.376,0.390,0.514,0.453
low-trust-conflict,Low-trust conflict,Lower public trust and higher legislature-court conflict.,legislative-override-court,Judicial review with delayed legislative override,court_variant,strong_form_court,pipeline,mixed_state_federal/state_federal_split,1719,1719,70867,69148,1.000,0.024,0.838,0.714,0.063,0.640,0.545,0.712,0.581,0.315,0.640,0.258,0.937,0.675,3.000,0.833,0.651,0.623,0.326,0.441,0.522,0.418,0.358,0.579,0.590,0.449,0.626,0.817,0.379,0.305,0.161,0.327,0.374,0.211,0.075,0.144,0.012,0.976,0.909,0.746,0.314,0.744,0.421,0.398,0.473,0.529,0.487
low-trust-conflict,Low-trust conflict,Lower public trust and higher legislature-court conflict.,legislative-override-court,Judicial review with delayed legislative override,court_variant,strong_form_court,pipeline,state/circuit_en_banc,93,93,4120,4027,1.000,0.023,0.957,0.765,0.075,0.000,0.041,0.650,0.750,0.300,0.000,0.000,0.918,0.684,3.000,0.527,0.595,0.666,0.210,0.453,0.484,0.382,0.397,0.590,0.630,0.458,0.626,0.783,0.301,0.366,0.151,0.333,0.473,0.226,0.075,0.226,0.009,0.971,0.927,0.792,0.314,0.742,0.427,0.398,0.470,0.531,0.487
low-trust-conflict,Low-trust conflict,Lower public trust and higher legislature-court conflict.,legislative-override-court,Judicial review with delayed legislative override,court_variant,strong_form_court,pipeline,state/circuit_panel,622,622,27293,26671,1.000,0.023,0.867,0.728,0.059,0.450,0.435,0.720,0.580,0.240,0.450,0.280,0.711,0.582,2.000,0.612,0.539,0.639,0.272,0.460,0.517,0.425,0.352,0.589,0.610,0.430,0.627,0.794,0.421,0.278,0.141,0.251,0.457,0.148,0.064,0.204,0.010,0.972,0.915,0.755,0.310,0.681,0.414,0.381,0.431,0.513,0.461
low-trust-conflict,Low-trust conflict,Lower public trust and higher legislature-court conflict.,legislative-override-court,Judicial review with delayed legislative override,court_variant,strong_form_court,pipeline,state/district_only,133,133,5736,5603,1.000,0.023,0.870,0.743,0.103,0.333,0.318,0.578,0.467,0.289,0.333,0.489,0.740,0.496,1.000,0.592,0.533,0.636,0.269,0.462,0.507,0.417,0.390,0.591,0.611,0.432,0.628,0.792,0.474,0.218,0.173,0.218,0.421,0.173,0.105,0.150,0.010,0.972,0.926,0.778,0.310,0.647,0.424,0.374,0.390,0.509,0.449
low-trust-conflict,Low-trust conflict,Lower public trust and higher legislature-court conflict.,legislative-override-court,Judicial review with delayed legislative override,court_variant,strong_form_court,pipeline,state/state_federal_split,1328,1328,55407,54079,1.000,0.024,0.852,0.722,0.059,0.557,0.513,0.672,0.582,0.279,0.557,0.249,0.910,0.670,3.000,0.640,0.602,0.633,0.292,0.452,0.523,0.420,0.356,0.583,0.601,0.446,0.626,0.800,0.412,0.262,0.163,0.300,0.395,0.181,0.075,0.197,0.012,0.973,0.909,0.757,0.313,0.738,0.419,0.396,0.472,0.526,0.484
low-trust-conflict,Low-trust conflict,Lower public trust and higher legislature-court conflict.,legislative-override-court,Judicial review with delayed legislative override,court_variant,strong_form_court,pipeline,state/state_high_court,1278,1278,55019,53741,1.000,0.023,0.847,0.723,0.058,0.579,0.544,0.632,0.595,0.289,0.579,0.279,0.712,0.591,2.000,0.599,0.545,0.633,0.285,0.456,0.525,0.432,0.343,0.588,0.605,0.427,0.627,0.795,0.404,0.250,0.169,0.255,0.410,0.171,0.088,0.209,0.012,0.973,0.911,0.742,0.310,0.680,0.413,0.381,0.436,0.512,0.462
low-trust-conflict,Low-trust conflict,Lower public trust and higher legislature-court conflict.,accountability-retention-court,Retention-election accountability court,court_variant,strong_form_court,pipeline,federal/circuit_en_banc,842,842,37042,36200,1.000,0.023,0.915,0.731,0.049,0.258,0.211,0.758,0.533,0.242,0.114,0.217,0.824,0.663,3.000,0.437,0.548,0.672,0.226,0.453,0.512,0.408,0.373,0.585,0.623,0.418,0.626,0.781,0.431,0.235,0.127,0.274,0.449,0.217,0.052,0.295,0.015,0.951,0.892,0.729,0.324,0.728,0.456,0.405,0.472,0.551,0.496
low-trust-conflict,Low-trust conflict,Lower public trust and higher legislature-court conflict.,accountability-retention-court,Retention-election accountability court,court_variant,strong_form_court,pipeline,federal/circuit_panel,1911,1911,85203,83292,1.000,0.022,0.880,0.718,0.061,0.355,0.339,0.633,0.570,0.269,0.237,0.275,0.668,0.581,2.000,0.461,0.508,0.658,0.244,0.451,0.518,0.427,0.352,0.588,0.616,0.401,0.627,0.784,0.415,0.251,0.139,0.260,0.418,0.176,0.061,0.276,0.016,0.952,0.890,0.731,0.321,0.675,0.452,0.391,0.435,0.538,0.475
low-trust-conflict,Low-trust conflict,Lower public trust and higher legislature-court conflict.,accountability-retention-court,Retention-election accountability court,court_variant,strong_form_court,pipeline,federal/district_only,497,497,22364,21867,1.000,0.022,0.889,0.713,0.079,0.233,0.268,0.744,0.654,0.271,0.138,0.436,0.574,0.496,1.000,0.463,0.483,0.656,0.242,0.447,0.511,0.431,0.354,0.591,0.616,0.392,0.628,0.783,0.431,0.278,0.111,0.247,0.398,0.187,0.042,0.288,0.013,0.956,0.898,0.719,0.319,0.629,0.452,0.380,0.395,0.529,0.457
low-trust-conflict,Low-trust conflict,Lower public trust and higher legislature-court conflict.,accountability-retention-court,Retention-election accountability court,court_variant,strong_form_court,pipeline,federal/state_federal_split,164,164,6929,6765,1.000,0.024,0.881,0.735,0.042,0.211,0.327,0.737,0.842,0.105,0.286,0.105,0.964,0.681,3.000,0.592,0.595,0.663,0.259,0.461,0.520,0.405,0.365,0.582,0.616,0.423,0.626,0.795,0.390,0.262,0.165,0.305,0.396,0.213,0.079,0.287,0.024,0.948,0.867,0.720,0.324,0.744,0.450,0.408,0.479,0.553,0.500
low-trust-conflict,Low-trust conflict,Lower public trust and higher legislature-court conflict.,accountability-retention-court,Retention-election accountability court,court_variant,strong_form_court,pipeline,mixed_state_federal/circuit_en_banc,874,874,36824,35950,1.000,0.024,0.884,0.731,0.050,0.348,0.277,0.643,0.626,0.287,0.348,0.174,0.895,0.661,3.000,0.809,0.630,0.656,0.285,0.449,0.509,0.410,0.363,0.579,0.608,0.422,0.626,0.812,0.375,0.287,0.164,0.342,0.387,0.204,0.076,0.156,0.016,0.956,0.887,0.730,0.326,0.739,0.457,0.408,0.473,0.555,0.500
low-trust-conflict,Low-trust conflict,Lower public trust and higher legislature-court conflict.,accountability-retention-court,Retention-election accountability court,court_variant,strong_form_court,pipeline,mixed_state_federal/district_only,139,139,5807,5668,1.000,0.024,0.871,0.735,0.115,0.278,0.205,0.574,0.481,0.278,0.278,0.500,0.782,0.504,1.000,0.786,0.580,0.645,0.284,0.443,0.500,0.417,0.403,0.585,0.606,0.413,0.628,0.809,0.417,0.295,0.137,0.259,0.439,0.201,0.079,0.165,0.013,0.959,0.883,0.726,0.323,0.653,0.464,0.387,0.395,0.539,0.467
low-trust-conflict,Low-trust conflict,Lower public trust and higher legislature-court conflict.,accountability-retention-court,Retention-election accountability court,court_variant,strong_form_court,pipeline,mixed_state_federal/state_federal_split,1719,1719,70870,69151,1.000,0.024,0.851,0.717,0.057,0.460,0.412,0.728,0.579,0.276,0.460,0.238,0.937,0.675,3.000,0.833,0.651,0.644,0.315,0.454,0.520,0.418,0.358,0.575,0.599,0.417,0.626,0.818,0.389,0.298,0.151,0.323,0.386,0.183,0.073,0.151,0.013,0.959,0.887,0.719,0.326,0.744,0.456,0.409,0.478,0.556,0.502
low-trust-conflict,Low-trust conflict,Lower public trust and higher legislature-court conflict.,accountability-retention-court,Retention-election accountability court,court_variant,strong_form_court,pipeline,state/circuit_en_banc,93,93,4147,4054,1.000,0.022,0.962,0.763,0.056,0.000,0.026,0.667,0.400,0.133,0.000,0.000,0.918,0.684,3.000,0.527,0.595,0.687,0.201,0.456,0.488,0.382,0.397,0.587,0.635,0.438,0.626,0.784,0.398,0.226,0.140,0.344,0.505,0.183,0.086,0.215,0.014,0.953,0.904,0.743,0.326,0.742,0.461,0.409,0.475,0.557,0.502
low-trust-conflict,Low-trust conflict,Lower public trust and higher legislature-court conflict.,accountability-retention-court,Retention-election accountability court,court_variant,strong_form_court,pipeline,state/circuit_panel,622,622,27226,26604,1.000,0.023,0.886,0.722,0.059,0.257,0.296,0.681,0.611,0.257,0.257,0.274,0.711,0.582,2.000,0.612,0.539,0.657,0.255,0.475,0.513,0.425,0.352,0.586,0.618,0.405,0.627,0.795,0.405,0.259,0.164,0.241,0.441,0.127,0.077,0.223,0.011,0.954,0.893,0.720,0.322,0.681,0.451,0.393,0.435,0.540,0.477
low-trust-conflict,Low-trust conflict,Lower public trust and higher legislature-court conflict.,accountability-retention-court,Retention-election accountability court,court_variant,strong_form_court,pipeline,state/district_only,133,133,5765,5632,1.000,0.023,0.915,0.734,0.083,0.167,0.104,0.786,0.429,0.286,0.167,0.571,0.740,0.496,1.000,0.592,0.533,0.664,0.245,0.475,0.499,0.417,0.390,0.589,0.623,0.408,0.628,0.792,0.436,0.173,0.143,0.226,0.391,0.105,0.075,0.218,0.013,0.953,0.908,0.761,0.322,0.648,0.461,0.386,0.395,0.536,0.465
low-trust-conflict,Low-trust conflict,Lower public trust and higher legislature-court conflict.,accountability-retention-court,Retention-election accountability court,court_variant,strong_form_court,pipeline,state/state_federal_split,1328,1328,55420,54092,1.000,0.024,0.868,0.718,0.055,0.433,0.358,0.672,0.557,0.244,0.433,0.254,0.910,0.670,3.000,0.640,0.602,0.653,0.280,0.472,0.520,0.420,0.356,0.579,0.610,0.415,0.626,0.801,0.399,0.262,0.155,0.284,0.399,0.166,0.081,0.187,0.014,0.956,0.891,0.734,0.325,0.738,0.455,0.407,0.477,0.553,0.500
low-trust-conflict,Low-trust conflict,Lower public trust and higher legislature-court conflict.,accountability-retention-court,Retention-election accountability court,court_variant,strong_form_court,pipeline,state/state_high_court,1278,1278,54902,53624,1.000,0.023,0.860,0.711,0.061,0.467,0.396,0.660,0.665,0.302,0.467,0.264,0.712,0.591,2.000,0.599,0.545,0.649,0.275,0.474,0.522,0.432,0.343,0.584,0.611,0.397,0.627,0.797,0.375,0.292,0.171,0.275,0.403,0.162,0.078,0.203,0.014,0.955,0.889,0.721,0.322,0.680,0.450,0.393,0.440,0.539,0.478
low-trust-conflict,Low-trust conflict,Lower public trust and higher legislature-court conflict.,independence-accountability-hybrid,Hybrid court balancing independence and accountability,court_variant,strong_form_court,pipeline,federal/circuit_en_banc,842,842,37163,36321,1.000,0.023,0.944,0.744,0.002,0.290,0.233,0.882,0.710,0.097,0.224,1.000,0.824,0.663,3.000,0.437,0.548,0.702,0.207,0.449,0.521,0.408,0.373,0.570,0.634,0.444,0.624,0.788,0.417,0.220,0.159,0.299,0.475,0.195,0.080,0.363,0.018,0.948,0.896,0.693,0.466,0.728,0.463,0.543,0.548,0.650,0.564
low-trust-conflict,Low-trust conflict,Lower public trust and higher legislature-court conflict.,independence-accountability-hybrid,Hybrid court balancing independence and accountability,court_variant,strong_form_court,pipeline,federal/circuit_panel,1911,1911,85779,83868,1.000,0.022,0.910,0.741,0.003,0.417,0.403,0.902,0.715,0.106,0.298,1.000,0.668,0.581,2.000,0.461,0.508,0.693,0.227,0.452,0.531,0.427,0.352,0.574,0.630,0.428,0.625,0.791,0.456,0.221,0.148,0.253,0.450,0.170,0.073,0.354,0.017,0.951,0.897,0.697,0.454,0.675,0.449,0.521,0.496,0.630,0.535
low-trust-conflict,Low-trust conflict,Lower public trust and higher legislature-court conflict.,independence-accountability-hybrid,Hybrid court balancing independence and accountability,court_variant,strong_form_court,pipeline,federal/district_only,497,497,22507,22010,1.000,0.022,0.912,0.735,0.006,0.330,0.360,0.903,0.680,0.214,0.304,1.000,0.574,0.496,1.000,0.463,0.483,0.691,0.226,0.446,0.528,0.431,0.354,0.578,0.628,0.417,0.626,0.789,0.475,0.215,0.133,0.245,0.406,0.151,0.060,0.290,0.016,0.954,0.904,0.701,0.446,0.630,0.445,0.505,0.448,0.617,0.512
low-trust-conflict,Low-trust conflict,Lower public trust and higher legislature-court conflict.,independence-accountability-hybrid,Hybrid court balancing independence and accountability,court_variant,strong_form_court,pipeline,federal/state_federal_split,164,164,6985,6821,1.000,0.023,0.913,0.750,0.001,0.625,0.366,0.875,0.750,0.125,0.714,1.000,0.964,0.681,3.000,0.592,0.595,0.694,0.244,0.451,0.530,0.405,0.365,0.565,0.626,0.451,0.623,0.803,0.476,0.226,0.128,0.274,0.476,0.171,0.067,0.354,0.027,0.943,0.870,0.699,0.470,0.744,0.460,0.550,0.562,0.653,0.570
low-trust-conflict,Low-trust conflict,Lower public trust and higher legislature-court conflict.,independence-accountability-hybrid,Hybrid court balancing independence and accountability,court_variant,strong_form_court,pipeline,mixed_state_federal/circuit_en_banc,874,874,36944,36070,1.000,0.024,0.918,0.744,0.002,0.449,0.319,0.899,0.742,0.169,0.449,1.000,0.895,0.661,3.000,0.809,0.630,0.685,0.268,0.445,0.520,0.410,0.363,0.563,0.619,0.448,0.623,0.820,0.420,0.254,0.146,0.288,0.442,0.178,0.073,0.160,0.017,0.952,0.892,0.698,0.470,0.739,0.467,0.549,0.553,0.655,0.570
low-trust-conflict,Low-trust conflict,Lower public trust and higher legislature-court conflict.,independence-accountability-hybrid,Hybrid court balancing independence and accountability,court_variant,strong_form_court,pipeline,mixed_state_federal/district_only,139,139,5853,5714,1.000,0.024,0.921,0.750,0.013,0.378,0.216,0.889,0.778,0.178,0.378,1.000,0.782,0.504,1.000,0.786,0.580,0.687,0.254,0.446,0.512,0.417,0.403,0.570,0.623,0.433,0.625,0.815,0.475,0.245,0.108,0.281,0.468,0.158,0.058,0.216,0.016,0.949,0.887,0.703,0.465,0.654,0.470,0.526,0.475,0.638,0.535
low-trust-conflict,Low-trust conflict,Lower public trust and higher legislature-court conflict.,independence-accountability-hybrid,Hybrid court balancing independence and accountability,court_variant,strong_form_court,pipeline,mixed_state_federal/state_federal_split,1719,1719,71308,69589,1.000,0.024,0.889,0.736,0.003,0.584,0.458,0.857,0.740,0.143,0.584,1.000,0.937,0.675,3.000,0.833,0.651,0.676,0.293,0.445,0.530,0.418,0.358,0.560,0.611,0.449,0.623,0.825,0.421,0.265,0.156,0.290,0.432,0.180,0.077,0.154,0.015,0.956,0.893,0.690,0.471,0.744,0.465,0.550,0.560,0.655,0.572
low-trust-conflict,Low-trust conflict,Lower public trust and higher legislature-court conflict.,independence-accountability-hybrid,Hybrid court balancing independence and accountability,court_variant,strong_form_court,pipeline,state/circuit_en_banc,93,93,4189,4096,1.000,0.022,0.991,0.766,0.000,0.000,0.022,1.000,0.429,0.143,0.000,1.000,0.918,0.684,3.000,0.527,0.595,0.718,0.187,0.452,0.498,0.381,0.397,0.570,0.643,0.455,0.623,0.792,0.462,0.215,0.118,0.301,0.548,0.194,0.043,0.366,0.013,0.948,0.916,0.708,0.472,0.743,0.468,0.551,0.560,0.658,0.573
low-trust-conflict,Low-trust conflict,Lower public trust and higher legislature-court conflict.,independence-accountability-hybrid,Hybrid court balancing independence and accountability,court_variant,strong_form_court,pipeline,state/circuit_panel,622,622,27488,26866,1.000,0.023,0.910,0.740,0.003,0.429,0.373,0.889,0.698,0.079,0.429,1.000,0.711,0.582,2.000,0.612,0.539,0.688,0.244,0.466,0.528,0.425,0.352,0.571,0.628,0.430,0.625,0.803,0.408,0.251,0.167,0.243,0.474,0.146,0.069,0.209,0.012,0.953,0.898,0.695,0.457,0.681,0.450,0.525,0.502,0.633,0.539
low-trust-conflict,Low-trust conflict,Lower public trust and higher legislature-court conflict.,independence-accountability-hybrid,Hybrid court balancing independence and accountability,court_variant,strong_form_court,pipeline,state/district_only,133,133,5730,5597,1.000,0.023,0.940,0.740,0.009,0.239,0.150,0.891,0.587,0.130,0.239,1.000,0.740,0.496,1.000,0.592,0.533,0.695,0.225,0.469,0.512,0.418,0.390,0.574,0.632,0.429,0.625,0.799,0.406,0.233,0.120,0.248,0.421,0.158,0.060,0.271,0.012,0.950,0.910,0.734,0.463,0.647,0.471,0.523,0.470,0.636,0.532
low-trust-conflict,Low-trust conflict,Lower public trust and higher legislature-court conflict.,independence-accountability-hybrid,Hybrid court balancing independence and accountability,court_variant,strong_form_court,pipeline,state/state_federal_split,1328,1328,55730,54402,1.000,0.024,0.899,0.742,0.003,0.528,0.428,0.878,0.715,0.195,0.528,1.000,0.910,0.670,3.000,0.640,0.602,0.684,0.262,0.457,0.532,0.420,0.356,0.564,0.621,0.446,0.623,0.809,0.423,0.246,0.169,0.282,0.429,0.183,0.077,0.200,0.015,0.953,0.894,0.703,0.469,0.738,0.464,0.548,0.557,0.652,0.569
low-trust-conflict,Low-trust conflict,Lower public trust and higher legislature-court conflict.,independence-accountability-hybrid,Hybrid court balancing independence and accountability,court_variant,strong_form_court,pipeline,state/state_high_court,1278,1278,55455,54177,1.000,0.023,0.891,0.737,0.002,0.556,0.480,0.879,0.758,0.061,0.556,1.000,0.712,0.591,2.000,0.599,0.545,0.684,0.257,0.462,0.536,0.432,0.343,0.570,0.624,0.427,0.625,0.804,0.428,0.253,0.160,0.269,0.450,0.164,0.083,0.212,0.017,0.955,0.897,0.688,0.458,0.681,0.449,0.526,0.508,0.633,0.539
low-trust-conflict,Low-trust conflict,Lower public trust and higher legislature-court conflict.,weak-form-review,Weak-form review with legislative reply,synthetic_mechanism,weak_form_review,pipeline,federal/circuit_en_banc,842,842,955,113,1.000,0.882,0.972,0.725,0.048,0.328,0.000,0.672,0.698,0.207,0.235,0.233,0.824,0.663,3.000,0.437,0.548,0.691,0.193,0.465,0.546,0.517,0.373,0.617,0.663,0.205,0.661,0.815,0.463,0.166,0.135,0.271,0.493,0.156,0.045,0.386,0.026,0.651,0.690,0.603,0.313,0.432,0.296,0.329,0.431,0.416,0.372
low-trust-conflict,Low-trust conflict,Lower public trust and higher legislature-court conflict.,weak-form-review,Weak-form review with legislative reply,synthetic_mechanism,weak_form_review,pipeline,federal/circuit_panel,1911,1911,2210,299,1.000,0.865,0.960,0.708,0.063,0.420,0.000,0.711,0.669,0.274,0.312,0.314,0.668,0.581,2.000,0.461,0.508,0.679,0.200,0.469,0.567,0.535,0.352,0.620,0.661,0.166,0.662,0.817,0.479,0.183,0.139,0.246,0.487,0.129,0.054,0.367,0.026,0.644,0.680,0.597,0.310,0.379,0.293,0.315,0.397,0.407,0.353
low-trust-conflict,Low-trust conflict,Lower public trust and higher legislature-court conflict.,weak-form-review,Weak-form review with legislative reply,synthetic_mechanism,weak_form_review,pipeline,federal/district_only,497,497,594,97,1.000,0.837,0.957,0.708,0.072,0.296,0.000,0.765,0.757,0.243,0.233,0.409,0.574,0.496,1.000,0.463,0.483,0.681,0.201,0.468,0.563,0.537,0.354,0.623,0.662,0.155,0.662,0.816,0.443,0.199,0.129,0.243,0.483,0.121,0.048,0.419,0.024,0.633,0.664,0.581,0.308,0.334,0.291,0.304,0.359,0.397,0.334
low-trust-conflict,Low-trust conflict,Lower public trust and higher legislature-court conflict.,weak-form-review,Weak-form review with legislative reply,synthetic_mechanism,weak_form_review,pipeline,federal/state_federal_split,164,164,186,22,1.000,0.882,0.969,0.728,0.044,0.227,0.000,0.727,0.864,0.091,0.250,0.136,0.964,0.681,3.000,0.592,0.595,0.683,0.213,0.478,0.566,0.514,0.365,0.614,0.662,0.191,0.660,0.828,0.433,0.213,0.134,0.293,0.494,0.146,0.073,0.366,0.043,0.656,0.681,0.591,0.314,0.450,0.296,0.333,0.441,0.422,0.379
low-trust-conflict,Low-trust conflict,Lower public trust and higher legislature-court conflict.,weak-form-review,Weak-form review with legislative reply,synthetic_mechanism,weak_form_review,pipeline,mixed_state_federal/circuit_en_banc,874,874,1022,148,1.000,0.855,0.955,0.718,0.062,0.356,0.000,0.685,0.745,0.262,0.356,0.174,0.895,0.661,3.000,0.809,0.630,0.672,0.249,0.461,0.549,0.517,0.363,0.610,0.649,0.202,0.660,0.846,0.467,0.207,0.129,0.269,0.460,0.146,0.049,0.196,0.026,0.649,0.670,0.591,0.315,0.447,0.303,0.333,0.433,0.423,0.379
low-trust-conflict,Low-trust conflict,Lower public trust and higher legislature-court conflict.,weak-form-review,Weak-form review with legislative reply,synthetic_mechanism,weak_form_review,pipeline,mixed_state_federal/district_only,139,139,199,60,1.000,0.698,0.929,0.713,0.131,0.349,0.000,0.825,0.730,0.190,0.349,0.508,0.782,0.504,1.000,0.786,0.580,0.669,0.269,0.455,0.539,0.508,0.403,0.613,0.640,0.207,0.662,0.846,0.453,0.245,0.101,0.237,0.439,0.165,0.036,0.209,0.024,0.634,0.657,0.574,0.312,0.368,0.318,0.314,0.357,0.409,0.349
low-trust-conflict,Low-trust conflict,Lower public trust and higher legislature-court conflict.,weak-form-review,Weak-form review with legislative reply,synthetic_mechanism,weak_form_review,pipeline,mixed_state_federal/state_federal_split,1719,1719,1966,247,1.000,0.874,0.952,0.699,0.055,0.518,0.000,0.713,0.633,0.295,0.518,0.243,0.937,0.675,3.000,0.833,0.651,0.661,0.253,0.473,0.574,0.527,0.358,0.609,0.647,0.179,0.660,0.849,0.472,0.204,0.131,0.284,0.449,0.148,0.056,0.187,0.026,0.651,0.666,0.588,0.315,0.452,0.300,0.334,0.443,0.427,0.381
low-trust-conflict,Low-trust conflict,Lower public trust and higher legislature-court conflict.,weak-form-review,Weak-form review with legislative reply,synthetic_mechanism,weak_form_review,pipeline,state/circuit_en_banc,93,93,110,17,1.000,0.845,0.980,0.765,0.062,0.000,0.000,0.647,0.588,0.353,0.000,0.000,0.918,0.684,3.000,0.527,0.595,0.704,0.203,0.453,0.495,0.488,0.397,0.615,0.664,0.257,0.660,0.822,0.581,0.161,0.118,0.237,0.419,0.247,0.022,0.280,0.017,0.632,0.699,0.612,0.315,0.447,0.303,0.334,0.428,0.417,0.377
low-trust-conflict,Low-trust conflict,Lower public trust and higher legislature-court conflict.,weak-form-review,Weak-form review with legislative reply,synthetic_mechanism,weak_form_review,pipeline,state/circuit_panel,622,622,714,92,1.000,0.871,0.960,0.711,0.053,0.416,0.000,0.772,0.673,0.238,0.416,0.356,0.711,0.582,2.000,0.612,0.539,0.679,0.216,0.489,0.562,0.533,0.352,0.618,0.662,0.171,0.661,0.828,0.473,0.182,0.133,0.249,0.463,0.095,0.058,0.288,0.021,0.638,0.672,0.587,0.311,0.386,0.292,0.317,0.398,0.408,0.354
low-trust-conflict,Low-trust conflict,Lower public trust and higher legislature-court conflict.,weak-form-review,Weak-form review with legislative reply,synthetic_mechanism,weak_form_review,pipeline,state/district_only,133,133,179,46,1.000,0.743,0.955,0.725,0.097,0.213,0.000,0.809,0.723,0.213,0.213,0.511,0.740,0.496,1.000,0.592,0.533,0.691,0.221,0.484,0.524,0.514,0.390,0.619,0.661,0.191,0.662,0.827,0.444,0.150,0.180,0.226,0.444,0.128,0.090,0.263,0.018,0.600,0.650,0.580,0.311,0.358,0.307,0.311,0.357,0.405,0.344
low-trust-conflict,Low-trust conflict,Lower public trust and higher legislature-court conflict.,weak-form-review,Weak-form review with legislative reply,synthetic_mechanism,weak_form_review,pipeline,state/state_federal_split,1328,1328,1528,200,1.000,0.869,0.958,0.707,0.056,0.485,0.000,0.711,0.681,0.250,0.485,0.270,0.910,0.670,3.000,0.640,0.602,0.670,0.226,0.487,0.572,0.528,0.356,0.612,0.656,0.181,0.660,0.833,0.505,0.164,0.139,0.257,0.462,0.145,0.063,0.231,0.025,0.649,0.678,0.597,0.314,0.446,0.299,0.332,0.440,0.423,0.378
low-trust-conflict,Low-trust conflict,Lower public trust and higher legislature-court conflict.,weak-form-review,Weak-form review with legislative reply,synthetic_mechanism,weak_form_review,pipeline,state/state_high_court,1278,1278,1442,164,1.000,0.886,0.958,0.699,0.053,0.492,0.000,0.738,0.717,0.251,0.492,0.298,0.712,0.591,2.000,0.599,0.545,0.670,0.218,0.493,0.581,0.541,0.343,0.617,0.660,0.152,0.661,0.828,0.458,0.182,0.138,0.248,0.459,0.116,0.054,0.264,0.026,0.644,0.669,0.589,0.311,0.386,0.291,0.317,0.406,0.410,0.356
low-trust-conflict,Low-trust conflict,Lower public trust and higher legislature-court conflict.,suspended-declaration-review,Suspended declarations of invalidity,synthetic_mechanism,suspended_declaration,pipeline,federal/circuit_en_banc,842,842,930,88,1.000,0.905,0.947,0.712,0.003,0.375,0.324,0.875,0.659,0.102,0.318,1.000,0.824,0.663,3.000,0.437,0.548,0.701,0.224,0.473,0.556,0.519,0.373,0.607,0.646,0.238,0.606,0.892,0.463,0.207,0.171,0.259,0.475,0.181,0.084,0.335,0.016,0.963,0.907,0.712,0.332,0.485,0.298,0.359,0.439,0.459,0.396
low-trust-conflict,Low-trust conflict,Lower public trust and higher legislature-court conflict.,suspended-declaration-review,Suspended declarations of invalidity,synthetic_mechanism,suspended_declaration,pipeline,federal/circuit_panel,1911,1911,2132,221,1.000,0.896,0.925,0.692,0.003,0.435,0.483,0.879,0.668,0.103,0.289,1.000,0.668,0.581,2.000,0.461,0.508,0.698,0.245,0.482,0.581,0.538,0.352,0.608,0.644,0.196,0.607,0.895,0.447,0.242,0.158,0.244,0.471,0.176,0.072,0.323,0.015,0.965,0.908,0.711,0.328,0.431,0.292,0.345,0.406,0.450,0.376
low-trust-conflict,Low-trust conflict,Lower public trust and higher legislature-court conflict.,suspended-declaration-review,Suspended declarations of invalidity,synthetic_mechanism,suspended_declaration,pipeline,federal/district_only,497,497,586,89,1.000,0.848,0.921,0.697,0.006,0.347,0.463,0.821,0.558,0.137,0.254,1.000,0.574,0.496,1.000,0.463,0.483,0.697,0.243,0.480,0.577,0.538,0.354,0.612,0.645,0.189,0.608,0.894,0.467,0.221,0.159,0.241,0.467,0.169,0.068,0.320,0.015,0.966,0.914,0.717,0.326,0.387,0.292,0.334,0.367,0.441,0.358
low-trust-conflict,Low-trust conflict,Lower public trust and higher legislature-court conflict.,suspended-declaration-review,Suspended declarations of invalidity,synthetic_mechanism,suspended_declaration,pipeline,federal/state_federal_split,164,164,183,19,1.000,0.896,0.923,0.701,0.003,0.368,0.463,1.000,0.789,0.053,0.389,1.000,0.964,0.681,3.000,0.592,0.595,0.696,0.266,0.483,0.579,0.515,0.365,0.601,0.640,0.227,0.606,0.908,0.415,0.256,0.201,0.280,0.506,0.171,0.079,0.293,0.022,0.963,0.888,0.713,0.331,0.503,0.298,0.363,0.449,0.465,0.403
low-trust-conflict,Low-trust conflict,Lower public trust and higher legislature-court conflict.,suspended-declaration-review,Suspended declarations of invalidity,synthetic_mechanism,suspended_declaration,pipeline,mixed_state_federal/circuit_en_banc,874,874,968,94,1.000,0.903,0.924,0.691,0.003,0.468,0.412,0.862,0.734,0.128,0.468,1.000,0.895,0.661,3.000,0.809,0.630,0.684,0.287,0.474,0.564,0.521,0.363,0.599,0.630,0.231,0.606,0.924,0.420,0.251,0.173,0.303,0.390,0.203,0.092,0.166,0.015,0.969,0.906,0.711,0.333,0.499,0.302,0.363,0.443,0.466,0.402
low-trust-conflict,Low-trust conflict,Lower public trust and higher legislature-court conflict.,suspended-declaration-review,Suspended declarations of invalidity,synthetic_mechanism,suspended_declaration,pipeline,mixed_state_federal/district_only,139,139,191,52,1.000,0.728,0.921,0.703,0.016,0.385,0.324,0.846,0.577,0.346,0.385,1.000,0.782,0.504,1.000,0.786,0.580,0.681,0.273,0.464,0.548,0.512,0.403,0.606,0.629,0.242,0.607,0.919,0.439,0.288,0.094,0.223,0.489,0.201,0.043,0.158,0.014,0.964,0.895,0.709,0.330,0.420,0.315,0.344,0.365,0.451,0.372
low-trust-conflict,Low-trust conflict,Lower public trust and higher legislature-court conflict.,suspended-declaration-review,Suspended declarations of invalidity,synthetic_mechanism,suspended_declaration,pipeline,mixed_state_federal/state_federal_split,1719,1719,1890,171,1.000,0.910,0.905,0.663,0.003,0.596,0.564,0.854,0.649,0.094,0.596,1.000,0.937,0.675,3.000,0.833,0.651,0.681,0.316,0.487,0.590,0.529,0.358,0.596,0.624,0.208,0.606,0.930,0.411,0.272,0.180,0.298,0.428,0.179,0.106,0.151,0.013,0.972,0.906,0.709,0.333,0.504,0.300,0.364,0.452,0.470,0.405
low-trust-conflict,Low-trust conflict,Lower public trust and higher legislature-court conflict.,suspended-declaration-review,Suspended declarations of invalidity,synthetic_mechanism,suspended_declaration,pipeline,state/circuit_en_banc,93,93,99,6,1.000,0.939,0.989,0.765,0.000,0.000,0.032,1.000,0.667,0.000,0.000,1.000,0.918,0.684,3.000,0.527,0.595,0.708,0.189,0.454,0.497,0.495,0.397,0.611,0.654,0.291,0.606,0.892,0.409,0.226,0.172,0.280,0.473,0.269,0.043,0.247,0.009,0.965,0.929,0.745,0.332,0.497,0.296,0.362,0.436,0.456,0.398
low-trust-conflict,Low-trust conflict,Lower public trust and higher legislature-court conflict.,suspended-declaration-review,Suspended declarations of invalidity,synthetic_mechanism,suspended_declaration,pipeline,state/circuit_panel,622,622,674,52,1.000,0.923,0.924,0.695,0.002,0.415,0.463,0.755,0.528,0.094,0.415,1.000,0.711,0.582,2.000,0.612,0.539,0.694,0.263,0.498,0.577,0.537,0.352,0.606,0.643,0.201,0.607,0.907,0.429,0.215,0.175,0.248,0.461,0.159,0.087,0.220,0.011,0.968,0.913,0.705,0.329,0.437,0.290,0.347,0.407,0.451,0.377
low-trust-conflict,Low-trust conflict,Lower public trust and higher legislature-court conflict.,suspended-declaration-review,Suspended declarations of invalidity,synthetic_mechanism,suspended_declaration,pipeline,state/district_only,133,133,173,40,1.000,0.769,0.931,0.718,0.010,0.325,0.301,0.975,0.700,0.225,0.325,1.000,0.740,0.496,1.000,0.592,0.533,0.696,0.242,0.494,0.549,0.517,0.390,0.610,0.644,0.228,0.608,0.902,0.376,0.271,0.203,0.248,0.406,0.195,0.113,0.256,0.009,0.969,0.928,0.734,0.328,0.410,0.307,0.341,0.364,0.447,0.367
low-trust-conflict,Low-trust conflict,Lower public trust and higher legislature-court conflict.,suspended-declaration-review,Suspended declarations of invalidity,synthetic_mechanism,suspended_declaration,pipeline,state/state_federal_split,1328,1328,1449,121,1.000,0.916,0.915,0.681,0.003,0.628,0.526,0.818,0.694,0.107,0.628,1.000,0.910,0.670,3.000,0.640,0.602,0.689,0.284,0.497,0.588,0.532,0.356,0.600,0.635,0.210,0.606,0.913,0.411,0.273,0.163,0.291,0.428,0.191,0.090,0.209,0.013,0.969,0.909,0.720,0.332,0.497,0.298,0.362,0.449,0.466,0.402
low-trust-conflict,Low-trust conflict,Lower public trust and higher legislature-court conflict.,suspended-declaration-review,Suspended declarations of invalidity,synthetic_mechanism,suspended_declaration,pipeline,state/state_high_court,1278,1278,1405,127,1.000,0.910,0.908,0.675,0.003,0.577,0.581,0.892,0.685,0.123,0.577,1.000,0.712,0.591,2.000,0.599,0.545,0.690,0.282,0.503,0.597,0.543,0.343,0.604,0.638,0.182,0.607,0.909,0.427,0.257,0.169,0.254,0.433,0.163,0.090,0.189,0.014,0.969,0.910,0.702,0.329,0.438,0.291,0.347,0.415,0.454,0.380
low-trust-conflict,Low-trust conflict,Lower public trust and higher legislature-court conflict.,override-clause-review,Strong-form review with explicit override clause,synthetic_mechanism,legislative_override_clause,pipeline,federal/circuit_en_banc,842,842,7627,6785,1.000,0.110,0.916,0.739,0.065,0.338,0.278,0.689,0.576,0.291,0.245,0.192,0.824,0.663,3.000,0.437,0.548,0.672,0.216,0.446,0.512,0.419,0.373,0.599,0.623,0.392,0.614,0.920,0.442,0.228,0.144,0.293,0.439,0.208,0.059,0.325,0.015,0.960,0.903,0.731,0.313,0.618,0.361,0.370,0.451,0.492,0.439
low-trust-conflict,Low-trust conflict,Lower public trust and higher legislature-court conflict.,override-clause-review,Strong-form review with explicit override clause,synthetic_mechanism,legislative_override_clause,pipeline,federal/circuit_panel,1911,1911,17571,15660,1.000,0.109,0.882,0.732,0.066,0.445,0.448,0.707,0.603,0.284,0.322,0.284,0.668,0.581,2.000,0.461,0.508,0.667,0.229,0.446,0.521,0.438,0.352,0.602,0.619,0.367,0.615,0.922,0.431,0.238,0.160,0.264,0.432,0.180,0.075,0.300,0.015,0.963,0.904,0.733,0.310,0.565,0.355,0.356,0.416,0.480,0.418
low-trust-conflict,Low-trust conflict,Lower public trust and higher legislature-court conflict.,override-clause-review,Strong-form review with explicit override clause,synthetic_mechanism,legislative_override_clause,pipeline,federal/district_only,497,497,4619,4122,1.000,0.108,0.872,0.730,0.093,0.443,0.431,0.664,0.649,0.305,0.352,0.374,0.574,0.496,1.000,0.463,0.483,0.661,0.235,0.441,0.518,0.441,0.354,0.604,0.616,0.355,0.616,0.922,0.400,0.241,0.179,0.235,0.455,0.177,0.068,0.302,0.014,0.965,0.909,0.735,0.308,0.519,0.356,0.345,0.376,0.471,0.400
low-trust-conflict,Low-trust conflict,Lower public trust and higher legislature-court conflict.,override-clause-review,Strong-form review with explicit override clause,synthetic_mechanism,legislative_override_clause,pipeline,federal/state_federal_split,164,164,1410,1246,1.000,0.116,0.880,0.739,0.060,0.448,0.455,0.621,0.621,0.414,0.520,0.276,0.964,0.681,3.000,0.592,0.595,0.670,0.247,0.445,0.523,0.416,0.365,0.595,0.616,0.385,0.614,0.934,0.421,0.293,0.140,0.274,0.476,0.140,0.055,0.335,0.025,0.956,0.880,0.713,0.313,0.633,0.359,0.373,0.460,0.496,0.444
low-trust-conflict,Low-trust conflict,Lower public trust and higher legislature-court conflict.,override-clause-review,Strong-form review with explicit override clause,synthetic_mechanism,legislative_override_clause,pipeline,mixed_state_federal/circuit_en_banc,874,874,7574,6700,1.000,0.115,0.889,0.736,0.055,0.357,0.366,0.636,0.659,0.256,0.357,0.194,0.895,0.661,3.000,0.809,0.630,0.659,0.271,0.441,0.511,0.422,0.363,0.593,0.610,0.391,0.614,0.950,0.396,0.300,0.144,0.304,0.392,0.207,0.073,0.162,0.014,0.965,0.901,0.730,0.315,0.629,0.362,0.373,0.454,0.497,0.443
low-trust-conflict,Low-trust conflict,Lower public trust and higher legislature-court conflict.,override-clause-review,Strong-form review with explicit override clause,synthetic_mechanism,legislative_override_clause,pipeline,mixed_state_federal/district_only,139,139,1187,1048,1.000,0.117,0.858,0.737,0.137,0.403,0.349,0.726,0.645,0.323,0.403,0.516,0.782,0.504,1.000,0.786,0.580,0.644,0.285,0.441,0.507,0.428,0.403,0.597,0.603,0.378,0.616,0.949,0.446,0.245,0.173,0.288,0.468,0.151,0.079,0.122,0.013,0.964,0.895,0.733,0.311,0.543,0.372,0.352,0.376,0.482,0.411
low-trust-conflict,Low-trust conflict,Lower public trust and higher legislature-court conflict.,override-clause-review,Strong-form review with explicit override clause,synthetic_mechanism,legislative_override_clause,pipeline,mixed_state_federal/state_federal_split,1719,1719,14564,12845,1.000,0.118,0.860,0.724,0.057,0.593,0.516,0.645,0.609,0.367,0.593,0.258,0.937,0.675,3.000,0.833,0.651,0.655,0.290,0.439,0.521,0.430,0.358,0.590,0.602,0.380,0.614,0.954,0.399,0.298,0.147,0.309,0.392,0.197,0.079,0.140,0.013,0.967,0.901,0.721,0.315,0.634,0.360,0.374,0.461,0.499,0.445
low-trust-conflict,Low-trust conflict,Lower public trust and higher legislature-court conflict.,override-clause-review,Strong-form review with explicit override clause,synthetic_mechanism,legislative_override_clause,pipeline,state/circuit_en_banc,93,93,860,767,1.000,0.108,0.971,0.765,0.055,0.000,0.013,0.800,0.667,0.267,0.000,0.000,0.918,0.684,3.000,0.527,0.595,0.683,0.202,0.452,0.487,0.392,0.397,0.600,0.633,0.418,0.614,0.923,0.473,0.204,0.140,0.269,0.495,0.194,0.043,0.333,0.008,0.964,0.924,0.748,0.315,0.633,0.364,0.374,0.453,0.496,0.444
low-trust-conflict,Low-trust conflict,Lower public trust and higher legislature-court conflict.,override-clause-review,Strong-form review with explicit override clause,synthetic_mechanism,legislative_override_clause,pipeline,state/circuit_panel,622,622,5629,5007,1.000,0.110,0.886,0.733,0.054,0.429,0.411,0.745,0.592,0.347,0.429,0.337,0.711,0.582,2.000,0.612,0.539,0.667,0.242,0.460,0.518,0.435,0.352,0.600,0.620,0.367,0.615,0.933,0.416,0.272,0.148,0.273,0.424,0.185,0.069,0.198,0.011,0.964,0.907,0.722,0.310,0.571,0.354,0.357,0.418,0.482,0.420
low-trust-conflict,Low-trust conflict,Lower public trust and higher legislature-court conflict.,override-clause-review,Strong-form review with explicit override clause,synthetic_mechanism,legislative_override_clause,pipeline,state/district_only,133,133,1175,1042,1.000,0.113,0.888,0.738,0.113,0.264,0.252,0.717,0.623,0.245,0.264,0.509,0.740,0.496,1.000,0.592,0.533,0.656,0.251,0.465,0.507,0.428,0.390,0.601,0.617,0.377,0.616,0.933,0.406,0.316,0.113,0.316,0.398,0.158,0.038,0.195,0.012,0.966,0.921,0.762,0.311,0.537,0.369,0.351,0.374,0.478,0.408
low-trust-conflict,Low-trust conflict,Lower public trust and higher legislature-court conflict.,override-clause-review,Strong-form review with explicit override clause,synthetic_mechanism,legislative_override_clause,pipeline,state/state_federal_split,1328,1328,11299,9971,1.000,0.118,0.872,0.730,0.064,0.563,0.475,0.649,0.626,0.293,0.563,0.266,0.910,0.670,3.000,0.640,0.602,0.661,0.261,0.447,0.522,0.431,0.356,0.594,0.611,0.379,0.614,0.938,0.402,0.255,0.175,0.306,0.416,0.175,0.073,0.185,0.013,0.965,0.904,0.737,0.314,0.628,0.360,0.372,0.458,0.495,0.442
low-trust-conflict,Low-trust conflict,Lower public trust and higher legislature-court conflict.,override-clause-review,Strong-form review with explicit override clause,synthetic_mechanism,legislative_override_clause,pipeline,state/state_high_court,1278,1278,11283,10005,1.000,0.113,0.866,0.727,0.058,0.580,0.512,0.668,0.684,0.326,0.580,0.280,0.712,0.591,2.000,0.599,0.545,0.662,0.254,0.452,0.524,0.443,0.343,0.599,0.615,0.359,0.615,0.934,0.387,0.269,0.180,0.290,0.432,0.165,0.082,0.207,0.014,0.966,0.905,0.721,0.310,0.570,0.353,0.357,0.423,0.482,0.420
low-trust-conflict,Low-trust conflict,Lower public trust and higher legislature-court conflict.,pre-enactment-review,Pre-enactment review before laws take effect,synthetic_mechanism,pre_enactment_review,pipeline,federal/circuit_en_banc,842,842,968,126,1.000,0.870,0.965,0.761,0.050,0.270,0.197,0.706,0.690,0.278,0.163,0.214,0.824,0.663,3.000,0.437,0.548,0.703,0.215,0.446,0.518,0.516,0.373,0.595,0.630,0.521,0.563,0.889,0.429,0.241,0.147,0.295,0.470,0.189,0.057,0.309,0.020,0.938,0.881,0.707,0.445,0.440,0.363,0.457,0.496,0.527,0.451
low-trust-conflict,Low-trust conflict,Lower public trust and higher legislature-court conflict.,pre-enactment-review,Pre-enactment review before laws take effect,synthetic_mechanism,pre_enactment_review,pipeline,federal/circuit_panel,1911,1911,2252,341,1.000,0.849,0.947,0.752,0.063,0.403,0.331,0.702,0.716,0.213,0.292,0.290,0.668,0.581,2.000,0.461,0.508,0.690,0.232,0.445,0.524,0.534,0.352,0.597,0.625,0.506,0.564,0.891,0.442,0.232,0.149,0.244,0.457,0.159,0.065,0.317,0.020,0.938,0.882,0.694,0.442,0.387,0.359,0.443,0.457,0.514,0.429
low-trust-conflict,Low-trust conflict,Lower public trust and higher legislature-court conflict.,pre-enactment-review,Pre-enactment review before laws take effect,synthetic_mechanism,pre_enactment_review,pipeline,federal/district_only,497,497,621,124,1.000,0.800,0.947,0.747,0.078,0.278,0.279,0.762,0.762,0.246,0.221,0.381,0.574,0.496,1.000,0.463,0.483,0.685,0.233,0.441,0.519,0.533,0.354,0.600,0.624,0.500,0.565,0.891,0.475,0.183,0.169,0.237,0.431,0.171,0.072,0.306,0.019,0.940,0.885,0.689,0.439,0.344,0.359,0.432,0.417,0.506,0.412
low-trust-conflict,Low-trust conflict,Lower public trust and higher legislature-court conflict.,pre-enactment-review,Pre-enactment review before laws take effect,synthetic_mechanism,pre_enactment_review,pipeline,federal/state_federal_split,164,164,191,27,1.000,0.859,0.950,0.765,0.059,0.333,0.312,0.778,0.630,0.296,0.409,0.148,0.964,0.681,3.000,0.592,0.595,0.693,0.249,0.450,0.524,0.513,0.365,0.590,0.624,0.529,0.563,0.903,0.470,0.238,0.140,0.250,0.366,0.183,0.079,0.348,0.031,0.938,0.856,0.696,0.445,0.458,0.363,0.461,0.503,0.529,0.456
low-trust-conflict,Low-trust conflict,Lower public trust and higher legislature-court conflict.,pre-enactment-review,Pre-enactment review before laws take effect,synthetic_mechanism,pre_enactment_review,pipeline,mixed_state_federal/circuit_en_banc,874,874,1013,139,1.000,0.863,0.948,0.758,0.057,0.345,0.252,0.691,0.655,0.281,0.345,0.187,0.895,0.661,3.000,0.809,0.630,0.684,0.274,0.441,0.514,0.518,0.363,0.588,0.616,0.525,0.563,0.920,0.418,0.268,0.151,0.326,0.418,0.195,0.073,0.150,0.018,0.941,0.875,0.694,0.447,0.452,0.368,0.461,0.499,0.531,0.456
low-trust-conflict,Low-trust conflict,Lower public trust and higher legislature-court conflict.,pre-enactment-review,Pre-enactment review before laws take effect,synthetic_mechanism,pre_enactment_review,pipeline,mixed_state_federal/district_only,139,139,196,57,1.000,0.709,0.930,0.768,0.115,0.281,0.189,0.772,0.719,0.263,0.281,0.509,0.782,0.504,1.000,0.786,0.580,0.677,0.280,0.435,0.508,0.510,0.403,0.592,0.612,0.527,0.564,0.918,0.446,0.273,0.129,0.374,0.424,0.180,0.050,0.194,0.021,0.938,0.870,0.685,0.444,0.380,0.380,0.443,0.422,0.522,0.428
low-trust-conflict,Low-trust conflict,Lower public trust and higher legislature-court conflict.,pre-enactment-review,Pre-enactment review before laws take effect,synthetic_mechanism,pre_enactment_review,pipeline,mixed_state_federal/state_federal_split,1719,1719,1984,265,1.000,0.866,0.935,0.753,0.058,0.543,0.376,0.713,0.762,0.291,0.543,0.264,0.937,0.675,3.000,0.833,0.651,0.675,0.295,0.442,0.522,0.526,0.358,0.586,0.611,0.525,0.563,0.924,0.411,0.275,0.163,0.308,0.405,0.179,0.081,0.152,0.017,0.943,0.875,0.685,0.446,0.459,0.367,0.462,0.503,0.532,0.458
low-trust-conflict,Low-trust conflict,Lower public trust and higher legislature-court conflict.,pre-enactment-review,Pre-enactment review before laws take effect,synthetic_mechanism,pre_enactment_review,pipeline,state/circuit_en_banc,93,93,115,22,1.000,0.809,0.980,0.772,0.079,0.000,0.000,0.682,0.682,0.318,0.000,0.000,0.918,0.684,3.000,0.527,0.595,0.713,0.208,0.452,0.497,0.485,0.397,0.594,0.633,0.537,0.563,0.893,0.473,0.269,0.075,0.301,0.366,0.237,0.054,0.290,0.017,0.928,0.895,0.695,0.446,0.448,0.374,0.460,0.503,0.531,0.457
low-trust-conflict,Low-trust conflict,Lower public trust and higher legislature-court conflict.,pre-enactment-review,Pre-enactment review before laws take effect,synthetic_mechanism,pre_enactment_review,pipeline,state/circuit_panel,622,622,721,99,1.000,0.863,0.948,0.753,0.057,0.392,0.298,0.755,0.794,0.284,0.392,0.235,0.711,0.582,2.000,0.612,0.539,0.687,0.248,0.466,0.521,0.532,0.352,0.595,0.625,0.508,0.564,0.903,0.418,0.214,0.150,0.268,0.445,0.158,0.064,0.203,0.013,0.940,0.880,0.687,0.442,0.394,0.358,0.445,0.461,0.516,0.432
low-trust-conflict,Low-trust conflict,Lower public trust and higher legislature-court conflict.,pre-enactment-review,Pre-enactment review before laws take effect,synthetic_mechanism,pre_enactment_review,pipeline,state/district_only,133,133,184,51,1.000,0.723,0.949,0.760,0.104,0.216,0.084,0.765,0.745,0.196,0.216,0.490,0.740,0.496,1.000,0.592,0.533,0.684,0.247,0.468,0.507,0.512,0.390,0.596,0.623,0.520,0.564,0.902,0.436,0.263,0.113,0.256,0.429,0.195,0.060,0.278,0.014,0.943,0.899,0.719,0.442,0.372,0.377,0.441,0.419,0.519,0.424
low-trust-conflict,Low-trust conflict,Lower public trust and higher legislature-court conflict.,pre-enactment-review,Pre-enactment review before laws take effect,synthetic_mechanism,pre_enactment_review,pipeline,state/state_federal_split,1328,1328,1572,244,1.000,0.845,0.940,0.757,0.064,0.463,0.360,0.742,0.668,0.279,0.463,0.266,0.910,0.670,3.000,0.640,0.602,0.681,0.267,0.457,0.524,0.526,0.356,0.589,0.619,0.524,0.563,0.908,0.424,0.288,0.130,0.284,0.419,0.184,0.070,0.202,0.017,0.943,0.880,0.700,0.446,0.454,0.368,0.461,0.502,0.530,0.456
low-trust-conflict,Low-trust conflict,Lower public trust and higher legislature-court conflict.,pre-enactment-review,Pre-enactment review before laws take effect,synthetic_mechanism,pre_enactment_review,pipeline,state/state_high_court,1278,1278,1484,206,1.000,0.861,0.939,0.751,0.058,0.498,0.395,0.734,0.792,0.256,0.498,0.275,0.712,0.591,2.000,0.599,0.545,0.682,0.259,0.464,0.527,0.539,0.343,0.594,0.623,0.504,0.564,0.903,0.438,0.237,0.151,0.260,0.433,0.173,0.067,0.210,0.019,0.941,0.881,0.684,0.442,0.394,0.359,0.445,0.465,0.515,0.432
low-trust-conflict,Low-trust conflict,Lower public trust and higher legislature-court conflict.,abstract-review-tribunal,Abstract review tribunal,synthetic_mechanism,abstract_review,pipeline,federal/circuit_en_banc,842,842,904,62,1.000,0.931,0.934,0.761,0.003,0.393,0.276,0.902,0.672,0.082,0.333,1.000,0.824,0.663,3.000,0.437,0.548,0.694,0.212,0.448,0.521,0.521,0.373,0.593,0.638,0.321,0.547,0.961,0.435,0.226,0.134,0.268,0.457,0.188,0.062,0.334,0.018,0.956,0.901,0.707,0.443,0.472,0.335,0.463,0.513,0.539,0.456
low-trust-conflict,Low-trust conflict,Lower public trust and higher legislature-court conflict.,abstract-review-tribunal,Abstract review tribunal,synthetic_mechanism,abstract_review,pipeline,federal/circuit_panel,1911,1911,2083,172,1.000,0.917,0.901,0.760,0.005,0.474,0.444,0.803,0.665,0.133,0.381,1.000,0.668,0.581,2.000,0.461,0.508,0.686,0.232,0.452,0.531,0.539,0.352,0.597,0.634,0.306,0.548,0.963,0.452,0.231,0.160,0.241,0.437,0.183,0.085,0.332,0.017,0.959,0.903,0.702,0.431,0.419,0.321,0.441,0.460,0.519,0.427
low-trust-conflict,Low-trust conflict,Lower public trust and higher legislature-court conflict.,abstract-review-tribunal,Abstract review tribunal,synthetic_mechanism,abstract_review,pipeline,federal/district_only,497,497,569,72,1.000,0.873,0.896,0.757,0.008,0.389,0.435,0.833,0.639,0.139,0.344,1.000,0.574,0.496,1.000,0.463,0.483,0.683,0.234,0.448,0.530,0.540,0.354,0.601,0.633,0.299,0.549,0.962,0.455,0.225,0.145,0.229,0.449,0.143,0.080,0.334,0.017,0.960,0.910,0.696,0.423,0.376,0.315,0.425,0.411,0.507,0.404
low-trust-conflict,Low-trust conflict,Lower public trust and higher legislature-court conflict.,abstract-review-tribunal,Abstract review tribunal,synthetic_mechanism,abstract_review,pipeline,federal/state_federal_split,164,164,171,7,1.000,0.959,0.902,0.763,0.001,0.429,0.409,0.714,0.857,0.000,0.500,1.000,0.964,0.681,3.000,0.592,0.595,0.685,0.250,0.448,0.530,0.520,0.365,0.588,0.629,0.328,0.547,0.975,0.378,0.274,0.165,0.335,0.506,0.232,0.079,0.366,0.025,0.955,0.878,0.694,0.447,0.489,0.335,0.470,0.527,0.543,0.464
low-trust-conflict,Low-trust conflict,Lower public trust and higher legislature-court conflict.,abstract-review-tribunal,Abstract review tribunal,synthetic_mechanism,abstract_review,pipeline,mixed_state_federal/circuit_en_banc,874,874,931,57,1.000,0.939,0.910,0.758,0.003,0.464,0.356,0.929,0.750,0.071,0.464,1.000,0.895,0.661,3.000,0.809,0.630,0.677,0.273,0.446,0.520,0.524,0.363,0.586,0.623,0.326,0.547,0.989,0.431,0.272,0.127,0.272,0.455,0.188,0.068,0.173,0.016,0.961,0.899,0.702,0.447,0.484,0.340,0.469,0.520,0.544,0.462
low-trust-conflict,Low-trust conflict,Lower public trust and higher legislature-court conflict.,abstract-review-tribunal,Abstract review tribunal,synthetic_mechanism,abstract_review,pipeline,mixed_state_federal/district_only,139,139,181,42,1.000,0.768,0.901,0.769,0.018,0.405,0.281,0.857,0.762,0.048,0.405,1.000,0.782,0.504,1.000,0.786,0.580,0.676,0.264,0.441,0.514,0.516,0.403,0.592,0.623,0.325,0.548,0.986,0.475,0.237,0.108,0.252,0.410,0.216,0.029,0.194,0.013,0.959,0.894,0.707,0.441,0.411,0.349,0.448,0.441,0.533,0.432
low-trust-conflict,Low-trust conflict,Lower public trust and higher legislature-court conflict.,abstract-review-tribunal,Abstract review tribunal,synthetic_mechanism,abstract_review,pipeline,mixed_state_federal/state_federal_split,1719,1719,1822,103,1.000,0.943,0.879,0.749,0.003,0.578,0.511,0.853,0.657,0.118,0.578,1.000,0.937,0.675,3.000,0.833,0.651,0.668,0.299,0.444,0.531,0.532,0.358,0.583,0.615,0.328,0.547,0.993,0.394,0.280,0.162,0.304,0.409,0.190,0.077,0.152,0.014,0.965,0.899,0.703,0.448,0.491,0.340,0.471,0.526,0.545,0.465
low-trust-conflict,Low-trust conflict,Lower public trust and higher legislature-court conflict.,abstract-review-tribunal,Abstract review tribunal,synthetic_mechanism,abstract_review,pipeline,state/circuit_en_banc,93,93,101,8,1.000,0.921,0.991,0.772,0.001,0.000,0.011,0.875,0.750,0.000,0.000,1.000,0.918,0.684,3.000,0.527,0.595,0.707,0.186,0.452,0.493,0.494,0.397,0.595,0.647,0.330,0.547,0.963,0.387,0.269,0.151,0.290,0.376,0.204,0.032,0.215,0.012,0.955,0.917,0.713,0.448,0.479,0.343,0.469,0.527,0.543,0.464
low-trust-conflict,Low-trust conflict,Lower public trust and higher legislature-court conflict.,abstract-review-tribunal,Abstract review tribunal,synthetic_mechanism,abstract_review,pipeline,state/circuit_panel,622,622,658,36,1.000,0.945,0.900,0.761,0.003,0.472,0.428,0.861,0.833,0.111,0.472,1.000,0.711,0.582,2.000,0.612,0.539,0.682,0.250,0.463,0.529,0.538,0.352,0.594,0.633,0.307,0.548,0.975,0.453,0.223,0.162,0.244,0.458,0.148,0.076,0.227,0.013,0.960,0.905,0.693,0.434,0.426,0.322,0.446,0.468,0.523,0.431
low-trust-conflict,Low-trust conflict,Lower public trust and higher legislature-court conflict.,abstract-review-tribunal,Abstract review tribunal,synthetic_mechanism,abstract_review,pipeline,state/district_only,133,133,168,35,1.000,0.792,0.921,0.776,0.014,0.257,0.226,0.800,0.829,0.171,0.257,1.000,0.740,0.496,1.000,0.592,0.533,0.688,0.233,0.474,0.515,0.519,0.390,0.596,0.639,0.316,0.548,0.971,0.489,0.233,0.128,0.271,0.436,0.248,0.060,0.278,0.012,0.960,0.919,0.732,0.439,0.403,0.344,0.445,0.436,0.529,0.428
low-trust-conflict,Low-trust conflict,Lower public trust and higher legislature-court conflict.,abstract-review-tribunal,Abstract review tribunal,synthetic_mechanism,abstract_review,pipeline,state/state_federal_split,1328,1328,1404,76,1.000,0.946,0.888,0.755,0.003,0.553,0.481,0.829,0.724,0.105,0.553,1.000,0.910,0.670,3.000,0.640,0.602,0.676,0.268,0.450,0.533,0.534,0.356,0.587,0.624,0.324,0.547,0.980,0.426,0.256,0.172,0.283,0.449,0.170,0.084,0.209,0.015,0.961,0.900,0.709,0.446,0.485,0.337,0.468,0.523,0.542,0.462
low-trust-conflict,Low-trust conflict,Lower public trust and higher legislature-court conflict.,abstract-review-tribunal,Abstract review tribunal,synthetic_mechanism,abstract_review,pipeline,state/state_high_court,1278,1278,1371,93,1.000,0.932,0.882,0.755,0.004,0.613,0.527,0.828,0.677,0.108,0.613,1.000,0.712,0.591,2.000,0.599,0.545,0.676,0.264,0.459,0.536,0.545,0.343,0.593,0.628,0.306,0.548,0.976,0.441,0.258,0.138,0.246,0.450,0.174,0.065,0.219,0.016,0.961,0.901,0.691,0.435,0.426,0.324,0.446,0.473,0.522,0.433
low-trust-conflict,Low-trust conflict,Lower public trust and higher legislature-court conflict.,ombudsman-triggered-review,Ombudsman-triggered constitutional review,synthetic_mechanism,ombudsman_triggered_review,pipeline,federal/circuit_en_banc,842,842,95477,94635,1.000,0.009,0.909,0.737,0.061,0.350,0.326,0.685,0.685,0.196,0.242,0.196,0.824,0.663,3.000,0.437,0.548,0.679,0.231,0.445,0.522,0.407,0.373,0.585,0.613,0.536,0.586,0.831,0.426,0.241,0.150,0.285,0.431,0.177,0.065,0.315,0.014,0.966,0.908,0.742,0.334,0.908,0.465,0.455,0.489,0.496,0.530
low-trust-conflict,Low-trust conflict,Lower public trust and higher legislature-court conflict.,ombudsman-triggered-review,Ombudsman-triggered constitutional review,synthetic_mechanism,ombudsman_triggered_review,pipeline,federal/circuit_panel,1911,1911,214582,212671,1.000,0.009,0.874,0.732,0.063,0.515,0.494,0.700,0.679,0.247,0.370,0.329,0.668,0.581,2.000,0.461,0.508,0.670,0.250,0.446,0.531,0.426,0.352,0.586,0.607,0.521,0.587,0.834,0.448,0.232,0.158,0.251,0.445,0.174,0.068,0.317,0.014,0.969,0.909,0.742,0.332,0.862,0.458,0.444,0.453,0.485,0.511
low-trust-conflict,Low-trust conflict,Lower public trust and higher legislature-court conflict.,ombudsman-triggered-review,Ombudsman-triggered constitutional review,synthetic_mechanism,ombudsman_triggered_review,pipeline,federal/district_only,497,497,55905,55408,1.000,0.009,0.862,0.731,0.091,0.465,0.506,0.732,0.669,0.291,0.430,0.354,0.574,0.496,1.000,0.463,0.483,0.663,0.258,0.444,0.529,0.429,0.354,0.589,0.604,0.510,0.588,0.834,0.425,0.274,0.139,0.243,0.408,0.181,0.070,0.332,0.014,0.972,0.917,0.744,0.330,0.818,0.457,0.433,0.413,0.477,0.493
low-trust-conflict,Low-trust conflict,Lower public trust and higher legislature-court conflict.,ombudsman-triggered-review,Ombudsman-triggered constitutional review,synthetic_mechanism,ombudsman_triggered_review,pipeline,federal/state_federal_split,164,164,17849,17685,1.000,0.009,0.878,0.741,0.050,0.200,0.493,0.760,0.640,0.200,0.263,0.120,0.964,0.681,3.000,0.592,0.595,0.674,0.268,0.444,0.531,0.404,0.365,0.580,0.605,0.545,0.586,0.846,0.427,0.250,0.159,0.329,0.378,0.207,0.098,0.317,0.023,0.964,0.887,0.737,0.335,0.925,0.462,0.459,0.496,0.499,0.535
low-trust-conflict,Low-trust conflict,Lower public trust and higher legislature-court conflict.,ombudsman-triggered-review,Ombudsman-triggered constitutional review,synthetic_mechanism,ombudsman_triggered_review,pipeline,mixed_state_federal/circuit_en_banc,874,874,95123,94249,1.000,0.009,0.879,0.729,0.061,0.463,0.417,0.779,0.699,0.287,0.463,0.169,0.895,0.661,3.000,0.809,0.630,0.661,0.292,0.438,0.520,0.409,0.363,0.578,0.595,0.542,0.586,0.862,0.380,0.272,0.166,0.340,0.394,0.182,0.082,0.144,0.014,0.970,0.904,0.743,0.336,0.919,0.466,0.458,0.490,0.500,0.534
low-trust-conflict,Low-trust conflict,Lower public trust and higher legislature-court conflict.,ombudsman-triggered-review,Ombudsman-triggered constitutional review,synthetic_mechanism,ombudsman_triggered_review,pipeline,mixed_state_federal/district_only,139,139,14983,14844,1.000,0.009,0.855,0.739,0.127,0.466,0.366,0.672,0.741,0.241,0.466,0.534,0.782,0.504,1.000,0.786,0.580,0.652,0.299,0.439,0.515,0.415,0.403,0.582,0.593,0.528,0.588,0.860,0.388,0.324,0.094,0.288,0.482,0.151,0.036,0.173,0.011,0.970,0.898,0.735,0.333,0.838,0.474,0.439,0.414,0.487,0.503
low-trust-conflict,Low-trust conflict,Lower public trust and higher legislature-court conflict.,ombudsman-triggered-review,Ombudsman-triggered constitutional review,synthetic_mechanism,ombudsman_triggered_review,pipeline,mixed_state_federal/state_federal_split,1719,1719,181202,179483,1.000,0.009,0.852,0.719,0.059,0.595,0.556,0.718,0.714,0.290,0.595,0.251,0.937,0.675,3.000,0.833,0.651,0.653,0.316,0.436,0.530,0.417,0.358,0.575,0.587,0.543,0.586,0.867,0.392,0.281,0.178,0.319,0.390,0.191,0.098,0.138,0.012,0.973,0.905,0.731,0.336,0.928,0.464,0.461,0.496,0.502,0.537
low-trust-conflict,Low-trust conflict,Lower public trust and higher legislature-court conflict.,ombudsman-triggered-review,Ombudsman-triggered constitutional review,synthetic_mechanism,ombudsman_triggered_review,pipeline,state/circuit_en_banc,93,93,11084,10991,1.000,0.008,0.963,0.763,0.058,0.000,0.065,0.688,0.813,0.188,0.000,0.000,0.918,0.684,3.000,0.527,0.595,0.695,0.205,0.455,0.497,0.380,0.397,0.586,0.626,0.544,0.586,0.833,0.505,0.280,0.086,0.237,0.398,0.215,0.043,0.161,0.012,0.968,0.928,0.759,0.334,0.913,0.470,0.455,0.493,0.499,0.533
low-trust-conflict,Low-trust conflict,Lower public trust and higher legislature-court conflict.,ombudsman-triggered-review,Ombudsman-triggered constitutional review,synthetic_mechanism,ombudsman_triggered_review,pipeline,state/circuit_panel,622,622,69349,68727,1.000,0.009,0.875,0.731,0.056,0.495,0.463,0.710,0.688,0.290,0.495,0.258,0.711,0.582,2.000,0.612,0.539,0.667,0.266,0.454,0.528,0.423,0.352,0.584,0.605,0.523,0.587,0.845,0.384,0.260,0.164,0.272,0.432,0.170,0.084,0.185,0.009,0.971,0.913,0.738,0.332,0.866,0.456,0.444,0.454,0.486,0.512
low-trust-conflict,Low-trust conflict,Lower public trust and higher legislature-court conflict.,ombudsman-triggered-review,Ombudsman-triggered constitutional review,synthetic_mechanism,ombudsman_triggered_review,pipeline,state/district_only,133,133,14687,14554,1.000,0.009,0.875,0.746,0.115,0.358,0.327,0.717,0.585,0.245,0.358,0.509,0.740,0.496,1.000,0.592,0.533,0.664,0.269,0.465,0.518,0.416,0.390,0.586,0.607,0.521,0.588,0.844,0.459,0.263,0.083,0.301,0.466,0.120,0.045,0.195,0.011,0.972,0.925,0.770,0.333,0.831,0.473,0.437,0.412,0.484,0.501
low-trust-conflict,Low-trust conflict,Lower public trust and higher legislature-court conflict.,ombudsman-triggered-review,Ombudsman-triggered constitutional review,synthetic_mechanism,ombudsman_triggered_review,pipeline,state/state_federal_split,1328,1328,141750,140422,1.000,0.009,0.863,0.724,0.058,0.655,0.520,0.711,0.711,0.211,0.655,0.268,0.910,0.670,3.000,0.640,0.602,0.661,0.285,0.440,0.532,0.418,0.356,0.578,0.595,0.540,0.586,0.851,0.422,0.264,0.161,0.280,0.438,0.175,0.078,0.188,0.012,0.971,0.908,0.744,0.335,0.922,0.462,0.459,0.494,0.498,0.534
low-trust-conflict,Low-trust conflict,Lower public trust and higher legislature-court conflict.,ombudsman-triggered-review,Ombudsman-triggered constitutional review,synthetic_mechanism,ombudsman_triggered_review,pipeline,state/state_high_court,1278,1278,137674,136396,1.000,0.009,0.856,0.725,0.059,0.646,0.567,0.754,0.738,0.272,0.646,0.308,0.712,0.591,2.000,0.599,0.545,0.661,0.280,0.448,0.535,0.430,0.343,0.583,0.600,0.521,0.587,0.847,0.398,0.284,0.149,0.273,0.435,0.184,0.074,0.207,0.013,0.972,0.910,0.740,0.333,0.868,0.456,0.446,0.459,0.487,0.513
low-trust-conflict,Low-trust conflict,Lower public trust and higher legislature-court conflict.,constitutional-public-defender,Constitutional public defender access model,synthetic_mechanism,constitutional_public_defender,pipeline,federal/circuit_en_banc,842,842,104593,103751,1.000,0.008,0.914,0.770,0.003,0.446,0.340,0.848,0.630,0.130,0.381,1.000,0.824,0.663,3.000,0.437,0.548,0.690,0.219,0.450,0.525,0.406,0.373,0.583,0.626,0.524,0.614,0.802,0.470,0.222,0.147,0.252,0.449,0.203,0.059,0.329,0.015,0.966,0.912,0.722,0.335,0.891,0.463,0.453,0.489,0.531,0.533
low-trust-conflict,Low-trust conflict,Lower public trust and higher legislature-court conflict.,constitutional-public-defender,Constitutional public defender access model,synthetic_mechanism,constitutional_public_defender,pipeline,federal/circuit_panel,1911,1911,235758,233847,1.000,0.008,0.880,0.778,0.004,0.539,0.504,0.864,0.684,0.101,0.397,1.000,0.668,0.581,2.000,0.461,0.508,0.684,0.239,0.452,0.535,0.426,0.352,0.584,0.624,0.509,0.615,0.805,0.413,0.244,0.168,0.265,0.444,0.194,0.082,0.313,0.014,0.970,0.915,0.727,0.334,0.842,0.456,0.441,0.452,0.520,0.513
low-trust-conflict,Low-trust conflict,Lower public trust and higher legislature-court conflict.,constitutional-public-defender,Constitutional public defender access model,synthetic_mechanism,constitutional_public_defender,pipeline,federal/district_only,497,497,61699,61202,1.000,0.008,0.869,0.781,0.007,0.413,0.525,0.924,0.696,0.163,0.352,1.000,0.574,0.496,1.000,0.463,0.483,0.682,0.244,0.450,0.536,0.429,0.354,0.587,0.623,0.499,0.616,0.805,0.423,0.229,0.149,0.235,0.429,0.197,0.082,0.300,0.014,0.971,0.920,0.726,0.332,0.797,0.455,0.430,0.413,0.511,0.494
low-trust-conflict,Low-trust conflict,Lower public trust and higher legislature-court conflict.,constitutional-public-defender,Constitutional public defender access model,synthetic_mechanism,constitutional_public_defender,pipeline,federal/state_federal_split,164,164,19725,19561,1.000,0.008,0.883,0.766,0.001,0.308,0.470,0.923,0.615,0.000,0.444,1.000,0.964,0.681,3.000,0.592,0.595,0.681,0.257,0.447,0.533,0.403,0.365,0.578,0.615,0.533,0.614,0.816,0.409,0.262,0.128,0.287,0.457,0.238,0.067,0.366,0.022,0.965,0.890,0.719,0.335,0.906,0.459,0.455,0.496,0.531,0.536
low-trust-conflict,Low-trust conflict,Lower public trust and higher legislature-court conflict.,constitutional-public-defender,Constitutional public defender access model,synthetic_mechanism,constitutional_public_defender,pipeline,mixed_state_federal/circuit_en_banc,874,874,104297,103423,1.000,0.008,0.883,0.763,0.003,0.411,0.431,0.856,0.700,0.078,0.411,1.000,0.895,0.661,3.000,0.809,0.630,0.671,0.282,0.444,0.524,0.409,0.363,0.576,0.609,0.531,0.614,0.833,0.407,0.262,0.170,0.289,0.428,0.199,0.085,0.156,0.014,0.972,0.912,0.724,0.337,0.902,0.465,0.456,0.490,0.534,0.537
low-trust-conflict,Low-trust conflict,Lower public trust and higher legislature-court conflict.,constitutional-public-defender,Constitutional public defender access model,synthetic_mechanism,constitutional_public_defender,pipeline,mixed_state_federal/district_only,139,139,16609,16470,1.000,0.008,0.869,0.767,0.017,0.522,0.388,0.913,0.761,0.109,0.522,1.000,0.782,0.504,1.000,0.786,0.580,0.671,0.274,0.446,0.521,0.415,0.403,0.582,0.610,0.517,0.616,0.829,0.475,0.245,0.151,0.266,0.432,0.173,0.065,0.180,0.012,0.966,0.899,0.709,0.333,0.816,0.471,0.434,0.414,0.519,0.503
low-trust-conflict,Low-trust conflict,Lower public trust and higher legislature-court conflict.,constitutional-public-defender,Constitutional public defender access model,synthetic_mechanism,constitutional_public_defender,pipeline,mixed_state_federal/state_federal_split,1719,1719,199148,197429,1.000,0.009,0.853,0.756,0.003,0.677,0.583,0.819,0.606,0.142,0.677,1.000,0.937,0.675,3.000,0.833,0.651,0.663,0.308,0.442,0.535,0.416,0.358,0.573,0.600,0.533,0.614,0.838,0.382,0.302,0.160,0.321,0.400,0.195,0.083,0.140,0.012,0.975,0.913,0.723,0.337,0.909,0.462,0.458,0.495,0.536,0.539
low-trust-conflict,Low-trust conflict,Lower public trust and higher legislature-court conflict.,constitutional-public-defender,Constitutional public defender access model,synthetic_mechanism,constitutional_public_defender,pipeline,state/circuit_en_banc,93,93,12073,11980,1.000,0.008,0.977,0.787,0.000,0.000,0.043,1.000,0.667,0.000,0.000,1.000,0.918,0.684,3.000,0.527,0.595,0.704,0.188,0.454,0.494,0.380,0.397,0.585,0.638,0.532,0.614,0.803,0.398,0.194,0.215,0.376,0.441,0.269,0.118,0.237,0.011,0.966,0.932,0.746,0.336,0.904,0.464,0.455,0.494,0.535,0.537
low-trust-conflict,Low-trust conflict,Lower public trust and higher legislature-court conflict.,constitutional-public-defender,Constitutional public defender access model,synthetic_mechanism,constitutional_public_defender,pipeline,state/circuit_panel,622,622,76222,75600,1.000,0.008,0.877,0.772,0.004,0.565,0.492,0.919,0.677,0.113,0.565,1.000,0.711,0.582,2.000,0.612,0.539,0.679,0.259,0.456,0.533,0.423,0.352,0.582,0.619,0.512,0.615,0.817,0.439,0.228,0.180,0.249,0.437,0.178,0.098,0.222,0.010,0.973,0.920,0.725,0.334,0.846,0.456,0.441,0.453,0.520,0.514
low-trust-conflict,Low-trust conflict,Lower public trust and higher legislature-court conflict.,constitutional-public-defender,Constitutional public defender access model,synthetic_mechanism,constitutional_public_defender,pipeline,state/district_only,133,133,16184,16051,1.000,0.008,0.887,0.777,0.011,0.317,0.331,0.805,0.634,0.122,0.317,1.000,0.740,0.496,1.000,0.592,0.533,0.682,0.245,0.460,0.522,0.416,0.390,0.585,0.621,0.510,0.616,0.813,0.383,0.278,0.135,0.278,0.474,0.195,0.045,0.218,0.011,0.974,0.933,0.751,0.333,0.813,0.469,0.434,0.413,0.518,0.502
low-trust-conflict,Low-trust conflict,Lower public trust and higher legislature-court conflict.,constitutional-public-defender,Constitutional public defender access model,synthetic_mechanism,constitutional_public_defender,pipeline,state/state_federal_split,1328,1328,155646,154318,1.000,0.009,0.866,0.763,0.003,0.626,0.544,0.878,0.695,0.084,0.626,1.000,0.910,0.670,3.000,0.640,0.602,0.672,0.276,0.444,0.537,0.418,0.356,0.576,0.609,0.529,0.614,0.822,0.417,0.252,0.173,0.290,0.410,0.175,0.086,0.179,0.013,0.972,0.912,0.728,0.336,0.903,0.462,0.456,0.493,0.532,0.536
low-trust-conflict,Low-trust conflict,Lower public trust and higher legislature-court conflict.,constitutional-public-defender,Constitutional public defender access model,synthetic_mechanism,constitutional_public_defender,pipeline,state/state_high_court,1278,1278,151652,150374,1.000,0.008,0.856,0.771,0.002,0.559,0.600,0.843,0.706,0.118,0.559,1.000,0.712,0.591,2.000,0.599,0.545,0.673,0.273,0.449,0.541,0.430,0.343,0.581,0.614,0.510,0.615,0.818,0.418,0.245,0.175,0.275,0.452,0.174,0.088,0.225,0.013,0.973,0.914,0.719,0.334,0.848,0.453,0.443,0.458,0.521,0.515
low-trust-conflict,Low-trust conflict,Lower public trust and higher legislature-court conflict.,rights-impact-statement-review,Rights-impact statements before review,synthetic_mechanism,rights_impact_statement,pipeline,federal/circuit_en_banc,842,842,978,136,1.000,0.861,0.965,0.807,0.054,0.287,0.177,0.706,0.713,0.265,0.184,0.213,0.824,0.663,3.000,0.437,0.548,0.720,0.214,0.444,0.519,0.516,0.373,0.593,0.651,0.514,0.682,0.766,0.403,0.222,0.151,0.293,0.475,0.169,0.062,0.347,0.021,0.924,0.869,0.684,0.419,0.461,0.365,0.436,0.498,0.545,0.452
low-trust-conflict,Low-trust conflict,Lower public trust and higher legislature-court conflict.,rights-impact-statement-review,Rights-impact statements before review,synthetic_mechanism,rights_impact_statement,pipeline,federal/circuit_panel,1911,1911,2274,363,1.000,0.840,0.949,0.797,0.063,0.399,0.300,0.768,0.757,0.259,0.275,0.326,0.668,0.581,2.000,0.461,0.508,0.707,0.229,0.443,0.525,0.533,0.352,0.596,0.646,0.498,0.683,0.768,0.447,0.218,0.149,0.262,0.475,0.141,0.073,0.334,0.021,0.925,0.870,0.674,0.416,0.408,0.361,0.422,0.459,0.532,0.431
low-trust-conflict,Low-trust conflict,Lower public trust and higher legislature-court conflict.,rights-impact-statement-review,Rights-impact statements before review,synthetic_mechanism,rights_impact_statement,pipeline,federal/district_only,497,497,627,130,1.000,0.793,0.947,0.790,0.084,0.291,0.266,0.806,0.679,0.231,0.174,0.373,0.574,0.496,1.000,0.463,0.483,0.702,0.233,0.440,0.521,0.533,0.354,0.599,0.643,0.492,0.683,0.768,0.439,0.227,0.123,0.241,0.447,0.141,0.058,0.338,0.019,0.925,0.875,0.674,0.414,0.364,0.362,0.411,0.419,0.523,0.413
low-trust-conflict,Low-trust conflict,Lower public trust and higher legislature-court conflict.,rights-impact-statement-review,Rights-impact statements before review,synthetic_mechanism,rights_impact_statement,pipeline,federal/state_federal_split,164,164,183,19,1.000,0.896,0.956,0.815,0.040,0.263,0.279,0.789,0.737,0.158,0.267,0.105,0.964,0.681,3.000,0.592,0.595,0.713,0.242,0.452,0.525,0.515,0.365,0.590,0.648,0.518,0.681,0.779,0.396,0.268,0.171,0.305,0.402,0.177,0.067,0.323,0.029,0.925,0.847,0.690,0.418,0.478,0.359,0.439,0.506,0.546,0.456
low-trust-conflict,Low-trust conflict,Lower public trust and higher legislature-court conflict.,rights-impact-statement-review,Rights-impact statements before review,synthetic_mechanism,rights_impact_statement,pipeline,mixed_state_federal/circuit_en_banc,874,874,1010,136,1.000,0.865,0.951,0.809,0.056,0.324,0.223,0.743,0.765,0.250,0.324,0.176,0.895,0.661,3.000,0.809,0.630,0.704,0.270,0.442,0.515,0.518,0.363,0.587,0.639,0.517,0.681,0.796,0.453,0.261,0.121,0.291,0.443,0.175,0.059,0.151,0.019,0.926,0.864,0.675,0.421,0.475,0.369,0.440,0.501,0.550,0.458
low-trust-conflict,Low-trust conflict,Lower public trust and higher legislature-court conflict.,rights-impact-statement-review,Rights-impact statements before review,synthetic_mechanism,rights_impact_statement,pipeline,mixed_state_federal/district_only,139,139,195,56,1.000,0.713,0.936,0.806,0.112,0.304,0.143,0.804,0.804,0.268,0.304,0.518,0.782,0.504,1.000,0.786,0.580,0.695,0.276,0.432,0.509,0.510,0.403,0.591,0.632,0.517,0.683,0.794,0.417,0.317,0.115,0.252,0.432,0.122,0.072,0.122,0.020,0.932,0.862,0.682,0.417,0.396,0.380,0.420,0.424,0.536,0.427
low-trust-conflict,Low-trust conflict,Lower public trust and higher legislature-court conflict.,rights-impact-statement-review,Rights-impact statements before review,synthetic_mechanism,rights_impact_statement,pipeline,mixed_state_federal/state_federal_split,1719,1719,1981,262,1.000,0.868,0.936,0.802,0.056,0.504,0.346,0.718,0.756,0.233,0.504,0.256,0.937,0.675,3.000,0.833,0.651,0.693,0.291,0.442,0.523,0.526,0.358,0.584,0.633,0.516,0.681,0.800,0.417,0.268,0.152,0.310,0.428,0.176,0.077,0.159,0.017,0.931,0.864,0.676,0.420,0.481,0.367,0.441,0.506,0.550,0.459
low-trust-conflict,Low-trust conflict,Lower public trust and higher legislature-court conflict.,rights-impact-statement-review,Rights-impact statements before review,synthetic_mechanism,rights_impact_statement,pipeline,state/circuit_en_banc,93,93,112,19,1.000,0.830,0.982,0.828,0.068,0.000,0.000,0.789,0.737,0.211,0.000,0.000,0.918,0.684,3.000,0.527,0.595,0.733,0.205,0.452,0.501,0.487,0.397,0.592,0.656,0.528,0.681,0.770,0.484,0.290,0.118,0.312,0.409,0.215,0.043,0.258,0.013,0.929,0.885,0.717,0.421,0.476,0.372,0.441,0.507,0.553,0.460
low-trust-conflict,Low-trust conflict,Lower public trust and higher legislature-court conflict.,rights-impact-statement-review,Rights-impact statements before review,synthetic_mechanism,rights_impact_statement,pipeline,state/circuit_panel,622,622,712,90,1.000,0.874,0.950,0.797,0.052,0.419,0.253,0.742,0.645,0.258,0.419,0.269,0.711,0.582,2.000,0.612,0.539,0.706,0.243,0.465,0.521,0.533,0.352,0.594,0.647,0.499,0.682,0.779,0.436,0.260,0.153,0.254,0.434,0.159,0.063,0.254,0.015,0.927,0.870,0.681,0.416,0.414,0.357,0.423,0.464,0.533,0.432
low-trust-conflict,Low-trust conflict,Lower public trust and higher legislature-court conflict.,rights-impact-statement-review,Rights-impact statements before review,synthetic_mechanism,rights_impact_statement,pipeline,state/district_only,133,133,189,56,1.000,0.704,0.951,0.800,0.111,0.161,0.096,0.821,0.696,0.268,0.161,0.482,0.740,0.496,1.000,0.592,0.533,0.704,0.249,0.470,0.511,0.509,0.390,0.595,0.644,0.513,0.683,0.779,0.391,0.226,0.143,0.286,0.391,0.195,0.053,0.165,0.014,0.928,0.885,0.696,0.417,0.388,0.382,0.418,0.420,0.533,0.425
low-trust-conflict,Low-trust conflict,Lower public trust and higher legislature-court conflict.,rights-impact-statement-review,Rights-impact statements before review,synthetic_mechanism,rights_impact_statement,pipeline,state/state_federal_split,1328,1328,1522,194,1.000,0.873,0.944,0.805,0.052,0.469,0.321,0.773,0.773,0.258,0.469,0.268,0.910,0.670,3.000,0.640,0.602,0.703,0.260,0.461,0.526,0.528,0.356,0.588,0.643,0.513,0.681,0.784,0.427,0.258,0.149,0.302,0.442,0.146,0.058,0.210,0.019,0.929,0.869,0.685,0.419,0.474,0.365,0.439,0.504,0.546,0.456
low-trust-conflict,Low-trust conflict,Lower public trust and higher legislature-court conflict.,rights-impact-statement-review,Rights-impact statements before review,synthetic_mechanism,rights_impact_statement,pipeline,state/state_high_court,1278,1278,1475,197,1.000,0.866,0.942,0.797,0.054,0.460,0.368,0.730,0.725,0.315,0.460,0.290,0.712,0.591,2.000,0.599,0.545,0.701,0.255,0.468,0.528,0.540,0.343,0.593,0.645,0.496,0.682,0.780,0.428,0.226,0.167,0.243,0.448,0.171,0.079,0.242,0.019,0.929,0.871,0.667,0.416,0.415,0.359,0.424,0.467,0.532,0.433
low-trust-conflict,Low-trust conflict,Lower public trust and higher legislature-court conflict.,mandatory-legislative-response,Mandatory legislative response cycles,synthetic_mechanism,mandatory_legislative_response,pipeline,federal/circuit_en_banc,842,842,929,87,1.000,0.906,0.942,0.722,0.002,0.333,0.267,0.862,0.621,0.080,0.226,1.000,0.824,0.663,3.000,0.437,0.548,0.721,0.188,0.453,0.525,0.519,0.373,0.604,0.644,0.254,0.598,0.973,0.464,0.223,0.132,0.255,0.450,0.195,0.061,0.333,0.021,0.934,0.892,0.646,0.315,0.508,0.299,0.347,0.440,0.523,0.408
low-trust-conflict,Low-trust conflict,Lower public trust and higher legislature-court conflict.,mandatory-legislative-response,Mandatory legislative response cycles,synthetic_mechanism,mandatory_legislative_response,pipeline,federal/circuit_panel,1911,1911,2119,208,1.000,0.902,0.911,0.706,0.003,0.390,0.422,0.840,0.714,0.099,0.217,1.000,0.668,0.581,2.000,0.461,0.508,0.721,0.191,0.456,0.535,0.538,0.352,0.607,0.642,0.212,0.599,0.973,0.423,0.228,0.168,0.254,0.450,0.167,0.074,0.326,0.020,0.936,0.892,0.651,0.312,0.454,0.293,0.333,0.407,0.513,0.388
low-trust-conflict,Low-trust conflict,Lower public trust and higher legislature-court conflict.,mandatory-legislative-response,Mandatory legislative response cycles,synthetic_mechanism,mandatory_legislative_response,pipeline,federal/district_only,497,497,582,85,1.000,0.854,0.914,0.704,0.005,0.278,0.382,0.856,0.678,0.133,0.200,1.000,0.574,0.496,1.000,0.463,0.483,0.719,0.193,0.452,0.532,0.538,0.354,0.610,0.641,0.206,0.600,0.973,0.463,0.233,0.157,0.235,0.459,0.189,0.054,0.298,0.018,0.940,0.898,0.653,0.309,0.409,0.293,0.322,0.368,0.503,0.369
low-trust-conflict,Low-trust conflict,Lower public trust and higher legislature-court conflict.,mandatory-legislative-response,Mandatory legislative response cycles,synthetic_mechanism,mandatory_legislative_response,pipeline,federal/state_federal_split,164,164,176,12,1.000,0.932,0.906,0.716,0.001,0.333,0.409,0.917,0.833,0.000,0.400,1.000,0.964,0.681,3.000,0.592,0.595,0.718,0.223,0.457,0.537,0.518,0.365,0.599,0.636,0.239,0.598,0.986,0.506,0.195,0.122,0.256,0.494,0.140,0.073,0.305,0.031,0.930,0.866,0.655,0.314,0.525,0.295,0.350,0.451,0.527,0.413
low-trust-conflict,Low-trust conflict,Lower public trust and higher legislature-court conflict.,mandatory-legislative-response,Mandatory legislative response cycles,synthetic_mechanism,mandatory_legislative_response,pipeline,mixed_state_federal/circuit_en_banc,874,874,958,84,1.000,0.912,0.917,0.712,0.002,0.381,0.362,0.869,0.786,0.167,0.381,1.000,0.895,0.661,3.000,0.809,0.630,0.709,0.244,0.451,0.526,0.522,0.363,0.597,0.630,0.245,0.598,0.997,0.406,0.270,0.165,0.294,0.434,0.174,0.073,0.156,0.018,0.939,0.888,0.657,0.316,0.521,0.302,0.351,0.444,0.529,0.414
low-trust-conflict,Low-trust conflict,Lower public trust and higher legislature-court conflict.,mandatory-legislative-response,Mandatory legislative response cycles,synthetic_mechanism,mandatory_legislative_response,pipeline,mixed_state_federal/district_only,139,139,185,46,1.000,0.751,0.926,0.731,0.008,0.196,0.237,0.935,0.761,0.109,0.196,1.000,0.782,0.504,1.000,0.786,0.580,0.710,0.232,0.450,0.515,0.514,0.403,0.604,0.634,0.255,0.599,0.996,0.417,0.216,0.151,0.237,0.468,0.151,0.072,0.173,0.020,0.932,0.877,0.652,0.313,0.442,0.313,0.331,0.366,0.513,0.382
low-trust-conflict,Low-trust conflict,Lower public trust and higher legislature-court conflict.,mandatory-legislative-response,Mandatory legislative response cycles,synthetic_mechanism,mandatory_legislative_response,pipeline,mixed_state_federal/state_federal_split,1719,1719,1890,171,1.000,0.910,0.887,0.692,0.003,0.509,0.504,0.918,0.725,0.094,0.509,1.000,0.937,0.675,3.000,0.833,0.651,0.707,0.267,0.454,0.540,0.529,0.358,0.594,0.622,0.224,0.598,0.998,0.368,0.300,0.175,0.308,0.419,0.163,0.090,0.159,0.017,0.942,0.887,0.653,0.316,0.527,0.302,0.352,0.453,0.533,0.417
low-trust-conflict,Low-trust conflict,Lower public trust and higher legislature-court conflict.,mandatory-legislative-response,Mandatory legislative response cycles,synthetic_mechanism,mandatory_legislative_response,pipeline,state/circuit_en_banc,93,93,102,9,1.000,0.912,0.988,0.758,0.000,0.000,0.054,0.889,0.444,0.000,0.000,1.000,0.918,0.684,3.000,0.527,0.595,0.724,0.182,0.458,0.500,0.493,0.397,0.604,0.652,0.300,0.598,0.978,0.419,0.301,0.108,0.269,0.484,0.258,0.065,0.301,0.015,0.938,0.910,0.664,0.317,0.521,0.302,0.351,0.438,0.523,0.411
low-trust-conflict,Low-trust conflict,Lower public trust and higher legislature-court conflict.,mandatory-legislative-response,Mandatory legislative response cycles,synthetic_mechanism,mandatory_legislative_response,pipeline,state/circuit_panel,622,622,697,75,1.000,0.892,0.911,0.705,0.003,0.325,0.399,0.896,0.714,0.104,0.325,1.000,0.711,0.582,2.000,0.612,0.539,0.715,0.212,0.470,0.532,0.535,0.352,0.605,0.639,0.219,0.599,0.985,0.421,0.238,0.195,0.240,0.476,0.151,0.114,0.225,0.015,0.934,0.890,0.653,0.312,0.461,0.295,0.335,0.408,0.515,0.390
low-trust-conflict,Low-trust conflict,Lower public trust and higher legislature-court conflict.,mandatory-legislative-response,Mandatory legislative response cycles,synthetic_mechanism,mandatory_legislative_response,pipeline,state/district_only,133,133,172,39,1.000,0.773,0.940,0.732,0.007,0.154,0.195,0.821,0.692,0.128,0.154,1.000,0.740,0.496,1.000,0.592,0.533,0.721,0.200,0.476,0.516,0.517,0.390,0.608,0.647,0.241,0.600,0.982,0.391,0.233,0.188,0.256,0.451,0.128,0.105,0.233,0.015,0.933,0.904,0.668,0.312,0.433,0.308,0.329,0.366,0.510,0.379
low-trust-conflict,Low-trust conflict,Lower public trust and higher legislature-court conflict.,mandatory-legislative-response,Mandatory legislative response cycles,synthetic_mechanism,mandatory_legislative_response,pipeline,state/state_federal_split,1328,1328,1451,123,1.000,0.915,0.900,0.701,0.002,0.390,0.459,0.894,0.740,0.089,0.390,1.000,0.910,0.670,3.000,0.640,0.602,0.713,0.229,0.463,0.538,0.531,0.356,0.598,0.633,0.227,0.598,0.989,0.409,0.265,0.165,0.284,0.426,0.169,0.080,0.197,0.018,0.939,0.890,0.662,0.315,0.520,0.299,0.350,0.450,0.529,0.414
low-trust-conflict,Low-trust conflict,Lower public trust and higher legislature-court conflict.,mandatory-legislative-response,Mandatory legislative response cycles,synthetic_mechanism,mandatory_legislative_response,pipeline,state/state_high_court,1278,1278,1390,112,1.000,0.919,0.894,0.697,0.002,0.384,0.499,0.839,0.723,0.170,0.384,1.000,0.712,0.591,2.000,0.599,0.545,0.715,0.218,0.469,0.540,0.544,0.343,0.604,0.637,0.200,0.599,0.985,0.411,0.249,0.179,0.261,0.441,0.178,0.081,0.225,0.018,0.939,0.891,0.644,0.312,0.461,0.292,0.335,0.415,0.516,0.391
