profile,context,contrast,claim,left,right,kind,metric,componentRole,difference,lower,upper,monteCarloSE,runs,bootstrapReplicates
frozen-generator,baseline,emergency-base,emergency,reasoned-emergency-review,current-federal-court,base,emergencyReasonGivingRate,registered-component,0.8442677348759786,0.8147472726334419,0.8724891628468415,0.01484532124262679,120,2000
frozen-generator,baseline,emergency-base,emergency,reasoned-emergency-review,current-federal-court,base,meritsFollowUpRate,registered-component,0.9916666666666667,0.975,1.0,0.008333333333333333,120,2000
frozen-generator,baseline,emergency-base,emergency,reasoned-emergency-review,current-federal-court,base,averageTimeToReview,registered-component,0.0,0.0,0.0,0.0,120,2000
frozen-generator,baseline,emergency-base,emergency,reasoned-emergency-review,current-federal-court,base,totalInstitutionalCost,registered-component,0.009802037000512005,0.009652930150758573,0.009955134945094925,7.733187779884247e-05,120,2000
frozen-generator,baseline,emergency-base,emergency,reasoned-emergency-review,current-federal-court,base,shadowDocketAbuse,registered-component,-0.319899582904667,-0.3275986258417851,-0.3120434496254305,0.004025365171007946,120,2000
frozen-generator,baseline,emergency-base,emergency,reasoned-emergency-review,current-federal-court,base,institutionalDelayCost,additional-diagnostic,0.008197389435612644,0.007993205723671022,0.008390383353262004,0.0001011731273333939,120,2000
frozen-generator,baseline,screening-base,screening,constitutional-council,current-federal-court,base,directCourtCost,registered-diagnostic,0.13598025,0.1358543160416667,0.13610876833333335,6.233981247876568e-05,120,2000
frozen-generator,baseline,screening-base,screening,constitutional-council,current-federal-court,base,upstreamScreeningCost,registered-component,0.0019197543415610612,0.001847188952656882,0.001985566647531532,3.531327518212097e-05,120,2000
frozen-generator,baseline,screening-base,screening,constitutional-council,current-federal-court,base,capacityStrainCost,registered-diagnostic,0.0643284362277074,0.06368846199685485,0.06502810643527208,0.00033986153596955477,120,2000
frozen-generator,baseline,screening-base,screening,constitutional-council,current-federal-court,base,totalInstitutionalCost,registered-diagnostic,0.0830670113885106,0.08293128682196399,0.08321643239743019,7.158267894127602e-05,120,2000
frozen-generator,baseline,screening-base,screening,constitutional-council,current-federal-court,base,intakeAcceptanceRate,registered-diagnostic,-0.0007226355751680603,-0.00074835469944203,-0.0006945247794993305,1.3698446297837908e-05,120,2000
frozen-generator,baseline,screening-base,screening,constitutional-council,current-federal-court,base,councilScreenRate,registered-component,1.0,1.0,1.0,0.0,120,2000
frozen-generator,baseline,screening-base,screening,constitutional-council,current-federal-court,base,administrativeLoad,additional-diagnostic,0.2481075000000001,0.24717242708333345,0.24913253645833341,0.0004959116290605995,120,2000
frozen-generator,baseline,weak-form-base,weak-form,weak-form-review,current-federal-court,base,legislativeResponseRate,registered-component,0.31958333333333333,0.30947656250000005,0.3290651041666666,0.004989777130994276,120,2000
frozen-generator,baseline,weak-form-base,weak-form,weak-form-review,current-federal-court,base,legislativeResponseCredibility,registered-component,0.06456458333333323,0.06309354166666657,0.06600911458333321,0.0007503634497124246,120,2000
frozen-generator,baseline,weak-form-base,weak-form,weak-form-review,current-federal-court,base,timelyLegislativeResponseRate,registered-component,0.060816451995616964,0.051014886680982176,0.07129502505000694,0.005327491167748749,120,2000
frozen-generator,baseline,weak-form-base,weak-form,weak-form-review,current-federal-court,base,rightsProtection,registered-component,0.02462394950572732,0.022776558393288425,0.026466375997690996,0.0009402737639890361,120,2000
frozen-generator,baseline,weak-form-base,weak-form,weak-form-review,current-federal-court,base,complianceRate,registered-component,0.3752083333333333,0.35916406250000005,0.39239583333333333,0.008150994473131917,120,2000
frozen-generator,baseline,weak-form-base,weak-form,weak-form-review,current-federal-court,base,democraticResponsiveness,registered-component,0.08230268678187012,0.07979145003192883,0.08474504504511174,0.0013000860043527382,120,2000
frozen-generator,baseline,weak-form-base,weak-form,weak-form-review,current-federal-court,base,vetoRelocationRisk,registered-component,-0.3463023177449447,-0.3479629076794354,-0.3446305978696936,0.0008385124382412919,120,2000
frozen-generator,baseline,weak-form-base,weak-form,weak-form-review,current-federal-court,base,totalInstitutionalCost,registered-diagnostic,-0.09254868420362912,-0.09271928668934257,-0.09237887310561574,9.104786824148555e-05,120,2000
frozen-generator,baseline,weak-form-base,weak-form,weak-form-review,current-federal-court,base,averageLegislativeResponseDelay,additional-diagnostic,0.41566108479126257,0.4136142418485125,0.4176891774060515,0.0010658641977961548,120,2000
frozen-generator,baseline,emergency-ablation,emergency,reasoned-with-fast-procedure,reasoned-emergency-review,ablation,emergencyReasonGivingRate,registered-component,-0.6953542760985374,-0.7257973785582921,-0.6631213596301903,0.01565239944272319,120,2000
frozen-generator,baseline,emergency-ablation,emergency,reasoned-with-fast-procedure,reasoned-emergency-review,ablation,meritsFollowUpRate,registered-component,-0.9916666666666667,-1.0,-0.975,0.008333333333333333,120,2000
frozen-generator,baseline,emergency-ablation,emergency,reasoned-with-fast-procedure,reasoned-emergency-review,ablation,averageTimeToReview,registered-component,0.0,0.0,0.0,0.0,120,2000
frozen-generator,baseline,emergency-ablation,emergency,reasoned-with-fast-procedure,reasoned-emergency-review,ablation,totalInstitutionalCost,registered-component,-0.004396108259994281,-0.004552538319380585,-0.004256540673771115,7.437155958496301e-05,120,2000
frozen-generator,baseline,emergency-ablation,emergency,reasoned-with-fast-procedure,reasoned-emergency-review,ablation,shadowDocketAbuse,registered-component,0.30813646973255293,0.3007354321459587,0.3153039437537949,0.0037431672052365542,120,2000
frozen-generator,baseline,emergency-ablation,emergency,reasoned-with-fast-procedure,reasoned-emergency-review,ablation,institutionalDelayCost,additional-diagnostic,-0.00662378387011151,-0.006806430398546016,-0.0064210484272928265,9.831717690110153e-05,120,2000
frozen-generator,baseline,screening-ablation,screening,council-with-full-court-structure,constitutional-council,ablation,directCourtCost,registered-diagnostic,-0.09726116666666668,-0.09740105854166664,-0.09712717270833333,6.968595152110871e-05,120,2000
frozen-generator,baseline,screening-ablation,screening,council-with-full-court-structure,constitutional-council,ablation,upstreamScreeningCost,registered-component,2.3519373450966995e-05,-3.341189752854146e-05,8.292092466028912e-05,3.0041532823608794e-05,120,2000
frozen-generator,baseline,screening-ablation,screening,council-with-full-court-structure,constitutional-council,ablation,capacityStrainCost,registered-diagnostic,-0.04339819541769938,-0.04398288532117157,-0.04283163804122009,0.00030096406772096845,120,2000
frozen-generator,baseline,screening-ablation,screening,council-with-full-court-structure,constitutional-council,ablation,totalInstitutionalCost,registered-diagnostic,-0.05031470344874413,-0.0504444157092254,-0.05018743459953447,6.479252640115529e-05,120,2000
frozen-generator,baseline,screening-ablation,screening,council-with-full-court-structure,constitutional-council,ablation,intakeAcceptanceRate,registered-diagnostic,-9.819296760952157e-06,-3.200633385332073e-05,1.1237846901025431e-05,1.0996664116892223e-05,120,2000
frozen-generator,baseline,screening-ablation,screening,council-with-full-court-structure,constitutional-council,ablation,councilScreenRate,registered-component,-1.0,-1.0,-1.0,0.0,120,2000
frozen-generator,baseline,screening-ablation,screening,council-with-full-court-structure,constitutional-council,ablation,administrativeLoad,additional-diagnostic,-0.24038958333333346,-0.24129399479166674,-0.2394893593750001,0.0004500881666793504,120,2000
frozen-generator,baseline,weak-form-half,weak-form,weak-form-half-response,weak-form-review,ablation,legislativeResponseRate,registered-component,-0.1609375,-0.1703125,-0.15208333333333332,0.004817581169303651,120,2000
frozen-generator,baseline,weak-form-half,weak-form,weak-form-half-response,weak-form-review,ablation,legislativeResponseCredibility,registered-component,-0.30743047537363666,-0.30871672674079115,-0.3061352440436129,0.0006687262951082772,120,2000
frozen-generator,baseline,weak-form-half,weak-form,weak-form-half-response,weak-form-review,ablation,timelyLegislativeResponseRate,registered-component,-0.060816451995616964,-0.07129502505000695,-0.05101488668098219,0.005327491167748749,120,2000
frozen-generator,baseline,weak-form-half,weak-form,weak-form-half-response,weak-form-review,ablation,rightsProtection,registered-component,-0.012904213698453133,-0.013925849931202857,-0.01191353478317642,0.0005241595073147034,120,2000
frozen-generator,baseline,weak-form-half,weak-form,weak-form-half-response,weak-form-review,ablation,complianceRate,registered-component,-0.007395833333333329,-0.02396093749999999,0.009583333333333336,0.008684599314894775,120,2000
frozen-generator,baseline,weak-form-half,weak-form,weak-form-half-response,weak-form-review,ablation,democraticResponsiveness,registered-component,-0.024902428931296516,-0.026505163272970988,-0.02342162211199014,0.0008017843253445255,120,2000
frozen-generator,baseline,weak-form-half,weak-form,weak-form-half-response,weak-form-review,ablation,vetoRelocationRisk,registered-component,0.02577337138017348,0.024398785816861352,0.02729993728915375,0.0007503736385277681,120,2000
frozen-generator,baseline,weak-form-half,weak-form,weak-form-half-response,weak-form-review,ablation,totalInstitutionalCost,registered-diagnostic,-0.0015496284999675643,-0.0017535373074662826,-0.0013408169834555447,0.0001051611451834306,120,2000
frozen-generator,baseline,weak-form-half,weak-form,weak-form-half-response,weak-form-review,ablation,averageLegislativeResponseDelay,additional-diagnostic,0.08207077568597361,0.07920490239587692,0.08489902485787523,0.001471960277117661,120,2000
frozen-generator,baseline,weak-form-off,weak-form,weak-form-no-response,weak-form-review,ablation,legislativeResponseRate,registered-component,-0.31958333333333333,-0.3290651041666666,-0.3094765625,0.004989777130994276,120,2000
frozen-generator,baseline,weak-form-off,weak-form,weak-form-no-response,weak-form-review,ablation,legislativeResponseCredibility,registered-component,-0.6147484507472734,-0.6164739326091417,-0.6129584231143101,0.0008761837064949308,120,2000
frozen-generator,baseline,weak-form-off,weak-form,weak-form-no-response,weak-form-review,ablation,timelyLegislativeResponseRate,registered-component,-0.060816451995616964,-0.07129502505000695,-0.05101488668098219,0.005327491167748749,120,2000
frozen-generator,baseline,weak-form-off,weak-form,weak-form-no-response,weak-form-review,ablation,rightsProtection,registered-component,-0.021070672671170337,-0.022160695572211227,-0.020030320047277977,0.0005451649444938189,120,2000
frozen-generator,baseline,weak-form-off,weak-form,weak-form-no-response,weak-form-review,ablation,complianceRate,registered-component,-0.016562499999999997,-0.03469010416666667,0.000729166666666665,0.00883779793593645,120,2000
frozen-generator,baseline,weak-form-off,weak-form,weak-form-no-response,weak-form-review,ablation,democraticResponsiveness,registered-component,-0.04854006623158306,-0.05019065426333678,-0.046919230710187006,0.000818536150284204,120,2000
frozen-generator,baseline,weak-form-off,weak-form,weak-form-no-response,weak-form-review,ablation,vetoRelocationRisk,registered-component,0.051022486375132736,0.049470337983143174,0.052542372437567736,0.000771712193023262,120,2000
frozen-generator,baseline,weak-form-off,weak-form,weak-form-no-response,weak-form-review,ablation,totalInstitutionalCost,registered-diagnostic,-0.0030186270523771632,-0.0032404611563971826,-0.002787333448028132,0.00011475790443831248,120,2000
frozen-generator,baseline,weak-form-off,weak-form,weak-form-no-response,weak-form-review,ablation,averageLegislativeResponseDelay,additional-diagnostic,-0.41566108479126257,-0.4176891774060515,-0.4136142418485124,0.0010658641977961548,120,2000
frozen-generator,baseline,weak-form-half-v-current,weak-form,weak-form-half-response,current-federal-court,persistence,legislativeResponseRate,registered-component,0.15864583333333335,0.15145572916666666,0.16593750000000002,0.0038055980981864905,120,2000
frozen-generator,baseline,weak-form-half-v-current,weak-form,weak-form-half-response,current-federal-court,persistence,legislativeResponseCredibility,registered-component,-0.24286589204030345,-0.24365281331697677,-0.2421237457782411,0.00040059043709434616,120,2000
frozen-generator,baseline,weak-form-half-v-current,weak-form,weak-form-half-response,current-federal-court,persistence,timelyLegislativeResponseRate,registered-component,0.0,0.0,0.0,0.0,120,2000
frozen-generator,baseline,weak-form-half-v-current,weak-form,weak-form-half-response,current-federal-court,persistence,rightsProtection,registered-component,0.011719735807274185,0.009812098787477732,0.013604482267110678,0.0009977818267214893,120,2000
frozen-generator,baseline,weak-form-half-v-current,weak-form,weak-form-half-response,current-federal-court,persistence,complianceRate,registered-component,0.36781250000000004,0.3496875,0.3851067708333333,0.00899791654708885,120,2000
frozen-generator,baseline,weak-form-half-v-current,weak-form,weak-form-half-response,current-federal-court,persistence,democraticResponsiveness,registered-component,0.0574002578505736,0.05503263945181381,0.05982818259556465,0.0012444723034505535,120,2000
frozen-generator,baseline,weak-form-half-v-current,weak-form,weak-form-half-response,current-federal-court,persistence,vetoRelocationRisk,registered-component,-0.3205289463647712,-0.32176704542359036,-0.3193158065433164,0.0006312265952674464,120,2000
frozen-generator,baseline,weak-form-half-v-current,weak-form,weak-form-half-response,current-federal-court,persistence,totalInstitutionalCost,registered-diagnostic,-0.09409831270359668,-0.09428019387448128,-0.09391120089923839,9.676316614067515e-05,120,2000
frozen-generator,baseline,weak-form-half-v-current,weak-form,weak-form-half-response,current-federal-court,persistence,averageLegislativeResponseDelay,additional-diagnostic,0.4977318604772361,0.4948986392709913,0.5005248931551722,0.0014580127840917716,120,2000
frozen-generator,baseline,weak-form-off-v-current,weak-form,weak-form-no-response,current-federal-court,persistence,legislativeResponseRate,registered-component,0.0,0.0,0.0,0.0,120,2000
frozen-generator,baseline,weak-form-off-v-current,weak-form,weak-form-no-response,current-federal-court,persistence,legislativeResponseCredibility,registered-component,-0.5501838674139401,-0.5509979050964725,-0.5494092912030553,0.0004266392205509201,120,2000
frozen-generator,baseline,weak-form-off-v-current,weak-form,weak-form-no-response,current-federal-court,persistence,timelyLegislativeResponseRate,registered-component,0.0,0.0,0.0,0.0,120,2000
frozen-generator,baseline,weak-form-off-v-current,weak-form,weak-form-no-response,current-federal-court,persistence,rightsProtection,registered-component,0.003553276834556986,0.0014895420922079435,0.005664934920016105,0.001063333718106421,120,2000
frozen-generator,baseline,weak-form-off-v-current,weak-form,weak-form-no-response,current-federal-court,persistence,complianceRate,registered-component,0.35864583333333333,0.3412473958333333,0.37479427083333333,0.00881130464176348,120,2000
frozen-generator,baseline,weak-form-off-v-current,weak-form,weak-form-no-response,current-federal-court,persistence,democraticResponsiveness,registered-component,0.033762620550287066,0.03159145734682839,0.03604392567779367,0.001209022118105353,120,2000
frozen-generator,baseline,weak-form-off-v-current,weak-form,weak-form-no-response,current-federal-court,persistence,vetoRelocationRisk,registered-component,-0.29527983136981195,-0.29575900444874814,-0.2947929962241966,0.00025000094042719424,120,2000
frozen-generator,baseline,weak-form-off-v-current,weak-form,weak-form-no-response,current-federal-court,persistence,totalInstitutionalCost,registered-diagnostic,-0.09556731125600629,-0.09575954342805587,-0.09537090710565312,9.877813261005715e-05,120,2000
frozen-generator,baseline,weak-form-off-v-current,weak-form,weak-form-no-response,current-federal-court,persistence,averageLegislativeResponseDelay,additional-diagnostic,0.0,0.0,0.0,0.0,120,2000
frozen-generator,emergencyPressure-low,emergency-base,emergency,reasoned-emergency-review,current-federal-court,base,emergencyReasonGivingRate,registered-component,-0.013072390572390572,-0.03284164562289563,0.009863741582491568,0.01081992378781879,120,2000
frozen-generator,emergencyPressure-low,emergency-base,emergency,reasoned-emergency-review,current-federal-court,base,meritsFollowUpRate,registered-component,0.016666666666666666,0.0,0.041666666666666664,0.011735491270876315,120,2000
frozen-generator,emergencyPressure-low,emergency-base,emergency,reasoned-emergency-review,current-federal-court,base,averageTimeToReview,registered-component,0.0,0.0,0.0,0.0,120,2000
frozen-generator,emergencyPressure-low,emergency-base,emergency,reasoned-emergency-review,current-federal-court,base,totalInstitutionalCost,registered-component,0.013712440394173525,0.013631483101504803,0.013792634305642546,4.092434740256365e-05,120,2000
frozen-generator,emergencyPressure-low,emergency-base,emergency,reasoned-emergency-review,current-federal-court,base,shadowDocketAbuse,registered-component,-0.046068724217799416,-0.049606769152563485,-0.04245752527217923,0.0018779996830169436,120,2000
frozen-generator,emergencyPressure-low,emergency-base,emergency,reasoned-emergency-review,current-federal-court,base,institutionalDelayCost,additional-diagnostic,0.002887927081160882,0.0027914785785931764,0.0029832843073810717,4.9070844589132575e-05,120,2000
frozen-generator,emergencyPressure-low,screening-base,screening,constitutional-council,current-federal-court,base,directCourtCost,registered-diagnostic,0.1375280666666667,0.13741691250000004,0.13763779270833337,5.781674024750884e-05,120,2000
frozen-generator,emergencyPressure-low,screening-base,screening,constitutional-council,current-federal-court,base,upstreamScreeningCost,registered-component,0.0004331949872358141,0.0003993208332512822,0.00046818206999106105,1.7643825211726087e-05,120,2000
frozen-generator,emergencyPressure-low,screening-base,screening,constitutional-council,current-federal-court,base,capacityStrainCost,registered-diagnostic,0.07926054665815725,0.07889439554122568,0.07961684653560508,0.00018485890181488612,120,2000
frozen-generator,emergencyPressure-low,screening-base,screening,constitutional-council,current-federal-court,base,totalInstitutionalCost,registered-diagnostic,0.08602351907989862,0.08593673335511337,0.08610720989351894,4.437469871380614e-05,120,2000
frozen-generator,emergencyPressure-low,screening-base,screening,constitutional-council,current-federal-court,base,intakeAcceptanceRate,registered-diagnostic,-0.00015372829733619752,-0.00016648030688194162,-0.0001414543898800877,6.374611433601854e-06,120,2000
frozen-generator,emergencyPressure-low,screening-base,screening,constitutional-council,current-federal-court,base,councilScreenRate,registered-component,1.0,1.0,1.0,0.0,120,2000
frozen-generator,emergencyPressure-low,screening-base,screening,constitutional-council,current-federal-court,base,administrativeLoad,additional-diagnostic,0.2682708333333334,0.2676655625000001,0.26885859375,0.0003134027483602165,120,2000
frozen-generator,emergencyPressure-low,weak-form-base,weak-form,weak-form-review,current-federal-court,base,legislativeResponseRate,registered-component,0.34322916666666664,0.33375,0.35229166666666667,0.004954926020730787,120,2000
frozen-generator,emergencyPressure-low,weak-form-base,weak-form,weak-form-review,current-federal-court,base,legislativeResponseCredibility,registered-component,0.05832291666666659,0.05701015624999992,0.05950427083333321,0.0006531007424383927,120,2000
frozen-generator,emergencyPressure-low,weak-form-base,weak-form,weak-form-review,current-federal-court,base,timelyLegislativeResponseRate,registered-component,0.08294049438651223,0.07450342419421851,0.09150220986012159,0.004481264239808394,120,2000
frozen-generator,emergencyPressure-low,weak-form-base,weak-form,weak-form-review,current-federal-court,base,rightsProtection,registered-component,-0.005493846719736018,-0.0065899554223973755,-0.004369947413260524,0.0005880637536519836,120,2000
frozen-generator,emergencyPressure-low,weak-form-base,weak-form,weak-form-review,current-federal-court,base,complianceRate,registered-component,0.30114583333333333,0.2828125,0.3193776041666667,0.00904804015610194,120,2000
frozen-generator,emergencyPressure-low,weak-form-base,weak-form,weak-form-review,current-federal-court,base,democraticResponsiveness,registered-component,0.0537407582656502,0.051611069332383123,0.05581079366523292,0.0011205076565234727,120,2000
frozen-generator,emergencyPressure-low,weak-form-base,weak-form,weak-form-review,current-federal-court,base,vetoRelocationRisk,registered-component,-0.3577701194534283,-0.35914550015916163,-0.3563014422236018,0.0007586933824185223,120,2000
frozen-generator,emergencyPressure-low,weak-form-base,weak-form,weak-form-review,current-federal-court,base,totalInstitutionalCost,registered-diagnostic,-0.09075225441381482,-0.09088433780521474,-0.09061893260997478,7.011579947241984e-05,120,2000
frozen-generator,emergencyPressure-low,weak-form-base,weak-form,weak-form-review,current-federal-court,base,averageLegislativeResponseDelay,additional-diagnostic,0.41546772079259575,0.4136170642064015,0.41730536630784476,0.0009678104641877999,120,2000
frozen-generator,emergencyPressure-low,emergency-ablation,emergency,reasoned-with-fast-procedure,reasoned-emergency-review,ablation,emergencyReasonGivingRate,registered-component,0.1699669312169312,0.13021511243386247,0.20939748677248674,0.019927455529576907,120,2000
frozen-generator,emergencyPressure-low,emergency-ablation,emergency,reasoned-with-fast-procedure,reasoned-emergency-review,ablation,meritsFollowUpRate,registered-component,-0.016666666666666666,-0.041666666666666664,0.0,0.011735491270876315,120,2000
frozen-generator,emergencyPressure-low,emergency-ablation,emergency,reasoned-with-fast-procedure,reasoned-emergency-review,ablation,averageTimeToReview,registered-component,0.0,0.0,0.0,0.0,120,2000
frozen-generator,emergencyPressure-low,emergency-ablation,emergency,reasoned-with-fast-procedure,reasoned-emergency-review,ablation,totalInstitutionalCost,registered-component,-0.008268659765711608,-0.008354980044554556,-0.00818253024837467,4.7084672049394655e-05,120,2000
frozen-generator,emergencyPressure-low,emergency-ablation,emergency,reasoned-with-fast-procedure,reasoned-emergency-review,ablation,shadowDocketAbuse,registered-component,0.0504239729602979,0.04650071678466948,0.05456388196431017,0.002125533234482428,120,2000
frozen-generator,emergencyPressure-low,emergency-ablation,emergency,reasoned-with-fast-procedure,reasoned-emergency-review,ablation,institutionalDelayCost,additional-diagnostic,-0.001381947058725358,-0.0014901822678729827,-0.0012783683827806498,5.633976027475143e-05,120,2000
frozen-generator,emergencyPressure-low,screening-ablation,screening,council-with-full-court-structure,constitutional-council,ablation,directCourtCost,registered-diagnostic,-0.09720000000000001,-0.09733210500000002,-0.09706767375,6.728283564170791e-05,120,2000
frozen-generator,emergencyPressure-low,screening-ablation,screening,council-with-full-court-structure,constitutional-council,ablation,upstreamScreeningCost,registered-component,9.834061293808224e-08,-2.087147094858854e-06,2.478051031287731e-06,1.1054045004414478e-06,120,2000
frozen-generator,emergencyPressure-low,screening-ablation,screening,council-with-full-court-structure,constitutional-council,ablation,capacityStrainCost,registered-diagnostic,-0.04319993443959143,-0.0432860168800314,-0.043114505321928044,4.3476647081256235e-05,120,2000
frozen-generator,emergencyPressure-low,screening-ablation,screening,council-with-full-court-structure,constitutional-council,ablation,totalInstitutionalCost,registered-diagnostic,-0.05026220069653505,-0.05032516480096418,-0.05019993450111271,3.167312793395862e-05,120,2000
frozen-generator,emergencyPressure-low,screening-ablation,screening,council-with-full-court-structure,constitutional-council,ablation,intakeAcceptanceRate,registered-diagnostic,-5.7400004005332224e-08,-9.410264967967333e-07,7.128614808755298e-07,4.06719185340816e-07,120,2000
frozen-generator,emergencyPressure-low,screening-ablation,screening,council-with-full-court-structure,constitutional-council,ablation,councilScreenRate,registered-component,-1.0,-1.0,-1.0,0.0,120,2000
frozen-generator,emergencyPressure-low,screening-ablation,screening,council-with-full-court-structure,constitutional-council,ablation,administrativeLoad,additional-diagnostic,-0.24000000000000013,-0.2404762968750001,-0.23952831250000012,0.0002395419371130114,120,2000
frozen-generator,emergencyPressure-low,weak-form-half,weak-form,weak-form-half-response,weak-form-review,ablation,legislativeResponseRate,registered-component,-0.17020833333333335,-0.17802083333333335,-0.16208333333333333,0.004221064720140561,120,2000
frozen-generator,emergencyPressure-low,weak-form-half,weak-form,weak-form-half-response,weak-form-review,ablation,legislativeResponseCredibility,registered-component,-0.3098598134650035,-0.310985676393619,-0.3086846699294832,0.0005991168238928768,120,2000
frozen-generator,emergencyPressure-low,weak-form-half,weak-form,weak-form-half-response,weak-form-review,ablation,timelyLegislativeResponseRate,registered-component,-0.08294049438651223,-0.0915022098601216,-0.07450342419421851,0.004481264239808394,120,2000
frozen-generator,emergencyPressure-low,weak-form-half,weak-form,weak-form-half-response,weak-form-review,ablation,rightsProtection,registered-component,-0.015242816830600265,-0.016118978634196143,-0.014364572982258466,0.00045106251016517005,120,2000
frozen-generator,emergencyPressure-low,weak-form-half,weak-form,weak-form-half-response,weak-form-review,ablation,complianceRate,registered-component,-0.00458333333333334,-0.018127604166666672,0.009687499999999993,0.007381672391916841,120,2000
frozen-generator,emergencyPressure-low,weak-form-half,weak-form,weak-form-half-response,weak-form-review,ablation,democraticResponsiveness,registered-component,-0.02699297843790705,-0.02813951413602276,-0.025914269903084756,0.0005951806606412891,120,2000
frozen-generator,emergencyPressure-low,weak-form-half,weak-form,weak-form-half-response,weak-form-review,ablation,vetoRelocationRisk,registered-component,0.027280913731317035,0.02608516311705411,0.028451987757019355,0.0006305765035872295,120,2000
frozen-generator,emergencyPressure-low,weak-form-half,weak-form,weak-form-half-response,weak-form-review,ablation,totalInstitutionalCost,registered-diagnostic,-0.0015962929270607273,-0.0016799685910381169,-0.0015103794171091947,4.468699112767661e-05,120,2000
frozen-generator,emergencyPressure-low,weak-form-half,weak-form,weak-form-half-response,weak-form-review,ablation,averageLegislativeResponseDelay,additional-diagnostic,0.08060214321637935,0.07724655911406195,0.08384971747684547,0.0016829334803137713,120,2000
frozen-generator,emergencyPressure-low,weak-form-off,weak-form,weak-form-no-response,weak-form-review,ablation,legislativeResponseRate,registered-component,-0.34322916666666664,-0.35229166666666667,-0.33375,0.004954926020730787,120,2000
frozen-generator,emergencyPressure-low,weak-form-off,weak-form,weak-form-no-response,weak-form-review,ablation,legislativeResponseCredibility,registered-component,-0.620057126930007,-0.6216715219624869,-0.6183967839907181,0.0008670839258957565,120,2000
frozen-generator,emergencyPressure-low,weak-form-off,weak-form,weak-form-no-response,weak-form-review,ablation,timelyLegislativeResponseRate,registered-component,-0.08294049438651223,-0.0915022098601216,-0.07450342419421851,0.004481264239808394,120,2000
frozen-generator,emergencyPressure-low,weak-form-off,weak-form,weak-form-no-response,weak-form-review,ablation,rightsProtection,registered-component,-0.026808226800913586,-0.027844066736999646,-0.025738539966604475,0.0005354738522383747,120,2000
frozen-generator,emergencyPressure-low,weak-form-off,weak-form,weak-form-no-response,weak-form-review,ablation,complianceRate,registered-component,-0.01458333333333334,-0.028648437500000005,-0.001140625000000031,0.007208281722909101,120,2000
frozen-generator,emergencyPressure-low,weak-form-off,weak-form,weak-form-no-response,weak-form-review,ablation,democraticResponsiveness,registered-component,-0.05390412886795733,-0.05524222186472182,-0.05248512378924938,0.0007348672156099241,120,2000
frozen-generator,emergencyPressure-low,weak-form-off,weak-form,weak-form-no-response,weak-form-review,ablation,vetoRelocationRisk,registered-component,0.0549986110986418,0.05354602551716795,0.056367163397780536,0.0007500385164317871,120,2000
frozen-generator,emergencyPressure-low,weak-form-off,weak-form,weak-form-no-response,weak-form-review,ablation,totalInstitutionalCost,registered-diagnostic,-0.003242087544954794,-0.0033303590009339606,-0.0031506279834565575,4.7277803735579374e-05,120,2000
frozen-generator,emergencyPressure-low,weak-form-off,weak-form,weak-form-no-response,weak-form-review,ablation,averageLegislativeResponseDelay,additional-diagnostic,-0.41546772079259575,-0.41730536630784476,-0.4136170642064015,0.0009678104641877999,120,2000
frozen-generator,emergencyPressure-low,weak-form-half-v-current,weak-form,weak-form-half-response,current-federal-court,persistence,legislativeResponseRate,registered-component,0.17302083333333332,0.16562239583333332,0.18041666666666664,0.003908294866264742,120,2000
frozen-generator,emergencyPressure-low,weak-form-half-v-current,weak-form,weak-form-half-response,current-federal-court,persistence,legislativeResponseCredibility,registered-component,-0.2515368967983369,-0.2521869042129343,-0.25090912189400233,0.00033114438181346405,120,2000
frozen-generator,emergencyPressure-low,weak-form-half-v-current,weak-form,weak-form-half-response,current-federal-court,persistence,timelyLegislativeResponseRate,registered-component,0.0,0.0,0.0,0.0,120,2000
frozen-generator,emergencyPressure-low,weak-form-half-v-current,weak-form,weak-form-half-response,current-federal-court,persistence,rightsProtection,registered-component,-0.020736663550336282,-0.02207990874059505,-0.019396711825956883,0.0006977310399163859,120,2000
frozen-generator,emergencyPressure-low,weak-form-half-v-current,weak-form,weak-form-half-response,current-federal-court,persistence,complianceRate,registered-component,0.2965625,0.2769739583333333,0.3154166666666667,0.009838242784966143,120,2000
frozen-generator,emergencyPressure-low,weak-form-half-v-current,weak-form,weak-form-half-response,current-federal-court,persistence,democraticResponsiveness,registered-component,0.026747779827743148,0.024572469766275733,0.028936171295343843,0.0011282670143210995,120,2000
frozen-generator,emergencyPressure-low,weak-form-half-v-current,weak-form,weak-form-half-response,current-federal-court,persistence,vetoRelocationRisk,registered-component,-0.33048920572211127,-0.33168296831661703,-0.3292802757843077,0.0006332002640011074,120,2000
frozen-generator,emergencyPressure-low,weak-form-half-v-current,weak-form,weak-form-half-response,current-federal-court,persistence,totalInstitutionalCost,registered-diagnostic,-0.09234854734087555,-0.0924705482276182,-0.09222512942523477,6.6152903791039e-05,120,2000
frozen-generator,emergencyPressure-low,weak-form-half-v-current,weak-form,weak-form-half-response,current-federal-court,persistence,averageLegislativeResponseDelay,additional-diagnostic,0.49606986400897507,0.4934059755703556,0.49869755226165524,0.0013839812941095714,120,2000
frozen-generator,emergencyPressure-low,weak-form-off-v-current,weak-form,weak-form-no-response,current-federal-court,persistence,legislativeResponseRate,registered-component,0.0,0.0,0.0,0.0,120,2000
frozen-generator,emergencyPressure-low,weak-form-off-v-current,weak-form,weak-form-no-response,current-federal-court,persistence,legislativeResponseCredibility,registered-component,-0.5617342102633405,-0.5625199489445657,-0.5609336457873441,0.00041358389561334735,120,2000
frozen-generator,emergencyPressure-low,weak-form-off-v-current,weak-form,weak-form-no-response,current-federal-court,persistence,timelyLegislativeResponseRate,registered-component,0.0,0.0,0.0,0.0,120,2000
frozen-generator,emergencyPressure-low,weak-form-off-v-current,weak-form,weak-form-no-response,current-federal-court,persistence,rightsProtection,registered-component,-0.0323020735206496,-0.03379851299443501,-0.030785910878403638,0.0007663805973639573,120,2000
frozen-generator,emergencyPressure-low,weak-form-off-v-current,weak-form,weak-form-no-response,current-federal-court,persistence,complianceRate,registered-component,0.2865625,0.26895572916666666,0.3041718749999999,0.008972952983360418,120,2000
frozen-generator,emergencyPressure-low,weak-form-off-v-current,weak-form,weak-form-no-response,current-federal-court,persistence,democraticResponsiveness,registered-component,-0.0001633706023071187,-0.002008461260983972,0.001671644848229491,0.00094841822420518,120,2000
frozen-generator,emergencyPressure-low,weak-form-off-v-current,weak-form,weak-form-no-response,current-federal-court,persistence,vetoRelocationRisk,registered-component,-0.3027715083547865,-0.30306396993989754,-0.30247641980561973,0.00014983121591615698,120,2000
frozen-generator,emergencyPressure-low,weak-form-off-v-current,weak-form,weak-form-no-response,current-federal-court,persistence,totalInstitutionalCost,registered-diagnostic,-0.09399434195876961,-0.09408056698949303,-0.09391287760658555,4.349435529253539e-05,120,2000
frozen-generator,emergencyPressure-low,weak-form-off-v-current,weak-form,weak-form-no-response,current-federal-court,persistence,averageLegislativeResponseDelay,additional-diagnostic,0.0,0.0,0.0,0.0,120,2000
frozen-generator,emergencyPressure-high,emergency-base,emergency,reasoned-emergency-review,current-federal-court,base,emergencyReasonGivingRate,registered-component,0.8522242358549957,0.844315396404403,0.8602079161038356,0.0041617482059667634,120,2000
frozen-generator,emergencyPressure-high,emergency-base,emergency,reasoned-emergency-review,current-federal-court,base,meritsFollowUpRate,registered-component,1.0,1.0,1.0,0.0,120,2000
frozen-generator,emergencyPressure-high,emergency-base,emergency,reasoned-emergency-review,current-federal-court,base,averageTimeToReview,registered-component,0.0,0.0,0.0,0.0,120,2000
frozen-generator,emergencyPressure-high,emergency-base,emergency,reasoned-emergency-review,current-federal-court,base,totalInstitutionalCost,registered-component,0.011626879375700703,0.011515361313885586,0.011742990873633289,5.892512152096966e-05,120,2000
frozen-generator,emergencyPressure-high,emergency-base,emergency,reasoned-emergency-review,current-federal-court,base,shadowDocketAbuse,registered-component,-0.8280151123572862,-0.8308279494102591,-0.8252675553116502,0.0014379664984377931,120,2000
frozen-generator,emergencyPressure-high,emergency-base,emergency,reasoned-emergency-review,current-federal-court,base,institutionalDelayCost,additional-diagnostic,0.005779120996717567,0.005636861293671645,0.005922125008110184,7.698589315445743e-05,120,2000
frozen-generator,emergencyPressure-high,screening-base,screening,constitutional-council,current-federal-court,base,directCourtCost,registered-diagnostic,0.13707334166666665,0.13696353541666667,0.13718964270833334,6.0789961779870145e-05,120,2000
frozen-generator,emergencyPressure-high,screening-base,screening,constitutional-council,current-federal-court,base,upstreamScreeningCost,registered-component,0.0009961567884825319,0.0009436726169507343,0.0010495388176587968,2.7927301352725934e-05,120,2000
frozen-generator,emergencyPressure-high,screening-base,screening,constitutional-council,current-federal-court,base,capacityStrainCost,registered-diagnostic,0.073810942025655,0.07328518411204714,0.0743218827359888,0.0002700499772033949,120,2000
frozen-generator,emergencyPressure-high,screening-base,screening,constitutional-council,current-federal-court,base,totalInstitutionalCost,registered-diagnostic,0.08498877586396354,0.08487471296803384,0.08510335514223392,5.8553196465133055e-05,120,2000
frozen-generator,emergencyPressure-high,screening-base,screening,constitutional-council,current-federal-court,base,intakeAcceptanceRate,registered-diagnostic,-0.0004422979154420804,-0.00046573407298005324,-0.0004187843182559811,1.2428571895260898e-05,120,2000
frozen-generator,emergencyPressure-high,screening-base,screening,constitutional-council,current-federal-court,base,councilScreenRate,registered-component,1.0,1.0,1.0,0.0,120,2000
frozen-generator,emergencyPressure-high,screening-base,screening,constitutional-council,current-federal-court,base,administrativeLoad,additional-diagnostic,0.2612227083333334,0.2604179739583334,0.262018140625,0.00040936707054279833,120,2000
frozen-generator,emergencyPressure-high,weak-form-base,weak-form,weak-form-review,current-federal-court,base,legislativeResponseRate,registered-component,0.1953125,0.18802083333333333,0.2029166666666667,0.0038407053511741586,120,2000
frozen-generator,emergencyPressure-high,weak-form-base,weak-form,weak-form-review,current-federal-court,base,legislativeResponseCredibility,registered-component,0.05526041666666661,0.05409161458333328,0.056462499999999964,0.0006059924539822101,120,2000
frozen-generator,emergencyPressure-high,weak-form-base,weak-form,weak-form-review,current-federal-court,base,timelyLegislativeResponseRate,registered-component,0.012140072761202792,0.006938100331506871,0.01785930257500497,0.0027996815934763293,120,2000
frozen-generator,emergencyPressure-high,weak-form-base,weak-form,weak-form-review,current-federal-court,base,rightsProtection,registered-component,0.059780764390000456,0.057628302135579526,0.06223118613423582,0.0011995286484191084,120,2000
frozen-generator,emergencyPressure-high,weak-form-base,weak-form,weak-form-review,current-federal-court,base,complianceRate,registered-component,0.19916666666666666,0.17791406249999997,0.22177083333333333,0.011087700009617323,120,2000
frozen-generator,emergencyPressure-high,weak-form-base,weak-form,weak-form-review,current-federal-court,base,democraticResponsiveness,registered-component,0.10881764096600652,0.10630625099725095,0.11135734743878058,0.0013092551617975424,120,2000
frozen-generator,emergencyPressure-high,weak-form-base,weak-form,weak-form-review,current-federal-court,base,vetoRelocationRisk,registered-component,-0.2968571550514037,-0.2981510018450939,-0.2955831868622397,0.0006666360441267737,120,2000
frozen-generator,emergencyPressure-high,weak-form-base,weak-form,weak-form-review,current-federal-court,base,totalInstitutionalCost,registered-diagnostic,-0.08436301316844447,-0.08454780189822664,-0.08417351524149301,9.617284286328496e-05,120,2000
frozen-generator,emergencyPressure-high,weak-form-base,weak-form,weak-form-review,current-federal-court,base,averageLegislativeResponseDelay,additional-diagnostic,0.43423171370996166,0.4313723899925104,0.4370099911966817,0.0014740053065844863,120,2000
frozen-generator,emergencyPressure-high,emergency-ablation,emergency,reasoned-with-fast-procedure,reasoned-emergency-review,ablation,emergencyReasonGivingRate,registered-component,-0.7015898710987956,-0.7113487436182423,-0.6915960205879712,0.005212522534797314,120,2000
frozen-generator,emergencyPressure-high,emergency-ablation,emergency,reasoned-with-fast-procedure,reasoned-emergency-review,ablation,meritsFollowUpRate,registered-component,-1.0,-1.0,-1.0,0.0,120,2000
frozen-generator,emergencyPressure-high,emergency-ablation,emergency,reasoned-with-fast-procedure,reasoned-emergency-review,ablation,averageTimeToReview,registered-component,0.0,0.0,0.0,0.0,120,2000
frozen-generator,emergencyPressure-high,emergency-ablation,emergency,reasoned-with-fast-procedure,reasoned-emergency-review,ablation,totalInstitutionalCost,registered-component,-0.006270009821889502,-0.006387287503314164,-0.006157717352319377,5.9826610904653e-05,120,2000
frozen-generator,emergencyPressure-high,emergency-ablation,emergency,reasoned-with-fast-procedure,reasoned-emergency-review,ablation,shadowDocketAbuse,registered-component,0.7970332224880675,0.7942463351309181,0.8000116659671039,0.0014870252680629842,120,2000
frozen-generator,emergencyPressure-high,emergency-ablation,emergency,reasoned-with-fast-procedure,reasoned-emergency-review,ablation,institutionalDelayCost,additional-diagnostic,-0.004111093916471397,-0.00425076378474182,-0.0039623427346461996,7.476536787466157e-05,120,2000
frozen-generator,emergencyPressure-high,screening-ablation,screening,council-with-full-court-structure,constitutional-council,ablation,directCourtCost,registered-diagnostic,-0.09723924166666666,-0.09738144749999998,-0.0971096964583333,7.091773353251323e-05,120,2000
frozen-generator,emergencyPressure-high,screening-ablation,screening,council-with-full-court-structure,constitutional-council,ablation,upstreamScreeningCost,registered-component,-3.325259810317653e-05,-9.176363308979228e-05,2.6311468921171023e-05,3.0247696008025496e-05,120,2000
frozen-generator,emergencyPressure-high,screening-ablation,screening,council-with-full-court-structure,constitutional-council,ablation,capacityStrainCost,registered-diagnostic,-0.042921055898735454,-0.043524715477497034,-0.04234777525656815,0.0003051916383815143,120,2000
frozen-generator,emergencyPressure-high,screening-ablation,screening,council-with-full-court-structure,constitutional-council,ablation,totalInstitutionalCost,registered-diagnostic,-0.05023243366587528,-0.05037054929507485,-0.05010558150667921,6.836045864153353e-05,120,2000
frozen-generator,emergencyPressure-high,screening-ablation,screening,council-with-full-court-structure,constitutional-council,ablation,intakeAcceptanceRate,registered-diagnostic,1.3938461113888767e-05,-1.2075373953290919e-05,3.993096615416192e-05,1.3365763537148732e-05,120,2000
frozen-generator,emergencyPressure-high,screening-ablation,screening,council-with-full-court-structure,constitutional-council,ablation,councilScreenRate,registered-component,-1.0,-1.0,-1.0,0.0,120,2000
frozen-generator,emergencyPressure-high,screening-ablation,screening,council-with-full-court-structure,constitutional-council,ablation,administrativeLoad,additional-diagnostic,-0.23982020833333334,-0.24079945833333335,-0.23893459895833338,0.0004765507356272441,120,2000
frozen-generator,emergencyPressure-high,weak-form-half,weak-form,weak-form-half-response,weak-form-review,ablation,legislativeResponseRate,registered-component,-0.09656250000000001,-0.10291666666666667,-0.09010416666666667,0.0033471870506383092,120,2000
frozen-generator,emergencyPressure-high,weak-form-half,weak-form,weak-form-half-response,weak-form-review,ablation,legislativeResponseCredibility,registered-component,-0.29320504056364033,-0.2940699682481393,-0.29236569873086776,0.0004279542659349014,120,2000
frozen-generator,emergencyPressure-high,weak-form-half,weak-form,weak-form-half-response,weak-form-review,ablation,timelyLegislativeResponseRate,registered-component,-0.012140072761202792,-0.01785930257500497,-0.006938100331506875,0.0027996815934763293,120,2000
frozen-generator,emergencyPressure-high,weak-form-half,weak-form,weak-form-half-response,weak-form-review,ablation,rightsProtection,registered-component,0.001216419420801094,-1.689517953421537e-05,0.0024680425456118367,0.0006350268210336198,120,2000
frozen-generator,emergencyPressure-high,weak-form-half,weak-form,weak-form-half-response,weak-form-review,ablation,complianceRate,registered-component,-0.0215625,-0.04583333333333332,0.003023437499999986,0.012267589501950877,120,2000
frozen-generator,emergencyPressure-high,weak-form-half,weak-form,weak-form-half-response,weak-form-review,ablation,democraticResponsiveness,registered-component,-0.011449320786818139,-0.013177551923515426,-0.009787979466908738,0.0008641155074982631,120,2000
frozen-generator,emergencyPressure-high,weak-form-half,weak-form,weak-form-half-response,weak-form-review,ablation,vetoRelocationRisk,registered-component,0.015672337321247013,0.014582966347748364,0.01674511157687479,0.000561481136085165,120,2000
frozen-generator,emergencyPressure-high,weak-form-half,weak-form,weak-form-half-response,weak-form-review,ablation,totalInstitutionalCost,registered-diagnostic,-0.0007946307060210702,-0.0009877171235910438,-0.0005999198002722562,9.882866797849321e-05,120,2000
frozen-generator,emergencyPressure-high,weak-form-half,weak-form,weak-form-half-response,weak-form-review,ablation,averageLegislativeResponseDelay,additional-diagnostic,0.07275184248119186,0.06816796007317298,0.07754147419574747,0.002464231768706496,120,2000
frozen-generator,emergencyPressure-high,weak-form-off,weak-form,weak-form-no-response,weak-form-review,ablation,legislativeResponseRate,registered-component,-0.1953125,-0.2029166666666667,-0.18802083333333333,0.0038407053511741586,120,2000
frozen-generator,emergencyPressure-high,weak-form-off,weak-form,weak-form-no-response,weak-form-review,ablation,legislativeResponseCredibility,registered-component,-0.5862413311272807,-0.587484622519486,-0.5850932836098005,0.0006073894150728924,120,2000
frozen-generator,emergencyPressure-high,weak-form-off,weak-form,weak-form-no-response,weak-form-review,ablation,timelyLegislativeResponseRate,registered-component,-0.012140072761202792,-0.01785930257500497,-0.006938100331506875,0.0027996815934763293,120,2000
frozen-generator,emergencyPressure-high,weak-form-off,weak-form,weak-form-no-response,weak-form-review,ablation,rightsProtection,registered-component,0.0035692359485069805,0.0021907825006472308,0.004894584873082632,0.0006735028201592072,120,2000
frozen-generator,emergencyPressure-high,weak-form-off,weak-form,weak-form-no-response,weak-form-review,ablation,complianceRate,registered-component,-0.03666666666666667,-0.06041927083333334,-0.014166666666666673,0.011710663837958843,120,2000
frozen-generator,emergencyPressure-high,weak-form-off,weak-form,weak-form-no-response,weak-form-review,ablation,democraticResponsiveness,registered-component,-0.024272909978271674,-0.02613592916949777,-0.022549389828524044,0.0009063113917986637,120,2000
frozen-generator,emergencyPressure-high,weak-form-off,weak-form,weak-form-no-response,weak-form-review,ablation,vetoRelocationRisk,registered-component,0.03143473105337439,0.03021485211264726,0.03269621106273921,0.0006433658372906905,120,2000
frozen-generator,emergencyPressure-high,weak-form-off,weak-form,weak-form-no-response,weak-form-review,ablation,totalInstitutionalCost,registered-diagnostic,-0.0017298411769772531,-0.0019415732764073532,-0.0015255000039888001,0.00010591272691926035,120,2000
frozen-generator,emergencyPressure-high,weak-form-off,weak-form,weak-form-no-response,weak-form-review,ablation,averageLegislativeResponseDelay,additional-diagnostic,-0.43423171370996166,-0.4370099911966817,-0.4313723899925104,0.0014740053065844863,120,2000
frozen-generator,emergencyPressure-high,weak-form-half-v-current,weak-form,weak-form-half-response,current-federal-court,persistence,legislativeResponseRate,registered-component,0.09874999999999999,0.09281249999999999,0.10479427083333333,0.0030761233743147563,120,2000
frozen-generator,emergencyPressure-high,weak-form-half-v-current,weak-form,weak-form-half-response,current-federal-court,persistence,legislativeResponseCredibility,registered-component,-0.2379446238969737,-0.2386366014470622,-0.23724207777669923,0.0003491814767095457,120,2000
frozen-generator,emergencyPressure-high,weak-form-half-v-current,weak-form,weak-form-half-response,current-federal-court,persistence,timelyLegislativeResponseRate,registered-component,0.0,0.0,0.0,0.0,120,2000
frozen-generator,emergencyPressure-high,weak-form-half-v-current,weak-form,weak-form-half-response,current-federal-court,persistence,rightsProtection,registered-component,0.060997183810801554,0.05882872815682012,0.06326472551021939,0.0011592575107045632,120,2000
frozen-generator,emergencyPressure-high,weak-form-half-v-current,weak-form,weak-form-half-response,current-federal-court,persistence,complianceRate,registered-component,0.17760416666666667,0.15811979166666665,0.19760677083333336,0.010463371311859797,120,2000
frozen-generator,emergencyPressure-high,weak-form-half-v-current,weak-form,weak-form-half-response,current-federal-court,persistence,democraticResponsiveness,registered-component,0.0973683201791884,0.09480014727998473,0.09996983448709496,0.0013374088787394434,120,2000
frozen-generator,emergencyPressure-high,weak-form-half-v-current,weak-form,weak-form-half-response,current-federal-court,persistence,vetoRelocationRisk,registered-component,-0.28118481773015674,-0.2822249069901978,-0.28016197432599105,0.000537184091284187,120,2000
frozen-generator,emergencyPressure-high,weak-form-half-v-current,weak-form,weak-form-half-response,current-federal-court,persistence,totalInstitutionalCost,registered-diagnostic,-0.08515764387446552,-0.08534807332261532,-0.08496195743986132,9.92119247436348e-05,120,2000
frozen-generator,emergencyPressure-high,weak-form-half-v-current,weak-form,weak-form-half-response,current-federal-court,persistence,averageLegislativeResponseDelay,additional-diagnostic,0.5069835561911535,0.5030262513102226,0.5109826587081963,0.002070671188020042,120,2000
frozen-generator,emergencyPressure-high,weak-form-off-v-current,weak-form,weak-form-no-response,current-federal-court,persistence,legislativeResponseRate,registered-component,0.0,0.0,0.0,0.0,120,2000
frozen-generator,emergencyPressure-high,weak-form-off-v-current,weak-form,weak-form-no-response,current-federal-court,persistence,legislativeResponseCredibility,registered-component,-0.530980914460614,-0.5315124303616416,-0.530447960250025,0.0002650671911931888,120,2000
frozen-generator,emergencyPressure-high,weak-form-off-v-current,weak-form,weak-form-no-response,current-federal-court,persistence,timelyLegislativeResponseRate,registered-component,0.0,0.0,0.0,0.0,120,2000
frozen-generator,emergencyPressure-high,weak-form-off-v-current,weak-form,weak-form-no-response,current-federal-court,persistence,rightsProtection,registered-component,0.06335000033850743,0.06113235096065172,0.06569020222179393,0.0011875894050024545,120,2000
frozen-generator,emergencyPressure-high,weak-form-off-v-current,weak-form,weak-form-no-response,current-federal-court,persistence,complianceRate,registered-component,0.1625,0.14791666666666667,0.17822916666666666,0.0080619320202517,120,2000
frozen-generator,emergencyPressure-high,weak-form-off-v-current,weak-form,weak-form-no-response,current-federal-court,persistence,democraticResponsiveness,registered-component,0.08454473098773486,0.08190588073403804,0.08720426492951927,0.0013852215032681226,120,2000
frozen-generator,emergencyPressure-high,weak-form-off-v-current,weak-form,weak-form-no-response,current-federal-court,persistence,vetoRelocationRisk,registered-component,-0.26542242399802934,-0.26584719531919093,-0.2649959888239335,0.0002223100754544529,120,2000
frozen-generator,emergencyPressure-high,weak-form-off-v-current,weak-form,weak-form-no-response,current-federal-court,persistence,totalInstitutionalCost,registered-diagnostic,-0.08609285434542172,-0.08627370792098894,-0.08591865577208826,9.482492229829968e-05,120,2000
frozen-generator,emergencyPressure-high,weak-form-off-v-current,weak-form,weak-form-no-response,current-federal-court,persistence,averageLegislativeResponseDelay,additional-diagnostic,0.0,0.0,0.0,0.0,120,2000
frozen-generator,rightsThreatRate-low,emergency-base,emergency,reasoned-emergency-review,current-federal-court,base,emergencyReasonGivingRate,registered-component,0.8633939740176892,0.8381576233684311,0.8870159679286835,0.01219616067512397,120,2000
frozen-generator,rightsThreatRate-low,emergency-base,emergency,reasoned-emergency-review,current-federal-court,base,meritsFollowUpRate,registered-component,1.0,1.0,1.0,0.0,120,2000
frozen-generator,rightsThreatRate-low,emergency-base,emergency,reasoned-emergency-review,current-federal-court,base,averageTimeToReview,registered-component,0.0,0.0,0.0,0.0,120,2000
frozen-generator,rightsThreatRate-low,emergency-base,emergency,reasoned-emergency-review,current-federal-court,base,totalInstitutionalCost,registered-component,0.009736269679961971,0.00959623123234042,0.009874878078488225,7.106612598546283e-05,120,2000
frozen-generator,rightsThreatRate-low,emergency-base,emergency,reasoned-emergency-review,current-federal-court,base,shadowDocketAbuse,registered-component,-0.3091194317030948,-0.31693986714300704,-0.3015545744863357,0.0039022923599284025,120,2000
frozen-generator,rightsThreatRate-low,emergency-base,emergency,reasoned-emergency-review,current-federal-court,base,institutionalDelayCost,additional-diagnostic,0.008370523433289041,0.008185346018862016,0.00856111744716199,9.601723316614028e-05,120,2000
frozen-generator,rightsThreatRate-low,screening-base,screening,constitutional-council,current-federal-court,base,directCourtCost,registered-diagnostic,0.13592264166666668,0.135804115625,0.13604124166666667,6.166085633445257e-05,120,2000
frozen-generator,rightsThreatRate-low,screening-base,screening,constitutional-council,current-federal-court,base,upstreamScreeningCost,registered-component,0.002021499152917548,0.0019474629066061715,0.00208886417421595,3.5136563885666246e-05,120,2000
frozen-generator,rightsThreatRate-low,screening-base,screening,constitutional-council,current-federal-court,base,capacityStrainCost,registered-diagnostic,0.06407842860194507,0.06339711857927295,0.06482205765640713,0.0003520279887088342,120,2000
frozen-generator,rightsThreatRate-low,screening-base,screening,constitutional-council,current-federal-court,base,totalInstitutionalCost,registered-diagnostic,0.0830274259639494,0.08288539458354843,0.0831840618206226,7.475278458672474e-05,120,2000
frozen-generator,rightsThreatRate-low,screening-base,screening,constitutional-council,current-federal-court,base,intakeAcceptanceRate,registered-diagnostic,-0.0007523835229032904,-0.0007775737066965842,-0.0007243282806527503,1.3347300040644446e-05,120,2000
frozen-generator,rightsThreatRate-low,screening-base,screening,constitutional-council,current-federal-court,base,councilScreenRate,registered-component,1.0,1.0,1.0,0.0,120,2000
frozen-generator,rightsThreatRate-low,screening-base,screening,constitutional-council,current-federal-court,base,administrativeLoad,additional-diagnostic,0.2476264583333334,0.24665531250000006,0.24867504166666674,0.0005154623169500311,120,2000
frozen-generator,rightsThreatRate-low,weak-form-base,weak-form,weak-form-review,current-federal-court,base,legislativeResponseRate,registered-component,0.18916666666666665,0.18239583333333334,0.19645833333333332,0.003593042672850719,120,2000
frozen-generator,rightsThreatRate-low,weak-form-base,weak-form,weak-form-review,current-federal-court,base,legislativeResponseCredibility,registered-component,0.04961458333333327,0.048568645833333264,0.05073755208333326,0.0005517232983850317,120,2000
frozen-generator,rightsThreatRate-low,weak-form-base,weak-form,weak-form-review,current-federal-court,base,timelyLegislativeResponseRate,registered-component,0.07489811527413325,0.06207131477391817,0.08780059770378643,0.0064357483022188825,120,2000
frozen-generator,rightsThreatRate-low,weak-form-base,weak-form,weak-form-review,current-federal-court,base,rightsProtection,registered-component,0.028418622191577994,0.02660738631003203,0.030129959746711812,0.0009031691754481086,120,2000
frozen-generator,rightsThreatRate-low,weak-form-base,weak-form,weak-form-review,current-federal-court,base,complianceRate,registered-component,0.35020833333333334,0.333015625,0.3673984375,0.008756729271804773,120,2000
frozen-generator,rightsThreatRate-low,weak-form-base,weak-form,weak-form-review,current-federal-court,base,democraticResponsiveness,registered-component,0.06239360480412001,0.05999048171040245,0.06471626035583519,0.0012068530233634437,120,2000
frozen-generator,rightsThreatRate-low,weak-form-base,weak-form,weak-form-review,current-federal-court,base,vetoRelocationRisk,registered-component,-0.32567209670022274,-0.32681392249025726,-0.32455565416579685,0.0005838040853759905,120,2000
frozen-generator,rightsThreatRate-low,weak-form-base,weak-form,weak-form-review,current-federal-court,base,totalInstitutionalCost,registered-diagnostic,-0.09432585649903376,-0.09452479802344511,-0.09413551794092195,9.912851834382959e-05,120,2000
frozen-generator,rightsThreatRate-low,weak-form-base,weak-form,weak-form-review,current-federal-court,base,averageLegislativeResponseDelay,additional-diagnostic,0.41220018158083666,0.40971755537258425,0.4147013425011276,0.001271783328493914,120,2000
frozen-generator,rightsThreatRate-low,emergency-ablation,emergency,reasoned-with-fast-procedure,reasoned-emergency-review,ablation,emergencyReasonGivingRate,registered-component,-0.7132576459511247,-0.7370242339804506,-0.6878828002816365,0.012639664296794268,120,2000
frozen-generator,rightsThreatRate-low,emergency-ablation,emergency,reasoned-with-fast-procedure,reasoned-emergency-review,ablation,meritsFollowUpRate,registered-component,-1.0,-1.0,-1.0,0.0,120,2000
frozen-generator,rightsThreatRate-low,emergency-ablation,emergency,reasoned-with-fast-procedure,reasoned-emergency-review,ablation,averageTimeToReview,registered-component,0.0,0.0,0.0,0.0,120,2000
frozen-generator,rightsThreatRate-low,emergency-ablation,emergency,reasoned-with-fast-procedure,reasoned-emergency-review,ablation,totalInstitutionalCost,registered-component,-0.004372570805635924,-0.004515392304522646,-0.00424029855821284,6.995908082945203e-05,120,2000
frozen-generator,rightsThreatRate-low,emergency-ablation,emergency,reasoned-with-fast-procedure,reasoned-emergency-review,ablation,shadowDocketAbuse,registered-component,0.295067747876888,0.28814467192120696,0.30217348135736916,0.003559319740074359,120,2000
frozen-generator,rightsThreatRate-low,emergency-ablation,emergency,reasoned-with-fast-procedure,reasoned-emergency-review,ablation,institutionalDelayCost,additional-diagnostic,-0.006731880264878252,-0.006914904618880341,-0.00654030463673419,9.473326509066053e-05,120,2000
frozen-generator,rightsThreatRate-low,screening-ablation,screening,council-with-full-court-structure,constitutional-council,ablation,directCourtCost,registered-diagnostic,-0.09720921666666665,-0.09734146,-0.09707510625,6.853665030215706e-05,120,2000
frozen-generator,rightsThreatRate-low,screening-ablation,screening,council-with-full-court-structure,constitutional-council,ablation,upstreamScreeningCost,registered-component,3.4623218449651255e-05,-3.0438758749557828e-05,0.00010223544000201082,3.363994827743657e-05,120,2000
frozen-generator,rightsThreatRate-low,screening-ablation,screening,council-with-full-court-structure,constitutional-council,ablation,capacityStrainCost,registered-diagnostic,-0.04344846785436692,-0.04409970441901051,-0.042824847342793924,0.0003232306954374134,120,2000
frozen-generator,rightsThreatRate-low,screening-ablation,screening,council-with-full-court-structure,constitutional-council,ablation,totalInstitutionalCost,registered-diagnostic,-0.050302924047026285,-0.05044313828752564,-0.05016735931064126,7.045132354955186e-05,120,2000
frozen-generator,rightsThreatRate-low,screening-ablation,screening,council-with-full-court-structure,constitutional-council,ablation,intakeAcceptanceRate,registered-diagnostic,-1.2719756650828491e-05,-3.688438110221554e-05,1.1394932508317993e-05,1.2341392651124176e-05,120,2000
frozen-generator,rightsThreatRate-low,screening-ablation,screening,council-with-full-court-structure,constitutional-council,ablation,councilScreenRate,registered-component,-1.0,-1.0,-1.0,0.0,120,2000
frozen-generator,rightsThreatRate-low,screening-ablation,screening,council-with-full-court-structure,constitutional-council,ablation,administrativeLoad,additional-diagnostic,-0.24029333333333341,-0.24127652604166677,-0.23935207291666677,0.0004927936331697345,120,2000
frozen-generator,rightsThreatRate-low,weak-form-half,weak-form,weak-form-half-response,weak-form-review,ablation,legislativeResponseRate,registered-component,-0.08958333333333333,-0.096875,-0.08302083333333334,0.0035575418631844644,120,2000
frozen-generator,rightsThreatRate-low,weak-form-half,weak-form,weak-form-half-response,weak-form-review,ablation,legislativeResponseCredibility,registered-component,-0.29868223574730585,-0.2996106451703745,-0.2978491550924426,0.00046214553024329406,120,2000
frozen-generator,rightsThreatRate-low,weak-form-half,weak-form,weak-form-half-response,weak-form-review,ablation,timelyLegislativeResponseRate,registered-component,-0.07489811527413325,-0.08780059770378643,-0.06207131477391817,0.0064357483022188825,120,2000
frozen-generator,rightsThreatRate-low,weak-form-half,weak-form,weak-form-half-response,weak-form-review,ablation,rightsProtection,registered-component,-0.007158235021608128,-0.008062845469265263,-0.006211400768340953,0.0004829285759784388,120,2000
frozen-generator,rightsThreatRate-low,weak-form-half,weak-form,weak-form-half-response,weak-form-review,ablation,complianceRate,registered-component,-0.0007291666666666659,-0.014895833333333332,0.013750000000000002,0.007232471556258725,120,2000
frozen-generator,rightsThreatRate-low,weak-form-half,weak-form,weak-form-half-response,weak-form-review,ablation,democraticResponsiveness,registered-component,-0.013593956233864677,-0.014829665865488449,-0.012472390770767578,0.0006002097153854466,120,2000
frozen-generator,rightsThreatRate-low,weak-form-half,weak-form,weak-form-half-response,weak-form-review,ablation,vetoRelocationRisk,registered-component,0.014640928684832636,0.013565376039949891,0.01579757541969361,0.000569108443116141,120,2000
frozen-generator,rightsThreatRate-low,weak-form-half,weak-form,weak-form-half-response,weak-form-review,ablation,totalInstitutionalCost,registered-diagnostic,-0.0006893673301425286,-0.0009245363418052554,-0.0004592114496276929,0.00011856763738346978,120,2000
frozen-generator,rightsThreatRate-low,weak-form-half,weak-form,weak-form-half-response,weak-form-review,ablation,averageLegislativeResponseDelay,additional-diagnostic,0.08186433835848729,0.0773012639980969,0.08629164866044593,0.0023002476499140974,120,2000
frozen-generator,rightsThreatRate-low,weak-form-off,weak-form,weak-form-no-response,weak-form-review,ablation,legislativeResponseRate,registered-component,-0.18916666666666665,-0.19645833333333332,-0.18239583333333334,0.003593042672850719,120,2000
frozen-generator,rightsThreatRate-low,weak-form-off,weak-form,weak-form-no-response,weak-form-review,ablation,legislativeResponseCredibility,registered-component,-0.5978332214946117,-0.5991649206398759,-0.596614051125422,0.0006527318522707261,120,2000
frozen-generator,rightsThreatRate-low,weak-form-off,weak-form,weak-form-no-response,weak-form-review,ablation,timelyLegislativeResponseRate,registered-component,-0.07489811527413325,-0.08780059770378643,-0.06207131477391817,0.0064357483022188825,120,2000
frozen-generator,rightsThreatRate-low,weak-form-off,weak-form,weak-form-no-response,weak-form-review,ablation,rightsProtection,registered-component,-0.013855762146780278,-0.014847487666265459,-0.01285372742918525,0.0005260556646286341,120,2000
frozen-generator,rightsThreatRate-low,weak-form-off,weak-form,weak-form-no-response,weak-form-review,ablation,complianceRate,registered-component,-0.0017708333333333298,-0.0165625,0.013229166666666665,0.007804419256942949,120,2000
frozen-generator,rightsThreatRate-low,weak-form-off,weak-form,weak-form-no-response,weak-form-review,ablation,democraticResponsiveness,registered-component,-0.029771301691547365,-0.030995702486880695,-0.028540567113523596,0.0006148505764139345,120,2000
frozen-generator,rightsThreatRate-low,weak-form-off,weak-form,weak-form-no-response,weak-form-review,ablation,vetoRelocationRisk,registered-component,0.030612626358232045,0.029503950036699315,0.03175272826205291,0.0005812292156590118,120,2000
frozen-generator,rightsThreatRate-low,weak-form-off,weak-form,weak-form-no-response,weak-form-review,ablation,totalInstitutionalCost,registered-diagnostic,-0.001727965940336106,-0.0019374984932589723,-0.0015160342793441,0.0001085419936010064,120,2000
frozen-generator,rightsThreatRate-low,weak-form-off,weak-form,weak-form-no-response,weak-form-review,ablation,averageLegislativeResponseDelay,additional-diagnostic,-0.41220018158083666,-0.4147013425011276,-0.40971755537258425,0.001271783328493914,120,2000
frozen-generator,rightsThreatRate-low,weak-form-half-v-current,weak-form,weak-form-half-response,current-federal-court,persistence,legislativeResponseRate,registered-component,0.09958333333333333,0.09375,0.10520833333333333,0.003013353412094429,120,2000
frozen-generator,rightsThreatRate-low,weak-form-half-v-current,weak-form,weak-form-half-response,current-federal-court,persistence,legislativeResponseCredibility,registered-component,-0.24906765241397258,-0.24978113925645132,-0.24835885004847383,0.0003638397975512001,120,2000
frozen-generator,rightsThreatRate-low,weak-form-half-v-current,weak-form,weak-form-half-response,current-federal-court,persistence,timelyLegislativeResponseRate,registered-component,0.0,0.0,0.0,0.0,120,2000
frozen-generator,rightsThreatRate-low,weak-form-half-v-current,weak-form,weak-form-half-response,current-federal-court,persistence,rightsProtection,registered-component,0.021260387169969867,0.019435240450482016,0.023075218464790423,0.0009437108718020976,120,2000
frozen-generator,rightsThreatRate-low,weak-form-half-v-current,weak-form,weak-form-half-response,current-federal-court,persistence,complianceRate,registered-component,0.3494791666666667,0.33343489583333336,0.3660442708333333,0.00841832858450116,120,2000
frozen-generator,rightsThreatRate-low,weak-form-half-v-current,weak-form,weak-form-half-response,current-federal-court,persistence,democraticResponsiveness,registered-component,0.04879964857025533,0.04657796528671234,0.0510045094032688,0.001139106038297869,120,2000
frozen-generator,rightsThreatRate-low,weak-form-half-v-current,weak-form,weak-form-half-response,current-federal-court,persistence,vetoRelocationRisk,registered-component,-0.3110311680153901,-0.3119306185406825,-0.3101446784303815,0.0004741398243780417,120,2000
frozen-generator,rightsThreatRate-low,weak-form-half-v-current,weak-form,weak-form-half-response,current-federal-court,persistence,totalInstitutionalCost,registered-diagnostic,-0.09501522382917629,-0.09521592576433902,-0.09482135907089828,0.00010483422071921415,120,2000
frozen-generator,rightsThreatRate-low,weak-form-half-v-current,weak-form,weak-form-half-response,current-federal-court,persistence,averageLegislativeResponseDelay,additional-diagnostic,0.494064519939324,0.4900260392565657,0.49809726007964317,0.002008450373160545,120,2000
frozen-generator,rightsThreatRate-low,weak-form-off-v-current,weak-form,weak-form-no-response,current-federal-court,persistence,legislativeResponseRate,registered-component,0.0,0.0,0.0,0.0,120,2000
frozen-generator,rightsThreatRate-low,weak-form-off-v-current,weak-form,weak-form-no-response,current-federal-court,persistence,legislativeResponseCredibility,registered-component,-0.5482186381612785,-0.5489954187822705,-0.5474674861461664,0.00038611249573566224,120,2000
frozen-generator,rightsThreatRate-low,weak-form-off-v-current,weak-form,weak-form-no-response,current-federal-court,persistence,timelyLegislativeResponseRate,registered-component,0.0,0.0,0.0,0.0,120,2000
frozen-generator,rightsThreatRate-low,weak-form-off-v-current,weak-form,weak-form-no-response,current-federal-court,persistence,rightsProtection,registered-component,0.014562860044797716,0.012696169123711736,0.016494108188630428,0.0009880744239063285,120,2000
frozen-generator,rightsThreatRate-low,weak-form-off-v-current,weak-form,weak-form-no-response,current-federal-court,persistence,complianceRate,registered-component,0.3484375,0.3321875,0.3648984375,0.008219942619639632,120,2000
frozen-generator,rightsThreatRate-low,weak-form-off-v-current,weak-form,weak-form-no-response,current-federal-court,persistence,democraticResponsiveness,registered-component,0.032622303112572644,0.0303492997489416,0.034791116271628154,0.001149916282934832,120,2000
frozen-generator,rightsThreatRate-low,weak-form-off-v-current,weak-form,weak-form-no-response,current-federal-court,persistence,vetoRelocationRisk,registered-component,-0.2950594703419907,-0.2954978139555083,-0.2945882162171456,0.0002288239941463379,120,2000
frozen-generator,rightsThreatRate-low,weak-form-off-v-current,weak-form,weak-form-no-response,current-federal-court,persistence,totalInstitutionalCost,registered-diagnostic,-0.09605382243936987,-0.09623895497356032,-0.0958716065428405,9.364222462558351e-05,120,2000
frozen-generator,rightsThreatRate-low,weak-form-off-v-current,weak-form,weak-form-no-response,current-federal-court,persistence,averageLegislativeResponseDelay,additional-diagnostic,0.0,0.0,0.0,0.0,120,2000
frozen-generator,rightsThreatRate-high,emergency-base,emergency,reasoned-emergency-review,current-federal-court,base,emergencyReasonGivingRate,registered-component,0.8371005363032985,0.8105423221985961,0.864582467818712,0.014024125275730095,120,2000
frozen-generator,rightsThreatRate-high,emergency-base,emergency,reasoned-emergency-review,current-federal-court,base,meritsFollowUpRate,registered-component,1.0,1.0,1.0,0.0,120,2000
frozen-generator,rightsThreatRate-high,emergency-base,emergency,reasoned-emergency-review,current-federal-court,base,averageTimeToReview,registered-component,0.0,0.0,0.0,0.0,120,2000
frozen-generator,rightsThreatRate-high,emergency-base,emergency,reasoned-emergency-review,current-federal-court,base,totalInstitutionalCost,registered-component,0.009605629006191996,0.00946362400312952,0.009742322986270868,7.229520482420306e-05,120,2000
frozen-generator,rightsThreatRate-high,emergency-base,emergency,reasoned-emergency-review,current-federal-court,base,shadowDocketAbuse,registered-component,-0.36094641185129867,-0.36858753656902415,-0.353155026411046,0.003923690136435924,120,2000
frozen-generator,rightsThreatRate-high,emergency-base,emergency,reasoned-emergency-review,current-federal-court,base,institutionalDelayCost,additional-diagnostic,0.00840955435804405,0.008226369925958646,0.008596071698240572,9.757067290497958e-05,120,2000
frozen-generator,rightsThreatRate-high,screening-base,screening,constitutional-council,current-federal-court,base,directCourtCost,registered-diagnostic,0.1358423916666667,0.13572835791666668,0.13596196854166667,6.1708454872715e-05,120,2000
frozen-generator,rightsThreatRate-high,screening-base,screening,constitutional-council,current-federal-court,base,upstreamScreeningCost,registered-component,0.0019404422996254908,0.0018792037775308887,0.002000213402272279,3.1576591085464134e-05,120,2000
frozen-generator,rightsThreatRate-high,screening-base,screening,constitutional-council,current-federal-court,base,capacityStrainCost,registered-diagnostic,0.06328976569975035,0.06266677564250726,0.0639363849739892,0.0003360992893552506,120,2000
frozen-generator,rightsThreatRate-high,screening-base,screening,constitutional-council,current-federal-court,base,totalInstitutionalCost,registered-diagnostic,0.08282811631658366,0.08269512800688006,0.0829632142452561,7.133090816634487e-05,120,2000
frozen-generator,rightsThreatRate-high,screening-base,screening,constitutional-council,current-federal-court,base,intakeAcceptanceRate,registered-diagnostic,-0.0007515761993621876,-0.0007755499064735578,-0.0007271842853452871,1.2572015542499656e-05,120,2000
frozen-generator,rightsThreatRate-high,screening-base,screening,constitutional-council,current-federal-court,base,councilScreenRate,registered-component,1.0,1.0,1.0,0.0,120,2000
frozen-generator,rightsThreatRate-high,screening-base,screening,constitutional-council,current-federal-court,base,administrativeLoad,additional-diagnostic,0.2466702083333334,0.24575728125000007,0.2475672083333334,0.0004857256724808564,120,2000
frozen-generator,rightsThreatRate-high,weak-form-base,weak-form,weak-form-review,current-federal-court,base,legislativeResponseRate,registered-component,0.5447916666666667,0.5347916666666667,0.5547942708333333,0.005087176246360183,120,2000
frozen-generator,rightsThreatRate-high,weak-form-base,weak-form,weak-form-review,current-federal-court,base,legislativeResponseCredibility,registered-component,0.09053124999999992,0.08899156249999993,0.09208984374999991,0.0008372674773371051,120,2000
frozen-generator,rightsThreatRate-high,weak-form-base,weak-form,weak-form-review,current-federal-court,base,timelyLegislativeResponseRate,registered-component,0.03671382116711237,0.031470373811681676,0.04212020949137474,0.0027284561127943158,120,2000
frozen-generator,rightsThreatRate-high,weak-form-base,weak-form,weak-form-review,current-federal-court,base,rightsProtection,registered-component,0.005869866350020254,0.004464389948221628,0.0072868243652869395,0.0007068242040757057,120,2000
frozen-generator,rightsThreatRate-high,weak-form-base,weak-form,weak-form-review,current-federal-court,base,complianceRate,registered-component,0.3748958333333333,0.3594791666666667,0.3902083333333334,0.007911914162100728,120,2000
frozen-generator,rightsThreatRate-high,weak-form-base,weak-form,weak-form-review,current-federal-court,base,democraticResponsiveness,registered-component,0.10028376746761873,0.09783000505908171,0.10269317442093084,0.0012775651453654391,120,2000
frozen-generator,rightsThreatRate-high,weak-form-base,weak-form,weak-form-review,current-federal-court,base,vetoRelocationRisk,registered-component,-0.38134984847238723,-0.3830250951140473,-0.37973940189455657,0.0008328205150141324,120,2000
frozen-generator,rightsThreatRate-high,weak-form-base,weak-form,weak-form-review,current-federal-court,base,totalInstitutionalCost,registered-diagnostic,-0.09018221146505155,-0.09040389144663512,-0.08997409253640862,0.0001108943387183816,120,2000
frozen-generator,rightsThreatRate-high,weak-form-base,weak-form,weak-form-review,current-federal-court,base,averageLegislativeResponseDelay,additional-diagnostic,0.42232763565885667,0.4208810231501402,0.42376887908897476,0.000714620728312497,120,2000
frozen-generator,rightsThreatRate-high,emergency-ablation,emergency,reasoned-with-fast-procedure,reasoned-emergency-review,ablation,emergencyReasonGivingRate,registered-component,-0.6923944371631756,-0.7259890069846723,-0.661473322141939,0.016478871915626442,120,2000
frozen-generator,rightsThreatRate-high,emergency-ablation,emergency,reasoned-with-fast-procedure,reasoned-emergency-review,ablation,meritsFollowUpRate,registered-component,-1.0,-1.0,-1.0,0.0,120,2000
frozen-generator,rightsThreatRate-high,emergency-ablation,emergency,reasoned-with-fast-procedure,reasoned-emergency-review,ablation,averageTimeToReview,registered-component,0.0,0.0,0.0,0.0,120,2000
frozen-generator,rightsThreatRate-high,emergency-ablation,emergency,reasoned-with-fast-procedure,reasoned-emergency-review,ablation,totalInstitutionalCost,registered-component,-0.004246987434998662,-0.0043930645403784056,-0.00410235173600119,7.342335119506963e-05,120,2000
frozen-generator,rightsThreatRate-high,emergency-ablation,emergency,reasoned-with-fast-procedure,reasoned-emergency-review,ablation,shadowDocketAbuse,registered-component,0.34750934806880523,0.3392770042944712,0.355980827353673,0.004237806001444665,120,2000
frozen-generator,rightsThreatRate-high,emergency-ablation,emergency,reasoned-with-fast-procedure,reasoned-emergency-review,ablation,institutionalDelayCost,additional-diagnostic,-0.006781833601889855,-0.006978433663543577,-0.0065850803339489285,9.847032753641896e-05,120,2000
frozen-generator,rightsThreatRate-high,screening-ablation,screening,council-with-full-court-structure,constitutional-council,ablation,directCourtCost,registered-diagnostic,-0.09713113333333334,-0.09727444270833334,-0.09699485687500001,7.453902586710956e-05,120,2000
frozen-generator,rightsThreatRate-high,screening-ablation,screening,council-with-full-court-structure,constitutional-council,ablation,upstreamScreeningCost,registered-component,-2.3989174434200605e-06,-5.636849414290879e-05,5.363193209019656e-05,2.802138446312188e-05,120,2000
frozen-generator,rightsThreatRate-high,screening-ablation,screening,council-with-full-court-structure,constitutional-council,ablation,capacityStrainCost,registered-diagnostic,-0.043142149278295606,-0.043749366996456124,-0.04255662666707565,0.00030551671289813287,120,2000
frozen-generator,rightsThreatRate-high,screening-ablation,screening,council-with-full-court-structure,constitutional-council,ablation,totalInstitutionalCost,registered-diagnostic,-0.05022779844400489,-0.050360951096160775,-0.050093438644337344,6.932762357183693e-05,120,2000
frozen-generator,rightsThreatRate-high,screening-ablation,screening,council-with-full-court-structure,constitutional-council,ablation,intakeAcceptanceRate,registered-diagnostic,1.9324709538236287e-06,-1.9223436324641438e-05,2.2128231365112015e-05,1.0563650761211906e-05,120,2000
frozen-generator,rightsThreatRate-high,screening-ablation,screening,council-with-full-court-structure,constitutional-council,ablation,councilScreenRate,registered-component,-1.0,-1.0,-1.0,0.0,120,2000
frozen-generator,rightsThreatRate-high,screening-ablation,screening,council-with-full-court-structure,constitutional-council,ablation,administrativeLoad,additional-diagnostic,-0.23973916666666675,-0.24067275520833345,-0.2388203281250001,0.00047924333207171737,120,2000
frozen-generator,rightsThreatRate-high,weak-form-half,weak-form,weak-form-half-response,weak-form-review,ablation,legislativeResponseRate,registered-component,-0.2675,-0.2776067708333333,-0.2577083333333333,0.005034892258631005,120,2000
frozen-generator,rightsThreatRate-high,weak-form-half,weak-form,weak-form-half-response,weak-form-review,ablation,legislativeResponseCredibility,registered-component,-0.32044256261465487,-0.3217929768172654,-0.31913599291700395,0.0006842409025141532,120,2000
frozen-generator,rightsThreatRate-high,weak-form-half,weak-form,weak-form-half-response,weak-form-review,ablation,timelyLegislativeResponseRate,registered-component,-0.03671382116711237,-0.04212020949137474,-0.031470373811681676,0.0027284561127943158,120,2000
frozen-generator,rightsThreatRate-high,weak-form-half,weak-form,weak-form-half-response,weak-form-review,ablation,rightsProtection,registered-component,-0.01856328821007339,-0.019574410894222738,-0.01760541000333678,0.0005128167203740965,120,2000
frozen-generator,rightsThreatRate-high,weak-form-half,weak-form,weak-form-half-response,weak-form-review,ablation,complianceRate,registered-component,-0.019791666666666666,-0.0390625,1.041666666660665e-05,0.01003602506654508,120,2000
frozen-generator,rightsThreatRate-high,weak-form-half,weak-form,weak-form-half-response,weak-form-review,ablation,democraticResponsiveness,registered-component,-0.040082779467505616,-0.04188134941316203,-0.038237893435080654,0.0009198106343382955,120,2000
frozen-generator,rightsThreatRate-high,weak-form-half,weak-form,weak-form-half-response,weak-form-review,ablation,vetoRelocationRisk,registered-component,0.04302639308118024,0.04141986687968153,0.044699797370055847,0.0008331342197229591,120,2000
frozen-generator,rightsThreatRate-high,weak-form-half,weak-form,weak-form-half-response,weak-form-review,ablation,totalInstitutionalCost,registered-diagnostic,-0.0024345928216411685,-0.0026244889323340905,-0.002231956613682182,0.00010351021273319857,120,2000
frozen-generator,rightsThreatRate-high,weak-form-half,weak-form,weak-form-half-response,weak-form-review,ablation,averageLegislativeResponseDelay,additional-diagnostic,0.0769488211133173,0.07433028664295598,0.07950267004241193,0.001270189643336294,120,2000
frozen-generator,rightsThreatRate-high,weak-form-off,weak-form,weak-form-no-response,weak-form-review,ablation,legislativeResponseRate,registered-component,-0.5447916666666667,-0.5547942708333333,-0.5347916666666667,0.005087176246360183,120,2000
frozen-generator,rightsThreatRate-high,weak-form-off,weak-form,weak-form-no-response,weak-form-review,ablation,legislativeResponseCredibility,registered-component,-0.6416538752293096,-0.6434205669838506,-0.6399878613809695,0.0008901889934340555,120,2000
frozen-generator,rightsThreatRate-high,weak-form-off,weak-form,weak-form-no-response,weak-form-review,ablation,timelyLegislativeResponseRate,registered-component,-0.03671382116711237,-0.04212020949137474,-0.031470373811681676,0.0027284561127943158,120,2000
frozen-generator,rightsThreatRate-high,weak-form-off,weak-form,weak-form-no-response,weak-form-review,ablation,rightsProtection,registered-component,-0.0328357576432219,-0.03403220059019827,-0.031676985136257545,0.0006177218223829821,120,2000
frozen-generator,rightsThreatRate-high,weak-form-off,weak-form,weak-form-no-response,weak-form-review,ablation,complianceRate,registered-component,-0.057187499999999995,-0.08208333333333333,-0.03353906250000001,0.012312727500066602,120,2000
frozen-generator,rightsThreatRate-high,weak-form-off,weak-form,weak-form-no-response,weak-form-review,ablation,democraticResponsiveness,registered-component,-0.08070336945361699,-0.08264182606045732,-0.07880894487976055,0.0009771752080235826,120,2000
frozen-generator,rightsThreatRate-high,weak-form-off,weak-form,weak-form-no-response,weak-form-review,ablation,vetoRelocationRisk,registered-component,0.0871560411300078,0.08551210573666695,0.08881717991652509,0.0008418619819070887,120,2000
frozen-generator,rightsThreatRate-high,weak-form-off,weak-form,weak-form-no-response,weak-form-review,ablation,totalInstitutionalCost,registered-diagnostic,-0.005058077683869958,-0.005291325447478922,-0.004822344464699902,0.00012088074256268458,120,2000
frozen-generator,rightsThreatRate-high,weak-form-off,weak-form,weak-form-no-response,weak-form-review,ablation,averageLegislativeResponseDelay,additional-diagnostic,-0.42232763565885667,-0.42376887908897476,-0.4208810231501402,0.000714620728312497,120,2000
frozen-generator,rightsThreatRate-high,weak-form-half-v-current,weak-form,weak-form-half-response,current-federal-court,persistence,legislativeResponseRate,registered-component,0.27729166666666666,0.26906250000000004,0.2857291666666667,0.004202359378540254,120,2000
frozen-generator,rightsThreatRate-high,weak-form-half-v-current,weak-form,weak-form-half-response,current-federal-court,persistence,legislativeResponseCredibility,registered-component,-0.22991131261465492,-0.23093612732480454,-0.2288297980539343,0.0005350936265994814,120,2000
frozen-generator,rightsThreatRate-high,weak-form-half-v-current,weak-form,weak-form-half-response,current-federal-court,persistence,timelyLegislativeResponseRate,registered-component,0.0,0.0,0.0,0.0,120,2000
frozen-generator,rightsThreatRate-high,weak-form-half-v-current,weak-form,weak-form-half-response,current-federal-court,persistence,rightsProtection,registered-component,-0.012693421860053133,-0.014284418244826999,-0.011182593911131413,0.000790847956527528,120,2000
frozen-generator,rightsThreatRate-high,weak-form-half-v-current,weak-form,weak-form-half-response,current-federal-court,persistence,complianceRate,registered-component,0.35510416666666667,0.33697916666666666,0.3728125,0.008987980021568467,120,2000
frozen-generator,rightsThreatRate-high,weak-form-half-v-current,weak-form,weak-form-half-response,current-federal-court,persistence,democraticResponsiveness,registered-component,0.060200988000113115,0.05770594908180776,0.06268823332981316,0.0012992303158581321,120,2000
frozen-generator,rightsThreatRate-high,weak-form-half-v-current,weak-form,weak-form-half-response,current-federal-court,persistence,vetoRelocationRisk,registered-component,-0.338323455391207,-0.3397641302009107,-0.3369309821088368,0.0007064483800265345,120,2000
frozen-generator,rightsThreatRate-high,weak-form-half-v-current,weak-form,weak-form-half-response,current-federal-court,persistence,totalInstitutionalCost,registered-diagnostic,-0.09261680428669274,-0.09280066295537305,-0.09243961087004483,9.392142165130038e-05,120,2000
frozen-generator,rightsThreatRate-high,weak-form-half-v-current,weak-form,weak-form-half-response,current-federal-court,persistence,averageLegislativeResponseDelay,additional-diagnostic,0.499276456772174,0.4973450502660108,0.5013658202749177,0.0010231906039917305,120,2000
frozen-generator,rightsThreatRate-high,weak-form-off-v-current,weak-form,weak-form-no-response,current-federal-court,persistence,legislativeResponseRate,registered-component,0.0,0.0,0.0,0.0,120,2000
frozen-generator,rightsThreatRate-high,weak-form-off-v-current,weak-form,weak-form-no-response,current-federal-court,persistence,legislativeResponseCredibility,registered-component,-0.5511226252293098,-0.5519581915094627,-0.5502518566334047,0.0004344217670466842,120,2000
frozen-generator,rightsThreatRate-high,weak-form-off-v-current,weak-form,weak-form-no-response,current-federal-court,persistence,timelyLegislativeResponseRate,registered-component,0.0,0.0,0.0,0.0,120,2000
frozen-generator,rightsThreatRate-high,weak-form-off-v-current,weak-form,weak-form-no-response,current-federal-court,persistence,rightsProtection,registered-component,-0.026965891293201646,-0.02882426212154078,-0.02526004806730637,0.0008863785453009841,120,2000
frozen-generator,rightsThreatRate-high,weak-form-off-v-current,weak-form,weak-form-no-response,current-federal-court,persistence,complianceRate,registered-component,0.3177083333333333,0.2954140625,0.33875260416666664,0.010950518296274817,120,2000
frozen-generator,rightsThreatRate-high,weak-form-off-v-current,weak-form,weak-form-no-response,current-federal-court,persistence,democraticResponsiveness,registered-component,0.01958039801400175,0.017009502367085896,0.022056110723400472,0.001280146657646432,120,2000
frozen-generator,rightsThreatRate-high,weak-form-off-v-current,weak-form,weak-form-no-response,current-federal-court,persistence,vetoRelocationRisk,registered-component,-0.2941938073423794,-0.294590717345973,-0.2938045901643954,0.00019786149205088373,120,2000
frozen-generator,rightsThreatRate-high,weak-form-off-v-current,weak-form,weak-form-no-response,current-federal-court,persistence,totalInstitutionalCost,registered-diagnostic,-0.09524028914892152,-0.09543377675004493,-0.09505025199494632,0.00010277221319484956,120,2000
frozen-generator,rightsThreatRate-high,weak-form-off-v-current,weak-form,weak-form-no-response,current-federal-court,persistence,averageLegislativeResponseDelay,additional-diagnostic,0.0,0.0,0.0,0.0,120,2000
frozen-generator,appointmentPolarization-low,emergency-base,emergency,reasoned-emergency-review,current-federal-court,base,emergencyReasonGivingRate,registered-component,0.844028269576379,0.8169309361670191,0.8715515967786052,0.014788773263160165,120,2000
frozen-generator,appointmentPolarization-low,emergency-base,emergency,reasoned-emergency-review,current-federal-court,base,meritsFollowUpRate,registered-component,0.9916666666666667,0.975,1.0,0.008333333333333333,120,2000
frozen-generator,appointmentPolarization-low,emergency-base,emergency,reasoned-emergency-review,current-federal-court,base,averageTimeToReview,registered-component,0.0,0.0,0.0,0.0,120,2000
frozen-generator,appointmentPolarization-low,emergency-base,emergency,reasoned-emergency-review,current-federal-court,base,totalInstitutionalCost,registered-component,0.009571599272527225,0.009430824351659702,0.009713419333190594,7.18499768650455e-05,120,2000
frozen-generator,appointmentPolarization-low,emergency-base,emergency,reasoned-emergency-review,current-federal-court,base,shadowDocketAbuse,registered-component,-0.32852888492141114,-0.3363535694273497,-0.32034026781758884,0.004203835498493995,120,2000
frozen-generator,appointmentPolarization-low,emergency-base,emergency,reasoned-emergency-review,current-federal-court,base,institutionalDelayCost,additional-diagnostic,0.008536153461111334,0.008353986515782024,0.008723756737380656,9.319472744963384e-05,120,2000
frozen-generator,appointmentPolarization-low,screening-base,screening,constitutional-council,current-federal-court,base,directCourtCost,registered-diagnostic,0.13589419166666666,0.13577475437500003,0.13601888458333333,6.399574050933598e-05,120,2000
frozen-generator,appointmentPolarization-low,screening-base,screening,constitutional-council,current-federal-court,base,upstreamScreeningCost,registered-component,0.0020439060291175806,0.001972127594859065,0.0021141397732581642,3.674844784742236e-05,120,2000
frozen-generator,appointmentPolarization-low,screening-base,screening,constitutional-council,current-federal-court,base,capacityStrainCost,registered-diagnostic,0.06323266651941176,0.06253287936105108,0.06392952745370288,0.00035930073785450585,120,2000
frozen-generator,appointmentPolarization-low,screening-base,screening,constitutional-council,current-federal-court,base,totalInstitutionalCost,registered-diagnostic,0.08286383775547065,0.0827192246302585,0.08301203567770074,7.509050673936773e-05,120,2000
frozen-generator,appointmentPolarization-low,screening-base,screening,constitutional-council,current-federal-court,base,intakeAcceptanceRate,registered-diagnostic,-0.0007718597801491869,-0.000799139319139517,-0.0007437565810005962,1.4124144529949936e-05,120,2000
frozen-generator,appointmentPolarization-low,screening-base,screening,constitutional-council,current-federal-court,base,councilScreenRate,registered-component,1.0,1.0,1.0,0.0,120,2000
frozen-generator,appointmentPolarization-low,screening-base,screening,constitutional-council,current-federal-court,base,administrativeLoad,additional-diagnostic,0.2466989583333334,0.2456883333333334,0.24772983333333337,0.0005180734295606962,120,2000
frozen-generator,appointmentPolarization-low,weak-form-base,weak-form,weak-form-review,current-federal-court,base,legislativeResponseRate,registered-component,0.319375,0.30999739583333336,0.3285416666666666,0.0048068660408267854,120,2000
frozen-generator,appointmentPolarization-low,weak-form-base,weak-form,weak-form-review,current-federal-court,base,legislativeResponseCredibility,registered-component,0.06504999999999997,0.06353078124999993,0.06649833333333328,0.0007560505240775797,120,2000
frozen-generator,appointmentPolarization-low,weak-form-base,weak-form,weak-form-review,current-federal-court,base,timelyLegislativeResponseRate,registered-component,0.059575839221848,0.05074036212797151,0.06837000034869195,0.004479748248994365,120,2000
frozen-generator,appointmentPolarization-low,weak-form-base,weak-form,weak-form-review,current-federal-court,base,rightsProtection,registered-component,0.02356332355756314,0.021492804541686252,0.025397130002255176,0.0009815104175126392,120,2000
frozen-generator,appointmentPolarization-low,weak-form-base,weak-form,weak-form-review,current-federal-court,base,complianceRate,registered-component,0.38645833333333335,0.36895833333333333,0.40281249999999996,0.008323151167364954,120,2000
frozen-generator,appointmentPolarization-low,weak-form-base,weak-form,weak-form-review,current-federal-court,base,democraticResponsiveness,registered-component,0.0814154337683458,0.07881844426105257,0.08405081769909763,0.001291038745725782,120,2000
frozen-generator,appointmentPolarization-low,weak-form-base,weak-form,weak-form-review,current-federal-court,base,vetoRelocationRisk,registered-component,-0.34557828451067896,-0.34697963667385845,-0.3441409702024756,0.0007252605410248119,120,2000
frozen-generator,appointmentPolarization-low,weak-form-base,weak-form,weak-form-review,current-federal-court,base,totalInstitutionalCost,registered-diagnostic,-0.09270814618960024,-0.09289139453799337,-0.09252337269844364,9.726330885278924e-05,120,2000
frozen-generator,appointmentPolarization-low,weak-form-base,weak-form,weak-form-review,current-federal-court,base,averageLegislativeResponseDelay,additional-diagnostic,0.4183205387166408,0.4160673079614968,0.42065661626332285,0.001186678643395585,120,2000
frozen-generator,appointmentPolarization-low,emergency-ablation,emergency,reasoned-with-fast-procedure,reasoned-emergency-review,ablation,emergencyReasonGivingRate,registered-component,-0.6979571682616028,-0.7267037796521124,-0.669994694820948,0.015554218147831181,120,2000
frozen-generator,appointmentPolarization-low,emergency-ablation,emergency,reasoned-with-fast-procedure,reasoned-emergency-review,ablation,meritsFollowUpRate,registered-component,-0.9916666666666667,-1.0,-0.975,0.008333333333333333,120,2000
frozen-generator,appointmentPolarization-low,emergency-ablation,emergency,reasoned-with-fast-procedure,reasoned-emergency-review,ablation,averageTimeToReview,registered-component,0.0,0.0,0.0,0.0,120,2000
frozen-generator,appointmentPolarization-low,emergency-ablation,emergency,reasoned-with-fast-procedure,reasoned-emergency-review,ablation,totalInstitutionalCost,registered-component,-0.004331674190045733,-0.004468653246804572,-0.004185487855269606,7.340041194904967e-05,120,2000
frozen-generator,appointmentPolarization-low,emergency-ablation,emergency,reasoned-with-fast-procedure,reasoned-emergency-review,ablation,shadowDocketAbuse,registered-component,0.31077143805227503,0.30317095657221377,0.31894306198006445,0.004065782159921548,120,2000
frozen-generator,appointmentPolarization-low,emergency-ablation,emergency,reasoned-with-fast-procedure,reasoned-emergency-review,ablation,institutionalDelayCost,additional-diagnostic,-0.006741377640866354,-0.006931205941609536,-0.006558133431996032,9.686986166026186e-05,120,2000
frozen-generator,appointmentPolarization-low,screening-ablation,screening,council-with-full-court-structure,constitutional-council,ablation,directCourtCost,registered-diagnostic,-0.09729141666666666,-0.09741643125000002,-0.09716410541666665,6.680195193240638e-05,120,2000
frozen-generator,appointmentPolarization-low,screening-ablation,screening,council-with-full-court-structure,constitutional-council,ablation,upstreamScreeningCost,registered-component,3.361548976447877e-05,-2.5900719062048812e-05,9.088183851564673e-05,2.980110296183192e-05,120,2000
frozen-generator,appointmentPolarization-low,screening-ablation,screening,council-with-full-court-structure,constitutional-council,ablation,capacityStrainCost,registered-diagnostic,-0.043638589673490394,-0.04422370140003261,-0.043060838498174735,0.00029201248424999565,120,2000
frozen-generator,appointmentPolarization-low,screening-ablation,screening,council-with-full-court-structure,constitutional-council,ablation,totalInstitutionalCost,registered-diagnostic,-0.05036795979259079,-0.05049056656562636,-0.05024328671660497,6.328953020565577e-05,120,2000
frozen-generator,appointmentPolarization-low,screening-ablation,screening,council-with-full-court-structure,constitutional-council,ablation,intakeAcceptanceRate,registered-diagnostic,-1.3360933734426866e-05,-3.4784603584385697e-05,8.977173450612213e-06,1.1068903753761962e-05,120,2000
frozen-generator,appointmentPolarization-low,screening-ablation,screening,council-with-full-court-structure,constitutional-council,ablation,councilScreenRate,registered-component,-1.0,-1.0,-1.0,0.0,120,2000
frozen-generator,appointmentPolarization-low,screening-ablation,screening,council-with-full-court-structure,constitutional-council,ablation,administrativeLoad,additional-diagnostic,-0.24072083333333347,-0.2415568125000001,-0.23984639062500013,0.0004398215051008857,120,2000
frozen-generator,appointmentPolarization-low,weak-form-half,weak-form,weak-form-half-response,weak-form-review,ablation,legislativeResponseRate,registered-component,-0.15406250000000002,-0.16302083333333334,-0.14479166666666668,0.004701717467730121,120,2000
frozen-generator,appointmentPolarization-low,weak-form-half,weak-form,weak-form-half-response,weak-form-review,ablation,legislativeResponseCredibility,registered-component,-0.30703047102484377,-0.308131114357044,-0.30586576375581837,0.0005738400412163664,120,2000
frozen-generator,appointmentPolarization-low,weak-form-half,weak-form,weak-form-half-response,weak-form-review,ablation,timelyLegislativeResponseRate,registered-component,-0.059575839221848,-0.06837000034869196,-0.05074036212797151,0.004479748248994365,120,2000
frozen-generator,appointmentPolarization-low,weak-form-half,weak-form,weak-form-half-response,weak-form-review,ablation,rightsProtection,registered-component,-0.012215893592437865,-0.013230215002821824,-0.011222996207895523,0.0005132042840521892,120,2000
frozen-generator,appointmentPolarization-low,weak-form-half,weak-form,weak-form-half-response,weak-form-review,ablation,complianceRate,registered-component,0.0008333333333333313,-0.01375,0.01541666666666666,0.007424239988202674,120,2000
frozen-generator,appointmentPolarization-low,weak-form-half,weak-form,weak-form-half-response,weak-form-review,ablation,democraticResponsiveness,registered-component,-0.023786409614016093,-0.02516291335683608,-0.02237203116498102,0.0007397710061281605,120,2000
frozen-generator,appointmentPolarization-low,weak-form-half,weak-form,weak-form-half-response,weak-form-review,ablation,vetoRelocationRisk,registered-component,0.024580453808567566,0.023025676832970632,0.02602034009335246,0.0007763914047093126,120,2000
frozen-generator,appointmentPolarization-low,weak-form-half,weak-form,weak-form-half-response,weak-form-review,ablation,totalInstitutionalCost,registered-diagnostic,-0.0015578256357232348,-0.001758096853508406,-0.001360500634230925,0.00010598424392173622,120,2000
frozen-generator,appointmentPolarization-low,weak-form-half,weak-form,weak-form-half-response,weak-form-review,ablation,averageLegislativeResponseDelay,additional-diagnostic,0.07505961659363454,0.07190766248901943,0.07814884333652525,0.0015841453415395275,120,2000
frozen-generator,appointmentPolarization-low,weak-form-off,weak-form,weak-form-no-response,weak-form-review,ablation,legislativeResponseRate,registered-component,-0.319375,-0.3285416666666666,-0.3099973958333333,0.0048068660408267854,120,2000
frozen-generator,appointmentPolarization-low,weak-form-off,weak-form,weak-form-no-response,weak-form-review,ablation,legislativeResponseCredibility,registered-component,-0.6145109420496875,-0.615962243457574,-0.612948826763024,0.0007782372184124054,120,2000
frozen-generator,appointmentPolarization-low,weak-form-off,weak-form,weak-form-no-response,weak-form-review,ablation,timelyLegislativeResponseRate,registered-component,-0.059575839221848,-0.06837000034869196,-0.05074036212797151,0.004479748248994365,120,2000
frozen-generator,appointmentPolarization-low,weak-form-off,weak-form,weak-form-no-response,weak-form-review,ablation,rightsProtection,registered-component,-0.020959465935646675,-0.022125227186920456,-0.019765405991511574,0.0005846428458799622,120,2000
frozen-generator,appointmentPolarization-low,weak-form-off,weak-form,weak-form-no-response,weak-form-review,ablation,complianceRate,registered-component,-0.0022916666666666697,-0.018645833333333337,0.015419270833333323,0.008611833479986794,120,2000
frozen-generator,appointmentPolarization-low,weak-form-off,weak-form,weak-form-no-response,weak-form-review,ablation,democraticResponsiveness,registered-component,-0.048598586375659204,-0.05009781713372523,-0.047109699094174,0.0007437850827472257,120,2000
frozen-generator,appointmentPolarization-low,weak-form-off,weak-form,weak-form-no-response,weak-form-review,ablation,vetoRelocationRisk,registered-component,0.050852332194796825,0.049342754536797505,0.05232248222249212,0.000769521834693478,120,2000
frozen-generator,appointmentPolarization-low,weak-form-off,weak-form,weak-form-no-response,weak-form-review,ablation,totalInstitutionalCost,registered-diagnostic,-0.003079837178300872,-0.0032972021081348955,-0.002864166571965182,0.00011594598630052768,120,2000
frozen-generator,appointmentPolarization-low,weak-form-off,weak-form,weak-form-no-response,weak-form-review,ablation,averageLegislativeResponseDelay,additional-diagnostic,-0.4183205387166408,-0.42065661626332285,-0.4160673079614968,0.001186678643395585,120,2000
frozen-generator,appointmentPolarization-low,weak-form-half-v-current,weak-form,weak-form-half-response,current-federal-court,persistence,legislativeResponseRate,registered-component,0.1653125,0.1578125,0.17239583333333333,0.003804639575626076,120,2000
frozen-generator,appointmentPolarization-low,weak-form-half-v-current,weak-form,weak-form-half-response,current-federal-court,persistence,legislativeResponseCredibility,registered-component,-0.24198047102484377,-0.24284261192076534,-0.24116391221788872,0.0004535478689128717,120,2000
frozen-generator,appointmentPolarization-low,weak-form-half-v-current,weak-form,weak-form-half-response,current-federal-court,persistence,timelyLegislativeResponseRate,registered-component,0.0,0.0,0.0,0.0,120,2000
frozen-generator,appointmentPolarization-low,weak-form-half-v-current,weak-form,weak-form-half-response,current-federal-court,persistence,rightsProtection,registered-component,0.011347429965125274,0.009311672302473236,0.013330280665756396,0.0010356194956254697,120,2000
frozen-generator,appointmentPolarization-low,weak-form-half-v-current,weak-form,weak-form-half-response,current-federal-court,persistence,complianceRate,registered-component,0.3872916666666667,0.3734375,0.4011458333333333,0.007054310081996668,120,2000
frozen-generator,appointmentPolarization-low,weak-form-half-v-current,weak-form,weak-form-half-response,current-federal-court,persistence,democraticResponsiveness,registered-component,0.05762902415432971,0.054920393246086115,0.06029114906248937,0.0013512441643710221,120,2000
frozen-generator,appointmentPolarization-low,weak-form-half-v-current,weak-form,weak-form-half-response,current-federal-court,persistence,vetoRelocationRisk,registered-component,-0.3209978307021114,-0.32220217975263443,-0.31982643251930626,0.0006115843914704412,120,2000
frozen-generator,appointmentPolarization-low,weak-form-half-v-current,weak-form,weak-form-half-response,current-federal-court,persistence,totalInstitutionalCost,registered-diagnostic,-0.09426597182532347,-0.09447585852247009,-0.0940555531755119,0.00010865034033463244,120,2000
frozen-generator,appointmentPolarization-low,weak-form-half-v-current,weak-form,weak-form-half-response,current-federal-court,persistence,averageLegislativeResponseDelay,additional-diagnostic,0.49338015531027535,0.49026501893267177,0.4964000221753549,0.001503695318416224,120,2000
frozen-generator,appointmentPolarization-low,weak-form-off-v-current,weak-form,weak-form-no-response,current-federal-court,persistence,legislativeResponseRate,registered-component,0.0,0.0,0.0,0.0,120,2000
frozen-generator,appointmentPolarization-low,weak-form-off-v-current,weak-form,weak-form-no-response,current-federal-court,persistence,legislativeResponseCredibility,registered-component,-0.5494609420496875,-0.5501236747403713,-0.548747290088849,0.0003658156744336116,120,2000
frozen-generator,appointmentPolarization-low,weak-form-off-v-current,weak-form,weak-form-no-response,current-federal-court,persistence,timelyLegislativeResponseRate,registered-component,0.0,0.0,0.0,0.0,120,2000
frozen-generator,appointmentPolarization-low,weak-form-off-v-current,weak-form,weak-form-no-response,current-federal-court,persistence,rightsProtection,registered-component,0.0026038576219164647,0.0005294585772286385,0.0046661011428734585,0.0010804421196536154,120,2000
frozen-generator,appointmentPolarization-low,weak-form-off-v-current,weak-form,weak-form-no-response,current-federal-court,persistence,complianceRate,registered-component,0.38416666666666666,0.3690598958333333,0.39875260416666664,0.007956372490774388,120,2000
frozen-generator,appointmentPolarization-low,weak-form-off-v-current,weak-form,weak-form-no-response,current-federal-court,persistence,democraticResponsiveness,registered-component,0.0328168473926866,0.03044522253662401,0.0352628864042924,0.0011927885453919382,120,2000
frozen-generator,appointmentPolarization-low,weak-form-off-v-current,weak-form,weak-form-no-response,current-federal-court,persistence,vetoRelocationRisk,registered-component,-0.2947259523158821,-0.29514876816297,-0.2943002079107773,0.00022027775201793564,120,2000
frozen-generator,appointmentPolarization-low,weak-form-off-v-current,weak-form,weak-form-no-response,current-federal-court,persistence,totalInstitutionalCost,registered-diagnostic,-0.09578798336790112,-0.09597782104400056,-0.09559680929550042,9.953500263659418e-05,120,2000
frozen-generator,appointmentPolarization-low,weak-form-off-v-current,weak-form,weak-form-no-response,current-federal-court,persistence,averageLegislativeResponseDelay,additional-diagnostic,0.0,0.0,0.0,0.0,120,2000
frozen-generator,appointmentPolarization-high,emergency-base,emergency,reasoned-emergency-review,current-federal-court,base,emergencyReasonGivingRate,registered-component,0.8509929793070294,0.8280527897021939,0.8740551050962259,0.01181475547517466,120,2000
frozen-generator,appointmentPolarization-high,emergency-base,emergency,reasoned-emergency-review,current-federal-court,base,meritsFollowUpRate,registered-component,1.0,1.0,1.0,0.0,120,2000
frozen-generator,appointmentPolarization-high,emergency-base,emergency,reasoned-emergency-review,current-federal-court,base,averageTimeToReview,registered-component,0.0,0.0,0.0,0.0,120,2000
frozen-generator,appointmentPolarization-high,emergency-base,emergency,reasoned-emergency-review,current-federal-court,base,totalInstitutionalCost,registered-component,0.009768111053444061,0.009641440009438791,0.00990270684919414,7.142198580969654e-05,120,2000
frozen-generator,appointmentPolarization-high,emergency-base,emergency,reasoned-emergency-review,current-federal-court,base,shadowDocketAbuse,registered-component,-0.32859134387169303,-0.33642223447937364,-0.3208618123795376,0.004190962281782551,120,2000
frozen-generator,appointmentPolarization-high,emergency-base,emergency,reasoned-emergency-review,current-federal-court,base,institutionalDelayCost,additional-diagnostic,0.008238301309125028,0.008055602181785361,0.008416201557767271,9.504861053416e-05,120,2000
frozen-generator,appointmentPolarization-high,screening-base,screening,constitutional-council,current-federal-court,base,directCourtCost,registered-diagnostic,0.1359235166666667,0.13579789333333334,0.1360498933333334,6.787700008488097e-05,120,2000
frozen-generator,appointmentPolarization-high,screening-base,screening,constitutional-council,current-federal-court,base,upstreamScreeningCost,registered-component,0.001966150579803984,0.0019001117065855547,0.0020275281380607376,3.345699968952135e-05,120,2000
frozen-generator,appointmentPolarization-high,screening-base,screening,constitutional-council,current-federal-court,base,capacityStrainCost,registered-diagnostic,0.06388271705320268,0.06327036707583238,0.06451739609685837,0.0003272594283454153,120,2000
frozen-generator,appointmentPolarization-high,screening-base,screening,constitutional-council,current-federal-court,base,totalInstitutionalCost,registered-diagnostic,0.08297561772172833,0.08284417262145904,0.0831127359776253,7.111442353312686e-05,120,2000
frozen-generator,appointmentPolarization-high,screening-base,screening,constitutional-council,current-federal-court,base,intakeAcceptanceRate,registered-diagnostic,-0.000745823377801495,-0.0007693295558531858,-0.0007201539079903448,1.301116321829571e-05,120,2000
frozen-generator,appointmentPolarization-high,screening-base,screening,constitutional-council,current-federal-court,base,councilScreenRate,registered-component,1.0,1.0,1.0,0.0,120,2000
frozen-generator,appointmentPolarization-high,screening-base,screening,constitutional-council,current-federal-court,base,administrativeLoad,additional-diagnostic,0.2474733333333334,0.24656786979166675,0.24841925000000006,0.0004939353606727034,120,2000
frozen-generator,appointmentPolarization-high,weak-form-base,weak-form,weak-form-review,current-federal-court,base,legislativeResponseRate,registered-component,0.3333333333333333,0.32343489583333335,0.34375260416666664,0.005216205535323677,120,2000
frozen-generator,appointmentPolarization-high,weak-form-base,weak-form,weak-form-review,current-federal-court,base,legislativeResponseCredibility,registered-component,0.06636249999999992,0.0647604166666666,0.0679086979166666,0.0008046240771081791,120,2000
frozen-generator,appointmentPolarization-high,weak-form-base,weak-form,weak-form-review,current-federal-court,base,timelyLegislativeResponseRate,registered-component,0.05607108347376828,0.049072467789225666,0.06364352955987602,0.0038822931366078854,120,2000
frozen-generator,appointmentPolarization-high,weak-form-base,weak-form,weak-form-review,current-federal-court,base,rightsProtection,registered-component,0.027176008829879614,0.025415799896475747,0.028930953022480863,0.0009186409036055785,120,2000
frozen-generator,appointmentPolarization-high,weak-form-base,weak-form,weak-form-review,current-federal-court,base,complianceRate,registered-component,0.3780208333333333,0.36354166666666665,0.39197916666666666,0.007369897218290763,120,2000
frozen-generator,appointmentPolarization-high,weak-form-base,weak-form,weak-form-review,current-federal-court,base,democraticResponsiveness,registered-component,0.08709630662335179,0.08475886727787554,0.08951040437264242,0.0012042467293706966,120,2000
frozen-generator,appointmentPolarization-high,weak-form-base,weak-form,weak-form-review,current-federal-court,base,vetoRelocationRisk,registered-component,-0.3481557027945717,-0.3498159313231318,-0.3465686961997491,0.0008201161440053333,120,2000
frozen-generator,appointmentPolarization-high,weak-form-base,weak-form,weak-form-review,current-federal-court,base,totalInstitutionalCost,registered-diagnostic,-0.0923839513171186,-0.09259282011567982,-0.09217097583860692,0.00011186449174017692,120,2000
frozen-generator,appointmentPolarization-high,weak-form-base,weak-form,weak-form-review,current-federal-court,base,averageLegislativeResponseDelay,additional-diagnostic,0.4152371047057816,0.41358273688256303,0.4169138211754974,0.0008538521802792353,120,2000
frozen-generator,appointmentPolarization-high,emergency-ablation,emergency,reasoned-with-fast-procedure,reasoned-emergency-review,ablation,emergencyReasonGivingRate,registered-component,-0.7029278816413519,-0.7287331095359799,-0.6779066647017111,0.012976930238231515,120,2000
frozen-generator,appointmentPolarization-high,emergency-ablation,emergency,reasoned-with-fast-procedure,reasoned-emergency-review,ablation,meritsFollowUpRate,registered-component,-1.0,-1.0,-1.0,0.0,120,2000
frozen-generator,appointmentPolarization-high,emergency-ablation,emergency,reasoned-with-fast-procedure,reasoned-emergency-review,ablation,averageTimeToReview,registered-component,0.0,0.0,0.0,0.0,120,2000
frozen-generator,appointmentPolarization-high,emergency-ablation,emergency,reasoned-with-fast-procedure,reasoned-emergency-review,ablation,totalInstitutionalCost,registered-component,-0.004320690490687259,-0.0044548408214678285,-0.004182500605436926,7.037882788732991e-05,120,2000
frozen-generator,appointmentPolarization-high,emergency-ablation,emergency,reasoned-with-fast-procedure,reasoned-emergency-review,ablation,shadowDocketAbuse,registered-component,0.3197476543651686,0.31245352863365256,0.3270473037372502,0.0036597614835456177,120,2000
frozen-generator,appointmentPolarization-high,emergency-ablation,emergency,reasoned-with-fast-procedure,reasoned-emergency-review,ablation,institutionalDelayCost,additional-diagnostic,-0.006740543490943051,-0.0069228606382704646,-0.00657284442948498,9.111597466284674e-05,120,2000
frozen-generator,appointmentPolarization-high,screening-ablation,screening,council-with-full-court-structure,constitutional-council,ablation,directCourtCost,registered-diagnostic,-0.09722654166666667,-0.09735716520833332,-0.09709577124999999,6.767529359790081e-05,120,2000
frozen-generator,appointmentPolarization-high,screening-ablation,screening,council-with-full-court-structure,constitutional-council,ablation,upstreamScreeningCost,registered-component,-2.2333357376994044e-05,-8.032139755662737e-05,3.6429527976198026e-05,2.964046973940552e-05,120,2000
frozen-generator,appointmentPolarization-high,screening-ablation,screening,council-with-full-court-structure,constitutional-council,ablation,capacityStrainCost,registered-diagnostic,-0.043019451404918,-0.04357899160707667,-0.042470528635200386,0.00028143503147021464,120,2000
frozen-generator,appointmentPolarization-high,screening-ablation,screening,council-with-full-court-structure,constitutional-council,ablation,totalInstitutionalCost,registered-diagnostic,-0.05024357039433167,-0.05036222925942825,-0.05012957977234567,6.122337000738516e-05,120,2000
frozen-generator,appointmentPolarization-high,screening-ablation,screening,council-with-full-court-structure,constitutional-council,ablation,intakeAcceptanceRate,registered-diagnostic,8.781110675947466e-06,-1.3001793426100175e-05,3.028223321704188e-05,1.101540858347563e-05,120,2000
frozen-generator,appointmentPolarization-high,screening-ablation,screening,council-with-full-court-structure,constitutional-council,ablation,councilScreenRate,registered-component,-1.0,-1.0,-1.0,0.0,120,2000
frozen-generator,appointmentPolarization-high,screening-ablation,screening,council-with-full-court-structure,constitutional-council,ablation,administrativeLoad,additional-diagnostic,-0.2398864583333334,-0.24070723958333343,-0.2390977812500001,0.00042926267886272474,120,2000
frozen-generator,appointmentPolarization-high,weak-form-half,weak-form,weak-form-half-response,weak-form-review,ablation,legislativeResponseRate,registered-component,-0.16770833333333332,-0.1773984375,-0.15854166666666666,0.004760509468200373,120,2000
frozen-generator,appointmentPolarization-high,weak-form-half,weak-form,weak-form-half-response,weak-form-review,ablation,legislativeResponseCredibility,registered-component,-0.308819421361656,-0.3101936381606501,-0.30748908459833857,0.0006694359822243272,120,2000
frozen-generator,appointmentPolarization-high,weak-form-half,weak-form,weak-form-half-response,weak-form-review,ablation,timelyLegislativeResponseRate,registered-component,-0.05607108347376828,-0.06364352955987602,-0.04907246778922567,0.0038822931366078854,120,2000
frozen-generator,appointmentPolarization-high,weak-form-half,weak-form,weak-form-half-response,weak-form-review,ablation,rightsProtection,registered-component,-0.012300902510739353,-0.013318486258378517,-0.011241066341950465,0.0005321727559132293,120,2000
frozen-generator,appointmentPolarization-high,weak-form-half,weak-form,weak-form-half-response,weak-form-review,ablation,complianceRate,registered-component,-0.01864583333333333,-0.037815104166666676,-0.0007291666666666714,0.009400346028543269,120,2000
frozen-generator,appointmentPolarization-high,weak-form-half,weak-form,weak-form-half-response,weak-form-review,ablation,democraticResponsiveness,registered-component,-0.025340936517541036,-0.02694879333589103,-0.023812791786767804,0.0008102918170820666,120,2000
frozen-generator,appointmentPolarization-high,weak-form-half,weak-form,weak-form-half-response,weak-form-review,ablation,vetoRelocationRisk,registered-component,0.026694278010400807,0.02523881649570349,0.028281708190151366,0.0007729727659735652,120,2000
frozen-generator,appointmentPolarization-high,weak-form-half,weak-form,weak-form-half-response,weak-form-review,ablation,totalInstitutionalCost,registered-diagnostic,-0.001636009737997234,-0.0018404723449120777,-0.001422747312190828,0.00010808401961754515,120,2000
frozen-generator,appointmentPolarization-high,weak-form-half,weak-form,weak-form-half-response,weak-form-review,ablation,averageLegislativeResponseDelay,additional-diagnostic,0.08070248852714701,0.07757303512151054,0.08355550523420956,0.001567342471479788,120,2000
frozen-generator,appointmentPolarization-high,weak-form-off,weak-form,weak-form-no-response,weak-form-review,ablation,legislativeResponseRate,registered-component,-0.3333333333333333,-0.34375260416666664,-0.3234348958333333,0.005216205535323677,120,2000
frozen-generator,appointmentPolarization-high,weak-form-off,weak-form,weak-form-no-response,weak-form-review,ablation,legislativeResponseCredibility,registered-component,-0.6169075927233119,-0.6187168787493088,-0.6151326907222697,0.0009085922926610392,120,2000
frozen-generator,appointmentPolarization-high,weak-form-off,weak-form,weak-form-no-response,weak-form-review,ablation,timelyLegislativeResponseRate,registered-component,-0.05607108347376828,-0.06364352955987602,-0.04907246778922567,0.0038822931366078854,120,2000
frozen-generator,appointmentPolarization-high,weak-form-off,weak-form,weak-form-no-response,weak-form-review,ablation,rightsProtection,registered-component,-0.021677418101201534,-0.022753659636951837,-0.020548722038351563,0.0005493659386423325,120,2000
frozen-generator,appointmentPolarization-high,weak-form-off,weak-form,weak-form-no-response,weak-form-review,ablation,complianceRate,registered-component,-0.01333333333333333,-0.030315104166666662,0.002815104166666653,0.008839742535045974,120,2000
frozen-generator,appointmentPolarization-high,weak-form-off,weak-form,weak-form-no-response,weak-form-review,ablation,democraticResponsiveness,registered-component,-0.051042245355720856,-0.0529292883646825,-0.0491103232228199,0.0009424220823132635,120,2000
frozen-generator,appointmentPolarization-high,weak-form-off,weak-form,weak-form-no-response,weak-form-review,ablation,vetoRelocationRisk,registered-component,0.05327583769074351,0.05164424271314849,0.05492210856573465,0.0008339576285872993,120,2000
frozen-generator,appointmentPolarization-high,weak-form-off,weak-form,weak-form-no-response,weak-form-review,ablation,totalInstitutionalCost,registered-diagnostic,-0.0031036673686369986,-0.0033484841010443804,-0.002864703449652518,0.00012199201308595212,120,2000
frozen-generator,appointmentPolarization-high,weak-form-off,weak-form,weak-form-no-response,weak-form-review,ablation,averageLegislativeResponseDelay,additional-diagnostic,-0.4152371047057816,-0.4169138211754974,-0.41358273688256303,0.0008538521802792353,120,2000
frozen-generator,appointmentPolarization-high,weak-form-half-v-current,weak-form,weak-form-half-response,current-federal-court,persistence,legislativeResponseRate,registered-component,0.165625,0.15749739583333333,0.17364583333333333,0.003959070401669835,120,2000
frozen-generator,appointmentPolarization-high,weak-form-half-v-current,weak-form,weak-form-half-response,current-federal-court,persistence,legislativeResponseCredibility,registered-component,-0.24245692136165603,-0.24334393452632427,-0.24161194201720015,0.0004534065822389234,120,2000
frozen-generator,appointmentPolarization-high,weak-form-half-v-current,weak-form,weak-form-half-response,current-federal-court,persistence,timelyLegislativeResponseRate,registered-component,0.0,0.0,0.0,0.0,120,2000
frozen-generator,appointmentPolarization-high,weak-form-half-v-current,weak-form,weak-form-half-response,current-federal-court,persistence,rightsProtection,registered-component,0.014875106319140262,0.012829586910921698,0.0169405122047804,0.0010477504784516484,120,2000
frozen-generator,appointmentPolarization-high,weak-form-half-v-current,weak-form,weak-form-half-response,current-federal-court,persistence,complianceRate,registered-component,0.359375,0.3405182291666667,0.37688020833333336,0.00914577371361922,120,2000
frozen-generator,appointmentPolarization-high,weak-form-half-v-current,weak-form,weak-form-half-response,current-federal-court,persistence,democraticResponsiveness,registered-component,0.061755370105810746,0.059421418656068925,0.06410670458775072,0.0012165618731921715,120,2000
frozen-generator,appointmentPolarization-high,weak-form-half-v-current,weak-form,weak-form-half-response,current-federal-court,persistence,vetoRelocationRisk,registered-component,-0.32146142478417083,-0.32275973117286333,-0.3201308804493366,0.0006446869559895693,120,2000
frozen-generator,appointmentPolarization-high,weak-form-half-v-current,weak-form,weak-form-half-response,current-federal-court,persistence,totalInstitutionalCost,registered-diagnostic,-0.09401996105511583,-0.09422251822009797,-0.09381727742174041,0.00010608990021279219,120,2000
frozen-generator,appointmentPolarization-high,weak-form-half-v-current,weak-form,weak-form-half-response,current-federal-court,persistence,averageLegislativeResponseDelay,additional-diagnostic,0.49593959323292863,0.4932347180453321,0.49866929464115156,0.0013902747449334953,120,2000
frozen-generator,appointmentPolarization-high,weak-form-off-v-current,weak-form,weak-form-no-response,current-federal-court,persistence,legislativeResponseRate,registered-component,0.0,0.0,0.0,0.0,120,2000
frozen-generator,appointmentPolarization-high,weak-form-off-v-current,weak-form,weak-form-no-response,current-federal-court,persistence,legislativeResponseCredibility,registered-component,-0.550545092723312,-0.5513588495820313,-0.5497789958440528,0.00042132177223813124,120,2000
frozen-generator,appointmentPolarization-high,weak-form-off-v-current,weak-form,weak-form-no-response,current-federal-court,persistence,timelyLegislativeResponseRate,registered-component,0.0,0.0,0.0,0.0,120,2000
frozen-generator,appointmentPolarization-high,weak-form-off-v-current,weak-form,weak-form-no-response,current-federal-court,persistence,rightsProtection,registered-component,0.005498590728678079,0.003375827258169277,0.007583786107742465,0.0010690318417905635,120,2000
frozen-generator,appointmentPolarization-high,weak-form-off-v-current,weak-form,weak-form-no-response,current-federal-court,persistence,complianceRate,registered-component,0.3646875,0.34676822916666666,0.38156510416666667,0.008892721708636501,120,2000
frozen-generator,appointmentPolarization-high,weak-form-off-v-current,weak-form,weak-form-no-response,current-federal-court,persistence,democraticResponsiveness,registered-component,0.03605406126763092,0.03391431815957719,0.038212304999075054,0.0011216528288060625,120,2000
frozen-generator,appointmentPolarization-high,weak-form-off-v-current,weak-form,weak-form-no-response,current-federal-court,persistence,vetoRelocationRisk,registered-component,-0.2948798651038282,-0.295357376805,-0.29441909825757867,0.00024304110287413482,120,2000
frozen-generator,appointmentPolarization-high,weak-form-off-v-current,weak-form,weak-form-no-response,current-federal-court,persistence,totalInstitutionalCost,registered-diagnostic,-0.0954876186857556,-0.09568538928272316,-0.09529704103412082,0.00010067811049973664,120,2000
frozen-generator,appointmentPolarization-high,weak-form-off-v-current,weak-form,weak-form-no-response,current-federal-court,persistence,averageLegislativeResponseDelay,additional-diagnostic,0.0,0.0,0.0,0.0,120,2000
frozen-generator,legislativeConflict-low,emergency-base,emergency,reasoned-emergency-review,current-federal-court,base,emergencyReasonGivingRate,registered-component,0.8685776221514385,0.8428394559493289,0.8932093111312129,0.012390319086301527,120,2000
frozen-generator,legislativeConflict-low,emergency-base,emergency,reasoned-emergency-review,current-federal-court,base,meritsFollowUpRate,registered-component,1.0,1.0,1.0,0.0,120,2000
frozen-generator,legislativeConflict-low,emergency-base,emergency,reasoned-emergency-review,current-federal-court,base,averageTimeToReview,registered-component,0.0,0.0,0.0,0.0,120,2000
frozen-generator,legislativeConflict-low,emergency-base,emergency,reasoned-emergency-review,current-federal-court,base,totalInstitutionalCost,registered-component,0.009806228289799946,0.009659932877568066,0.009946091421153463,7.347509578874118e-05,120,2000
frozen-generator,legislativeConflict-low,emergency-base,emergency,reasoned-emergency-review,current-federal-court,base,shadowDocketAbuse,registered-component,-0.3209769343252587,-0.32897923070482077,-0.31347124849481983,0.003960822184896386,120,2000
frozen-generator,legislativeConflict-low,emergency-base,emergency,reasoned-emergency-review,current-federal-court,base,institutionalDelayCost,additional-diagnostic,0.008282418771966364,0.00809071523294334,0.008478315373558616,0.00010044916713058663,120,2000
frozen-generator,legislativeConflict-low,screening-base,screening,constitutional-council,current-federal-court,base,directCourtCost,registered-diagnostic,0.13582890833333336,0.135704799375,0.13596067666666667,6.724184662687526e-05,120,2000
frozen-generator,legislativeConflict-low,screening-base,screening,constitutional-council,current-federal-court,base,upstreamScreeningCost,registered-component,0.00209542225276694,0.002022486207739015,0.002168527966423129,3.7393398403224994e-05,120,2000
frozen-generator,legislativeConflict-low,screening-base,screening,constitutional-council,current-federal-court,base,capacityStrainCost,registered-diagnostic,0.06367281066851135,0.0629476559626457,0.06439153896832217,0.00036968323710527063,120,2000
frozen-generator,legislativeConflict-low,screening-base,screening,constitutional-council,current-federal-court,base,totalInstitutionalCost,registered-diagnostic,0.08293815471618922,0.08278686085401536,0.08309017809674776,7.900205754585973e-05,120,2000
frozen-generator,legislativeConflict-low,screening-base,screening,constitutional-council,current-federal-court,base,intakeAcceptanceRate,registered-diagnostic,-0.0007805231653036956,-0.000808477313536267,-0.0007526288861710478,1.4271635932940492e-05,120,2000
frozen-generator,legislativeConflict-low,screening-base,screening,constitutional-council,current-federal-court,base,councilScreenRate,registered-component,1.0,1.0,1.0,0.0,120,2000
frozen-generator,legislativeConflict-low,screening-base,screening,constitutional-council,current-federal-court,base,administrativeLoad,additional-diagnostic,0.24690479166666673,0.24586616666666675,0.24796112500000006,0.0005460986532954183,120,2000
frozen-generator,legislativeConflict-low,weak-form-base,weak-form,weak-form-review,current-federal-court,base,legislativeResponseRate,registered-component,0.28489583333333335,0.27666666666666667,0.2939583333333333,0.004398063043838924,120,2000
frozen-generator,legislativeConflict-low,weak-form-base,weak-form,weak-form-review,current-federal-court,base,legislativeResponseCredibility,registered-component,0.059839583333333286,0.05865614583333328,0.06113557291666663,0.0006462019764279606,120,2000
frozen-generator,legislativeConflict-low,weak-form-base,weak-form,weak-form-review,current-federal-court,base,timelyLegislativeResponseRate,registered-component,0.24227637188155413,0.22724168691172772,0.2584255351001516,0.00791960181812843,120,2000
frozen-generator,legislativeConflict-low,weak-form-base,weak-form,weak-form-review,current-federal-court,base,rightsProtection,registered-component,0.026453641140722163,0.02470265199531173,0.02823848746990252,0.000935853274416641,120,2000
frozen-generator,legislativeConflict-low,weak-form-base,weak-form,weak-form-review,current-federal-court,base,complianceRate,registered-component,0.3139583333333334,0.29655468749999997,0.33135416666666667,0.008942440791841616,120,2000
frozen-generator,legislativeConflict-low,weak-form-base,weak-form,weak-form-review,current-federal-court,base,democraticResponsiveness,registered-component,0.09066112564862257,0.08785497034481907,0.09366442822557866,0.001506780617410044,120,2000
frozen-generator,legislativeConflict-low,weak-form-base,weak-form,weak-form-review,current-federal-court,base,vetoRelocationRisk,registered-component,-0.3420327996704359,-0.3434780342300628,-0.34069718418438044,0.0007041282897108853,120,2000
frozen-generator,legislativeConflict-low,weak-form-base,weak-form,weak-form-review,current-federal-court,base,totalInstitutionalCost,registered-diagnostic,-0.09338990005965318,-0.0935963516857591,-0.09319673464117147,0.00010212103024321999,120,2000
frozen-generator,legislativeConflict-low,weak-form-base,weak-form,weak-form-review,current-federal-court,base,averageLegislativeResponseDelay,additional-diagnostic,0.3757146464076223,0.37350647036115153,0.3778366054723104,0.0010945421103258541,120,2000
frozen-generator,legislativeConflict-low,emergency-ablation,emergency,reasoned-with-fast-procedure,reasoned-emergency-review,ablation,emergencyReasonGivingRate,registered-component,-0.7197337368363569,-0.7472451906774574,-0.6897317065349705,0.014504052164897996,120,2000
frozen-generator,legislativeConflict-low,emergency-ablation,emergency,reasoned-with-fast-procedure,reasoned-emergency-review,ablation,meritsFollowUpRate,registered-component,-1.0,-1.0,-1.0,0.0,120,2000
frozen-generator,legislativeConflict-low,emergency-ablation,emergency,reasoned-with-fast-procedure,reasoned-emergency-review,ablation,averageTimeToReview,registered-component,0.0,0.0,0.0,0.0,120,2000
frozen-generator,legislativeConflict-low,emergency-ablation,emergency,reasoned-with-fast-procedure,reasoned-emergency-review,ablation,totalInstitutionalCost,registered-component,-0.004493051816840895,-0.004641413768409945,-0.004330423404338672,7.806840980462379e-05,120,2000
frozen-generator,legislativeConflict-low,emergency-ablation,emergency,reasoned-with-fast-procedure,reasoned-emergency-review,ablation,shadowDocketAbuse,registered-component,0.3053095207814359,0.29698632371398703,0.31429091813819904,0.0042614372791906245,120,2000
frozen-generator,legislativeConflict-low,emergency-ablation,emergency,reasoned-with-fast-procedure,reasoned-emergency-review,ablation,institutionalDelayCost,additional-diagnostic,-0.006593231966651904,-0.006819410888558649,-0.006394852840196093,0.00010600452439231036,120,2000
frozen-generator,legislativeConflict-low,screening-ablation,screening,council-with-full-court-structure,constitutional-council,ablation,directCourtCost,registered-diagnostic,-0.09722429166666666,-0.09735270666666665,-0.09709391374999997,6.691457449262217e-05,120,2000
frozen-generator,legislativeConflict-low,screening-ablation,screening,council-with-full-court-structure,constitutional-council,ablation,upstreamScreeningCost,registered-component,1.2759198506639053e-05,-4.366628814270083e-05,6.81165742873276e-05,2.894466669426247e-05,120,2000
frozen-generator,legislativeConflict-low,screening-ablation,screening,council-with-full-court-structure,constitutional-council,ablation,capacityStrainCost,registered-diagnostic,-0.043404431367662276,-0.04396866206507819,-0.04284476610678132,0.00028615034104676834,120,2000
frozen-generator,legislativeConflict-low,screening-ablation,screening,council-with-full-court-structure,constitutional-council,ablation,totalInstitutionalCost,registered-diagnostic,-0.050305883744496835,-0.05042872182387588,-0.05017792353071625,6.409485693788053e-05,120,2000
frozen-generator,legislativeConflict-low,screening-ablation,screening,council-with-full-court-structure,constitutional-council,ablation,intakeAcceptanceRate,registered-diagnostic,-4.526449302424008e-06,-2.4818037688688452e-05,1.5956024251972095e-05,1.0566626695757397e-05,120,2000
frozen-generator,legislativeConflict-low,screening-ablation,screening,council-with-full-court-structure,constitutional-council,ablation,councilScreenRate,registered-component,-1.0,-1.0,-1.0,0.0,120,2000
frozen-generator,legislativeConflict-low,screening-ablation,screening,council-with-full-court-structure,constitutional-council,ablation,administrativeLoad,additional-diagnostic,-0.24028020833333344,-0.2411362656250001,-0.23938869270833343,0.0004493811781358049,120,2000
frozen-generator,legislativeConflict-low,weak-form-half,weak-form,weak-form-half-response,weak-form-review,ablation,legislativeResponseRate,registered-component,-0.13843750000000002,-0.14604166666666665,-0.13125,0.003745803265568246,120,2000
frozen-generator,legislativeConflict-low,weak-form-half,weak-form,weak-form-half-response,weak-form-review,ablation,legislativeResponseCredibility,registered-component,-0.3257014213755781,-0.3266585189660681,-0.3247341282218321,0.000510641522133613,120,2000
frozen-generator,legislativeConflict-low,weak-form-half,weak-form,weak-form-half-response,weak-form-review,ablation,timelyLegislativeResponseRate,registered-component,-0.24227637188155413,-0.2584255351001516,-0.22724168691172772,0.00791960181812843,120,2000
frozen-generator,legislativeConflict-low,weak-form-half,weak-form,weak-form-half-response,weak-form-review,ablation,rightsProtection,registered-component,-0.01406245840865567,-0.015050878514147508,-0.013108357329410087,0.0004953483570837879,120,2000
frozen-generator,legislativeConflict-low,weak-form-half,weak-form,weak-form-half-response,weak-form-review,ablation,complianceRate,registered-component,-0.009791666666666672,-0.02281250000000001,0.003333333333333328,0.00657452851440629,120,2000
frozen-generator,legislativeConflict-low,weak-form-half,weak-form,weak-form-half-response,weak-form-review,ablation,democraticResponsiveness,registered-component,-0.020754147190542593,-0.022156472783508095,-0.01941022317089912,0.0006926653418644988,120,2000
frozen-generator,legislativeConflict-low,weak-form-half,weak-form,weak-form-half-response,weak-form-review,ablation,vetoRelocationRisk,registered-component,0.021913901285349403,0.020746195222102623,0.023157201058823688,0.0006112480120233565,120,2000
frozen-generator,legislativeConflict-low,weak-form-half,weak-form,weak-form-half-response,weak-form-review,ablation,totalInstitutionalCost,registered-diagnostic,-0.001473189726524138,-0.0016485454287682613,-0.001296899947880849,9.276013504755768e-05,120,2000
frozen-generator,legislativeConflict-low,weak-form-half,weak-form,weak-form-half-response,weak-form-review,ablation,averageLegislativeResponseDelay,additional-diagnostic,0.0834799656792308,0.07994154586680917,0.08673003439731491,0.0017202029792511122,120,2000
frozen-generator,legislativeConflict-low,weak-form-off,weak-form,weak-form-no-response,weak-form-review,ablation,legislativeResponseRate,registered-component,-0.28489583333333335,-0.2939583333333333,-0.27666666666666667,0.004398063043838924,120,2000
frozen-generator,legislativeConflict-low,weak-form-off,weak-form,weak-form-no-response,weak-form-review,ablation,legislativeResponseCredibility,registered-component,-0.6521340927511562,-0.6534726341248596,-0.6508759918414516,0.0007018581316724234,120,2000
frozen-generator,legislativeConflict-low,weak-form-off,weak-form,weak-form-no-response,weak-form-review,ablation,timelyLegislativeResponseRate,registered-component,-0.24227637188155413,-0.2584255351001516,-0.22724168691172772,0.00791960181812843,120,2000
frozen-generator,legislativeConflict-low,weak-form-off,weak-form,weak-form-no-response,weak-form-review,ablation,rightsProtection,registered-component,-0.022285588524562246,-0.023372544081615435,-0.021189032672526517,0.0005603706295844343,120,2000
frozen-generator,legislativeConflict-low,weak-form-off,weak-form,weak-form-no-response,weak-form-review,ablation,complianceRate,registered-component,-0.009583333333333336,-0.021875000000000002,0.001979166666666663,0.006089920074785348,120,2000
frozen-generator,legislativeConflict-low,weak-form-off,weak-form,weak-form-no-response,weak-form-review,ablation,democraticResponsiveness,registered-component,-0.04244275022182446,-0.04396097465417817,-0.04100948013931014,0.0007510198328367117,120,2000
frozen-generator,legislativeConflict-low,weak-form-off,weak-form,weak-form-no-response,weak-form-review,ablation,vetoRelocationRisk,registered-component,0.04547895602735484,0.04413332475032879,0.04692942855073737,0.0007136527448703425,120,2000
frozen-generator,legislativeConflict-low,weak-form-off,weak-form,weak-form-no-response,weak-form-review,ablation,totalInstitutionalCost,registered-diagnostic,-0.0028417484655099963,-0.0030236978151599787,-0.0026546064427254205,9.507841515990893e-05,120,2000
frozen-generator,legislativeConflict-low,weak-form-off,weak-form,weak-form-no-response,weak-form-review,ablation,averageLegislativeResponseDelay,additional-diagnostic,-0.3757146464076223,-0.3778366054723104,-0.37350647036115153,0.0010945421103258541,120,2000
frozen-generator,legislativeConflict-low,weak-form-half-v-current,weak-form,weak-form-half-response,current-federal-court,persistence,legislativeResponseRate,registered-component,0.14645833333333333,0.13864583333333333,0.15437499999999998,0.003917208601281919,120,2000
frozen-generator,legislativeConflict-low,weak-form-half-v-current,weak-form,weak-form-half-response,current-federal-court,persistence,legislativeResponseCredibility,registered-component,-0.26586183804224484,-0.26660130556917055,-0.26511177573078953,0.0003873053430694474,120,2000
frozen-generator,legislativeConflict-low,weak-form-half-v-current,weak-form,weak-form-half-response,current-federal-court,persistence,timelyLegislativeResponseRate,registered-component,0.0,0.0,0.0,0.0,120,2000
frozen-generator,legislativeConflict-low,weak-form-half-v-current,weak-form,weak-form-half-response,current-federal-court,persistence,rightsProtection,registered-component,0.012391182732066491,0.01057486658661359,0.014236191896416943,0.0009554776095539229,120,2000
frozen-generator,legislativeConflict-low,weak-form-half-v-current,weak-form,weak-form-half-response,current-federal-court,persistence,complianceRate,registered-component,0.30416666666666664,0.28593229166666667,0.3221875,0.00922212343719943,120,2000
frozen-generator,legislativeConflict-low,weak-form-half-v-current,weak-form,weak-form-half-response,current-federal-court,persistence,democraticResponsiveness,registered-component,0.06990697845807997,0.06715939615776902,0.07259396364617399,0.0014201896279712263,120,2000
frozen-generator,legislativeConflict-low,weak-form-half-v-current,weak-form,weak-form-half-response,current-federal-court,persistence,vetoRelocationRisk,registered-component,-0.3201188983850865,-0.32146679672787143,-0.31875667552454384,0.0006683291402413563,120,2000
frozen-generator,legislativeConflict-low,weak-form-half-v-current,weak-form,weak-form-half-response,current-federal-court,persistence,totalInstitutionalCost,registered-diagnostic,-0.09486308978617732,-0.09504833400429114,-0.0946724054818517,9.474185726770423e-05,120,2000
frozen-generator,legislativeConflict-low,weak-form-half-v-current,weak-form,weak-form-half-response,current-federal-court,persistence,averageLegislativeResponseDelay,additional-diagnostic,0.45919461208685314,0.456193995329968,0.4620945904613757,0.0014913867013064174,120,2000
frozen-generator,legislativeConflict-low,weak-form-off-v-current,weak-form,weak-form-no-response,current-federal-court,persistence,legislativeResponseRate,registered-component,0.0,0.0,0.0,0.0,120,2000
frozen-generator,legislativeConflict-low,weak-form-off-v-current,weak-form,weak-form-no-response,current-federal-court,persistence,legislativeResponseCredibility,registered-component,-0.5922945094178229,-0.5930199135757177,-0.5915457285203854,0.00036649729825851996,120,2000
frozen-generator,legislativeConflict-low,weak-form-off-v-current,weak-form,weak-form-no-response,current-federal-court,persistence,timelyLegislativeResponseRate,registered-component,0.0,0.0,0.0,0.0,120,2000
frozen-generator,legislativeConflict-low,weak-form-off-v-current,weak-form,weak-form-no-response,current-federal-court,persistence,rightsProtection,registered-component,0.004168052616159914,0.002301475328174903,0.006101230507565308,0.000979430567122702,120,2000
frozen-generator,legislativeConflict-low,weak-form-off-v-current,weak-form,weak-form-no-response,current-federal-court,persistence,complianceRate,registered-component,0.304375,0.28718229166666664,0.32239843749999997,0.009098273472592084,120,2000
frozen-generator,legislativeConflict-low,weak-form-off-v-current,weak-form,weak-form-no-response,current-federal-court,persistence,democraticResponsiveness,registered-component,0.048218375426798105,0.04568784376282657,0.05084058920312809,0.001345570346236941,120,2000
frozen-generator,legislativeConflict-low,weak-form-off-v-current,weak-form,weak-form-no-response,current-federal-court,persistence,vetoRelocationRisk,registered-component,-0.29655384364308107,-0.29694957701052155,-0.2961844030653169,0.00019066849484340986,120,2000
frozen-generator,legislativeConflict-low,weak-form-off-v-current,weak-form,weak-form-no-response,current-federal-court,persistence,totalInstitutionalCost,registered-diagnostic,-0.09623164852516318,-0.0963884273672263,-0.09607363770292421,8.16134210076496e-05,120,2000
frozen-generator,legislativeConflict-low,weak-form-off-v-current,weak-form,weak-form-no-response,current-federal-court,persistence,averageLegislativeResponseDelay,additional-diagnostic,0.0,0.0,0.0,0.0,120,2000
frozen-generator,legislativeConflict-high,emergency-base,emergency,reasoned-emergency-review,current-federal-court,base,emergencyReasonGivingRate,registered-component,0.8348606192807693,0.8112402165369755,0.8586246452340114,0.01211706917946818,120,2000
frozen-generator,legislativeConflict-high,emergency-base,emergency,reasoned-emergency-review,current-federal-court,base,meritsFollowUpRate,registered-component,1.0,1.0,1.0,0.0,120,2000
frozen-generator,legislativeConflict-high,emergency-base,emergency,reasoned-emergency-review,current-federal-court,base,averageTimeToReview,registered-component,0.0,0.0,0.0,0.0,120,2000
frozen-generator,legislativeConflict-high,emergency-base,emergency,reasoned-emergency-review,current-federal-court,base,totalInstitutionalCost,registered-component,0.009724673812453925,0.009574900582146249,0.00987879655743091,7.81754446213496e-05,120,2000
frozen-generator,legislativeConflict-high,emergency-base,emergency,reasoned-emergency-review,current-federal-court,base,shadowDocketAbuse,registered-component,-0.3269088271622958,-0.33538312038485113,-0.3182479274996602,0.004385639872484087,120,2000
frozen-generator,legislativeConflict-high,emergency-base,emergency,reasoned-emergency-review,current-federal-court,base,institutionalDelayCost,additional-diagnostic,0.008199031044913273,0.007989499067039529,0.008403818619370297,0.000104925962187052,120,2000
frozen-generator,legislativeConflict-high,screening-base,screening,constitutional-council,current-federal-court,base,directCourtCost,registered-diagnostic,0.13593930000000004,0.13581268250000003,0.1360676027083334,6.647198816105948e-05,120,2000
frozen-generator,legislativeConflict-high,screening-base,screening,constitutional-council,current-federal-court,base,upstreamScreeningCost,registered-component,0.0018350063979126973,0.0017641264031768836,0.0019075301563920208,3.700565750415579e-05,120,2000
frozen-generator,legislativeConflict-high,screening-base,screening,constitutional-council,current-federal-court,base,capacityStrainCost,registered-diagnostic,0.06424561259860852,0.06351425220505938,0.06500356875868507,0.00038796841433676253,120,2000
frozen-generator,legislativeConflict-high,screening-base,screening,constitutional-council,current-federal-court,base,totalInstitutionalCost,registered-diagnostic,0.08301379509536577,0.08285555302421303,0.08317432463952644,8.275527205252592e-05,120,2000
frozen-generator,legislativeConflict-high,screening-base,screening,constitutional-council,current-federal-court,base,intakeAcceptanceRate,registered-diagnostic,-0.0007015503659611803,-0.0007292995988444337,-0.0006737465550814743,1.434454570417563e-05,120,2000
frozen-generator,legislativeConflict-high,screening-base,screening,constitutional-council,current-federal-court,base,councilScreenRate,registered-component,1.0,1.0,1.0,0.0,120,2000
frozen-generator,legislativeConflict-high,screening-base,screening,constitutional-council,current-federal-court,base,administrativeLoad,additional-diagnostic,0.24796125000000008,0.24688726562500007,0.24907635937500008,0.0005666580096451079,120,2000
frozen-generator,legislativeConflict-high,weak-form-base,weak-form,weak-form-review,current-federal-court,base,legislativeResponseRate,registered-component,0.34979166666666667,0.34020833333333333,0.359375,0.005060002654882074,120,2000
frozen-generator,legislativeConflict-high,weak-form-base,weak-form,weak-form-review,current-federal-court,base,legislativeResponseCredibility,registered-component,0.0688791666666666,0.06732468749999994,0.07044380208333328,0.0007856099397013832,120,2000
frozen-generator,legislativeConflict-high,weak-form-base,weak-form,weak-form-review,current-federal-court,base,timelyLegislativeResponseRate,registered-component,0.0,0.0,0.0,0.0,120,2000
frozen-generator,legislativeConflict-high,weak-form-base,weak-form,weak-form-review,current-federal-court,base,rightsProtection,registered-component,0.0272440470226717,0.025259290159445703,0.029098166219962456,0.0009983655779529648,120,2000
frozen-generator,legislativeConflict-high,weak-form-base,weak-form,weak-form-review,current-federal-court,base,complianceRate,registered-component,0.26906250000000004,0.24520572916666666,0.29219010416666663,0.012287196375308982,120,2000
frozen-generator,legislativeConflict-high,weak-form-base,weak-form,weak-form-review,current-federal-court,base,democraticResponsiveness,registered-component,0.07068667575229445,0.06828372639246566,0.07296143351099413,0.0011560666115100384,120,2000
frozen-generator,legislativeConflict-high,weak-form-base,weak-form,weak-form-review,current-federal-court,base,vetoRelocationRisk,registered-component,-0.3497262192373919,-0.35122146274670374,-0.3481833674516997,0.0007997705409928272,120,2000
frozen-generator,legislativeConflict-high,weak-form-base,weak-form,weak-form-review,current-federal-court,base,totalInstitutionalCost,registered-diagnostic,-0.09187432537272835,-0.09205756829529278,-0.09169083011494357,9.627793705002477e-05,120,2000
frozen-generator,legislativeConflict-high,weak-form-base,weak-form,weak-form-review,current-federal-court,base,averageLegislativeResponseDelay,additional-diagnostic,0.46933366929794057,0.4674360747013638,0.4715522259907637,0.0010076029983452765,120,2000
frozen-generator,legislativeConflict-high,emergency-ablation,emergency,reasoned-with-fast-procedure,reasoned-emergency-review,ablation,emergencyReasonGivingRate,registered-component,-0.690343157786375,-0.7175150877206907,-0.6645380468584157,0.01307446807116541,120,2000
frozen-generator,legislativeConflict-high,emergency-ablation,emergency,reasoned-with-fast-procedure,reasoned-emergency-review,ablation,meritsFollowUpRate,registered-component,-1.0,-1.0,-1.0,0.0,120,2000
frozen-generator,legislativeConflict-high,emergency-ablation,emergency,reasoned-with-fast-procedure,reasoned-emergency-review,ablation,averageTimeToReview,registered-component,0.0,0.0,0.0,0.0,120,2000
frozen-generator,legislativeConflict-high,emergency-ablation,emergency,reasoned-with-fast-procedure,reasoned-emergency-review,ablation,totalInstitutionalCost,registered-component,-0.004318372071583992,-0.004465310577529496,-0.00417361650588184,7.491912817919217e-05,120,2000
frozen-generator,legislativeConflict-high,emergency-ablation,emergency,reasoned-with-fast-procedure,reasoned-emergency-review,ablation,shadowDocketAbuse,registered-component,0.3148163084491206,0.3072244691067307,0.32261864563772014,0.003914595442625283,120,2000
frozen-generator,legislativeConflict-high,emergency-ablation,emergency,reasoned-with-fast-procedure,reasoned-emergency-review,ablation,institutionalDelayCost,additional-diagnostic,-0.006612871802556556,-0.006802942798890464,-0.006416306256208261,9.982223741926397e-05,120,2000
frozen-generator,legislativeConflict-high,screening-ablation,screening,council-with-full-court-structure,constitutional-council,ablation,directCourtCost,registered-diagnostic,-0.0972736916666667,-0.09740952374999999,-0.0971335991666667,7.090752429902968e-05,120,2000
frozen-generator,legislativeConflict-high,screening-ablation,screening,council-with-full-court-structure,constitutional-council,ablation,upstreamScreeningCost,registered-component,3.79530061428444e-05,-1.9681783333080533e-05,9.946473216580594e-05,2.999636799067556e-05,120,2000
frozen-generator,legislativeConflict-high,screening-ablation,screening,council-with-full-court-structure,constitutional-council,ablation,capacityStrainCost,registered-diagnostic,-0.04360153549590477,-0.044206590953439893,-0.043005766266069306,0.0003106198835183793,120,2000
frozen-generator,legislativeConflict-high,screening-ablation,screening,council-with-full-court-structure,constitutional-council,ablation,totalInstitutionalCost,registered-diagnostic,-0.05035355259937823,-0.05048521939090368,-0.05022178150135665,6.900683708591715e-05,120,2000
frozen-generator,legislativeConflict-high,screening-ablation,screening,council-with-full-court-structure,constitutional-council,ablation,intakeAcceptanceRate,registered-diagnostic,-1.4675683523611745e-05,-3.742656354471332e-05,7.046767413158606e-06,1.1350530844998856e-05,120,2000
frozen-generator,legislativeConflict-high,screening-ablation,screening,council-with-full-court-structure,constitutional-council,ablation,councilScreenRate,registered-component,-1.0,-1.0,-1.0,0.0,120,2000
frozen-generator,legislativeConflict-high,screening-ablation,screening,council-with-full-court-structure,constitutional-council,ablation,administrativeLoad,additional-diagnostic,-0.24063520833333343,-0.24155569270833344,-0.23971545833333346,0.0004793686849595649,120,2000
frozen-generator,legislativeConflict-high,weak-form-half,weak-form,weak-form-half-response,weak-form-review,ablation,legislativeResponseRate,registered-component,-0.175625,-0.185,-0.16707812500000002,0.004703317151425231,120,2000
frozen-generator,legislativeConflict-high,weak-form-half,weak-form,weak-form-half-response,weak-form-review,ablation,legislativeResponseCredibility,registered-component,-0.2833618050773017,-0.2845290073128925,-0.28218282272580514,0.0006116458326453948,120,2000
frozen-generator,legislativeConflict-high,weak-form-half,weak-form,weak-form-half-response,weak-form-review,ablation,timelyLegislativeResponseRate,registered-component,0.0,0.0,0.0,0.0,120,2000
frozen-generator,legislativeConflict-high,weak-form-half,weak-form,weak-form-half-response,weak-form-review,ablation,rightsProtection,registered-component,-0.012559554050769934,-0.013605050239675696,-0.011496573840032477,0.0005458439344189471,120,2000
frozen-generator,legislativeConflict-high,weak-form-half,weak-form,weak-form-half-response,weak-form-review,ablation,complianceRate,registered-component,-0.04625,-0.07396093749999999,-0.017601562500000008,0.014381810894106398,120,2000
frozen-generator,legislativeConflict-high,weak-form-half,weak-form,weak-form-half-response,weak-form-review,ablation,democraticResponsiveness,registered-component,-0.027772055355573533,-0.02931436242701092,-0.0261939070636014,0.0008146005998927229,120,2000
frozen-generator,legislativeConflict-high,weak-form-half,weak-form,weak-form-half-response,weak-form-review,ablation,vetoRelocationRisk,registered-component,0.028489907024691525,0.027077539932870834,0.029990702680695085,0.0007643892979489651,120,2000
frozen-generator,legislativeConflict-high,weak-form-half,weak-form,weak-form-half-response,weak-form-review,ablation,totalInstitutionalCost,registered-diagnostic,-0.0015116067710083212,-0.0017246003673761954,-0.0013047237371324686,0.00010534240059899368,120,2000
frozen-generator,legislativeConflict-high,weak-form-half,weak-form,weak-form-half-response,weak-form-review,ablation,averageLegislativeResponseDelay,additional-diagnostic,0.07173872982151148,0.06845501013659046,0.07486574538165791,0.0016249293755470683,120,2000
frozen-generator,legislativeConflict-high,weak-form-off,weak-form,weak-form-no-response,weak-form-review,ablation,legislativeResponseRate,registered-component,-0.34979166666666667,-0.359375,-0.34020833333333333,0.005060002654882074,120,2000
frozen-generator,legislativeConflict-high,weak-form-off,weak-form,weak-form-no-response,weak-form-review,ablation,legislativeResponseCredibility,registered-component,-0.5668736101546034,-0.5685118485015414,-0.5651894272492437,0.0008585822210814783,120,2000
frozen-generator,legislativeConflict-high,weak-form-off,weak-form,weak-form-no-response,weak-form-review,ablation,timelyLegislativeResponseRate,registered-component,0.0,0.0,0.0,0.0,120,2000
frozen-generator,legislativeConflict-high,weak-form-off,weak-form,weak-form-no-response,weak-form-review,ablation,rightsProtection,registered-component,-0.02070800258258761,-0.022030988552843894,-0.019358498092978155,0.0007064948455484504,120,2000
frozen-generator,legislativeConflict-high,weak-form-off,weak-form,weak-form-no-response,weak-form-review,ablation,complianceRate,registered-component,-0.0940625,-0.12406510416666668,-0.06229166666666666,0.015700944638859186,120,2000
frozen-generator,legislativeConflict-high,weak-form-off,weak-form,weak-form-no-response,weak-form-review,ablation,democraticResponsiveness,registered-component,-0.054338715445665146,-0.05602854289245769,-0.052588503052318915,0.0008659241882311358,120,2000
frozen-generator,legislativeConflict-high,weak-form-off,weak-form,weak-form-no-response,weak-form-review,ablation,vetoRelocationRisk,registered-component,0.05596150493029557,0.05433783084226752,0.057547994029470764,0.0008427480335772288,120,2000
frozen-generator,legislativeConflict-high,weak-form-off,weak-form,weak-form-no-response,weak-form-review,ablation,totalInstitutionalCost,registered-diagnostic,-0.003266117195032459,-0.0034905335830565203,-0.0030383548952220424,0.00011492657712170304,120,2000
frozen-generator,legislativeConflict-high,weak-form-off,weak-form,weak-form-no-response,weak-form-review,ablation,averageLegislativeResponseDelay,additional-diagnostic,-0.46933366929794057,-0.4715522259907637,-0.4674360747013638,0.0010076029983452765,120,2000
frozen-generator,legislativeConflict-high,weak-form-half-v-current,weak-form,weak-form-half-response,current-federal-court,persistence,legislativeResponseRate,registered-component,0.17416666666666666,0.16697916666666668,0.18094010416666667,0.0036197420736481436,120,2000
frozen-generator,legislativeConflict-high,weak-form-half-v-current,weak-form,weak-form-half-response,current-federal-court,persistence,legislativeResponseCredibility,registered-component,-0.2144826384106351,-0.21544593046544308,-0.21351557475658167,0.0004876451521765078,120,2000
frozen-generator,legislativeConflict-high,weak-form-half-v-current,weak-form,weak-form-half-response,current-federal-court,persistence,timelyLegislativeResponseRate,registered-component,0.0,0.0,0.0,0.0,120,2000
frozen-generator,legislativeConflict-high,weak-form-half-v-current,weak-form,weak-form-half-response,current-federal-court,persistence,rightsProtection,registered-component,0.014684492971901771,0.012618282263933338,0.016734289301302663,0.0010762348717342637,120,2000
frozen-generator,legislativeConflict-high,weak-form-half-v-current,weak-form,weak-form-half-response,current-federal-court,persistence,complianceRate,registered-component,0.2228125,0.19748697916666666,0.24812760416666665,0.012950278030526109,120,2000
frozen-generator,legislativeConflict-high,weak-form-half-v-current,weak-form,weak-form-half-response,current-federal-court,persistence,democraticResponsiveness,registered-component,0.04291462039672092,0.04030894206024189,0.04543673293731979,0.00132485471320658,120,2000
frozen-generator,legislativeConflict-high,weak-form-half-v-current,weak-form,weak-form-half-response,current-federal-court,persistence,vetoRelocationRisk,registered-component,-0.3212363122127003,-0.3223938595661362,-0.32006801229617265,0.000594163976858176,120,2000
frozen-generator,legislativeConflict-high,weak-form-half-v-current,weak-form,weak-form-half-response,current-federal-court,persistence,totalInstitutionalCost,registered-diagnostic,-0.09338593214373668,-0.09360411574421708,-0.09316513598622263,0.00010815472502383965,120,2000
frozen-generator,legislativeConflict-high,weak-form-half-v-current,weak-form,weak-form-half-response,current-federal-court,persistence,averageLegislativeResponseDelay,additional-diagnostic,0.541072399119452,0.5384196801172263,0.5436668555226811,0.0013384824457172246,120,2000
frozen-generator,legislativeConflict-high,weak-form-off-v-current,weak-form,weak-form-no-response,current-federal-court,persistence,legislativeResponseRate,registered-component,0.0,0.0,0.0,0.0,120,2000
frozen-generator,legislativeConflict-high,weak-form-off-v-current,weak-form,weak-form-no-response,current-federal-court,persistence,legislativeResponseCredibility,registered-component,-0.49799444348793676,-0.49883910049772995,-0.49715084228351075,0.0004414771359931343,120,2000
frozen-generator,legislativeConflict-high,weak-form-off-v-current,weak-form,weak-form-no-response,current-federal-court,persistence,timelyLegislativeResponseRate,registered-component,0.0,0.0,0.0,0.0,120,2000
frozen-generator,legislativeConflict-high,weak-form-off-v-current,weak-form,weak-form-no-response,current-federal-court,persistence,rightsProtection,registered-component,0.006536044440084095,0.00420925268956766,0.00873936547543503,0.0011613917815757387,120,2000
frozen-generator,legislativeConflict-high,weak-form-off-v-current,weak-form,weak-form-no-response,current-federal-court,persistence,complianceRate,registered-component,0.175,0.151875,0.19833333333333333,0.011865920530157413,120,2000
frozen-generator,legislativeConflict-high,weak-form-off-v-current,weak-form,weak-form-no-response,current-federal-court,persistence,democraticResponsiveness,registered-component,0.01634796030662931,0.01378447337957408,0.018852829277177317,0.0012582397848034292,120,2000
frozen-generator,legislativeConflict-high,weak-form-off-v-current,weak-form,weak-form-no-response,current-federal-court,persistence,vetoRelocationRisk,registered-component,-0.29376471430709633,-0.29426762552447266,-0.29330902910334655,0.0002455703130706694,120,2000
frozen-generator,legislativeConflict-high,weak-form-off-v-current,weak-form,weak-form-no-response,current-federal-court,persistence,totalInstitutionalCost,registered-diagnostic,-0.09514044256776082,-0.09533993939059172,-0.09493363329335998,9.996754462045725e-05,120,2000
frozen-generator,legislativeConflict-high,weak-form-off-v-current,weak-form,weak-form-no-response,current-federal-court,persistence,averageLegislativeResponseDelay,additional-diagnostic,0.0,0.0,0.0,0.0,120,2000
frozen-generator,implementationCapacity-low,emergency-base,emergency,reasoned-emergency-review,current-federal-court,base,emergencyReasonGivingRate,registered-component,0.8480294624269168,0.8207124512280417,0.8736185824238422,0.013239468312384694,120,2000
frozen-generator,implementationCapacity-low,emergency-base,emergency,reasoned-emergency-review,current-federal-court,base,meritsFollowUpRate,registered-component,1.0,1.0,1.0,0.0,120,2000
frozen-generator,implementationCapacity-low,emergency-base,emergency,reasoned-emergency-review,current-federal-court,base,averageTimeToReview,registered-component,0.0,0.0,0.0,0.0,120,2000
frozen-generator,implementationCapacity-low,emergency-base,emergency,reasoned-emergency-review,current-federal-court,base,totalInstitutionalCost,registered-component,0.009722373277332861,0.00955396275234794,0.009884864165419536,8.600099530759252e-05,120,2000
frozen-generator,implementationCapacity-low,emergency-base,emergency,reasoned-emergency-review,current-federal-court,base,shadowDocketAbuse,registered-component,-0.32309352757776266,-0.33141916079316297,-0.31500153920162194,0.004359726175206831,120,2000
frozen-generator,implementationCapacity-low,emergency-base,emergency,reasoned-emergency-review,current-federal-court,base,institutionalDelayCost,additional-diagnostic,0.008321560076970894,0.008111749319922057,0.008548196358638242,0.00011212485853369471,120,2000
frozen-generator,implementationCapacity-low,screening-base,screening,constitutional-council,current-federal-court,base,directCourtCost,registered-diagnostic,0.13588756666666668,0.1357458204166667,0.1360278675,6.850242561831654e-05,120,2000
frozen-generator,implementationCapacity-low,screening-base,screening,constitutional-council,current-federal-court,base,upstreamScreeningCost,registered-component,0.002025979334647098,0.001948249772561548,0.002103889428876724,4.07417263156876e-05,120,2000
frozen-generator,implementationCapacity-low,screening-base,screening,constitutional-council,current-federal-court,base,capacityStrainCost,registered-diagnostic,0.06346690288976474,0.06263846941962598,0.06426199280864847,0.000416599453625868,120,2000
frozen-generator,implementationCapacity-low,screening-base,screening,constitutional-council,current-federal-court,base,totalInstitutionalCost,registered-diagnostic,0.08290084429074733,0.08272644357500755,0.08307159329806053,8.743139033039099e-05,120,2000
frozen-generator,implementationCapacity-low,screening-base,screening,constitutional-council,current-federal-court,base,intakeAcceptanceRate,registered-diagnostic,-0.0007659167737879779,-0.0007960710440540808,-0.0007359554381419406,1.5811961750596204e-05,120,2000
frozen-generator,implementationCapacity-low,screening-base,screening,constitutional-council,current-federal-court,base,councilScreenRate,registered-component,1.0,1.0,1.0,0.0,120,2000
frozen-generator,implementationCapacity-low,screening-base,screening,constitutional-council,current-federal-court,base,administrativeLoad,additional-diagnostic,0.24692083333333342,0.24571069270833346,0.24809196354166677,0.0005995507723438576,120,2000
frozen-generator,implementationCapacity-low,weak-form-base,weak-form,weak-form-review,current-federal-court,base,legislativeResponseRate,registered-component,0.31947916666666665,0.30947395833333335,0.3292734375,0.005063920533601897,120,2000
frozen-generator,implementationCapacity-low,weak-form-base,weak-form,weak-form-review,current-federal-court,base,legislativeResponseCredibility,registered-component,0.06504583333333326,0.06350833333333325,0.06648546874999993,0.000756681161863406,120,2000
frozen-generator,implementationCapacity-low,weak-form-base,weak-form,weak-form-review,current-federal-court,base,timelyLegislativeResponseRate,registered-component,0.0,0.0,0.0,0.0,120,2000
frozen-generator,implementationCapacity-low,weak-form-base,weak-form,weak-form-review,current-federal-court,base,rightsProtection,registered-component,0.02158369487575038,0.01946450085481619,0.023641414796902075,0.0010538797992340728,120,2000
frozen-generator,implementationCapacity-low,weak-form-base,weak-form,weak-form-review,current-federal-court,base,complianceRate,registered-component,0.3528125,0.33489322916666664,0.3691692708333333,0.00891336897284514,120,2000
frozen-generator,implementationCapacity-low,weak-form-base,weak-form,weak-form-review,current-federal-court,base,democraticResponsiveness,registered-component,0.08181261227501059,0.07930077281663109,0.08429649799357253,0.0013064901425769637,120,2000
frozen-generator,implementationCapacity-low,weak-form-base,weak-form,weak-form-review,current-federal-court,base,vetoRelocationRisk,registered-component,-0.3459044463437247,-0.3474703429362783,-0.3442855304977094,0.0008146877654569376,120,2000
frozen-generator,implementationCapacity-low,weak-form-base,weak-form,weak-form-review,current-federal-court,base,totalInstitutionalCost,registered-diagnostic,-0.09267592979666736,-0.09287387989653659,-0.09246906847612202,0.0001061189912615307,120,2000
frozen-generator,implementationCapacity-low,weak-form-base,weak-form,weak-form-review,current-federal-court,base,averageLegislativeResponseDelay,additional-diagnostic,0.4746669558088675,0.47287239186519026,0.4763860540391639,0.0009038937569463875,120,2000
frozen-generator,implementationCapacity-low,emergency-ablation,emergency,reasoned-with-fast-procedure,reasoned-emergency-review,ablation,emergencyReasonGivingRate,registered-component,-0.7018276918133636,-0.7270494486976598,-0.6746505889903642,0.013210997887532496,120,2000
frozen-generator,implementationCapacity-low,emergency-ablation,emergency,reasoned-with-fast-procedure,reasoned-emergency-review,ablation,meritsFollowUpRate,registered-component,-1.0,-1.0,-1.0,0.0,120,2000
frozen-generator,implementationCapacity-low,emergency-ablation,emergency,reasoned-with-fast-procedure,reasoned-emergency-review,ablation,averageTimeToReview,registered-component,0.0,0.0,0.0,0.0,120,2000
frozen-generator,implementationCapacity-low,emergency-ablation,emergency,reasoned-with-fast-procedure,reasoned-emergency-review,ablation,totalInstitutionalCost,registered-component,-0.00439520026757105,-0.004543062519388848,-0.004250198598700922,7.734235728825209e-05,120,2000
frozen-generator,implementationCapacity-low,emergency-ablation,emergency,reasoned-with-fast-procedure,reasoned-emergency-review,ablation,shadowDocketAbuse,registered-component,0.30749505093287055,0.299559529826939,0.3156374769748672,0.004069326944498718,120,2000
frozen-generator,implementationCapacity-low,emergency-ablation,emergency,reasoned-with-fast-procedure,reasoned-emergency-review,ablation,institutionalDelayCost,additional-diagnostic,-0.0066175739607272485,-0.0068156728838227884,-0.006419957832061179,0.00010245542327936377,120,2000
frozen-generator,implementationCapacity-low,screening-ablation,screening,council-with-full-court-structure,constitutional-council,ablation,directCourtCost,registered-diagnostic,-0.09727515833333333,-0.09740203145833334,-0.09714738875000002,6.647129495231566e-05,120,2000
frozen-generator,implementationCapacity-low,screening-ablation,screening,council-with-full-court-structure,constitutional-council,ablation,upstreamScreeningCost,registered-component,1.209322057189229e-05,-4.555426337101755e-05,6.863773495663827e-05,2.9049702573507997e-05,120,2000
frozen-generator,implementationCapacity-low,screening-ablation,screening,council-with-full-court-structure,constitutional-council,ablation,capacityStrainCost,registered-diagnostic,-0.04338445035295207,-0.04394472905183644,-0.04281798109334405,0.00028211523896122054,120,2000
frozen-generator,implementationCapacity-low,screening-ablation,screening,council-with-full-court-structure,constitutional-council,ablation,totalInstitutionalCost,registered-diagnostic,-0.05032014651201148,-0.05044496957303228,-0.050190112102172564,6.217249380525585e-05,120,2000
frozen-generator,implementationCapacity-low,screening-ablation,screening,council-with-full-court-structure,constitutional-council,ablation,intakeAcceptanceRate,registered-diagnostic,-4.191207214078886e-06,-2.5082600048763852e-05,1.7031094917534248e-05,1.080971304811641e-05,120,2000
frozen-generator,implementationCapacity-low,screening-ablation,screening,council-with-full-court-structure,constitutional-council,ablation,councilScreenRate,registered-component,-1.0,-1.0,-1.0,0.0,120,2000
frozen-generator,implementationCapacity-low,screening-ablation,screening,council-with-full-court-structure,constitutional-council,ablation,administrativeLoad,additional-diagnostic,-0.2404097916666668,-0.24127735937500008,-0.23949031770833348,0.00043615141247880856,120,2000
frozen-generator,implementationCapacity-low,weak-form-half,weak-form,weak-form-half-response,weak-form-review,ablation,legislativeResponseRate,registered-component,-0.16197916666666667,-0.16989583333333333,-0.15416666666666667,0.004103324111214143,120,2000
frozen-generator,implementationCapacity-low,weak-form-half,weak-form,weak-form-half-response,weak-form-review,ablation,legislativeResponseCredibility,registered-component,-0.2775059546245247,-0.2786475059106721,-0.27636035561218975,0.0005835861409460649,120,2000
frozen-generator,implementationCapacity-low,weak-form-half,weak-form,weak-form-half-response,weak-form-review,ablation,timelyLegislativeResponseRate,registered-component,0.0,0.0,0.0,0.0,120,2000
frozen-generator,implementationCapacity-low,weak-form-half,weak-form,weak-form-half-response,weak-form-review,ablation,rightsProtection,registered-component,-0.010429665457236855,-0.01148184336719195,-0.009331341309049836,0.0005434660547576578,120,2000
frozen-generator,implementationCapacity-low,weak-form-half,weak-form,weak-form-half-response,weak-form-review,ablation,complianceRate,registered-component,0.006666666666666664,-0.01177604166666667,0.025002604166666654,0.009518260375662047,120,2000
frozen-generator,implementationCapacity-low,weak-form-half,weak-form,weak-form-half-response,weak-form-review,ablation,democraticResponsiveness,registered-component,-0.024433786393660846,-0.0259800134658051,-0.02294669236422227,0.000789627491387718,120,2000
frozen-generator,implementationCapacity-low,weak-form-half,weak-form,weak-form-half-response,weak-form-review,ablation,vetoRelocationRisk,registered-component,0.026135035066987326,0.024856929098758074,0.027461568981110067,0.0006775154427042275,120,2000
frozen-generator,implementationCapacity-low,weak-form-half,weak-form,weak-form-half-response,weak-form-review,ablation,totalInstitutionalCost,registered-diagnostic,-0.0014559480560790371,-0.0016584648839927708,-0.0012516999198197354,0.00010747115585973533,120,2000
frozen-generator,implementationCapacity-low,weak-form-half,weak-form,weak-form-half-response,weak-form-review,ablation,averageLegislativeResponseDelay,additional-diagnostic,0.07350667421732184,0.07044538862310566,0.07653063100734359,0.00157171006286513,120,2000
frozen-generator,implementationCapacity-low,weak-form-off,weak-form,weak-form-no-response,weak-form-review,ablation,legislativeResponseRate,registered-component,-0.31947916666666665,-0.3292734375,-0.30947395833333335,0.005063920533601897,120,2000
frozen-generator,implementationCapacity-low,weak-form-off,weak-form,weak-form-no-response,weak-form-review,ablation,legislativeResponseCredibility,registered-component,-0.5554244092490493,-0.5570323625962819,-0.5537752658292485,0.000834481290512381,120,2000
frozen-generator,implementationCapacity-low,weak-form-off,weak-form,weak-form-no-response,weak-form-review,ablation,timelyLegislativeResponseRate,registered-component,0.0,0.0,0.0,0.0,120,2000
frozen-generator,implementationCapacity-low,weak-form-off,weak-form,weak-form-no-response,weak-form-review,ablation,rightsProtection,registered-component,-0.018055073166150546,-0.019163895501375077,-0.01690992805719528,0.0005731732673859244,120,2000
frozen-generator,implementationCapacity-low,weak-form-off,weak-form,weak-form-no-response,weak-form-review,ablation,complianceRate,registered-component,-0.008958333333333339,-0.030625,0.012812499999999989,0.011237137968564615,120,2000
frozen-generator,implementationCapacity-low,weak-form-off,weak-form,weak-form-no-response,weak-form-review,ablation,democraticResponsiveness,registered-component,-0.0484601662721287,-0.05013027682633721,-0.04674971023071674,0.0008901667766920476,120,2000
frozen-generator,implementationCapacity-low,weak-form-off,weak-form,weak-form-no-response,weak-form-review,ablation,vetoRelocationRisk,registered-component,0.05095252532083046,0.049343347735269764,0.052543311841948284,0.0008245326388104588,120,2000
frozen-generator,implementationCapacity-low,weak-form-off,weak-form,weak-form-no-response,weak-form-review,ablation,totalInstitutionalCost,registered-diagnostic,-0.003034833828468948,-0.003272348842024021,-0.0028026005864220994,0.00011809410322694359,120,2000
frozen-generator,implementationCapacity-low,weak-form-off,weak-form,weak-form-no-response,weak-form-review,ablation,averageLegislativeResponseDelay,additional-diagnostic,-0.4746669558088675,-0.4763860540391639,-0.47287239186519026,0.0009038937569463875,120,2000
frozen-generator,implementationCapacity-low,weak-form-half-v-current,weak-form,weak-form-half-response,current-federal-court,persistence,legislativeResponseRate,registered-component,0.1575,0.1504140625,0.16489583333333335,0.0037318655828273498,120,2000
frozen-generator,implementationCapacity-low,weak-form-half-v-current,weak-form,weak-form-half-response,current-federal-court,persistence,legislativeResponseCredibility,registered-component,-0.21246012129119143,-0.2132108798541657,-0.2117363183928434,0.0003886130773756334,120,2000
frozen-generator,implementationCapacity-low,weak-form-half-v-current,weak-form,weak-form-half-response,current-federal-court,persistence,timelyLegislativeResponseRate,registered-component,0.0,0.0,0.0,0.0,120,2000
frozen-generator,implementationCapacity-low,weak-form-half-v-current,weak-form,weak-form-half-response,current-federal-court,persistence,rightsProtection,registered-component,0.01115402941851352,0.008881503749243317,0.013536885499402506,0.001163046157624671,120,2000
frozen-generator,implementationCapacity-low,weak-form-half-v-current,weak-form,weak-form-half-response,current-federal-court,persistence,complianceRate,registered-component,0.3594791666666667,0.3439583333333333,0.3744817708333333,0.007997882238585885,120,2000
frozen-generator,implementationCapacity-low,weak-form-half-v-current,weak-form,weak-form-half-response,current-federal-court,persistence,democraticResponsiveness,registered-component,0.057378825881349745,0.05482224716115636,0.05990495332003715,0.0013111675676130642,120,2000
frozen-generator,implementationCapacity-low,weak-form-half-v-current,weak-form,weak-form-half-response,current-federal-court,persistence,vetoRelocationRisk,registered-component,-0.31976941127673736,-0.3209771087603795,-0.3185486556565048,0.0006324420005413447,120,2000
frozen-generator,implementationCapacity-low,weak-form-half-v-current,weak-form,weak-form-half-response,current-federal-court,persistence,totalInstitutionalCost,registered-diagnostic,-0.0941318778527464,-0.09435609200591749,-0.09389782061664537,0.00011660989797252393,120,2000
frozen-generator,implementationCapacity-low,weak-form-half-v-current,weak-form,weak-form-half-response,current-federal-court,persistence,averageLegislativeResponseDelay,additional-diagnostic,0.5481736300261894,0.5454835040736445,0.5508021911634349,0.0013735614555448175,120,2000
frozen-generator,implementationCapacity-low,weak-form-off-v-current,weak-form,weak-form-no-response,current-federal-court,persistence,legislativeResponseRate,registered-component,0.0,0.0,0.0,0.0,120,2000
frozen-generator,implementationCapacity-low,weak-form-off-v-current,weak-form,weak-form-no-response,current-federal-court,persistence,legislativeResponseCredibility,registered-component,-0.4903785759157161,-0.491094325637923,-0.48963771052245325,0.0003846309919558291,120,2000
frozen-generator,implementationCapacity-low,weak-form-off-v-current,weak-form,weak-form-no-response,current-federal-court,persistence,timelyLegislativeResponseRate,registered-component,0.0,0.0,0.0,0.0,120,2000
frozen-generator,implementationCapacity-low,weak-form-off-v-current,weak-form,weak-form-no-response,current-federal-court,persistence,rightsProtection,registered-component,0.003528621709599833,0.0010031493633534166,0.006025289303755624,0.0012444230602736634,120,2000
frozen-generator,implementationCapacity-low,weak-form-off-v-current,weak-form,weak-form-no-response,current-federal-court,persistence,complianceRate,registered-component,0.3438541666666667,0.32510156250000005,0.36302083333333335,0.00988377379587098,120,2000
frozen-generator,implementationCapacity-low,weak-form-off-v-current,weak-form,weak-form-no-response,current-federal-court,persistence,democraticResponsiveness,registered-component,0.03335244600288189,0.030782585691872123,0.03589387733111614,0.001306232747756473,120,2000
frozen-generator,implementationCapacity-low,weak-form-off-v-current,weak-form,weak-form-no-response,current-federal-court,persistence,vetoRelocationRisk,registered-component,-0.29495192102289425,-0.2953862791123558,-0.29453965386826025,0.00022544169346763824,120,2000
frozen-generator,implementationCapacity-low,weak-form-off-v-current,weak-form,weak-form-no-response,current-federal-court,persistence,totalInstitutionalCost,registered-diagnostic,-0.09571076362513632,-0.09589826010053759,-0.09550901491846676,9.813085541339167e-05,120,2000
frozen-generator,implementationCapacity-low,weak-form-off-v-current,weak-form,weak-form-no-response,current-federal-court,persistence,averageLegislativeResponseDelay,additional-diagnostic,0.0,0.0,0.0,0.0,120,2000
frozen-generator,implementationCapacity-high,emergency-base,emergency,reasoned-emergency-review,current-federal-court,base,emergencyReasonGivingRate,registered-component,0.8452543137515758,0.8182846943696153,0.8703964598826389,0.012772476871958848,120,2000
frozen-generator,implementationCapacity-high,emergency-base,emergency,reasoned-emergency-review,current-federal-court,base,meritsFollowUpRate,registered-component,1.0,1.0,1.0,0.0,120,2000
frozen-generator,implementationCapacity-high,emergency-base,emergency,reasoned-emergency-review,current-federal-court,base,averageTimeToReview,registered-component,0.0,0.0,0.0,0.0,120,2000
frozen-generator,implementationCapacity-high,emergency-base,emergency,reasoned-emergency-review,current-federal-court,base,totalInstitutionalCost,registered-component,0.009689497096722276,0.009538567697735274,0.009833955191414277,7.586335220176777e-05,120,2000
frozen-generator,implementationCapacity-high,emergency-base,emergency,reasoned-emergency-review,current-federal-court,base,shadowDocketAbuse,registered-component,-0.33085726649907937,-0.33907745789210236,-0.32345445641625326,0.0040222823561624965,120,2000
frozen-generator,implementationCapacity-high,emergency-base,emergency,reasoned-emergency-review,current-federal-court,base,institutionalDelayCost,additional-diagnostic,0.008348789502825072,0.00816007937993553,0.0085480331536029,0.00010118954800411046,120,2000
frozen-generator,implementationCapacity-high,screening-base,screening,constitutional-council,current-federal-court,base,directCourtCost,registered-diagnostic,0.135841575,0.13572979645833333,0.1359488425,5.5554658605620924e-05,120,2000
frozen-generator,implementationCapacity-high,screening-base,screening,constitutional-council,current-federal-court,base,upstreamScreeningCost,registered-component,0.0020052901888562734,0.0019383183824767398,0.0020765511993238025,3.5386519839295616e-05,120,2000
frozen-generator,implementationCapacity-high,screening-base,screening,constitutional-council,current-federal-court,base,capacityStrainCost,registered-diagnostic,0.06354497262590422,0.06288110002182072,0.06418734337614954,0.00033321725599787456,120,2000
frozen-generator,implementationCapacity-high,screening-base,screening,constitutional-council,current-federal-court,base,totalInstitutionalCost,registered-diagnostic,0.08289378221797955,0.0827596710531629,0.08301996182031536,6.663288021184317e-05,120,2000
frozen-generator,implementationCapacity-high,screening-base,screening,constitutional-council,current-federal-court,base,intakeAcceptanceRate,registered-diagnostic,-0.0007578608210640163,-0.0007857268894326269,-0.0007322944697794364,1.367902365561398e-05,120,2000
frozen-generator,implementationCapacity-high,screening-base,screening,constitutional-council,current-federal-court,base,councilScreenRate,registered-component,1.0,1.0,1.0,0.0,120,2000
frozen-generator,implementationCapacity-high,screening-base,screening,constitutional-council,current-federal-court,base,administrativeLoad,additional-diagnostic,0.2468756250000001,0.24595398958333345,0.24775756250000008,0.0004592455109137907,120,2000
frozen-generator,implementationCapacity-high,weak-form-base,weak-form,weak-form-review,current-federal-court,base,legislativeResponseRate,registered-component,0.31968749999999996,0.3108333333333333,0.32895833333333335,0.004580298444537912,120,2000
frozen-generator,implementationCapacity-high,weak-form-base,weak-form,weak-form-review,current-federal-court,base,legislativeResponseCredibility,registered-component,0.06492291666666676,0.06358526041666676,0.06625416666666671,0.0006753655758225091,120,2000
frozen-generator,implementationCapacity-high,weak-form-base,weak-form,weak-form-review,current-federal-court,base,timelyLegislativeResponseRate,registered-component,0.21253297194626355,0.19940897937241037,0.22732218188869913,0.007130726771191262,120,2000
frozen-generator,implementationCapacity-high,weak-form-base,weak-form,weak-form-review,current-federal-court,base,rightsProtection,registered-component,0.02917941704741128,0.02738035686174735,0.031010277584592197,0.0009299348639413213,120,2000
frozen-generator,implementationCapacity-high,weak-form-base,weak-form,weak-form-review,current-federal-court,base,complianceRate,registered-component,0.38604166666666667,0.37145833333333333,0.40020833333333333,0.007618380819254807,120,2000
frozen-generator,implementationCapacity-high,weak-form-base,weak-form,weak-form-review,current-federal-court,base,democraticResponsiveness,registered-component,0.08182702135998055,0.0792224460295614,0.08448144855674364,0.0013787673324368707,120,2000
frozen-generator,implementationCapacity-high,weak-form-base,weak-form,weak-form-review,current-federal-court,base,vetoRelocationRisk,registered-component,-0.34615389447689976,-0.34766535703325135,-0.3446732245702353,0.0007537511212038192,120,2000
frozen-generator,implementationCapacity-high,weak-form-base,weak-form,weak-form-review,current-federal-court,base,totalInstitutionalCost,registered-diagnostic,-0.09269694746548338,-0.0928768896558389,-0.09251546074611436,9.617124543694504e-05,120,2000
frozen-generator,implementationCapacity-high,weak-form-base,weak-form,weak-form-review,current-federal-court,base,averageLegislativeResponseDelay,additional-diagnostic,0.38156180283271796,0.37969857135692253,0.38340987919717817,0.0009841174199281657,120,2000
frozen-generator,implementationCapacity-high,emergency-ablation,emergency,reasoned-with-fast-procedure,reasoned-emergency-review,ablation,emergencyReasonGivingRate,registered-component,-0.6864197051161685,-0.7139771642717606,-0.6585919794964401,0.014267944096761,120,2000
frozen-generator,implementationCapacity-high,emergency-ablation,emergency,reasoned-with-fast-procedure,reasoned-emergency-review,ablation,meritsFollowUpRate,registered-component,-1.0,-1.0,-1.0,0.0,120,2000
frozen-generator,implementationCapacity-high,emergency-ablation,emergency,reasoned-with-fast-procedure,reasoned-emergency-review,ablation,averageTimeToReview,registered-component,0.0,0.0,0.0,0.0,120,2000
frozen-generator,implementationCapacity-high,emergency-ablation,emergency,reasoned-with-fast-procedure,reasoned-emergency-review,ablation,totalInstitutionalCost,registered-component,-0.004390186612668297,-0.00453714516819086,-0.004248638757868878,7.22348484546575e-05,120,2000
frozen-generator,implementationCapacity-high,emergency-ablation,emergency,reasoned-with-fast-procedure,reasoned-emergency-review,ablation,shadowDocketAbuse,registered-component,0.31405225299578016,0.3075065343165197,0.32092770119283787,0.003352751780629973,120,2000
frozen-generator,implementationCapacity-high,emergency-ablation,emergency,reasoned-with-fast-procedure,reasoned-emergency-review,ablation,institutionalDelayCost,additional-diagnostic,-0.006640394698724655,-0.00682344298473651,-0.006447072932611855,9.447055648535036e-05,120,2000
frozen-generator,implementationCapacity-high,screening-ablation,screening,council-with-full-court-structure,constitutional-council,ablation,directCourtCost,registered-diagnostic,-0.09724904166666665,-0.09738805104166665,-0.0971010775,7.319709913340523e-05,120,2000
frozen-generator,implementationCapacity-high,screening-ablation,screening,council-with-full-court-structure,constitutional-council,ablation,upstreamScreeningCost,registered-component,4.4378889937295624e-05,-2.3680562250687672e-05,0.00010761965147186217,3.3276982027231775e-05,120,2000
frozen-generator,implementationCapacity-high,screening-ablation,screening,council-with-full-court-structure,constitutional-council,ablation,capacityStrainCost,registered-diagnostic,-0.04367247657337517,-0.04430473295800542,-0.04298742469625723,0.0003288961835115285,120,2000
frozen-generator,implementationCapacity-high,screening-ablation,screening,council-with-full-court-structure,constitutional-council,ablation,totalInstitutionalCost,registered-diagnostic,-0.05035653973282169,-0.05049262091277275,-0.05020556272038517,7.186321274745155e-05,120,2000
frozen-generator,implementationCapacity-high,screening-ablation,screening,council-with-full-court-structure,constitutional-council,ablation,intakeAcceptanceRate,registered-diagnostic,-1.660025325313294e-05,-3.996553757190927e-05,8.504983251533045e-06,1.2308347963232136e-05,120,2000
frozen-generator,implementationCapacity-high,screening-ablation,screening,council-with-full-court-structure,constitutional-council,ablation,councilScreenRate,registered-component,-1.0,-1.0,-1.0,0.0,120,2000
frozen-generator,implementationCapacity-high,screening-ablation,screening,council-with-full-court-structure,constitutional-council,ablation,administrativeLoad,additional-diagnostic,-0.24063645833333344,-0.2415789635416668,-0.23958877083333346,0.0005013489240866976,120,2000
frozen-generator,implementationCapacity-high,weak-form-half,weak-form,weak-form-half-response,weak-form-review,ablation,legislativeResponseRate,registered-component,-0.16104166666666667,-0.16979427083333334,-0.15260156250000004,0.00449230817617921,120,2000
frozen-generator,implementationCapacity-high,weak-form-half,weak-form,weak-form-half-response,weak-form-review,ablation,legislativeResponseCredibility,registered-component,-0.3257684005889233,-0.32694086732227456,-0.32463666101766164,0.0006010452172719514,120,2000
frozen-generator,implementationCapacity-high,weak-form-half,weak-form,weak-form-half-response,weak-form-review,ablation,timelyLegislativeResponseRate,registered-component,-0.21253297194626355,-0.2273221818886991,-0.1994089793724104,0.007130726771191262,120,2000
frozen-generator,implementationCapacity-high,weak-form-half,weak-form,weak-form-half-response,weak-form-review,ablation,rightsProtection,registered-component,-0.01566472729230805,-0.016752604199639382,-0.014556095382104107,0.000538755947529705,120,2000
frozen-generator,implementationCapacity-high,weak-form-half,weak-form,weak-form-half-response,weak-form-review,ablation,complianceRate,registered-component,-0.021875,-0.035835937500000005,-0.007705729166666684,0.007018960041917037,120,2000
frozen-generator,implementationCapacity-high,weak-form-half,weak-form,weak-form-half-response,weak-form-review,ablation,democraticResponsiveness,registered-component,-0.02442131919546826,-0.025922984320150513,-0.022924144252537478,0.0007430372181654887,120,2000
frozen-generator,implementationCapacity-high,weak-form-half,weak-form,weak-form-half-response,weak-form-review,ablation,vetoRelocationRisk,registered-component,0.02588977613229465,0.02451025178180747,0.027303497989273718,0.0007149812057945311,120,2000
frozen-generator,implementationCapacity-high,weak-form-half,weak-form,weak-form-half-response,weak-form-review,ablation,totalInstitutionalCost,registered-diagnostic,-0.001464539166608729,-0.0016788461528321878,-0.0012556834332885577,0.00010950613421907623,120,2000
frozen-generator,implementationCapacity-high,weak-form-half,weak-form,weak-form-half-response,weak-form-review,ablation,averageLegislativeResponseDelay,additional-diagnostic,0.08414384119827,0.08075384613639795,0.08748848111289897,0.0018046756202810146,120,2000
frozen-generator,implementationCapacity-high,weak-form-off,weak-form,weak-form-no-response,weak-form-review,ablation,legislativeResponseRate,registered-component,-0.31968749999999996,-0.32895833333333335,-0.3108333333333333,0.004580298444537912,120,2000
frozen-generator,implementationCapacity-high,weak-form-off,weak-form,weak-form-no-response,weak-form-review,ablation,legislativeResponseCredibility,registered-component,-0.6511055511778466,-0.6526919333976515,-0.6496247658670988,0.0007811344681154153,120,2000
frozen-generator,implementationCapacity-high,weak-form-off,weak-form,weak-form-no-response,weak-form-review,ablation,timelyLegislativeResponseRate,registered-component,-0.21253297194626355,-0.2273221818886991,-0.1994089793724104,0.007130726771191262,120,2000
frozen-generator,implementationCapacity-high,weak-form-off,weak-form,weak-form-no-response,weak-form-review,ablation,rightsProtection,registered-component,-0.024802855511637825,-0.02599089356781074,-0.023618299159021715,0.0006024661419506151,120,2000
frozen-generator,implementationCapacity-high,weak-form-off,weak-form,weak-form-no-response,weak-form-review,ablation,complianceRate,registered-component,-0.016354166666666666,-0.029270833333333326,-0.0026041666666666687,0.006658229243637606,120,2000
frozen-generator,implementationCapacity-high,weak-form-off,weak-form,weak-form-no-response,weak-form-review,ablation,democraticResponsiveness,registered-component,-0.048323762593966306,-0.04986058231212508,-0.04683187962301333,0.0007581853201793653,120,2000
frozen-generator,implementationCapacity-high,weak-form-off,weak-form,weak-form-no-response,weak-form-review,ablation,vetoRelocationRisk,registered-component,0.05095246249786709,0.04945813518142744,0.05246591035077825,0.0007516029421628128,120,2000
frozen-generator,implementationCapacity-high,weak-form-off,weak-form,weak-form-no-response,weak-form-review,ablation,totalInstitutionalCost,registered-diagnostic,-0.0031304008494506324,-0.0033352374297387763,-0.0029241661902975505,0.00010626396686892364,120,2000
frozen-generator,implementationCapacity-high,weak-form-off,weak-form,weak-form-no-response,weak-form-review,ablation,averageLegislativeResponseDelay,additional-diagnostic,-0.38156180283271796,-0.3834098791971781,-0.3796985713569225,0.0009841174199281657,120,2000
frozen-generator,implementationCapacity-high,weak-form-half-v-current,weak-form,weak-form-half-response,current-federal-court,persistence,legislativeResponseRate,registered-component,0.15864583333333335,0.1509375,0.16666666666666666,0.004048019693571474,120,2000
frozen-generator,implementationCapacity-high,weak-form-half-v-current,weak-form,weak-form-half-response,current-federal-court,persistence,legislativeResponseCredibility,registered-component,-0.2608454839222566,-0.2616055901004093,-0.26005721699481327,0.00039504115637360406,120,2000
frozen-generator,implementationCapacity-high,weak-form-half-v-current,weak-form,weak-form-half-response,current-federal-court,persistence,timelyLegislativeResponseRate,registered-component,0.0,0.0,0.0,0.0,120,2000
frozen-generator,implementationCapacity-high,weak-form-half-v-current,weak-form,weak-form-half-response,current-federal-court,persistence,rightsProtection,registered-component,0.01351468975510323,0.011422761728788661,0.015575136389960591,0.0010653368390883399,120,2000
frozen-generator,implementationCapacity-high,weak-form-half-v-current,weak-form,weak-form-half-response,current-federal-court,persistence,complianceRate,registered-component,0.3641666666666667,0.34927083333333336,0.3787526041666667,0.0078081161836900115,120,2000
frozen-generator,implementationCapacity-high,weak-form-half-v-current,weak-form,weak-form-half-response,current-federal-court,persistence,democraticResponsiveness,registered-component,0.05740570216451228,0.05480648995686651,0.06008140130649272,0.0013906527396545646,120,2000
frozen-generator,implementationCapacity-high,weak-form-half-v-current,weak-form,weak-form-half-response,current-federal-court,persistence,vetoRelocationRisk,registered-component,-0.3202641183446051,-0.32155376932844876,-0.3190375816070119,0.0006541379397946124,120,2000
frozen-generator,implementationCapacity-high,weak-form-half-v-current,weak-form,weak-form-half-response,current-federal-court,persistence,totalInstitutionalCost,registered-diagnostic,-0.09416148663209212,-0.09435863960030494,-0.09397353598666791,9.81602800344126e-05,120,2000
frozen-generator,implementationCapacity-high,weak-form-half-v-current,weak-form,weak-form-half-response,current-federal-court,persistence,averageLegislativeResponseDelay,additional-diagnostic,0.46570564403098796,0.4627912974952174,0.46868325993048654,0.001563247341457526,120,2000
frozen-generator,implementationCapacity-high,weak-form-off-v-current,weak-form,weak-form-no-response,current-federal-court,persistence,legislativeResponseRate,registered-component,0.0,0.0,0.0,0.0,120,2000
frozen-generator,implementationCapacity-high,weak-form-off-v-current,weak-form,weak-form-no-response,current-federal-court,persistence,legislativeResponseCredibility,registered-component,-0.58618263451118,-0.5870171212845701,-0.5853427892045343,0.0004158279590616597,120,2000
frozen-generator,implementationCapacity-high,weak-form-off-v-current,weak-form,weak-form-no-response,current-federal-court,persistence,timelyLegislativeResponseRate,registered-component,0.0,0.0,0.0,0.0,120,2000
frozen-generator,implementationCapacity-high,weak-form-off-v-current,weak-form,weak-form-no-response,current-federal-court,persistence,rightsProtection,registered-component,0.0043765615357734535,0.0022620476588999204,0.006549404295671297,0.001108586374114359,120,2000
frozen-generator,implementationCapacity-high,weak-form-off-v-current,weak-form,weak-form-no-response,current-federal-court,persistence,complianceRate,registered-component,0.3696875,0.35447656250000004,0.38479427083333334,0.007772622314930801,120,2000
frozen-generator,implementationCapacity-high,weak-form-off-v-current,weak-form,weak-form-no-response,current-federal-court,persistence,democraticResponsiveness,registered-component,0.03350325876601424,0.03100283411155759,0.03598694061055541,0.0012860318979333663,120,2000
frozen-generator,implementationCapacity-high,weak-form-off-v-current,weak-form,weak-form-no-response,current-federal-court,persistence,vetoRelocationRisk,registered-component,-0.29520143197903265,-0.2955717888814183,-0.2948269105587904,0.0001915150319930243,120,2000
frozen-generator,implementationCapacity-high,weak-form-off-v-current,weak-form,weak-form-no-response,current-federal-court,persistence,totalInstitutionalCost,registered-diagnostic,-0.09582734831493403,-0.09600303721616463,-0.0956547511017142,9.098816370857482e-05,120,2000
frozen-generator,implementationCapacity-high,weak-form-off-v-current,weak-form,weak-form-no-response,current-federal-court,persistence,averageLegislativeResponseDelay,additional-diagnostic,0.0,0.0,0.0,0.0,120,2000
frozen-generator,partyFragmentation-low,emergency-base,emergency,reasoned-emergency-review,current-federal-court,base,emergencyReasonGivingRate,registered-component,0.8510351530727615,0.8255913935251424,0.8762450403875228,0.012973608470174054,120,2000
frozen-generator,partyFragmentation-low,emergency-base,emergency,reasoned-emergency-review,current-federal-court,base,meritsFollowUpRate,registered-component,1.0,1.0,1.0,0.0,120,2000
frozen-generator,partyFragmentation-low,emergency-base,emergency,reasoned-emergency-review,current-federal-court,base,averageTimeToReview,registered-component,0.0,0.0,0.0,0.0,120,2000
frozen-generator,partyFragmentation-low,emergency-base,emergency,reasoned-emergency-review,current-federal-court,base,totalInstitutionalCost,registered-component,0.009859990476660209,0.009712306548038549,0.010000375965519373,7.378814889698578e-05,120,2000
frozen-generator,partyFragmentation-low,emergency-base,emergency,reasoned-emergency-review,current-federal-court,base,shadowDocketAbuse,registered-component,-0.31996228967879825,-0.32739204637822217,-0.3126910082110855,0.0037682156874220833,120,2000
frozen-generator,partyFragmentation-low,emergency-base,emergency,reasoned-emergency-review,current-federal-court,base,institutionalDelayCost,additional-diagnostic,0.008141042619916551,0.007952751642634332,0.00834101201335344,0.00010043181787846545,120,2000
frozen-generator,partyFragmentation-low,screening-base,screening,constitutional-council,current-federal-court,base,directCourtCost,registered-diagnostic,0.13590039166666665,0.13578591729166664,0.1360141395833333,5.8880481773423895e-05,120,2000
frozen-generator,partyFragmentation-low,screening-base,screening,constitutional-council,current-federal-court,base,upstreamScreeningCost,registered-component,0.0019860036796771137,0.001916569112162671,0.002051860903573154,3.507762381662697e-05,120,2000
frozen-generator,partyFragmentation-low,screening-base,screening,constitutional-council,current-federal-court,base,capacityStrainCost,registered-diagnostic,0.06379001495311809,0.06311439144079019,0.06445462639515191,0.00033765680769371555,120,2000
frozen-generator,partyFragmentation-low,screening-base,screening,constitutional-council,current-federal-court,base,totalInstitutionalCost,registered-diagnostic,0.08295542740647761,0.08282113332858083,0.08309056892459624,6.930772141756899e-05,120,2000
frozen-generator,partyFragmentation-low,screening-base,screening,constitutional-council,current-federal-court,base,intakeAcceptanceRate,registered-diagnostic,-0.0007481297635603099,-0.000773418309911467,-0.000721344179473819,1.3575593270624587e-05,120,2000
frozen-generator,partyFragmentation-low,screening-base,screening,constitutional-council,current-federal-court,base,councilScreenRate,registered-component,1.0,1.0,1.0,0.0,120,2000
frozen-generator,partyFragmentation-low,screening-base,screening,constitutional-council,current-federal-court,base,administrativeLoad,additional-diagnostic,0.2473014583333334,0.24639863541666668,0.24823012500000002,0.0004775012278564927,120,2000
frozen-generator,partyFragmentation-low,weak-form-base,weak-form,weak-form-review,current-federal-court,base,legislativeResponseRate,registered-component,0.30625,0.29739583333333336,0.3154166666666667,0.004633353233336948,120,2000
frozen-generator,partyFragmentation-low,weak-form-base,weak-form,weak-form-review,current-federal-court,base,legislativeResponseCredibility,registered-component,0.06309791666666671,0.061754010416666685,0.06456255208333336,0.0007219321733839401,120,2000
frozen-generator,partyFragmentation-low,weak-form-base,weak-form,weak-form-review,current-federal-court,base,timelyLegislativeResponseRate,registered-component,0.32791827353053815,0.31030782842116056,0.34609584173674063,0.009004612330117248,120,2000
frozen-generator,partyFragmentation-low,weak-form-base,weak-form,weak-form-review,current-federal-court,base,rightsProtection,registered-component,0.0313099636461348,0.029378532908088742,0.03322199862744915,0.0009733424827923579,120,2000
frozen-generator,partyFragmentation-low,weak-form-base,weak-form,weak-form-review,current-federal-court,base,complianceRate,registered-component,0.36989583333333337,0.3551015625,0.38479166666666664,0.007686032877546424,120,2000
frozen-generator,partyFragmentation-low,weak-form-base,weak-form,weak-form-review,current-federal-court,base,democraticResponsiveness,registered-component,0.08128018167010843,0.07870740248524284,0.08398333026860344,0.0012980166000241048,120,2000
frozen-generator,partyFragmentation-low,weak-form-base,weak-form,weak-form-review,current-federal-court,base,vetoRelocationRisk,registered-component,-0.3440203196136158,-0.34548461365503635,-0.34264057285001587,0.000737806637086434,120,2000
frozen-generator,partyFragmentation-low,weak-form-base,weak-form,weak-form-review,current-federal-court,base,totalInstitutionalCost,registered-diagnostic,-0.0928227028685715,-0.09302209374385767,-0.09262267253742622,0.00010124079674237779,120,2000
frozen-generator,partyFragmentation-low,weak-form-base,weak-form,weak-form-review,current-federal-court,base,averageLegislativeResponseDelay,additional-diagnostic,0.36067750297682355,0.3586359787983302,0.3626580633280238,0.0010312189845304708,120,2000
frozen-generator,partyFragmentation-low,emergency-ablation,emergency,reasoned-with-fast-procedure,reasoned-emergency-review,ablation,emergencyReasonGivingRate,registered-component,-0.7111661963219714,-0.7395800186199278,-0.6829604074119658,0.014440606177749822,120,2000
frozen-generator,partyFragmentation-low,emergency-ablation,emergency,reasoned-with-fast-procedure,reasoned-emergency-review,ablation,meritsFollowUpRate,registered-component,-1.0,-1.0,-1.0,0.0,120,2000
frozen-generator,partyFragmentation-low,emergency-ablation,emergency,reasoned-with-fast-procedure,reasoned-emergency-review,ablation,averageTimeToReview,registered-component,0.0,0.0,0.0,0.0,120,2000
frozen-generator,partyFragmentation-low,emergency-ablation,emergency,reasoned-with-fast-procedure,reasoned-emergency-review,ablation,totalInstitutionalCost,registered-component,-0.004439888393849968,-0.004581304896718464,-0.004290358121452553,7.386589101293104e-05,120,2000
frozen-generator,partyFragmentation-low,emergency-ablation,emergency,reasoned-with-fast-procedure,reasoned-emergency-review,ablation,shadowDocketAbuse,registered-component,0.3095123385346584,0.30236135564113686,0.31712518238853493,0.0037565906300793175,120,2000
frozen-generator,partyFragmentation-low,emergency-ablation,emergency,reasoned-with-fast-procedure,reasoned-emergency-review,ablation,institutionalDelayCost,additional-diagnostic,-0.006599099826002476,-0.006798671220793283,-0.00641058313731826,0.00010038478607532619,120,2000
frozen-generator,partyFragmentation-low,screening-ablation,screening,council-with-full-court-structure,constitutional-council,ablation,directCourtCost,registered-diagnostic,-0.09716129166666665,-0.09729612854166664,-0.09702062729166665,7.028578456574081e-05,120,2000
frozen-generator,partyFragmentation-low,screening-ablation,screening,council-with-full-court-structure,constitutional-council,ablation,upstreamScreeningCost,registered-component,-2.5194131511953786e-05,-9.120716176228394e-05,3.487667711362466e-05,3.243834988882285e-05,120,2000
frozen-generator,partyFragmentation-low,screening-ablation,screening,council-with-full-court-structure,constitutional-council,ablation,capacityStrainCost,registered-diagnostic,-0.042911108587674655,-0.04350335179896929,-0.04227706891617147,0.0003189109267730541,120,2000
frozen-generator,partyFragmentation-low,screening-ablation,screening,council-with-full-court-structure,constitutional-council,ablation,totalInstitutionalCost,registered-diagnostic,-0.050200988450394265,-0.05033053691185578,-0.050062954506782296,6.872722689444579e-05,120,2000
frozen-generator,partyFragmentation-low,screening-ablation,screening,council-with-full-court-structure,constitutional-council,ablation,intakeAcceptanceRate,registered-diagnostic,9.01966733015252e-06,-1.3702814988755712e-05,3.344376602275938e-05,1.1965824106013877e-05,120,2000
frozen-generator,partyFragmentation-low,screening-ablation,screening,council-with-full-court-structure,constitutional-council,ablation,councilScreenRate,registered-component,-1.0,-1.0,-1.0,0.0,120,2000
frozen-generator,partyFragmentation-low,screening-ablation,screening,council-with-full-court-structure,constitutional-council,ablation,administrativeLoad,additional-diagnostic,-0.23958645833333342,-0.24048037500000008,-0.2386331197916667,0.000478233676004695,120,2000
frozen-generator,partyFragmentation-low,weak-form-half,weak-form,weak-form-half-response,weak-form-review,ablation,legislativeResponseRate,registered-component,-0.14979166666666668,-0.15791927083333332,-0.14197656250000001,0.004152593530539513,120,2000
frozen-generator,partyFragmentation-low,weak-form-half,weak-form,weak-form-half-response,weak-form-review,ablation,legislativeResponseCredibility,registered-component,-0.3244366206446661,-0.3256746352341028,-0.32321243310315556,0.0006143976698640474,120,2000
frozen-generator,partyFragmentation-low,weak-form-half,weak-form,weak-form-half-response,weak-form-review,ablation,timelyLegislativeResponseRate,registered-component,-0.3228927362023692,-0.3411789423115776,-0.30506465158531165,0.009230083440037458,120,2000
frozen-generator,partyFragmentation-low,weak-form-half,weak-form,weak-form-half-response,weak-form-review,ablation,rightsProtection,registered-component,-0.016922927047818954,-0.018012255943609657,-0.015957028447289075,0.0005248124036758557,120,2000
frozen-generator,partyFragmentation-low,weak-form-half,weak-form,weak-form-half-response,weak-form-review,ablation,complianceRate,registered-component,-0.01718750000000001,-0.03469010416666668,-0.0005182291666666783,0.009003265557772996,120,2000
frozen-generator,partyFragmentation-low,weak-form-half,weak-form,weak-form-half-response,weak-form-review,ablation,democraticResponsiveness,registered-component,-0.023882789903180372,-0.025402910245761193,-0.022429088984191655,0.0007437398387341603,120,2000
frozen-generator,partyFragmentation-low,weak-form-half,weak-form,weak-form-half-response,weak-form-review,ablation,vetoRelocationRisk,registered-component,0.0239922131681331,0.02272577237926233,0.025297120746372945,0.0006680539822300798,120,2000
frozen-generator,partyFragmentation-low,weak-form-half,weak-form,weak-form-half-response,weak-form-review,ablation,totalInstitutionalCost,registered-diagnostic,-0.0013724862537726284,-0.0015549772603806772,-0.0011910455909324759,9.672868633078208e-05,120,2000
frozen-generator,partyFragmentation-low,weak-form-half,weak-form,weak-form-half-response,weak-form-review,ablation,averageLegislativeResponseDelay,additional-diagnostic,0.08375361156952385,0.08018520386101885,0.08737332561899806,0.0018440397891073747,120,2000
frozen-generator,partyFragmentation-low,weak-form-off,weak-form,weak-form-no-response,weak-form-review,ablation,legislativeResponseRate,registered-component,-0.30625,-0.3154166666666667,-0.29739583333333336,0.004633353233336948,120,2000
frozen-generator,partyFragmentation-low,weak-form-off,weak-form,weak-form-no-response,weak-form-review,ablation,legislativeResponseCredibility,registered-component,-0.6490232412893323,-0.6507102938088546,-0.6473462895703754,0.0008371658150336057,120,2000
frozen-generator,partyFragmentation-low,weak-form-off,weak-form,weak-form-no-response,weak-form-review,ablation,timelyLegislativeResponseRate,registered-component,-0.32791827353053815,-0.34609584173674063,-0.3103078284211606,0.009004612330117248,120,2000
frozen-generator,partyFragmentation-low,weak-form-off,weak-form,weak-form-no-response,weak-form-review,ablation,rightsProtection,registered-component,-0.026607535496056375,-0.027737099513543233,-0.025468210898165606,0.0005859160076387408,120,2000
frozen-generator,partyFragmentation-low,weak-form-off,weak-form,weak-form-no-response,weak-form-review,ablation,complianceRate,registered-component,-0.015312500000000003,-0.03208333333333333,0.0006249999999999977,0.008376719821116416,120,2000
frozen-generator,partyFragmentation-low,weak-form-off,weak-form,weak-form-no-response,weak-form-review,ablation,democraticResponsiveness,registered-component,-0.04753053834773636,-0.04911755592710017,-0.04596501253926458,0.0008020504342426425,120,2000
frozen-generator,partyFragmentation-low,weak-form-off,weak-form,weak-form-no-response,weak-form-review,ablation,vetoRelocationRisk,registered-component,0.04900773518174166,0.04766148452429136,0.0504797117281105,0.0007366117001339453,120,2000
frozen-generator,partyFragmentation-low,weak-form-off,weak-form,weak-form-no-response,weak-form-review,ablation,totalInstitutionalCost,registered-diagnostic,-0.0028812275040438315,-0.0030959807319961975,-0.002673022853928988,0.00010967484670535633,120,2000
frozen-generator,partyFragmentation-low,weak-form-off,weak-form,weak-form-no-response,weak-form-review,ablation,averageLegislativeResponseDelay,additional-diagnostic,-0.36067750297682355,-0.3626580633280238,-0.3586359787983302,0.0010312189845304708,120,2000
frozen-generator,partyFragmentation-low,weak-form-half-v-current,weak-form,weak-form-half-response,current-federal-court,persistence,legislativeResponseRate,registered-component,0.1564583333333333,0.149375,0.16354427083333334,0.0036893535949602506,120,2000
frozen-generator,partyFragmentation-low,weak-form-half-v-current,weak-form,weak-form-half-response,current-federal-court,persistence,legislativeResponseCredibility,registered-component,-0.2613387039779994,-0.2619827840589649,-0.26068888464951895,0.00033582566605128806,120,2000
frozen-generator,partyFragmentation-low,weak-form-half-v-current,weak-form,weak-form-half-response,current-federal-court,persistence,timelyLegislativeResponseRate,registered-component,0.005025537328168907,0.001589390142021721,0.00933412128806865,0.002004451823316447,120,2000
frozen-generator,partyFragmentation-low,weak-form-half-v-current,weak-form,weak-form-half-response,current-federal-court,persistence,rightsProtection,registered-component,0.01438703659831585,0.012286702068622623,0.016281195800518854,0.0010270678853767528,120,2000
frozen-generator,partyFragmentation-low,weak-form-half-v-current,weak-form,weak-form-half-response,current-federal-court,persistence,complianceRate,registered-component,0.35270833333333335,0.33541406249999994,0.36947916666666664,0.008647589128523682,120,2000
frozen-generator,partyFragmentation-low,weak-form-half-v-current,weak-form,weak-form-half-response,current-federal-court,persistence,democraticResponsiveness,registered-component,0.05739739176692805,0.05503709691935876,0.059937025556920064,0.0012265652149732074,120,2000
frozen-generator,partyFragmentation-low,weak-form-half-v-current,weak-form,weak-form-half-response,current-federal-court,persistence,vetoRelocationRisk,registered-component,-0.32002810644548263,-0.3212132579108397,-0.3188415099305327,0.0006266624492751938,120,2000
frozen-generator,partyFragmentation-low,weak-form-half-v-current,weak-form,weak-form-half-response,current-federal-court,persistence,totalInstitutionalCost,registered-diagnostic,-0.09419518912234412,-0.09438674234645529,-0.09400766258456834,9.464641427571616e-05,120,2000
frozen-generator,partyFragmentation-low,weak-form-half-v-current,weak-form,weak-form-half-response,current-federal-court,persistence,averageLegislativeResponseDelay,additional-diagnostic,0.44443111454634737,0.4415974674949527,0.44739991108049965,0.0014931144514637883,120,2000
frozen-generator,partyFragmentation-low,weak-form-off-v-current,weak-form,weak-form-no-response,current-federal-court,persistence,legislativeResponseRate,registered-component,0.0,0.0,0.0,0.0,120,2000
frozen-generator,partyFragmentation-low,weak-form-off-v-current,weak-form,weak-form-no-response,current-federal-court,persistence,legislativeResponseCredibility,registered-component,-0.5859253246226656,-0.5866566784132546,-0.585200865232385,0.00037437249307038887,120,2000
frozen-generator,partyFragmentation-low,weak-form-off-v-current,weak-form,weak-form-no-response,current-federal-court,persistence,timelyLegislativeResponseRate,registered-component,0.0,0.0,0.0,0.0,120,2000
frozen-generator,partyFragmentation-low,weak-form-off-v-current,weak-form,weak-form-no-response,current-federal-court,persistence,rightsProtection,registered-component,0.004702428150078431,0.0026711773567542653,0.006704433078383396,0.0010265276382221047,120,2000
frozen-generator,partyFragmentation-low,weak-form-off-v-current,weak-form,weak-form-no-response,current-federal-court,persistence,complianceRate,registered-component,0.3545833333333333,0.33801822916666663,0.3701041666666667,0.008233736055427017,120,2000
frozen-generator,partyFragmentation-low,weak-form-off-v-current,weak-form,weak-form-no-response,current-federal-court,persistence,democraticResponsiveness,registered-component,0.03374964332237207,0.03145210747366013,0.03618187836567514,0.001177921136320686,120,2000
frozen-generator,partyFragmentation-low,weak-form-off-v-current,weak-form,weak-form-no-response,current-federal-court,persistence,vetoRelocationRisk,registered-component,-0.2950125844318741,-0.29546567191880124,-0.29453050031808325,0.00024391743895881842,120,2000
frozen-generator,partyFragmentation-low,weak-form-off-v-current,weak-form,weak-form-no-response,current-federal-court,persistence,totalInstitutionalCost,registered-diagnostic,-0.09570393037261532,-0.09587001493301288,-0.09554041401714852,8.860981150793154e-05,120,2000
frozen-generator,partyFragmentation-low,weak-form-off-v-current,weak-form,weak-form-no-response,current-federal-court,persistence,averageLegislativeResponseDelay,additional-diagnostic,0.0,0.0,0.0,0.0,120,2000
frozen-generator,partyFragmentation-high,emergency-base,emergency,reasoned-emergency-review,current-federal-court,base,emergencyReasonGivingRate,registered-component,0.8665401077775882,0.8401951796091613,0.8922604602931792,0.013185283077268935,120,2000
frozen-generator,partyFragmentation-high,emergency-base,emergency,reasoned-emergency-review,current-federal-court,base,meritsFollowUpRate,registered-component,1.0,1.0,1.0,0.0,120,2000
frozen-generator,partyFragmentation-high,emergency-base,emergency,reasoned-emergency-review,current-federal-court,base,averageTimeToReview,registered-component,0.0,0.0,0.0,0.0,120,2000
frozen-generator,partyFragmentation-high,emergency-base,emergency,reasoned-emergency-review,current-federal-court,base,totalInstitutionalCost,registered-component,0.009723841231910115,0.00958723173046569,0.009865206367652772,7.084384965972574e-05,120,2000
frozen-generator,partyFragmentation-high,emergency-base,emergency,reasoned-emergency-review,current-federal-court,base,shadowDocketAbuse,registered-component,-0.3201199204986955,-0.32779915224250045,-0.3123158361717825,0.003946806221847015,120,2000
frozen-generator,partyFragmentation-high,emergency-base,emergency,reasoned-emergency-review,current-federal-court,base,institutionalDelayCost,additional-diagnostic,0.008313029846505348,0.008128408316787884,0.008489728717695773,9.3247265911467e-05,120,2000
frozen-generator,partyFragmentation-high,screening-base,screening,constitutional-council,current-federal-court,base,directCourtCost,registered-diagnostic,0.13586121666666667,0.1357468654166667,0.13597468104166666,5.886592155360337e-05,120,2000
frozen-generator,partyFragmentation-high,screening-base,screening,constitutional-council,current-federal-court,base,upstreamScreeningCost,registered-component,0.0020030295167194003,0.0019397460357227694,0.0020657200397830315,3.227416731508353e-05,120,2000
frozen-generator,partyFragmentation-high,screening-base,screening,constitutional-council,current-federal-court,base,capacityStrainCost,registered-diagnostic,0.06354850301114628,0.06293198744952502,0.06420463533664673,0.00032548818069380716,120,2000
frozen-generator,partyFragmentation-high,screening-base,screening,constitutional-council,current-federal-court,base,totalInstitutionalCost,registered-diagnostic,0.08290072434351554,0.08277007796697616,0.08303323060953226,6.785764917991047e-05,120,2000
frozen-generator,partyFragmentation-high,screening-base,screening,constitutional-council,current-federal-court,base,intakeAcceptanceRate,registered-diagnostic,-0.0007551610349611379,-0.0007789465280344016,-0.0007303823380821067,1.2366709768937456e-05,120,2000
frozen-generator,partyFragmentation-high,screening-base,screening,constitutional-council,current-federal-court,base,councilScreenRate,registered-component,1.0,1.0,1.0,0.0,120,2000
frozen-generator,partyFragmentation-high,screening-base,screening,constitutional-council,current-federal-court,base,administrativeLoad,additional-diagnostic,0.24693833333333343,0.24604251562500012,0.24785154166666676,0.00046509777793909507,120,2000
frozen-generator,partyFragmentation-high,weak-form-base,weak-form,weak-form-review,current-federal-court,base,legislativeResponseRate,registered-component,0.3115625,0.3013541666666667,0.3214609375,0.005112020910620011,120,2000
frozen-generator,partyFragmentation-high,weak-form-base,weak-form,weak-form-review,current-federal-court,base,legislativeResponseCredibility,registered-component,0.06383958333333323,0.06229374999999991,0.06538552083333318,0.0007960258641603475,120,2000
frozen-generator,partyFragmentation-high,weak-form-base,weak-form,weak-form-review,current-federal-court,base,timelyLegislativeResponseRate,registered-component,0.0,0.0,0.0,0.0,120,2000
frozen-generator,partyFragmentation-high,weak-form-base,weak-form,weak-form-review,current-federal-court,base,rightsProtection,registered-component,0.021099265282440757,0.019099282013884503,0.022973884463253366,0.0009647887413795246,120,2000
frozen-generator,partyFragmentation-high,weak-form-base,weak-form,weak-form-review,current-federal-court,base,complianceRate,registered-component,0.36041666666666666,0.344890625,0.3745833333333334,0.007769342748351575,120,2000
frozen-generator,partyFragmentation-high,weak-form-base,weak-form,weak-form-review,current-federal-court,base,democraticResponsiveness,registered-component,0.08131972211023197,0.07893496555861572,0.08360795440660602,0.0012029029171094804,120,2000
frozen-generator,partyFragmentation-high,weak-form-base,weak-form,weak-form-review,current-federal-court,base,vetoRelocationRisk,registered-component,-0.34511863117305697,-0.3467066547976915,-0.34344163759991575,0.0008026277411835453,120,2000
frozen-generator,partyFragmentation-high,weak-form-base,weak-form,weak-form-review,current-federal-court,base,totalInstitutionalCost,registered-diagnostic,-0.09280481098344269,-0.09301227471283571,-0.09258812522764,0.00010715995043774962,120,2000
frozen-generator,partyFragmentation-high,weak-form-base,weak-form,weak-form-review,current-federal-court,base,averageLegislativeResponseDelay,additional-diagnostic,0.4874868881548882,0.4854948137881572,0.48948248137823497,0.0010175294595216558,120,2000
frozen-generator,partyFragmentation-high,emergency-ablation,emergency,reasoned-with-fast-procedure,reasoned-emergency-review,ablation,emergencyReasonGivingRate,registered-component,-0.724730140667195,-0.7528184991645089,-0.6978510924497495,0.014066917094815319,120,2000
frozen-generator,partyFragmentation-high,emergency-ablation,emergency,reasoned-with-fast-procedure,reasoned-emergency-review,ablation,meritsFollowUpRate,registered-component,-1.0,-1.0,-1.0,0.0,120,2000
frozen-generator,partyFragmentation-high,emergency-ablation,emergency,reasoned-with-fast-procedure,reasoned-emergency-review,ablation,averageTimeToReview,registered-component,0.0,0.0,0.0,0.0,120,2000
frozen-generator,partyFragmentation-high,emergency-ablation,emergency,reasoned-with-fast-procedure,reasoned-emergency-review,ablation,totalInstitutionalCost,registered-component,-0.0043792037453705725,-0.004519704220279507,-0.004236571075145092,7.193152947254088e-05,120,2000
frozen-generator,partyFragmentation-high,emergency-ablation,emergency,reasoned-with-fast-procedure,reasoned-emergency-review,ablation,shadowDocketAbuse,registered-component,0.30485940624576885,0.297631248363352,0.3123322360892888,0.003721591635894419,120,2000
frozen-generator,partyFragmentation-high,emergency-ablation,emergency,reasoned-with-fast-procedure,reasoned-emergency-review,ablation,institutionalDelayCost,additional-diagnostic,-0.006637971125014746,-0.006832464001466116,-0.00645378061584241,9.449126221747866e-05,120,2000
frozen-generator,partyFragmentation-high,screening-ablation,screening,council-with-full-court-structure,constitutional-council,ablation,directCourtCost,registered-diagnostic,-0.09713347499999998,-0.0972682764583333,-0.09700402083333332,7.086086197227604e-05,120,2000
frozen-generator,partyFragmentation-high,screening-ablation,screening,council-with-full-court-structure,constitutional-council,ablation,upstreamScreeningCost,registered-component,-4.240982220866015e-05,-9.579069227932901e-05,1.0748430986615226e-05,2.7983509187227484e-05,120,2000
frozen-generator,partyFragmentation-high,screening-ablation,screening,council-with-full-court-structure,constitutional-council,ablation,capacityStrainCost,registered-diagnostic,-0.0427756857148058,-0.04333452010921777,-0.04224395750133413,0.00028307968588139757,120,2000
frozen-generator,partyFragmentation-high,screening-ablation,screening,council-with-full-court-structure,constitutional-council,ablation,totalInstitutionalCost,registered-diagnostic,-0.05017036082477604,-0.050294971651366004,-0.0500527848328887,6.432376587014561e-05,120,2000
frozen-generator,partyFragmentation-high,screening-ablation,screening,council-with-full-court-structure,constitutional-council,ablation,intakeAcceptanceRate,registered-diagnostic,1.6261232729240938e-05,-3.610673060819732e-06,3.594516562250565e-05,1.0314603578733907e-05,120,2000
frozen-generator,partyFragmentation-high,screening-ablation,screening,council-with-full-court-structure,constitutional-council,ablation,councilScreenRate,registered-component,-1.0,-1.0,-1.0,0.0,120,2000
frozen-generator,partyFragmentation-high,screening-ablation,screening,council-with-full-court-structure,constitutional-council,ablation,administrativeLoad,additional-diagnostic,-0.2393606250000001,-0.24023896875000011,-0.23853769791666674,0.0004507168914687502,120,2000
frozen-generator,partyFragmentation-high,weak-form-half,weak-form,weak-form-half-response,weak-form-review,ablation,legislativeResponseRate,registered-component,-0.15760416666666668,-0.165625,-0.14927083333333335,0.004145506053830292,120,2000
frozen-generator,partyFragmentation-high,weak-form-half,weak-form,weak-form-half-response,weak-form-review,ablation,legislativeResponseCredibility,registered-component,-0.28311832422830463,-0.28435574160385374,-0.28191256541003346,0.0006145993037689445,120,2000
frozen-generator,partyFragmentation-high,weak-form-half,weak-form,weak-form-half-response,weak-form-review,ablation,timelyLegislativeResponseRate,registered-component,0.0,0.0,0.0,0.0,120,2000
frozen-generator,partyFragmentation-high,weak-form-half,weak-form,weak-form-half-response,weak-form-review,ablation,rightsProtection,registered-component,-0.009761146424873409,-0.010748067868801532,-0.008826140211399354,0.00047824888635429033,120,2000
frozen-generator,partyFragmentation-high,weak-form-half,weak-form,weak-form-half-response,weak-form-review,ablation,complianceRate,registered-component,0.0027083333333333226,-0.013645833333333341,0.01916927083333331,0.008356737966721492,120,2000
frozen-generator,partyFragmentation-high,weak-form-half,weak-form,weak-form-half-response,weak-form-review,ablation,democraticResponsiveness,registered-component,-0.024165467724572436,-0.025534600701434044,-0.02279988642161042,0.0007006081272843934,120,2000
frozen-generator,partyFragmentation-high,weak-form-half,weak-form,weak-form-half-response,weak-form-review,ablation,vetoRelocationRisk,registered-component,0.025506938732880017,0.02422483327210368,0.026759158809185408,0.0006225142644573976,120,2000
frozen-generator,partyFragmentation-high,weak-form-half,weak-form,weak-form-half-response,weak-form-review,ablation,totalInstitutionalCost,registered-diagnostic,-0.0013079228639603564,-0.0015095801554421923,-0.0010871512071563398,0.00011066807833715156,120,2000
frozen-generator,partyFragmentation-high,weak-form-half,weak-form,weak-form-half-response,weak-form-review,ablation,averageLegislativeResponseDelay,additional-diagnostic,0.07287870571977499,0.06975523361066852,0.07615631264210299,0.0016399289760488898,120,2000
frozen-generator,partyFragmentation-high,weak-form-off,weak-form,weak-form-no-response,weak-form-review,ablation,legislativeResponseRate,registered-component,-0.3115625,-0.3214609375,-0.3013541666666667,0.005112020910620011,120,2000
frozen-generator,partyFragmentation-high,weak-form-off,weak-form,weak-form-no-response,weak-form-review,ablation,legislativeResponseCredibility,registered-component,-0.5664428984566092,-0.5681487523230229,-0.5647841936976739,0.0008483241462444654,120,2000
frozen-generator,partyFragmentation-high,weak-form-off,weak-form,weak-form-no-response,weak-form-review,ablation,timelyLegislativeResponseRate,registered-component,0.0,0.0,0.0,0.0,120,2000
frozen-generator,partyFragmentation-high,weak-form-off,weak-form,weak-form-no-response,weak-form-review,ablation,rightsProtection,registered-component,-0.017679625620844467,-0.018682435474798708,-0.016662739532440272,0.0005277790300894678,120,2000
frozen-generator,partyFragmentation-high,weak-form-off,weak-form,weak-form-no-response,weak-form-review,ablation,complianceRate,registered-component,-0.007291666666666674,-0.024687500000000015,0.009695312499999956,0.008768716643460205,120,2000
frozen-generator,partyFragmentation-high,weak-form-off,weak-form,weak-form-no-response,weak-form-review,ablation,democraticResponsiveness,registered-component,-0.0478403976901743,-0.04957343301731977,-0.046039491213860265,0.0008947866722979253,120,2000
frozen-generator,partyFragmentation-high,weak-form-off,weak-form,weak-form-no-response,weak-form-review,ablation,vetoRelocationRisk,registered-component,0.0499564074313549,0.04830623934454759,0.05153447846184436,0.0008030171830567157,120,2000
frozen-generator,partyFragmentation-high,weak-form-off,weak-form,weak-form-no-response,weak-form-review,ablation,totalInstitutionalCost,registered-diagnostic,-0.002851341360820586,-0.003052725722037388,-0.002625766622742963,0.00011127880435164482,120,2000
frozen-generator,partyFragmentation-high,weak-form-off,weak-form,weak-form-no-response,weak-form-review,ablation,averageLegislativeResponseDelay,additional-diagnostic,-0.4874868881548882,-0.48948248137823497,-0.4854948137881571,0.0010175294595216558,120,2000
frozen-generator,partyFragmentation-high,weak-form-half-v-current,weak-form,weak-form-half-response,current-federal-court,persistence,legislativeResponseRate,registered-component,0.15395833333333334,0.14708333333333332,0.16062760416666666,0.003516241743547547,120,2000
frozen-generator,partyFragmentation-high,weak-form-half-v-current,weak-form,weak-form-half-response,current-federal-court,persistence,legislativeResponseCredibility,registered-component,-0.21927874089497137,-0.22009473199173551,-0.21848718612126622,0.0004197011985604815,120,2000
frozen-generator,partyFragmentation-high,weak-form-half-v-current,weak-form,weak-form-half-response,current-federal-court,persistence,timelyLegislativeResponseRate,registered-component,0.0,0.0,0.0,0.0,120,2000
frozen-generator,partyFragmentation-high,weak-form-half-v-current,weak-form,weak-form-half-response,current-federal-court,persistence,rightsProtection,registered-component,0.011338118857567346,0.009382380403801061,0.013201356036426217,0.0009513192905131012,120,2000
frozen-generator,partyFragmentation-high,weak-form-half-v-current,weak-form,weak-form-half-response,current-federal-court,persistence,complianceRate,registered-component,0.36312500000000003,0.34489322916666665,0.380625,0.00896158985822911,120,2000
frozen-generator,partyFragmentation-high,weak-form-half-v-current,weak-form,weak-form-half-response,current-federal-court,persistence,democraticResponsiveness,registered-component,0.05715425438565954,0.05485773647414812,0.05947723301416729,0.0011690272848041087,120,2000
frozen-generator,partyFragmentation-high,weak-form-half-v-current,weak-form,weak-form-half-response,current-federal-court,persistence,vetoRelocationRisk,registered-component,-0.31961169244017695,-0.32075560727811075,-0.318543286013232,0.0005872712773081333,120,2000
frozen-generator,partyFragmentation-high,weak-form-half-v-current,weak-form,weak-form-half-response,current-federal-court,persistence,totalInstitutionalCost,registered-diagnostic,-0.09411273384740304,-0.09430586973733773,-0.09392079237418882,0.0001027907595833328,120,2000
frozen-generator,partyFragmentation-high,weak-form-half-v-current,weak-form,weak-form-half-response,current-federal-court,persistence,averageLegislativeResponseDelay,additional-diagnostic,0.5603655938746631,0.5577631008214126,0.5630391490174059,0.001352306727732295,120,2000
frozen-generator,partyFragmentation-high,weak-form-off-v-current,weak-form,weak-form-no-response,current-federal-court,persistence,legislativeResponseRate,registered-component,0.0,0.0,0.0,0.0,120,2000
frozen-generator,partyFragmentation-high,weak-form-off-v-current,weak-form,weak-form-no-response,current-federal-court,persistence,legislativeResponseCredibility,registered-component,-0.502603315123276,-0.5032773564074717,-0.5019352403928713,0.00034863183482803685,120,2000
frozen-generator,partyFragmentation-high,weak-form-off-v-current,weak-form,weak-form-no-response,current-federal-court,persistence,timelyLegislativeResponseRate,registered-component,0.0,0.0,0.0,0.0,120,2000
frozen-generator,partyFragmentation-high,weak-form-off-v-current,weak-form,weak-form-no-response,current-federal-court,persistence,rightsProtection,registered-component,0.003419639661596289,0.0011544129993524676,0.005570378825476257,0.0010830258356922503,120,2000
frozen-generator,partyFragmentation-high,weak-form-off-v-current,weak-form,weak-form-no-response,current-federal-court,persistence,complianceRate,registered-component,0.353125,0.3369765625,0.36895833333333333,0.008355515819376033,120,2000
frozen-generator,partyFragmentation-high,weak-form-off-v-current,weak-form,weak-form-no-response,current-federal-court,persistence,democraticResponsiveness,registered-component,0.03347932442005767,0.0308836036088557,0.03586761594387367,0.0012501827226844746,120,2000
frozen-generator,partyFragmentation-high,weak-form-off-v-current,weak-form,weak-form-no-response,current-federal-court,persistence,vetoRelocationRisk,registered-component,-0.29516222374170203,-0.29560276949824105,-0.29470920145849405,0.00022447535895003234,120,2000
frozen-generator,partyFragmentation-high,weak-form-off-v-current,weak-form,weak-form-no-response,current-federal-court,persistence,totalInstitutionalCost,registered-diagnostic,-0.09565615234426326,-0.09582577191250123,-0.09547513178330015,8.906925520229144e-05,120,2000
frozen-generator,partyFragmentation-high,weak-form-off-v-current,weak-form,weak-form-no-response,current-federal-court,persistence,averageLegislativeResponseDelay,additional-diagnostic,0.0,0.0,0.0,0.0,120,2000
recency-weighted-15y,baseline,emergency-base,emergency,reasoned-emergency-review,current-federal-court,base,emergencyReasonGivingRate,registered-component,0.8446660467945141,0.818839388190558,0.8706126695236,0.013609179660653482,120,2000
recency-weighted-15y,baseline,emergency-base,emergency,reasoned-emergency-review,current-federal-court,base,meritsFollowUpRate,registered-component,1.0,1.0,1.0,0.0,120,2000
recency-weighted-15y,baseline,emergency-base,emergency,reasoned-emergency-review,current-federal-court,base,averageTimeToReview,registered-component,0.0,0.0,0.0,0.0,120,2000
recency-weighted-15y,baseline,emergency-base,emergency,reasoned-emergency-review,current-federal-court,base,totalInstitutionalCost,registered-component,0.009777952839836014,0.009629867001245844,0.009917188262381667,7.344215132749104e-05,120,2000
recency-weighted-15y,baseline,emergency-base,emergency,reasoned-emergency-review,current-federal-court,base,shadowDocketAbuse,registered-component,-0.3225341064866937,-0.3295866416741529,-0.31571445210492316,0.0035994195439757485,120,2000
recency-weighted-15y,baseline,emergency-base,emergency,reasoned-emergency-review,current-federal-court,base,institutionalDelayCost,additional-diagnostic,0.008246061274755105,0.008060117568159645,0.008439610196680073,9.657448597631626e-05,120,2000
recency-weighted-15y,baseline,screening-base,screening,constitutional-council,current-federal-court,base,directCourtCost,registered-diagnostic,0.13591977500000002,0.13579310000000006,0.13604400208333337,6.525732029351673e-05,120,2000
recency-weighted-15y,baseline,screening-base,screening,constitutional-council,current-federal-court,base,upstreamScreeningCost,registered-component,0.001970938873939405,0.001894447209068368,0.0020473639470600905,3.86548206091395e-05,120,2000
recency-weighted-15y,baseline,screening-base,screening,constitutional-council,current-federal-court,base,capacityStrainCost,registered-diagnostic,0.06395939674929295,0.06322058696007424,0.06469985421764178,0.0003714458375994506,120,2000
recency-weighted-15y,baseline,screening-base,screening,constitutional-council,current-federal-court,base,totalInstitutionalCost,registered-diagnostic,0.08299009745745117,0.08283889155787517,0.08314021144242148,7.799079622780841e-05,120,2000
recency-weighted-15y,baseline,screening-base,screening,constitutional-council,current-federal-court,base,intakeAcceptanceRate,registered-diagnostic,-0.0007430373362054398,-0.0007726348252179578,-0.0007139770684001811,1.4885823884214809e-05,120,2000
recency-weighted-15y,baseline,screening-base,screening,constitutional-council,current-federal-court,base,councilScreenRate,registered-component,1.0,1.0,1.0,0.0,120,2000
recency-weighted-15y,baseline,screening-base,screening,constitutional-council,current-federal-court,base,administrativeLoad,additional-diagnostic,0.2475343750000001,0.24647644270833347,0.24856899479166675,0.0005415106834097074,120,2000
recency-weighted-15y,baseline,weak-form-base,weak-form,weak-form-review,current-federal-court,base,legislativeResponseRate,registered-component,0.30895833333333333,0.3005182291666667,0.3173958333333333,0.0042649045922668796,120,2000
recency-weighted-15y,baseline,weak-form-base,weak-form,weak-form-review,current-federal-court,base,legislativeResponseCredibility,registered-component,0.06309374999999993,0.06182286458333328,0.06430843749999993,0.0006266690773670028,120,2000
recency-weighted-15y,baseline,weak-form-base,weak-form,weak-form-review,current-federal-court,base,timelyLegislativeResponseRate,registered-component,0.054251115887261975,0.04582416914091291,0.06258627428383513,0.004367891886728724,120,2000
recency-weighted-15y,baseline,weak-form-base,weak-form,weak-form-review,current-federal-court,base,rightsProtection,registered-component,0.02422435750764,0.022427748886332987,0.026084918265345838,0.0009311301882400424,120,2000
recency-weighted-15y,baseline,weak-form-base,weak-form,weak-form-review,current-federal-court,base,complianceRate,registered-component,0.3720833333333333,0.35562499999999997,0.38791666666666663,0.008104886942061814,120,2000
recency-weighted-15y,baseline,weak-form-base,weak-form,weak-form-review,current-federal-court,base,democraticResponsiveness,registered-component,0.07947838735997727,0.07728864708203378,0.08185705008857373,0.0011874225455081825,120,2000
recency-weighted-15y,baseline,weak-form-base,weak-form,weak-form-review,current-federal-court,base,vetoRelocationRisk,registered-component,-0.34432972221737734,-0.3456886480994958,-0.34296528443261404,0.0006923100299643603,120,2000
recency-weighted-15y,baseline,weak-form-base,weak-form,weak-form-review,current-federal-court,base,totalInstitutionalCost,registered-diagnostic,-0.0926264988874588,-0.09281793233680662,-0.09242911575368476,9.865016419823898e-05,120,2000
recency-weighted-15y,baseline,weak-form-base,weak-form,weak-form-review,current-federal-court,base,averageLegislativeResponseDelay,additional-diagnostic,0.4162608413270024,0.41447804580799436,0.4181262295606791,0.0009391707763255424,120,2000
recency-weighted-15y,baseline,emergency-ablation,emergency,reasoned-with-fast-procedure,reasoned-emergency-review,ablation,emergencyReasonGivingRate,registered-component,-0.6986037599236384,-0.7263922357060205,-0.670197436647766,0.014983079681943122,120,2000
recency-weighted-15y,baseline,emergency-ablation,emergency,reasoned-with-fast-procedure,reasoned-emergency-review,ablation,meritsFollowUpRate,registered-component,-1.0,-1.0,-1.0,0.0,120,2000
recency-weighted-15y,baseline,emergency-ablation,emergency,reasoned-with-fast-procedure,reasoned-emergency-review,ablation,averageTimeToReview,registered-component,0.0,0.0,0.0,0.0,120,2000
recency-weighted-15y,baseline,emergency-ablation,emergency,reasoned-with-fast-procedure,reasoned-emergency-review,ablation,totalInstitutionalCost,registered-component,-0.004455446841383719,-0.004603317289903485,-0.004310948349331691,7.565098533357158e-05,120,2000
recency-weighted-15y,baseline,emergency-ablation,emergency,reasoned-with-fast-procedure,reasoned-emergency-review,ablation,shadowDocketAbuse,registered-component,0.307065341569761,0.2998892980019774,0.31394831451624317,0.003745834249624228,120,2000
recency-weighted-15y,baseline,emergency-ablation,emergency,reasoned-with-fast-procedure,reasoned-emergency-review,ablation,institutionalDelayCost,additional-diagnostic,-0.006581048470950409,-0.00677692537623699,-0.0063819117528052475,0.00010264806970164945,120,2000
recency-weighted-15y,baseline,screening-ablation,screening,council-with-full-court-structure,constitutional-council,ablation,directCourtCost,registered-diagnostic,-0.09721119166666667,-0.09736128333333337,-0.09705477354166667,7.872463914772976e-05,120,2000
recency-weighted-15y,baseline,screening-ablation,screening,council-with-full-court-structure,constitutional-council,ablation,upstreamScreeningCost,registered-component,-1.1097990329729986e-05,-7.495436283895977e-05,5.317452483955055e-05,3.289087120595498e-05,120,2000
recency-weighted-15y,baseline,screening-ablation,screening,council-with-full-court-structure,constitutional-council,ablation,capacityStrainCost,registered-diagnostic,-0.04302486116021983,-0.04363664949460208,-0.042402637242783515,0.0003242105200245498,120,2000
recency-weighted-15y,baseline,screening-ablation,screening,council-with-full-court-structure,constitutional-council,ablation,totalInstitutionalCost,registered-diagnostic,-0.050236128522635155,-0.050379517666590795,-0.05009518715208372,7.401824897625762e-05,120,2000
recency-weighted-15y,baseline,screening-ablation,screening,council-with-full-court-structure,constitutional-council,ablation,intakeAcceptanceRate,registered-diagnostic,4.040954930252932e-06,-2.0131586365646228e-05,2.76878420972763e-05,1.2177824460862496e-05,120,2000
recency-weighted-15y,baseline,screening-ablation,screening,council-with-full-court-structure,constitutional-council,ablation,councilScreenRate,registered-component,-1.0,-1.0,-1.0,0.0,120,2000
recency-weighted-15y,baseline,screening-ablation,screening,council-with-full-court-structure,constitutional-council,ablation,administrativeLoad,additional-diagnostic,-0.23985395833333342,-0.24085711979166674,-0.23886679166666677,0.0005215901500692601,120,2000
recency-weighted-15y,baseline,weak-form-half,weak-form,weak-form-half-response,weak-form-review,ablation,legislativeResponseRate,registered-component,-0.1564583333333333,-0.16416666666666666,-0.1486458333333333,0.003999582363234789,120,2000
recency-weighted-15y,baseline,weak-form-half,weak-form,weak-form-half-response,weak-form-review,ablation,legislativeResponseCredibility,registered-component,-0.3064973703936611,-0.3075112261441019,-0.3054491126728729,0.0005298658711621527,120,2000
recency-weighted-15y,baseline,weak-form-half,weak-form,weak-form-half-response,weak-form-review,ablation,timelyLegislativeResponseRate,registered-component,-0.054251115887261975,-0.06258627428383513,-0.045824169140912925,0.004367891886728724,120,2000
recency-weighted-15y,baseline,weak-form-half,weak-form,weak-form-half-response,weak-form-review,ablation,rightsProtection,registered-component,-0.011041697846288867,-0.01215352849610719,-0.009980061419553293,0.0005678762855859231,120,2000
recency-weighted-15y,baseline,weak-form-half,weak-form,weak-form-half-response,weak-form-review,ablation,complianceRate,registered-component,0.0015625000000000046,-0.01552343749999999,0.018023437499999993,0.008644272327103424,120,2000
recency-weighted-15y,baseline,weak-form-half,weak-form,weak-form-half-response,weak-form-review,ablation,democraticResponsiveness,registered-component,-0.0231759732157657,-0.02442014301076746,-0.021853215236766234,0.0006716984638513994,120,2000
recency-weighted-15y,baseline,weak-form-half,weak-form,weak-form-half-response,weak-form-review,ablation,vetoRelocationRisk,registered-component,0.024688556631070006,0.023423411043476342,0.02588206562943392,0.0006252908251941892,120,2000
recency-weighted-15y,baseline,weak-form-half,weak-form,weak-form-half-response,weak-form-review,ablation,totalInstitutionalCost,registered-diagnostic,-0.0016158455994633946,-0.0018331199520330809,-0.0014150798245041202,0.0001054120156489001,120,2000
recency-weighted-15y,baseline,weak-form-half,weak-form,weak-form-half-response,weak-form-review,ablation,averageLegislativeResponseDelay,additional-diagnostic,0.08126916429687522,0.07816268146471857,0.0842556851013869,0.0015788155502901393,120,2000
recency-weighted-15y,baseline,weak-form-off,weak-form,weak-form-no-response,weak-form-review,ablation,legislativeResponseRate,registered-component,-0.30895833333333333,-0.3173958333333333,-0.30051822916666665,0.0042649045922668796,120,2000
recency-weighted-15y,baseline,weak-form-off,weak-form,weak-form-no-response,weak-form-review,ablation,legislativeResponseCredibility,registered-component,-0.6125634907873221,-0.6140343785936083,-0.6111238798637434,0.0007306736408065477,120,2000
recency-weighted-15y,baseline,weak-form-off,weak-form,weak-form-no-response,weak-form-review,ablation,timelyLegislativeResponseRate,registered-component,-0.054251115887261975,-0.06258627428383513,-0.045824169140912925,0.004367891886728724,120,2000
recency-weighted-15y,baseline,weak-form-off,weak-form,weak-form-no-response,weak-form-review,ablation,rightsProtection,registered-component,-0.01944125103856701,-0.0205971284069194,-0.01834569876241549,0.0005884783136429392,120,2000
recency-weighted-15y,baseline,weak-form-off,weak-form,weak-form-no-response,weak-form-review,ablation,complianceRate,registered-component,-0.006249999999999996,-0.0217734375,0.009166666666666667,0.00783618608284221,120,2000
recency-weighted-15y,baseline,weak-form-off,weak-form,weak-form-no-response,weak-form-review,ablation,democraticResponsiveness,registered-component,-0.046425255396632316,-0.04800253602757089,-0.04492542737998366,0.0007893675853764165,120,2000
recency-weighted-15y,baseline,weak-form-off,weak-form,weak-form-no-response,weak-form-review,ablation,vetoRelocationRisk,registered-component,0.04924058690636771,0.04788002903041014,0.05061934376498343,0.0006940886120623105,120,2000
recency-weighted-15y,baseline,weak-form-off,weak-form,weak-form-no-response,weak-form-review,ablation,totalInstitutionalCost,registered-diagnostic,-0.0030606464987401657,-0.0032738987326962872,-0.0028634893794586016,0.00010601012411427642,120,2000
recency-weighted-15y,baseline,weak-form-off,weak-form,weak-form-no-response,weak-form-review,ablation,averageLegislativeResponseDelay,additional-diagnostic,-0.4162608413270024,-0.4181262295606791,-0.41447804580799436,0.0009391707763255424,120,2000
recency-weighted-15y,baseline,weak-form-half-v-current,weak-form,weak-form-half-response,current-federal-court,persistence,legislativeResponseRate,registered-component,0.1525,0.1453125,0.16020833333333334,0.0037819599797612093,120,2000
recency-weighted-15y,baseline,weak-form-half-v-current,weak-form,weak-form-half-response,current-federal-court,persistence,legislativeResponseCredibility,registered-component,-0.24340362039366115,-0.24421612673556037,-0.2425992029938682,0.00040365054808762284,120,2000
recency-weighted-15y,baseline,weak-form-half-v-current,weak-form,weak-form-half-response,current-federal-court,persistence,timelyLegislativeResponseRate,registered-component,0.0,0.0,0.0,0.0,120,2000
recency-weighted-15y,baseline,weak-form-half-v-current,weak-form,weak-form-half-response,current-federal-court,persistence,rightsProtection,registered-component,0.013182659661351133,0.011201156780552364,0.015219396757595961,0.001046861684363873,120,2000
recency-weighted-15y,baseline,weak-form-half-v-current,weak-form,weak-form-half-response,current-federal-court,persistence,complianceRate,registered-component,0.37364583333333334,0.3566640625,0.39104427083333326,0.00889411608731056,120,2000
recency-weighted-15y,baseline,weak-form-half-v-current,weak-form,weak-form-half-response,current-federal-court,persistence,democraticResponsiveness,registered-component,0.05630241414421156,0.05396658887206154,0.05870521694392018,0.0011774882263677216,120,2000
recency-weighted-15y,baseline,weak-form-half-v-current,weak-form,weak-form-half-response,current-federal-court,persistence,vetoRelocationRisk,registered-component,-0.31964116558630734,-0.32090034341844065,-0.31849923919940293,0.0006249683921577399,120,2000
recency-weighted-15y,baseline,weak-form-half-v-current,weak-form,weak-form-half-response,current-federal-court,persistence,totalInstitutionalCost,registered-diagnostic,-0.0942423444869222,-0.0944279224141852,-0.09406979637971863,9.14880356044418e-05,120,2000
recency-weighted-15y,baseline,weak-form-half-v-current,weak-form,weak-form-half-response,current-federal-court,persistence,averageLegislativeResponseDelay,additional-diagnostic,0.49753000562387767,0.4947376806463065,0.5001694892757067,0.0013797101531053452,120,2000
recency-weighted-15y,baseline,weak-form-off-v-current,weak-form,weak-form-no-response,current-federal-court,persistence,legislativeResponseRate,registered-component,0.0,0.0,0.0,0.0,120,2000
recency-weighted-15y,baseline,weak-form-off-v-current,weak-form,weak-form-no-response,current-federal-court,persistence,legislativeResponseCredibility,registered-component,-0.5494697407873221,-0.550268874897211,-0.5487189546090456,0.00039542388715926803,120,2000
recency-weighted-15y,baseline,weak-form-off-v-current,weak-form,weak-form-no-response,current-federal-court,persistence,timelyLegislativeResponseRate,registered-component,0.0,0.0,0.0,0.0,120,2000
recency-weighted-15y,baseline,weak-form-off-v-current,weak-form,weak-form-no-response,current-federal-court,persistence,rightsProtection,registered-component,0.004783106469072993,0.002652153269546433,0.006829395388672824,0.0010753669725539407,120,2000
recency-weighted-15y,baseline,weak-form-off-v-current,weak-form,weak-form-no-response,current-federal-court,persistence,complianceRate,registered-component,0.36583333333333334,0.34760416666666666,0.3830234375,0.009133183053007235,120,2000
recency-weighted-15y,baseline,weak-form-off-v-current,weak-form,weak-form-no-response,current-federal-court,persistence,democraticResponsiveness,registered-component,0.03305313196334495,0.030776355527514735,0.03550141273093655,0.001195968204392784,120,2000
recency-weighted-15y,baseline,weak-form-off-v-current,weak-form,weak-form-no-response,current-federal-court,persistence,vetoRelocationRisk,registered-component,-0.2950891353110096,-0.29549333815302126,-0.2946905384357374,0.00020722874932572533,120,2000
recency-weighted-15y,baseline,weak-form-off-v-current,weak-form,weak-form-no-response,current-federal-court,persistence,totalInstitutionalCost,registered-diagnostic,-0.09568714538619896,-0.09586190337006652,-0.09550362206262519,8.876284191103807e-05,120,2000
recency-weighted-15y,baseline,weak-form-off-v-current,weak-form,weak-form-no-response,current-federal-court,persistence,averageLegislativeResponseDelay,additional-diagnostic,0.0,0.0,0.0,0.0,120,2000
recency-weighted-15y,emergencyPressure-low,emergency-base,emergency,reasoned-emergency-review,current-federal-court,base,emergencyReasonGivingRate,registered-component,-0.004791666666666665,-0.037508680555555556,0.03625520833333331,0.018457072891481036,120,2000
recency-weighted-15y,emergencyPressure-low,emergency-base,emergency,reasoned-emergency-review,current-federal-court,base,meritsFollowUpRate,registered-component,0.03333333333333333,0.008333333333333333,0.075,0.016455241616498056,120,2000
recency-weighted-15y,emergencyPressure-low,emergency-base,emergency,reasoned-emergency-review,current-federal-court,base,averageTimeToReview,registered-component,0.0,0.0,0.0,0.0,120,2000
recency-weighted-15y,emergencyPressure-low,emergency-base,emergency,reasoned-emergency-review,current-federal-court,base,totalInstitutionalCost,registered-component,0.013660983744978752,0.013578327812147396,0.013741410286355279,4.280868281929406e-05,120,2000
recency-weighted-15y,emergencyPressure-low,emergency-base,emergency,reasoned-emergency-review,current-federal-court,base,shadowDocketAbuse,registered-component,-0.047824411282463654,-0.05196009157786147,-0.043990642911679666,0.0020413721877945027,120,2000
recency-weighted-15y,emergencyPressure-low,emergency-base,emergency,reasoned-emergency-review,current-federal-court,base,institutionalDelayCost,additional-diagnostic,0.0029398817958693015,0.0028364036014270648,0.003047086583375471,5.419368219279353e-05,120,2000
recency-weighted-15y,emergencyPressure-low,screening-base,screening,constitutional-council,current-federal-court,base,directCourtCost,registered-diagnostic,0.1375177916666667,0.13742234625000002,0.13761220000000005,4.902236169540541e-05,120,2000
recency-weighted-15y,emergencyPressure-low,screening-base,screening,constitutional-council,current-federal-court,base,upstreamScreeningCost,registered-component,0.0004468642093605248,0.000409174794604877,0.00048672797546745936,1.988077569504522e-05,120,2000
recency-weighted-15y,emergencyPressure-low,screening-base,screening,constitutional-council,current-federal-court,base,capacityStrainCost,registered-diagnostic,0.07912644697290704,0.07873561533726876,0.07949043095715348,0.0001964256944182327,120,2000
recency-weighted-15y,emergencyPressure-low,screening-base,screening,constitutional-council,current-federal-court,base,totalInstitutionalCost,registered-diagnostic,0.08599832761984111,0.0859103842008649,0.08608372746161298,4.361523743278346e-05,120,2000
recency-weighted-15y,emergencyPressure-low,screening-base,screening,constitutional-council,current-federal-court,base,intakeAcceptanceRate,registered-diagnostic,-0.00015918796787159733,-0.00017388080217943983,-0.00014517359405922438,7.276071793811987e-06,120,2000
recency-weighted-15y,emergencyPressure-low,screening-base,screening,constitutional-council,current-federal-court,base,councilScreenRate,registered-component,1.0,1.0,1.0,0.0,120,2000
recency-weighted-15y,emergencyPressure-low,screening-base,screening,constitutional-council,current-federal-court,base,administrativeLoad,additional-diagnostic,0.2681002083333334,0.26747953125000007,0.2686991770833334,0.0003058410700665822,120,2000
recency-weighted-15y,emergencyPressure-low,weak-form-base,weak-form,weak-form-review,current-federal-court,base,legislativeResponseRate,registered-component,0.336875,0.32687239583333333,0.3465625,0.004987839729589076,120,2000
recency-weighted-15y,emergencyPressure-low,weak-form-base,weak-form,weak-form-review,current-federal-court,base,legislativeResponseCredibility,registered-component,0.057793749999999984,0.056495833333333335,0.059152291666666655,0.0006844323749979816,120,2000
recency-weighted-15y,emergencyPressure-low,weak-form-base,weak-form,weak-form-review,current-federal-court,base,timelyLegislativeResponseRate,registered-component,0.0857262170998468,0.07641795918051865,0.09510392800540038,0.004873652766280141,120,2000
recency-weighted-15y,emergencyPressure-low,weak-form-base,weak-form,weak-form-review,current-federal-court,base,rightsProtection,registered-component,-0.0047342016299223655,-0.00591144503590454,-0.0036136648155490393,0.0005920561954648243,120,2000
recency-weighted-15y,emergencyPressure-low,weak-form-base,weak-form,weak-form-review,current-federal-court,base,complianceRate,registered-component,0.2795833333333333,0.25708333333333333,0.30145833333333333,0.011298073962263186,120,2000
recency-weighted-15y,emergencyPressure-low,weak-form-base,weak-form,weak-form-review,current-federal-court,base,democraticResponsiveness,registered-component,0.05357779094166543,0.051922528350805186,0.05527269518034123,0.0008728029030937687,120,2000
recency-weighted-15y,emergencyPressure-low,weak-form-base,weak-form,weak-form-review,current-federal-court,base,vetoRelocationRisk,registered-component,-0.3568168012752785,-0.3582922817482198,-0.3553328140999247,0.0007563234074260765,120,2000
recency-weighted-15y,emergencyPressure-low,weak-form-base,weak-form,weak-form-review,current-federal-court,base,totalInstitutionalCost,registered-diagnostic,-0.09084121475233232,-0.09098229940109852,-0.09070497422035162,7.004090782856952e-05,120,2000
recency-weighted-15y,emergencyPressure-low,weak-form-base,weak-form,weak-form-review,current-federal-court,base,averageLegislativeResponseDelay,additional-diagnostic,0.41392030316674505,0.41216627982249776,0.41574971577340913,0.0009429565358619214,120,2000
recency-weighted-15y,emergencyPressure-low,emergency-ablation,emergency,reasoned-with-fast-procedure,reasoned-emergency-review,ablation,emergencyReasonGivingRate,registered-component,0.1463962888962889,0.09799384469696969,0.19358135845635843,0.024238447703442308,120,2000
recency-weighted-15y,emergencyPressure-low,emergency-ablation,emergency,reasoned-with-fast-procedure,reasoned-emergency-review,ablation,meritsFollowUpRate,registered-component,-0.03333333333333333,-0.075,-0.008333333333333333,0.016455241616498056,120,2000
recency-weighted-15y,emergencyPressure-low,emergency-ablation,emergency,reasoned-with-fast-procedure,reasoned-emergency-review,ablation,averageTimeToReview,registered-component,0.0,0.0,0.0,0.0,120,2000
recency-weighted-15y,emergencyPressure-low,emergency-ablation,emergency,reasoned-with-fast-procedure,reasoned-emergency-review,ablation,totalInstitutionalCost,registered-component,-0.008319247413578314,-0.008397981451154723,-0.008236534477247273,4.087913440532444e-05,120,2000
recency-weighted-15y,emergencyPressure-low,emergency-ablation,emergency,reasoned-with-fast-procedure,reasoned-emergency-review,ablation,shadowDocketAbuse,registered-component,0.0478866170316381,0.04461665883449812,0.051403200383062675,0.0017389683063356164,120,2000
recency-weighted-15y,emergencyPressure-low,emergency-ablation,emergency,reasoned-with-fast-procedure,reasoned-emergency-review,ablation,institutionalDelayCost,additional-diagnostic,-0.0013159003701715905,-0.0014131305010981763,-0.0012254492627851799,4.810358185658907e-05,120,2000
recency-weighted-15y,emergencyPressure-low,screening-ablation,screening,council-with-full-court-structure,constitutional-council,ablation,directCourtCost,registered-diagnostic,-0.09726318333333331,-0.09737369791666665,-0.09715239749999997,5.7530780926112906e-05,120,2000
recency-weighted-15y,emergencyPressure-low,screening-ablation,screening,council-with-full-court-structure,constitutional-council,ablation,upstreamScreeningCost,registered-component,2.508125042292401e-06,-1.4567112875493726e-06,6.929833080149243e-06,2.1540558101343363e-06,120,2000
recency-weighted-15y,emergencyPressure-low,screening-ablation,screening,council-with-full-court-structure,constitutional-council,ablation,capacityStrainCost,registered-diagnostic,-0.04326930291663848,-0.043356585928217894,-0.04318273660767103,4.451207559179275e-05,120,2000
recency-weighted-15y,emergencyPressure-low,screening-ablation,screening,council-with-full-court-structure,constitutional-council,ablation,totalInstitutionalCost,registered-diagnostic,-0.05029681974769143,-0.050349456113035526,-0.05024403700179587,2.7657417246072433e-05,120,2000
recency-weighted-15y,emergencyPressure-low,screening-ablation,screening,council-with-full-court-structure,constitutional-council,ablation,intakeAcceptanceRate,registered-diagnostic,-8.884190652684702e-07,-2.4071576906713347e-06,4.568660362463165e-07,7.469684038765186e-07,120,2000
recency-weighted-15y,emergencyPressure-low,screening-ablation,screening,council-with-full-court-structure,constitutional-council,ablation,councilScreenRate,registered-component,-1.0,-1.0,-1.0,0.0,120,2000
recency-weighted-15y,emergencyPressure-low,screening-ablation,screening,council-with-full-court-structure,constitutional-council,ablation,administrativeLoad,additional-diagnostic,-0.24025541666666678,-0.24065054687500015,-0.23985755729166683,0.0002082849768809642,120,2000
recency-weighted-15y,emergencyPressure-low,weak-form-half,weak-form,weak-form-half-response,weak-form-review,ablation,legislativeResponseRate,registered-component,-0.16552083333333334,-0.17364583333333333,-0.15760416666666668,0.004171030190649211,120,2000
recency-weighted-15y,emergencyPressure-low,weak-form-half,weak-form,weak-form-half-response,weak-form-review,ablation,legislativeResponseCredibility,registered-component,-0.3094520618923209,-0.3106067613702521,-0.30828629129548546,0.0005943549604926241,120,2000
recency-weighted-15y,emergencyPressure-low,weak-form-half,weak-form,weak-form-half-response,weak-form-review,ablation,timelyLegislativeResponseRate,registered-component,-0.0857262170998468,-0.09510392800540038,-0.07641795918051865,0.004873652766280141,120,2000
recency-weighted-15y,emergencyPressure-low,weak-form-half,weak-form,weak-form-half-response,weak-form-review,ablation,rightsProtection,registered-component,-0.014483307625447694,-0.015372085884042062,-0.013594965651608715,0.0004702975298599347,120,2000
recency-weighted-15y,emergencyPressure-low,weak-form-half,weak-form,weak-form-half-response,weak-form-review,ablation,complianceRate,registered-component,-0.0015624999999999981,-0.01677343750000001,0.013854166666666671,0.00791891806958862,120,2000
recency-weighted-15y,emergencyPressure-low,weak-form-half,weak-form,weak-form-half-response,weak-form-review,ablation,democraticResponsiveness,registered-component,-0.025613016014342953,-0.026720746513985875,-0.024549344642448928,0.0005670204514978025,120,2000
recency-weighted-15y,emergencyPressure-low,weak-form-half,weak-form,weak-form-half-response,weak-form-review,ablation,vetoRelocationRisk,registered-component,0.026418261238161735,0.025198665264354197,0.02766654495559626,0.00063316830604119,120,2000
recency-weighted-15y,emergencyPressure-low,weak-form-half,weak-form,weak-form-half-response,weak-form-review,ablation,totalInstitutionalCost,registered-diagnostic,-0.001569309878333337,-0.0016589470363596063,-0.001481291365389519,4.476409054796878e-05,120,2000
recency-weighted-15y,emergencyPressure-low,weak-form-half,weak-form,weak-form-half-response,weak-form-review,ablation,averageLegislativeResponseDelay,additional-diagnostic,0.08155961821871795,0.07833917331640605,0.08478037423071082,0.0016839737517424954,120,2000
recency-weighted-15y,emergencyPressure-low,weak-form-off,weak-form,weak-form-no-response,weak-form-review,ablation,legislativeResponseRate,registered-component,-0.336875,-0.3465625,-0.3268723958333334,0.004987839729589076,120,2000
recency-weighted-15y,emergencyPressure-low,weak-form-off,weak-form,weak-form-no-response,weak-form-review,ablation,legislativeResponseCredibility,registered-component,-0.6189791237846418,-0.6206248921427011,-0.6172855738962827,0.0008664229578115668,120,2000
recency-weighted-15y,emergencyPressure-low,weak-form-off,weak-form,weak-form-no-response,weak-form-review,ablation,timelyLegislativeResponseRate,registered-component,-0.0857262170998468,-0.09510392800540038,-0.07641795918051865,0.004873652766280141,120,2000
recency-weighted-15y,emergencyPressure-low,weak-form-off,weak-form,weak-form-no-response,weak-form-review,ablation,rightsProtection,registered-component,-0.02543598221935551,-0.026527932535405405,-0.024385371985387733,0.0005480495227032409,120,2000
recency-weighted-15y,emergencyPressure-low,weak-form-off,weak-form,weak-form-no-response,weak-form-review,ablation,complianceRate,registered-component,-0.006874999999999998,-0.02208333333333333,0.008856770833333312,0.007920696858578177,120,2000
recency-weighted-15y,emergencyPressure-low,weak-form-off,weak-form,weak-form-no-response,weak-form-review,ablation,democraticResponsiveness,registered-component,-0.05243661263074953,-0.05387273817146718,-0.050977172129290795,0.000745402735376274,120,2000
recency-weighted-15y,emergencyPressure-low,weak-form-off,weak-form,weak-form-no-response,weak-form-review,ablation,vetoRelocationRisk,registered-component,0.0537347063019266,0.052181498014070696,0.055246358522649225,0.0007721270564371994,120,2000
recency-weighted-15y,emergencyPressure-low,weak-form-off,weak-form,weak-form-no-response,weak-form-review,ablation,totalInstitutionalCost,registered-diagnostic,-0.0031801412436822034,-0.003278059834389269,-0.0030808382050420426,5.05118321524423e-05,120,2000
recency-weighted-15y,emergencyPressure-low,weak-form-off,weak-form,weak-form-no-response,weak-form-review,ablation,averageLegislativeResponseDelay,additional-diagnostic,-0.41392030316674505,-0.41574971577340913,-0.41216627982249776,0.0009429565358619214,120,2000
recency-weighted-15y,emergencyPressure-low,weak-form-half-v-current,weak-form,weak-form-half-response,current-federal-court,persistence,legislativeResponseRate,registered-component,0.17135416666666667,0.1634375,0.17958333333333334,0.004250030465508426,120,2000
recency-weighted-15y,emergencyPressure-low,weak-form-half-v-current,weak-form,weak-form-half-response,current-federal-court,persistence,legislativeResponseCredibility,registered-component,-0.2516583118923209,-0.2523560446747757,-0.2509180205763135,0.00036920934706391066,120,2000
recency-weighted-15y,emergencyPressure-low,weak-form-half-v-current,weak-form,weak-form-half-response,current-federal-court,persistence,timelyLegislativeResponseRate,registered-component,0.0,0.0,0.0,0.0,120,2000
recency-weighted-15y,emergencyPressure-low,weak-form-half-v-current,weak-form,weak-form-half-response,current-federal-court,persistence,rightsProtection,registered-component,-0.019217509255370063,-0.020762566244392055,-0.01771973939172555,0.0007642151107058291,120,2000
recency-weighted-15y,emergencyPressure-low,weak-form-half-v-current,weak-form,weak-form-half-response,current-federal-court,persistence,complianceRate,registered-component,0.27802083333333333,0.2565546875,0.30021093749999994,0.010879757879050865,120,2000
recency-weighted-15y,emergencyPressure-low,weak-form-half-v-current,weak-form,weak-form-half-response,current-federal-court,persistence,democraticResponsiveness,registered-component,0.02796477492732248,0.025975238786020597,0.029898150169055886,0.0010052377940168186,120,2000
recency-weighted-15y,emergencyPressure-low,weak-form-half-v-current,weak-form,weak-form-half-response,current-federal-court,persistence,vetoRelocationRisk,registered-component,-0.3303985400371168,-0.33159912641837375,-0.32915823326632315,0.0006525575707018152,120,2000
recency-weighted-15y,emergencyPressure-low,weak-form-half-v-current,weak-form,weak-form-half-response,current-federal-court,persistence,totalInstitutionalCost,registered-diagnostic,-0.09241052463066567,-0.09254111838240743,-0.09228208629791475,6.558702400809662e-05,120,2000
recency-weighted-15y,emergencyPressure-low,weak-form-half-v-current,weak-form,weak-form-half-response,current-federal-court,persistence,averageLegislativeResponseDelay,additional-diagnostic,0.495479921385463,0.49266653286317635,0.49834076918417847,0.0014840451947770227,120,2000
recency-weighted-15y,emergencyPressure-low,weak-form-off-v-current,weak-form,weak-form-no-response,current-federal-court,persistence,legislativeResponseRate,registered-component,0.0,0.0,0.0,0.0,120,2000
recency-weighted-15y,emergencyPressure-low,weak-form-off-v-current,weak-form,weak-form-no-response,current-federal-court,persistence,legislativeResponseCredibility,registered-component,-0.5611853737846418,-0.5619380658376567,-0.5603862744631686,0.0004010921266054126,120,2000
recency-weighted-15y,emergencyPressure-low,weak-form-off-v-current,weak-form,weak-form-no-response,current-federal-court,persistence,timelyLegislativeResponseRate,registered-component,0.0,0.0,0.0,0.0,120,2000
recency-weighted-15y,emergencyPressure-low,weak-form-off-v-current,weak-form,weak-form-no-response,current-federal-court,persistence,rightsProtection,registered-component,-0.030170183849277877,-0.031843927281893454,-0.028433767244372632,0.0008264668389186993,120,2000
recency-weighted-15y,emergencyPressure-low,weak-form-off-v-current,weak-form,weak-form-no-response,current-federal-court,persistence,complianceRate,registered-component,0.27270833333333333,0.251875,0.2931276041666666,0.010392110411277718,120,2000
recency-weighted-15y,emergencyPressure-low,weak-form-off-v-current,weak-form,weak-form-no-response,current-federal-court,persistence,democraticResponsiveness,registered-component,0.0011411783109159038,-0.000497211061940203,0.0028441257640904848,0.000816607852235796,120,2000
recency-weighted-15y,emergencyPressure-low,weak-form-off-v-current,weak-form,weak-form-no-response,current-federal-court,persistence,vetoRelocationRisk,registered-component,-0.30308209497335187,-0.303390681850122,-0.3027653020919748,0.00015673402194542064,120,2000
recency-weighted-15y,emergencyPressure-low,weak-form-off-v-current,weak-form,weak-form-no-response,current-federal-court,persistence,totalInstitutionalCost,registered-diagnostic,-0.09402135599601454,-0.0941139697265786,-0.09393097945012162,4.575685178281423e-05,120,2000
recency-weighted-15y,emergencyPressure-low,weak-form-off-v-current,weak-form,weak-form-no-response,current-federal-court,persistence,averageLegislativeResponseDelay,additional-diagnostic,0.0,0.0,0.0,0.0,120,2000
recency-weighted-15y,emergencyPressure-high,emergency-base,emergency,reasoned-emergency-review,current-federal-court,base,emergencyReasonGivingRate,registered-component,0.85611393273749,0.8473253570353162,0.8644779887857555,0.004434018937539295,120,2000
recency-weighted-15y,emergencyPressure-high,emergency-base,emergency,reasoned-emergency-review,current-federal-court,base,meritsFollowUpRate,registered-component,1.0,1.0,1.0,0.0,120,2000
recency-weighted-15y,emergencyPressure-high,emergency-base,emergency,reasoned-emergency-review,current-federal-court,base,averageTimeToReview,registered-component,0.0,0.0,0.0,0.0,120,2000
recency-weighted-15y,emergencyPressure-high,emergency-base,emergency,reasoned-emergency-review,current-federal-court,base,totalInstitutionalCost,registered-component,0.011536484362168233,0.011410108960805607,0.011664182053404106,6.766276916748738e-05,120,2000
recency-weighted-15y,emergencyPressure-high,emergency-base,emergency,reasoned-emergency-review,current-federal-court,base,shadowDocketAbuse,registered-component,-0.8248095366673157,-0.8276809918432374,-0.8218478117917054,0.0015068368487595317,120,2000
recency-weighted-15y,emergencyPressure-high,emergency-base,emergency,reasoned-emergency-review,current-federal-court,base,institutionalDelayCost,additional-diagnostic,0.005913353925655413,0.005747679700012986,0.00607719921295698,8.67379881871542e-05,120,2000
recency-weighted-15y,emergencyPressure-high,screening-base,screening,constitutional-council,current-federal-court,base,directCourtCost,registered-diagnostic,0.13710860833333335,0.136982744375,0.137229426875,6.1603254506585e-05,120,2000
recency-weighted-15y,emergencyPressure-high,screening-base,screening,constitutional-council,current-federal-court,base,upstreamScreeningCost,registered-component,0.0010002499452517882,0.0009463076483810767,0.0010572233379224848,2.8436093624686603e-05,120,2000
recency-weighted-15y,emergencyPressure-high,screening-base,screening,constitutional-council,current-federal-court,base,capacityStrainCost,registered-diagnostic,0.07385152079683452,0.0733065179361889,0.07438519183914558,0.00027228880672706805,120,2000
recency-weighted-15y,emergencyPressure-high,screening-base,screening,constitutional-council,current-federal-court,base,totalInstitutionalCost,registered-diagnostic,0.085009938965619,0.08489279911898902,0.08512635291404534,5.959228113641822e-05,120,2000
recency-weighted-15y,emergencyPressure-high,screening-base,screening,constitutional-council,current-federal-court,base,intakeAcceptanceRate,registered-diagnostic,-0.00044389364062590654,-0.00046898427837756924,-0.0004200068168950798,1.2564507441659617e-05,120,2000
recency-weighted-15y,emergencyPressure-high,screening-base,screening,constitutional-council,current-federal-court,base,councilScreenRate,registered-component,1.0,1.0,1.0,0.0,120,2000
recency-weighted-15y,emergencyPressure-high,screening-base,screening,constitutional-council,current-federal-court,base,administrativeLoad,additional-diagnostic,0.26136354166666664,0.26054392187500003,0.26217054687499997,0.0004170690629580741,120,2000
recency-weighted-15y,emergencyPressure-high,weak-form-base,weak-form,weak-form-review,current-federal-court,base,legislativeResponseRate,registered-component,0.18708333333333332,0.1794791666666667,0.1948984375,0.004026711117976769,120,2000
recency-weighted-15y,emergencyPressure-high,weak-form-base,weak-form,weak-form-review,current-federal-court,base,legislativeResponseCredibility,registered-component,0.05384791666666662,0.05265203124999995,0.05493968749999994,0.0006002326217573924,120,2000
recency-weighted-15y,emergencyPressure-high,weak-form-base,weak-form,weak-form-review,current-federal-court,base,timelyLegislativeResponseRate,registered-component,0.011390397599762925,0.006801588558070756,0.01698919396307167,0.0026452448223819418,120,2000
recency-weighted-15y,emergencyPressure-high,weak-form-base,weak-form,weak-form-review,current-federal-court,base,rightsProtection,registered-component,0.05736860989785159,0.054663874871597205,0.06004958725260542,0.0013982410230091097,120,2000
recency-weighted-15y,emergencyPressure-high,weak-form-base,weak-form,weak-form-review,current-federal-court,base,complianceRate,registered-component,0.19229166666666667,0.17280729166666667,0.21271354166666664,0.010276916192089647,120,2000
recency-weighted-15y,emergencyPressure-high,weak-form-base,weak-form,weak-form-review,current-federal-court,base,democraticResponsiveness,registered-component,0.10486724817303004,0.10218109981780109,0.1075822583199275,0.0014329725574986428,120,2000
recency-weighted-15y,emergencyPressure-high,weak-form-base,weak-form,weak-form-review,current-federal-court,base,vetoRelocationRisk,registered-component,-0.2957974165463424,-0.29709837566397784,-0.2944861625980732,0.0006766149588609275,120,2000
recency-weighted-15y,emergencyPressure-high,weak-form-base,weak-form,weak-form-review,current-federal-court,base,totalInstitutionalCost,registered-diagnostic,-0.08446115257636344,-0.08465162647305718,-0.08428125369653525,9.385173335189496e-05,120,2000
recency-weighted-15y,emergencyPressure-high,weak-form-base,weak-form,weak-form-review,current-federal-court,base,averageLegislativeResponseDelay,additional-diagnostic,0.4350753355334462,0.43225396125999693,0.4379967977547923,0.0015013588179056251,120,2000
recency-weighted-15y,emergencyPressure-high,emergency-ablation,emergency,reasoned-with-fast-procedure,reasoned-emergency-review,ablation,emergencyReasonGivingRate,registered-component,-0.7025977640433151,-0.7133232199565879,-0.6914791093630889,0.005730347214313221,120,2000
recency-weighted-15y,emergencyPressure-high,emergency-ablation,emergency,reasoned-with-fast-procedure,reasoned-emergency-review,ablation,meritsFollowUpRate,registered-component,-1.0,-1.0,-1.0,0.0,120,2000
recency-weighted-15y,emergencyPressure-high,emergency-ablation,emergency,reasoned-with-fast-procedure,reasoned-emergency-review,ablation,averageTimeToReview,registered-component,0.0,0.0,0.0,0.0,120,2000
recency-weighted-15y,emergencyPressure-high,emergency-ablation,emergency,reasoned-with-fast-procedure,reasoned-emergency-review,ablation,totalInstitutionalCost,registered-component,-0.006177848440924104,-0.006302781269119136,-0.006056343573179529,6.491455468032113e-05,120,2000
recency-weighted-15y,emergencyPressure-high,emergency-ablation,emergency,reasoned-with-fast-procedure,reasoned-emergency-review,ablation,shadowDocketAbuse,registered-component,0.7932722571088443,0.7901360132931547,0.796424579174689,0.0015601222494370853,120,2000
recency-weighted-15y,emergencyPressure-high,emergency-ablation,emergency,reasoned-with-fast-procedure,reasoned-emergency-review,ablation,institutionalDelayCost,additional-diagnostic,-0.004226297470716354,-0.00438008970523147,-0.004068704118073137,8.155993220011424e-05,120,2000
recency-weighted-15y,emergencyPressure-high,screening-ablation,screening,council-with-full-court-structure,constitutional-council,ablation,directCourtCost,registered-diagnostic,-0.09723791666666665,-0.09737931854166662,-0.09710771979166664,6.819283457036543e-05,120,2000
recency-weighted-15y,emergencyPressure-high,screening-ablation,screening,council-with-full-court-structure,constitutional-council,ablation,upstreamScreeningCost,registered-component,-4.259722900456046e-05,-0.0001046384223078512,1.9007743268336557e-05,3.17529346495198e-05,120,2000
recency-weighted-15y,emergencyPressure-high,screening-ablation,screening,council-with-full-court-structure,constitutional-council,ablation,capacityStrainCost,registered-diagnostic,-0.04288089815266971,-0.04347769774176458,-0.04229447357725827,0.0003087561646114425,120,2000
recency-weighted-15y,emergencyPressure-high,screening-ablation,screening,council-with-full-court-structure,constitutional-council,ablation,totalInstitutionalCost,registered-diagnostic,-0.05022694227585884,-0.05035523653916664,-0.050096184496403996,6.736922807522972e-05,120,2000
recency-weighted-15y,emergencyPressure-high,screening-ablation,screening,council-with-full-court-structure,constitutional-council,ablation,intakeAcceptanceRate,registered-diagnostic,1.8811516679814242e-05,-8.069426604781689e-06,4.603441241135646e-05,1.4024653803263466e-05,120,2000
recency-weighted-15y,emergencyPressure-high,screening-ablation,screening,council-with-full-court-structure,constitutional-council,ablation,councilScreenRate,registered-component,-1.0,-1.0,-1.0,0.0,120,2000
recency-weighted-15y,emergencyPressure-high,screening-ablation,screening,council-with-full-court-structure,constitutional-council,ablation,administrativeLoad,additional-diagnostic,-0.23977083333333332,-0.240666890625,-0.23885095833333328,0.00046971689106286766,120,2000
recency-weighted-15y,emergencyPressure-high,weak-form-half,weak-form,weak-form-half-response,weak-form-review,ablation,legislativeResponseRate,registered-component,-0.0934375,-0.09927083333333334,-0.08760416666666666,0.0029621891420544572,120,2000
recency-weighted-15y,emergencyPressure-high,weak-form-half,weak-form,weak-form-half-response,weak-form-review,ablation,legislativeResponseCredibility,registered-component,-0.2926842856343671,-0.2934876210486623,-0.2918319376807103,0.0004324641841283482,120,2000
recency-weighted-15y,emergencyPressure-high,weak-form-half,weak-form,weak-form-half-response,weak-form-review,ablation,timelyLegislativeResponseRate,registered-component,-0.011390397599762925,-0.016989193963071674,-0.006801588558070757,0.0026452448223819418,120,2000
recency-weighted-15y,emergencyPressure-high,weak-form-half,weak-form,weak-form-half-response,weak-form-review,ablation,rightsProtection,registered-component,0.001216302292957817,2.7397516380280172e-05,0.0023896930430835966,0.0006103319073642353,120,2000
recency-weighted-15y,emergencyPressure-high,weak-form-half,weak-form,weak-form-half-response,weak-form-review,ablation,complianceRate,registered-component,-0.01,-0.03364583333333333,0.015520833333333336,0.01289094529459478,120,2000
recency-weighted-15y,emergencyPressure-high,weak-form-half,weak-form,weak-form-half-response,weak-form-review,ablation,democraticResponsiveness,registered-component,-0.011219880817935955,-0.012756227831084002,-0.009651458765278629,0.0007918821647026257,120,2000
recency-weighted-15y,emergencyPressure-high,weak-form-half,weak-form,weak-form-half-response,weak-form-review,ablation,vetoRelocationRisk,registered-component,0.014879145464510773,0.013897011523810026,0.015882527634568443,0.0005098610517128761,120,2000
recency-weighted-15y,emergencyPressure-high,weak-form-half,weak-form,weak-form-half-response,weak-form-review,ablation,totalInstitutionalCost,registered-diagnostic,-0.0009328966120282996,-0.0011247909743402412,-0.0007509490409580218,9.670446500204087e-05,120,2000
recency-weighted-15y,emergencyPressure-high,weak-form-half,weak-form,weak-form-half-response,weak-form-review,ablation,averageLegislativeResponseDelay,additional-diagnostic,0.07631646602286882,0.07161412213176956,0.08098526949825256,0.0024108194910635182,120,2000
recency-weighted-15y,emergencyPressure-high,weak-form-off,weak-form,weak-form-no-response,weak-form-review,ablation,legislativeResponseRate,registered-component,-0.18708333333333332,-0.1948984375,-0.1794791666666667,0.004026711117976769,120,2000
recency-weighted-15y,emergencyPressure-high,weak-form-off,weak-form,weak-form-no-response,weak-form-review,ablation,legislativeResponseCredibility,registered-component,-0.5851810712687341,-0.5863553738911002,-0.5839888001529344,0.0006325667090131663,120,2000
recency-weighted-15y,emergencyPressure-high,weak-form-off,weak-form,weak-form-no-response,weak-form-review,ablation,timelyLegislativeResponseRate,registered-component,-0.011390397599762925,-0.016989193963071674,-0.006801588558070757,0.0026452448223819418,120,2000
recency-weighted-15y,emergencyPressure-high,weak-form-off,weak-form,weak-form-no-response,weak-form-review,ablation,rightsProtection,registered-component,0.0030371177486187007,0.001778425800664066,0.004402927957486732,0.0006744895754322863,120,2000
recency-weighted-15y,emergencyPressure-high,weak-form-off,weak-form,weak-form-no-response,weak-form-review,ablation,complianceRate,registered-component,-0.01770833333333333,-0.041666666666666664,0.00740104166666664,0.012471591785226518,120,2000
recency-weighted-15y,emergencyPressure-high,weak-form-off,weak-form,weak-form-no-response,weak-form-review,ablation,democraticResponsiveness,registered-component,-0.02355240098115981,-0.025194792346032033,-0.021994673304202152,0.0008190177380112423,120,2000
recency-weighted-15y,emergencyPressure-high,weak-form-off,weak-form,weak-form-no-response,weak-form-review,ablation,vetoRelocationRisk,registered-component,0.02984996911258786,0.02861462787272249,0.031094327984231545,0.0006636513527641143,120,2000
recency-weighted-15y,emergencyPressure-high,weak-form-off,weak-form,weak-form-no-response,weak-form-review,ablation,totalInstitutionalCost,registered-diagnostic,-0.0017354266614406538,-0.0019474318271159995,-0.0015187139217026043,0.00011255791385614817,120,2000
recency-weighted-15y,emergencyPressure-high,weak-form-off,weak-form,weak-form-no-response,weak-form-review,ablation,averageLegislativeResponseDelay,additional-diagnostic,-0.4350753355334462,-0.4379967977547922,-0.43225396125999693,0.0015013588179056251,120,2000
recency-weighted-15y,emergencyPressure-high,weak-form-half-v-current,weak-form,weak-form-half-response,current-federal-court,persistence,legislativeResponseRate,registered-component,0.09364583333333334,0.08833333333333333,0.09885416666666667,0.002795068660640333,120,2000
recency-weighted-15y,emergencyPressure-high,weak-form-half-v-current,weak-form,weak-form-half-response,current-federal-court,persistence,legislativeResponseCredibility,registered-component,-0.23883636896770044,-0.23945175129431998,-0.23822960665190107,0.0003200997472217646,120,2000
recency-weighted-15y,emergencyPressure-high,weak-form-half-v-current,weak-form,weak-form-half-response,current-federal-court,persistence,timelyLegislativeResponseRate,registered-component,0.0,0.0,0.0,0.0,120,2000
recency-weighted-15y,emergencyPressure-high,weak-form-half-v-current,weak-form,weak-form-half-response,current-federal-court,persistence,rightsProtection,registered-component,0.058584912190809406,0.05615804467666831,0.06101916069394515,0.0012757463500034521,120,2000
recency-weighted-15y,emergencyPressure-high,weak-form-half-v-current,weak-form,weak-form-half-response,current-federal-court,persistence,complianceRate,registered-component,0.18229166666666666,0.16208333333333333,0.20427083333333332,0.011008319974461622,120,2000
recency-weighted-15y,emergencyPressure-high,weak-form-half-v-current,weak-form,weak-form-half-response,current-federal-court,persistence,democraticResponsiveness,registered-component,0.0936473673550941,0.09103341168357748,0.09626911205942365,0.0013881465266842685,120,2000
recency-weighted-15y,emergencyPressure-high,weak-form-half-v-current,weak-form,weak-form-half-response,current-federal-court,persistence,vetoRelocationRisk,registered-component,-0.2809182710818316,-0.281892093497984,-0.27989419058044035,0.0005124967059381925,120,2000
recency-weighted-15y,emergencyPressure-high,weak-form-half-v-current,weak-form,weak-form-half-response,current-federal-court,persistence,totalInstitutionalCost,registered-diagnostic,-0.08539404918839175,-0.08559559926951407,-0.08520383936602502,9.952221265326419e-05,120,2000
recency-weighted-15y,emergencyPressure-high,weak-form-half-v-current,weak-form,weak-form-half-response,current-federal-court,persistence,averageLegislativeResponseDelay,additional-diagnostic,0.511391801556315,0.5070322127472032,0.5157941251403203,0.002284164341030753,120,2000
recency-weighted-15y,emergencyPressure-high,weak-form-off-v-current,weak-form,weak-form-no-response,current-federal-court,persistence,legislativeResponseRate,registered-component,0.0,0.0,0.0,0.0,120,2000
recency-weighted-15y,emergencyPressure-high,weak-form-off-v-current,weak-form,weak-form-no-response,current-federal-court,persistence,legislativeResponseCredibility,registered-component,-0.5313331546020675,-0.5318355228918,-0.5308309351974645,0.0002566845694895035,120,2000
recency-weighted-15y,emergencyPressure-high,weak-form-off-v-current,weak-form,weak-form-no-response,current-federal-court,persistence,timelyLegislativeResponseRate,registered-component,0.0,0.0,0.0,0.0,120,2000
recency-weighted-15y,emergencyPressure-high,weak-form-off-v-current,weak-form,weak-form-no-response,current-federal-court,persistence,rightsProtection,registered-component,0.06040572764647029,0.05792024404611276,0.06292868483293584,0.00132587347003632,120,2000
recency-weighted-15y,emergencyPressure-high,weak-form-off-v-current,weak-form,weak-form-no-response,current-federal-court,persistence,complianceRate,registered-component,0.17458333333333334,0.15458072916666668,0.19438020833333328,0.01002004002724169,120,2000
recency-weighted-15y,emergencyPressure-high,weak-form-off-v-current,weak-form,weak-form-no-response,current-federal-court,persistence,democraticResponsiveness,registered-component,0.08131484719187025,0.07851728391529454,0.08397726923116586,0.0015209598942838814,120,2000
recency-weighted-15y,emergencyPressure-high,weak-form-off-v-current,weak-form,weak-form-no-response,current-federal-court,persistence,vetoRelocationRisk,registered-component,-0.26594744743375454,-0.2664622603736189,-0.2654704864644831,0.00026363372675814963,120,2000
recency-weighted-15y,emergencyPressure-high,weak-form-off-v-current,weak-form,weak-form-no-response,current-federal-court,persistence,totalInstitutionalCost,registered-diagnostic,-0.0861965792378041,-0.08640388115216728,-0.08599762719349331,0.00010821989083582892,120,2000
recency-weighted-15y,emergencyPressure-high,weak-form-off-v-current,weak-form,weak-form-no-response,current-federal-court,persistence,averageLegislativeResponseDelay,additional-diagnostic,0.0,0.0,0.0,0.0,120,2000
recency-weighted-15y,rightsThreatRate-low,emergency-base,emergency,reasoned-emergency-review,current-federal-court,base,emergencyReasonGivingRate,registered-component,0.8526098810435122,0.8207024892816246,0.8818647331001409,0.01570274917953026,120,2000
recency-weighted-15y,rightsThreatRate-low,emergency-base,emergency,reasoned-emergency-review,current-federal-court,base,meritsFollowUpRate,registered-component,1.0,1.0,1.0,0.0,120,2000
recency-weighted-15y,rightsThreatRate-low,emergency-base,emergency,reasoned-emergency-review,current-federal-court,base,averageTimeToReview,registered-component,0.0,0.0,0.0,0.0,120,2000
recency-weighted-15y,rightsThreatRate-low,emergency-base,emergency,reasoned-emergency-review,current-federal-court,base,totalInstitutionalCost,registered-component,0.009735284182257168,0.009598917786815871,0.009871840306132149,7.412818157516546e-05,120,2000
recency-weighted-15y,rightsThreatRate-low,emergency-base,emergency,reasoned-emergency-review,current-federal-court,base,shadowDocketAbuse,registered-component,-0.30785255149025825,-0.3158346212724437,-0.3002848355733378,0.004130231439487581,120,2000
recency-weighted-15y,rightsThreatRate-low,emergency-base,emergency,reasoned-emergency-review,current-federal-court,base,institutionalDelayCost,additional-diagnostic,0.008386683960125426,0.00819571613047158,0.008569845386085961,0.00010067401821531866,120,2000
recency-weighted-15y,rightsThreatRate-low,screening-base,screening,constitutional-council,current-federal-court,base,directCourtCost,registered-diagnostic,0.13593206666666668,0.13580545104166666,0.1360641070833333,6.705172836234138e-05,120,2000
recency-weighted-15y,rightsThreatRate-low,screening-base,screening,constitutional-council,current-federal-court,base,upstreamScreeningCost,registered-component,0.0020368049770861456,0.0019675024512539343,0.0021076834517657727,3.6552544082763914e-05,120,2000
recency-weighted-15y,rightsThreatRate-low,screening-base,screening,constitutional-council,current-federal-court,base,capacityStrainCost,registered-diagnostic,0.06400361998472413,0.06334418101205837,0.06465267093948548,0.00034326233229490795,120,2000
recency-weighted-15y,rightsThreatRate-low,screening-base,screening,constitutional-council,current-federal-court,base,totalInstitutionalCost,registered-diagnostic,0.08302079533917545,0.0828800959985464,0.08316254716723906,7.365041843098013e-05,120,2000
recency-weighted-15y,rightsThreatRate-low,screening-base,screening,constitutional-council,current-federal-court,base,intakeAcceptanceRate,registered-diagnostic,-0.0007579378100387841,-0.0007846252483063861,-0.0007315138656734197,1.397517450130134e-05,120,2000
recency-weighted-15y,rightsThreatRate-low,screening-base,screening,constitutional-council,current-federal-court,base,councilScreenRate,registered-component,1.0,1.0,1.0,0.0,120,2000
recency-weighted-15y,rightsThreatRate-low,screening-base,screening,constitutional-council,current-federal-court,base,administrativeLoad,additional-diagnostic,0.2475708333333334,0.24657543750000008,0.24857300520833342,0.000515785137329316,120,2000
recency-weighted-15y,rightsThreatRate-low,weak-form-base,weak-form,weak-form-review,current-federal-court,base,legislativeResponseRate,registered-component,0.1825,0.17489583333333333,0.1908359375,0.004089980583874523,120,2000
recency-weighted-15y,rightsThreatRate-low,weak-form-base,weak-form,weak-form-review,current-federal-court,base,legislativeResponseCredibility,registered-component,0.0489416666666666,0.04781031249999991,0.050089583333333264,0.0005813747632231667,120,2000
recency-weighted-15y,rightsThreatRate-low,weak-form-base,weak-form,weak-form-review,current-federal-court,base,timelyLegislativeResponseRate,registered-component,0.07978629030641414,0.0668531455290066,0.09290568661787701,0.006643552526682734,120,2000
recency-weighted-15y,rightsThreatRate-low,weak-form-base,weak-form,weak-form-review,current-federal-court,base,rightsProtection,registered-component,0.028655435367655826,0.026769338605369414,0.030472303903838642,0.0009901007540401572,120,2000
recency-weighted-15y,rightsThreatRate-low,weak-form-base,weak-form,weak-form-review,current-federal-court,base,complianceRate,registered-component,0.33395833333333336,0.31510156250000004,0.3516692708333333,0.009208884668590567,120,2000
recency-weighted-15y,rightsThreatRate-low,weak-form-base,weak-form,weak-form-review,current-federal-court,base,democraticResponsiveness,registered-component,0.06220840902099825,0.05996650616596004,0.06448582576722882,0.0012103630625403974,120,2000
recency-weighted-15y,rightsThreatRate-low,weak-form-base,weak-form,weak-form-review,current-federal-court,base,vetoRelocationRisk,registered-component,-0.32437085793101983,-0.32563404800136914,-0.3230931226351348,0.000655444566072666,120,2000
recency-weighted-15y,rightsThreatRate-low,weak-form-base,weak-form,weak-form-review,current-federal-court,base,totalInstitutionalCost,registered-diagnostic,-0.09428226434214443,-0.09448612064350932,-0.09407766439080471,0.00010445867521652071,120,2000
recency-weighted-15y,rightsThreatRate-low,weak-form-base,weak-form,weak-form-review,current-federal-court,base,averageLegislativeResponseDelay,additional-diagnostic,0.41427819190385456,0.4115487306318561,0.4169687545910296,0.0013872859819523782,120,2000
recency-weighted-15y,rightsThreatRate-low,emergency-ablation,emergency,reasoned-with-fast-procedure,reasoned-emergency-review,ablation,emergencyReasonGivingRate,registered-component,-0.6992324638757595,-0.7290911259110398,-0.6671586595412178,0.016078746351788017,120,2000
recency-weighted-15y,rightsThreatRate-low,emergency-ablation,emergency,reasoned-with-fast-procedure,reasoned-emergency-review,ablation,meritsFollowUpRate,registered-component,-1.0,-1.0,-1.0,0.0,120,2000
recency-weighted-15y,rightsThreatRate-low,emergency-ablation,emergency,reasoned-with-fast-procedure,reasoned-emergency-review,ablation,averageTimeToReview,registered-component,0.0,0.0,0.0,0.0,120,2000
recency-weighted-15y,rightsThreatRate-low,emergency-ablation,emergency,reasoned-with-fast-procedure,reasoned-emergency-review,ablation,totalInstitutionalCost,registered-component,-0.004422028180005286,-0.0045794620585373385,-0.004276799418770199,7.63159918246694e-05,120,2000
recency-weighted-15y,rightsThreatRate-low,emergency-ablation,emergency,reasoned-with-fast-procedure,reasoned-emergency-review,ablation,shadowDocketAbuse,registered-component,0.29007935107714505,0.2829898416212504,0.29733111394701606,0.0037638797258822488,120,2000
recency-weighted-15y,rightsThreatRate-low,emergency-ablation,emergency,reasoned-with-fast-procedure,reasoned-emergency-review,ablation,institutionalDelayCost,additional-diagnostic,-0.006654289812929713,-0.006849603851237081,-0.00645202289711316,0.0001002266222226031,120,2000
recency-weighted-15y,rightsThreatRate-low,screening-ablation,screening,council-with-full-court-structure,constitutional-council,ablation,directCourtCost,registered-diagnostic,-0.09729119999999997,-0.09742530583333331,-0.09715050999999997,7.070642505046777e-05,120,2000
recency-weighted-15y,rightsThreatRate-low,screening-ablation,screening,council-with-full-court-structure,constitutional-council,ablation,upstreamScreeningCost,registered-component,3.7538637976932315e-05,-2.6537215109756508e-05,0.00010131256646770191,3.25886233870476e-05,120,2000
recency-weighted-15y,rightsThreatRate-low,screening-ablation,screening,council-with-full-court-structure,constitutional-council,ablation,capacityStrainCost,registered-diagnostic,-0.04364342424134871,-0.044266696240973326,-0.04300468812415675,0.0003249868494834488,120,2000
recency-weighted-15y,rightsThreatRate-low,screening-ablation,screening,council-with-full-court-structure,constitutional-council,ablation,totalInstitutionalCost,registered-diagnostic,-0.05036772284768857,-0.050503183114968375,-0.05022517213374955,7.069653399728566e-05,120,2000
recency-weighted-15y,rightsThreatRate-low,screening-ablation,screening,council-with-full-court-structure,constitutional-council,ablation,intakeAcceptanceRate,registered-diagnostic,-1.3237169550905636e-05,-3.6201858161472054e-05,9.938484848231578e-06,1.1758376650650791e-05,120,2000
recency-weighted-15y,rightsThreatRate-low,screening-ablation,screening,council-with-full-court-structure,constitutional-council,ablation,councilScreenRate,registered-component,-1.0,-1.0,-1.0,0.0,120,2000
recency-weighted-15y,rightsThreatRate-low,screening-ablation,screening,council-with-full-court-structure,constitutional-council,ablation,administrativeLoad,additional-diagnostic,-0.2407275000000001,-0.24166835416666677,-0.2397362239583334,0.000491955542302596,120,2000
recency-weighted-15y,rightsThreatRate-low,weak-form-half,weak-form,weak-form-half-response,weak-form-review,ablation,legislativeResponseRate,registered-component,-0.08791666666666667,-0.09479166666666666,-0.08135416666666666,0.003376385146473903,120,2000
recency-weighted-15y,rightsThreatRate-low,weak-form-half,weak-form,weak-form-half-response,weak-form-review,ablation,legislativeResponseCredibility,registered-component,-0.2985939375480269,-0.2996401646686548,-0.2975969586849648,0.0005198074820414638,120,2000
recency-weighted-15y,rightsThreatRate-low,weak-form-half,weak-form,weak-form-half-response,weak-form-review,ablation,timelyLegislativeResponseRate,registered-component,-0.07978629030641414,-0.09290568661787701,-0.06685314552900662,0.006643552526682734,120,2000
recency-weighted-15y,rightsThreatRate-low,weak-form-half,weak-form,weak-form-half-response,weak-form-review,ablation,rightsProtection,registered-component,-0.0074785967864584866,-0.008401531684103588,-0.006507939046874226,0.0004801731830999524,120,2000
recency-weighted-15y,rightsThreatRate-low,weak-form-half,weak-form,weak-form-half-response,weak-form-review,ablation,complianceRate,registered-component,0.013645833333333334,0.0003098958333333306,0.02698177083333332,0.0069038195184799095,120,2000
recency-weighted-15y,rightsThreatRate-low,weak-form-half,weak-form,weak-form-half-response,weak-form-review,ablation,democraticResponsiveness,registered-component,-0.013930159432227364,-0.015005246796869506,-0.012814079494791119,0.000564429428452151,120,2000
recency-weighted-15y,rightsThreatRate-low,weak-form-half,weak-form,weak-form-half-response,weak-form-review,ablation,vetoRelocationRisk,registered-component,0.014098663999425975,0.012984143709990148,0.015187385950209076,0.000559589239250951,120,2000
recency-weighted-15y,rightsThreatRate-low,weak-form-half,weak-form,weak-form-half-response,weak-form-review,ablation,totalInstitutionalCost,registered-diagnostic,-0.0007913321362273911,-0.0009939978166113336,-0.0005921928601721512,0.0001039949042322613,120,2000
recency-weighted-15y,rightsThreatRate-low,weak-form-half,weak-form,weak-form-half-response,weak-form-review,ablation,averageLegislativeResponseDelay,additional-diagnostic,0.0831989677781042,0.07862251869438705,0.08789173935541053,0.0024130530021675718,120,2000
recency-weighted-15y,rightsThreatRate-low,weak-form-off,weak-form,weak-form-no-response,weak-form-review,ablation,legislativeResponseRate,registered-component,-0.1825,-0.19083593750000002,-0.17489583333333333,0.004089980583874523,120,2000
recency-weighted-15y,rightsThreatRate-low,weak-form-off,weak-form,weak-form-no-response,weak-form-review,ablation,legislativeResponseCredibility,registered-component,-0.5974878750960537,-0.5989175670690459,-0.5960887944685784,0.0007185598962760224,120,2000
recency-weighted-15y,rightsThreatRate-low,weak-form-off,weak-form,weak-form-no-response,weak-form-review,ablation,timelyLegislativeResponseRate,registered-component,-0.07978629030641414,-0.09290568661787701,-0.06685314552900662,0.006643552526682734,120,2000
recency-weighted-15y,rightsThreatRate-low,weak-form-off,weak-form,weak-form-no-response,weak-form-review,ablation,rightsProtection,registered-component,-0.012862171190632592,-0.013912127747642217,-0.011767557591660554,0.0005623631237049026,120,2000
recency-weighted-15y,rightsThreatRate-low,weak-form-off,weak-form,weak-form-no-response,weak-form-review,ablation,complianceRate,registered-component,-0.0005208333333333352,-0.014062499999999997,0.01385416666666666,0.0071489318604155555,120,2000
recency-weighted-15y,rightsThreatRate-low,weak-form-off,weak-form,weak-form-no-response,weak-form-review,ablation,democraticResponsiveness,registered-component,-0.02837408688673945,-0.02969256853337902,-0.027024137214705174,0.0006779780577297898,120,2000
recency-weighted-15y,rightsThreatRate-low,weak-form-off,weak-form,weak-form-no-response,weak-form-review,ablation,vetoRelocationRisk,registered-component,0.02924340330014514,0.027940229868922764,0.030553935558795903,0.000672775608152549,120,2000
recency-weighted-15y,rightsThreatRate-low,weak-form-off,weak-form,weak-form-no-response,weak-form-review,ablation,totalInstitutionalCost,registered-diagnostic,-0.0016908380554844444,-0.0019238459603816607,-0.0014623517761696053,0.00011702175697973333,120,2000
recency-weighted-15y,rightsThreatRate-low,weak-form-off,weak-form,weak-form-no-response,weak-form-review,ablation,averageLegislativeResponseDelay,additional-diagnostic,-0.41427819190385456,-0.4169687545910296,-0.4115487306318561,0.0013872859819523782,120,2000
recency-weighted-15y,rightsThreatRate-low,weak-form-half-v-current,weak-form,weak-form-half-response,current-federal-court,persistence,legislativeResponseRate,registered-component,0.09458333333333332,0.08791666666666667,0.10114583333333334,0.0032770546686906677,120,2000
recency-weighted-15y,rightsThreatRate-low,weak-form-half-v-current,weak-form,weak-form-half-response,current-federal-court,persistence,legislativeResponseCredibility,registered-component,-0.24965227088136027,-0.2503316170981903,-0.24899014678755232,0.0003482801357138285,120,2000
recency-weighted-15y,rightsThreatRate-low,weak-form-half-v-current,weak-form,weak-form-half-response,current-federal-court,persistence,timelyLegislativeResponseRate,registered-component,0.0,0.0,0.0,0.0,120,2000
recency-weighted-15y,rightsThreatRate-low,weak-form-half-v-current,weak-form,weak-form-half-response,current-federal-court,persistence,rightsProtection,registered-component,0.02117683858119734,0.019435578539523112,0.022957651622412235,0.00093951373781214,120,2000
recency-weighted-15y,rightsThreatRate-low,weak-form-half-v-current,weak-form,weak-form-half-response,current-federal-court,persistence,complianceRate,registered-component,0.34760416666666666,0.329265625,0.3657317708333334,0.009129063877368669,120,2000
recency-weighted-15y,rightsThreatRate-low,weak-form-half-v-current,weak-form,weak-form-half-response,current-federal-court,persistence,democraticResponsiveness,registered-component,0.04827824958877089,0.04627204799524022,0.05032958987651546,0.0010841859486381178,120,2000
recency-weighted-15y,rightsThreatRate-low,weak-form-half-v-current,weak-form,weak-form-half-response,current-federal-court,persistence,vetoRelocationRisk,registered-component,-0.3102721939315939,-0.3113031042614696,-0.3091857224566784,0.0005252509508025417,120,2000
recency-weighted-15y,rightsThreatRate-low,weak-form-half-v-current,weak-form,weak-form-half-response,current-federal-court,persistence,totalInstitutionalCost,registered-diagnostic,-0.09507359647837182,-0.09527573952143725,-0.0948726969479537,0.00010404661948078354,120,2000
recency-weighted-15y,rightsThreatRate-low,weak-form-half-v-current,weak-form,weak-form-half-response,current-federal-court,persistence,averageLegislativeResponseDelay,additional-diagnostic,0.49747715968195877,0.49368278656370124,0.5014185602034203,0.001981907051430732,120,2000
recency-weighted-15y,rightsThreatRate-low,weak-form-off-v-current,weak-form,weak-form-no-response,current-federal-court,persistence,legislativeResponseRate,registered-component,0.0,0.0,0.0,0.0,120,2000
recency-weighted-15y,rightsThreatRate-low,weak-form-off-v-current,weak-form,weak-form-no-response,current-federal-court,persistence,legislativeResponseCredibility,registered-component,-0.5485462084293872,-0.5492432517419621,-0.547815278846949,0.00037453715099598653,120,2000
recency-weighted-15y,rightsThreatRate-low,weak-form-off-v-current,weak-form,weak-form-no-response,current-federal-court,persistence,timelyLegislativeResponseRate,registered-component,0.0,0.0,0.0,0.0,120,2000
recency-weighted-15y,rightsThreatRate-low,weak-form-off-v-current,weak-form,weak-form-no-response,current-federal-court,persistence,rightsProtection,registered-component,0.015793264177023238,0.013850205274485456,0.017763303443214692,0.0010518048385426185,120,2000
recency-weighted-15y,rightsThreatRate-low,weak-form-off-v-current,weak-form,weak-form-no-response,current-federal-court,persistence,complianceRate,registered-component,0.3334375,0.3163463541666667,0.35135677083333333,0.009015531965122505,120,2000
recency-weighted-15y,rightsThreatRate-low,weak-form-off-v-current,weak-form,weak-form-no-response,current-federal-court,persistence,democraticResponsiveness,registered-component,0.033834322134258805,0.03180838525694557,0.03595827912592544,0.0011393915866361156,120,2000
recency-weighted-15y,rightsThreatRate-low,weak-form-off-v-current,weak-form,weak-form-no-response,current-federal-court,persistence,vetoRelocationRisk,registered-component,-0.29512745463087475,-0.2956081037364546,-0.294633511397747,0.00025198493011002304,120,2000
recency-weighted-15y,rightsThreatRate-low,weak-form-off-v-current,weak-form,weak-form-no-response,current-federal-court,persistence,totalInstitutionalCost,registered-diagnostic,-0.09597310239762888,-0.09614578205385978,-0.09581119832421313,8.81925871120598e-05,120,2000
recency-weighted-15y,rightsThreatRate-low,weak-form-off-v-current,weak-form,weak-form-no-response,current-federal-court,persistence,averageLegislativeResponseDelay,additional-diagnostic,0.0,0.0,0.0,0.0,120,2000
recency-weighted-15y,rightsThreatRate-high,emergency-base,emergency,reasoned-emergency-review,current-federal-court,base,emergencyReasonGivingRate,registered-component,0.8599530984175598,0.837873939126728,0.8807735841837762,0.010998296723283889,120,2000
recency-weighted-15y,rightsThreatRate-high,emergency-base,emergency,reasoned-emergency-review,current-federal-court,base,meritsFollowUpRate,registered-component,1.0,1.0,1.0,0.0,120,2000
recency-weighted-15y,rightsThreatRate-high,emergency-base,emergency,reasoned-emergency-review,current-federal-court,base,averageTimeToReview,registered-component,0.0,0.0,0.0,0.0,120,2000
recency-weighted-15y,rightsThreatRate-high,emergency-base,emergency,reasoned-emergency-review,current-federal-court,base,totalInstitutionalCost,registered-component,0.009609733731519283,0.009454735901058775,0.009759714099153412,7.811661270975931e-05,120,2000
recency-weighted-15y,rightsThreatRate-high,emergency-base,emergency,reasoned-emergency-review,current-federal-court,base,shadowDocketAbuse,registered-component,-0.3555644669171572,-0.364550527274776,-0.3468202118469882,0.004596848719115068,120,2000
recency-weighted-15y,rightsThreatRate-high,emergency-base,emergency,reasoned-emergency-review,current-federal-court,base,institutionalDelayCost,additional-diagnostic,0.008389353139316122,0.008190078821439786,0.008600461904561535,0.00010643377355787788,120,2000
recency-weighted-15y,rightsThreatRate-high,screening-base,screening,constitutional-council,current-federal-court,base,directCourtCost,registered-diagnostic,0.13584312500000004,0.13571133791666667,0.13597862125000004,6.904307120213053e-05,120,2000
recency-weighted-15y,rightsThreatRate-high,screening-base,screening,constitutional-council,current-federal-court,base,upstreamScreeningCost,registered-component,0.001935487560025213,0.00186535718021371,0.002001328653818461,3.602521583162206e-05,120,2000
recency-weighted-15y,rightsThreatRate-high,screening-base,screening,constitutional-council,current-federal-court,base,capacityStrainCost,registered-diagnostic,0.06340836254001682,0.06274278652893298,0.06413024321132713,0.00037079469889942285,120,2000
recency-weighted-15y,rightsThreatRate-high,screening-base,screening,constitutional-council,current-federal-court,base,totalInstitutionalCost,registered-diagnostic,0.0828494163189901,0.08270305546362179,0.08300595762500006,7.952508627506364e-05,120,2000
recency-weighted-15y,rightsThreatRate-high,screening-base,screening,constitutional-council,current-federal-court,base,intakeAcceptanceRate,registered-diagnostic,-0.0007476667704835806,-0.0007735759710923544,-0.0007201549670551146,1.4154293349943556e-05,120,2000
recency-weighted-15y,rightsThreatRate-high,screening-base,screening,constitutional-council,current-federal-court,base,councilScreenRate,registered-component,1.0,1.0,1.0,0.0,120,2000
recency-weighted-15y,rightsThreatRate-high,screening-base,screening,constitutional-council,current-federal-court,base,administrativeLoad,additional-diagnostic,0.24679187500000005,0.2458111197916667,0.24787959895833342,0.0005465341094404468,120,2000
recency-weighted-15y,rightsThreatRate-high,weak-form-base,weak-form,weak-form-review,current-federal-court,base,legislativeResponseRate,registered-component,0.5315625,0.520625,0.5427083333333333,0.005623273349995312,120,2000
recency-weighted-15y,rightsThreatRate-high,weak-form-base,weak-form,weak-form-review,current-federal-court,base,legislativeResponseCredibility,registered-component,0.0886916666666666,0.08699989583333327,0.0903791666666666,0.0008584047181433269,120,2000
recency-weighted-15y,rightsThreatRate-high,weak-form-base,weak-form,weak-form-review,current-federal-court,base,timelyLegislativeResponseRate,registered-component,0.03659135463445599,0.031228777820567818,0.04175727873381931,0.0026888138570488923,120,2000
recency-weighted-15y,rightsThreatRate-high,weak-form-base,weak-form,weak-form-review,current-federal-court,base,rightsProtection,registered-component,0.005558819338557717,0.003868536135536681,0.007194532903424657,0.0008376828512380472,120,2000
recency-weighted-15y,rightsThreatRate-high,weak-form-base,weak-form,weak-form-review,current-federal-court,base,complianceRate,registered-component,0.3909375,0.37583072916666665,0.40562499999999996,0.007949808769479207,120,2000
recency-weighted-15y,rightsThreatRate-high,weak-form-base,weak-form,weak-form-review,current-federal-court,base,democraticResponsiveness,registered-component,0.09812237831526763,0.09530977743603267,0.10076863115931073,0.001380100207017697,120,2000
recency-weighted-15y,rightsThreatRate-high,weak-form-base,weak-form,weak-form-review,current-federal-court,base,vetoRelocationRisk,registered-component,-0.3789396012046359,-0.3807331851608901,-0.3771504009031805,0.0009183693962127423,120,2000
recency-weighted-15y,rightsThreatRate-high,weak-form-base,weak-form,weak-form-review,current-federal-court,base,totalInstitutionalCost,registered-diagnostic,-0.09007308715541912,-0.09031414634716045,-0.08983091926165016,0.0001253078314428415,120,2000
recency-weighted-15y,rightsThreatRate-high,weak-form-base,weak-form,weak-form-review,current-federal-court,base,averageLegislativeResponseDelay,additional-diagnostic,0.42175860938977344,0.4201908073302216,0.42343024611730257,0.0008436370862978307,120,2000
recency-weighted-15y,rightsThreatRate-high,emergency-ablation,emergency,reasoned-with-fast-procedure,reasoned-emergency-review,ablation,emergencyReasonGivingRate,registered-component,-0.7019613979055124,-0.7260051060613634,-0.6764905929156537,0.012729507495926334,120,2000
recency-weighted-15y,rightsThreatRate-high,emergency-ablation,emergency,reasoned-with-fast-procedure,reasoned-emergency-review,ablation,meritsFollowUpRate,registered-component,-1.0,-1.0,-1.0,0.0,120,2000
recency-weighted-15y,rightsThreatRate-high,emergency-ablation,emergency,reasoned-with-fast-procedure,reasoned-emergency-review,ablation,averageTimeToReview,registered-component,0.0,0.0,0.0,0.0,120,2000
recency-weighted-15y,rightsThreatRate-high,emergency-ablation,emergency,reasoned-with-fast-procedure,reasoned-emergency-review,ablation,totalInstitutionalCost,registered-component,-0.004298539445719237,-0.004444625918709689,-0.004156476060594816,7.622569981942596e-05,120,2000
recency-weighted-15y,rightsThreatRate-high,emergency-ablation,emergency,reasoned-with-fast-procedure,reasoned-emergency-review,ablation,shadowDocketAbuse,registered-component,0.3404967798570443,0.33208944369721877,0.34910617496652846,0.004465189661361028,120,2000
recency-weighted-15y,rightsThreatRate-high,emergency-ablation,emergency,reasoned-with-fast-procedure,reasoned-emergency-review,ablation,institutionalDelayCost,additional-diagnostic,-0.006690661662433145,-0.006882572967064925,-0.006489114389570002,0.0001046129322388969,120,2000
recency-weighted-15y,rightsThreatRate-high,screening-ablation,screening,council-with-full-court-structure,constitutional-council,ablation,directCourtCost,registered-diagnostic,-0.09715492499999998,-0.09728647541666664,-0.0970178220833333,7.070340084540758e-05,120,2000
recency-weighted-15y,rightsThreatRate-high,screening-ablation,screening,council-with-full-court-structure,constitutional-council,ablation,upstreamScreeningCost,registered-component,-1.9365587400912062e-05,-7.308040046921008e-05,3.571743593570003e-05,2.8086516966153993e-05,120,2000
recency-weighted-15y,rightsThreatRate-high,screening-ablation,screening,council-with-full-court-structure,constitutional-council,ablation,capacityStrainCost,registered-diagnostic,-0.04297902289160061,-0.04355072762630737,-0.042418157724466714,0.0002944625914999981,120,2000
recency-weighted-15y,rightsThreatRate-high,screening-ablation,screening,council-with-full-court-structure,constitutional-council,ablation,totalInstitutionalCost,registered-diagnostic,-0.05020998490226456,-0.05033798282163815,-0.05008373600039823,6.608209833876281e-05,120,2000
recency-weighted-15y,rightsThreatRate-high,screening-ablation,screening,council-with-full-court-structure,constitutional-council,ablation,intakeAcceptanceRate,registered-diagnostic,7.470289760928058e-06,-1.3294088207950218e-05,2.7306957543914242e-05,1.0532745123098215e-05,120,2000
recency-weighted-15y,rightsThreatRate-high,screening-ablation,screening,council-with-full-court-structure,constitutional-council,ablation,councilScreenRate,registered-component,-1.0,-1.0,-1.0,0.0,120,2000
recency-weighted-15y,rightsThreatRate-high,screening-ablation,screening,council-with-full-court-structure,constitutional-council,ablation,administrativeLoad,additional-diagnostic,-0.23963812500000006,-0.2405350833333334,-0.23875706770833338,0.00045782336944917465,120,2000
recency-weighted-15y,rightsThreatRate-high,weak-form-half,weak-form,weak-form-half-response,weak-form-review,ablation,legislativeResponseRate,registered-component,-0.2615625,-0.27239583333333334,-0.25083333333333335,0.005471794120748692,120,2000
recency-weighted-15y,rightsThreatRate-high,weak-form-half,weak-form,weak-form-half-response,weak-form-review,ablation,legislativeResponseCredibility,registered-component,-0.32011386287425536,-0.32151458090926,-0.3187080212161275,0.000734864882011197,120,2000
recency-weighted-15y,rightsThreatRate-high,weak-form-half,weak-form,weak-form-half-response,weak-form-review,ablation,timelyLegislativeResponseRate,registered-component,-0.03659135463445599,-0.04175727873381932,-0.031228777820567825,0.0026888138570488923,120,2000
recency-weighted-15y,rightsThreatRate-high,weak-form-half,weak-form,weak-form-half-response,weak-form-review,ablation,rightsProtection,registered-component,-0.017529937914604176,-0.018627298695073874,-0.016427434917711432,0.0005698153925321545,120,2000
recency-weighted-15y,rightsThreatRate-high,weak-form-half,weak-form,weak-form-half-response,weak-form-review,ablation,complianceRate,registered-component,-0.03291666666666667,-0.05041666666666667,-0.01583333333333333,0.009148983453146969,120,2000
recency-weighted-15y,rightsThreatRate-high,weak-form-half,weak-form,weak-form-half-response,weak-form-review,ablation,democraticResponsiveness,registered-component,-0.03777302515968999,-0.03982787778491975,-0.03584067152348742,0.0010208941043396446,120,2000
recency-weighted-15y,rightsThreatRate-high,weak-form-half,weak-form,weak-form-half-response,weak-form-review,ablation,vetoRelocationRisk,registered-component,0.0414292817613584,0.03964994590806527,0.043232198914922554,0.0009108861064887991,120,2000
recency-weighted-15y,rightsThreatRate-high,weak-form-half,weak-form,weak-form-half-response,weak-form-review,ablation,totalInstitutionalCost,registered-diagnostic,-0.0026434959136300753,-0.002848663320999845,-0.0024363790437513153,0.00010835395468593202,120,2000
recency-weighted-15y,rightsThreatRate-high,weak-form-half,weak-form,weak-form-half-response,weak-form-review,ablation,averageLegislativeResponseDelay,additional-diagnostic,0.07785572224362818,0.07506575530343654,0.08070628065601038,0.0014322692600183587,120,2000
recency-weighted-15y,rightsThreatRate-high,weak-form-off,weak-form,weak-form-no-response,weak-form-review,ablation,legislativeResponseRate,registered-component,-0.5315625,-0.5427083333333333,-0.520625,0.005623273349995312,120,2000
recency-weighted-15y,rightsThreatRate-high,weak-form-off,weak-form,weak-form-no-response,weak-form-review,ablation,legislativeResponseCredibility,registered-component,-0.6397402257485106,-0.6415966771289536,-0.6378502575797578,0.0009606903541532,120,2000
recency-weighted-15y,rightsThreatRate-high,weak-form-off,weak-form,weak-form-no-response,weak-form-review,ablation,timelyLegislativeResponseRate,registered-component,-0.03659135463445599,-0.04175727873381932,-0.031228777820567825,0.0026888138570488923,120,2000
recency-weighted-15y,rightsThreatRate-high,weak-form-off,weak-form,weak-form-no-response,weak-form-review,ablation,rightsProtection,registered-component,-0.03139605421135016,-0.032534289811190706,-0.030200455007954784,0.0005933184123857421,120,2000
recency-weighted-15y,rightsThreatRate-high,weak-form-off,weak-form,weak-form-no-response,weak-form-review,ablation,complianceRate,registered-component,-0.05322916666666667,-0.07510677083333335,-0.03208333333333334,0.011068699236824749,120,2000
recency-weighted-15y,rightsThreatRate-high,weak-form-off,weak-form,weak-form-no-response,weak-form-review,ablation,democraticResponsiveness,registered-component,-0.07723430187958433,-0.07919942625563549,-0.07528849331261347,0.0010018909033350943,120,2000
recency-weighted-15y,rightsThreatRate-high,weak-form-off,weak-form,weak-form-no-response,weak-form-review,ablation,vetoRelocationRisk,registered-component,0.08461468538126746,0.08291580632576091,0.0864100499639243,0.0009014229802562723,120,2000
recency-weighted-15y,rightsThreatRate-high,weak-form-off,weak-form,weak-form-no-response,weak-form-review,ablation,totalInstitutionalCost,registered-diagnostic,-0.005096375663120112,-0.005336271024062971,-0.004852240747055406,0.00012395042050212125,120,2000
recency-weighted-15y,rightsThreatRate-high,weak-form-off,weak-form,weak-form-no-response,weak-form-review,ablation,averageLegislativeResponseDelay,additional-diagnostic,-0.42175860938977344,-0.42343024611730257,-0.4201908073302216,0.0008436370862978307,120,2000
recency-weighted-15y,rightsThreatRate-high,weak-form-half-v-current,weak-form,weak-form-half-response,current-federal-court,persistence,legislativeResponseRate,registered-component,0.26999999999999996,0.2621848958333333,0.2783333333333333,0.004108664923181299,120,2000
recency-weighted-15y,rightsThreatRate-high,weak-form-half-v-current,weak-form,weak-form-half-response,current-federal-court,persistence,legislativeResponseCredibility,registered-component,-0.23142219620758872,-0.23227730238077585,-0.23057638455599716,0.0004416758963650252,120,2000
recency-weighted-15y,rightsThreatRate-high,weak-form-half-v-current,weak-form,weak-form-half-response,current-federal-court,persistence,timelyLegislativeResponseRate,registered-component,0.0,0.0,0.0,0.0,120,2000
recency-weighted-15y,rightsThreatRate-high,weak-form-half-v-current,weak-form,weak-form-half-response,current-federal-court,persistence,rightsProtection,registered-component,-0.01197111857604646,-0.013806405996302885,-0.010207495328927806,0.0009218398112238154,120,2000
recency-weighted-15y,rightsThreatRate-high,weak-form-half-v-current,weak-form,weak-form-half-response,current-federal-court,persistence,complianceRate,registered-component,0.35802083333333334,0.3388541666666667,0.37573697916666665,0.009294761475719691,120,2000
recency-weighted-15y,rightsThreatRate-high,weak-form-half-v-current,weak-form,weak-form-half-response,current-federal-court,persistence,democraticResponsiveness,registered-component,0.060349353155577636,0.0575074645449314,0.0629651304878423,0.0014174955784957274,120,2000
recency-weighted-15y,rightsThreatRate-high,weak-form-half-v-current,weak-form,weak-form-half-response,current-federal-court,persistence,vetoRelocationRisk,registered-component,-0.3375103194432775,-0.33893978121910157,-0.33609871667931923,0.0007180846941993815,120,2000
recency-weighted-15y,rightsThreatRate-high,weak-form-half-v-current,weak-form,weak-form-half-response,current-federal-court,persistence,totalInstitutionalCost,registered-diagnostic,-0.0927165830690492,-0.09294487330081433,-0.09248646424138197,0.00011857806439720513,120,2000
recency-weighted-15y,rightsThreatRate-high,weak-form-half-v-current,weak-form,weak-form-half-response,current-federal-court,persistence,averageLegislativeResponseDelay,additional-diagnostic,0.4996143316334016,0.4971751716741537,0.5020483738794037,0.0012501672226275374,120,2000
recency-weighted-15y,rightsThreatRate-high,weak-form-off-v-current,weak-form,weak-form-no-response,current-federal-court,persistence,legislativeResponseRate,registered-component,0.0,0.0,0.0,0.0,120,2000
recency-weighted-15y,rightsThreatRate-high,weak-form-off-v-current,weak-form,weak-form-no-response,current-federal-court,persistence,legislativeResponseCredibility,registered-component,-0.551048559081844,-0.5518319940489689,-0.5502995134396668,0.0004026547356223416,120,2000
recency-weighted-15y,rightsThreatRate-high,weak-form-off-v-current,weak-form,weak-form-no-response,current-federal-court,persistence,timelyLegislativeResponseRate,registered-component,0.0,0.0,0.0,0.0,120,2000
recency-weighted-15y,rightsThreatRate-high,weak-form-off-v-current,weak-form,weak-form-no-response,current-federal-court,persistence,rightsProtection,registered-component,-0.025837234872792443,-0.027661754895920973,-0.023988037602597042,0.0009282176103372447,120,2000
recency-weighted-15y,rightsThreatRate-high,weak-form-off-v-current,weak-form,weak-form-no-response,current-federal-court,persistence,complianceRate,registered-component,0.33770833333333333,0.3163515625,0.35760416666666667,0.010684904177744491,120,2000
recency-weighted-15y,rightsThreatRate-high,weak-form-off-v-current,weak-form,weak-form-no-response,current-federal-court,persistence,democraticResponsiveness,registered-component,0.0208880764356833,0.01824989399388813,0.02356288561883283,0.0013745364385728822,120,2000
recency-weighted-15y,rightsThreatRate-high,weak-form-off-v-current,weak-form,weak-form-no-response,current-federal-court,persistence,vetoRelocationRisk,registered-component,-0.29432491582336845,-0.29468708097927604,-0.2939572799358309,0.00019210750343138668,120,2000
recency-weighted-15y,rightsThreatRate-high,weak-form-off-v-current,weak-form,weak-form-no-response,current-federal-court,persistence,totalInstitutionalCost,registered-diagnostic,-0.09516946281853923,-0.09538893115538748,-0.09495079060841383,0.00011344755066569977,120,2000
recency-weighted-15y,rightsThreatRate-high,weak-form-off-v-current,weak-form,weak-form-no-response,current-federal-court,persistence,averageLegislativeResponseDelay,additional-diagnostic,0.0,0.0,0.0,0.0,120,2000
recency-weighted-15y,appointmentPolarization-low,emergency-base,emergency,reasoned-emergency-review,current-federal-court,base,emergencyReasonGivingRate,registered-component,0.8514328953662385,0.8214705194500046,0.8771889805245411,0.01432887969841959,120,2000
recency-weighted-15y,appointmentPolarization-low,emergency-base,emergency,reasoned-emergency-review,current-federal-court,base,meritsFollowUpRate,registered-component,1.0,1.0,1.0,0.0,120,2000
recency-weighted-15y,appointmentPolarization-low,emergency-base,emergency,reasoned-emergency-review,current-federal-court,base,averageTimeToReview,registered-component,0.0,0.0,0.0,0.0,120,2000
recency-weighted-15y,appointmentPolarization-low,emergency-base,emergency,reasoned-emergency-review,current-federal-court,base,totalInstitutionalCost,registered-component,0.009684256206652144,0.00952981488581372,0.009839745705370146,8.05245101542152e-05,120,2000
recency-weighted-15y,appointmentPolarization-low,emergency-base,emergency,reasoned-emergency-review,current-federal-court,base,shadowDocketAbuse,registered-component,-0.3210429332042821,-0.3294397064888817,-0.31259083940729826,0.0045380288672164995,120,2000
recency-weighted-15y,appointmentPolarization-low,emergency-base,emergency,reasoned-emergency-review,current-federal-court,base,institutionalDelayCost,additional-diagnostic,0.008391324656047338,0.008187239732934875,0.008600495053017979,0.00010766934494027414,120,2000
recency-weighted-15y,appointmentPolarization-low,screening-base,screening,constitutional-council,current-federal-court,base,directCourtCost,registered-diagnostic,0.13594314999999998,0.13581387187499994,0.1360710033333333,6.651302777761507e-05,120,2000
recency-weighted-15y,appointmentPolarization-low,screening-base,screening,constitutional-council,current-federal-court,base,upstreamScreeningCost,registered-component,0.0020180955956460773,0.0019479974467292614,0.002089147231920421,3.6456094343949866e-05,120,2000
recency-weighted-15y,appointmentPolarization-low,screening-base,screening,constitutional-council,current-federal-court,base,capacityStrainCost,registered-diagnostic,0.06357327206376408,0.06286526107474187,0.06427883993761051,0.0003588476406658186,120,2000
recency-weighted-15y,appointmentPolarization-low,screening-base,screening,constitutional-council,current-federal-court,base,totalInstitutionalCost,registered-diagnostic,0.08293828541472653,0.08278872731501159,0.0830891593426036,7.600767784650399e-05,120,2000
recency-weighted-15y,appointmentPolarization-low,screening-base,screening,constitutional-council,current-federal-court,base,intakeAcceptanceRate,registered-diagnostic,-0.0007586141474645094,-0.0007869239764409748,-0.0007316090199830537,1.425870724965302e-05,120,2000
recency-weighted-15y,appointmentPolarization-low,screening-base,screening,constitutional-council,current-federal-court,base,councilScreenRate,registered-component,1.0,1.0,1.0,0.0,120,2000
recency-weighted-15y,appointmentPolarization-low,screening-base,screening,constitutional-council,current-federal-court,base,administrativeLoad,additional-diagnostic,0.24719375000000007,0.24617741145833338,0.24824261979166667,0.0005250804301802377,120,2000
recency-weighted-15y,appointmentPolarization-low,weak-form-base,weak-form,weak-form-review,current-federal-court,base,legislativeResponseRate,registered-component,0.3104166666666667,0.3016666666666667,0.31916666666666665,0.00461758275452261,120,2000
recency-weighted-15y,appointmentPolarization-low,weak-form-base,weak-form,weak-form-review,current-federal-court,base,legislativeResponseCredibility,registered-component,0.06416041666666664,0.06277916666666665,0.06561046874999997,0.0007262871062644312,120,2000
recency-weighted-15y,appointmentPolarization-low,weak-form-base,weak-form,weak-form-review,current-federal-court,base,timelyLegislativeResponseRate,registered-component,0.05541644713449168,0.0474980787008878,0.0638763456332715,0.004106572373155148,120,2000
recency-weighted-15y,appointmentPolarization-low,weak-form-base,weak-form,weak-form-review,current-federal-court,base,rightsProtection,registered-component,0.022440279419220215,0.020686942446014166,0.02409503246484753,0.0008683061794947664,120,2000
recency-weighted-15y,appointmentPolarization-low,weak-form-base,weak-form,weak-form-review,current-federal-court,base,complianceRate,registered-component,0.36666666666666664,0.3502057291666667,0.3822994791666666,0.008521595431733867,120,2000
recency-weighted-15y,appointmentPolarization-low,weak-form-base,weak-form,weak-form-review,current-federal-court,base,democraticResponsiveness,registered-component,0.07840138901149754,0.07589339465585382,0.08104024367438181,0.0013099070542173356,120,2000
recency-weighted-15y,appointmentPolarization-low,weak-form-base,weak-form,weak-form-review,current-federal-court,base,vetoRelocationRisk,registered-component,-0.3443063922774432,-0.34577524585607644,-0.3428999109474612,0.000754196746747524,120,2000
recency-weighted-15y,appointmentPolarization-low,weak-form-base,weak-form,weak-form-review,current-federal-court,base,totalInstitutionalCost,registered-diagnostic,-0.09278603591475794,-0.09294400560002752,-0.09261473309795575,8.373071382934046e-05,120,2000
recency-weighted-15y,appointmentPolarization-low,weak-form-base,weak-form,weak-form-review,current-federal-court,base,averageLegislativeResponseDelay,additional-diagnostic,0.4183692492884482,0.41631489611194367,0.42040005698625726,0.001081523351330675,120,2000
recency-weighted-15y,appointmentPolarization-low,emergency-ablation,emergency,reasoned-with-fast-procedure,reasoned-emergency-review,ablation,emergencyReasonGivingRate,registered-component,-0.6954046739402543,-0.7233499017501414,-0.6661485722708126,0.014896512808797304,120,2000
recency-weighted-15y,appointmentPolarization-low,emergency-ablation,emergency,reasoned-with-fast-procedure,reasoned-emergency-review,ablation,meritsFollowUpRate,registered-component,-1.0,-1.0,-1.0,0.0,120,2000
recency-weighted-15y,appointmentPolarization-low,emergency-ablation,emergency,reasoned-with-fast-procedure,reasoned-emergency-review,ablation,averageTimeToReview,registered-component,0.0,0.0,0.0,0.0,120,2000
recency-weighted-15y,appointmentPolarization-low,emergency-ablation,emergency,reasoned-with-fast-procedure,reasoned-emergency-review,ablation,totalInstitutionalCost,registered-component,-0.004351979258199977,-0.004510541329765327,-0.004184396236905453,8.871516899277425e-05,120,2000
recency-weighted-15y,appointmentPolarization-low,emergency-ablation,emergency,reasoned-with-fast-procedure,reasoned-emergency-review,ablation,shadowDocketAbuse,registered-component,0.3054756683410379,0.2975157112066001,0.3136698789093352,0.004358733505487702,120,2000
recency-weighted-15y,appointmentPolarization-low,emergency-ablation,emergency,reasoned-with-fast-procedure,reasoned-emergency-review,ablation,institutionalDelayCost,additional-diagnostic,-0.006693602629070598,-0.006920755110656899,-0.006481552126831271,0.00011591429856032212,120,2000
recency-weighted-15y,appointmentPolarization-low,screening-ablation,screening,council-with-full-court-structure,constitutional-council,ablation,directCourtCost,registered-diagnostic,-0.09729314999999998,-0.09742806437499997,-0.09715637312499999,6.921019181638295e-05,120,2000
recency-weighted-15y,appointmentPolarization-low,screening-ablation,screening,council-with-full-court-structure,constitutional-council,ablation,upstreamScreeningCost,registered-component,-6.983813301308002e-06,-6.425606544926787e-05,5.081665926249646e-05,2.9659964767003095e-05,120,2000
recency-weighted-15y,appointmentPolarization-low,screening-ablation,screening,council-with-full-court-structure,constitutional-council,ablation,capacityStrainCost,registered-diagnostic,-0.04312793087553423,-0.043691748304871686,-0.04254410172504547,0.0002933776518974737,120,2000
recency-weighted-15y,appointmentPolarization-low,screening-ablation,screening,council-with-full-court-structure,constitutional-council,ablation,totalInstitutionalCost,registered-diagnostic,-0.050283236052382746,-0.050409237288065886,-0.05014940370866023,6.591339841988532e-05,120,2000
recency-weighted-15y,appointmentPolarization-low,screening-ablation,screening,council-with-full-court-structure,constitutional-council,ablation,intakeAcceptanceRate,registered-diagnostic,1.1776282642810288e-06,-2.0136487331511867e-05,2.2418974167642378e-05,1.0959950755792108e-05,120,2000
recency-weighted-15y,appointmentPolarization-low,screening-ablation,screening,council-with-full-court-structure,constitutional-council,ablation,councilScreenRate,registered-component,-1.0,-1.0,-1.0,0.0,120,2000
recency-weighted-15y,appointmentPolarization-low,screening-ablation,screening,council-with-full-court-structure,constitutional-council,ablation,administrativeLoad,additional-diagnostic,-0.24019875000000013,-0.2410907031250001,-0.23925998958333342,0.00046054320035232213,120,2000
recency-weighted-15y,appointmentPolarization-low,weak-form-half,weak-form,weak-form-half-response,weak-form-review,ablation,legislativeResponseRate,registered-component,-0.1560416666666667,-0.16406510416666667,-0.14802083333333332,0.004251542739163261,120,2000
recency-weighted-15y,appointmentPolarization-low,weak-form-half,weak-form,weak-form-half-response,weak-form-review,ablation,legislativeResponseCredibility,registered-component,-0.30689979036154447,-0.30803508580915023,-0.30582166600446087,0.0005777710569564435,120,2000
recency-weighted-15y,appointmentPolarization-low,weak-form-half,weak-form,weak-form-half-response,weak-form-review,ablation,timelyLegislativeResponseRate,registered-component,-0.05541644713449168,-0.0638763456332715,-0.047498078700887805,0.004106572373155148,120,2000
recency-weighted-15y,appointmentPolarization-low,weak-form-half,weak-form,weak-form-half-response,weak-form-review,ablation,rightsProtection,registered-component,-0.011044526726757252,-0.011987309436388352,-0.010155729483473857,0.00048038944673476215,120,2000
recency-weighted-15y,appointmentPolarization-low,weak-form-half,weak-form,weak-form-half-response,weak-form-review,ablation,complianceRate,registered-component,0.00041666666666666794,-0.014377604166666664,0.015109374999999974,0.007717908921068726,120,2000
recency-weighted-15y,appointmentPolarization-low,weak-form-half,weak-form,weak-form-half-response,weak-form-review,ablation,democraticResponsiveness,registered-component,-0.023564733997227045,-0.024848120370035386,-0.022244718947033112,0.0006918747937573355,120,2000
recency-weighted-15y,appointmentPolarization-low,weak-form-half,weak-form,weak-form-half-response,weak-form-review,ablation,vetoRelocationRisk,registered-component,0.024632652793148593,0.023340383617497004,0.025887702820355133,0.0006757775928533523,120,2000
recency-weighted-15y,appointmentPolarization-low,weak-form-half,weak-form,weak-form-half-response,weak-form-review,ablation,totalInstitutionalCost,registered-diagnostic,-0.0015039452237853395,-0.001705012256640396,-0.0013118601835182557,0.00010221432535893646,120,2000
recency-weighted-15y,appointmentPolarization-low,weak-form-half,weak-form,weak-form-half-response,weak-form-review,ablation,averageLegislativeResponseDelay,additional-diagnostic,0.07779569146648259,0.0746135869434109,0.08095940389263524,0.001659562589496816,120,2000
recency-weighted-15y,appointmentPolarization-low,weak-form-off,weak-form,weak-form-no-response,weak-form-review,ablation,legislativeResponseRate,registered-component,-0.3104166666666667,-0.31916666666666665,-0.3016666666666667,0.00461758275452261,120,2000
recency-weighted-15y,appointmentPolarization-low,weak-form-off,weak-form,weak-form-no-response,weak-form-review,ablation,legislativeResponseCredibility,registered-component,-0.6128245807230889,-0.6143200826348003,-0.6113955357259524,0.0007699091298225774,120,2000
recency-weighted-15y,appointmentPolarization-low,weak-form-off,weak-form,weak-form-no-response,weak-form-review,ablation,timelyLegislativeResponseRate,registered-component,-0.05541644713449168,-0.0638763456332715,-0.047498078700887805,0.004106572373155148,120,2000
recency-weighted-15y,appointmentPolarization-low,weak-form-off,weak-form,weak-form-no-response,weak-form-review,ablation,rightsProtection,registered-component,-0.01984496724160317,-0.020813872500283867,-0.01890226033178587,0.0005124693869315924,120,2000
recency-weighted-15y,appointmentPolarization-low,weak-form-off,weak-form,weak-form-no-response,weak-form-review,ablation,complianceRate,registered-component,-0.005937500000000002,-0.0215625,0.009895833333333331,0.007988254162789747,120,2000
recency-weighted-15y,appointmentPolarization-low,weak-form-off,weak-form,weak-form-no-response,weak-form-review,ablation,democraticResponsiveness,registered-component,-0.04732623103401031,-0.04860861234572807,-0.04611313493112987,0.0006730777188172709,120,2000
recency-weighted-15y,appointmentPolarization-low,weak-form-off,weak-form,weak-form-no-response,weak-form-review,ablation,vetoRelocationRisk,registered-component,0.04929000845771942,0.0479141842016422,0.0507084188742825,0.0007415927024052556,120,2000
recency-weighted-15y,appointmentPolarization-low,weak-form-off,weak-form,weak-form-no-response,weak-form-review,ablation,totalInstitutionalCost,registered-diagnostic,-0.0029993604236172914,-0.0031992200475425593,-0.002806148261001867,0.00010141857544977131,120,2000
recency-weighted-15y,appointmentPolarization-low,weak-form-off,weak-form,weak-form-no-response,weak-form-review,ablation,averageLegislativeResponseDelay,additional-diagnostic,-0.4183692492884482,-0.4204000569862573,-0.41631489611194367,0.001081523351330675,120,2000
recency-weighted-15y,appointmentPolarization-low,weak-form-half-v-current,weak-form,weak-form-half-response,current-federal-court,persistence,legislativeResponseRate,registered-component,0.15437499999999998,0.14708333333333332,0.16208333333333333,0.003805178774276142,120,2000
recency-weighted-15y,appointmentPolarization-low,weak-form-half-v-current,weak-form,weak-form-half-response,current-federal-court,persistence,legislativeResponseCredibility,registered-component,-0.2427393736948778,-0.24356452325844366,-0.2419069312163207,0.00043350385461865526,120,2000
recency-weighted-15y,appointmentPolarization-low,weak-form-half-v-current,weak-form,weak-form-half-response,current-federal-court,persistence,timelyLegislativeResponseRate,registered-component,0.0,0.0,0.0,0.0,120,2000
recency-weighted-15y,appointmentPolarization-low,weak-form-half-v-current,weak-form,weak-form-half-response,current-federal-court,persistence,rightsProtection,registered-component,0.01139575269246296,0.009672408188470493,0.013123726077422989,0.0009044348922720416,120,2000
recency-weighted-15y,appointmentPolarization-low,weak-form-half-v-current,weak-form,weak-form-half-response,current-federal-court,persistence,complianceRate,registered-component,0.3670833333333333,0.34999739583333334,0.3837526041666666,0.008510802851243573,120,2000
recency-weighted-15y,appointmentPolarization-low,weak-form-half-v-current,weak-form,weak-form-half-response,current-federal-court,persistence,democraticResponsiveness,registered-component,0.05483665501427049,0.0524828754009647,0.05733896750230193,0.0012314869924327813,120,2000
recency-weighted-15y,appointmentPolarization-low,weak-form-half-v-current,weak-form,weak-form-half-response,current-federal-court,persistence,vetoRelocationRisk,registered-component,-0.3196737394842946,-0.3208751594986563,-0.3185389009395408,0.0006180469192750385,120,2000
recency-weighted-15y,appointmentPolarization-low,weak-form-half-v-current,weak-form,weak-form-half-response,current-federal-court,persistence,totalInstitutionalCost,registered-diagnostic,-0.0942899811385433,-0.09448166350248546,-0.09409674937733777,9.72950396359733e-05,120,2000
recency-weighted-15y,appointmentPolarization-low,weak-form-half-v-current,weak-form,weak-form-half-response,current-federal-court,persistence,averageLegislativeResponseDelay,additional-diagnostic,0.49616494075493084,0.49355658598339486,0.4987428737093468,0.0013215981710287383,120,2000
recency-weighted-15y,appointmentPolarization-low,weak-form-off-v-current,weak-form,weak-form-no-response,current-federal-court,persistence,legislativeResponseRate,registered-component,0.0,0.0,0.0,0.0,120,2000
recency-weighted-15y,appointmentPolarization-low,weak-form-off-v-current,weak-form,weak-form-no-response,current-federal-court,persistence,legislativeResponseCredibility,registered-component,-0.5486641640564223,-0.549469675062729,-0.5478904979856926,0.000403021657811396,120,2000
recency-weighted-15y,appointmentPolarization-low,weak-form-off-v-current,weak-form,weak-form-no-response,current-federal-court,persistence,timelyLegislativeResponseRate,registered-component,0.0,0.0,0.0,0.0,120,2000
recency-weighted-15y,appointmentPolarization-low,weak-form-off-v-current,weak-form,weak-form-no-response,current-federal-court,persistence,rightsProtection,registered-component,0.002595312177617043,0.0006892031003573344,0.004436175040193219,0.0009842235507713244,120,2000
recency-weighted-15y,appointmentPolarization-low,weak-form-off-v-current,weak-form,weak-form-no-response,current-federal-court,persistence,complianceRate,registered-component,0.36072916666666666,0.34405729166666665,0.37719010416666665,0.008260751622044515,120,2000
recency-weighted-15y,appointmentPolarization-low,weak-form-off-v-current,weak-form,weak-form-no-response,current-federal-court,persistence,democraticResponsiveness,registered-component,0.03107515797748723,0.028745070840799965,0.033549450998291735,0.0012223313373337778,120,2000
recency-weighted-15y,appointmentPolarization-low,weak-form-off-v-current,weak-form,weak-form-no-response,current-federal-court,persistence,vetoRelocationRisk,registered-component,-0.2950163838197238,-0.2954225587159045,-0.29460878155394304,0.00021737882100041913,120,2000
recency-weighted-15y,appointmentPolarization-low,weak-form-off-v-current,weak-form,weak-form-no-response,current-federal-court,persistence,totalInstitutionalCost,registered-diagnostic,-0.09578539633837524,-0.09595343133837535,-0.09561613989153261,8.604495241675215e-05,120,2000
recency-weighted-15y,appointmentPolarization-low,weak-form-off-v-current,weak-form,weak-form-no-response,current-federal-court,persistence,averageLegislativeResponseDelay,additional-diagnostic,0.0,0.0,0.0,0.0,120,2000
recency-weighted-15y,appointmentPolarization-high,emergency-base,emergency,reasoned-emergency-review,current-federal-court,base,emergencyReasonGivingRate,registered-component,0.8401462788736711,0.8108362272721732,0.8681983544117868,0.014525551279830809,120,2000
recency-weighted-15y,appointmentPolarization-high,emergency-base,emergency,reasoned-emergency-review,current-federal-court,base,meritsFollowUpRate,registered-component,0.9916666666666667,0.975,1.0,0.008333333333333333,120,2000
recency-weighted-15y,appointmentPolarization-high,emergency-base,emergency,reasoned-emergency-review,current-federal-court,base,averageTimeToReview,registered-component,0.0,0.0,0.0,0.0,120,2000
recency-weighted-15y,appointmentPolarization-high,emergency-base,emergency,reasoned-emergency-review,current-federal-court,base,totalInstitutionalCost,registered-component,0.00977916301258439,0.009638449066473886,0.009917230393731255,7.45551715581132e-05,120,2000
recency-weighted-15y,appointmentPolarization-high,emergency-base,emergency,reasoned-emergency-review,current-federal-court,base,shadowDocketAbuse,registered-component,-0.3256323209930922,-0.3332173862846591,-0.3180452629255772,0.00402470369334922,120,2000
recency-weighted-15y,appointmentPolarization-high,emergency-base,emergency,reasoned-emergency-review,current-federal-court,base,institutionalDelayCost,additional-diagnostic,0.008244332075947096,0.008056883934053852,0.008437537737704318,0.00010159550409776893,120,2000
recency-weighted-15y,appointmentPolarization-high,screening-base,screening,constitutional-council,current-federal-court,base,directCourtCost,registered-diagnostic,0.1359246,0.13579909604166668,0.1360488597916667,6.345350709791434e-05,120,2000
recency-weighted-15y,appointmentPolarization-high,screening-base,screening,constitutional-council,current-federal-court,base,upstreamScreeningCost,registered-component,0.0019187560414131648,0.00185157290530506,0.0019841598283967606,3.434800350211629e-05,120,2000
recency-weighted-15y,appointmentPolarization-high,screening-base,screening,constitutional-council,current-federal-court,base,capacityStrainCost,registered-diagnostic,0.06429199569427548,0.06367856049544073,0.064938251987506,0.0003358606593743396,120,2000
recency-weighted-15y,appointmentPolarization-high,screening-base,screening,constitutional-council,current-federal-court,base,totalInstitutionalCost,registered-diagnostic,0.08304032254621813,0.08290852322778827,0.08318336921820453,7.268627413177808e-05,120,2000
recency-weighted-15y,appointmentPolarization-high,screening-base,screening,constitutional-council,current-federal-court,base,intakeAcceptanceRate,registered-diagnostic,-0.0007250817848909824,-0.0007506118259093746,-0.0006989132487211128,1.3416741107228171e-05,120,2000
recency-weighted-15y,appointmentPolarization-high,screening-base,screening,constitutional-council,current-federal-court,base,councilScreenRate,registered-component,1.0,1.0,1.0,0.0,120,2000
recency-weighted-15y,appointmentPolarization-high,screening-base,screening,constitutional-council,current-federal-court,base,administrativeLoad,additional-diagnostic,0.24790875000000007,0.24699039062500008,0.2488982395833334,0.0005043408081201586,120,2000
recency-weighted-15y,appointmentPolarization-high,weak-form-base,weak-form,weak-form-review,current-federal-court,base,legislativeResponseRate,registered-component,0.3172916666666667,0.3081197916666667,0.32635416666666667,0.004764185596975378,120,2000
recency-weighted-15y,appointmentPolarization-high,weak-form-base,weak-form,weak-form-review,current-federal-court,base,legislativeResponseCredibility,registered-component,0.06441874999999994,0.06298515624999995,0.06593802083333326,0.0007536440563160107,120,2000
recency-weighted-15y,appointmentPolarization-high,weak-form-base,weak-form,weak-form-review,current-federal-court,base,timelyLegislativeResponseRate,registered-component,0.04764191919783234,0.039965428445870727,0.055451619955403715,0.004099820710743494,120,2000
recency-weighted-15y,appointmentPolarization-high,weak-form-base,weak-form,weak-form-review,current-federal-court,base,rightsProtection,registered-component,0.027300308675243044,0.025620767210849524,0.02892979927220652,0.0008564531004982576,120,2000
recency-weighted-15y,appointmentPolarization-high,weak-form-base,weak-form,weak-form-review,current-federal-court,base,complianceRate,registered-component,0.37895833333333334,0.3636432291666667,0.3936484375,0.007729313186150403,120,2000
recency-weighted-15y,appointmentPolarization-high,weak-form-base,weak-form,weak-form-review,current-federal-court,base,democraticResponsiveness,registered-component,0.08483423033894948,0.08222281875246755,0.0874245830604239,0.001294354311922633,120,2000
recency-weighted-15y,appointmentPolarization-high,weak-form-base,weak-form,weak-form-review,current-federal-court,base,vetoRelocationRisk,registered-component,-0.34589630085460504,-0.3473438910222125,-0.3445056493297306,0.0007355246787225069,120,2000
recency-weighted-15y,appointmentPolarization-high,weak-form-base,weak-form,weak-form-review,current-federal-court,base,totalInstitutionalCost,registered-diagnostic,-0.09266176204916592,-0.09288187756909305,-0.09244670728470203,0.0001137736375752303,120,2000
recency-weighted-15y,appointmentPolarization-high,weak-form-base,weak-form,weak-form-review,current-federal-court,base,averageLegislativeResponseDelay,additional-diagnostic,0.41722545853453064,0.41546110212111426,0.4190646562791951,0.0009558092138042205,120,2000
recency-weighted-15y,appointmentPolarization-high,emergency-ablation,emergency,reasoned-with-fast-procedure,reasoned-emergency-review,ablation,emergencyReasonGivingRate,registered-component,-0.6864498692532115,-0.7155948887977396,-0.6561830006704434,0.015134477219717692,120,2000
recency-weighted-15y,appointmentPolarization-high,emergency-ablation,emergency,reasoned-with-fast-procedure,reasoned-emergency-review,ablation,meritsFollowUpRate,registered-component,-0.9916666666666667,-1.0,-0.975,0.008333333333333333,120,2000
recency-weighted-15y,appointmentPolarization-high,emergency-ablation,emergency,reasoned-with-fast-procedure,reasoned-emergency-review,ablation,averageTimeToReview,registered-component,0.0,0.0,0.0,0.0,120,2000
recency-weighted-15y,appointmentPolarization-high,emergency-ablation,emergency,reasoned-with-fast-procedure,reasoned-emergency-review,ablation,totalInstitutionalCost,registered-component,-0.004365588137804442,-0.004502102904040033,-0.004221730332788163,7.033776207017625e-05,120,2000
recency-weighted-15y,appointmentPolarization-high,emergency-ablation,emergency,reasoned-with-fast-procedure,reasoned-emergency-review,ablation,shadowDocketAbuse,registered-component,0.31326830176171133,0.30605259714652194,0.32074732723078997,0.003794906604640561,120,2000
recency-weighted-15y,appointmentPolarization-high,emergency-ablation,emergency,reasoned-with-fast-procedure,reasoned-emergency-review,ablation,institutionalDelayCost,additional-diagnostic,-0.0066621729703155354,-0.0068457712074764645,-0.006475233326139601,9.36918602303461e-05,120,2000
recency-weighted-15y,appointmentPolarization-high,screening-ablation,screening,council-with-full-court-structure,constitutional-council,ablation,directCourtCost,registered-diagnostic,-0.09720292499999998,-0.09732647020833331,-0.09707461104166668,6.429967606517807e-05,120,2000
recency-weighted-15y,appointmentPolarization-high,screening-ablation,screening,council-with-full-court-structure,constitutional-council,ablation,upstreamScreeningCost,registered-component,1.3516908235218969e-05,-4.669099470251866e-05,7.093916234174132e-05,3.0009434371330415e-05,120,2000
recency-weighted-15y,appointmentPolarization-high,screening-ablation,screening,council-with-full-court-structure,constitutional-council,ablation,capacityStrainCost,registered-diagnostic,-0.043329476227843194,-0.04389135055977139,-0.042757941810632444,0.0002861558681568032,120,2000
recency-weighted-15y,appointmentPolarization-high,screening-ablation,screening,council-with-full-court-structure,constitutional-council,ablation,totalInstitutionalCost,registered-diagnostic,-0.05028402008984199,-0.050407340695072904,-0.05016322502406351,6.230717084574356e-05,120,2000
recency-weighted-15y,appointmentPolarization-high,screening-ablation,screening,council-with-full-court-structure,constitutional-council,ablation,intakeAcceptanceRate,registered-diagnostic,-4.876270460317031e-06,-2.649585418444484e-05,1.7647846488917568e-05,1.1190754375428755e-05,120,2000
recency-weighted-15y,appointmentPolarization-high,screening-ablation,screening,council-with-full-court-structure,constitutional-council,ablation,councilScreenRate,registered-component,-1.0,-1.0,-1.0,0.0,120,2000
recency-weighted-15y,appointmentPolarization-high,screening-ablation,screening,council-with-full-court-structure,constitutional-council,ablation,administrativeLoad,additional-diagnostic,-0.2401443750000001,-0.24101338541666675,-0.23928956770833343,0.0004359390382918153,120,2000
recency-weighted-15y,appointmentPolarization-high,weak-form-half,weak-form,weak-form-half-response,weak-form-review,ablation,legislativeResponseRate,registered-component,-0.15885416666666666,-0.1679192708333333,-0.1498932291666667,0.0044561448298798155,120,2000
recency-weighted-15y,appointmentPolarization-high,weak-form-half,weak-form,weak-form-half-response,weak-form-review,ablation,legislativeResponseCredibility,registered-component,-0.30769560054573675,-0.3089303005391774,-0.3064116155359275,0.0006402967220136196,120,2000
recency-weighted-15y,appointmentPolarization-high,weak-form-half,weak-form,weak-form-half-response,weak-form-review,ablation,timelyLegislativeResponseRate,registered-component,-0.04764191919783234,-0.055451619955403715,-0.039965428445870727,0.004099820710743494,120,2000
recency-weighted-15y,appointmentPolarization-high,weak-form-half,weak-form,weak-form-half-response,weak-form-review,ablation,rightsProtection,registered-component,-0.012034078916793249,-0.012969797128268021,-0.011131711543906577,0.0004677871272483854,120,2000
recency-weighted-15y,appointmentPolarization-high,weak-form-half,weak-form,weak-form-half-response,weak-form-review,ablation,complianceRate,registered-component,-0.024583333333333336,-0.043125,-0.005833333333333339,0.009560699736862886,120,2000
recency-weighted-15y,appointmentPolarization-high,weak-form-half,weak-form,weak-form-half-response,weak-form-review,ablation,democraticResponsiveness,registered-component,-0.024242662465675947,-0.025599161240194287,-0.0229284093739203,0.0006735662945092062,120,2000
recency-weighted-15y,appointmentPolarization-high,weak-form-half,weak-form,weak-form-half-response,weak-form-review,ablation,vetoRelocationRisk,registered-component,0.025612792857910814,0.024238627151691065,0.027003172971149386,0.0006847626666895221,120,2000
recency-weighted-15y,appointmentPolarization-high,weak-form-half,weak-form,weak-form-half-response,weak-form-review,ablation,totalInstitutionalCost,registered-diagnostic,-0.0014334568148064348,-0.0016369035278233962,-0.0012270679587191285,0.00010655484850389975,120,2000
recency-weighted-15y,appointmentPolarization-high,weak-form-half,weak-form,weak-form-half-response,weak-form-review,ablation,averageLegislativeResponseDelay,additional-diagnostic,0.07673367199172217,0.07354367400054958,0.07985321848169072,0.0016106551762729946,120,2000
recency-weighted-15y,appointmentPolarization-high,weak-form-off,weak-form,weak-form-no-response,weak-form-review,ablation,legislativeResponseRate,registered-component,-0.3172916666666667,-0.32635416666666667,-0.30811979166666675,0.004764185596975378,120,2000
recency-weighted-15y,appointmentPolarization-high,weak-form-off,weak-form,weak-form-no-response,weak-form-review,ablation,legislativeResponseCredibility,registered-component,-0.6149412010914735,-0.6165137849931983,-0.6133743223248445,0.0008139554956299942,120,2000
recency-weighted-15y,appointmentPolarization-high,weak-form-off,weak-form,weak-form-no-response,weak-form-review,ablation,timelyLegislativeResponseRate,registered-component,-0.04764191919783234,-0.055451619955403715,-0.039965428445870727,0.004099820710743494,120,2000
recency-weighted-15y,appointmentPolarization-high,weak-form-off,weak-form,weak-form-no-response,weak-form-review,ablation,rightsProtection,registered-component,-0.021133845372087238,-0.02222478139586293,-0.020065555859256727,0.0005436701723030574,120,2000
recency-weighted-15y,appointmentPolarization-high,weak-form-off,weak-form,weak-form-no-response,weak-form-review,ablation,complianceRate,registered-component,-0.017083333333333332,-0.0317734375,-0.002497395833333346,0.007652415661269832,120,2000
recency-weighted-15y,appointmentPolarization-high,weak-form-off,weak-form,weak-form-no-response,weak-form-review,ablation,democraticResponsiveness,registered-component,-0.049088891960494825,-0.05067701437669479,-0.047557571052085974,0.0007919078885269606,120,2000
recency-weighted-15y,appointmentPolarization-high,weak-form-off,weak-form,weak-form-no-response,weak-form-review,ablation,vetoRelocationRisk,registered-component,0.05108232121490066,0.04970216552783393,0.05256852440232113,0.0007373521852992058,120,2000
recency-weighted-15y,appointmentPolarization-high,weak-form-off,weak-form,weak-form-no-response,weak-form-review,ablation,totalInstitutionalCost,registered-diagnostic,-0.0027943499101170458,-0.0029973124600579833,-0.0025882509094722846,0.00010273686249638009,120,2000
recency-weighted-15y,appointmentPolarization-high,weak-form-off,weak-form,weak-form-no-response,weak-form-review,ablation,averageLegislativeResponseDelay,additional-diagnostic,-0.41722545853453064,-0.4190646562791951,-0.4154611021211142,0.0009558092138042205,120,2000
recency-weighted-15y,appointmentPolarization-high,weak-form-half-v-current,weak-form,weak-form-half-response,current-federal-court,persistence,legislativeResponseRate,registered-component,0.15843749999999998,0.15155989583333335,0.16583333333333333,0.00375164092249572,120,2000
recency-weighted-15y,appointmentPolarization-high,weak-form-half-v-current,weak-form,weak-form-half-response,current-federal-court,persistence,legislativeResponseCredibility,registered-component,-0.2432768505457368,-0.2441052787624683,-0.24246460784374532,0.0004367240626599992,120,2000
recency-weighted-15y,appointmentPolarization-high,weak-form-half-v-current,weak-form,weak-form-half-response,current-federal-court,persistence,timelyLegislativeResponseRate,registered-component,0.0,0.0,0.0,0.0,120,2000
recency-weighted-15y,appointmentPolarization-high,weak-form-half-v-current,weak-form,weak-form-half-response,current-federal-court,persistence,rightsProtection,registered-component,0.0152662297584498,0.013556821944071675,0.01684067535821981,0.0008488659213884687,120,2000
recency-weighted-15y,appointmentPolarization-high,weak-form-half-v-current,weak-form,weak-form-half-response,current-federal-court,persistence,complianceRate,registered-component,0.354375,0.3344765624999999,0.3726067708333333,0.009782126289713252,120,2000
recency-weighted-15y,appointmentPolarization-high,weak-form-half-v-current,weak-form,weak-form-half-response,current-federal-court,persistence,democraticResponsiveness,registered-component,0.06059156787327353,0.05811361791166535,0.06304453846626734,0.001279169733267273,120,2000
recency-weighted-15y,appointmentPolarization-high,weak-form-half-v-current,weak-form,weak-form-half-response,current-federal-court,persistence,vetoRelocationRisk,registered-component,-0.32028350799669425,-0.32143279838308325,-0.31916090413257214,0.0005917040531969783,120,2000
recency-weighted-15y,appointmentPolarization-high,weak-form-half-v-current,weak-form,weak-form-half-response,current-federal-court,persistence,totalInstitutionalCost,registered-diagnostic,-0.09409521886397235,-0.09431435075743444,-0.09388052335322196,0.00010778818234276549,120,2000
recency-weighted-15y,appointmentPolarization-high,weak-form-half-v-current,weak-form,weak-form-half-response,current-federal-court,persistence,averageLegislativeResponseDelay,additional-diagnostic,0.49395913052625284,0.4913629643014276,0.4966884848570907,0.0012929490808215142,120,2000
recency-weighted-15y,appointmentPolarization-high,weak-form-off-v-current,weak-form,weak-form-no-response,current-federal-court,persistence,legislativeResponseRate,registered-component,0.0,0.0,0.0,0.0,120,2000
recency-weighted-15y,appointmentPolarization-high,weak-form-off-v-current,weak-form,weak-form-no-response,current-federal-court,persistence,legislativeResponseCredibility,registered-component,-0.5505224510914736,-0.5513164906172723,-0.5496897199044307,0.0004181671245176025,120,2000
recency-weighted-15y,appointmentPolarization-high,weak-form-off-v-current,weak-form,weak-form-no-response,current-federal-court,persistence,timelyLegislativeResponseRate,registered-component,0.0,0.0,0.0,0.0,120,2000
recency-weighted-15y,appointmentPolarization-high,weak-form-off-v-current,weak-form,weak-form-no-response,current-federal-court,persistence,rightsProtection,registered-component,0.006166463303155808,0.004430910834053269,0.00795441820108368,0.0009082371865825022,120,2000
recency-weighted-15y,appointmentPolarization-high,weak-form-off-v-current,weak-form,weak-form-no-response,current-federal-court,persistence,complianceRate,registered-component,0.361875,0.3457265625,0.3772942708333333,0.008381143488598116,120,2000
recency-weighted-15y,appointmentPolarization-high,weak-form-off-v-current,weak-form,weak-form-no-response,current-federal-court,persistence,democraticResponsiveness,registered-component,0.03574533837845465,0.03335303244912042,0.038063396637705894,0.0012062667803931534,120,2000
recency-weighted-15y,appointmentPolarization-high,weak-form-off-v-current,weak-form,weak-form-no-response,current-federal-court,persistence,vetoRelocationRisk,registered-component,-0.29481397963970435,-0.29525238094456474,-0.2943911174797824,0.0002235271255153084,120,2000
recency-weighted-15y,appointmentPolarization-high,weak-form-off-v-current,weak-form,weak-form-no-response,current-federal-court,persistence,totalInstitutionalCost,registered-diagnostic,-0.09545611195928295,-0.09564449264585997,-0.095272636180048,9.398321757418786e-05,120,2000
recency-weighted-15y,appointmentPolarization-high,weak-form-off-v-current,weak-form,weak-form-no-response,current-federal-court,persistence,averageLegislativeResponseDelay,additional-diagnostic,0.0,0.0,0.0,0.0,120,2000
recency-weighted-15y,legislativeConflict-low,emergency-base,emergency,reasoned-emergency-review,current-federal-court,base,emergencyReasonGivingRate,registered-component,0.8637098409003819,0.8417549268534941,0.8869774881460958,0.011373158328161432,120,2000
recency-weighted-15y,legislativeConflict-low,emergency-base,emergency,reasoned-emergency-review,current-federal-court,base,meritsFollowUpRate,registered-component,1.0,1.0,1.0,0.0,120,2000
recency-weighted-15y,legislativeConflict-low,emergency-base,emergency,reasoned-emergency-review,current-federal-court,base,averageTimeToReview,registered-component,0.0,0.0,0.0,0.0,120,2000
recency-weighted-15y,legislativeConflict-low,emergency-base,emergency,reasoned-emergency-review,current-federal-court,base,totalInstitutionalCost,registered-component,0.00981479413774589,0.00967382751278203,0.009954095675483087,7.239037300970577e-05,120,2000
recency-weighted-15y,legislativeConflict-low,emergency-base,emergency,reasoned-emergency-review,current-federal-court,base,shadowDocketAbuse,registered-component,-0.3239855970939026,-0.3312289073307593,-0.3165941961961117,0.0038739080745848397,120,2000
recency-weighted-15y,legislativeConflict-low,emergency-base,emergency,reasoned-emergency-review,current-federal-court,base,institutionalDelayCost,additional-diagnostic,0.008308930108641534,0.008127437370664905,0.008491862902586697,9.516481651316577e-05,120,2000
recency-weighted-15y,legislativeConflict-low,screening-base,screening,constitutional-council,current-federal-court,base,directCourtCost,registered-diagnostic,0.13580035,0.13567327937500004,0.13592125291666665,6.606563544139129e-05,120,2000
recency-weighted-15y,legislativeConflict-low,screening-base,screening,constitutional-council,current-federal-court,base,upstreamScreeningCost,registered-component,0.002149080239714349,0.002077087373852045,0.0022194535061155476,3.749018247813918e-05,120,2000
recency-weighted-15y,legislativeConflict-low,screening-base,screening,constitutional-council,current-federal-court,base,capacityStrainCost,registered-diagnostic,0.0630906701598096,0.06248296947338348,0.06372826498162977,0.0003378855566158277,120,2000
recency-weighted-15y,legislativeConflict-low,screening-base,screening,constitutional-council,current-federal-court,base,totalInstitutionalCost,registered-diagnostic,0.08283287297580583,0.08270042679057242,0.08297304086839297,7.185901956199889e-05,120,2000
recency-weighted-15y,legislativeConflict-low,screening-base,screening,constitutional-council,current-federal-court,base,intakeAcceptanceRate,registered-diagnostic,-0.0007993183938877741,-0.0008268097462365291,-0.0007720297559553643,1.432526724990465e-05,120,2000
recency-weighted-15y,legislativeConflict-low,screening-base,screening,constitutional-council,current-federal-court,base,councilScreenRate,registered-component,1.0,1.0,1.0,0.0,120,2000
recency-weighted-15y,legislativeConflict-low,screening-base,screening,constitutional-council,current-federal-court,base,administrativeLoad,additional-diagnostic,0.24621500000000002,0.24529247395833337,0.24719376041666674,0.0005039080812427358,120,2000
recency-weighted-15y,legislativeConflict-low,weak-form-base,weak-form,weak-form-review,current-federal-court,base,legislativeResponseRate,registered-component,0.28239583333333335,0.27458072916666665,0.2903151041666666,0.004151308793627221,120,2000
recency-weighted-15y,legislativeConflict-low,weak-form-base,weak-form,weak-form-review,current-federal-court,base,legislativeResponseCredibility,registered-component,0.060124999999999935,0.058824791666666584,0.06140854166666664,0.0006558933437925485,120,2000
recency-weighted-15y,legislativeConflict-low,weak-form-base,weak-form,weak-form-review,current-federal-court,base,timelyLegislativeResponseRate,registered-component,0.23116157224471642,0.2173039836495227,0.24458867041343785,0.0070056675262616785,120,2000
recency-weighted-15y,legislativeConflict-low,weak-form-base,weak-form,weak-form-review,current-federal-court,base,rightsProtection,registered-component,0.026332948878546005,0.024607940011564834,0.027970203738222156,0.0008778431679817066,120,2000
recency-weighted-15y,legislativeConflict-low,weak-form-base,weak-form,weak-form-review,current-federal-court,base,complianceRate,registered-component,0.315625,0.2972890624999999,0.3333359375,0.009277622187790564,120,2000
recency-weighted-15y,legislativeConflict-low,weak-form-base,weak-form,weak-form-review,current-federal-court,base,democraticResponsiveness,registered-component,0.09047164952671312,0.08804069890522158,0.09289931372054616,0.001256809895589599,120,2000
recency-weighted-15y,legislativeConflict-low,weak-form-base,weak-form,weak-form-review,current-federal-court,base,vetoRelocationRisk,registered-component,-0.3414845579083827,-0.3428208813979092,-0.3402056643444647,0.0006797549363860972,120,2000
recency-weighted-15y,legislativeConflict-low,weak-form-base,weak-form,weak-form-review,current-federal-court,base,totalInstitutionalCost,registered-diagnostic,-0.09351645148662492,-0.0937157350596855,-0.09332940119731542,0.00010279996011764547,120,2000
recency-weighted-15y,legislativeConflict-low,weak-form-base,weak-form,weak-form-review,current-federal-court,base,averageLegislativeResponseDelay,additional-diagnostic,0.3759167923744941,0.3740984537956859,0.3777130642755558,0.0008923192093431661,120,2000
recency-weighted-15y,legislativeConflict-low,emergency-ablation,emergency,reasoned-with-fast-procedure,reasoned-emergency-review,ablation,emergencyReasonGivingRate,registered-component,-0.7227146156712065,-0.7459321256968713,-0.6986604500139435,0.011996055806659255,120,2000
recency-weighted-15y,legislativeConflict-low,emergency-ablation,emergency,reasoned-with-fast-procedure,reasoned-emergency-review,ablation,meritsFollowUpRate,registered-component,-1.0,-1.0,-1.0,0.0,120,2000
recency-weighted-15y,legislativeConflict-low,emergency-ablation,emergency,reasoned-with-fast-procedure,reasoned-emergency-review,ablation,averageTimeToReview,registered-component,0.0,0.0,0.0,0.0,120,2000
recency-weighted-15y,legislativeConflict-low,emergency-ablation,emergency,reasoned-with-fast-procedure,reasoned-emergency-review,ablation,totalInstitutionalCost,registered-component,-0.004496995371051868,-0.004651240514901242,-0.004340231136279641,7.974943957731754e-05,120,2000
recency-weighted-15y,legislativeConflict-low,emergency-ablation,emergency,reasoned-with-fast-procedure,reasoned-emergency-review,ablation,shadowDocketAbuse,registered-component,0.3084263312052378,0.30069457866856486,0.3162304110308043,0.003934955598553558,120,2000
recency-weighted-15y,legislativeConflict-low,emergency-ablation,emergency,reasoned-with-fast-procedure,reasoned-emergency-review,ablation,institutionalDelayCost,additional-diagnostic,-0.00660998054190044,-0.006815763759316672,-0.006412038542064522,0.00010281073276709273,120,2000
recency-weighted-15y,legislativeConflict-low,screening-ablation,screening,council-with-full-court-structure,constitutional-council,ablation,directCourtCost,registered-diagnostic,-0.09716090833333332,-0.09730009583333334,-0.09702244624999998,7.304319258226444e-05,120,2000
recency-weighted-15y,legislativeConflict-low,screening-ablation,screening,council-with-full-court-structure,constitutional-council,ablation,upstreamScreeningCost,registered-component,-5.826919016972687e-05,-0.00012048826690345796,4.378560739328436e-06,3.186361030288956e-05,120,2000
recency-weighted-15y,legislativeConflict-low,screening-ablation,screening,council-with-full-court-structure,constitutional-council,ablation,capacityStrainCost,registered-diagnostic,-0.04265210862677984,-0.043247161465127124,-0.04207106179596019,0.00030395280551248773,120,2000
recency-weighted-15y,legislativeConflict-low,screening-ablation,screening,council-with-full-court-structure,constitutional-council,ablation,totalInstitutionalCost,registered-diagnostic,-0.05016099192217115,-0.05028965966415129,-0.05003299618883735,6.738228310512719e-05,120,2000
recency-weighted-15y,legislativeConflict-low,screening-ablation,screening,council-with-full-court-structure,constitutional-council,ablation,intakeAcceptanceRate,registered-diagnostic,2.047087561591228e-05,-2.4621252943080716e-06,4.326097253522964e-05,1.1662935281325953e-05,120,2000
recency-weighted-15y,legislativeConflict-low,screening-ablation,screening,council-with-full-court-structure,constitutional-council,ablation,councilScreenRate,registered-component,-1.0,-1.0,-1.0,0.0,120,2000
recency-weighted-15y,legislativeConflict-low,screening-ablation,screening,council-with-full-court-structure,constitutional-council,ablation,administrativeLoad,additional-diagnostic,-0.23930979166666674,-0.24022055729166675,-0.2384267447916667,0.0004741250691725807,120,2000
recency-weighted-15y,legislativeConflict-low,weak-form-half,weak-form,weak-form-half-response,weak-form-review,ablation,legislativeResponseRate,registered-component,-0.14125,-0.14885416666666668,-0.13354166666666664,0.003890347532235215,120,2000
recency-weighted-15y,legislativeConflict-low,weak-form-half,weak-form,weak-form-half-response,weak-form-review,ablation,legislativeResponseCredibility,registered-component,-0.3258226971071203,-0.32688841262191726,-0.32475068586044864,0.0005675918550423608,120,2000
recency-weighted-15y,legislativeConflict-low,weak-form-half,weak-form,weak-form-half-response,weak-form-review,ablation,timelyLegislativeResponseRate,registered-component,-0.23056633414947836,-0.24393250988576243,-0.21635563630356125,0.0070969264000368,120,2000
recency-weighted-15y,legislativeConflict-low,weak-form-half,weak-form,weak-form-half-response,weak-form-review,ablation,rightsProtection,registered-component,-0.01381098126158694,-0.014862088043967242,-0.012761360021230806,0.0005405934661148232,120,2000
recency-weighted-15y,legislativeConflict-low,weak-form-half,weak-form,weak-form-half-response,weak-form-review,ablation,complianceRate,registered-component,-0.008854166666666679,-0.02094531250000001,0.0032291666666666523,0.006273408253462588,120,2000
recency-weighted-15y,legislativeConflict-low,weak-form-half,weak-form,weak-form-half-response,weak-form-review,ablation,democraticResponsiveness,registered-component,-0.021416617644719593,-0.02273972170521118,-0.020031870471560048,0.000685917469458963,120,2000
recency-weighted-15y,legislativeConflict-low,weak-form-half,weak-form,weak-form-half-response,weak-form-review,ablation,vetoRelocationRisk,registered-component,0.022371088863185288,0.02118408688008206,0.023547872892262844,0.0006067574304414052,120,2000
recency-weighted-15y,legislativeConflict-low,weak-form-half,weak-form,weak-form-half-response,weak-form-review,ablation,totalInstitutionalCost,registered-diagnostic,-0.0014167452473899157,-0.0015970944686233425,-0.001233408558471594,9.677340412823361e-05,120,2000
recency-weighted-15y,legislativeConflict-low,weak-form-half,weak-form,weak-form-half-response,weak-form-review,ablation,averageLegislativeResponseDelay,additional-diagnostic,0.08306452530394734,0.07948052604447191,0.08675409269202025,0.0017768833610711885,120,2000
recency-weighted-15y,legislativeConflict-low,weak-form-off,weak-form,weak-form-no-response,weak-form-review,ablation,legislativeResponseRate,registered-component,-0.28239583333333335,-0.29031510416666667,-0.2745807291666667,0.004151308793627221,120,2000
recency-weighted-15y,legislativeConflict-low,weak-form-off,weak-form,weak-form-no-response,weak-form-review,ablation,legislativeResponseCredibility,registered-component,-0.6518891442142406,-0.6532848127738561,-0.6505597302282038,0.000702263213358613,120,2000
recency-weighted-15y,legislativeConflict-low,weak-form-off,weak-form,weak-form-no-response,weak-form-review,ablation,timelyLegislativeResponseRate,registered-component,-0.23116157224471642,-0.24458867041343788,-0.2173039836495227,0.0070056675262616785,120,2000
recency-weighted-15y,legislativeConflict-low,weak-form-off,weak-form,weak-form-no-response,weak-form-review,ablation,rightsProtection,registered-component,-0.022395740090512976,-0.02348731552993151,-0.021251195791311336,0.0005702881985700855,120,2000
recency-weighted-15y,legislativeConflict-low,weak-form-off,weak-form,weak-form-no-response,weak-form-review,ablation,complianceRate,registered-component,-0.005104166666666668,-0.016458333333333332,0.006044270833333321,0.005789203512149897,120,2000
recency-weighted-15y,legislativeConflict-low,weak-form-off,weak-form,weak-form-no-response,weak-form-review,ablation,democraticResponsiveness,registered-component,-0.04297429092569078,-0.04438310955658131,-0.041493648705620875,0.000749552995555755,120,2000
recency-weighted-15y,legislativeConflict-low,weak-form-off,weak-form,weak-form-no-response,weak-form-review,ablation,vetoRelocationRisk,registered-component,0.04515781431623613,0.04384809676056658,0.046435835274151474,0.0006825228726606844,120,2000
recency-weighted-15y,legislativeConflict-low,weak-form-off,weak-form,weak-form-no-response,weak-form-review,ablation,totalInstitutionalCost,registered-diagnostic,-0.0027027982706200734,-0.0029035733649424187,-0.0024921584648105494,0.00010750703315627097,120,2000
recency-weighted-15y,legislativeConflict-low,weak-form-off,weak-form,weak-form-no-response,weak-form-review,ablation,averageLegislativeResponseDelay,additional-diagnostic,-0.3759167923744941,-0.37771306427555573,-0.37409845379568585,0.0008923192093431661,120,2000
recency-weighted-15y,legislativeConflict-low,weak-form-half-v-current,weak-form,weak-form-half-response,current-federal-court,persistence,legislativeResponseRate,registered-component,0.14114583333333333,0.13426822916666667,0.14760416666666665,0.0035914054534985653,120,2000
recency-weighted-15y,legislativeConflict-low,weak-form-half-v-current,weak-form,weak-form-half-response,current-federal-court,persistence,legislativeResponseCredibility,registered-component,-0.2656976971071204,-0.2664671626435669,-0.2649661000737758,0.0003921123073930935,120,2000
recency-weighted-15y,legislativeConflict-low,weak-form-half-v-current,weak-form,weak-form-half-response,current-federal-court,persistence,timelyLegislativeResponseRate,registered-component,0.0005952380952380952,0.0,0.0017857142857142857,0.0005952380952380952,120,2000
recency-weighted-15y,legislativeConflict-low,weak-form-half-v-current,weak-form,weak-form-half-response,current-federal-court,persistence,rightsProtection,registered-component,0.012521967616959069,0.010853941555118382,0.014175559571213421,0.0008656920656993073,120,2000
recency-weighted-15y,legislativeConflict-low,weak-form-half-v-current,weak-form,weak-form-half-response,current-federal-court,persistence,complianceRate,registered-component,0.3067708333333333,0.2890625,0.32479427083333334,0.009409537029472293,120,2000
recency-weighted-15y,legislativeConflict-low,weak-form-half-v-current,weak-form,weak-form-half-response,current-federal-court,persistence,democraticResponsiveness,registered-component,0.06905503188199354,0.06674246792746391,0.07137184740601107,0.0012156565869290436,120,2000
recency-weighted-15y,legislativeConflict-low,weak-form-half-v-current,weak-form,weak-form-half-response,current-federal-court,persistence,vetoRelocationRisk,registered-component,-0.31911346904519744,-0.32020400417129286,-0.31795107999103916,0.0006051186091765641,120,2000
recency-weighted-15y,legislativeConflict-low,weak-form-half-v-current,weak-form,weak-form-half-response,current-federal-court,persistence,totalInstitutionalCost,registered-diagnostic,-0.09493319673401483,-0.0951239864944459,-0.09473726092708268,9.859277959733682e-05,120,2000
recency-weighted-15y,legislativeConflict-low,weak-form-half-v-current,weak-form,weak-form-half-response,current-federal-court,persistence,averageLegislativeResponseDelay,additional-diagnostic,0.4589813176784414,0.4559591202463825,0.46199952275783884,0.0015267639908834523,120,2000
recency-weighted-15y,legislativeConflict-low,weak-form-off-v-current,weak-form,weak-form-no-response,current-federal-court,persistence,legislativeResponseRate,registered-component,0.0,0.0,0.0,0.0,120,2000
recency-weighted-15y,legislativeConflict-low,weak-form-off-v-current,weak-form,weak-form-no-response,current-federal-court,persistence,legislativeResponseCredibility,registered-component,-0.5917641442142406,-0.5925545054427447,-0.5910047324364486,0.00039304941633992854,120,2000
recency-weighted-15y,legislativeConflict-low,weak-form-off-v-current,weak-form,weak-form-no-response,current-federal-court,persistence,timelyLegislativeResponseRate,registered-component,0.0,0.0,0.0,0.0,120,2000
recency-weighted-15y,legislativeConflict-low,weak-form-off-v-current,weak-form,weak-form-no-response,current-federal-court,persistence,rightsProtection,registered-component,0.003937208788033033,0.002192038550556336,0.005795703496453294,0.0008983244681048055,120,2000
recency-weighted-15y,legislativeConflict-low,weak-form-off-v-current,weak-form,weak-form-no-response,current-federal-court,persistence,complianceRate,registered-component,0.31052083333333336,0.2935416666666667,0.3275026041666666,0.009011687858630659,120,2000
recency-weighted-15y,legislativeConflict-low,weak-form-off-v-current,weak-form,weak-form-no-response,current-federal-court,persistence,democraticResponsiveness,registered-component,0.04749735860102235,0.04546717439479326,0.04964954697168566,0.0010928308360249467,120,2000
recency-weighted-15y,legislativeConflict-low,weak-form-off-v-current,weak-form,weak-form-no-response,current-federal-court,persistence,vetoRelocationRisk,registered-component,-0.2963267435921466,-0.2967285069869204,-0.2959321669548443,0.00020642931971931333,120,2000
recency-weighted-15y,legislativeConflict-low,weak-form-off-v-current,weak-form,weak-form-no-response,current-federal-court,persistence,totalInstitutionalCost,registered-diagnostic,-0.096219249757245,-0.09639364706448596,-0.09605117046231515,8.810816986356545e-05,120,2000
recency-weighted-15y,legislativeConflict-low,weak-form-off-v-current,weak-form,weak-form-no-response,current-federal-court,persistence,averageLegislativeResponseDelay,additional-diagnostic,0.0,0.0,0.0,0.0,120,2000
recency-weighted-15y,legislativeConflict-high,emergency-base,emergency,reasoned-emergency-review,current-federal-court,base,emergencyReasonGivingRate,registered-component,0.8517973313336374,0.8265972328945074,0.8754929572614278,0.012872147339328724,120,2000
recency-weighted-15y,legislativeConflict-high,emergency-base,emergency,reasoned-emergency-review,current-federal-court,base,meritsFollowUpRate,registered-component,1.0,1.0,1.0,0.0,120,2000
recency-weighted-15y,legislativeConflict-high,emergency-base,emergency,reasoned-emergency-review,current-federal-court,base,averageTimeToReview,registered-component,0.0,0.0,0.0,0.0,120,2000
recency-weighted-15y,legislativeConflict-high,emergency-base,emergency,reasoned-emergency-review,current-federal-court,base,totalInstitutionalCost,registered-component,0.009583983283864615,0.009439185168405598,0.009730094469608581,7.602344938857067e-05,120,2000
recency-weighted-15y,legislativeConflict-high,emergency-base,emergency,reasoned-emergency-review,current-federal-court,base,shadowDocketAbuse,registered-component,-0.33191856536541053,-0.3400737642490536,-0.324034559527715,0.004116702862142462,120,2000
recency-weighted-15y,legislativeConflict-high,emergency-base,emergency,reasoned-emergency-review,current-federal-court,base,institutionalDelayCost,additional-diagnostic,0.008375991880589025,0.008180126047842184,0.008563067882050527,9.999724781091827e-05,120,2000
recency-weighted-15y,legislativeConflict-high,screening-base,screening,constitutional-council,current-federal-court,base,directCourtCost,registered-diagnostic,0.13583745000000003,0.13571780812500003,0.13595846000000003,6.083087134805308e-05,120,2000
recency-weighted-15y,legislativeConflict-high,screening-base,screening,constitutional-council,current-federal-court,base,upstreamScreeningCost,registered-component,0.0019300272505787947,0.0018585776518122855,0.002000926064356938,3.590589502167736e-05,120,2000
recency-weighted-15y,legislativeConflict-high,screening-base,screening,constitutional-council,current-federal-court,base,capacityStrainCost,registered-diagnostic,0.06328723483371922,0.0625512232903947,0.06402708657233487,0.00036530148823614005,120,2000
recency-weighted-15y,legislativeConflict-high,screening-base,screening,constitutional-council,current-federal-court,base,totalInstitutionalCost,registered-diagnostic,0.08282305261781465,0.08267051669568617,0.08297336106448013,7.504921453521043e-05,120,2000
recency-weighted-15y,legislativeConflict-high,screening-base,screening,constitutional-council,current-federal-court,base,intakeAcceptanceRate,registered-diagnostic,-0.0007374319005834985,-0.0007653048996422537,-0.000709170771446195,1.401041804426533e-05,120,2000
recency-weighted-15y,legislativeConflict-high,screening-base,screening,constitutional-council,current-federal-court,base,councilScreenRate,registered-component,1.0,1.0,1.0,0.0,120,2000
recency-weighted-15y,legislativeConflict-high,screening-base,screening,constitutional-council,current-federal-court,base,administrativeLoad,additional-diagnostic,0.24666000000000013,0.24561201562500012,0.24769475000000007,0.000513558430857443,120,2000
recency-weighted-15y,legislativeConflict-high,weak-form-base,weak-form,weak-form-review,current-federal-court,base,legislativeResponseRate,registered-component,0.34458333333333335,0.33551562500000004,0.3532291666666667,0.004776915242534706,120,2000
recency-weighted-15y,legislativeConflict-high,weak-form-base,weak-form,weak-form-review,current-federal-court,base,legislativeResponseCredibility,registered-component,0.06905833333333326,0.0677351041666666,0.07033755208333325,0.0007212263747674044,120,2000
recency-weighted-15y,legislativeConflict-high,weak-form-base,weak-form,weak-form-review,current-federal-court,base,timelyLegislativeResponseRate,registered-component,0.0,0.0,0.0,0.0,120,2000
recency-weighted-15y,legislativeConflict-high,weak-form-base,weak-form,weak-form-review,current-federal-court,base,rightsProtection,registered-component,0.02739179166277971,0.02551656993550825,0.029319563474531674,0.0009777968933905017,120,2000
recency-weighted-15y,legislativeConflict-high,weak-form-base,weak-form,weak-form-review,current-federal-court,base,complianceRate,registered-component,0.29104166666666664,0.26916666666666667,0.314375,0.011733486493740307,120,2000
recency-weighted-15y,legislativeConflict-high,weak-form-base,weak-form,weak-form-review,current-federal-court,base,democraticResponsiveness,registered-component,0.06955552538383862,0.0671231841267813,0.07193076519554316,0.0011969902962897763,120,2000
recency-weighted-15y,legislativeConflict-high,weak-form-base,weak-form,weak-form-review,current-federal-court,base,vetoRelocationRisk,registered-component,-0.3483043794964259,-0.34972001470705,-0.34684926745792366,0.0007642189526046091,120,2000
recency-weighted-15y,legislativeConflict-high,weak-form-base,weak-form,weak-form-review,current-federal-court,base,totalInstitutionalCost,registered-diagnostic,-0.09206323041822174,-0.09224465314355902,-0.09187752943133762,9.887358016252704e-05,120,2000
recency-weighted-15y,legislativeConflict-high,weak-form-base,weak-form,weak-form-review,current-federal-court,base,averageLegislativeResponseDelay,additional-diagnostic,0.46871238966660206,0.4668942352546669,0.4705666007928302,0.0009050595948590085,120,2000
recency-weighted-15y,legislativeConflict-high,emergency-ablation,emergency,reasoned-with-fast-procedure,reasoned-emergency-review,ablation,emergencyReasonGivingRate,registered-component,-0.6962865843824387,-0.7220988277071789,-0.6686509669575722,0.013487074467592758,120,2000
recency-weighted-15y,legislativeConflict-high,emergency-ablation,emergency,reasoned-with-fast-procedure,reasoned-emergency-review,ablation,meritsFollowUpRate,registered-component,-1.0,-1.0,-1.0,0.0,120,2000
recency-weighted-15y,legislativeConflict-high,emergency-ablation,emergency,reasoned-with-fast-procedure,reasoned-emergency-review,ablation,averageTimeToReview,registered-component,0.0,0.0,0.0,0.0,120,2000
recency-weighted-15y,legislativeConflict-high,emergency-ablation,emergency,reasoned-with-fast-procedure,reasoned-emergency-review,ablation,totalInstitutionalCost,registered-component,-0.004299974097824329,-0.004444908684800756,-0.004161938060274887,7.560288254225004e-05,120,2000
recency-weighted-15y,legislativeConflict-high,emergency-ablation,emergency,reasoned-with-fast-procedure,reasoned-emergency-review,ablation,shadowDocketAbuse,registered-component,0.31448154223707847,0.3065290981943993,0.32263726573579393,0.00421945125065212,120,2000
recency-weighted-15y,legislativeConflict-high,emergency-ablation,emergency,reasoned-with-fast-procedure,reasoned-emergency-review,ablation,institutionalDelayCost,additional-diagnostic,-0.006681357315980244,-0.0068708103688844046,-0.006485090667182782,9.964577183065162e-05,120,2000
recency-weighted-15y,legislativeConflict-high,screening-ablation,screening,council-with-full-court-structure,constitutional-council,ablation,directCourtCost,registered-diagnostic,-0.097187225,-0.09732157083333333,-0.09704393645833334,6.926049704795921e-05,120,2000
recency-weighted-15y,legislativeConflict-high,screening-ablation,screening,council-with-full-court-structure,constitutional-council,ablation,upstreamScreeningCost,registered-component,-1.0662912766917776e-05,-6.862813641988428e-05,4.8344290717258775e-05,2.9338464207889866e-05,120,2000
recency-weighted-15y,legislativeConflict-high,screening-ablation,screening,council-with-full-court-structure,constitutional-council,ablation,capacityStrainCost,registered-diagnostic,-0.04303952110851129,-0.043645537971561184,-0.04241763515054473,0.0003091428257416492,120,2000
recency-weighted-15y,legislativeConflict-high,screening-ablation,screening,council-with-full-court-structure,constitutional-council,ablation,totalInstitutionalCost,registered-diagnostic,-0.050230365893302514,-0.05036220839814634,-0.05009150972617269,6.729878712868042e-05,120,2000
recency-weighted-15y,legislativeConflict-high,screening-ablation,screening,council-with-full-court-structure,constitutional-council,ablation,intakeAcceptanceRate,registered-diagnostic,4.0327109186006314e-06,-1.7899634345857444e-05,2.543408635934995e-05,1.098374792419877e-05,120,2000
recency-weighted-15y,legislativeConflict-high,screening-ablation,screening,council-with-full-court-structure,constitutional-council,ablation,councilScreenRate,registered-component,-1.0,-1.0,-1.0,0.0,120,2000
recency-weighted-15y,legislativeConflict-high,screening-ablation,screening,council-with-full-court-structure,constitutional-council,ablation,administrativeLoad,additional-diagnostic,-0.23979812500000008,-0.24070785416666673,-0.23881957291666678,0.0004644084105477266,120,2000
recency-weighted-15y,legislativeConflict-high,weak-form-half,weak-form,weak-form-half-response,weak-form-review,ablation,legislativeResponseRate,registered-component,-0.17541666666666667,-0.18427083333333333,-0.16645833333333335,0.004788811413343367,120,2000
recency-weighted-15y,legislativeConflict-high,weak-form-half,weak-form,weak-form-half-response,weak-form-review,ablation,legislativeResponseCredibility,registered-component,-0.28324295099650587,-0.2843505830038721,-0.28215234621402835,0.0005784933878310726,120,2000
recency-weighted-15y,legislativeConflict-high,weak-form-half,weak-form,weak-form-half-response,weak-form-review,ablation,timelyLegislativeResponseRate,registered-component,0.0,0.0,0.0,0.0,120,2000
recency-weighted-15y,legislativeConflict-high,weak-form-half,weak-form,weak-form-half-response,weak-form-review,ablation,rightsProtection,registered-component,-0.011714019057263237,-0.012501631184078679,-0.010910156798091642,0.00042320242989377104,120,2000
recency-weighted-15y,legislativeConflict-high,weak-form-half,weak-form,weak-form-half-response,weak-form-review,ablation,complianceRate,registered-component,-0.05197916666666667,-0.07822916666666667,-0.025208333333333333,0.013935434596349062,120,2000
recency-weighted-15y,legislativeConflict-high,weak-form-half,weak-form,weak-form-half-response,weak-form-review,ablation,democraticResponsiveness,registered-component,-0.027588822175243135,-0.029005760054887746,-0.02614145225364839,0.000743126245661849,120,2000
recency-weighted-15y,legislativeConflict-high,weak-form-half,weak-form,weak-form-half-response,weak-form-review,ablation,vetoRelocationRisk,registered-component,0.027788582991437674,0.026379931323999625,0.029235707314164354,0.0007572093264930608,120,2000
recency-weighted-15y,legislativeConflict-high,weak-form-half,weak-form,weak-form-half-response,weak-form-review,ablation,totalInstitutionalCost,registered-diagnostic,-0.0017662107723447006,-0.001975756792703555,-0.00155954741256954,0.00011013822012960668,120,2000
recency-weighted-15y,legislativeConflict-high,weak-form-half,weak-form,weak-form-half-response,weak-form-review,ablation,averageLegislativeResponseDelay,additional-diagnostic,0.0722784884478605,0.06922086682074667,0.07524677078187421,0.00151789770519885,120,2000
recency-weighted-15y,legislativeConflict-high,weak-form-off,weak-form,weak-form-no-response,weak-form-review,ablation,legislativeResponseRate,registered-component,-0.34458333333333335,-0.3532291666666667,-0.3355156250000001,0.004776915242534706,120,2000
recency-weighted-15y,legislativeConflict-high,weak-form-off,weak-form,weak-form-no-response,weak-form-review,ablation,legislativeResponseCredibility,registered-component,-0.5658296519930117,-0.5672223596345114,-0.5644261787624417,0.0007804517059295458,120,2000
recency-weighted-15y,legislativeConflict-high,weak-form-off,weak-form,weak-form-no-response,weak-form-review,ablation,timelyLegislativeResponseRate,registered-component,0.0,0.0,0.0,0.0,120,2000
recency-weighted-15y,legislativeConflict-high,weak-form-off,weak-form,weak-form-no-response,weak-form-review,ablation,rightsProtection,registered-component,-0.02033188265173645,-0.0215325316717018,-0.01913425094508341,0.0006017843736432569,120,2000
recency-weighted-15y,legislativeConflict-high,weak-form-off,weak-form,weak-form-no-response,weak-form-review,ablation,complianceRate,registered-component,-0.07875,-0.10833333333333332,-0.0499947916666667,0.014691922646012488,120,2000
recency-weighted-15y,legislativeConflict-high,weak-form-off,weak-form,weak-form-no-response,weak-form-review,ablation,democraticResponsiveness,registered-component,-0.05332319798265384,-0.054801779811701215,-0.05177247727603933,0.0007878790139914256,120,2000
recency-weighted-15y,legislativeConflict-high,weak-form-off,weak-form,weak-form-no-response,weak-form-review,ablation,vetoRelocationRisk,registered-component,0.05479497627683733,0.05321989683240533,0.056253783196215844,0.0008069497905141046,120,2000
recency-weighted-15y,legislativeConflict-high,weak-form-off,weak-form,weak-form-no-response,weak-form-review,ablation,totalInstitutionalCost,registered-diagnostic,-0.0032899139238630145,-0.0034960368810117446,-0.0030795198920227584,0.00010845025423640989,120,2000
recency-weighted-15y,legislativeConflict-high,weak-form-off,weak-form,weak-form-no-response,weak-form-review,ablation,averageLegislativeResponseDelay,additional-diagnostic,-0.46871238966660206,-0.47056660079283025,-0.4668942352546669,0.0009050595948590085,120,2000
recency-weighted-15y,legislativeConflict-high,weak-form-half-v-current,weak-form,weak-form-half-response,current-federal-court,persistence,legislativeResponseRate,registered-component,0.16916666666666666,0.16260416666666666,0.17604166666666668,0.003550152546005119,120,2000
recency-weighted-15y,legislativeConflict-high,weak-form-half-v-current,weak-form,weak-form-half-response,current-federal-court,persistence,legislativeResponseCredibility,registered-component,-0.2141846176631726,-0.21498616613745705,-0.21335956768111014,0.00042084530460754273,120,2000
recency-weighted-15y,legislativeConflict-high,weak-form-half-v-current,weak-form,weak-form-half-response,current-federal-court,persistence,timelyLegislativeResponseRate,registered-component,0.0,0.0,0.0,0.0,120,2000
recency-weighted-15y,legislativeConflict-high,weak-form-half-v-current,weak-form,weak-form-half-response,current-federal-court,persistence,rightsProtection,registered-component,0.015677772605516473,0.013733204417628573,0.01755993735205396,0.0010045500843000816,120,2000
recency-weighted-15y,legislativeConflict-high,weak-form-half-v-current,weak-form,weak-form-half-response,current-federal-court,persistence,complianceRate,registered-component,0.2390625,0.2153125,0.2644817708333333,0.012607696510148744,120,2000
recency-weighted-15y,legislativeConflict-high,weak-form-half-v-current,weak-form,weak-form-half-response,current-federal-court,persistence,democraticResponsiveness,registered-component,0.041966703208595475,0.0395295375409182,0.04450054480913229,0.0013026910191569266,120,2000
recency-weighted-15y,legislativeConflict-high,weak-form-half-v-current,weak-form,weak-form-half-response,current-federal-court,persistence,vetoRelocationRisk,registered-component,-0.32051579650498824,-0.32174178326297365,-0.31933843989173794,0.0006252858504372224,120,2000
recency-weighted-15y,legislativeConflict-high,weak-form-half-v-current,weak-form,weak-form-half-response,current-federal-court,persistence,totalInstitutionalCost,registered-diagnostic,-0.09382944119056645,-0.09403461927151203,-0.09363787983002707,0.00010312411147959743,120,2000
recency-weighted-15y,legislativeConflict-high,weak-form-half-v-current,weak-form,weak-form-half-response,current-federal-court,persistence,averageLegislativeResponseDelay,additional-diagnostic,0.5409908781144626,0.5382862238118546,0.5437072426411005,0.0014082517849588409,120,2000
recency-weighted-15y,legislativeConflict-high,weak-form-off-v-current,weak-form,weak-form-no-response,current-federal-court,persistence,legislativeResponseRate,registered-component,0.0,0.0,0.0,0.0,120,2000
recency-weighted-15y,legislativeConflict-high,weak-form-off-v-current,weak-form,weak-form-no-response,current-federal-court,persistence,legislativeResponseCredibility,registered-component,-0.49677131865967844,-0.4974761663772593,-0.4960718818760766,0.0003698418868103278,120,2000
recency-weighted-15y,legislativeConflict-high,weak-form-off-v-current,weak-form,weak-form-no-response,current-federal-court,persistence,timelyLegislativeResponseRate,registered-component,0.0,0.0,0.0,0.0,120,2000
recency-weighted-15y,legislativeConflict-high,weak-form-off-v-current,weak-form,weak-form-no-response,current-federal-court,persistence,rightsProtection,registered-component,0.007059909011043263,0.005019635115995792,0.009173065003403843,0.0010803706274524604,120,2000
recency-weighted-15y,legislativeConflict-high,weak-form-off-v-current,weak-form,weak-form-no-response,current-federal-court,persistence,complianceRate,registered-component,0.21229166666666666,0.18739583333333334,0.23667447916666662,0.012279197730121656,120,2000
recency-weighted-15y,legislativeConflict-high,weak-form-off-v-current,weak-form,weak-form-no-response,current-federal-court,persistence,democraticResponsiveness,registered-component,0.016232327401184767,0.01372298179537741,0.018746921686633188,0.0012440776588256441,120,2000
recency-weighted-15y,legislativeConflict-high,weak-form-off-v-current,weak-form,weak-form-no-response,current-federal-court,persistence,vetoRelocationRisk,registered-component,-0.29350940321958857,-0.29394162856944017,-0.29309174039231783,0.00021976100103004203,120,2000
recency-weighted-15y,legislativeConflict-high,weak-form-off-v-current,weak-form,weak-form-no-response,current-federal-court,persistence,totalInstitutionalCost,registered-diagnostic,-0.09535314434208476,-0.09554419943395666,-0.09516365897805355,9.771478263788638e-05,120,2000
recency-weighted-15y,legislativeConflict-high,weak-form-off-v-current,weak-form,weak-form-no-response,current-federal-court,persistence,averageLegislativeResponseDelay,additional-diagnostic,0.0,0.0,0.0,0.0,120,2000
recency-weighted-15y,implementationCapacity-low,emergency-base,emergency,reasoned-emergency-review,current-federal-court,base,emergencyReasonGivingRate,registered-component,0.851216901804494,0.8240135130756705,0.8776136684017075,0.01360673506752078,120,2000
recency-weighted-15y,implementationCapacity-low,emergency-base,emergency,reasoned-emergency-review,current-federal-court,base,meritsFollowUpRate,registered-component,1.0,1.0,1.0,0.0,120,2000
recency-weighted-15y,implementationCapacity-low,emergency-base,emergency,reasoned-emergency-review,current-federal-court,base,averageTimeToReview,registered-component,0.0,0.0,0.0,0.0,120,2000
recency-weighted-15y,implementationCapacity-low,emergency-base,emergency,reasoned-emergency-review,current-federal-court,base,totalInstitutionalCost,registered-component,0.009614603888715748,0.009480069527832992,0.009751451639849794,7.140703609608004e-05,120,2000
recency-weighted-15y,implementationCapacity-low,emergency-base,emergency,reasoned-emergency-review,current-federal-court,base,shadowDocketAbuse,registered-component,-0.3297420458196808,-0.3373664842341453,-0.322379814155977,0.003999357965442014,120,2000
recency-weighted-15y,implementationCapacity-low,emergency-base,emergency,reasoned-emergency-review,current-federal-court,base,institutionalDelayCost,additional-diagnostic,0.008468085951521142,0.008277510672143763,0.008654860599924728,9.726080122702006e-05,120,2000
recency-weighted-15y,implementationCapacity-low,screening-base,screening,constitutional-council,current-federal-court,base,directCourtCost,registered-diagnostic,0.13584443333333332,0.13570796937500001,0.13597124749999998,6.698155703072012e-05,120,2000
recency-weighted-15y,implementationCapacity-low,screening-base,screening,constitutional-council,current-federal-court,base,upstreamScreeningCost,registered-component,0.002028924385250306,0.001958933271244061,0.002101029272821227,3.704342337764965e-05,120,2000
recency-weighted-15y,implementationCapacity-low,screening-base,screening,constitutional-council,current-federal-court,base,capacityStrainCost,registered-diagnostic,0.06329694125683356,0.06259465100741643,0.06396763928207685,0.00036542141552666705,120,2000
recency-weighted-15y,implementationCapacity-low,screening-base,screening,constitutional-council,current-federal-court,base,totalInstitutionalCost,registered-diagnostic,0.0828544106276384,0.0826947701230225,0.08299835461013727,7.794029282774749e-05,120,2000
recency-weighted-15y,implementationCapacity-low,screening-base,screening,constitutional-council,current-federal-court,base,intakeAcceptanceRate,registered-diagnostic,-0.0007667289739875882,-0.0007947232372610684,-0.000739665926792764,1.4338639116735137e-05,120,2000
recency-weighted-15y,implementationCapacity-low,screening-base,screening,constitutional-council,current-federal-court,base,councilScreenRate,registered-component,1.0,1.0,1.0,0.0,120,2000
recency-weighted-15y,implementationCapacity-low,screening-base,screening,constitutional-council,current-federal-court,base,administrativeLoad,additional-diagnostic,0.2466254166666668,0.2455210781250001,0.2476166666666668,0.0005375029300400009,120,2000
recency-weighted-15y,implementationCapacity-low,weak-form-base,weak-form,weak-form-review,current-federal-court,base,legislativeResponseRate,registered-component,0.31625000000000003,0.3076041666666667,0.3250026041666667,0.004522450223320204,120,2000
recency-weighted-15y,implementationCapacity-low,weak-form-base,weak-form,weak-form-review,current-federal-court,base,legislativeResponseCredibility,registered-component,0.06490624999999993,0.06352463541666659,0.0662563020833333,0.0006902980526088533,120,2000
recency-weighted-15y,implementationCapacity-low,weak-form-base,weak-form,weak-form-review,current-federal-court,base,timelyLegislativeResponseRate,registered-component,0.0,0.0,0.0,0.0,120,2000
recency-weighted-15y,implementationCapacity-low,weak-form-base,weak-form,weak-form-review,current-federal-court,base,rightsProtection,registered-component,0.02252813766753409,0.02060195217734907,0.024288668208972262,0.0009613971425022172,120,2000
recency-weighted-15y,implementationCapacity-low,weak-form-base,weak-form,weak-form-review,current-federal-court,base,complianceRate,registered-component,0.3511458333333334,0.3324973958333333,0.37000260416666664,0.009702773643691733,120,2000
recency-weighted-15y,implementationCapacity-low,weak-form-base,weak-form,weak-form-review,current-federal-court,base,democraticResponsiveness,registered-component,0.08331448778376566,0.08091669773999668,0.08576193829885281,0.001223389150652511,120,2000
recency-weighted-15y,implementationCapacity-low,weak-form-base,weak-form,weak-form-review,current-federal-court,base,vetoRelocationRisk,registered-component,-0.34549040118015567,-0.3468135128617222,-0.34409166711963485,0.0007188097833396164,120,2000
recency-weighted-15y,implementationCapacity-low,weak-form-base,weak-form,weak-form-review,current-federal-court,base,totalInstitutionalCost,registered-diagnostic,-0.09283680998153533,-0.0930305698103003,-0.0926391085627771,0.00010425351050644004,120,2000
recency-weighted-15y,implementationCapacity-low,weak-form-base,weak-form,weak-form-review,current-federal-court,base,averageLegislativeResponseDelay,additional-diagnostic,0.47496131376898915,0.472854465839785,0.47713778967263454,0.0010681455758437103,120,2000
recency-weighted-15y,implementationCapacity-low,emergency-ablation,emergency,reasoned-with-fast-procedure,reasoned-emergency-review,ablation,emergencyReasonGivingRate,registered-component,-0.6911942538771644,-0.7210119840562839,-0.6605386297116207,0.015395239411647036,120,2000
recency-weighted-15y,implementationCapacity-low,emergency-ablation,emergency,reasoned-with-fast-procedure,reasoned-emergency-review,ablation,meritsFollowUpRate,registered-component,-1.0,-1.0,-1.0,0.0,120,2000
recency-weighted-15y,implementationCapacity-low,emergency-ablation,emergency,reasoned-with-fast-procedure,reasoned-emergency-review,ablation,averageTimeToReview,registered-component,0.0,0.0,0.0,0.0,120,2000
recency-weighted-15y,implementationCapacity-low,emergency-ablation,emergency,reasoned-with-fast-procedure,reasoned-emergency-review,ablation,totalInstitutionalCost,registered-component,-0.004330766951886046,-0.0044919593843319675,-0.00418040056309464,7.853065859186516e-05,120,2000
recency-weighted-15y,implementationCapacity-low,emergency-ablation,emergency,reasoned-with-fast-procedure,reasoned-emergency-review,ablation,shadowDocketAbuse,registered-component,0.31327719866715054,0.30585955140629767,0.32081456279740217,0.0038753764150863024,120,2000
recency-weighted-15y,implementationCapacity-low,emergency-ablation,emergency,reasoned-with-fast-procedure,reasoned-emergency-review,ablation,institutionalDelayCost,additional-diagnostic,-0.006741743849323671,-0.006944827192099837,-0.006535824194257475,0.00010116147947310518,120,2000
recency-weighted-15y,implementationCapacity-low,screening-ablation,screening,council-with-full-court-structure,constitutional-council,ablation,directCourtCost,registered-diagnostic,-0.09726964999999997,-0.09741169854166665,-0.09713086666666665,7.251058712421328e-05,120,2000
recency-weighted-15y,implementationCapacity-low,screening-ablation,screening,council-with-full-court-structure,constitutional-council,ablation,upstreamScreeningCost,registered-component,2.6889393648936906e-05,-2.7972246977592978e-05,8.239096576824503e-05,2.8316329972286292e-05,120,2000
recency-weighted-15y,implementationCapacity-low,screening-ablation,screening,council-with-full-court-structure,constitutional-council,ablation,capacityStrainCost,registered-diagnostic,-0.04354559873756738,-0.04409618731264213,-0.04298383615743448,0.00028305739369345525,120,2000
recency-weighted-15y,implementationCapacity-low,screening-ablation,screening,council-with-full-court-structure,constitutional-council,ablation,totalInstitutionalCost,registered-diagnostic,-0.050344598110671684,-0.05047245039016801,-0.05021723766527103,6.555013992850202e-05,120,2000
recency-weighted-15y,implementationCapacity-low,screening-ablation,screening,council-with-full-court-structure,constitutional-council,ablation,intakeAcceptanceRate,registered-diagnostic,-9.552048432833032e-06,-3.033233413339366e-05,1.119198466352273e-05,1.0672042666269113e-05,120,2000
recency-weighted-15y,implementationCapacity-low,screening-ablation,screening,council-with-full-court-structure,constitutional-council,ablation,councilScreenRate,registered-component,-1.0,-1.0,-1.0,0.0,120,2000
recency-weighted-15y,implementationCapacity-low,screening-ablation,screening,council-with-full-court-structure,constitutional-council,ablation,administrativeLoad,additional-diagnostic,-0.24056125000000014,-0.24144111979166677,-0.23966805208333347,0.00045795813360596284,120,2000
recency-weighted-15y,implementationCapacity-low,weak-form-half,weak-form,weak-form-half-response,weak-form-review,ablation,legislativeResponseRate,registered-component,-0.155625,-0.16364583333333332,-0.14822656250000005,0.004091184286431768,120,2000
recency-weighted-15y,implementationCapacity-low,weak-form-half,weak-form,weak-form-half-response,weak-form-review,ablation,legislativeResponseCredibility,registered-component,-0.2779000420660463,-0.27898526397262147,-0.2768246208703543,0.0005620416136454627,120,2000
recency-weighted-15y,implementationCapacity-low,weak-form-half,weak-form,weak-form-half-response,weak-form-review,ablation,timelyLegislativeResponseRate,registered-component,0.0,0.0,0.0,0.0,120,2000
recency-weighted-15y,implementationCapacity-low,weak-form-half,weak-form,weak-form-half-response,weak-form-review,ablation,rightsProtection,registered-component,-0.009968429936499953,-0.010923129024479953,-0.009006145912837004,0.000498786088968446,120,2000
recency-weighted-15y,implementationCapacity-low,weak-form-half,weak-form,weak-form-half-response,weak-form-review,ablation,complianceRate,registered-component,-0.002500000000000003,-0.02291927083333334,0.01781510416666665,0.010361126443416786,120,2000
recency-weighted-15y,implementationCapacity-low,weak-form-half,weak-form,weak-form-half-response,weak-form-review,ablation,democraticResponsiveness,registered-component,-0.023421469339436563,-0.024874975335553277,-0.022004307708612118,0.0007649305435503156,120,2000
recency-weighted-15y,implementationCapacity-low,weak-form-half,weak-form,weak-form-half-response,weak-form-review,ablation,vetoRelocationRisk,registered-component,0.02516029066636246,0.023970910487638542,0.02644270517985789,0.0006599993279021481,120,2000
recency-weighted-15y,implementationCapacity-low,weak-form-half,weak-form,weak-form-half-response,weak-form-review,ablation,totalInstitutionalCost,registered-diagnostic,-0.0013086680622032762,-0.0014906454145021935,-0.001121490158931325,9.686984541671547e-05,120,2000
recency-weighted-15y,implementationCapacity-low,weak-form-half,weak-form,weak-form-half-response,weak-form-review,ablation,averageLegislativeResponseDelay,additional-diagnostic,0.07076271110625867,0.06741812730059858,0.07395567515756002,0.001691780622265215,120,2000
recency-weighted-15y,implementationCapacity-low,weak-form-off,weak-form,weak-form-no-response,weak-form-review,ablation,legislativeResponseRate,registered-component,-0.31625000000000003,-0.32500260416666665,-0.3076041666666667,0.004522450223320204,120,2000
recency-weighted-15y,implementationCapacity-low,weak-form-off,weak-form,weak-form-no-response,weak-form-review,ablation,legislativeResponseCredibility,registered-component,-0.5554250841320926,-0.5569590845368989,-0.553879396453592,0.0007858662874649007,120,2000
recency-weighted-15y,implementationCapacity-low,weak-form-off,weak-form,weak-form-no-response,weak-form-review,ablation,timelyLegislativeResponseRate,registered-component,0.0,0.0,0.0,0.0,120,2000
recency-weighted-15y,implementationCapacity-low,weak-form-off,weak-form,weak-form-no-response,weak-form-review,ablation,rightsProtection,registered-component,-0.01877654417492682,-0.019773844466059256,-0.017736081381090923,0.0005445560592916587,120,2000
recency-weighted-15y,implementationCapacity-low,weak-form-off,weak-form,weak-form-no-response,weak-form-review,ablation,complianceRate,registered-component,-0.016458333333333335,-0.036356770833333336,0.004895833333333328,0.010971880571806251,120,2000
recency-weighted-15y,implementationCapacity-low,weak-form-off,weak-form,weak-form-no-response,weak-form-review,ablation,democraticResponsiveness,registered-component,-0.04924009721183596,-0.050899236320355076,-0.047537555497860144,0.0008487955009234208,120,2000
recency-weighted-15y,implementationCapacity-low,weak-form-off,weak-form,weak-form-no-response,weak-form-review,ablation,vetoRelocationRisk,registered-component,0.05046873527518834,0.04899905785418786,0.051854736998094085,0.0007437264150375543,120,2000
recency-weighted-15y,implementationCapacity-low,weak-form-off,weak-form,weak-form-no-response,weak-form-review,ablation,totalInstitutionalCost,registered-diagnostic,-0.003040291982041052,-0.0032428607714762117,-0.0028384224491196396,0.00010259466735372476,120,2000
recency-weighted-15y,implementationCapacity-low,weak-form-off,weak-form,weak-form-no-response,weak-form-review,ablation,averageLegislativeResponseDelay,additional-diagnostic,-0.47496131376898915,-0.47713778967263454,-0.472854465839785,0.0010681455758437103,120,2000
recency-weighted-15y,implementationCapacity-low,weak-form-half-v-current,weak-form,weak-form-half-response,current-federal-court,persistence,legislativeResponseRate,registered-component,0.160625,0.15354166666666666,0.166875,0.0036405899670415025,120,2000
recency-weighted-15y,implementationCapacity-low,weak-form-half-v-current,weak-form,weak-form-half-response,current-federal-court,persistence,legislativeResponseCredibility,registered-component,-0.21299379206604635,-0.2137652992323695,-0.21219509898961347,0.0004087500191937546,120,2000
recency-weighted-15y,implementationCapacity-low,weak-form-half-v-current,weak-form,weak-form-half-response,current-federal-court,persistence,timelyLegislativeResponseRate,registered-component,0.0,0.0,0.0,0.0,120,2000
recency-weighted-15y,implementationCapacity-low,weak-form-half-v-current,weak-form,weak-form-half-response,current-federal-court,persistence,rightsProtection,registered-component,0.012559707731034136,0.01055347181503875,0.014473419488929041,0.001011715677073533,120,2000
recency-weighted-15y,implementationCapacity-low,weak-form-half-v-current,weak-form,weak-form-half-response,current-federal-court,persistence,complianceRate,registered-component,0.3486458333333333,0.3329166666666667,0.36416927083333334,0.008014009520433832,120,2000
recency-weighted-15y,implementationCapacity-low,weak-form-half-v-current,weak-form,weak-form-half-response,current-federal-court,persistence,democraticResponsiveness,registered-component,0.05989301844432909,0.057673735441659185,0.06200717642911756,0.0011432129367177227,120,2000
recency-weighted-15y,implementationCapacity-low,weak-form-half-v-current,weak-form,weak-form-half-response,current-federal-court,persistence,vetoRelocationRisk,registered-component,-0.32033011051379323,-0.32146404741878304,-0.31912495904795923,0.0006124262984413482,120,2000
recency-weighted-15y,implementationCapacity-low,weak-form-half-v-current,weak-form,weak-form-half-response,current-federal-court,persistence,totalInstitutionalCost,registered-diagnostic,-0.0941454780437386,-0.09432277398470493,-0.09396299015300916,9.543658745910733e-05,120,2000
recency-weighted-15y,implementationCapacity-low,weak-form-half-v-current,weak-form,weak-form-half-response,current-federal-court,persistence,averageLegislativeResponseDelay,additional-diagnostic,0.5457240248752478,0.5427654883963771,0.5483739908847376,0.001437713173289094,120,2000
recency-weighted-15y,implementationCapacity-low,weak-form-off-v-current,weak-form,weak-form-no-response,current-federal-court,persistence,legislativeResponseRate,registered-component,0.0,0.0,0.0,0.0,120,2000
recency-weighted-15y,implementationCapacity-low,weak-form-off-v-current,weak-form,weak-form-no-response,current-federal-court,persistence,legislativeResponseCredibility,registered-component,-0.49051883413209263,-0.4913414587379522,-0.4897127209000503,0.0004265334625668411,120,2000
recency-weighted-15y,implementationCapacity-low,weak-form-off-v-current,weak-form,weak-form-no-response,current-federal-court,persistence,timelyLegislativeResponseRate,registered-component,0.0,0.0,0.0,0.0,120,2000
recency-weighted-15y,implementationCapacity-low,weak-form-off-v-current,weak-form,weak-form-no-response,current-federal-court,persistence,rightsProtection,registered-component,0.0037515934926072693,0.001639742956236872,0.005917918696860069,0.0011290308313995248,120,2000
recency-weighted-15y,implementationCapacity-low,weak-form-off-v-current,weak-form,weak-form-no-response,current-federal-court,persistence,complianceRate,registered-component,0.3346875,0.31385156249999996,0.3547942708333333,0.010330309932854073,120,2000
recency-weighted-15y,implementationCapacity-low,weak-form-off-v-current,weak-form,weak-form-no-response,current-federal-court,persistence,democraticResponsiveness,registered-component,0.03407439057192969,0.03180546188351942,0.036302726587298884,0.001158938586431131,120,2000
recency-weighted-15y,implementationCapacity-low,weak-form-off-v-current,weak-form,weak-form-no-response,current-federal-court,persistence,vetoRelocationRisk,registered-component,-0.2950216659049673,-0.2954322628876241,-0.29462397191106837,0.00021360409581346615,120,2000
recency-weighted-15y,implementationCapacity-low,weak-form-off-v-current,weak-form,weak-form-no-response,current-federal-court,persistence,totalInstitutionalCost,registered-diagnostic,-0.09587710196357639,-0.09607431361858894,-0.09568095079206425,9.954187832528418e-05,120,2000
recency-weighted-15y,implementationCapacity-low,weak-form-off-v-current,weak-form,weak-form-no-response,current-federal-court,persistence,averageLegislativeResponseDelay,additional-diagnostic,0.0,0.0,0.0,0.0,120,2000
recency-weighted-15y,implementationCapacity-high,emergency-base,emergency,reasoned-emergency-review,current-federal-court,base,emergencyReasonGivingRate,registered-component,0.8449760490523359,0.8175696502624371,0.8715582953828714,0.013769836358836926,120,2000
recency-weighted-15y,implementationCapacity-high,emergency-base,emergency,reasoned-emergency-review,current-federal-court,base,meritsFollowUpRate,registered-component,1.0,1.0,1.0,0.0,120,2000
recency-weighted-15y,implementationCapacity-high,emergency-base,emergency,reasoned-emergency-review,current-federal-court,base,averageTimeToReview,registered-component,0.0,0.0,0.0,0.0,120,2000
recency-weighted-15y,implementationCapacity-high,emergency-base,emergency,reasoned-emergency-review,current-federal-court,base,totalInstitutionalCost,registered-component,0.009772035969995877,0.009612990105172097,0.00992902915955058,7.9577478010396e-05,120,2000
recency-weighted-15y,implementationCapacity-high,emergency-base,emergency,reasoned-emergency-review,current-federal-court,base,shadowDocketAbuse,registered-component,-0.3221926493827648,-0.3304074885258599,-0.3140078252417046,0.004199571005356934,120,2000
recency-weighted-15y,implementationCapacity-high,emergency-base,emergency,reasoned-emergency-review,current-federal-court,base,institutionalDelayCost,additional-diagnostic,0.008219642202667117,0.008013203046555428,0.008428990691721589,0.00010309619538473709,120,2000
recency-weighted-15y,implementationCapacity-high,screening-base,screening,constitutional-council,current-federal-court,base,directCourtCost,registered-diagnostic,0.13592986666666668,0.13580408875000002,0.1360529754166667,6.356238993014728e-05,120,2000
recency-weighted-15y,implementationCapacity-high,screening-base,screening,constitutional-council,current-federal-court,base,upstreamScreeningCost,registered-component,0.0019703473711627905,0.0018904741059508998,0.0020505660234893825,4.0283972925612525e-05,120,2000
recency-weighted-15y,implementationCapacity-high,screening-base,screening,constitutional-council,current-federal-court,base,capacityStrainCost,registered-diagnostic,0.06407173991410857,0.06332680623365945,0.06483298087532563,0.0003741127718318943,120,2000
recency-weighted-15y,implementationCapacity-high,screening-base,screening,constitutional-council,current-federal-court,base,totalInstitutionalCost,registered-diagnostic,0.08301469558434141,0.08286762750409317,0.08316872704939664,7.551742851096729e-05,120,2000
recency-weighted-15y,implementationCapacity-high,screening-base,screening,constitutional-council,current-federal-court,base,intakeAcceptanceRate,registered-diagnostic,-0.0007429365097090038,-0.0007750437314611919,-0.0007115051892869055,1.576442568386207e-05,120,2000
recency-weighted-15y,implementationCapacity-high,screening-base,screening,constitutional-council,current-federal-court,base,councilScreenRate,registered-component,1.0,1.0,1.0,0.0,120,2000
recency-weighted-15y,implementationCapacity-high,screening-base,screening,constitutional-council,current-federal-court,base,administrativeLoad,additional-diagnostic,0.2476745833333334,0.24666103645833337,0.24876066666666677,0.0005246827926040764,120,2000
recency-weighted-15y,implementationCapacity-high,weak-form-base,weak-form,weak-form-review,current-federal-court,base,legislativeResponseRate,registered-component,0.30874999999999997,0.30031250000000004,0.31677083333333333,0.004286443682095439,120,2000
recency-weighted-15y,implementationCapacity-high,weak-form-base,weak-form,weak-form-review,current-federal-court,base,legislativeResponseCredibility,registered-component,0.06358333333333337,0.062326927083333296,0.06476484375000004,0.0006393241828923723,120,2000
recency-weighted-15y,implementationCapacity-high,weak-form-base,weak-form,weak-form-review,current-federal-court,base,timelyLegislativeResponseRate,registered-component,0.2179560292711322,0.2029916498490453,0.23177690877998292,0.0072003299403543405,120,2000
recency-weighted-15y,implementationCapacity-high,weak-form-base,weak-form,weak-form-review,current-federal-court,base,rightsProtection,registered-component,0.028361007902393327,0.0267160719056124,0.02995337322694738,0.0008463763477568729,120,2000
recency-weighted-15y,implementationCapacity-high,weak-form-base,weak-form,weak-form-review,current-federal-court,base,complianceRate,registered-component,0.3811458333333333,0.36780989583333334,0.3951041666666667,0.006924392589914466,120,2000
recency-weighted-15y,implementationCapacity-high,weak-form-base,weak-form,weak-form-review,current-federal-court,base,democraticResponsiveness,registered-component,0.07932263188672921,0.07690935315749203,0.08165654793794101,0.0012461341911679195,120,2000
recency-weighted-15y,implementationCapacity-high,weak-form-base,weak-form,weak-form-review,current-federal-court,base,vetoRelocationRisk,registered-component,-0.344718420435329,-0.3460675798324916,-0.3433001071096381,0.0007135023150247893,120,2000
recency-weighted-15y,implementationCapacity-high,weak-form-base,weak-form,weak-form-review,current-federal-court,base,totalInstitutionalCost,registered-diagnostic,-0.09286393074866879,-0.09307487938726543,-0.09266671413472508,0.00010264228259381328,120,2000
recency-weighted-15y,implementationCapacity-high,weak-form-base,weak-form,weak-form-review,current-federal-court,base,averageLegislativeResponseDelay,additional-diagnostic,0.38099816742523523,0.37878369709942933,0.38298828968393495,0.0010488753391149784,120,2000
recency-weighted-15y,implementationCapacity-high,emergency-ablation,emergency,reasoned-with-fast-procedure,reasoned-emergency-review,ablation,emergencyReasonGivingRate,registered-component,-0.6815571052466807,-0.7082937565968781,-0.6530799629371125,0.014260538116435585,120,2000
recency-weighted-15y,implementationCapacity-high,emergency-ablation,emergency,reasoned-with-fast-procedure,reasoned-emergency-review,ablation,meritsFollowUpRate,registered-component,-1.0,-1.0,-1.0,0.0,120,2000
recency-weighted-15y,implementationCapacity-high,emergency-ablation,emergency,reasoned-with-fast-procedure,reasoned-emergency-review,ablation,averageTimeToReview,registered-component,0.0,0.0,0.0,0.0,120,2000
recency-weighted-15y,implementationCapacity-high,emergency-ablation,emergency,reasoned-with-fast-procedure,reasoned-emergency-review,ablation,totalInstitutionalCost,registered-component,-0.004404691295119719,-0.004533994485948713,-0.004274221876078942,6.572836991875258e-05,120,2000
recency-weighted-15y,implementationCapacity-high,emergency-ablation,emergency,reasoned-with-fast-procedure,reasoned-emergency-review,ablation,shadowDocketAbuse,registered-component,0.31074457754882123,0.30333866397752185,0.3182542554306829,0.003818972380707462,120,2000
recency-weighted-15y,implementationCapacity-high,emergency-ablation,emergency,reasoned-with-fast-procedure,reasoned-emergency-review,ablation,institutionalDelayCost,additional-diagnostic,-0.0066194512800074375,-0.006801839848581984,-0.006446338617591326,8.673394705146664e-05,120,2000
recency-weighted-15y,implementationCapacity-high,screening-ablation,screening,council-with-full-court-structure,constitutional-council,ablation,directCourtCost,registered-diagnostic,-0.09728936666666668,-0.09741971479166665,-0.09716393729166667,6.693706745194536e-05,120,2000
recency-weighted-15y,implementationCapacity-high,screening-ablation,screening,council-with-full-court-structure,constitutional-council,ablation,upstreamScreeningCost,registered-component,3.304279096888463e-06,-5.850369543496568e-05,6.355221052103224e-05,3.124909105057536e-05,120,2000
recency-weighted-15y,implementationCapacity-high,screening-ablation,screening,council-with-full-court-structure,constitutional-council,ablation,capacityStrainCost,registered-diagnostic,-0.04336149714726878,-0.043928131921304854,-0.042787298317140836,0.0002932098410003191,120,2000
recency-weighted-15y,implementationCapacity-high,screening-ablation,screening,council-with-full-court-structure,constitutional-council,ablation,totalInstitutionalCost,registered-diagnostic,-0.050323204563120956,-0.05044030589068443,-0.05021068717249106,6.059602965844583e-05,120,2000
recency-weighted-15y,implementationCapacity-high,screening-ablation,screening,council-with-full-court-structure,constitutional-council,ablation,intakeAcceptanceRate,registered-diagnostic,-3.822125980386682e-07,-2.304355244031181e-05,2.2009206016258986e-05,1.152045639237219e-05,120,2000
recency-weighted-15y,implementationCapacity-high,screening-ablation,screening,council-with-full-court-structure,constitutional-council,ablation,councilScreenRate,registered-component,-1.0,-1.0,-1.0,0.0,120,2000
recency-weighted-15y,implementationCapacity-high,screening-ablation,screening,council-with-full-court-structure,constitutional-council,ablation,administrativeLoad,additional-diagnostic,-0.2404233333333334,-0.24123034375000008,-0.23964297916666677,0.00042364100704228705,120,2000
recency-weighted-15y,implementationCapacity-high,weak-form-half,weak-form,weak-form-half-response,weak-form-review,ablation,legislativeResponseRate,registered-component,-0.15625,-0.16448177083333332,-0.1484375,0.004168416999307057,120,2000
recency-weighted-15y,implementationCapacity-high,weak-form-half,weak-form,weak-form-half-response,weak-form-review,ablation,legislativeResponseCredibility,registered-component,-0.3248979965202425,-0.3260429882773057,-0.32372503001919656,0.0005903663219567062,120,2000
recency-weighted-15y,implementationCapacity-high,weak-form-half,weak-form,weak-form-half-response,weak-form-review,ablation,timelyLegislativeResponseRate,registered-component,-0.2179560292711322,-0.23177690877998292,-0.20299164984904533,0.0072003299403543405,120,2000
recency-weighted-15y,implementationCapacity-high,weak-form-half,weak-form,weak-form-half-response,weak-form-review,ablation,rightsProtection,registered-component,-0.015429482204665524,-0.016437757942542937,-0.014399053742961195,0.0005255347950465388,120,2000
recency-weighted-15y,implementationCapacity-high,weak-form-half,weak-form,weak-form-half-response,weak-form-review,ablation,complianceRate,registered-component,-0.02489583333333334,-0.03875260416666668,-0.011458333333333345,0.007065953044787313,120,2000
recency-weighted-15y,implementationCapacity-high,weak-form-half,weak-form,weak-form-half-response,weak-form-review,ablation,democraticResponsiveness,registered-component,-0.02420477179669863,-0.02556308719177338,-0.02289774187873727,0.0006867031977870018,120,2000
recency-weighted-15y,implementationCapacity-high,weak-form-half,weak-form,weak-form-half-response,weak-form-review,ablation,vetoRelocationRisk,registered-component,0.025113074074750417,0.023878082720053935,0.026414437362908057,0.0006471866774548964,120,2000
recency-weighted-15y,implementationCapacity-high,weak-form-half,weak-form,weak-form-half-response,weak-form-review,ablation,totalInstitutionalCost,registered-diagnostic,-0.0014699872241991248,-0.001689973970409589,-0.0012621224250172834,0.00010914671070335378,120,2000
recency-weighted-15y,implementationCapacity-high,weak-form-half,weak-form,weak-form-half-response,weak-form-review,ablation,averageLegislativeResponseDelay,additional-diagnostic,0.08485504540487057,0.08119705603348908,0.08848631389489443,0.0018407209163301976,120,2000
recency-weighted-15y,implementationCapacity-high,weak-form-off,weak-form,weak-form-no-response,weak-form-review,ablation,legislativeResponseRate,registered-component,-0.30874999999999997,-0.31677083333333333,-0.30031250000000004,0.004286443682095439,120,2000
recency-weighted-15y,implementationCapacity-high,weak-form-off,weak-form,weak-form-no-response,weak-form-review,ablation,legislativeResponseCredibility,registered-component,-0.6496272430404849,-0.6511461733858731,-0.6481000007938942,0.0007822819584894747,120,2000
recency-weighted-15y,implementationCapacity-high,weak-form-off,weak-form,weak-form-no-response,weak-form-review,ablation,timelyLegislativeResponseRate,registered-component,-0.2179560292711322,-0.23177690877998292,-0.20299164984904533,0.0072003299403543405,120,2000
recency-weighted-15y,implementationCapacity-high,weak-form-off,weak-form,weak-form-no-response,weak-form-review,ablation,rightsProtection,registered-component,-0.024319559135764286,-0.02546283316512121,-0.023079008902524525,0.0006187310827750029,120,2000
recency-weighted-15y,implementationCapacity-high,weak-form-off,weak-form,weak-form-no-response,weak-form-review,ablation,complianceRate,registered-component,-0.014270833333333335,-0.027083333333333334,-0.0016666666666666635,0.006419780509244955,120,2000
recency-weighted-15y,implementationCapacity-high,weak-form-off,weak-form,weak-form-no-response,weak-form-review,ablation,democraticResponsiveness,registered-component,-0.047249819044337976,-0.048727133661672674,-0.0456628301864015,0.0007681109315901029,120,2000
recency-weighted-15y,implementationCapacity-high,weak-form-off,weak-form,weak-form-no-response,weak-form-review,ablation,vetoRelocationRisk,registered-component,0.04961395502074258,0.04820167405916282,0.050923105565024725,0.0007096784113361472,120,2000
recency-weighted-15y,implementationCapacity-high,weak-form-off,weak-form,weak-form-no-response,weak-form-review,ablation,totalInstitutionalCost,registered-diagnostic,-0.0027668583878557996,-0.002983323400992395,-0.0025581434478795647,0.00010312066656949898,120,2000
recency-weighted-15y,implementationCapacity-high,weak-form-off,weak-form,weak-form-no-response,weak-form-review,ablation,averageLegislativeResponseDelay,additional-diagnostic,-0.38099816742523523,-0.3829882896839349,-0.37878369709942933,0.0010488753391149784,120,2000
recency-weighted-15y,implementationCapacity-high,weak-form-half-v-current,weak-form,weak-form-half-response,current-federal-court,persistence,legislativeResponseRate,registered-component,0.1525,0.1453125,0.15947916666666667,0.0037177652846144813,120,2000
recency-weighted-15y,implementationCapacity-high,weak-form-half-v-current,weak-form,weak-form-half-response,current-federal-court,persistence,legislativeResponseCredibility,registered-component,-0.26131466318690916,-0.2621655009794689,-0.26043551378913893,0.0004419937080551424,120,2000
recency-weighted-15y,implementationCapacity-high,weak-form-half-v-current,weak-form,weak-form-half-response,current-federal-court,persistence,timelyLegislativeResponseRate,registered-component,0.0,0.0,0.0,0.0,120,2000
recency-weighted-15y,implementationCapacity-high,weak-form-half-v-current,weak-form,weak-form-half-response,current-federal-court,persistence,rightsProtection,registered-component,0.012931525697727804,0.011317630090059877,0.014615856502527697,0.0008404002104488257,120,2000
recency-weighted-15y,implementationCapacity-high,weak-form-half-v-current,weak-form,weak-form-half-response,current-federal-court,persistence,complianceRate,registered-component,0.35625,0.34145833333333336,0.37073177083333336,0.00730128916900377,120,2000
recency-weighted-15y,implementationCapacity-high,weak-form-half-v-current,weak-form,weak-form-half-response,current-federal-court,persistence,democraticResponsiveness,registered-component,0.05511786009003057,0.05284553402932323,0.057286392665485936,0.0011903743210375018,120,2000
recency-weighted-15y,implementationCapacity-high,weak-form-half-v-current,weak-form,weak-form-half-response,current-federal-court,persistence,vetoRelocationRisk,registered-component,-0.31960534636057863,-0.32081224911474826,-0.3184085370174379,0.000636524452000018,120,2000
recency-weighted-15y,implementationCapacity-high,weak-form-half-v-current,weak-form,weak-form-half-response,current-federal-court,persistence,totalInstitutionalCost,registered-diagnostic,-0.09433391797286791,-0.09453030854960874,-0.09414327057058405,0.00010159706585704656,120,2000
recency-weighted-15y,implementationCapacity-high,weak-form-half-v-current,weak-form,weak-form-half-response,current-federal-court,persistence,averageLegislativeResponseDelay,additional-diagnostic,0.4658532128301058,0.4632557449617241,0.46853676564368535,0.0013906705469431096,120,2000
recency-weighted-15y,implementationCapacity-high,weak-form-off-v-current,weak-form,weak-form-no-response,current-federal-court,persistence,legislativeResponseRate,registered-component,0.0,0.0,0.0,0.0,120,2000
recency-weighted-15y,implementationCapacity-high,weak-form-off-v-current,weak-form,weak-form-no-response,current-federal-court,persistence,legislativeResponseCredibility,registered-component,-0.5860439097071517,-0.5868992268256041,-0.58518913475037,0.0004488154530483453,120,2000
recency-weighted-15y,implementationCapacity-high,weak-form-off-v-current,weak-form,weak-form-no-response,current-federal-court,persistence,timelyLegislativeResponseRate,registered-component,0.0,0.0,0.0,0.0,120,2000
recency-weighted-15y,implementationCapacity-high,weak-form-off-v-current,weak-form,weak-form-no-response,current-federal-court,persistence,rightsProtection,registered-component,0.004041448766629041,0.00217945706362185,0.00591044195805926,0.0009400202210667306,120,2000
recency-weighted-15y,implementationCapacity-high,weak-form-off-v-current,weak-form,weak-form-no-response,current-federal-court,persistence,complianceRate,registered-component,0.366875,0.35260416666666666,0.3809401041666666,0.0069191035074884465,120,2000
recency-weighted-15y,implementationCapacity-high,weak-form-off-v-current,weak-form,weak-form-no-response,current-federal-court,persistence,democraticResponsiveness,registered-component,0.032072812842391225,0.030066968224441642,0.03410931104034431,0.0010710481345902992,120,2000
recency-weighted-15y,implementationCapacity-high,weak-form-off-v-current,weak-form,weak-form-no-response,current-federal-court,persistence,vetoRelocationRisk,registered-component,-0.29510446541458646,-0.2955336979705553,-0.2946963123271259,0.00021790329526062422,120,2000
recency-weighted-15y,implementationCapacity-high,weak-form-off-v-current,weak-form,weak-form-no-response,current-federal-court,persistence,totalInstitutionalCost,registered-diagnostic,-0.0956307891365246,-0.09581750065175564,-0.09544691546467007,9.377163436759446e-05,120,2000
recency-weighted-15y,implementationCapacity-high,weak-form-off-v-current,weak-form,weak-form-no-response,current-federal-court,persistence,averageLegislativeResponseDelay,additional-diagnostic,0.0,0.0,0.0,0.0,120,2000
recency-weighted-15y,partyFragmentation-low,emergency-base,emergency,reasoned-emergency-review,current-federal-court,base,emergencyReasonGivingRate,registered-component,0.8413929912930359,0.8095139732730299,0.8704990862309654,0.015170063928335928,120,2000
recency-weighted-15y,partyFragmentation-low,emergency-base,emergency,reasoned-emergency-review,current-federal-court,base,meritsFollowUpRate,registered-component,0.9916666666666667,0.975,1.0,0.008333333333333333,120,2000
recency-weighted-15y,partyFragmentation-low,emergency-base,emergency,reasoned-emergency-review,current-federal-court,base,averageTimeToReview,registered-component,0.0,0.0,0.0,0.0,120,2000
recency-weighted-15y,partyFragmentation-low,emergency-base,emergency,reasoned-emergency-review,current-federal-court,base,totalInstitutionalCost,registered-component,0.00986786061778597,0.009736133004302011,0.010001831081165938,7.018567329445214e-05,120,2000
recency-weighted-15y,partyFragmentation-low,emergency-base,emergency,reasoned-emergency-review,current-federal-court,base,shadowDocketAbuse,registered-component,-0.3200268404481759,-0.3266832728856125,-0.31329914930981545,0.003574213083464217,120,2000
recency-weighted-15y,partyFragmentation-low,emergency-base,emergency,reasoned-emergency-review,current-federal-court,base,institutionalDelayCost,additional-diagnostic,0.008100704342360616,0.007932189328327573,0.008262104623871658,9.087813624808158e-05,120,2000
recency-weighted-15y,partyFragmentation-low,screening-base,screening,constitutional-council,current-federal-court,base,directCourtCost,registered-diagnostic,0.13596349166666666,0.13585807916666667,0.13607638645833336,5.589428271078208e-05,120,2000
recency-weighted-15y,partyFragmentation-low,screening-base,screening,constitutional-council,current-federal-court,base,upstreamScreeningCost,registered-component,0.00191053636183445,0.0018465484448715822,0.001975691413352417,3.4559535462916356e-05,120,2000
recency-weighted-15y,partyFragmentation-low,screening-base,screening,constitutional-council,current-federal-court,base,capacityStrainCost,registered-diagnostic,0.06462267840788966,0.06401791609028626,0.06523716210132342,0.0003176161406129509,120,2000
recency-weighted-15y,partyFragmentation-low,screening-base,screening,constitutional-council,current-federal-court,base,totalInstitutionalCost,registered-diagnostic,0.08311417828011317,0.08299176982282117,0.08324109812147389,6.4437557234901e-05,120,2000
recency-weighted-15y,partyFragmentation-low,screening-base,screening,constitutional-council,current-federal-court,base,intakeAcceptanceRate,registered-diagnostic,-0.0007210499116503058,-0.0007465610690233252,-0.0006967733479063962,1.3407914009132185e-05,120,2000
recency-weighted-15y,partyFragmentation-low,screening-base,screening,constitutional-council,current-federal-court,base,councilScreenRate,registered-component,1.0,1.0,1.0,0.0,120,2000
recency-weighted-15y,partyFragmentation-low,screening-base,screening,constitutional-council,current-federal-court,base,administrativeLoad,additional-diagnostic,0.24835270833333342,0.24750135416666677,0.24923108333333346,0.0004481870474893645,120,2000
recency-weighted-15y,partyFragmentation-low,weak-form-base,weak-form,weak-form-review,current-federal-court,base,legislativeResponseRate,registered-component,0.31187499999999996,0.30312239583333334,0.32083333333333336,0.0045998159824963795,120,2000
recency-weighted-15y,partyFragmentation-low,weak-form-base,weak-form,weak-form-review,current-federal-court,base,legislativeResponseCredibility,registered-component,0.06366041666666672,0.06231250000000011,0.06500010416666675,0.0007086759500523087,120,2000
recency-weighted-15y,partyFragmentation-low,weak-form-base,weak-form,weak-form-review,current-federal-court,base,timelyLegislativeResponseRate,registered-component,0.3165877957347264,0.29794815889877574,0.33453379849658327,0.009257636599684807,120,2000
recency-weighted-15y,partyFragmentation-low,weak-form-base,weak-form,weak-form-review,current-federal-court,base,rightsProtection,registered-component,0.03056400222303174,0.028713176321048816,0.032457348377501034,0.0009740243069917352,120,2000
recency-weighted-15y,partyFragmentation-low,weak-form-base,weak-form,weak-form-review,current-federal-court,base,complianceRate,registered-component,0.378125,0.3608333333333333,0.39520833333333333,0.008851514473432744,120,2000
recency-weighted-15y,partyFragmentation-low,weak-form-base,weak-form,weak-form-review,current-federal-court,base,democraticResponsiveness,registered-component,0.0805254402059395,0.07817564678153836,0.08306626656991974,0.0012975599115912894,120,2000
recency-weighted-15y,partyFragmentation-low,weak-form-base,weak-form,weak-form-review,current-federal-court,base,vetoRelocationRisk,registered-component,-0.34486580489591007,-0.34634302714528503,-0.34339774023487246,0.0007592501054574177,120,2000
recency-weighted-15y,partyFragmentation-low,weak-form-base,weak-form,weak-form-review,current-federal-court,base,totalInstitutionalCost,registered-diagnostic,-0.09270292795926466,-0.09290112464510697,-0.09251641775303428,9.97135387235151e-05,120,2000
recency-weighted-15y,partyFragmentation-low,weak-form-base,weak-form,weak-form-review,current-federal-court,base,averageLegislativeResponseDelay,additional-diagnostic,0.36208451635593364,0.36005298625209337,0.36409206821639406,0.0010379264181293586,120,2000
recency-weighted-15y,partyFragmentation-low,emergency-ablation,emergency,reasoned-with-fast-procedure,reasoned-emergency-review,ablation,emergencyReasonGivingRate,registered-component,-0.6918907719492116,-0.726344614420691,-0.6563344712828055,0.01705515803620027,120,2000
recency-weighted-15y,partyFragmentation-low,emergency-ablation,emergency,reasoned-with-fast-procedure,reasoned-emergency-review,ablation,meritsFollowUpRate,registered-component,-0.9916666666666667,-1.0,-0.975,0.008333333333333333,120,2000
recency-weighted-15y,partyFragmentation-low,emergency-ablation,emergency,reasoned-with-fast-procedure,reasoned-emergency-review,ablation,averageTimeToReview,registered-component,0.0,0.0,0.0,0.0,120,2000
recency-weighted-15y,partyFragmentation-low,emergency-ablation,emergency,reasoned-with-fast-procedure,reasoned-emergency-review,ablation,totalInstitutionalCost,registered-component,-0.004351209489288458,-0.004505528439374562,-0.004209118127580901,7.308785254481232e-05,120,2000
recency-weighted-15y,partyFragmentation-low,emergency-ablation,emergency,reasoned-with-fast-procedure,reasoned-emergency-review,ablation,shadowDocketAbuse,registered-component,0.3137310581929333,0.3069094552491003,0.32030214633020454,0.0034791994834646044,120,2000
recency-weighted-15y,partyFragmentation-low,emergency-ablation,emergency,reasoned-with-fast-procedure,reasoned-emergency-review,ablation,institutionalDelayCost,additional-diagnostic,-0.006675780301672226,-0.006848090329476944,-0.006485077926880919,9.236516359888607e-05,120,2000
recency-weighted-15y,partyFragmentation-low,screening-ablation,screening,council-with-full-court-structure,constitutional-council,ablation,directCourtCost,registered-diagnostic,-0.09724543333333333,-0.09738383062500001,-0.09711312249999998,7.016870500110042e-05,120,2000
recency-weighted-15y,partyFragmentation-low,screening-ablation,screening,council-with-full-court-structure,constitutional-council,ablation,upstreamScreeningCost,registered-component,3.69863287901349e-05,-1.9341873215965522e-05,9.393646482242642e-05,2.9599547721674408e-05,120,2000
recency-weighted-15y,partyFragmentation-low,screening-ablation,screening,council-with-full-court-structure,constitutional-council,ablation,capacityStrainCost,registered-diagnostic,-0.04359919244747325,-0.044157910993626454,-0.04302991410897402,0.0002959326131808689,120,2000
recency-weighted-15y,partyFragmentation-low,screening-ablation,screening,council-with-full-court-structure,constitutional-council,ablation,totalInstitutionalCost,registered-diagnostic,-0.0503434560339269,-0.05046741556204673,-0.050213214939660904,6.574363430333243e-05,120,2000
recency-weighted-15y,partyFragmentation-low,screening-ablation,screening,council-with-full-court-structure,constitutional-council,ablation,intakeAcceptanceRate,registered-diagnostic,-1.2520463824751936e-05,-3.362437025718128e-05,8.037621315022502e-06,1.0914477935366521e-05,120,2000
recency-weighted-15y,partyFragmentation-low,screening-ablation,screening,council-with-full-court-structure,constitutional-council,ablation,councilScreenRate,registered-component,-1.0,-1.0,-1.0,0.0,120,2000
recency-weighted-15y,partyFragmentation-low,screening-ablation,screening,council-with-full-court-structure,constitutional-council,ablation,administrativeLoad,additional-diagnostic,-0.24054916666666676,-0.24141709375000006,-0.2396417031250001,0.00045916075682369786,120,2000
recency-weighted-15y,partyFragmentation-low,weak-form-half,weak-form,weak-form-half-response,weak-form-review,ablation,legislativeResponseRate,registered-component,-0.15760416666666668,-0.16510416666666666,-0.15020833333333336,0.003804160223777376,120,2000
recency-weighted-15y,partyFragmentation-low,weak-form-half,weak-form,weak-form-half-response,weak-form-review,ablation,legislativeResponseCredibility,registered-component,-0.3246068950744807,-0.32565696038886804,-0.32360428855676737,0.0005428228050153183,120,2000
recency-weighted-15y,partyFragmentation-low,weak-form-half,weak-form,weak-form-half-response,weak-form-review,ablation,timelyLegislativeResponseRate,registered-component,-0.31226823457693,-0.3303641502986999,-0.29404192079738256,0.009329360211958121,120,2000
recency-weighted-15y,partyFragmentation-low,weak-form-half,weak-form,weak-form-half-response,weak-form-review,ablation,rightsProtection,registered-component,-0.016965642044691042,-0.01822598686514033,-0.01573852436861636,0.0006126072021288558,120,2000
recency-weighted-15y,partyFragmentation-low,weak-form-half,weak-form,weak-form-half-response,weak-form-review,ablation,complianceRate,registered-component,-0.01333333333333333,-0.029270833333333333,0.0027109374999999864,0.008118376061665173,120,2000
recency-weighted-15y,partyFragmentation-low,weak-form-half,weak-form,weak-form-half-response,weak-form-review,ablation,democraticResponsiveness,registered-component,-0.02415228946877225,-0.025566039962799478,-0.022758123586899347,0.0006974472403482914,120,2000
recency-weighted-15y,partyFragmentation-low,weak-form-half,weak-form,weak-form-half-response,weak-form-review,ablation,vetoRelocationRisk,registered-component,0.025311064452808903,0.02408123731265094,0.02657330251438623,0.0006376331694067107,120,2000
recency-weighted-15y,partyFragmentation-low,weak-form-half,weak-form,weak-form-half-response,weak-form-review,ablation,totalInstitutionalCost,registered-diagnostic,-0.0014340500601552916,-0.0016485596501705725,-0.001217867178292645,0.00011013760424819805,120,2000
recency-weighted-15y,partyFragmentation-low,weak-form-half,weak-form,weak-form-half-response,weak-form-review,ablation,averageLegislativeResponseDelay,additional-diagnostic,0.0832515258105864,0.0798948642930589,0.08667754552685737,0.001765582508340214,120,2000
recency-weighted-15y,partyFragmentation-low,weak-form-off,weak-form,weak-form-no-response,weak-form-review,ablation,legislativeResponseRate,registered-component,-0.31187499999999996,-0.32083333333333336,-0.30312239583333334,0.0045998159824963795,120,2000
recency-weighted-15y,partyFragmentation-low,weak-form-off,weak-form,weak-form-no-response,weak-form-review,ablation,legislativeResponseCredibility,registered-component,-0.6495512901489615,-0.6511091960537431,-0.6479515654001062,0.000806509005867674,120,2000
recency-weighted-15y,partyFragmentation-low,weak-form-off,weak-form,weak-form-no-response,weak-form-review,ablation,timelyLegislativeResponseRate,registered-component,-0.3165877957347264,-0.3345337984965833,-0.29794815889877574,0.009257636599684807,120,2000
recency-weighted-15y,partyFragmentation-low,weak-form-off,weak-form,weak-form-no-response,weak-form-review,ablation,rightsProtection,registered-component,-0.026480675709163258,-0.02766846708250466,-0.025196442209442293,0.000633028809820016,120,2000
recency-weighted-15y,partyFragmentation-low,weak-form-off,weak-form,weak-form-no-response,weak-form-review,ablation,complianceRate,registered-component,-0.025520833333333336,-0.04145833333333334,-0.009059895833333347,0.0082210518263431,120,2000
recency-weighted-15y,partyFragmentation-low,weak-form-off,weak-form,weak-form-no-response,weak-form-review,ablation,democraticResponsiveness,registered-component,-0.047400302639207005,-0.04902177430979902,-0.045739491671536264,0.0008232929351402927,120,2000
recency-weighted-15y,partyFragmentation-low,weak-form-off,weak-form,weak-form-no-response,weak-form-review,ablation,vetoRelocationRisk,registered-component,0.0498987646066332,0.048467170926472264,0.05132253992853457,0.0007445112920973022,120,2000
recency-weighted-15y,partyFragmentation-low,weak-form-off,weak-form,weak-form-no-response,weak-form-review,ablation,totalInstitutionalCost,registered-diagnostic,-0.0028757806531397464,-0.0030840353759107263,-0.0026564641474370303,0.0001107208872368358,120,2000
recency-weighted-15y,partyFragmentation-low,weak-form-off,weak-form,weak-form-no-response,weak-form-review,ablation,averageLegislativeResponseDelay,additional-diagnostic,-0.36208451635593364,-0.3640920682163941,-0.36005298625209337,0.0010379264181293586,120,2000
recency-weighted-15y,partyFragmentation-low,weak-form-half-v-current,weak-form,weak-form-half-response,current-federal-court,persistence,legislativeResponseRate,registered-component,0.15427083333333333,0.14677083333333335,0.16198177083333332,0.003920873072725976,120,2000
recency-weighted-15y,partyFragmentation-low,weak-form-half-v-current,weak-form,weak-form-half-response,current-federal-court,persistence,legislativeResponseCredibility,registered-component,-0.260946478407814,-0.2617392449708558,-0.2601266585383114,0.00042637567477105776,120,2000
recency-weighted-15y,partyFragmentation-low,weak-form-half-v-current,weak-form,weak-form-half-response,current-federal-court,persistence,timelyLegislativeResponseRate,registered-component,0.004319561157796452,0.0015211640211640208,0.007985245487083723,0.0016365538164423044,120,2000
recency-weighted-15y,partyFragmentation-low,weak-form-half-v-current,weak-form,weak-form-half-response,current-federal-court,persistence,rightsProtection,registered-component,0.013598360178340697,0.011769024727155249,0.015431348202667243,0.000970388615768837,120,2000
recency-weighted-15y,partyFragmentation-low,weak-form-half-v-current,weak-form,weak-form-half-response,current-federal-court,persistence,complianceRate,registered-component,0.3647916666666667,0.3485416666666667,0.3799010416666666,0.008189831484992086,120,2000
recency-weighted-15y,partyFragmentation-low,weak-form-half-v-current,weak-form,weak-form-half-response,current-federal-court,persistence,democraticResponsiveness,registered-component,0.05637315073716727,0.05405979487063382,0.058790237930339315,0.0012317722568723952,120,2000
recency-weighted-15y,partyFragmentation-low,weak-form-half-v-current,weak-form,weak-form-half-response,current-federal-court,persistence,vetoRelocationRisk,registered-component,-0.3195547404431011,-0.3208387280767477,-0.3182982365507674,0.0006633419045823005,120,2000
recency-weighted-15y,partyFragmentation-low,weak-form-half-v-current,weak-form,weak-form-half-response,current-federal-court,persistence,totalInstitutionalCost,registered-diagnostic,-0.09413697801941995,-0.09432454984984291,-0.09394855882880973,9.50514382927665e-05,120,2000
recency-weighted-15y,partyFragmentation-low,weak-form-half-v-current,weak-form,weak-form-half-response,current-federal-court,persistence,averageLegislativeResponseDelay,additional-diagnostic,0.44533604216652006,0.44246451604011305,0.4482220167139603,0.0015289682957212328,120,2000
recency-weighted-15y,partyFragmentation-low,weak-form-off-v-current,weak-form,weak-form-no-response,current-federal-court,persistence,legislativeResponseRate,registered-component,0.0,0.0,0.0,0.0,120,2000
recency-weighted-15y,partyFragmentation-low,weak-form-off-v-current,weak-form,weak-form-no-response,current-federal-court,persistence,legislativeResponseCredibility,registered-component,-0.5858908734822947,-0.5865714471879624,-0.5852256292548622,0.0003444944679637117,120,2000
recency-weighted-15y,partyFragmentation-low,weak-form-off-v-current,weak-form,weak-form-no-response,current-federal-court,persistence,timelyLegislativeResponseRate,registered-component,0.0,0.0,0.0,0.0,120,2000
recency-weighted-15y,partyFragmentation-low,weak-form-off-v-current,weak-form,weak-form-no-response,current-federal-court,persistence,rightsProtection,registered-component,0.00408332651386848,0.002073079448043155,0.0060947236606083265,0.0010148310164612886,120,2000
recency-weighted-15y,partyFragmentation-low,weak-form-off-v-current,weak-form,weak-form-no-response,current-federal-court,persistence,complianceRate,registered-component,0.35260416666666666,0.33509895833333336,0.3696901041666667,0.008826317630095212,120,2000
recency-weighted-15y,partyFragmentation-low,weak-form-off-v-current,weak-form,weak-form-no-response,current-federal-court,persistence,democraticResponsiveness,registered-component,0.03312513756673251,0.03087954618937197,0.03544981745311746,0.001183164341401205,120,2000
recency-weighted-15y,partyFragmentation-low,weak-form-off-v-current,weak-form,weak-form-no-response,current-federal-court,persistence,vetoRelocationRisk,registered-component,-0.29496704028927684,-0.2954079983045128,-0.2945194575633138,0.00022544015251740166,120,2000
recency-weighted-15y,partyFragmentation-low,weak-form-off-v-current,weak-form,weak-form-no-response,current-federal-court,persistence,totalInstitutionalCost,registered-diagnostic,-0.09557870861240442,-0.09574693007892889,-0.09540652277515936,8.923557492760117e-05,120,2000
recency-weighted-15y,partyFragmentation-low,weak-form-off-v-current,weak-form,weak-form-no-response,current-federal-court,persistence,averageLegislativeResponseDelay,additional-diagnostic,0.0,0.0,0.0,0.0,120,2000
recency-weighted-15y,partyFragmentation-high,emergency-base,emergency,reasoned-emergency-review,current-federal-court,base,emergencyReasonGivingRate,registered-component,0.8798409039802423,0.8569510266541964,0.9026190828897398,0.011669433433653658,120,2000
recency-weighted-15y,partyFragmentation-high,emergency-base,emergency,reasoned-emergency-review,current-federal-court,base,meritsFollowUpRate,registered-component,1.0,1.0,1.0,0.0,120,2000
recency-weighted-15y,partyFragmentation-high,emergency-base,emergency,reasoned-emergency-review,current-federal-court,base,averageTimeToReview,registered-component,0.0,0.0,0.0,0.0,120,2000
recency-weighted-15y,partyFragmentation-high,emergency-base,emergency,reasoned-emergency-review,current-federal-court,base,totalInstitutionalCost,registered-component,0.009720689558959904,0.009581058464377614,0.00985930184111393,6.972819611218497e-05,120,2000
recency-weighted-15y,partyFragmentation-high,emergency-base,emergency,reasoned-emergency-review,current-federal-court,base,shadowDocketAbuse,registered-component,-0.32410399436631443,-0.3313449929361397,-0.31679775391708953,0.003897677805203819,120,2000
recency-weighted-15y,partyFragmentation-high,emergency-base,emergency,reasoned-emergency-review,current-federal-court,base,institutionalDelayCost,additional-diagnostic,0.00832573026947524,0.008150419561036787,0.008507937203228571,8.946309664149054e-05,120,2000
recency-weighted-15y,partyFragmentation-high,screening-base,screening,constitutional-council,current-federal-court,base,directCourtCost,registered-diagnostic,0.1358928,0.13576846583333335,0.13600896083333333,6.0788015044983456e-05,120,2000
recency-weighted-15y,partyFragmentation-high,screening-base,screening,constitutional-council,current-federal-court,base,upstreamScreeningCost,registered-component,0.001989528289217468,0.0019270612766718446,0.0020547849902461104,3.41407723426324e-05,120,2000
recency-weighted-15y,partyFragmentation-high,screening-base,screening,constitutional-council,current-federal-court,base,capacityStrainCost,registered-diagnostic,0.06370400219281167,0.06304443752775489,0.06432340652895834,0.0003407951380197269,120,2000
recency-weighted-15y,partyFragmentation-high,screening-base,screening,constitutional-council,current-federal-court,base,totalInstitutionalCost,registered-diagnostic,0.08293748266959058,0.08279981084668393,0.08306579658306004,7.043072220112085e-05,120,2000
recency-weighted-15y,partyFragmentation-high,screening-base,screening,constitutional-council,current-federal-court,base,intakeAcceptanceRate,registered-diagnostic,-0.0007506387227068774,-0.0007763224621824557,-0.0007260608572229197,1.3303158557559765e-05,120,2000
recency-weighted-15y,partyFragmentation-high,screening-base,screening,constitutional-council,current-federal-court,base,councilScreenRate,registered-component,1.0,1.0,1.0,0.0,120,2000
recency-weighted-15y,partyFragmentation-high,screening-base,screening,constitutional-council,current-federal-court,base,administrativeLoad,additional-diagnostic,0.24719250000000012,0.24624142187500012,0.24807083854166678,0.0004829593537710586,120,2000
recency-weighted-15y,partyFragmentation-high,weak-form-base,weak-form,weak-form-review,current-federal-court,base,legislativeResponseRate,registered-component,0.31375,0.3045807291666666,0.3228125,0.004674263524428027,120,2000
recency-weighted-15y,partyFragmentation-high,weak-form-base,weak-form,weak-form-review,current-federal-court,base,legislativeResponseCredibility,registered-component,0.06417083333333326,0.06268119791666661,0.06561468749999994,0.0007216998645174069,120,2000
recency-weighted-15y,partyFragmentation-high,weak-form-base,weak-form,weak-form-review,current-federal-court,base,timelyLegislativeResponseRate,registered-component,0.0,0.0,0.0,0.0,120,2000
recency-weighted-15y,partyFragmentation-high,weak-form-base,weak-form,weak-form-review,current-federal-court,base,rightsProtection,registered-component,0.022127633406235324,0.020275561877378362,0.023852913603422326,0.0009297666719512232,120,2000
recency-weighted-15y,partyFragmentation-high,weak-form-base,weak-form,weak-form-review,current-federal-court,base,complianceRate,registered-component,0.35593749999999996,0.34145833333333336,0.37021093750000006,0.007449589132213636,120,2000
recency-weighted-15y,partyFragmentation-high,weak-form-base,weak-form,weak-form-review,current-federal-court,base,democraticResponsiveness,registered-component,0.08002853459730593,0.07785057051638436,0.08214894155044324,0.0011528891753389134,120,2000
recency-weighted-15y,partyFragmentation-high,weak-form-base,weak-form,weak-form-review,current-federal-court,base,vetoRelocationRisk,registered-component,-0.34541436409285436,-0.3468242576402243,-0.3439682968215242,0.0007235824864413898,120,2000
recency-weighted-15y,partyFragmentation-high,weak-form-base,weak-form,weak-form-review,current-federal-court,base,totalInstitutionalCost,registered-diagnostic,-0.09277190721239978,-0.0929561041645719,-0.09258618493312422,9.81930942479096e-05,120,2000
recency-weighted-15y,partyFragmentation-high,weak-form-base,weak-form,weak-form-review,current-federal-court,base,averageLegislativeResponseDelay,additional-diagnostic,0.4894585842772386,0.48732302824431567,0.49167423943900174,0.0011232005197540245,120,2000
recency-weighted-15y,partyFragmentation-high,emergency-ablation,emergency,reasoned-with-fast-procedure,reasoned-emergency-review,ablation,emergencyReasonGivingRate,registered-component,-0.7319792829867882,-0.7551455676279135,-0.7081735614897631,0.012211164683550083,120,2000
recency-weighted-15y,partyFragmentation-high,emergency-ablation,emergency,reasoned-with-fast-procedure,reasoned-emergency-review,ablation,meritsFollowUpRate,registered-component,-1.0,-1.0,-1.0,0.0,120,2000
recency-weighted-15y,partyFragmentation-high,emergency-ablation,emergency,reasoned-with-fast-procedure,reasoned-emergency-review,ablation,averageTimeToReview,registered-component,0.0,0.0,0.0,0.0,120,2000
recency-weighted-15y,partyFragmentation-high,emergency-ablation,emergency,reasoned-with-fast-procedure,reasoned-emergency-review,ablation,totalInstitutionalCost,registered-component,-0.004343231735083477,-0.004497956112329433,-0.004184511122981129,7.750195261313382e-05,120,2000
recency-weighted-15y,partyFragmentation-high,emergency-ablation,emergency,reasoned-with-fast-procedure,reasoned-emergency-review,ablation,shadowDocketAbuse,registered-component,0.3108541264356072,0.3033970106952511,0.31810452439529374,0.0038172681281746783,120,2000
recency-weighted-15y,partyFragmentation-high,emergency-ablation,emergency,reasoned-with-fast-procedure,reasoned-emergency-review,ablation,institutionalDelayCost,additional-diagnostic,-0.006722436382062897,-0.0069191714002179855,-0.0065233537176685175,9.839843177169616e-05,120,2000
recency-weighted-15y,partyFragmentation-high,screening-ablation,screening,council-with-full-court-structure,constitutional-council,ablation,directCourtCost,registered-diagnostic,-0.0971398833333333,-0.09728796729166665,-0.09699555729166662,7.614067787193202e-05,120,2000
recency-weighted-15y,partyFragmentation-high,screening-ablation,screening,council-with-full-court-structure,constitutional-council,ablation,upstreamScreeningCost,registered-component,-6.101948266852009e-05,-0.00011788575540336028,-8.86821892436991e-06,2.863058775675093e-05,120,2000
recency-weighted-15y,partyFragmentation-high,screening-ablation,screening,council-with-full-court-structure,constitutional-council,ablation,capacityStrainCost,registered-diagnostic,-0.04254935465511236,-0.04309127905024484,-0.041985058586748045,0.0002914643543094463,120,2000
recency-weighted-15y,partyFragmentation-high,screening-ablation,screening,council-with-full-court-structure,constitutional-council,ablation,totalInstitutionalCost,registered-diagnostic,-0.05013495825490654,-0.05026566580364805,-0.05000982866152238,6.746160550866949e-05,120,2000
recency-weighted-15y,partyFragmentation-high,screening-ablation,screening,council-with-full-court-structure,constitutional-council,ablation,intakeAcceptanceRate,registered-diagnostic,2.1826074056555526e-05,2.5376566140310355e-06,4.2633404566566625e-05,1.0536681992585195e-05,120,2000
recency-weighted-15y,partyFragmentation-high,screening-ablation,screening,council-with-full-court-structure,constitutional-council,ablation,councilScreenRate,registered-component,-1.0,-1.0,-1.0,0.0,120,2000
recency-weighted-15y,partyFragmentation-high,screening-ablation,screening,council-with-full-court-structure,constitutional-council,ablation,administrativeLoad,additional-diagnostic,-0.23914541666666678,-0.2400554947916668,-0.23826101562500013,0.00047247810030071475,120,2000
recency-weighted-15y,partyFragmentation-high,weak-form-half,weak-form,weak-form-half-response,weak-form-review,ablation,legislativeResponseRate,registered-component,-0.15677083333333333,-0.16489583333333335,-0.1486458333333333,0.0041418091683999205,120,2000
recency-weighted-15y,partyFragmentation-high,weak-form-half,weak-form,weak-form-half-response,weak-form-review,ablation,legislativeResponseCredibility,registered-component,-0.2828867986755073,-0.2839645981702102,-0.2817809027828581,0.0005697428966636687,120,2000
recency-weighted-15y,partyFragmentation-high,weak-form-half,weak-form,weak-form-half-response,weak-form-review,ablation,timelyLegislativeResponseRate,registered-component,0.0,0.0,0.0,0.0,120,2000
recency-weighted-15y,partyFragmentation-high,weak-form-half,weak-form,weak-form-half-response,weak-form-review,ablation,rightsProtection,registered-component,-0.010270587322064754,-0.01124592894198031,-0.009340143906959775,0.000485997242799203,120,2000
recency-weighted-15y,partyFragmentation-high,weak-form-half,weak-form,weak-form-half-response,weak-form-review,ablation,complianceRate,registered-component,0.009479166666666665,-0.005627604166666668,0.024377604166666657,0.007768867419035833,120,2000
recency-weighted-15y,partyFragmentation-high,weak-form-half,weak-form,weak-form-half-response,weak-form-review,ablation,democraticResponsiveness,registered-component,-0.02390839490150842,-0.025285518785106355,-0.022577272241501224,0.0007043705909933848,120,2000
recency-weighted-15y,partyFragmentation-high,weak-form-half,weak-form,weak-form-half-response,weak-form-review,ablation,vetoRelocationRisk,registered-component,0.025586687504136927,0.024353192991985444,0.026801626765954774,0.0006345489476654352,120,2000
recency-weighted-15y,partyFragmentation-high,weak-form-half,weak-form,weak-form-half-response,weak-form-review,ablation,totalInstitutionalCost,registered-diagnostic,-0.0012428101573133616,-0.001435831522595572,-0.0010385604317495042,0.00010245605314286253,120,2000
recency-weighted-15y,partyFragmentation-high,weak-form-half,weak-form,weak-form-half-response,weak-form-review,ablation,averageLegislativeResponseDelay,additional-diagnostic,0.07289260408042925,0.06963142955060432,0.07626295380349292,0.0017123298338229285,120,2000
recency-weighted-15y,partyFragmentation-high,weak-form-off,weak-form,weak-form-no-response,weak-form-review,ablation,legislativeResponseRate,registered-component,-0.31375,-0.3228125,-0.3045807291666667,0.004674263524428027,120,2000
recency-weighted-15y,partyFragmentation-high,weak-form-off,weak-form,weak-form-no-response,weak-form-review,ablation,legislativeResponseCredibility,registered-component,-0.5661673473510146,-0.5676208029500945,-0.5646268073388101,0.0007588319889886614,120,2000
recency-weighted-15y,partyFragmentation-high,weak-form-off,weak-form,weak-form-no-response,weak-form-review,ablation,timelyLegislativeResponseRate,registered-component,0.0,0.0,0.0,0.0,120,2000
recency-weighted-15y,partyFragmentation-high,weak-form-off,weak-form,weak-form-no-response,weak-form-review,ablation,rightsProtection,registered-component,-0.017852526949743996,-0.018936291679697594,-0.016717818233023044,0.0005775452536421798,120,2000
recency-weighted-15y,partyFragmentation-high,weak-form-off,weak-form,weak-form-no-response,weak-form-review,ablation,complianceRate,registered-component,-0.0005208333333333343,-0.01604166666666667,0.015419270833333323,0.008089566446249266,120,2000
recency-weighted-15y,partyFragmentation-high,weak-form-off,weak-form,weak-form-no-response,weak-form-review,ablation,democraticResponsiveness,registered-component,-0.04766723238110533,-0.04932060949925787,-0.045949997762737976,0.0008516632989127471,120,2000
recency-weighted-15y,partyFragmentation-high,weak-form-off,weak-form,weak-form-no-response,weak-form-review,ablation,vetoRelocationRisk,registered-component,0.050510134612581276,0.04907664100981927,0.051918341704077546,0.0007223497305595023,120,2000
recency-weighted-15y,partyFragmentation-high,weak-form-off,weak-form,weak-form-no-response,weak-form-review,ablation,totalInstitutionalCost,registered-diagnostic,-0.0028385232204461903,-0.0030618015403672664,-0.0026091392838447957,0.00011133581299168091,120,2000
recency-weighted-15y,partyFragmentation-high,weak-form-off,weak-form,weak-form-no-response,weak-form-review,ablation,averageLegislativeResponseDelay,additional-diagnostic,-0.4894585842772386,-0.49167423943900174,-0.48732302824431567,0.0011232005197540245,120,2000
recency-weighted-15y,partyFragmentation-high,weak-form-half-v-current,weak-form,weak-form-half-response,current-federal-court,persistence,legislativeResponseRate,registered-component,0.15697916666666664,0.14958333333333332,0.16447916666666668,0.003659014786776709,120,2000
recency-weighted-15y,partyFragmentation-high,weak-form-half-v-current,weak-form,weak-form-half-response,current-federal-court,persistence,legislativeResponseCredibility,registered-component,-0.21871596534217405,-0.21963631062765118,-0.21784845252898652,0.00044615633086190934,120,2000
recency-weighted-15y,partyFragmentation-high,weak-form-half-v-current,weak-form,weak-form-half-response,current-federal-court,persistence,timelyLegislativeResponseRate,registered-component,0.0,0.0,0.0,0.0,120,2000
recency-weighted-15y,partyFragmentation-high,weak-form-half-v-current,weak-form,weak-form-half-response,current-federal-court,persistence,rightsProtection,registered-component,0.011857046084170571,0.00991966442732811,0.013719858276022488,0.0009971647090314553,120,2000
recency-weighted-15y,partyFragmentation-high,weak-form-half-v-current,weak-form,weak-form-half-response,current-federal-court,persistence,complianceRate,registered-component,0.36541666666666667,0.3494791666666667,0.3806302083333333,0.008193504749171536,120,2000
recency-weighted-15y,partyFragmentation-high,weak-form-half-v-current,weak-form,weak-form-half-response,current-federal-court,persistence,democraticResponsiveness,registered-component,0.0561201396957975,0.05385967982212506,0.05835149865059967,0.001173135967170547,120,2000
recency-weighted-15y,partyFragmentation-high,weak-form-half-v-current,weak-form,weak-form-half-response,current-federal-court,persistence,vetoRelocationRisk,registered-component,-0.31982767658871747,-0.3211142445576393,-0.31864078498857146,0.000612789912982966,120,2000
recency-weighted-15y,partyFragmentation-high,weak-form-half-v-current,weak-form,weak-form-half-response,current-federal-court,persistence,totalInstitutionalCost,registered-diagnostic,-0.09401471736971315,-0.09418200805971118,-0.09383651844345195,9.004816651443835e-05,120,2000
recency-weighted-15y,partyFragmentation-high,weak-form-half-v-current,weak-form,weak-form-half-response,current-federal-court,persistence,averageLegislativeResponseDelay,additional-diagnostic,0.5623511883576678,0.5597566283235285,0.5650443557908043,0.0013766740200529363,120,2000
recency-weighted-15y,partyFragmentation-high,weak-form-off-v-current,weak-form,weak-form-no-response,current-federal-court,persistence,legislativeResponseRate,registered-component,0.0,0.0,0.0,0.0,120,2000
recency-weighted-15y,partyFragmentation-high,weak-form-off-v-current,weak-form,weak-form-no-response,current-federal-court,persistence,legislativeResponseCredibility,registered-component,-0.5019965140176813,-0.5027357826717149,-0.5012151683374412,0.000370416922758362,120,2000
recency-weighted-15y,partyFragmentation-high,weak-form-off-v-current,weak-form,weak-form-no-response,current-federal-court,persistence,timelyLegislativeResponseRate,registered-component,0.0,0.0,0.0,0.0,120,2000
recency-weighted-15y,partyFragmentation-high,weak-form-off-v-current,weak-form,weak-form-no-response,current-federal-court,persistence,rightsProtection,registered-component,0.004275106456491329,0.002134878032087633,0.006251445676453122,0.0010839394627220088,120,2000
recency-weighted-15y,partyFragmentation-high,weak-form-off-v-current,weak-form,weak-form-no-response,current-federal-court,persistence,complianceRate,registered-component,0.35541666666666666,0.33937239583333334,0.37135677083333335,0.008162732002471007,120,2000
recency-weighted-15y,partyFragmentation-high,weak-form-off-v-current,weak-form,weak-form-no-response,current-federal-court,persistence,democraticResponsiveness,registered-component,0.03236130221620059,0.030031061607183236,0.034597735022342355,0.0011803607391657025,120,2000
recency-weighted-15y,partyFragmentation-high,weak-form-off-v-current,weak-form,weak-form-no-response,current-federal-court,persistence,vetoRelocationRisk,registered-component,-0.2949042294802731,-0.2952937633217176,-0.2945384043694696,0.00018732481352840414,120,2000
recency-weighted-15y,partyFragmentation-high,weak-form-off-v-current,weak-form,weak-form-no-response,current-federal-court,persistence,totalInstitutionalCost,registered-diagnostic,-0.09561043043284596,-0.09577841041189944,-0.09543764737505432,8.627205055013109e-05,120,2000
recency-weighted-15y,partyFragmentation-high,weak-form-off-v-current,weak-form,weak-form-no-response,current-federal-court,persistence,averageLegislativeResponseDelay,additional-diagnostic,0.0,0.0,0.0,0.0,120,2000
expanding-history,baseline,emergency-base,emergency,reasoned-emergency-review,current-federal-court,base,emergencyReasonGivingRate,registered-component,0.8519424974473019,0.8219987702153473,0.8804379714610993,0.015069321110289241,120,2000
expanding-history,baseline,emergency-base,emergency,reasoned-emergency-review,current-federal-court,base,meritsFollowUpRate,registered-component,1.0,1.0,1.0,0.0,120,2000
expanding-history,baseline,emergency-base,emergency,reasoned-emergency-review,current-federal-court,base,averageTimeToReview,registered-component,0.0,0.0,0.0,0.0,120,2000
expanding-history,baseline,emergency-base,emergency,reasoned-emergency-review,current-federal-court,base,totalInstitutionalCost,registered-component,0.009734410640327271,0.009576512225493529,0.00989225950240526,8.19052791179499e-05,120,2000
expanding-history,baseline,emergency-base,emergency,reasoned-emergency-review,current-federal-court,base,shadowDocketAbuse,registered-component,-0.31894614875384747,-0.326508936742928,-0.31144154654312795,0.003944985722607774,120,2000
expanding-history,baseline,emergency-base,emergency,reasoned-emergency-review,current-federal-court,base,institutionalDelayCost,additional-diagnostic,0.008269947959086869,0.008058231619932806,0.00848006831670656,0.00010876852741382407,120,2000
expanding-history,baseline,screening-base,screening,constitutional-council,current-federal-court,base,directCourtCost,registered-diagnostic,0.13587038333333334,0.13574728666666666,0.1359901472916667,6.426708819540873e-05,120,2000
expanding-history,baseline,screening-base,screening,constitutional-council,current-federal-court,base,upstreamScreeningCost,registered-component,0.002008183328069383,0.0019366094074040408,0.002075163645198822,3.5853871360238294e-05,120,2000
expanding-history,baseline,screening-base,screening,constitutional-council,current-federal-court,base,capacityStrainCost,registered-diagnostic,0.06364131388537961,0.0629755487123005,0.06430909392859951,0.0003467632674823669,120,2000
expanding-history,baseline,screening-base,screening,constitutional-council,current-federal-court,base,totalInstitutionalCost,registered-diagnostic,0.08292288160845175,0.08278181703018245,0.08306432644881828,7.286919656323503e-05,120,2000
expanding-history,baseline,screening-base,screening,constitutional-council,current-federal-court,base,intakeAcceptanceRate,registered-diagnostic,-0.0007557737216450775,-0.0007823877028124265,-0.0007281147021082838,1.3807971160499272e-05,120,2000
expanding-history,baseline,screening-base,screening,constitutional-council,current-federal-court,base,councilScreenRate,registered-component,1.0,1.0,1.0,0.0,120,2000
expanding-history,baseline,screening-base,screening,constitutional-council,current-federal-court,base,administrativeLoad,additional-diagnostic,0.24705291666666673,0.2460635208333334,0.24802796354166676,0.0005035833242944708,120,2000
expanding-history,baseline,weak-form-base,weak-form,weak-form-review,current-federal-court,base,legislativeResponseRate,registered-component,0.3155208333333333,0.3070833333333333,0.32479427083333334,0.004450247828656427,120,2000
expanding-history,baseline,weak-form-base,weak-form,weak-form-review,current-federal-court,base,legislativeResponseCredibility,registered-component,0.06405416666666658,0.06273281249999994,0.06541265624999991,0.0006942073708310451,120,2000
expanding-history,baseline,weak-form-base,weak-form,weak-form-review,current-federal-court,base,timelyLegislativeResponseRate,registered-component,0.05961406546292352,0.05138661688541574,0.06850217158537672,0.004516230456093644,120,2000
expanding-history,baseline,weak-form-base,weak-form,weak-form-review,current-federal-court,base,rightsProtection,registered-component,0.024437910667542934,0.022468419984353404,0.026371109507611467,0.0010048368881600675,120,2000
expanding-history,baseline,weak-form-base,weak-form,weak-form-review,current-federal-court,base,complianceRate,registered-component,0.36354166666666665,0.3461458333333333,0.3804192708333333,0.008737465177942683,120,2000
expanding-history,baseline,weak-form-base,weak-form,weak-form-review,current-federal-court,base,democraticResponsiveness,registered-component,0.08203317593603378,0.07943609805445973,0.08460444451746686,0.001322933818812075,120,2000
expanding-history,baseline,weak-form-base,weak-form,weak-form-review,current-federal-court,base,vetoRelocationRisk,registered-component,-0.3457523087089329,-0.3472575167539789,-0.3443610878784385,0.0007333706220837538,120,2000
expanding-history,baseline,weak-form-base,weak-form,weak-form-review,current-federal-court,base,totalInstitutionalCost,registered-diagnostic,-0.09282226303478194,-0.09298985819793039,-0.09264684432580127,8.826061329050245e-05,120,2000
expanding-history,baseline,weak-form-base,weak-form,weak-form-review,current-federal-court,base,averageLegislativeResponseDelay,additional-diagnostic,0.4146002724097839,0.41265711169525754,0.4165019185069406,0.0009697471576248013,120,2000
expanding-history,baseline,emergency-ablation,emergency,reasoned-with-fast-procedure,reasoned-emergency-review,ablation,emergencyReasonGivingRate,registered-component,-0.6992020131176716,-0.7280060504998681,-0.6684777921066022,0.01584664477571645,120,2000
expanding-history,baseline,emergency-ablation,emergency,reasoned-with-fast-procedure,reasoned-emergency-review,ablation,meritsFollowUpRate,registered-component,-1.0,-1.0,-1.0,0.0,120,2000
expanding-history,baseline,emergency-ablation,emergency,reasoned-with-fast-procedure,reasoned-emergency-review,ablation,averageTimeToReview,registered-component,0.0,0.0,0.0,0.0,120,2000
expanding-history,baseline,emergency-ablation,emergency,reasoned-with-fast-procedure,reasoned-emergency-review,ablation,totalInstitutionalCost,registered-component,-0.004384054956205765,-0.004547375527334423,-0.004233711510701815,7.93385234950675e-05,120,2000
expanding-history,baseline,emergency-ablation,emergency,reasoned-with-fast-procedure,reasoned-emergency-review,ablation,shadowDocketAbuse,registered-component,0.3040833210434748,0.2963878180281407,0.31129058358539646,0.003860309867423823,120,2000
expanding-history,baseline,emergency-ablation,emergency,reasoned-with-fast-procedure,reasoned-emergency-review,ablation,institutionalDelayCost,additional-diagnostic,-0.006609772045115657,-0.006811987711199638,-0.006399487659784376,0.00010520959319300142,120,2000
expanding-history,baseline,screening-ablation,screening,council-with-full-court-structure,constitutional-council,ablation,directCourtCost,registered-diagnostic,-0.09724923333333332,-0.09740075354166666,-0.09709915625,7.706215136326848e-05,120,2000
expanding-history,baseline,screening-ablation,screening,council-with-full-court-structure,constitutional-council,ablation,upstreamScreeningCost,registered-component,-1.3343646204838633e-05,-7.196170747804388e-05,4.556695614928626e-05,3.1073734808435194e-05,120,2000
expanding-history,baseline,screening-ablation,screening,council-with-full-court-structure,constitutional-council,ablation,capacityStrainCost,registered-diagnostic,-0.04313429576413658,-0.0437424381632103,-0.042553003720127464,0.0003099365337915024,120,2000
expanding-history,baseline,screening-ablation,screening,council-with-full-court-structure,constitutional-council,ablation,totalInstitutionalCost,registered-diagnostic,-0.05027076445726656,-0.05040767402853366,-0.050138767549229094,7.035395549802075e-05,120,2000
expanding-history,baseline,screening-ablation,screening,council-with-full-court-structure,constitutional-council,ablation,intakeAcceptanceRate,registered-diagnostic,4.649756422375028e-06,-1.7367896670195893e-05,2.6472592845063727e-05,1.1449481954144914e-05,120,2000
expanding-history,baseline,screening-ablation,screening,council-with-full-court-structure,constitutional-council,ablation,councilScreenRate,registered-component,-1.0,-1.0,-1.0,0.0,120,2000
expanding-history,baseline,screening-ablation,screening,council-with-full-court-structure,constitutional-council,ablation,administrativeLoad,additional-diagnostic,-0.24007166666666677,-0.24104204687500014,-0.23914655729166673,0.0004927960489340444,120,2000
expanding-history,baseline,weak-form-half,weak-form,weak-form-half-response,weak-form-review,ablation,legislativeResponseRate,registered-component,-0.16322916666666665,-0.17197916666666666,-0.155,0.004249773003632032,120,2000
expanding-history,baseline,weak-form-half,weak-form,weak-form-half-response,weak-form-review,ablation,legislativeResponseCredibility,registered-component,-0.3078320372218789,-0.30907378437067307,-0.3067490326194772,0.000586842755510968,120,2000
expanding-history,baseline,weak-form-half,weak-form,weak-form-half-response,weak-form-review,ablation,timelyLegislativeResponseRate,registered-component,-0.05961406546292352,-0.06850217158537673,-0.05138661688541574,0.004516230456093644,120,2000
expanding-history,baseline,weak-form-half,weak-form,weak-form-half-response,weak-form-review,ablation,rightsProtection,registered-component,-0.012025449206771092,-0.013095408333238722,-0.010933148916184299,0.0005719961499284194,120,2000
expanding-history,baseline,weak-form-half,weak-form,weak-form-half-response,weak-form-review,ablation,complianceRate,registered-component,-0.006770833333333329,-0.024062499999999987,0.009062500000000005,0.008356361520740518,120,2000
expanding-history,baseline,weak-form-half,weak-form,weak-form-half-response,weak-form-review,ablation,democraticResponsiveness,registered-component,-0.024693643966246903,-0.026227058755721018,-0.023245693699958908,0.0007730731320365191,120,2000
expanding-history,baseline,weak-form-half,weak-form,weak-form-half-response,weak-form-review,ablation,vetoRelocationRisk,registered-component,0.025994426279194186,0.024742176201784913,0.02729937878050557,0.0006535355449788756,120,2000
expanding-history,baseline,weak-form-half,weak-form,weak-form-half-response,weak-form-review,ablation,totalInstitutionalCost,registered-diagnostic,-0.001467721309593183,-0.0016674028735107454,-0.0012775551189703389,9.837462216953013e-05,120,2000
expanding-history,baseline,weak-form-half,weak-form,weak-form-half-response,weak-form-review,ablation,averageLegislativeResponseDelay,additional-diagnostic,0.08216333031922277,0.07889300863870537,0.085324026170926,0.0016195663352430517,120,2000
expanding-history,baseline,weak-form-off,weak-form,weak-form-no-response,weak-form-review,ablation,legislativeResponseRate,registered-component,-0.3155208333333333,-0.32479427083333334,-0.3070833333333333,0.004450247828656427,120,2000
expanding-history,baseline,weak-form-off,weak-form,weak-form-no-response,weak-form-review,ablation,legislativeResponseCredibility,registered-component,-0.6143328244437577,-0.6159317894016427,-0.612900369281837,0.0007577980345811814,120,2000
expanding-history,baseline,weak-form-off,weak-form,weak-form-no-response,weak-form-review,ablation,timelyLegislativeResponseRate,registered-component,-0.05961406546292352,-0.06850217158537673,-0.05138661688541574,0.004516230456093644,120,2000
expanding-history,baseline,weak-form-off,weak-form,weak-form-no-response,weak-form-review,ablation,rightsProtection,registered-component,-0.020436216631209373,-0.021541144396223684,-0.01935477909017317,0.0005407639755501939,120,2000
expanding-history,baseline,weak-form-off,weak-form,weak-form-no-response,weak-form-review,ablation,complianceRate,registered-component,-0.011562499999999998,-0.02906770833333333,0.004690104166666652,0.008615871864570334,120,2000
expanding-history,baseline,weak-form-off,weak-form,weak-form-no-response,weak-form-review,ablation,democraticResponsiveness,registered-component,-0.04758767106905457,-0.049115568376235055,-0.04611289387054163,0.0007586069388188766,120,2000
expanding-history,baseline,weak-form-off,weak-form,weak-form-no-response,weak-form-review,ablation,vetoRelocationRisk,registered-component,0.05023102452292881,0.04886466700631403,0.051682476111341254,0.0007103628040264064,120,2000
expanding-history,baseline,weak-form-off,weak-form,weak-form-no-response,weak-form-review,ablation,totalInstitutionalCost,registered-diagnostic,-0.00297993188210594,-0.0031750772866739954,-0.002782304075027553,0.00010130468256462412,120,2000
expanding-history,baseline,weak-form-off,weak-form,weak-form-no-response,weak-form-review,ablation,averageLegislativeResponseDelay,additional-diagnostic,-0.4146002724097839,-0.4165019185069406,-0.4126571116952576,0.0009697471576248013,120,2000
expanding-history,baseline,weak-form-half-v-current,weak-form,weak-form-half-response,current-federal-court,persistence,legislativeResponseRate,registered-component,0.15229166666666666,0.145,0.15989583333333332,0.0037714818104672516,120,2000
expanding-history,baseline,weak-form-half-v-current,weak-form,weak-form-half-response,current-federal-court,persistence,legislativeResponseCredibility,registered-component,-0.2437778705552123,-0.24460987847279986,-0.24296155694557467,0.00042306287886275366,120,2000
expanding-history,baseline,weak-form-half-v-current,weak-form,weak-form-half-response,current-federal-court,persistence,timelyLegislativeResponseRate,registered-component,0.0,0.0,0.0,0.0,120,2000
expanding-history,baseline,weak-form-half-v-current,weak-form,weak-form-half-response,current-federal-court,persistence,rightsProtection,registered-component,0.012412461460771842,0.010430407285777994,0.014531913223942644,0.001057864289007893,120,2000
expanding-history,baseline,weak-form-half-v-current,weak-form,weak-form-half-response,current-federal-court,persistence,complianceRate,registered-component,0.3567708333333333,0.33916666666666667,0.3731276041666666,0.009088943277968607,120,2000
expanding-history,baseline,weak-form-half-v-current,weak-form,weak-form-half-response,current-federal-court,persistence,democraticResponsiveness,registered-component,0.05733953196978688,0.054679701309988185,0.05988863733488134,0.0013224143609660674,120,2000
expanding-history,baseline,weak-form-half-v-current,weak-form,weak-form-half-response,current-federal-court,persistence,vetoRelocationRisk,registered-component,-0.31975788242973874,-0.3209822444674447,-0.318553694424383,0.0006119509155664964,120,2000
expanding-history,baseline,weak-form-half-v-current,weak-form,weak-form-half-response,current-federal-court,persistence,totalInstitutionalCost,registered-diagnostic,-0.09428998434437513,-0.09447923349016843,-0.09410924585652257,9.613981619320384e-05,120,2000
expanding-history,baseline,weak-form-half-v-current,weak-form,weak-form-half-response,current-federal-court,persistence,averageLegislativeResponseDelay,additional-diagnostic,0.4967636027290067,0.49387554739014755,0.4995635312217359,0.0014353298984285704,120,2000
expanding-history,baseline,weak-form-off-v-current,weak-form,weak-form-no-response,current-federal-court,persistence,legislativeResponseRate,registered-component,0.0,0.0,0.0,0.0,120,2000
expanding-history,baseline,weak-form-off-v-current,weak-form,weak-form-no-response,current-federal-court,persistence,legislativeResponseCredibility,registered-component,-0.5502786577770913,-0.5511122439868072,-0.5495398605004028,0.00039183148226782565,120,2000
expanding-history,baseline,weak-form-off-v-current,weak-form,weak-form-no-response,current-federal-court,persistence,timelyLegislativeResponseRate,registered-component,0.0,0.0,0.0,0.0,120,2000
expanding-history,baseline,weak-form-off-v-current,weak-form,weak-form-no-response,current-federal-court,persistence,rightsProtection,registered-component,0.0040016940363335595,0.0018018048628581336,0.00610673620644659,0.0011014497836085667,120,2000
expanding-history,baseline,weak-form-off-v-current,weak-form,weak-form-no-response,current-federal-court,persistence,complianceRate,registered-component,0.3519791666666666,0.33353645833333334,0.36958593749999996,0.009181292245925336,120,2000
expanding-history,baseline,weak-form-off-v-current,weak-form,weak-form-no-response,current-federal-court,persistence,democraticResponsiveness,registered-component,0.034445504866979205,0.03199951205627291,0.03686097589442279,0.0012615867695395964,120,2000
expanding-history,baseline,weak-form-off-v-current,weak-form,weak-form-no-response,current-federal-court,persistence,vetoRelocationRisk,registered-component,-0.2955212841860041,-0.2959617105577555,-0.29512035535709685,0.0002116100187630924,120,2000
expanding-history,baseline,weak-form-off-v-current,weak-form,weak-form-no-response,current-federal-court,persistence,totalInstitutionalCost,registered-diagnostic,-0.09580219491688788,-0.0959739289181857,-0.09563379272667918,8.902173056178156e-05,120,2000
expanding-history,baseline,weak-form-off-v-current,weak-form,weak-form-no-response,current-federal-court,persistence,averageLegislativeResponseDelay,additional-diagnostic,0.0,0.0,0.0,0.0,120,2000
expanding-history,emergencyPressure-low,emergency-base,emergency,reasoned-emergency-review,current-federal-court,base,emergencyReasonGivingRate,registered-component,-0.015714285714285715,-0.034128968253968245,0.009425099206349204,0.01041119017989339,120,2000
expanding-history,emergencyPressure-low,emergency-base,emergency,reasoned-emergency-review,current-federal-court,base,meritsFollowUpRate,registered-component,0.008333333333333333,0.0,0.03333333333333333,0.008333333333333333,120,2000
expanding-history,emergencyPressure-low,emergency-base,emergency,reasoned-emergency-review,current-federal-court,base,averageTimeToReview,registered-component,0.0,0.0,0.0,0.0,120,2000
expanding-history,emergencyPressure-low,emergency-base,emergency,reasoned-emergency-review,current-federal-court,base,totalInstitutionalCost,registered-component,0.01371089088581755,0.013641888228605622,0.013778895754572664,3.54875361149149e-05,120,2000
expanding-history,emergencyPressure-low,emergency-base,emergency,reasoned-emergency-review,current-federal-court,base,shadowDocketAbuse,registered-component,-0.04563750039867152,-0.04909142723788036,-0.042265402003459095,0.0017866594249792951,120,2000
expanding-history,emergencyPressure-low,emergency-base,emergency,reasoned-emergency-review,current-federal-court,base,institutionalDelayCost,additional-diagnostic,0.0028806088379205864,0.002793308442967226,0.0029692560782374105,4.6583800858088095e-05,120,2000
expanding-history,emergencyPressure-low,screening-base,screening,constitutional-council,current-federal-court,base,directCourtCost,registered-diagnostic,0.1375221666666667,0.13742169916666666,0.13762395208333333,5.089409272338214e-05,120,2000
expanding-history,emergencyPressure-low,screening-base,screening,constitutional-council,current-federal-court,base,upstreamScreeningCost,registered-component,0.00042937254353126543,0.0003976107270165832,0.00046124623336331734,1.6767469386819297e-05,120,2000
expanding-history,emergencyPressure-low,screening-base,screening,constitutional-council,current-federal-court,base,capacityStrainCost,registered-diagnostic,0.07927697336235422,0.07895431385576987,0.07960208095563719,0.00016854426123686004,120,2000
expanding-history,emergencyPressure-low,screening-base,screening,constitutional-council,current-federal-court,base,totalInstitutionalCost,registered-diagnostic,0.0860235042215647,0.0859498761040056,0.08609965505817424,3.8852186866482154e-05,120,2000
expanding-history,emergencyPressure-low,screening-base,screening,constitutional-council,current-federal-court,base,intakeAcceptanceRate,registered-diagnostic,-0.00015203891129027865,-0.00016349623645728543,-0.00014076356141106246,6.077191894746208e-06,120,2000
expanding-history,emergencyPressure-low,screening-base,screening,constitutional-council,current-federal-court,base,councilScreenRate,registered-component,1.0,1.0,1.0,0.0,120,2000
expanding-history,emergencyPressure-low,screening-base,screening,constitutional-council,current-federal-court,base,administrativeLoad,additional-diagnostic,0.26827208333333347,0.2677610312500001,0.2688183489583335,0.0002737618522774333,120,2000
expanding-history,emergencyPressure-low,weak-form-base,weak-form,weak-form-review,current-federal-court,base,legislativeResponseRate,registered-component,0.3376041666666667,0.32822656250000004,0.34645833333333337,0.004693176612578458,120,2000
expanding-history,emergencyPressure-low,weak-form-base,weak-form,weak-form-review,current-federal-court,base,legislativeResponseCredibility,registered-component,0.05793333333333329,0.056741302083333285,0.05908338541666668,0.0006153593531588473,120,2000
expanding-history,emergencyPressure-low,weak-form-base,weak-form,weak-form-review,current-federal-court,base,timelyLegislativeResponseRate,registered-component,0.0875849801866524,0.0779030083347152,0.09762736198046934,0.005012865330402474,120,2000
expanding-history,emergencyPressure-low,weak-form-base,weak-form,weak-form-review,current-federal-court,base,rightsProtection,registered-component,-0.005220544978592014,-0.006243957995945307,-0.004140181495378984,0.0005358240177644267,120,2000
expanding-history,emergencyPressure-low,weak-form-base,weak-form,weak-form-review,current-federal-court,base,complianceRate,registered-component,0.2833333333333333,0.2634375,0.3021875,0.009838655208980298,120,2000
expanding-history,emergencyPressure-low,weak-form-base,weak-form,weak-form-review,current-federal-court,base,democraticResponsiveness,registered-component,0.05262299019046316,0.05078677432736411,0.054451741173697124,0.0009438974956190247,120,2000
expanding-history,emergencyPressure-low,weak-form-base,weak-form,weak-form-review,current-federal-court,base,vetoRelocationRisk,registered-component,-0.35698145336345205,-0.358397756658837,-0.3555428230329262,0.0007367938660578481,120,2000
expanding-history,emergencyPressure-low,weak-form-base,weak-form,weak-form-review,current-federal-court,base,totalInstitutionalCost,registered-diagnostic,-0.09083369633254229,-0.09096376056595257,-0.0907112901919669,6.691163143241923e-05,120,2000
expanding-history,emergencyPressure-low,weak-form-base,weak-form,weak-form-review,current-federal-court,base,averageLegislativeResponseDelay,additional-diagnostic,0.4150619073216543,0.4132654805948734,0.41684910533717545,0.000939429257113379,120,2000
expanding-history,emergencyPressure-low,emergency-ablation,emergency,reasoned-with-fast-procedure,reasoned-emergency-review,ablation,emergencyReasonGivingRate,registered-component,0.17740410052910055,0.13425372023809523,0.21600347222222221,0.020491402958060345,120,2000
expanding-history,emergencyPressure-low,emergency-ablation,emergency,reasoned-with-fast-procedure,reasoned-emergency-review,ablation,meritsFollowUpRate,registered-component,-0.008333333333333333,-0.03333333333333333,0.0,0.008333333333333333,120,2000
expanding-history,emergencyPressure-low,emergency-ablation,emergency,reasoned-with-fast-procedure,reasoned-emergency-review,ablation,averageTimeToReview,registered-component,0.0,0.0,0.0,0.0,120,2000
expanding-history,emergencyPressure-low,emergency-ablation,emergency,reasoned-with-fast-procedure,reasoned-emergency-review,ablation,totalInstitutionalCost,registered-component,-0.008348415034641088,-0.008426333636607792,-0.008269960203807348,4.178113139291802e-05,120,2000
expanding-history,emergencyPressure-low,emergency-ablation,emergency,reasoned-with-fast-procedure,reasoned-emergency-review,ablation,shadowDocketAbuse,registered-component,0.04584158116207656,0.0423990100636012,0.049548611494087534,0.0018539255047706569,120,2000
expanding-history,emergencyPressure-low,emergency-ablation,emergency,reasoned-with-fast-procedure,reasoned-emergency-review,ablation,institutionalDelayCost,additional-diagnostic,-0.0012541131690339588,-0.0013521997292534043,-0.0011594522481536977,4.9890819563153825e-05,120,2000
expanding-history,emergencyPressure-low,screening-ablation,screening,council-with-full-court-structure,constitutional-council,ablation,directCourtCost,registered-diagnostic,-0.0971640833333333,-0.09728169958333333,-0.09703982624999996,6.224282504333091e-05,120,2000
expanding-history,emergencyPressure-low,screening-ablation,screening,council-with-full-court-structure,constitutional-council,ablation,upstreamScreeningCost,registered-component,3.152279739746892e-07,-1.7771700514470265e-06,2.4114232253110773e-06,1.0657660153358203e-06,120,2000
expanding-history,emergencyPressure-low,screening-ablation,screening,council-with-full-court-structure,constitutional-council,ablation,capacityStrainCost,registered-diagnostic,-0.04318428984801738,-0.04326280172728169,-0.04310110670500957,4.1615237039754775e-05,120,2000
expanding-history,emergencyPressure-low,screening-ablation,screening,council-with-full-court-structure,constitutional-council,ablation,totalInstitutionalCost,registered-diagnostic,-0.05024657983055308,-0.050301610445072274,-0.05018788907965651,2.9413129745392643e-05,120,2000
expanding-history,emergencyPressure-low,screening-ablation,screening,council-with-full-court-structure,constitutional-council,ablation,intakeAcceptanceRate,registered-diagnostic,-1.047136495907428e-07,-8.018031339392648e-07,5.940252483956192e-07,3.5605223446099103e-07,120,2000
expanding-history,emergencyPressure-low,screening-ablation,screening,council-with-full-court-structure,constitutional-council,ablation,councilScreenRate,registered-component,-1.0,-1.0,-1.0,0.0,120,2000
expanding-history,emergencyPressure-low,screening-ablation,screening,council-with-full-court-structure,constitutional-council,ablation,administrativeLoad,additional-diagnostic,-0.23987916666666678,-0.24029918229166677,-0.23943393229166673,0.00022237602637313988,120,2000
expanding-history,emergencyPressure-low,weak-form-half,weak-form,weak-form-half-response,weak-form-review,ablation,legislativeResponseRate,registered-component,-0.16979166666666667,-0.17770833333333333,-0.16177083333333334,0.00413040064648296,120,2000
expanding-history,emergencyPressure-low,weak-form-half,weak-form,weak-form-half-response,weak-form-review,ablation,legislativeResponseCredibility,registered-component,-0.30966186312488764,-0.3106744147548031,-0.3085623569444806,0.0005652857746610879,120,2000
expanding-history,emergencyPressure-low,weak-form-half,weak-form,weak-form-half-response,weak-form-review,ablation,timelyLegislativeResponseRate,registered-component,-0.0875849801866524,-0.09762736198046934,-0.0779030083347152,0.005012865330402474,120,2000
expanding-history,emergencyPressure-low,weak-form-half,weak-form,weak-form-half-response,weak-form-review,ablation,rightsProtection,registered-component,-0.014906549606680171,-0.01579865975772314,-0.01401680106039192,0.00045345281115483587,120,2000
expanding-history,emergencyPressure-low,weak-form-half,weak-form,weak-form-half-response,weak-form-review,ablation,complianceRate,registered-component,-0.0037500000000000033,-0.017083333333333336,0.010208333333333326,0.006988260464072979,120,2000
expanding-history,emergencyPressure-low,weak-form-half,weak-form,weak-form-half-response,weak-form-review,ablation,democraticResponsiveness,registered-component,-0.02641524645664491,-0.02761973620261022,-0.02529273068689335,0.0005959811452528448,120,2000
expanding-history,emergencyPressure-low,weak-form-half,weak-form,weak-form-half-response,weak-form-review,ablation,vetoRelocationRisk,registered-component,0.027118537899875048,0.02591417754814501,0.028323133578468527,0.0006311269070100055,120,2000
expanding-history,emergencyPressure-low,weak-form-half,weak-form,weak-form-half-response,weak-form-review,ablation,totalInstitutionalCost,registered-diagnostic,-0.0015860349037273961,-0.0016687234590184207,-0.0015002523962175359,4.422276505070449e-05,120,2000
expanding-history,emergencyPressure-low,weak-form-half,weak-form,weak-form-half-response,weak-form-review,ablation,averageLegislativeResponseDelay,additional-diagnostic,0.08210178506331897,0.07902716911275333,0.08510970643784177,0.0015893457652315314,120,2000
expanding-history,emergencyPressure-low,weak-form-off,weak-form,weak-form-no-response,weak-form-review,ablation,legislativeResponseRate,registered-component,-0.3376041666666667,-0.34645833333333337,-0.32822656250000004,0.004693176612578458,120,2000
expanding-history,emergencyPressure-low,weak-form-off,weak-form,weak-form-no-response,weak-form-review,ablation,legislativeResponseCredibility,registered-component,-0.6190612262497753,-0.6205778346826121,-0.6175631930180475,0.0008171180994586275,120,2000
expanding-history,emergencyPressure-low,weak-form-off,weak-form,weak-form-no-response,weak-form-review,ablation,timelyLegislativeResponseRate,registered-component,-0.0875849801866524,-0.09762736198046934,-0.0779030083347152,0.005012865330402474,120,2000
expanding-history,emergencyPressure-low,weak-form-off,weak-form,weak-form-no-response,weak-form-review,ablation,rightsProtection,registered-component,-0.02564072550223263,-0.026652906769421617,-0.024634075802432327,0.0005251893554816653,120,2000
expanding-history,emergencyPressure-low,weak-form-off,weak-form,weak-form-no-response,weak-form-review,ablation,complianceRate,registered-component,-0.012812500000000004,-0.02802343750000001,0.002502604166666653,0.007508839474619379,120,2000
expanding-history,emergencyPressure-low,weak-form-off,weak-form,weak-form-no-response,weak-form-review,ablation,democraticResponsiveness,registered-component,-0.0522254358437545,-0.053532501778134026,-0.050884081831661605,0.0007065607251944437,120,2000
expanding-history,emergencyPressure-low,weak-form-off,weak-form,weak-form-no-response,weak-form-review,ablation,vetoRelocationRisk,registered-component,0.05387297411258712,0.05246570368033277,0.05521791697476863,0.0007162517053468,120,2000
expanding-history,emergencyPressure-low,weak-form-off,weak-form,weak-form-no-response,weak-form-review,ablation,totalInstitutionalCost,registered-diagnostic,-0.0031744324946059326,-0.003269304555867549,-0.003079594330260987,4.8873406417504886e-05,120,2000
expanding-history,emergencyPressure-low,weak-form-off,weak-form,weak-form-no-response,weak-form-review,ablation,averageLegislativeResponseDelay,additional-diagnostic,-0.4150619073216543,-0.41684910533717545,-0.4132654805948734,0.000939429257113379,120,2000
expanding-history,emergencyPressure-low,weak-form-half-v-current,weak-form,weak-form-half-response,current-federal-court,persistence,legislativeResponseRate,registered-component,0.1678125,0.16062239583333332,0.17552083333333332,0.003870786145171632,120,2000
expanding-history,emergencyPressure-low,weak-form-half-v-current,weak-form,weak-form-half-response,current-federal-court,persistence,legislativeResponseCredibility,registered-component,-0.25172852979155436,-0.25237842187255416,-0.25106224375249364,0.00033421459944691083,120,2000
expanding-history,emergencyPressure-low,weak-form-half-v-current,weak-form,weak-form-half-response,current-federal-court,persistence,timelyLegislativeResponseRate,registered-component,0.0,0.0,0.0,0.0,120,2000
expanding-history,emergencyPressure-low,weak-form-half-v-current,weak-form,weak-form-half-response,current-federal-court,persistence,rightsProtection,registered-component,-0.020127094585272183,-0.021420991872088645,-0.018916087898199877,0.0006397996842680244,120,2000
expanding-history,emergencyPressure-low,weak-form-half-v-current,weak-form,weak-form-half-response,current-federal-court,persistence,complianceRate,registered-component,0.2795833333333333,0.2606223958333333,0.2989583333333333,0.009623439400808169,120,2000
expanding-history,emergencyPressure-low,weak-form-half-v-current,weak-form,weak-form-half-response,current-federal-court,persistence,democraticResponsiveness,registered-component,0.026207743733818248,0.024388168060793136,0.028059892396105804,0.0009796223950848545,120,2000
expanding-history,emergencyPressure-low,weak-form-half-v-current,weak-form,weak-form-half-response,current-federal-court,persistence,vetoRelocationRisk,registered-component,-0.329862915463577,-0.33106579790290747,-0.32875351692367816,0.0005974486037737346,120,2000
expanding-history,emergencyPressure-low,weak-form-half-v-current,weak-form,weak-form-half-response,current-federal-court,persistence,totalInstitutionalCost,registered-diagnostic,-0.09241973123626969,-0.09253109887122513,-0.0923076292213311,5.988554078829541e-05,120,2000
expanding-history,emergencyPressure-low,weak-form-half-v-current,weak-form,weak-form-half-response,current-federal-court,persistence,averageLegislativeResponseDelay,additional-diagnostic,0.4971636923849733,0.4946215835931849,0.49973644381479937,0.0013561620993054698,120,2000
expanding-history,emergencyPressure-low,weak-form-off-v-current,weak-form,weak-form-no-response,current-federal-court,persistence,legislativeResponseRate,registered-component,0.0,0.0,0.0,0.0,120,2000
expanding-history,emergencyPressure-low,weak-form-off-v-current,weak-form,weak-form-no-response,current-federal-court,persistence,legislativeResponseCredibility,registered-component,-0.561127892916442,-0.5619690915544823,-0.5603421618037174,0.00040309776222224067,120,2000
expanding-history,emergencyPressure-low,weak-form-off-v-current,weak-form,weak-form-no-response,current-federal-court,persistence,timelyLegislativeResponseRate,registered-component,0.0,0.0,0.0,0.0,120,2000
expanding-history,emergencyPressure-low,weak-form-off-v-current,weak-form,weak-form-no-response,current-federal-court,persistence,rightsProtection,registered-component,-0.030861270480824644,-0.032247304599741664,-0.029504809171141927,0.0007123142593123985,120,2000
expanding-history,emergencyPressure-low,weak-form-off-v-current,weak-form,weak-form-no-response,current-federal-court,persistence,complianceRate,registered-component,0.2705208333333333,0.2509375,0.28906510416666664,0.009622145973296145,120,2000
expanding-history,emergencyPressure-low,weak-form-off-v-current,weak-form,weak-form-no-response,current-federal-court,persistence,democraticResponsiveness,registered-component,0.0003975543467086617,-0.0011669913530577682,0.002089096918441705,0.000831861993983886,120,2000
expanding-history,emergencyPressure-low,weak-form-off-v-current,weak-form,weak-form-no-response,current-federal-court,persistence,vetoRelocationRisk,registered-component,-0.3031084792508649,-0.30342812080088205,-0.30280676276483104,0.000154313501191492,120,2000
expanding-history,emergencyPressure-low,weak-form-off-v-current,weak-form,weak-form-no-response,current-federal-court,persistence,totalInstitutionalCost,registered-diagnostic,-0.09400812882714822,-0.09408253861191575,-0.0939310798724065,3.920467906578704e-05,120,2000
expanding-history,emergencyPressure-low,weak-form-off-v-current,weak-form,weak-form-no-response,current-federal-court,persistence,averageLegislativeResponseDelay,additional-diagnostic,0.0,0.0,0.0,0.0,120,2000
expanding-history,emergencyPressure-high,emergency-base,emergency,reasoned-emergency-review,current-federal-court,base,emergencyReasonGivingRate,registered-component,0.8501426269317605,0.8412215876680949,0.8591848751638494,0.004391752447417891,120,2000
expanding-history,emergencyPressure-high,emergency-base,emergency,reasoned-emergency-review,current-federal-court,base,meritsFollowUpRate,registered-component,1.0,1.0,1.0,0.0,120,2000
expanding-history,emergencyPressure-high,emergency-base,emergency,reasoned-emergency-review,current-federal-court,base,averageTimeToReview,registered-component,0.0,0.0,0.0,0.0,120,2000
expanding-history,emergencyPressure-high,emergency-base,emergency,reasoned-emergency-review,current-federal-court,base,totalInstitutionalCost,registered-component,0.01156546152080461,0.011459581165419206,0.011677386666757451,5.8488366277949316e-05,120,2000
expanding-history,emergencyPressure-high,emergency-base,emergency,reasoned-emergency-review,current-federal-court,base,shadowDocketAbuse,registered-component,-0.8244858788728718,-0.8274551079813898,-0.8216747623192164,0.001501365040454248,120,2000
expanding-history,emergencyPressure-high,emergency-base,emergency,reasoned-emergency-review,current-federal-court,base,institutionalDelayCost,additional-diagnostic,0.005856807167599454,0.005712534899357103,0.005993293314295487,7.423545454727598e-05,120,2000
expanding-history,emergencyPressure-high,screening-base,screening,constitutional-council,current-federal-court,base,directCourtCost,registered-diagnostic,0.13712127500000004,0.13701101750000003,0.1372302889583334,5.738166969648895e-05,120,2000
expanding-history,emergencyPressure-high,screening-base,screening,constitutional-council,current-federal-court,base,upstreamScreeningCost,registered-component,0.0009645524855128688,0.0009059773511808229,0.0010242355405049833,3.032644351573621e-05,120,2000
expanding-history,emergencyPressure-high,screening-base,screening,constitutional-council,current-federal-court,base,capacityStrainCost,registered-diagnostic,0.07423809749034187,0.07364711381638503,0.07480134232210595,0.000290472878330991,120,2000
expanding-history,emergencyPressure-high,screening-base,screening,constitutional-council,current-federal-court,base,totalInstitutionalCost,registered-diagnostic,0.08507762403921,0.08495541092968276,0.08519763985317574,6.169632101688136e-05,120,2000
expanding-history,emergencyPressure-high,screening-base,screening,constitutional-council,current-federal-court,base,intakeAcceptanceRate,registered-diagnostic,-0.00042861544703839255,-0.00045484620663095157,-0.0004024917476999175,1.3346277248426337e-05,120,2000
expanding-history,emergencyPressure-high,screening-base,screening,constitutional-council,current-federal-court,base,councilScreenRate,registered-component,1.0,1.0,1.0,0.0,120,2000
expanding-history,emergencyPressure-high,screening-base,screening,constitutional-council,current-federal-court,base,administrativeLoad,additional-diagnostic,0.26180312499999997,0.2609618177083333,0.2626449114583333,0.0004298405816567414,120,2000
expanding-history,emergencyPressure-high,weak-form-base,weak-form,weak-form-review,current-federal-court,base,legislativeResponseRate,registered-component,0.1872916666666667,0.17979166666666666,0.1946875,0.003972130605265237,120,2000
expanding-history,emergencyPressure-high,weak-form-base,weak-form,weak-form-review,current-federal-court,base,legislativeResponseCredibility,registered-component,0.05348541666666662,0.052366562499999963,0.0546315104166666,0.0006045643371526045,120,2000
expanding-history,emergencyPressure-high,weak-form-base,weak-form,weak-form-review,current-federal-court,base,timelyLegislativeResponseRate,registered-component,0.014051344956076413,0.008834084992692729,0.020401751096244376,0.0028866119215473873,120,2000
expanding-history,emergencyPressure-high,weak-form-base,weak-form,weak-form-review,current-federal-court,base,rightsProtection,registered-component,0.05884920454918123,0.05649562968259605,0.06131819313944474,0.00124673569121496,120,2000
expanding-history,emergencyPressure-high,weak-form-base,weak-form,weak-form-review,current-federal-court,base,complianceRate,registered-component,0.21135416666666668,0.18968749999999998,0.2354192708333333,0.01165283653424711,120,2000
expanding-history,emergencyPressure-high,weak-form-base,weak-form,weak-form-review,current-federal-court,base,democraticResponsiveness,registered-component,0.10600505840328847,0.10317605239668692,0.1088110737404751,0.0014794791116084097,120,2000
expanding-history,emergencyPressure-high,weak-form-base,weak-form,weak-form-review,current-federal-court,base,vetoRelocationRisk,registered-component,-0.2961794652589186,-0.29747235319711557,-0.29486066453567644,0.0006916620093919989,120,2000
expanding-history,emergencyPressure-high,weak-form-base,weak-form,weak-form-review,current-federal-court,base,totalInstitutionalCost,registered-diagnostic,-0.08456849518666949,-0.08476705892249285,-0.08437220641021774,0.00010325731610032586,120,2000
expanding-history,emergencyPressure-high,weak-form-base,weak-form,weak-form-review,current-federal-court,base,averageLegislativeResponseDelay,additional-diagnostic,0.43518324321355367,0.43217243517311454,0.4383078741290917,0.0016696778699461963,120,2000
expanding-history,emergencyPressure-high,emergency-ablation,emergency,reasoned-with-fast-procedure,reasoned-emergency-review,ablation,emergencyReasonGivingRate,registered-component,-0.7013757775715567,-0.7116262756941335,-0.6909731943481616,0.005233694055939948,120,2000
expanding-history,emergencyPressure-high,emergency-ablation,emergency,reasoned-with-fast-procedure,reasoned-emergency-review,ablation,meritsFollowUpRate,registered-component,-1.0,-1.0,-1.0,0.0,120,2000
expanding-history,emergencyPressure-high,emergency-ablation,emergency,reasoned-with-fast-procedure,reasoned-emergency-review,ablation,averageTimeToReview,registered-component,0.0,0.0,0.0,0.0,120,2000
expanding-history,emergencyPressure-high,emergency-ablation,emergency,reasoned-with-fast-procedure,reasoned-emergency-review,ablation,totalInstitutionalCost,registered-component,-0.006199141230913964,-0.006313832553499646,-0.006088152846058365,5.978744552393071e-05,120,2000
expanding-history,emergencyPressure-high,emergency-ablation,emergency,reasoned-with-fast-procedure,reasoned-emergency-review,ablation,shadowDocketAbuse,registered-component,0.7934566087317514,0.7903814860400652,0.7968730900513538,0.0016593034617414957,120,2000
expanding-history,emergencyPressure-high,emergency-ablation,emergency,reasoned-with-fast-procedure,reasoned-emergency-review,ablation,institutionalDelayCost,additional-diagnostic,-0.004180289167535676,-0.004316961882531423,-0.004039708637060534,7.397328905201303e-05,120,2000
expanding-history,emergencyPressure-high,screening-ablation,screening,council-with-full-court-structure,constitutional-council,ablation,directCourtCost,registered-diagnostic,-0.09729881666666666,-0.09741926666666668,-0.09718351625000002,6.032927503490628e-05,120,2000
expanding-history,emergencyPressure-high,screening-ablation,screening,council-with-full-court-structure,constitutional-council,ablation,upstreamScreeningCost,registered-component,-1.068016480855934e-07,-5.7818835665083255e-05,5.656091056168398e-05,2.9463632983454506e-05,120,2000
expanding-history,emergencyPressure-high,screening-ablation,screening,council-with-full-court-structure,constitutional-council,ablation,capacityStrainCost,registered-diagnostic,-0.043369846201098704,-0.04392800798360984,-0.04280332625067941,0.0002898624616947293,120,2000
expanding-history,emergencyPressure-high,screening-ablation,screening,council-with-full-court-structure,constitutional-council,ablation,totalInstitutionalCost,registered-diagnostic,-0.050329032173392026,-0.05045290727555297,-0.05020836134579378,6.16655624646175e-05,120,2000
expanding-history,emergencyPressure-high,screening-ablation,screening,council-with-full-court-structure,constitutional-council,ablation,intakeAcceptanceRate,registered-diagnostic,1.3400882399425737e-06,-2.3732913854543602e-05,2.6245161169851072e-05,1.2933207093812581e-05,120,2000
expanding-history,emergencyPressure-high,screening-ablation,screening,council-with-full-court-structure,constitutional-council,ablation,councilScreenRate,registered-component,-1.0,-1.0,-1.0,0.0,120,2000
expanding-history,emergencyPressure-high,screening-ablation,screening,council-with-full-court-structure,constitutional-council,ablation,administrativeLoad,additional-diagnostic,-0.24045708333333332,-0.24131633854166668,-0.23961852604166664,0.0004271215156806434,120,2000
expanding-history,emergencyPressure-high,weak-form-half,weak-form,weak-form-half-response,weak-form-review,ablation,legislativeResponseRate,registered-component,-0.09364583333333334,-0.1,-0.08739583333333334,0.0032712481226404425,120,2000
expanding-history,emergencyPressure-high,weak-form-half,weak-form,weak-form-half-response,weak-form-review,ablation,legislativeResponseCredibility,registered-component,-0.29237260719203295,-0.2931599316788615,-0.2915672608115203,0.0004207590718867157,120,2000
expanding-history,emergencyPressure-high,weak-form-half,weak-form,weak-form-half-response,weak-form-review,ablation,timelyLegislativeResponseRate,registered-component,-0.014051344956076413,-0.02040175109624438,-0.008834084992692736,0.0028866119215473873,120,2000
expanding-history,emergencyPressure-high,weak-form-half,weak-form,weak-form-half-response,weak-form-review,ablation,rightsProtection,registered-component,0.0012147991246111655,-2.5560965977384215e-05,0.002411445026555825,0.0006298090958684945,120,2000
expanding-history,emergencyPressure-high,weak-form-half,weak-form,weak-form-half-response,weak-form-review,ablation,complianceRate,registered-component,-0.01666666666666666,-0.041773437499999996,0.007820312499999964,0.012878830007870098,120,2000
expanding-history,emergencyPressure-high,weak-form-half,weak-form,weak-form-half-response,weak-form-review,ablation,democraticResponsiveness,registered-component,-0.010014860142111342,-0.011637042199298717,-0.008419568270165077,0.0008199246876213589,120,2000
expanding-history,emergencyPressure-high,weak-form-half,weak-form,weak-form-half-response,weak-form-review,ablation,vetoRelocationRisk,registered-component,0.015015329257163331,0.013970299919308883,0.016039822389945425,0.0005423352147751931,120,2000
expanding-history,emergencyPressure-high,weak-form-half,weak-form,weak-form-half-response,weak-form-review,ablation,totalInstitutionalCost,registered-diagnostic,-0.0009194587117118647,-0.001104848253342645,-0.0007282482480725298,0.00010534482540764009,120,2000
expanding-history,emergencyPressure-high,weak-form-half,weak-form,weak-form-half-response,weak-form-review,ablation,averageLegislativeResponseDelay,additional-diagnostic,0.07164706745636372,0.06710691804133813,0.07600082169125243,0.002325227593757661,120,2000
expanding-history,emergencyPressure-high,weak-form-off,weak-form,weak-form-no-response,weak-form-review,ablation,legislativeResponseRate,registered-component,-0.1872916666666667,-0.1946875,-0.17979166666666666,0.003972130605265237,120,2000
expanding-history,emergencyPressure-high,weak-form-off,weak-form,weak-form-no-response,weak-form-review,ablation,legislativeResponseCredibility,registered-component,-0.5851202143840659,-0.5862245070925548,-0.583876169280937,0.0006274904941337482,120,2000
expanding-history,emergencyPressure-high,weak-form-off,weak-form,weak-form-no-response,weak-form-review,ablation,timelyLegislativeResponseRate,registered-component,-0.014051344956076413,-0.02040175109624438,-0.008834084992692736,0.0028866119215473873,120,2000
expanding-history,emergencyPressure-high,weak-form-off,weak-form,weak-form-no-response,weak-form-review,ablation,rightsProtection,registered-component,0.0031846573929863705,0.0017535572322615069,0.004510966275579666,0.0006993976262677995,120,2000
expanding-history,emergencyPressure-high,weak-form-off,weak-form,weak-form-no-response,weak-form-review,ablation,complianceRate,registered-component,-0.0471875,-0.07354166666666666,-0.02270833333333333,0.013173772675361484,120,2000
expanding-history,emergencyPressure-high,weak-form-off,weak-form,weak-form-no-response,weak-form-review,ablation,democraticResponsiveness,registered-component,-0.022118974837511303,-0.023778815502763864,-0.020543080495996173,0.0008591526167093132,120,2000
expanding-history,emergencyPressure-high,weak-form-off,weak-form,weak-form-no-response,weak-form-review,ablation,vetoRelocationRisk,registered-component,0.030095799489584536,0.028863053629198,0.031272869332275695,0.000642134944631358,120,2000
expanding-history,emergencyPressure-high,weak-form-off,weak-form,weak-form-no-response,weak-form-review,ablation,totalInstitutionalCost,registered-diagnostic,-0.001742110269896828,-0.001939689143966683,-0.0015411096048142143,0.00010469306857190096,120,2000
expanding-history,emergencyPressure-high,weak-form-off,weak-form,weak-form-no-response,weak-form-review,ablation,averageLegislativeResponseDelay,additional-diagnostic,-0.43518324321355367,-0.4383078741290917,-0.4321724351731146,0.0016696778699461963,120,2000
expanding-history,emergencyPressure-high,weak-form-half-v-current,weak-form,weak-form-half-response,current-federal-court,persistence,legislativeResponseRate,registered-component,0.09364583333333334,0.0878125,0.09947916666666666,0.002958616267489579,120,2000
expanding-history,emergencyPressure-high,weak-form-half-v-current,weak-form,weak-form-half-response,current-federal-court,persistence,legislativeResponseCredibility,registered-component,-0.23888719052536633,-0.23953459361838575,-0.2381945320596707,0.00034582733074881716,120,2000
expanding-history,emergencyPressure-high,weak-form-half-v-current,weak-form,weak-form-half-response,current-federal-court,persistence,timelyLegislativeResponseRate,registered-component,0.0,0.0,0.0,0.0,120,2000
expanding-history,emergencyPressure-high,weak-form-half-v-current,weak-form,weak-form-half-response,current-federal-court,persistence,rightsProtection,registered-component,0.0600640036737924,0.05772650606692145,0.06242307689015373,0.0012396609310136115,120,2000
expanding-history,emergencyPressure-high,weak-form-half-v-current,weak-form,weak-form-half-response,current-federal-court,persistence,complianceRate,registered-component,0.1946875,0.17635416666666667,0.21417187499999996,0.009874544031773527,120,2000
expanding-history,emergencyPressure-high,weak-form-half-v-current,weak-form,weak-form-half-response,current-federal-court,persistence,democraticResponsiveness,registered-component,0.09599019826117712,0.0933175876465078,0.09882638593637726,0.0014040930600177433,120,2000
expanding-history,emergencyPressure-high,weak-form-half-v-current,weak-form,weak-form-half-response,current-federal-court,persistence,vetoRelocationRisk,registered-component,-0.2811641360017552,-0.28219654215297024,-0.280144278737865,0.0005309468590028693,120,2000
expanding-history,emergencyPressure-high,weak-form-half-v-current,weak-form,weak-form-half-response,current-federal-court,persistence,totalInstitutionalCost,registered-diagnostic,-0.08548795389838136,-0.0856805771394151,-0.08529987395728728,0.0001010568679262237,120,2000
expanding-history,emergencyPressure-high,weak-form-half-v-current,weak-form,weak-form-half-response,current-federal-court,persistence,averageLegislativeResponseDelay,additional-diagnostic,0.5068303106699175,0.5033747615145868,0.510429361869472,0.0018801389940674873,120,2000
expanding-history,emergencyPressure-high,weak-form-off-v-current,weak-form,weak-form-no-response,current-federal-court,persistence,legislativeResponseRate,registered-component,0.0,0.0,0.0,0.0,120,2000
expanding-history,emergencyPressure-high,weak-form-off-v-current,weak-form,weak-form-no-response,current-federal-court,persistence,legislativeResponseCredibility,registered-component,-0.5316347977173993,-0.5321173636707298,-0.5311086750176625,0.0002601592351779671,120,2000
expanding-history,emergencyPressure-high,weak-form-off-v-current,weak-form,weak-form-no-response,current-federal-court,persistence,timelyLegislativeResponseRate,registered-component,0.0,0.0,0.0,0.0,120,2000
expanding-history,emergencyPressure-high,weak-form-off-v-current,weak-form,weak-form-no-response,current-federal-court,persistence,rightsProtection,registered-component,0.062033861942167604,0.05967363837129708,0.06455821234969444,0.0012689420707752126,120,2000
expanding-history,emergencyPressure-high,weak-form-off-v-current,weak-form,weak-form-no-response,current-federal-court,persistence,complianceRate,registered-component,0.16416666666666666,0.1447890625,0.18407552083333326,0.010137289949768475,120,2000
expanding-history,emergencyPressure-high,weak-form-off-v-current,weak-form,weak-form-no-response,current-federal-court,persistence,democraticResponsiveness,registered-component,0.08388608356577716,0.08108543223642121,0.08664054945124508,0.0014788631618703719,120,2000
expanding-history,emergencyPressure-high,weak-form-off-v-current,weak-form,weak-form-no-response,current-federal-court,persistence,vetoRelocationRisk,registered-component,-0.266083665769334,-0.2665423171072109,-0.2656312139481477,0.0002450799302762851,120,2000
expanding-history,emergencyPressure-high,weak-form-off-v-current,weak-form,weak-form-no-response,current-federal-court,persistence,totalInstitutionalCost,registered-diagnostic,-0.08631060545656632,-0.08647811133099989,-0.08612789368505963,9.381318915808045e-05,120,2000
expanding-history,emergencyPressure-high,weak-form-off-v-current,weak-form,weak-form-no-response,current-federal-court,persistence,averageLegislativeResponseDelay,additional-diagnostic,0.0,0.0,0.0,0.0,120,2000
expanding-history,rightsThreatRate-low,emergency-base,emergency,reasoned-emergency-review,current-federal-court,base,emergencyReasonGivingRate,registered-component,0.8588915744524461,0.825093311104682,0.8892921524440394,0.016818414128697542,120,2000
expanding-history,rightsThreatRate-low,emergency-base,emergency,reasoned-emergency-review,current-federal-court,base,meritsFollowUpRate,registered-component,0.9916666666666667,0.975,1.0,0.008333333333333333,120,2000
expanding-history,rightsThreatRate-low,emergency-base,emergency,reasoned-emergency-review,current-federal-court,base,averageTimeToReview,registered-component,0.0,0.0,0.0,0.0,120,2000
expanding-history,rightsThreatRate-low,emergency-base,emergency,reasoned-emergency-review,current-federal-court,base,totalInstitutionalCost,registered-component,0.009868538574968385,0.009726755296930196,0.01001805319888253,7.671759591528576e-05,120,2000
expanding-history,rightsThreatRate-low,emergency-base,emergency,reasoned-emergency-review,current-federal-court,base,shadowDocketAbuse,registered-component,-0.3006884313352962,-0.30852772461684896,-0.2929018593210943,0.004052976472931586,120,2000
expanding-history,rightsThreatRate-low,emergency-base,emergency,reasoned-emergency-review,current-federal-court,base,institutionalDelayCost,additional-diagnostic,0.008199373964449719,0.007998671024533199,0.00838775781327262,0.00010283978843125065,120,2000
expanding-history,rightsThreatRate-low,screening-base,screening,constitutional-council,current-federal-court,base,directCourtCost,registered-diagnostic,0.1359626166666667,0.13582903895833337,0.13609896270833333,7.020218997052147e-05,120,2000
expanding-history,rightsThreatRate-low,screening-base,screening,constitutional-council,current-federal-court,base,upstreamScreeningCost,registered-component,0.0020031989776624634,0.001931877999602022,0.0020747084070469194,3.6644523226473063e-05,120,2000
expanding-history,rightsThreatRate-low,screening-base,screening,constitutional-council,current-federal-court,base,capacityStrainCost,registered-diagnostic,0.06436514098510833,0.06368589066237534,0.06502980180568246,0.0003409854905973326,120,2000
expanding-history,rightsThreatRate-low,screening-base,screening,constitutional-council,current-federal-court,base,totalInstitutionalCost,registered-diagnostic,0.08309059782640582,0.08294411158817022,0.08323719268318636,7.488647622474677e-05,120,2000
expanding-history,rightsThreatRate-low,screening-base,screening,constitutional-council,current-federal-court,base,intakeAcceptanceRate,registered-diagnostic,-0.0007443341821619119,-0.0007720667551043435,-0.0007173753283474322,1.4191201411517249e-05,120,2000
expanding-history,rightsThreatRate-low,screening-base,screening,constitutional-council,current-federal-court,base,councilScreenRate,registered-component,1.0,1.0,1.0,0.0,120,2000
expanding-history,rightsThreatRate-low,screening-base,screening,constitutional-council,current-federal-court,base,administrativeLoad,additional-diagnostic,0.24803708333333335,0.2470060000000001,0.24906626562500003,0.0005254764897292456,120,2000
expanding-history,rightsThreatRate-low,weak-form-base,weak-form,weak-form-review,current-federal-court,base,legislativeResponseRate,registered-component,0.18635416666666668,0.1794791666666667,0.19302343749999998,0.0035256036088149876,120,2000
expanding-history,rightsThreatRate-low,weak-form-base,weak-form,weak-form-review,current-federal-court,base,legislativeResponseCredibility,registered-component,0.04910416666666659,0.048066666666666584,0.05008541666666658,0.0005278250599244215,120,2000
expanding-history,rightsThreatRate-low,weak-form-base,weak-form,weak-form-review,current-federal-court,base,timelyLegislativeResponseRate,registered-component,0.08005603522437887,0.06765764071240075,0.09317999544136349,0.006438613198892878,120,2000
expanding-history,rightsThreatRate-low,weak-form-base,weak-form,weak-form-review,current-federal-court,base,rightsProtection,registered-component,0.028250470622773423,0.026468919646484165,0.0300139917207341,0.0009259016766016826,120,2000
expanding-history,rightsThreatRate-low,weak-form-base,weak-form,weak-form-review,current-federal-court,base,complianceRate,registered-component,0.3459375,0.3303125,0.3614583333333333,0.007853150544647082,120,2000
expanding-history,rightsThreatRate-low,weak-form-base,weak-form,weak-form-review,current-federal-court,base,democraticResponsiveness,registered-component,0.0619191269801913,0.05955467769942532,0.06419669025335349,0.001201302208651196,120,2000
expanding-history,rightsThreatRate-low,weak-form-base,weak-form,weak-form-review,current-federal-court,base,vetoRelocationRisk,registered-component,-0.3254065340305976,-0.32649048605703285,-0.3242824668343589,0.0005889305226713537,120,2000
expanding-history,rightsThreatRate-low,weak-form-base,weak-form,weak-form-review,current-federal-court,base,totalInstitutionalCost,registered-diagnostic,-0.09430512551539731,-0.09450995887400569,-0.09410412575933838,0.0001076850074756494,120,2000
expanding-history,rightsThreatRate-low,weak-form-base,weak-form,weak-form-review,current-federal-court,base,averageLegislativeResponseDelay,additional-diagnostic,0.41252117943783895,0.409834856707395,0.4153408353301763,0.0014212399339915286,120,2000
expanding-history,rightsThreatRate-low,emergency-ablation,emergency,reasoned-with-fast-procedure,reasoned-emergency-review,ablation,emergencyReasonGivingRate,registered-component,-0.7125086129273294,-0.7458757101572755,-0.6773914129749944,0.017956939371431193,120,2000
expanding-history,rightsThreatRate-low,emergency-ablation,emergency,reasoned-with-fast-procedure,reasoned-emergency-review,ablation,meritsFollowUpRate,registered-component,-0.9916666666666667,-1.0,-0.975,0.008333333333333333,120,2000
expanding-history,rightsThreatRate-low,emergency-ablation,emergency,reasoned-with-fast-procedure,reasoned-emergency-review,ablation,averageTimeToReview,registered-component,0.0,0.0,0.0,0.0,120,2000
expanding-history,rightsThreatRate-low,emergency-ablation,emergency,reasoned-with-fast-procedure,reasoned-emergency-review,ablation,totalInstitutionalCost,registered-component,-0.0044838237963085335,-0.0046307934260910195,-0.004337094497941349,7.62970048933444e-05,120,2000
expanding-history,rightsThreatRate-low,emergency-ablation,emergency,reasoned-with-fast-procedure,reasoned-emergency-review,ablation,shadowDocketAbuse,registered-component,0.2872124063392958,0.28025601254442556,0.29404912502244446,0.003548169839844649,120,2000
expanding-history,rightsThreatRate-low,emergency-ablation,emergency,reasoned-with-fast-procedure,reasoned-emergency-review,ablation,institutionalDelayCost,additional-diagnostic,-0.0065835697374384975,-0.006775744116458979,-0.006382433327582771,0.00010024593651903662,120,2000
expanding-history,rightsThreatRate-low,screening-ablation,screening,council-with-full-court-structure,constitutional-council,ablation,directCourtCost,registered-diagnostic,-0.0972555,-0.09738206687499996,-0.097125099375,6.708681089512576e-05,120,2000
expanding-history,rightsThreatRate-low,screening-ablation,screening,council-with-full-court-structure,constitutional-council,ablation,upstreamScreeningCost,registered-component,3.463942848956903e-05,-1.9997587135047617e-05,9.243524986629151e-05,2.8774744732228203e-05,120,2000
expanding-history,rightsThreatRate-low,screening-ablation,screening,council-with-full-court-structure,constitutional-council,ablation,capacityStrainCost,registered-diagnostic,-0.04362240704767363,-0.04417075656355031,-0.04308332899013626,0.0002793302455492578,120,2000
expanding-history,rightsThreatRate-low,screening-ablation,screening,council-with-full-court-structure,constitutional-council,ablation,totalInstitutionalCost,registered-diagnostic,-0.050352016375080355,-0.050470536074720664,-0.050232341619745165,6.156133168140793e-05,120,2000
expanding-history,rightsThreatRate-low,screening-ablation,screening,council-with-full-court-structure,constitutional-council,ablation,intakeAcceptanceRate,registered-diagnostic,-1.2264174597301167e-05,-3.3752229809898506e-05,7.634671724869189e-06,1.0444750824509064e-05,120,2000
expanding-history,rightsThreatRate-low,screening-ablation,screening,council-with-full-court-structure,constitutional-council,ablation,councilScreenRate,registered-component,-1.0,-1.0,-1.0,0.0,120,2000
expanding-history,rightsThreatRate-low,screening-ablation,screening,council-with-full-court-structure,constitutional-council,ablation,administrativeLoad,additional-diagnostic,-0.2406000000000001,-0.24143221354166675,-0.23975831250000013,0.0004309868325830222,120,2000
expanding-history,rightsThreatRate-low,weak-form-half,weak-form,weak-form-half-response,weak-form-review,ablation,legislativeResponseRate,registered-component,-0.08854166666666667,-0.09500260416666667,-0.081875,0.0033655112662268572,120,2000
expanding-history,rightsThreatRate-low,weak-form-half,weak-form,weak-form-half-response,weak-form-review,ablation,legislativeResponseCredibility,registered-component,-0.29892869111551945,-0.299822920079602,-0.2980285409192975,0.00045470033792671666,120,2000
expanding-history,rightsThreatRate-low,weak-form-half,weak-form,weak-form-half-response,weak-form-review,ablation,timelyLegislativeResponseRate,registered-component,-0.08005603522437887,-0.09317999544136348,-0.06765764071240077,0.006438613198892878,120,2000
expanding-history,rightsThreatRate-low,weak-form-half,weak-form,weak-form-half-response,weak-form-review,ablation,rightsProtection,registered-component,-0.007597902788247101,-0.008639865218744316,-0.006562060569380288,0.0005303590905999415,120,2000
expanding-history,rightsThreatRate-low,weak-form-half,weak-form,weak-form-half-response,weak-form-review,ablation,complianceRate,registered-component,0.003020833333333333,-0.009479166666666653,0.016145833333333328,0.006420973478712742,120,2000
expanding-history,rightsThreatRate-low,weak-form-half,weak-form,weak-form-half-response,weak-form-review,ablation,democraticResponsiveness,registered-component,-0.014156734306248071,-0.015379410565086786,-0.01297911202386271,0.0006022235678823927,120,2000
expanding-history,rightsThreatRate-low,weak-form-half,weak-form,weak-form-half-response,weak-form-review,ablation,vetoRelocationRisk,registered-component,0.014304209623678048,0.013223547195233078,0.015324762520759967,0.0005308193181822614,120,2000
expanding-history,rightsThreatRate-low,weak-form-half,weak-form,weak-form-half-response,weak-form-review,ablation,totalInstitutionalCost,registered-diagnostic,-0.0007041531164730876,-0.0009201922790045087,-0.000492201593023518,0.00010670480703976794,120,2000
expanding-history,rightsThreatRate-low,weak-form-half,weak-form,weak-form-half-response,weak-form-review,ablation,averageLegislativeResponseDelay,additional-diagnostic,0.0818018388938421,0.0775103069923164,0.08604268725168025,0.0021131138461536036,120,2000
expanding-history,rightsThreatRate-low,weak-form-off,weak-form,weak-form-no-response,weak-form-review,ablation,legislativeResponseRate,registered-component,-0.18635416666666668,-0.1930234375,-0.1794791666666667,0.0035256036088149876,120,2000
expanding-history,rightsThreatRate-low,weak-form-off,weak-form,weak-form-no-response,weak-form-review,ablation,legislativeResponseCredibility,registered-component,-0.5978573822310389,-0.5990866947737328,-0.5966181413392405,0.0006362398917238991,120,2000
expanding-history,rightsThreatRate-low,weak-form-off,weak-form,weak-form-no-response,weak-form-review,ablation,timelyLegislativeResponseRate,registered-component,-0.08005603522437887,-0.09317999544136348,-0.06765764071240077,0.006438613198892878,120,2000
expanding-history,rightsThreatRate-low,weak-form-off,weak-form,weak-form-no-response,weak-form-review,ablation,rightsProtection,registered-component,-0.014122819268513599,-0.015181223258484767,-0.013019670876761426,0.0005588761264691579,120,2000
expanding-history,rightsThreatRate-low,weak-form-off,weak-form,weak-form-no-response,weak-form-review,ablation,complianceRate,registered-component,-0.0007291666666666678,-0.013749999999999997,0.011255208333333298,0.006790842552378545,120,2000
expanding-history,rightsThreatRate-low,weak-form-off,weak-form,weak-form-no-response,weak-form-review,ablation,democraticResponsiveness,registered-component,-0.029706112074439284,-0.031016805390999557,-0.02839199571528088,0.0006652371878370345,120,2000
expanding-history,rightsThreatRate-low,weak-form-off,weak-form,weak-form-no-response,weak-form-review,ablation,vetoRelocationRisk,registered-component,0.030159636947024494,0.02902777287692808,0.031258051219581,0.0005784194838303603,120,2000
expanding-history,rightsThreatRate-low,weak-form-off,weak-form,weak-form-no-response,weak-form-review,ablation,totalInstitutionalCost,registered-diagnostic,-0.0016184419945804176,-0.0018135611409193873,-0.001417186021687697,0.00010110540896005221,120,2000
expanding-history,rightsThreatRate-low,weak-form-off,weak-form,weak-form-no-response,weak-form-review,ablation,averageLegislativeResponseDelay,additional-diagnostic,-0.41252117943783895,-0.4153408353301763,-0.409834856707395,0.0014212399339915286,120,2000
expanding-history,rightsThreatRate-low,weak-form-half-v-current,weak-form,weak-form-half-response,current-federal-court,persistence,legislativeResponseRate,registered-component,0.09781250000000001,0.09197916666666667,0.10375260416666664,0.003005096409313969,120,2000
expanding-history,rightsThreatRate-low,weak-form-half-v-current,weak-form,weak-form-half-response,current-federal-court,persistence,legislativeResponseCredibility,registered-component,-0.24982452444885286,-0.2505245542482853,-0.2491202294942875,0.00035720152743702583,120,2000
expanding-history,rightsThreatRate-low,weak-form-half-v-current,weak-form,weak-form-half-response,current-federal-court,persistence,timelyLegislativeResponseRate,registered-component,0.0,0.0,0.0,0.0,120,2000
expanding-history,rightsThreatRate-low,weak-form-half-v-current,weak-form,weak-form-half-response,current-federal-court,persistence,rightsProtection,registered-component,0.020652567834526323,0.01891949292392204,0.022412562234312684,0.0009148295171176396,120,2000
expanding-history,rightsThreatRate-low,weak-form-half-v-current,weak-form,weak-form-half-response,current-federal-court,persistence,complianceRate,registered-component,0.3489583333333333,0.3334375,0.365,0.008123563400971184,120,2000
expanding-history,rightsThreatRate-low,weak-form-half-v-current,weak-form,weak-form-half-response,current-federal-court,persistence,democraticResponsiveness,registered-component,0.04776239267394323,0.045610478820954994,0.04992032074015889,0.0011167454904500583,120,2000
expanding-history,rightsThreatRate-low,weak-form-half-v-current,weak-form,weak-form-half-response,current-federal-court,persistence,vetoRelocationRisk,registered-component,-0.3111023244069196,-0.31214786938781836,-0.3101250929778353,0.0005216214820124399,120,2000
expanding-history,rightsThreatRate-low,weak-form-half-v-current,weak-form,weak-form-half-response,current-federal-court,persistence,totalInstitutionalCost,registered-diagnostic,-0.0950092786318704,-0.09520792668484043,-0.09481183293435441,0.0001032712745084874,120,2000
expanding-history,rightsThreatRate-low,weak-form-half-v-current,weak-form,weak-form-half-response,current-federal-court,persistence,averageLegislativeResponseDelay,additional-diagnostic,0.494323018331681,0.4907682689083273,0.4978173658788338,0.0017751006563356756,120,2000
expanding-history,rightsThreatRate-low,weak-form-off-v-current,weak-form,weak-form-no-response,current-federal-court,persistence,legislativeResponseRate,registered-component,0.0,0.0,0.0,0.0,120,2000
expanding-history,rightsThreatRate-low,weak-form-off-v-current,weak-form,weak-form-no-response,current-federal-court,persistence,legislativeResponseCredibility,registered-component,-0.5487532155643724,-0.5495271115514483,-0.5480078956055067,0.00038447359923911507,120,2000
expanding-history,rightsThreatRate-low,weak-form-off-v-current,weak-form,weak-form-no-response,current-federal-court,persistence,timelyLegislativeResponseRate,registered-component,0.0,0.0,0.0,0.0,120,2000
expanding-history,rightsThreatRate-low,weak-form-off-v-current,weak-form,weak-form-no-response,current-federal-court,persistence,rightsProtection,registered-component,0.014127651354259826,0.012214625334332357,0.01608264368895597,0.0009891788687677494,120,2000
expanding-history,rightsThreatRate-low,weak-form-off-v-current,weak-form,weak-form-no-response,current-federal-court,persistence,complianceRate,registered-component,0.3452083333333333,0.3278125,0.3627083333333333,0.008634926762905807,120,2000
expanding-history,rightsThreatRate-low,weak-form-off-v-current,weak-form,weak-form-no-response,current-federal-court,persistence,democraticResponsiveness,registered-component,0.03221301490575202,0.030050545825402692,0.034307137766022386,0.0011027896723373027,120,2000
expanding-history,rightsThreatRate-low,weak-form-off-v-current,weak-form,weak-form-no-response,current-federal-court,persistence,vetoRelocationRisk,registered-component,-0.2952468970835731,-0.29578264568396045,-0.2947586466939654,0.0002499625130689933,120,2000
expanding-history,rightsThreatRate-low,weak-form-off-v-current,weak-form,weak-form-no-response,current-federal-court,persistence,totalInstitutionalCost,registered-diagnostic,-0.09592356750997773,-0.09609615933403688,-0.09574973106629137,8.914232534869182e-05,120,2000
expanding-history,rightsThreatRate-low,weak-form-off-v-current,weak-form,weak-form-no-response,current-federal-court,persistence,averageLegislativeResponseDelay,additional-diagnostic,0.0,0.0,0.0,0.0,120,2000
expanding-history,rightsThreatRate-high,emergency-base,emergency,reasoned-emergency-review,current-federal-court,base,emergencyReasonGivingRate,registered-component,0.8537666589659981,0.8287041188908565,0.8774078070926322,0.012857470584659038,120,2000
expanding-history,rightsThreatRate-high,emergency-base,emergency,reasoned-emergency-review,current-federal-court,base,meritsFollowUpRate,registered-component,1.0,1.0,1.0,0.0,120,2000
expanding-history,rightsThreatRate-high,emergency-base,emergency,reasoned-emergency-review,current-federal-court,base,averageTimeToReview,registered-component,0.0,0.0,0.0,0.0,120,2000
expanding-history,rightsThreatRate-high,emergency-base,emergency,reasoned-emergency-review,current-federal-court,base,totalInstitutionalCost,registered-component,0.009536157309050145,0.009400083998165486,0.009667801162267144,6.693325624290167e-05,120,2000
expanding-history,rightsThreatRate-high,emergency-base,emergency,reasoned-emergency-review,current-federal-court,base,shadowDocketAbuse,registered-component,-0.3565175847261085,-0.36509634680675646,-0.3478958950309429,0.004351786226900272,120,2000
expanding-history,rightsThreatRate-high,emergency-base,emergency,reasoned-emergency-review,current-federal-court,base,institutionalDelayCost,additional-diagnostic,0.008501447419187716,0.008325171491346112,0.00868571860259281,9.1263903392642e-05,120,2000
expanding-history,rightsThreatRate-high,screening-base,screening,constitutional-council,current-federal-court,base,directCourtCost,registered-diagnostic,0.13583155000000005,0.13570088520833337,0.13596052520833338,6.598271699905222e-05,120,2000
expanding-history,rightsThreatRate-high,screening-base,screening,constitutional-council,current-federal-court,base,upstreamScreeningCost,registered-component,0.0019391579821868528,0.0018686728658527552,0.002010905108260178,3.612662824460569e-05,120,2000
expanding-history,rightsThreatRate-high,screening-base,screening,constitutional-council,current-federal-court,base,capacityStrainCost,registered-diagnostic,0.06331229698812456,0.06258349269665996,0.06404620240963728,0.00037552403589252167,120,2000
expanding-history,rightsThreatRate-high,screening-base,screening,constitutional-council,current-federal-court,base,totalInstitutionalCost,registered-diagnostic,0.08282821471188068,0.08267526835079363,0.08298064412627629,7.951679132368654e-05,120,2000
expanding-history,rightsThreatRate-high,screening-base,screening,constitutional-council,current-federal-court,base,intakeAcceptanceRate,registered-diagnostic,-0.0007485822267757337,-0.0007761255704983852,-0.0007213553436727387,1.407143930296185e-05,120,2000
expanding-history,rightsThreatRate-high,screening-base,screening,constitutional-council,current-federal-court,base,councilScreenRate,registered-component,1.0,1.0,1.0,0.0,120,2000
expanding-history,rightsThreatRate-high,screening-base,screening,constitutional-council,current-federal-court,base,administrativeLoad,additional-diagnostic,0.2466612500000001,0.24560321354166675,0.24771052083333345,0.0005446943970424768,120,2000
expanding-history,rightsThreatRate-high,weak-form-base,weak-form,weak-form-review,current-federal-court,base,legislativeResponseRate,registered-component,0.5417708333333333,0.5308333333333334,0.5527083333333334,0.005400000959102692,120,2000
expanding-history,rightsThreatRate-high,weak-form-base,weak-form,weak-form-review,current-federal-court,base,legislativeResponseCredibility,registered-component,0.09017291666666657,0.08843119791666659,0.09185645833333324,0.0008745697012855141,120,2000
expanding-history,rightsThreatRate-high,weak-form-base,weak-form,weak-form-review,current-federal-court,base,timelyLegislativeResponseRate,registered-component,0.037348139303098445,0.032607353319592455,0.04238070285304462,0.0025729639336229586,120,2000
expanding-history,rightsThreatRate-high,weak-form-base,weak-form,weak-form-review,current-federal-court,base,rightsProtection,registered-component,0.005250900035374374,0.0035942056394552223,0.006791666183515026,0.0007962464104491292,120,2000
expanding-history,rightsThreatRate-high,weak-form-base,weak-form,weak-form-review,current-federal-court,base,complianceRate,registered-component,0.38208333333333333,0.3640598958333333,0.3993776041666666,0.009318202521192434,120,2000
expanding-history,rightsThreatRate-high,weak-form-base,weak-form,weak-form-review,current-federal-court,base,democraticResponsiveness,registered-component,0.09978740880508302,0.09744429192128914,0.10208127000749405,0.0011861243374922206,120,2000
expanding-history,rightsThreatRate-high,weak-form-base,weak-form,weak-form-review,current-federal-court,base,vetoRelocationRisk,registered-component,-0.381037885787179,-0.3827715261031836,-0.37930109669521084,0.0008582033970945319,120,2000
expanding-history,rightsThreatRate-high,weak-form-base,weak-form,weak-form-review,current-federal-court,base,totalInstitutionalCost,registered-diagnostic,-0.09031700495946629,-0.09053996654194897,-0.09009330939384835,0.00011137538058630134,120,2000
expanding-history,rightsThreatRate-high,weak-form-base,weak-form,weak-form-review,current-federal-court,base,averageLegislativeResponseDelay,additional-diagnostic,0.4218483444937597,0.4201558248750792,0.42349609375086605,0.0008877244769030732,120,2000
expanding-history,rightsThreatRate-high,emergency-ablation,emergency,reasoned-with-fast-procedure,reasoned-emergency-review,ablation,emergencyReasonGivingRate,registered-component,-0.7079245211481678,-0.7338176873159845,-0.6812587031778331,0.013453364605959745,120,2000
expanding-history,rightsThreatRate-high,emergency-ablation,emergency,reasoned-with-fast-procedure,reasoned-emergency-review,ablation,meritsFollowUpRate,registered-component,-1.0,-1.0,-1.0,0.0,120,2000
expanding-history,rightsThreatRate-high,emergency-ablation,emergency,reasoned-with-fast-procedure,reasoned-emergency-review,ablation,averageTimeToReview,registered-component,0.0,0.0,0.0,0.0,120,2000
expanding-history,rightsThreatRate-high,emergency-ablation,emergency,reasoned-with-fast-procedure,reasoned-emergency-review,ablation,totalInstitutionalCost,registered-component,-0.0042056552851077915,-0.004340617275305185,-0.004066436014408159,7.182865720942403e-05,120,2000
expanding-history,rightsThreatRate-high,emergency-ablation,emergency,reasoned-with-fast-procedure,reasoned-emergency-review,ablation,shadowDocketAbuse,registered-component,0.34225634639473446,0.33409843954892854,0.35058319828175943,0.0042134106767188415,120,2000
expanding-history,rightsThreatRate-high,emergency-ablation,emergency,reasoned-with-fast-procedure,reasoned-emergency-review,ablation,institutionalDelayCost,additional-diagnostic,-0.006819548599025029,-0.007011318466423336,-0.00663333612015136,9.885409875499153e-05,120,2000
expanding-history,rightsThreatRate-high,screening-ablation,screening,council-with-full-court-structure,constitutional-council,ablation,directCourtCost,registered-diagnostic,-0.09720611666666668,-0.09733943791666666,-0.09707173979166668,7.025846359228994e-05,120,2000
expanding-history,rightsThreatRate-high,screening-ablation,screening,council-with-full-court-structure,constitutional-council,ablation,upstreamScreeningCost,registered-component,-6.725059422611294e-06,-6.407988518036948e-05,5.067530227950756e-05,2.9902987954359976e-05,120,2000
expanding-history,rightsThreatRate-high,screening-ablation,screening,council-with-full-court-structure,constitutional-council,ablation,capacityStrainCost,registered-diagnostic,-0.0431780583729484,-0.043781425041287146,-0.042563863891962546,0.0003157842369788339,120,2000
expanding-history,rightsThreatRate-high,screening-ablation,screening,council-with-full-court-structure,constitutional-council,ablation,totalInstitutionalCost,registered-diagnostic,-0.05026208393041591,-0.05039895170143619,-0.050128407513817086,6.949330269937593e-05,120,2000
expanding-history,rightsThreatRate-high,screening-ablation,screening,council-with-full-court-structure,constitutional-council,ablation,intakeAcceptanceRate,registered-diagnostic,2.562215107719303e-06,-1.8826018271338492e-05,2.3963696242226372e-05,1.1226384197631571e-05,120,2000
expanding-history,rightsThreatRate-high,screening-ablation,screening,council-with-full-court-structure,constitutional-council,ablation,councilScreenRate,registered-component,-1.0,-1.0,-1.0,0.0,120,2000
expanding-history,rightsThreatRate-high,screening-ablation,screening,council-with-full-court-structure,constitutional-council,ablation,administrativeLoad,additional-diagnostic,-0.23999208333333347,-0.24093196875000011,-0.23907308333333344,0.0004798834898255941,120,2000
expanding-history,rightsThreatRate-high,weak-form-half,weak-form,weak-form-half-response,weak-form-review,ablation,legislativeResponseRate,registered-component,-0.26875,-0.2797916666666667,-0.2581223958333333,0.005461460978750005,120,2000
expanding-history,rightsThreatRate-high,weak-form-half,weak-form,weak-form-half-response,weak-form-review,ablation,legislativeResponseCredibility,registered-component,-0.3210381828634957,-0.3224803080766674,-0.3196318096608023,0.000714630430202328,120,2000
expanding-history,rightsThreatRate-high,weak-form-half,weak-form,weak-form-half-response,weak-form-review,ablation,timelyLegislativeResponseRate,registered-component,-0.037348139303098445,-0.04238070285304462,-0.03260735331959246,0.0025729639336229586,120,2000
expanding-history,rightsThreatRate-high,weak-form-half,weak-form,weak-form-half-response,weak-form-review,ablation,rightsProtection,registered-component,-0.019100638883145803,-0.020268720484897747,-0.017988390260770745,0.000581936734758424,120,2000
expanding-history,rightsThreatRate-high,weak-form-half,weak-form,weak-form-half-response,weak-form-review,ablation,complianceRate,registered-component,-0.02510416666666667,-0.04448177083333334,-0.005205729166666685,0.010002074182355698,120,2000
expanding-history,rightsThreatRate-high,weak-form-half,weak-form,weak-form-half-response,weak-form-review,ablation,democraticResponsiveness,registered-component,-0.040058268491191526,-0.04206243719904315,-0.038129364091193496,0.0010019988530764155,120,2000
expanding-history,rightsThreatRate-high,weak-form-half,weak-form,weak-form-half-response,weak-form-review,ablation,vetoRelocationRisk,registered-component,0.04330843620977241,0.04157520394935357,0.04512903653864127,0.0009074336726296742,120,2000
expanding-history,rightsThreatRate-high,weak-form-half,weak-form,weak-form-half-response,weak-form-review,ablation,totalInstitutionalCost,registered-diagnostic,-0.00234848944876678,-0.0025565330096601895,-0.0021376357769566077,0.00010698173396731051,120,2000
expanding-history,rightsThreatRate-high,weak-form-half,weak-form,weak-form-half-response,weak-form-review,ablation,averageLegislativeResponseDelay,additional-diagnostic,0.07801028114273242,0.07516339213278282,0.08076661135664404,0.0014564197453909565,120,2000
expanding-history,rightsThreatRate-high,weak-form-off,weak-form,weak-form-no-response,weak-form-review,ablation,legislativeResponseRate,registered-component,-0.5417708333333333,-0.5527083333333334,-0.5308333333333334,0.005400000959102692,120,2000
expanding-history,rightsThreatRate-high,weak-form-off,weak-form,weak-form-no-response,weak-form-review,ablation,legislativeResponseCredibility,registered-component,-0.6415326157269915,-0.6434672048503977,-0.63976923412741,0.0009185588461993356,120,2000
expanding-history,rightsThreatRate-high,weak-form-off,weak-form,weak-form-no-response,weak-form-review,ablation,timelyLegislativeResponseRate,registered-component,-0.037348139303098445,-0.04238070285304462,-0.03260735331959246,0.0025729639336229586,120,2000
expanding-history,rightsThreatRate-high,weak-form-off,weak-form,weak-form-no-response,weak-form-review,ablation,rightsProtection,registered-component,-0.03271028752162513,-0.03386471284064078,-0.0316589319533017,0.0005558857526690817,120,2000
expanding-history,rightsThreatRate-high,weak-form-off,weak-form,weak-form-no-response,weak-form-review,ablation,complianceRate,registered-component,-0.05406250000000001,-0.07875000000000001,-0.02947656250000003,0.01243431842110129,120,2000
expanding-history,rightsThreatRate-high,weak-form-off,weak-form,weak-form-no-response,weak-form-review,ablation,democraticResponsiveness,registered-component,-0.08002783833377615,-0.08186519680376035,-0.07821477062953121,0.0009368395662408219,120,2000
expanding-history,rightsThreatRate-high,weak-form-off,weak-form,weak-form-no-response,weak-form-review,ablation,vetoRelocationRisk,registered-component,0.08649225422714682,0.08473673385471932,0.08821537760680609,0.0008667627570623786,120,2000
expanding-history,rightsThreatRate-high,weak-form-off,weak-form,weak-form-no-response,weak-form-review,ablation,totalInstitutionalCost,registered-diagnostic,-0.005087876573094578,-0.005336020378376412,-0.004828636710668036,0.0001291405465195293,120,2000
expanding-history,rightsThreatRate-high,weak-form-off,weak-form,weak-form-no-response,weak-form-review,ablation,averageLegislativeResponseDelay,additional-diagnostic,-0.4218483444937597,-0.42349609375086605,-0.4201558248750792,0.0008877244769030732,120,2000
expanding-history,rightsThreatRate-high,weak-form-half-v-current,weak-form,weak-form-half-response,current-federal-court,persistence,legislativeResponseRate,registered-component,0.2730208333333334,0.26447916666666665,0.2816666666666666,0.004455162538388925,120,2000
expanding-history,rightsThreatRate-high,weak-form-half-v-current,weak-form,weak-form-half-response,current-federal-court,persistence,legislativeResponseCredibility,registered-component,-0.23086526619682918,-0.23179356229963932,-0.22989435191679525,0.000495226739496945,120,2000
expanding-history,rightsThreatRate-high,weak-form-half-v-current,weak-form,weak-form-half-response,current-federal-court,persistence,timelyLegislativeResponseRate,registered-component,0.0,0.0,0.0,0.0,120,2000
expanding-history,rightsThreatRate-high,weak-form-half-v-current,weak-form,weak-form-half-response,current-federal-court,persistence,rightsProtection,registered-component,-0.01384973884777143,-0.015622743823550713,-0.012209111829236563,0.0008621402838284707,120,2000
expanding-history,rightsThreatRate-high,weak-form-half-v-current,weak-form,weak-form-half-response,current-federal-court,persistence,complianceRate,registered-component,0.3569791666666667,0.340625,0.3731276041666666,0.00834837031814918,120,2000
expanding-history,rightsThreatRate-high,weak-form-half-v-current,weak-form,weak-form-half-response,current-federal-court,persistence,democraticResponsiveness,registered-component,0.05972914031389151,0.05737097322016401,0.06202538304847262,0.0011943412028795842,120,2000
expanding-history,rightsThreatRate-high,weak-form-half-v-current,weak-form,weak-form-half-response,current-federal-court,persistence,vetoRelocationRisk,registered-component,-0.33772944957740664,-0.339215514594284,-0.3362603850519058,0.0007438062537185141,120,2000
expanding-history,rightsThreatRate-high,weak-form-half-v-current,weak-form,weak-form-half-response,current-federal-court,persistence,totalInstitutionalCost,registered-diagnostic,-0.09266549440823306,-0.0928703864409296,-0.09244897892438374,0.00011187000690507421,120,2000
expanding-history,rightsThreatRate-high,weak-form-half-v-current,weak-form,weak-form-half-response,current-federal-court,persistence,averageLegislativeResponseDelay,additional-diagnostic,0.49985862563649214,0.4977200711254812,0.5018908960938728,0.0010829199126112877,120,2000
expanding-history,rightsThreatRate-high,weak-form-off-v-current,weak-form,weak-form-no-response,current-federal-court,persistence,legislativeResponseRate,registered-component,0.0,0.0,0.0,0.0,120,2000
expanding-history,rightsThreatRate-high,weak-form-off-v-current,weak-form,weak-form-no-response,current-federal-court,persistence,legislativeResponseCredibility,registered-component,-0.551359699060325,-0.5522838987854711,-0.5504672526565223,0.00045924940031350674,120,2000
expanding-history,rightsThreatRate-high,weak-form-off-v-current,weak-form,weak-form-no-response,current-federal-court,persistence,timelyLegislativeResponseRate,registered-component,0.0,0.0,0.0,0.0,120,2000
expanding-history,rightsThreatRate-high,weak-form-off-v-current,weak-form,weak-form-no-response,current-federal-court,persistence,rightsProtection,registered-component,-0.02745938748625076,-0.029241922590052354,-0.02575799164478132,0.0008550627888421335,120,2000
expanding-history,rightsThreatRate-high,weak-form-off-v-current,weak-form,weak-form-no-response,current-federal-court,persistence,complianceRate,registered-component,0.3280208333333333,0.3062473958333333,0.34885416666666663,0.011241823041138924,120,2000
expanding-history,rightsThreatRate-high,weak-form-off-v-current,weak-form,weak-form-no-response,current-federal-court,persistence,democraticResponsiveness,registered-component,0.019759570471306893,0.017281600332519853,0.0221209897668229,0.0012067171522059245,120,2000
expanding-history,rightsThreatRate-high,weak-form-off-v-current,weak-form,weak-form-no-response,current-federal-court,persistence,vetoRelocationRisk,registered-component,-0.2945456315600322,-0.29494515121053,-0.2941614899564184,0.00020375059871584992,120,2000
expanding-history,rightsThreatRate-high,weak-form-off-v-current,weak-form,weak-form-no-response,current-federal-court,persistence,totalInstitutionalCost,registered-diagnostic,-0.09540488153256085,-0.09560630484523464,-0.09520145835316998,0.00010533626258597068,120,2000
expanding-history,rightsThreatRate-high,weak-form-off-v-current,weak-form,weak-form-no-response,current-federal-court,persistence,averageLegislativeResponseDelay,additional-diagnostic,0.0,0.0,0.0,0.0,120,2000
expanding-history,appointmentPolarization-low,emergency-base,emergency,reasoned-emergency-review,current-federal-court,base,emergencyReasonGivingRate,registered-component,0.8386292093452463,0.8017699596666992,0.87230066755666,0.017917017404005905,120,2000
expanding-history,appointmentPolarization-low,emergency-base,emergency,reasoned-emergency-review,current-federal-court,base,meritsFollowUpRate,registered-component,0.9833333333333333,0.9583333333333334,1.0,0.011735491270876315,120,2000
expanding-history,appointmentPolarization-low,emergency-base,emergency,reasoned-emergency-review,current-federal-court,base,averageTimeToReview,registered-component,0.0,0.0,0.0,0.0,120,2000
expanding-history,appointmentPolarization-low,emergency-base,emergency,reasoned-emergency-review,current-federal-court,base,totalInstitutionalCost,registered-component,0.009713983167554415,0.00955911186518834,0.009868035134053101,7.865726066830796e-05,120,2000
expanding-history,appointmentPolarization-low,emergency-base,emergency,reasoned-emergency-review,current-federal-court,base,shadowDocketAbuse,registered-component,-0.3200094423000332,-0.32874966922778875,-0.3110500959707995,0.004546920263548052,120,2000
expanding-history,appointmentPolarization-low,emergency-base,emergency,reasoned-emergency-review,current-federal-court,base,institutionalDelayCost,additional-diagnostic,0.008371841020790909,0.008157811013783052,0.008577156459705883,0.00010638996678796894,120,2000
expanding-history,appointmentPolarization-low,screening-base,screening,constitutional-council,current-federal-court,base,directCourtCost,registered-diagnostic,0.13596085000000005,0.1358433147916667,0.13608120291666673,6.141335000489496e-05,120,2000
expanding-history,appointmentPolarization-low,screening-base,screening,constitutional-council,current-federal-court,base,upstreamScreeningCost,registered-component,0.0020303485405506897,0.0019587956474274104,0.002105325787164304,3.775479381629767e-05,120,2000
expanding-history,appointmentPolarization-low,screening-base,screening,constitutional-council,current-federal-court,base,capacityStrainCost,registered-diagnostic,0.0635245156937005,0.0628100145481801,0.0642042390223492,0.00036191351633391925,120,2000
expanding-history,appointmentPolarization-low,screening-base,screening,constitutional-council,current-federal-court,base,totalInstitutionalCost,registered-diagnostic,0.08293864397337342,0.08279709160493279,0.08307919233897758,7.356247287983845e-05,120,2000
expanding-history,appointmentPolarization-low,screening-base,screening,constitutional-council,current-federal-court,base,intakeAcceptanceRate,registered-diagnostic,-0.0007650422415142761,-0.0007939142853467481,-0.0007374296520595934,1.479062037937468e-05,120,2000
expanding-history,appointmentPolarization-low,screening-base,screening,constitutional-council,current-federal-court,base,councilScreenRate,registered-component,1.0,1.0,1.0,0.0,120,2000
expanding-history,appointmentPolarization-low,screening-base,screening,constitutional-council,current-federal-court,base,administrativeLoad,additional-diagnostic,0.2471900000000001,0.2461987500000001,0.24813885937500016,0.0005070735986558387,120,2000
expanding-history,appointmentPolarization-low,weak-form-base,weak-form,weak-form-review,current-federal-court,base,legislativeResponseRate,registered-component,0.3101041666666667,0.3025,0.31802083333333336,0.003981244965931909,120,2000
expanding-history,appointmentPolarization-low,weak-form-base,weak-form,weak-form-review,current-federal-court,base,legislativeResponseCredibility,registered-component,0.06382499999999998,0.06259989583333332,0.06503546874999998,0.000625317846349827,120,2000
expanding-history,appointmentPolarization-low,weak-form-base,weak-form,weak-form-review,current-federal-court,base,timelyLegislativeResponseRate,registered-component,0.05502125165251395,0.04649834178268906,0.06374454729393705,0.0043983172816002185,120,2000
expanding-history,appointmentPolarization-low,weak-form-base,weak-form,weak-form-review,current-federal-court,base,rightsProtection,registered-component,0.02286008084944885,0.020991896724241184,0.024731966144191507,0.0009807311503031088,120,2000
expanding-history,appointmentPolarization-low,weak-form-base,weak-form,weak-form-review,current-federal-court,base,complianceRate,registered-component,0.36395833333333333,0.3457265625,0.38198177083333335,0.009171976912359681,120,2000
expanding-history,appointmentPolarization-low,weak-form-base,weak-form,weak-form-review,current-federal-court,base,democraticResponsiveness,registered-component,0.07943477893104937,0.07675285483238185,0.082108352322246,0.0013789074162242894,120,2000
expanding-history,appointmentPolarization-low,weak-form-base,weak-form,weak-form-review,current-federal-court,base,vetoRelocationRisk,registered-component,-0.34468422162135093,-0.3459145238939905,-0.34349950559844067,0.0006287197518089313,120,2000
expanding-history,appointmentPolarization-low,weak-form-base,weak-form,weak-form-review,current-federal-court,base,totalInstitutionalCost,registered-diagnostic,-0.09293824725616616,-0.09312761774263678,-0.09274275918470505,9.533290722425651e-05,120,2000
expanding-history,appointmentPolarization-low,weak-form-base,weak-form,weak-form-review,current-federal-court,base,averageLegislativeResponseDelay,additional-diagnostic,0.41736559903489123,0.4153168948931152,0.41941476672955524,0.0010698567294239684,120,2000
expanding-history,appointmentPolarization-low,emergency-ablation,emergency,reasoned-with-fast-procedure,reasoned-emergency-review,ablation,emergencyReasonGivingRate,registered-component,-0.6872557193028992,-0.7203194054648121,-0.6492723736137495,0.018660211451515273,120,2000
expanding-history,appointmentPolarization-low,emergency-ablation,emergency,reasoned-with-fast-procedure,reasoned-emergency-review,ablation,meritsFollowUpRate,registered-component,-0.9833333333333333,-1.0,-0.9583333333333334,0.011735491270876315,120,2000
expanding-history,appointmentPolarization-low,emergency-ablation,emergency,reasoned-with-fast-procedure,reasoned-emergency-review,ablation,averageTimeToReview,registered-component,0.0,0.0,0.0,0.0,120,2000
expanding-history,appointmentPolarization-low,emergency-ablation,emergency,reasoned-with-fast-procedure,reasoned-emergency-review,ablation,totalInstitutionalCost,registered-component,-0.004413115167015518,-0.004551103266030933,-0.004269432258838889,7.399215440418477e-05,120,2000
expanding-history,appointmentPolarization-low,emergency-ablation,emergency,reasoned-with-fast-procedure,reasoned-emergency-review,ablation,shadowDocketAbuse,registered-component,0.3034910326233752,0.29545872579367644,0.3117270209859724,0.004198126680158141,120,2000
expanding-history,appointmentPolarization-low,emergency-ablation,emergency,reasoned-with-fast-procedure,reasoned-emergency-review,ablation,institutionalDelayCost,additional-diagnostic,-0.006619316123983667,-0.006809801664653897,-0.006438452210052953,9.69266342368589e-05,120,2000
expanding-history,appointmentPolarization-low,screening-ablation,screening,council-with-full-court-structure,constitutional-council,ablation,directCourtCost,registered-diagnostic,-0.09733164166666668,-0.09746529541666668,-0.09719768208333332,7.002286120870372e-05,120,2000
expanding-history,appointmentPolarization-low,screening-ablation,screening,council-with-full-court-structure,constitutional-council,ablation,upstreamScreeningCost,registered-component,1.9095878585792538e-05,-3.943083833081046e-05,7.365898538922195e-05,2.902271279034063e-05,120,2000
expanding-history,appointmentPolarization-low,screening-ablation,screening,council-with-full-court-structure,constitutional-council,ablation,capacityStrainCost,registered-diagnostic,-0.04342368191427618,-0.04400150351591728,-0.0428193589923526,0.0002968420867400142,120,2000
expanding-history,appointmentPolarization-low,screening-ablation,screening,council-with-full-court-structure,constitutional-council,ablation,totalInstitutionalCost,registered-diagnostic,-0.05034546467969185,-0.05047588375501894,-0.05021247864717421,6.633656401927e-05,120,2000
expanding-history,appointmentPolarization-low,screening-ablation,screening,council-with-full-court-structure,constitutional-council,ablation,intakeAcceptanceRate,registered-diagnostic,-7.954538171049483e-06,-2.7876178021688403e-05,1.4018736018095025e-05,1.0649746278238724e-05,120,2000
expanding-history,appointmentPolarization-low,screening-ablation,screening,council-with-full-court-structure,constitutional-council,ablation,councilScreenRate,registered-component,-1.0,-1.0,-1.0,0.0,120,2000
expanding-history,appointmentPolarization-low,screening-ablation,screening,council-with-full-court-structure,constitutional-council,ablation,administrativeLoad,additional-diagnostic,-0.24061895833333344,-0.24150150520833344,-0.2396868645833335,0.0004604185120278106,120,2000
expanding-history,appointmentPolarization-low,weak-form-half,weak-form,weak-form-half-response,weak-form-review,ablation,legislativeResponseRate,registered-component,-0.15458333333333335,-0.16166666666666665,-0.14802083333333332,0.003424650779254814,120,2000
expanding-history,appointmentPolarization-low,weak-form-half,weak-form,weak-form-half-response,weak-form-review,ablation,legislativeResponseCredibility,registered-component,-0.30645774345905247,-0.3074394563306634,-0.30550342289588395,0.0005031731907029836,120,2000
expanding-history,appointmentPolarization-low,weak-form-half,weak-form,weak-form-half-response,weak-form-review,ablation,timelyLegislativeResponseRate,registered-component,-0.05502125165251395,-0.06374454729393705,-0.04649834178268906,0.0043983172816002185,120,2000
expanding-history,appointmentPolarization-low,weak-form-half,weak-form,weak-form-half-response,weak-form-review,ablation,rightsProtection,registered-component,-0.012251670295578073,-0.013227397842865321,-0.011305553417640068,0.0004995936455885002,120,2000
expanding-history,appointmentPolarization-low,weak-form-half,weak-form,weak-form-half-response,weak-form-review,ablation,complianceRate,registered-component,0.005416666666666669,-0.010210937500000003,0.021565104166666654,0.008220170019210342,120,2000
expanding-history,appointmentPolarization-low,weak-form-half,weak-form,weak-form-half-response,weak-form-review,ablation,democraticResponsiveness,registered-component,-0.024429068702696472,-0.025552161893946004,-0.02332792510888724,0.0005808969758440325,120,2000
expanding-history,appointmentPolarization-low,weak-form-half,weak-form,weak-form-half-response,weak-form-review,ablation,vetoRelocationRisk,registered-component,0.02470365171213638,0.023661854015391098,0.025810365571718726,0.0005435166570762654,120,2000
expanding-history,appointmentPolarization-low,weak-form-half,weak-form,weak-form-half-response,weak-form-review,ablation,totalInstitutionalCost,registered-diagnostic,-0.0014702227753164122,-0.0016616529529835857,-0.0012654402567720995,0.00010143452851531083,120,2000
expanding-history,appointmentPolarization-low,weak-form-half,weak-form,weak-form-half-response,weak-form-review,ablation,averageLegislativeResponseDelay,additional-diagnostic,0.07949156638503796,0.07625068307563648,0.08270010613557943,0.0016327967848790632,120,2000
expanding-history,appointmentPolarization-low,weak-form-off,weak-form,weak-form-no-response,weak-form-review,ablation,legislativeResponseRate,registered-component,-0.3101041666666667,-0.31802083333333336,-0.3025,0.003981244965931909,120,2000
expanding-history,appointmentPolarization-low,weak-form-off,weak-form,weak-form-no-response,weak-form-review,ablation,legislativeResponseCredibility,registered-component,-0.6128404869181049,-0.6142517358781963,-0.6114495215066625,0.0007018392877972693,120,2000
expanding-history,appointmentPolarization-low,weak-form-off,weak-form,weak-form-no-response,weak-form-review,ablation,timelyLegislativeResponseRate,registered-component,-0.05502125165251395,-0.06374454729393705,-0.04649834178268906,0.0043983172816002185,120,2000
expanding-history,appointmentPolarization-low,weak-form-off,weak-form,weak-form-no-response,weak-form-review,ablation,rightsProtection,registered-component,-0.020511680794217828,-0.021499417924547987,-0.019522372005326347,0.0005166188415546572,120,2000
expanding-history,appointmentPolarization-low,weak-form-off,weak-form,weak-form-no-response,weak-form-review,ablation,complianceRate,registered-component,0.001874999999999998,-0.01427083333333334,0.019374999999999993,0.008855716415699755,120,2000
expanding-history,appointmentPolarization-low,weak-form-off,weak-form,weak-form-no-response,weak-form-review,ablation,democraticResponsiveness,registered-component,-0.04757078040218312,-0.04883141135950884,-0.04627454994296829,0.0006661241608029934,120,2000
expanding-history,appointmentPolarization-low,weak-form-off,weak-form,weak-form-no-response,weak-form-review,ablation,vetoRelocationRisk,registered-component,0.049614347777933214,0.04836409274249938,0.0508988826339542,0.0006400942030201642,120,2000
expanding-history,appointmentPolarization-low,weak-form-off,weak-form,weak-form-no-response,weak-form-review,ablation,totalInstitutionalCost,registered-diagnostic,-0.0028203150856397578,-0.003019351578516673,-0.00261521446004929,0.00010449437544947519,120,2000
expanding-history,appointmentPolarization-low,weak-form-off,weak-form,weak-form-no-response,weak-form-review,ablation,averageLegislativeResponseDelay,additional-diagnostic,-0.41736559903489123,-0.41941476672955524,-0.4153168948931152,0.0010698567294239684,120,2000
expanding-history,appointmentPolarization-low,weak-form-half-v-current,weak-form,weak-form-half-response,current-federal-court,persistence,legislativeResponseRate,registered-component,0.15552083333333336,0.14854166666666666,0.16239583333333335,0.0036047859363387167,120,2000
expanding-history,appointmentPolarization-low,weak-form-half-v-current,weak-form,weak-form-half-response,current-federal-court,persistence,legislativeResponseCredibility,registered-component,-0.24263274345905247,-0.24341412785889383,-0.24184531642566767,0.0004136882692211789,120,2000
expanding-history,appointmentPolarization-low,weak-form-half-v-current,weak-form,weak-form-half-response,current-federal-court,persistence,timelyLegislativeResponseRate,registered-component,0.0,0.0,0.0,0.0,120,2000
expanding-history,appointmentPolarization-low,weak-form-half-v-current,weak-form,weak-form-half-response,current-federal-court,persistence,rightsProtection,registered-component,0.010608410553870776,0.008712317522631727,0.01259093339489098,0.0010377091206772062,120,2000
expanding-history,appointmentPolarization-low,weak-form-half-v-current,weak-form,weak-form-half-response,current-federal-court,persistence,complianceRate,registered-component,0.369375,0.35301822916666664,0.3861458333333333,0.008418918875248246,120,2000
expanding-history,appointmentPolarization-low,weak-form-half-v-current,weak-form,weak-form-half-response,current-federal-court,persistence,democraticResponsiveness,registered-component,0.05500571022835289,0.05242564721160297,0.0575107377437458,0.0013554319200766672,120,2000
expanding-history,appointmentPolarization-low,weak-form-half-v-current,weak-form,weak-form-half-response,current-federal-court,persistence,vetoRelocationRisk,registered-component,-0.31998056990921453,-0.32111762093065294,-0.31879908707551463,0.0006050070535776788,120,2000
expanding-history,appointmentPolarization-low,weak-form-half-v-current,weak-form,weak-form-half-response,current-federal-court,persistence,totalInstitutionalCost,registered-diagnostic,-0.09440847003148259,-0.09459516316691104,-0.09422421576965187,9.428958659235705e-05,120,2000
expanding-history,appointmentPolarization-low,weak-form-half-v-current,weak-form,weak-form-half-response,current-federal-court,persistence,averageLegislativeResponseDelay,additional-diagnostic,0.49685716541992925,0.4940220848783399,0.4996938212125962,0.001468112090641093,120,2000
expanding-history,appointmentPolarization-low,weak-form-off-v-current,weak-form,weak-form-no-response,current-federal-court,persistence,legislativeResponseRate,registered-component,0.0,0.0,0.0,0.0,120,2000
expanding-history,appointmentPolarization-low,weak-form-off-v-current,weak-form,weak-form-no-response,current-federal-court,persistence,legislativeResponseCredibility,registered-component,-0.549015486918105,-0.5497432372411655,-0.5482976763066391,0.0003785366630355789,120,2000
expanding-history,appointmentPolarization-low,weak-form-off-v-current,weak-form,weak-form-no-response,current-federal-court,persistence,timelyLegislativeResponseRate,registered-component,0.0,0.0,0.0,0.0,120,2000
expanding-history,appointmentPolarization-low,weak-form-off-v-current,weak-form,weak-form-no-response,current-federal-court,persistence,rightsProtection,registered-component,0.002348400055231024,0.0005227270056780433,0.0043637346206639215,0.0010341858466330477,120,2000
expanding-history,appointmentPolarization-low,weak-form-off-v-current,weak-form,weak-form-no-response,current-federal-court,persistence,complianceRate,registered-component,0.36583333333333334,0.34979166666666667,0.3813541666666667,0.008331232228118612,120,2000
expanding-history,appointmentPolarization-low,weak-form-off-v-current,weak-form,weak-form-no-response,current-federal-court,persistence,democraticResponsiveness,registered-component,0.03186399852886624,0.02949429702927374,0.034303547441291625,0.0012461901423146714,120,2000
expanding-history,appointmentPolarization-low,weak-form-off-v-current,weak-form,weak-form-no-response,current-federal-court,persistence,vetoRelocationRisk,registered-component,-0.29506987384341776,-0.29548034375877513,-0.29465904817350924,0.00021336479458822964,120,2000
expanding-history,appointmentPolarization-low,weak-form-off-v-current,weak-form,weak-form-no-response,current-federal-court,persistence,totalInstitutionalCost,registered-diagnostic,-0.09575856234180594,-0.09593520306082091,-0.09557369651524081,9.6306272329828e-05,120,2000
expanding-history,appointmentPolarization-low,weak-form-off-v-current,weak-form,weak-form-no-response,current-federal-court,persistence,averageLegislativeResponseDelay,additional-diagnostic,0.0,0.0,0.0,0.0,120,2000
expanding-history,appointmentPolarization-high,emergency-base,emergency,reasoned-emergency-review,current-federal-court,base,emergencyReasonGivingRate,registered-component,0.8588246232229154,0.834025261287805,0.8839333767655599,0.012945942546314987,120,2000
expanding-history,appointmentPolarization-high,emergency-base,emergency,reasoned-emergency-review,current-federal-court,base,meritsFollowUpRate,registered-component,1.0,1.0,1.0,0.0,120,2000
expanding-history,appointmentPolarization-high,emergency-base,emergency,reasoned-emergency-review,current-federal-court,base,averageTimeToReview,registered-component,0.0,0.0,0.0,0.0,120,2000
expanding-history,appointmentPolarization-high,emergency-base,emergency,reasoned-emergency-review,current-federal-court,base,totalInstitutionalCost,registered-component,0.009825807454756526,0.0096821710615092,0.00997155217771721,7.616958390780498e-05,120,2000
expanding-history,appointmentPolarization-high,emergency-base,emergency,reasoned-emergency-review,current-federal-court,base,shadowDocketAbuse,registered-component,-0.3228458569250549,-0.3309488104915962,-0.3146446986275626,0.004196376582070288,120,2000
expanding-history,appointmentPolarization-high,emergency-base,emergency,reasoned-emergency-review,current-federal-court,base,institutionalDelayCost,additional-diagnostic,0.008170155481726483,0.007971397289944547,0.008369765955061196,0.00010317817269279337,120,2000
expanding-history,appointmentPolarization-high,screening-base,screening,constitutional-council,current-federal-court,base,directCourtCost,registered-diagnostic,0.13593469166666672,0.1358149564583334,0.1360583785416667,6.25919343966707e-05,120,2000
expanding-history,appointmentPolarization-high,screening-base,screening,constitutional-council,current-federal-court,base,upstreamScreeningCost,registered-component,0.0019196828724809814,0.0018538143990882749,0.001982981213433968,3.388360996599577e-05,120,2000
expanding-history,appointmentPolarization-high,screening-base,screening,constitutional-council,current-federal-court,base,capacityStrainCost,registered-diagnostic,0.06440535108165403,0.06380035288393793,0.06504633517117119,0.000322104423134284,120,2000
expanding-history,appointmentPolarization-high,screening-base,screening,constitutional-council,current-federal-court,base,totalInstitutionalCost,registered-diagnostic,0.08306552750053492,0.08293333013866853,0.0832042312101828,6.900527252263519e-05,120,2000
expanding-history,appointmentPolarization-high,screening-base,screening,constitutional-council,current-federal-court,base,intakeAcceptanceRate,registered-diagnostic,-0.0007270036886104454,-0.0007521889903591557,-0.0007016257298638164,1.3305477711438397e-05,120,2000
expanding-history,appointmentPolarization-high,screening-base,screening,constitutional-council,current-federal-court,base,councilScreenRate,registered-component,1.0,1.0,1.0,0.0,120,2000
expanding-history,appointmentPolarization-high,screening-base,screening,constitutional-council,current-federal-court,base,administrativeLoad,additional-diagnostic,0.2480489583333334,0.24713869791666673,0.2489944687500001,0.00047970912199175886,120,2000
expanding-history,appointmentPolarization-high,weak-form-base,weak-form,weak-form-review,current-federal-court,base,legislativeResponseRate,registered-component,0.32083333333333336,0.3109375,0.3305208333333333,0.0048125155364925586,120,2000
expanding-history,appointmentPolarization-high,weak-form-base,weak-form,weak-form-review,current-federal-court,base,legislativeResponseCredibility,registered-component,0.06429583333333326,0.06275833333333324,0.06576473958333325,0.0007535396359580938,120,2000
expanding-history,appointmentPolarization-high,weak-form-base,weak-form,weak-form-review,current-federal-court,base,timelyLegislativeResponseRate,registered-component,0.051610338708851226,0.0440607240807121,0.059384839423647556,0.003929908949374918,120,2000
expanding-history,appointmentPolarization-high,weak-form-base,weak-form,weak-form-review,current-federal-court,base,rightsProtection,registered-component,0.028169505175060585,0.026342490259915995,0.030008429144212107,0.0009065093684544766,120,2000
expanding-history,appointmentPolarization-high,weak-form-base,weak-form,weak-form-review,current-federal-court,base,complianceRate,registered-component,0.3748958333333333,0.360625,0.38864843750000005,0.007308023620505191,120,2000
expanding-history,appointmentPolarization-high,weak-form-base,weak-form,weak-form-review,current-federal-court,base,democraticResponsiveness,registered-component,0.08739204652909496,0.0852635675278703,0.08943910736999862,0.001088109334308189,120,2000
expanding-history,appointmentPolarization-high,weak-form-base,weak-form,weak-form-review,current-federal-court,base,vetoRelocationRisk,registered-component,-0.3469090965409384,-0.34842171799497623,-0.3453958809315202,0.0007658480765953061,120,2000
expanding-history,appointmentPolarization-high,weak-form-base,weak-form,weak-form-review,current-federal-court,base,totalInstitutionalCost,registered-diagnostic,-0.09263374143160302,-0.09285050219463177,-0.09241401514393349,0.00010610092711928097,120,2000
expanding-history,appointmentPolarization-high,weak-form-base,weak-form,weak-form-review,current-federal-court,base,averageLegislativeResponseDelay,additional-diagnostic,0.41573851026788117,0.41375081695304183,0.4177074242677526,0.0010010291865278269,120,2000
expanding-history,appointmentPolarization-high,emergency-ablation,emergency,reasoned-with-fast-procedure,reasoned-emergency-review,ablation,emergencyReasonGivingRate,registered-component,-0.7069977547300503,-0.7336688029855971,-0.6810498729190013,0.014029585702655816,120,2000
expanding-history,appointmentPolarization-high,emergency-ablation,emergency,reasoned-with-fast-procedure,reasoned-emergency-review,ablation,meritsFollowUpRate,registered-component,-1.0,-1.0,-1.0,0.0,120,2000
expanding-history,appointmentPolarization-high,emergency-ablation,emergency,reasoned-with-fast-procedure,reasoned-emergency-review,ablation,averageTimeToReview,registered-component,0.0,0.0,0.0,0.0,120,2000
expanding-history,appointmentPolarization-high,emergency-ablation,emergency,reasoned-with-fast-procedure,reasoned-emergency-review,ablation,totalInstitutionalCost,registered-component,-0.004433846162091049,-0.004580791188256254,-0.0042919997630332,7.393176152273256e-05,120,2000
expanding-history,appointmentPolarization-high,emergency-ablation,emergency,reasoned-with-fast-procedure,reasoned-emergency-review,ablation,shadowDocketAbuse,registered-component,0.311738360645242,0.30386156631515315,0.3195334890475033,0.003911237820196869,120,2000
expanding-history,appointmentPolarization-high,emergency-ablation,emergency,reasoned-with-fast-procedure,reasoned-emergency-review,ablation,institutionalDelayCost,additional-diagnostic,-0.006606280166468476,-0.006791132501415261,-0.006414862495315709,9.541542358181926e-05,120,2000
expanding-history,appointmentPolarization-high,screening-ablation,screening,council-with-full-court-structure,constitutional-council,ablation,directCourtCost,registered-diagnostic,-0.09720383333333335,-0.09732603458333335,-0.09707010312500002,6.759001813054101e-05,120,2000
expanding-history,appointmentPolarization-high,screening-ablation,screening,council-with-full-court-structure,constitutional-council,ablation,upstreamScreeningCost,registered-component,3.126616826831796e-07,-6.527334983773285e-05,6.130158900987384e-05,3.253599620147204e-05,120,2000
expanding-history,appointmentPolarization-high,screening-ablation,screening,council-with-full-court-structure,constitutional-council,ablation,capacityStrainCost,registered-diagnostic,-0.04314154155887824,-0.043733427273084824,-0.042487433433507533,0.00032055518440200314,120,2000
expanding-history,appointmentPolarization-high,screening-ablation,screening,council-with-full-court-structure,constitutional-council,ablation,totalInstitutionalCost,registered-diagnostic,-0.05025245905621415,-0.05037544227630551,-0.05011445842753999,6.81252286287042e-05,120,2000
expanding-history,appointmentPolarization-high,screening-ablation,screening,council-with-full-court-structure,constitutional-council,ablation,intakeAcceptanceRate,registered-diagnostic,-7.899412127537695e-07,-2.3080136988519682e-05,2.3151109909158945e-05,1.2039886006421553e-05,120,2000
expanding-history,appointmentPolarization-high,screening-ablation,screening,council-with-full-court-structure,constitutional-council,ablation,councilScreenRate,registered-component,-1.0,-1.0,-1.0,0.0,120,2000
expanding-history,appointmentPolarization-high,screening-ablation,screening,council-with-full-court-structure,constitutional-council,ablation,administrativeLoad,additional-diagnostic,-0.23995416666666675,-0.24080385937500012,-0.23899727083333344,0.00047169676785302445,120,2000
expanding-history,appointmentPolarization-high,weak-form-half,weak-form,weak-form-half-response,weak-form-review,ablation,legislativeResponseRate,registered-component,-0.16052083333333333,-0.16885677083333334,-0.15177083333333333,0.004284901166347809,120,2000
expanding-history,appointmentPolarization-high,weak-form-half,weak-form,weak-form-half-response,weak-form-review,ablation,legislativeResponseCredibility,registered-component,-0.3083450564008196,-0.3094310089792583,-0.30715548856270314,0.0005729387361450897,120,2000
expanding-history,appointmentPolarization-high,weak-form-half,weak-form,weak-form-half-response,weak-form-review,ablation,timelyLegislativeResponseRate,registered-component,-0.051610338708851226,-0.05938483942364755,-0.0440607240807121,0.003929908949374918,120,2000
expanding-history,appointmentPolarization-high,weak-form-half,weak-form,weak-form-half-response,weak-form-review,ablation,rightsProtection,registered-component,-0.012305521113673763,-0.013235317219733173,-0.011350150926062858,0.0004884829441883161,120,2000
expanding-history,appointmentPolarization-high,weak-form-half,weak-form,weak-form-half-response,weak-form-review,ablation,complianceRate,registered-component,-0.019583333333333338,-0.03708593750000001,-0.0023958333333333397,0.009124792951362171,120,2000
expanding-history,appointmentPolarization-high,weak-form-half,weak-form,weak-form-half-response,weak-form-review,ablation,democraticResponsiveness,registered-component,-0.024781827690353298,-0.0261601521465378,-0.0234113088156452,0.0006996958595354621,120,2000
expanding-history,appointmentPolarization-high,weak-form-half,weak-form,weak-form-half-response,weak-form-review,ablation,vetoRelocationRisk,registered-component,0.025578036791073653,0.024213061935637627,0.0269119708803213,0.0006613798450450959,120,2000
expanding-history,appointmentPolarization-high,weak-form-half,weak-form,weak-form-half-response,weak-form-review,ablation,totalInstitutionalCost,registered-diagnostic,-0.0014234301482881305,-0.0016187866379666748,-0.001226436854746897,9.86393673276191e-05,120,2000
expanding-history,appointmentPolarization-high,weak-form-half,weak-form,weak-form-half-response,weak-form-review,ablation,averageLegislativeResponseDelay,additional-diagnostic,0.07957211964137575,0.07644715071394181,0.08248875808621453,0.0015541085864994616,120,2000
expanding-history,appointmentPolarization-high,weak-form-off,weak-form,weak-form-no-response,weak-form-review,ablation,legislativeResponseRate,registered-component,-0.32083333333333336,-0.3305208333333333,-0.3109375,0.0048125155364925586,120,2000
expanding-history,appointmentPolarization-high,weak-form-off,weak-form,weak-form-no-response,weak-form-review,ablation,legislativeResponseCredibility,registered-component,-0.6155276128016393,-0.6171426458795332,-0.6138558458593193,0.0008243969491783268,120,2000
expanding-history,appointmentPolarization-high,weak-form-off,weak-form,weak-form-no-response,weak-form-review,ablation,timelyLegislativeResponseRate,registered-component,-0.051610338708851226,-0.05938483942364755,-0.0440607240807121,0.003929908949374918,120,2000
expanding-history,appointmentPolarization-high,weak-form-off,weak-form,weak-form-no-response,weak-form-review,ablation,rightsProtection,registered-component,-0.02179555379328649,-0.022796836333802528,-0.020739563692384638,0.0005309753604912471,120,2000
expanding-history,appointmentPolarization-high,weak-form-off,weak-form,weak-form-no-response,weak-form-review,ablation,complianceRate,registered-component,-0.007916666666666667,-0.023333333333333334,0.006874999999999992,0.00770087742220946,120,2000
expanding-history,appointmentPolarization-high,weak-form-off,weak-form,weak-form-no-response,weak-form-review,ablation,democraticResponsiveness,registered-component,-0.049945062869019015,-0.0515476283940952,-0.04836141862515973,0.0007996899306299244,120,2000
expanding-history,appointmentPolarization-high,weak-form-off,weak-form,weak-form-no-response,weak-form-review,ablation,vetoRelocationRisk,registered-component,0.051401010833930456,0.049848134789344904,0.05291889657000849,0.0007682407514410012,120,2000
expanding-history,appointmentPolarization-high,weak-form-off,weak-form,weak-form-no-response,weak-form-review,ablation,totalInstitutionalCost,registered-diagnostic,-0.0029548150390310544,-0.003186825631126438,-0.002736485149769033,0.00011383179195494622,120,2000
expanding-history,appointmentPolarization-high,weak-form-off,weak-form,weak-form-no-response,weak-form-review,ablation,averageLegislativeResponseDelay,additional-diagnostic,-0.41573851026788117,-0.4177074242677526,-0.41375081695304183,0.0010010291865278269,120,2000
expanding-history,appointmentPolarization-high,weak-form-half-v-current,weak-form,weak-form-half-response,current-federal-court,persistence,legislativeResponseRate,registered-component,0.1603125,0.15322656250000002,0.16812760416666664,0.0038424143252177604,120,2000
expanding-history,appointmentPolarization-high,weak-form-half-v-current,weak-form,weak-form-half-response,current-federal-court,persistence,legislativeResponseCredibility,registered-component,-0.2440492230674864,-0.24480366873467044,-0.24329363830725473,0.000398859126465975,120,2000
expanding-history,appointmentPolarization-high,weak-form-half-v-current,weak-form,weak-form-half-response,current-federal-court,persistence,timelyLegislativeResponseRate,registered-component,0.0,0.0,0.0,0.0,120,2000
expanding-history,appointmentPolarization-high,weak-form-half-v-current,weak-form,weak-form-half-response,current-federal-court,persistence,rightsProtection,registered-component,0.015863984061386824,0.014004607207607331,0.01779786333999261,0.0009578916851513107,120,2000
expanding-history,appointmentPolarization-high,weak-form-half-v-current,weak-form,weak-form-half-response,current-federal-court,persistence,complianceRate,registered-component,0.35531250000000003,0.3374973958333333,0.37219010416666665,0.008856967344171159,120,2000
expanding-history,appointmentPolarization-high,weak-form-half-v-current,weak-form,weak-form-half-response,current-federal-court,persistence,democraticResponsiveness,registered-component,0.06261021883874167,0.06039340210301708,0.06472378001107396,0.0011234823549201732,120,2000
expanding-history,appointmentPolarization-high,weak-form-half-v-current,weak-form,weak-form-half-response,current-federal-court,persistence,vetoRelocationRisk,registered-component,-0.32133105974986476,-0.32259485285009737,-0.3201622709052195,0.0006225772842934701,120,2000
expanding-history,appointmentPolarization-high,weak-form-half-v-current,weak-form,weak-form-half-response,current-federal-court,persistence,totalInstitutionalCost,registered-diagnostic,-0.09405717157989116,-0.09426721045507472,-0.09384244092924746,0.00011127044634612976,120,2000
expanding-history,appointmentPolarization-high,weak-form-half-v-current,weak-form,weak-form-half-response,current-federal-court,persistence,averageLegislativeResponseDelay,additional-diagnostic,0.4953106299092569,0.4927489387033951,0.4978598364151992,0.0012825487239518409,120,2000
expanding-history,appointmentPolarization-high,weak-form-off-v-current,weak-form,weak-form-no-response,current-federal-court,persistence,legislativeResponseRate,registered-component,0.0,0.0,0.0,0.0,120,2000
expanding-history,appointmentPolarization-high,weak-form-off-v-current,weak-form,weak-form-no-response,current-federal-court,persistence,legislativeResponseCredibility,registered-component,-0.551231779468306,-0.5520322083543868,-0.5504561417356736,0.00040660771190658795,120,2000
expanding-history,appointmentPolarization-high,weak-form-off-v-current,weak-form,weak-form-no-response,current-federal-court,persistence,timelyLegislativeResponseRate,registered-component,0.0,0.0,0.0,0.0,120,2000
expanding-history,appointmentPolarization-high,weak-form-off-v-current,weak-form,weak-form-no-response,current-federal-court,persistence,rightsProtection,registered-component,0.006373951381774097,0.0043775115711794585,0.008370652794768183,0.0010302207663871422,120,2000
expanding-history,appointmentPolarization-high,weak-form-off-v-current,weak-form,weak-form-no-response,current-federal-court,persistence,complianceRate,registered-component,0.3669791666666667,0.3516614583333334,0.3817760416666667,0.007842879774638295,120,2000
expanding-history,appointmentPolarization-high,weak-form-off-v-current,weak-form,weak-form-no-response,current-federal-court,persistence,democraticResponsiveness,registered-component,0.03744698366007594,0.03525736625333643,0.039515298614283566,0.0011066998402289969,120,2000
expanding-history,appointmentPolarization-high,weak-form-off-v-current,weak-form,weak-form-no-response,current-federal-court,persistence,vetoRelocationRisk,registered-component,-0.29550808570700793,-0.29591191001527006,-0.2950814342097842,0.000215405287597624,120,2000
expanding-history,appointmentPolarization-high,weak-form-off-v-current,weak-form,weak-form-no-response,current-federal-court,persistence,totalInstitutionalCost,registered-diagnostic,-0.09558855647063408,-0.09578956390113015,-0.09538732603369696,0.00010284555069986687,120,2000
expanding-history,appointmentPolarization-high,weak-form-off-v-current,weak-form,weak-form-no-response,current-federal-court,persistence,averageLegislativeResponseDelay,additional-diagnostic,0.0,0.0,0.0,0.0,120,2000
expanding-history,legislativeConflict-low,emergency-base,emergency,reasoned-emergency-review,current-federal-court,base,emergencyReasonGivingRate,registered-component,0.8758607968074746,0.8533241149351664,0.900087494918036,0.01225528994487953,120,2000
expanding-history,legislativeConflict-low,emergency-base,emergency,reasoned-emergency-review,current-federal-court,base,meritsFollowUpRate,registered-component,1.0,1.0,1.0,0.0,120,2000
expanding-history,legislativeConflict-low,emergency-base,emergency,reasoned-emergency-review,current-federal-court,base,averageTimeToReview,registered-component,0.0,0.0,0.0,0.0,120,2000
expanding-history,legislativeConflict-low,emergency-base,emergency,reasoned-emergency-review,current-federal-court,base,totalInstitutionalCost,registered-component,0.009766585532420026,0.009622697988659777,0.009913596837562938,7.423455758565638e-05,120,2000
expanding-history,legislativeConflict-low,emergency-base,emergency,reasoned-emergency-review,current-federal-court,base,shadowDocketAbuse,registered-component,-0.32109617129944196,-0.3290218197700122,-0.31320850014352625,0.003805502431353068,120,2000
expanding-history,legislativeConflict-low,emergency-base,emergency,reasoned-emergency-review,current-federal-court,base,institutionalDelayCost,additional-diagnostic,0.008325203350980054,0.00812624384862011,0.008510360959124118,9.745670653510825e-05,120,2000
expanding-history,legislativeConflict-low,screening-base,screening,constitutional-council,current-federal-court,base,directCourtCost,registered-diagnostic,0.13579879166666667,0.13568703291666664,0.1359190452083333,6.112699332653393e-05,120,2000
expanding-history,legislativeConflict-low,screening-base,screening,constitutional-council,current-federal-court,base,upstreamScreeningCost,registered-component,0.0021344383694218124,0.002064469133484806,0.0022070008766838256,3.557752589227971e-05,120,2000
expanding-history,legislativeConflict-low,screening-base,screening,constitutional-council,current-federal-court,base,capacityStrainCost,registered-diagnostic,0.06329999641294794,0.0626360251925412,0.0639455604905736,0.00032586381320324185,120,2000
expanding-history,legislativeConflict-low,screening-base,screening,constitutional-council,current-federal-court,base,totalInstitutionalCost,registered-diagnostic,0.08286785245914564,0.08273336424741491,0.08300396923577068,6.834051878960909e-05,120,2000
expanding-history,legislativeConflict-low,screening-base,screening,constitutional-council,current-federal-court,base,intakeAcceptanceRate,registered-diagnostic,-0.0007925973454304105,-0.0008208197909947367,-0.0007657588086589605,1.361410213583161e-05,120,2000
expanding-history,legislativeConflict-low,screening-base,screening,constitutional-council,current-federal-court,base,councilScreenRate,registered-component,1.0,1.0,1.0,0.0,120,2000
expanding-history,legislativeConflict-low,screening-base,screening,constitutional-council,current-federal-court,base,administrativeLoad,additional-diagnostic,0.24642520833333342,0.24548934895833338,0.24736071354166678,0.0004776839618643127,120,2000
expanding-history,legislativeConflict-low,weak-form-base,weak-form,weak-form-review,current-federal-court,base,legislativeResponseRate,registered-component,0.27947916666666667,0.2710416666666667,0.28843749999999996,0.004559067656146813,120,2000
expanding-history,legislativeConflict-low,weak-form-base,weak-form,weak-form-review,current-federal-court,base,legislativeResponseCredibility,registered-component,0.059283333333333306,0.05801239583333328,0.06063354166666659,0.0006775572301929469,120,2000
expanding-history,legislativeConflict-low,weak-form-base,weak-form,weak-form-review,current-federal-court,base,timelyLegislativeResponseRate,registered-component,0.22810686423821733,0.21183655473096755,0.2446025376210924,0.008183012795136448,120,2000
expanding-history,legislativeConflict-low,weak-form-base,weak-form,weak-form-review,current-federal-court,base,rightsProtection,registered-component,0.026137193019281843,0.024731641358152427,0.02762492985488754,0.0007410794294872706,120,2000
expanding-history,legislativeConflict-low,weak-form-base,weak-form,weak-form-review,current-federal-court,base,complianceRate,registered-component,0.30531250000000004,0.2864583333333333,0.3243776041666666,0.009795553753455429,120,2000
expanding-history,legislativeConflict-low,weak-form-base,weak-form,weak-form-review,current-federal-court,base,democraticResponsiveness,registered-component,0.09021229942675595,0.08778015657631699,0.09281876577633451,0.0013227084333492696,120,2000
expanding-history,legislativeConflict-low,weak-form-base,weak-form,weak-form-review,current-federal-court,base,vetoRelocationRisk,registered-component,-0.3413270736753985,-0.3427507051990338,-0.3399991302683407,0.0007297608829751205,120,2000
expanding-history,legislativeConflict-low,weak-form-base,weak-form,weak-form-review,current-federal-court,base,totalInstitutionalCost,registered-diagnostic,-0.09359200523601202,-0.09377664877794353,-0.09341399861819857,9.601124263683302e-05,120,2000
expanding-history,legislativeConflict-low,weak-form-base,weak-form,weak-form-review,current-federal-court,base,averageLegislativeResponseDelay,additional-diagnostic,0.3765738792523267,0.37429332463599546,0.37880866133231794,0.0011209058754852327,120,2000
expanding-history,legislativeConflict-low,emergency-ablation,emergency,reasoned-with-fast-procedure,reasoned-emergency-review,ablation,emergencyReasonGivingRate,registered-component,-0.7348199058669874,-0.7611133042377414,-0.7092183987073192,0.013243798947437138,120,2000
expanding-history,legislativeConflict-low,emergency-ablation,emergency,reasoned-with-fast-procedure,reasoned-emergency-review,ablation,meritsFollowUpRate,registered-component,-1.0,-1.0,-1.0,0.0,120,2000
expanding-history,legislativeConflict-low,emergency-ablation,emergency,reasoned-with-fast-procedure,reasoned-emergency-review,ablation,averageTimeToReview,registered-component,0.0,0.0,0.0,0.0,120,2000
expanding-history,legislativeConflict-low,emergency-ablation,emergency,reasoned-with-fast-procedure,reasoned-emergency-review,ablation,totalInstitutionalCost,registered-component,-0.004474062626499255,-0.004611791234031312,-0.004330681200821243,7.123796446551911e-05,120,2000
expanding-history,legislativeConflict-low,emergency-ablation,emergency,reasoned-with-fast-procedure,reasoned-emergency-review,ablation,shadowDocketAbuse,registered-component,0.304764336209801,0.29720900600808636,0.31249890952864257,0.003865569011948396,120,2000
expanding-history,legislativeConflict-low,emergency-ablation,emergency,reasoned-with-fast-procedure,reasoned-emergency-review,ablation,institutionalDelayCost,additional-diagnostic,-0.006618343506120073,-0.0068209897469979726,-0.006426649766541987,9.826206607416491e-05,120,2000
expanding-history,legislativeConflict-low,screening-ablation,screening,council-with-full-court-structure,constitutional-council,ablation,directCourtCost,registered-diagnostic,-0.09719811666666665,-0.09733167604166665,-0.09705561833333329,7.384465694287149e-05,120,2000
expanding-history,legislativeConflict-low,screening-ablation,screening,council-with-full-court-structure,constitutional-council,ablation,upstreamScreeningCost,registered-component,-3.3368699985778886e-06,-6.421280431612056e-05,5.688922512989397e-05,3.069163973442306e-05,120,2000
expanding-history,legislativeConflict-low,screening-ablation,screening,council-with-full-court-structure,constitutional-council,ablation,capacityStrainCost,registered-diagnostic,-0.0431934245799991,-0.043781133562630914,-0.04258362546167112,0.00029319915666776644,120,2000
expanding-history,legislativeConflict-low,screening-ablation,screening,council-with-full-court-structure,constitutional-council,ablation,totalInstitutionalCost,registered-diagnostic,-0.050261250559042805,-0.050389325157439435,-0.050129740926066195,6.751912659737407e-05,120,2000
expanding-history,legislativeConflict-low,screening-ablation,screening,council-with-full-court-structure,constitutional-council,ablation,intakeAcceptanceRate,registered-diagnostic,2.90299460912648e-07,-2.1135036628016267e-05,2.2594406126098342e-05,1.1189403667253087e-05,120,2000
expanding-history,legislativeConflict-low,screening-ablation,screening,council-with-full-court-structure,constitutional-council,ablation,councilScreenRate,registered-component,-1.0,-1.0,-1.0,0.0,120,2000
expanding-history,legislativeConflict-low,screening-ablation,screening,council-with-full-court-structure,constitutional-council,ablation,administrativeLoad,additional-diagnostic,-0.23998583333333343,-0.24088708854166677,-0.23906819270833346,0.00047833029552320287,120,2000
expanding-history,legislativeConflict-low,weak-form-half,weak-form,weak-form-half-response,weak-form-review,ablation,legislativeResponseRate,registered-component,-0.13791666666666666,-0.14520833333333333,-0.13083333333333333,0.003733428995373029,120,2000
expanding-history,legislativeConflict-low,weak-form-half,weak-form,weak-form-half-response,weak-form-review,ablation,legislativeResponseCredibility,registered-component,-0.325321904172739,-0.3264224647923681,-0.3242591647059733,0.0005524379436851127,120,2000
expanding-history,legislativeConflict-low,weak-form-half,weak-form,weak-form-half-response,weak-form-review,ablation,timelyLegislativeResponseRate,registered-component,-0.22810686423821733,-0.2446025376210924,-0.21183655473096755,0.008183012795136448,120,2000
expanding-history,legislativeConflict-low,weak-form-half,weak-form,weak-form-half-response,weak-form-review,ablation,rightsProtection,registered-component,-0.01355801239156782,-0.014581399415752233,-0.012523799247216501,0.0005364563478914801,120,2000
expanding-history,legislativeConflict-low,weak-form-half,weak-form,weak-form-half-response,weak-form-review,ablation,complianceRate,registered-component,-0.01,-0.0221875,0.0015625000000000038,0.006095068493788858,120,2000
expanding-history,legislativeConflict-low,weak-form-half,weak-form,weak-form-half-response,weak-form-review,ablation,democraticResponsiveness,registered-component,-0.020780413637343856,-0.02203215791146751,-0.019480876306584544,0.0006671538118947379,120,2000
expanding-history,legislativeConflict-low,weak-form-half,weak-form,weak-form-half-response,weak-form-review,ablation,vetoRelocationRisk,registered-component,0.021985737256620643,0.02089066193475505,0.023082796653143785,0.0005790623964931785,120,2000
expanding-history,legislativeConflict-low,weak-form-half,weak-form,weak-form-half-response,weak-form-review,ablation,totalInstitutionalCost,registered-diagnostic,-0.0013558055106328306,-0.0015292349714173487,-0.0011823634510023512,9.044839965786792e-05,120,2000
expanding-history,legislativeConflict-low,weak-form-half,weak-form,weak-form-half-response,weak-form-review,ablation,averageLegislativeResponseDelay,additional-diagnostic,0.0820760131807181,0.07877026675083439,0.0854420697464634,0.0016878080717696437,120,2000
expanding-history,legislativeConflict-low,weak-form-off,weak-form,weak-form-no-response,weak-form-review,ablation,legislativeResponseRate,registered-component,-0.27947916666666667,-0.28843749999999996,-0.2710416666666667,0.004559067656146813,120,2000
expanding-history,legislativeConflict-low,weak-form-off,weak-form,weak-form-no-response,weak-form-review,ablation,legislativeResponseCredibility,registered-component,-0.651206308345478,-0.6526593698163821,-0.6498495923130807,0.0007410956418263421,120,2000
expanding-history,legislativeConflict-low,weak-form-off,weak-form,weak-form-no-response,weak-form-review,ablation,timelyLegislativeResponseRate,registered-component,-0.22810686423821733,-0.2446025376210924,-0.21183655473096755,0.008183012795136448,120,2000
expanding-history,legislativeConflict-low,weak-form-off,weak-form,weak-form-no-response,weak-form-review,ablation,rightsProtection,registered-component,-0.021847948132719012,-0.0228196483110195,-0.020794101951956127,0.0005326012709648181,120,2000
expanding-history,legislativeConflict-low,weak-form-off,weak-form,weak-form-no-response,weak-form-review,ablation,complianceRate,registered-component,-0.00572916666666666,-0.017609374999999997,0.005731770833333328,0.006127825181150892,120,2000
expanding-history,legislativeConflict-low,weak-form-off,weak-form,weak-form-no-response,weak-form-review,ablation,democraticResponsiveness,registered-component,-0.0423198850545566,-0.043754632107697033,-0.040867249652949814,0.0007491190617551566,120,2000
expanding-history,legislativeConflict-low,weak-form-off,weak-form,weak-form-no-response,weak-form-review,ablation,vetoRelocationRisk,registered-component,0.04474699304248066,0.043403711653224174,0.04615531370427891,0.0007376890664760405,120,2000
expanding-history,legislativeConflict-low,weak-form-off,weak-form,weak-form-no-response,weak-form-review,ablation,totalInstitutionalCost,registered-diagnostic,-0.002656126348423729,-0.002849608086446505,-0.0024559439135794295,0.00010252777300260808,120,2000
expanding-history,legislativeConflict-low,weak-form-off,weak-form,weak-form-no-response,weak-form-review,ablation,averageLegislativeResponseDelay,additional-diagnostic,-0.3765738792523267,-0.3788086613323179,-0.37429332463599546,0.0011209058754852327,120,2000
expanding-history,legislativeConflict-low,weak-form-half-v-current,weak-form,weak-form-half-response,current-federal-court,persistence,legislativeResponseRate,registered-component,0.1415625,0.13499999999999998,0.1483359375,0.0035167992320056162,120,2000
expanding-history,legislativeConflict-low,weak-form-half-v-current,weak-form,weak-form-half-response,current-federal-court,persistence,legislativeResponseCredibility,registered-component,-0.2660385708394057,-0.26683085075884805,-0.2652025270836876,0.0004017879518742887,120,2000
expanding-history,legislativeConflict-low,weak-form-half-v-current,weak-form,weak-form-half-response,current-federal-court,persistence,timelyLegislativeResponseRate,registered-component,0.0,0.0,0.0,0.0,120,2000
expanding-history,legislativeConflict-low,weak-form-half-v-current,weak-form,weak-form-half-response,current-federal-court,persistence,rightsProtection,registered-component,0.012579180627714022,0.010998147210954363,0.01423436919225211,0.0008169744881437169,120,2000
expanding-history,legislativeConflict-low,weak-form-half-v-current,weak-form,weak-form-half-response,current-federal-court,persistence,complianceRate,registered-component,0.2953125,0.27655729166666665,0.3141666666666667,0.009773635545087983,120,2000
expanding-history,legislativeConflict-low,weak-form-half-v-current,weak-form,weak-form-half-response,current-federal-court,persistence,democraticResponsiveness,registered-component,0.06943188578941209,0.0670365567931796,0.07194933325205584,0.001275033974095033,120,2000
expanding-history,legislativeConflict-low,weak-form-half-v-current,weak-form,weak-form-half-response,current-federal-court,persistence,vetoRelocationRisk,registered-component,-0.3193413364187778,-0.32051947442271606,-0.3181894547583715,0.0005904933693959452,120,2000
expanding-history,legislativeConflict-low,weak-form-half-v-current,weak-form,weak-form-half-response,current-federal-court,persistence,totalInstitutionalCost,registered-diagnostic,-0.09494781074664485,-0.09513871503453035,-0.09475930861916776,9.480274000204893e-05,120,2000
expanding-history,legislativeConflict-low,weak-form-half-v-current,weak-form,weak-form-half-response,current-federal-court,persistence,averageLegislativeResponseDelay,additional-diagnostic,0.4586498924330448,0.45590194369482595,0.461332231957393,0.0013874194246904115,120,2000
expanding-history,legislativeConflict-low,weak-form-off-v-current,weak-form,weak-form-no-response,current-federal-court,persistence,legislativeResponseRate,registered-component,0.0,0.0,0.0,0.0,120,2000
expanding-history,legislativeConflict-low,weak-form-off-v-current,weak-form,weak-form-no-response,current-federal-court,persistence,legislativeResponseCredibility,registered-component,-0.5919229750121446,-0.5926410887184862,-0.5911915987557307,0.0003709578076284354,120,2000
expanding-history,legislativeConflict-low,weak-form-off-v-current,weak-form,weak-form-no-response,current-federal-court,persistence,timelyLegislativeResponseRate,registered-component,0.0,0.0,0.0,0.0,120,2000
expanding-history,legislativeConflict-low,weak-form-off-v-current,weak-form,weak-form-no-response,current-federal-court,persistence,rightsProtection,registered-component,0.00428924488656283,0.0026508410475928456,0.006033441423281758,0.0008290502745175307,120,2000
expanding-history,legislativeConflict-low,weak-form-off-v-current,weak-form,weak-form-no-response,current-federal-court,persistence,complianceRate,registered-component,0.29958333333333337,0.28124739583333336,0.3179192708333333,0.00932078550786682,120,2000
expanding-history,legislativeConflict-low,weak-form-off-v-current,weak-form,weak-form-no-response,current-federal-court,persistence,democraticResponsiveness,registered-component,0.04789241437219935,0.045724511911597335,0.050287706141249694,0.0011658654122279797,120,2000
expanding-history,legislativeConflict-low,weak-form-off-v-current,weak-form,weak-form-no-response,current-federal-court,persistence,vetoRelocationRisk,registered-component,-0.2965800806329178,-0.29695679351041215,-0.29621469771152104,0.00019260388848239954,120,2000
expanding-history,legislativeConflict-low,weak-form-off-v-current,weak-form,weak-form-no-response,current-federal-court,persistence,totalInstitutionalCost,registered-diagnostic,-0.09624813158443575,-0.09641794690246427,-0.09607031140011123,9.034604181405042e-05,120,2000
expanding-history,legislativeConflict-low,weak-form-off-v-current,weak-form,weak-form-no-response,current-federal-court,persistence,averageLegislativeResponseDelay,additional-diagnostic,0.0,0.0,0.0,0.0,120,2000
expanding-history,legislativeConflict-high,emergency-base,emergency,reasoned-emergency-review,current-federal-court,base,emergencyReasonGivingRate,registered-component,0.8541165484760519,0.8281922027559702,0.8785424082638583,0.012536026809382114,120,2000
expanding-history,legislativeConflict-high,emergency-base,emergency,reasoned-emergency-review,current-federal-court,base,meritsFollowUpRate,registered-component,1.0,1.0,1.0,0.0,120,2000
expanding-history,legislativeConflict-high,emergency-base,emergency,reasoned-emergency-review,current-federal-court,base,averageTimeToReview,registered-component,0.0,0.0,0.0,0.0,120,2000
expanding-history,legislativeConflict-high,emergency-base,emergency,reasoned-emergency-review,current-federal-court,base,totalInstitutionalCost,registered-component,0.009676477162768756,0.009533615517591547,0.009827840958049335,7.77484835112139e-05,120,2000
expanding-history,legislativeConflict-high,emergency-base,emergency,reasoned-emergency-review,current-federal-court,base,shadowDocketAbuse,registered-component,-0.32643422770102115,-0.33377445063931427,-0.3187215056941674,0.003991765449266826,120,2000
expanding-history,legislativeConflict-high,emergency-base,emergency,reasoned-emergency-review,current-federal-court,base,institutionalDelayCost,additional-diagnostic,0.008257229577708995,0.008054611169286487,0.008449318168820401,0.00010588420064924183,120,2000
expanding-history,legislativeConflict-high,screening-base,screening,constitutional-council,current-federal-court,base,directCourtCost,registered-diagnostic,0.13585780833333336,0.1357382710416667,0.13597772562500005,6.0072440508606775e-05,120,2000
expanding-history,legislativeConflict-high,screening-base,screening,constitutional-council,current-federal-court,base,upstreamScreeningCost,registered-component,0.0018952995903905496,0.0018297292245024147,0.0019593769468495875,3.426676398764428e-05,120,2000
expanding-history,legislativeConflict-high,screening-base,screening,constitutional-council,current-federal-court,base,capacityStrainCost,registered-diagnostic,0.0636490455602604,0.06298139525574004,0.06433445634668052,0.0003560405962095043,120,2000
expanding-history,legislativeConflict-high,screening-base,screening,constitutional-council,current-federal-court,base,totalInstitutionalCost,registered-diagnostic,0.08288902548879275,0.0827465914689697,0.08303780814725613,7.451681998296466e-05,120,2000
expanding-history,legislativeConflict-high,screening-base,screening,constitutional-council,current-federal-court,base,intakeAcceptanceRate,registered-diagnostic,-0.0007236443288994918,-0.0007486194042931958,-0.0006982786430153948,1.3420588757639515e-05,120,2000
expanding-history,legislativeConflict-high,screening-base,screening,constitutional-council,current-federal-court,base,councilScreenRate,registered-component,1.0,1.0,1.0,0.0,120,2000
expanding-history,legislativeConflict-high,screening-base,screening,constitutional-council,current-federal-court,base,administrativeLoad,additional-diagnostic,0.2470972916666668,0.24611186979166683,0.24810209895833346,0.0005076972557408681,120,2000
expanding-history,legislativeConflict-high,weak-form-base,weak-form,weak-form-review,current-federal-court,base,legislativeResponseRate,registered-component,0.349375,0.3404140625,0.3580234375,0.004698662013795837,120,2000
expanding-history,legislativeConflict-high,weak-form-base,weak-form,weak-form-review,current-federal-court,base,legislativeResponseCredibility,registered-component,0.0696479166666666,0.06838739583333323,0.07087723958333328,0.0006584952808909517,120,2000
expanding-history,legislativeConflict-high,weak-form-base,weak-form,weak-form-review,current-federal-court,base,timelyLegislativeResponseRate,registered-component,0.0,0.0,0.0,0.0,120,2000
expanding-history,legislativeConflict-high,weak-form-base,weak-form,weak-form-review,current-federal-court,base,rightsProtection,registered-component,0.027018113551059004,0.02521717091010886,0.028821096749542464,0.0009717432511594563,120,2000
expanding-history,legislativeConflict-high,weak-form-base,weak-form,weak-form-review,current-federal-court,base,complianceRate,registered-component,0.2938541666666667,0.2730208333333334,0.31479166666666664,0.011036524851894698,120,2000
expanding-history,legislativeConflict-high,weak-form-base,weak-form,weak-form-review,current-federal-court,base,democraticResponsiveness,registered-component,0.07053440475940578,0.06827087393489391,0.07272871542309704,0.0011699142270981465,120,2000
expanding-history,legislativeConflict-high,weak-form-base,weak-form,weak-form-review,current-federal-court,base,vetoRelocationRisk,registered-component,-0.34977104420121485,-0.3511498563313831,-0.3483631504041902,0.000743830631397129,120,2000
expanding-history,legislativeConflict-high,weak-form-base,weak-form,weak-form-review,current-federal-court,base,totalInstitutionalCost,registered-diagnostic,-0.0921311450015965,-0.09231565791903248,-0.0919388346606125,9.927275562579046e-05,120,2000
expanding-history,legislativeConflict-high,weak-form-base,weak-form,weak-form-review,current-federal-court,base,averageLegislativeResponseDelay,additional-diagnostic,0.46727939993653045,0.46515434860273347,0.46930225954957605,0.0010255707889252697,120,2000
expanding-history,legislativeConflict-high,emergency-ablation,emergency,reasoned-with-fast-procedure,reasoned-emergency-review,ablation,emergencyReasonGivingRate,registered-component,-0.7075925049663102,-0.7340028967000373,-0.6800667678688953,0.013942197853381537,120,2000
expanding-history,legislativeConflict-high,emergency-ablation,emergency,reasoned-with-fast-procedure,reasoned-emergency-review,ablation,meritsFollowUpRate,registered-component,-1.0,-1.0,-1.0,0.0,120,2000
expanding-history,legislativeConflict-high,emergency-ablation,emergency,reasoned-with-fast-procedure,reasoned-emergency-review,ablation,averageTimeToReview,registered-component,0.0,0.0,0.0,0.0,120,2000
expanding-history,legislativeConflict-high,emergency-ablation,emergency,reasoned-with-fast-procedure,reasoned-emergency-review,ablation,totalInstitutionalCost,registered-component,-0.004348170340865005,-0.004498449861919988,-0.004199941210723239,7.664573935690156e-05,120,2000
expanding-history,legislativeConflict-high,emergency-ablation,emergency,reasoned-with-fast-procedure,reasoned-emergency-review,ablation,shadowDocketAbuse,registered-component,0.3114445415622784,0.3038498417550003,0.319194176775318,0.0038664728133949032,120,2000
expanding-history,legislativeConflict-high,emergency-ablation,emergency,reasoned-with-fast-procedure,reasoned-emergency-review,ablation,institutionalDelayCost,additional-diagnostic,-0.006622258056171654,-0.006829932924663125,-0.00641230584887008,0.00010532768654869558,120,2000
expanding-history,legislativeConflict-high,screening-ablation,screening,council-with-full-court-structure,constitutional-council,ablation,directCourtCost,registered-diagnostic,-0.09727100833333333,-0.09739934083333332,-0.09714226354166668,6.687386690663611e-05,120,2000
expanding-history,legislativeConflict-high,screening-ablation,screening,council-with-full-court-structure,constitutional-council,ablation,upstreamScreeningCost,registered-component,4.0878253651020304e-05,-1.972675240785484e-05,9.613023011323582e-05,2.9248245300507678e-05,120,2000
expanding-history,legislativeConflict-high,screening-ablation,screening,council-with-full-court-structure,constitutional-council,ablation,capacityStrainCost,registered-diagnostic,-0.04354473533089934,-0.04409771301091043,-0.04294025366785769,0.0002989501273215677,120,2000
expanding-history,legislativeConflict-high,screening-ablation,screening,council-with-full-court-structure,constitutional-council,ablation,totalInstitutionalCost,registered-diagnostic,-0.0503410822887908,-0.05046729358976446,-0.05020420172790738,6.582213550675712e-05,120,2000
expanding-history,legislativeConflict-high,screening-ablation,screening,council-with-full-court-structure,constitutional-council,ablation,intakeAcceptanceRate,registered-diagnostic,-1.5503969578099825e-05,-3.6773930115875794e-05,7.401697805322962e-06,1.1012183383564638e-05,120,2000
expanding-history,legislativeConflict-high,screening-ablation,screening,council-with-full-court-structure,constitutional-council,ablation,councilScreenRate,registered-component,-1.0,-1.0,-1.0,0.0,120,2000
expanding-history,legislativeConflict-high,screening-ablation,screening,council-with-full-court-structure,constitutional-council,ablation,administrativeLoad,additional-diagnostic,-0.2405735416666668,-0.24145275000000013,-0.23962553645833345,0.0004567441537383978,120,2000
expanding-history,legislativeConflict-high,weak-form-half,weak-form,weak-form-half-response,weak-form-review,ablation,legislativeResponseRate,registered-component,-0.17791666666666667,-0.18718749999999998,-0.16874739583333334,0.00481115116545733,120,2000
expanding-history,legislativeConflict-high,weak-form-half,weak-form,weak-form-half-response,weak-form-review,ablation,legislativeResponseCredibility,registered-component,-0.2838973031842712,-0.28484618762780345,-0.28287291240125007,0.0005236378987679108,120,2000
expanding-history,legislativeConflict-high,weak-form-half,weak-form,weak-form-half-response,weak-form-review,ablation,timelyLegislativeResponseRate,registered-component,0.0,0.0,0.0,0.0,120,2000
expanding-history,legislativeConflict-high,weak-form-half,weak-form,weak-form-half-response,weak-form-review,ablation,rightsProtection,registered-component,-0.012776676220746807,-0.013876565862027172,-0.011663382500669837,0.000576321467914752,120,2000
expanding-history,legislativeConflict-high,weak-form-half,weak-form,weak-form-half-response,weak-form-review,ablation,complianceRate,registered-component,-0.0696875,-0.09458593750000001,-0.045101562500000025,0.01323856472680896,120,2000
expanding-history,legislativeConflict-high,weak-form-half,weak-form,weak-form-half-response,weak-form-review,ablation,democraticResponsiveness,registered-component,-0.02838222907431773,-0.029822154804863853,-0.026934878324644765,0.0007655308520787994,120,2000
expanding-history,legislativeConflict-high,weak-form-half,weak-form,weak-form-half-response,weak-form-review,ablation,vetoRelocationRisk,registered-component,0.028674387031038764,0.02724790178549212,0.03016735162915097,0.0007611220830157332,120,2000
expanding-history,legislativeConflict-high,weak-form-half,weak-form,weak-form-half-response,weak-form-review,ablation,totalInstitutionalCost,registered-diagnostic,-0.001488796914780915,-0.0017125516797445693,-0.001269112893453202,0.00011428945744939195,120,2000
expanding-history,legislativeConflict-high,weak-form-half,weak-form,weak-form-half-response,weak-form-review,ablation,averageLegislativeResponseDelay,additional-diagnostic,0.07238085923891062,0.06878196320321724,0.07588709395572857,0.001810980417808436,120,2000
expanding-history,legislativeConflict-high,weak-form-off,weak-form,weak-form-no-response,weak-form-review,ablation,legislativeResponseRate,registered-component,-0.349375,-0.35802343750000004,-0.34041406250000006,0.004698662013795837,120,2000
expanding-history,legislativeConflict-high,weak-form-off,weak-form,weak-form-no-response,weak-form-review,ablation,legislativeResponseCredibility,registered-component,-0.5671758563685424,-0.5685998917780768,-0.5657204689251576,0.000763332826988028,120,2000
expanding-history,legislativeConflict-high,weak-form-off,weak-form,weak-form-no-response,weak-form-review,ablation,timelyLegislativeResponseRate,registered-component,0.0,0.0,0.0,0.0,120,2000
expanding-history,legislativeConflict-high,weak-form-off,weak-form,weak-form-no-response,weak-form-review,ablation,rightsProtection,registered-component,-0.021106989187892652,-0.022451818717163445,-0.019728676079621314,0.0007045944082987286,120,2000
expanding-history,legislativeConflict-high,weak-form-off,weak-form,weak-form-no-response,weak-form-review,ablation,complianceRate,registered-component,-0.09520833333333334,-0.1234375,-0.06489322916666668,0.01502447767439594,120,2000
expanding-history,legislativeConflict-high,weak-form-off,weak-form,weak-form-no-response,weak-form-review,ablation,democraticResponsiveness,registered-component,-0.05434271217856827,-0.055965532462815736,-0.05280022269540216,0.00079438458778139,120,2000
expanding-history,legislativeConflict-high,weak-form-off,weak-form,weak-form-no-response,weak-form-review,ablation,vetoRelocationRisk,registered-component,0.05579137447904433,0.05430459496427109,0.05729522275732109,0.000775269846223044,120,2000
expanding-history,legislativeConflict-high,weak-form-off,weak-form,weak-form-no-response,weak-form-review,ablation,totalInstitutionalCost,registered-diagnostic,-0.0032721917377584613,-0.003493004498489805,-0.0030552355828964923,0.00011126756221974635,120,2000
expanding-history,legislativeConflict-high,weak-form-off,weak-form,weak-form-no-response,weak-form-review,ablation,averageLegislativeResponseDelay,additional-diagnostic,-0.46727939993653045,-0.469302259549576,-0.4651543486027335,0.0010255707889252697,120,2000
expanding-history,legislativeConflict-high,weak-form-half-v-current,weak-form,weak-form-half-response,current-federal-court,persistence,legislativeResponseRate,registered-component,0.17145833333333332,0.16458333333333333,0.17854166666666668,0.003550922983997538,120,2000
expanding-history,legislativeConflict-high,weak-form-half-v-current,weak-form,weak-form-half-response,current-federal-court,persistence,legislativeResponseCredibility,registered-component,-0.21424938651760458,-0.21507636602806016,-0.21337802983911408,0.0004397001964324965,120,2000
expanding-history,legislativeConflict-high,weak-form-half-v-current,weak-form,weak-form-half-response,current-federal-court,persistence,timelyLegislativeResponseRate,registered-component,0.0,0.0,0.0,0.0,120,2000
expanding-history,legislativeConflict-high,weak-form-half-v-current,weak-form,weak-form-half-response,current-federal-court,persistence,rightsProtection,registered-component,0.014241437330312197,0.012211460051103048,0.01619010545536244,0.0010409857394945436,120,2000
expanding-history,legislativeConflict-high,weak-form-half-v-current,weak-form,weak-form-half-response,current-federal-court,persistence,complianceRate,registered-component,0.22416666666666665,0.20072656249999998,0.24677343749999997,0.011667604504122193,120,2000
expanding-history,legislativeConflict-high,weak-form-half-v-current,weak-form,weak-form-half-response,current-federal-court,persistence,democraticResponsiveness,registered-component,0.04215217568508805,0.0394206171994184,0.04474627275564748,0.0013980482701375229,120,2000
expanding-history,legislativeConflict-high,weak-form-half-v-current,weak-form,weak-form-half-response,current-federal-court,persistence,vetoRelocationRisk,registered-component,-0.32109665717017605,-0.32225404700443827,-0.31995933484914324,0.0005943061725302626,120,2000
expanding-history,legislativeConflict-high,weak-form-half-v-current,weak-form,weak-form-half-response,current-federal-court,persistence,totalInstitutionalCost,registered-diagnostic,-0.09361994191637742,-0.09384263158999509,-0.09340402333857067,0.00011305938413354495,120,2000
expanding-history,legislativeConflict-high,weak-form-half-v-current,weak-form,weak-form-half-response,current-federal-court,persistence,averageLegislativeResponseDelay,additional-diagnostic,0.539660259175441,0.5369221339163595,0.5424473678808318,0.001384959084017136,120,2000
expanding-history,legislativeConflict-high,weak-form-off-v-current,weak-form,weak-form-no-response,current-federal-court,persistence,legislativeResponseRate,registered-component,0.0,0.0,0.0,0.0,120,2000
expanding-history,legislativeConflict-high,weak-form-off-v-current,weak-form,weak-form-no-response,current-federal-court,persistence,legislativeResponseCredibility,registered-component,-0.4975279397018758,-0.4982942281525543,-0.49676419072944134,0.00040503461410334264,120,2000
expanding-history,legislativeConflict-high,weak-form-off-v-current,weak-form,weak-form-no-response,current-federal-court,persistence,timelyLegislativeResponseRate,registered-component,0.0,0.0,0.0,0.0,120,2000
expanding-history,legislativeConflict-high,weak-form-off-v-current,weak-form,weak-form-no-response,current-federal-court,persistence,rightsProtection,registered-component,0.005911124363166354,0.003666939451297874,0.008006534765404544,0.0011284472047414223,120,2000
expanding-history,legislativeConflict-high,weak-form-off-v-current,weak-form,weak-form-no-response,current-federal-court,persistence,complianceRate,registered-component,0.19864583333333333,0.1763411458333333,0.223125,0.011898883024093273,120,2000
expanding-history,legislativeConflict-high,weak-form-off-v-current,weak-form,weak-form-no-response,current-federal-court,persistence,democraticResponsiveness,registered-component,0.016191692580837507,0.013775561276300622,0.01860702920291017,0.0012575801882082445,120,2000
expanding-history,legislativeConflict-high,weak-form-off-v-current,weak-form,weak-form-no-response,current-federal-court,persistence,vetoRelocationRisk,registered-component,-0.2939796697221705,-0.2944131759599223,-0.2935735277236763,0.0002165058297908232,120,2000
expanding-history,legislativeConflict-high,weak-form-off-v-current,weak-form,weak-form-no-response,current-federal-court,persistence,totalInstitutionalCost,registered-diagnostic,-0.09540333673935496,-0.09558309217439515,-0.09521384996593399,9.452121554135003e-05,120,2000
expanding-history,legislativeConflict-high,weak-form-off-v-current,weak-form,weak-form-no-response,current-federal-court,persistence,averageLegislativeResponseDelay,additional-diagnostic,0.0,0.0,0.0,0.0,120,2000
expanding-history,implementationCapacity-low,emergency-base,emergency,reasoned-emergency-review,current-federal-court,base,emergencyReasonGivingRate,registered-component,0.8428670710170256,0.8119819180305804,0.870027636334082,0.015221427723526033,120,2000
expanding-history,implementationCapacity-low,emergency-base,emergency,reasoned-emergency-review,current-federal-court,base,meritsFollowUpRate,registered-component,0.9916666666666667,0.975,1.0,0.008333333333333333,120,2000
expanding-history,implementationCapacity-low,emergency-base,emergency,reasoned-emergency-review,current-federal-court,base,averageTimeToReview,registered-component,0.0,0.0,0.0,0.0,120,2000
expanding-history,implementationCapacity-low,emergency-base,emergency,reasoned-emergency-review,current-federal-court,base,totalInstitutionalCost,registered-component,0.009685034124360796,0.009530706171797394,0.009844803244861144,7.8746388584741e-05,120,2000
expanding-history,implementationCapacity-low,emergency-base,emergency,reasoned-emergency-review,current-federal-court,base,shadowDocketAbuse,registered-component,-0.32537462381148646,-0.33360468766310014,-0.3175804216696819,0.004080322207435935,120,2000
expanding-history,implementationCapacity-low,emergency-base,emergency,reasoned-emergency-review,current-federal-court,base,institutionalDelayCost,additional-diagnostic,0.008370440291215687,0.008162923083060096,0.008577946169887772,0.00010592778244141185,120,2000
expanding-history,implementationCapacity-low,screening-base,screening,constitutional-council,current-federal-court,base,directCourtCost,registered-diagnostic,0.13593683333333337,0.13579513687500003,0.13606935145833332,6.963857769417875e-05,120,2000
expanding-history,implementationCapacity-low,screening-base,screening,constitutional-council,current-federal-court,base,upstreamScreeningCost,registered-component,0.0020303352856012443,0.001957475962732705,0.00211140205151219,3.846010442123419e-05,120,2000
expanding-history,implementationCapacity-low,screening-base,screening,constitutional-council,current-federal-court,base,capacityStrainCost,registered-diagnostic,0.0633572818570675,0.06255482128311488,0.06408588062276588,0.0003888760623699789,120,2000
expanding-history,implementationCapacity-low,screening-base,screening,constitutional-council,current-federal-court,base,totalInstitutionalCost,registered-diagnostic,0.08289862559747864,0.08272942583709275,0.0830526699327962,8.288533389745472e-05,120,2000
expanding-history,implementationCapacity-low,screening-base,screening,constitutional-council,current-federal-court,base,intakeAcceptanceRate,registered-diagnostic,-0.0007671222798473937,-0.000797653848164432,-0.0007393788938388996,1.4848387666701323e-05,120,2000
expanding-history,implementationCapacity-low,screening-base,screening,constitutional-council,current-federal-court,base,councilScreenRate,registered-component,1.0,1.0,1.0,0.0,120,2000
expanding-history,implementationCapacity-low,screening-base,screening,constitutional-council,current-federal-court,base,administrativeLoad,additional-diagnostic,0.24695541666666676,0.24579019270833344,0.24801738020833344,0.000571323419983601,120,2000
expanding-history,implementationCapacity-low,weak-form-base,weak-form,weak-form-review,current-federal-court,base,legislativeResponseRate,registered-component,0.3221875,0.3129140624999999,0.33146093749999994,0.00468609923047935,120,2000
expanding-history,implementationCapacity-low,weak-form-base,weak-form,weak-form-review,current-federal-court,base,legislativeResponseCredibility,registered-component,0.06567499999999991,0.0641810937499999,0.06716249999999992,0.000784115543063618,120,2000
expanding-history,implementationCapacity-low,weak-form-base,weak-form,weak-form-review,current-federal-court,base,timelyLegislativeResponseRate,registered-component,0.0,0.0,0.0,0.0,120,2000
expanding-history,implementationCapacity-low,weak-form-base,weak-form,weak-form-review,current-federal-court,base,rightsProtection,registered-component,0.021125643531033234,0.019333250847687528,0.02309128567665847,0.0009734018034934617,120,2000
expanding-history,implementationCapacity-low,weak-form-base,weak-form,weak-form-review,current-federal-court,base,complianceRate,registered-component,0.3463541666666667,0.32926562499999995,0.36396093749999997,0.008952483881092618,120,2000
expanding-history,implementationCapacity-low,weak-form-base,weak-form,weak-form-review,current-federal-court,base,democraticResponsiveness,registered-component,0.0827273372614945,0.08013237368753177,0.08535786207684526,0.0013229619155522116,120,2000
expanding-history,implementationCapacity-low,weak-form-base,weak-form,weak-form-review,current-federal-court,base,vetoRelocationRisk,registered-component,-0.3464538165029331,-0.3477536903203383,-0.34509575305475676,0.0006951311710130076,120,2000
expanding-history,implementationCapacity-low,weak-form-base,weak-form,weak-form-review,current-federal-court,base,totalInstitutionalCost,registered-diagnostic,-0.09263760198679452,-0.09283746186397165,-0.092433309858475,0.00010333433750674859,120,2000
expanding-history,implementationCapacity-low,weak-form-base,weak-form,weak-form-review,current-federal-court,base,averageLegislativeResponseDelay,additional-diagnostic,0.4739821945379309,0.4721277484987129,0.47593210656040014,0.0009878215875673852,120,2000
expanding-history,implementationCapacity-low,emergency-ablation,emergency,reasoned-with-fast-procedure,reasoned-emergency-review,ablation,emergencyReasonGivingRate,registered-component,-0.6931875677300144,-0.7214935545742975,-0.6591998320007525,0.015900964466684264,120,2000
expanding-history,implementationCapacity-low,emergency-ablation,emergency,reasoned-with-fast-procedure,reasoned-emergency-review,ablation,meritsFollowUpRate,registered-component,-0.9916666666666667,-1.0,-0.975,0.008333333333333333,120,2000
expanding-history,implementationCapacity-low,emergency-ablation,emergency,reasoned-with-fast-procedure,reasoned-emergency-review,ablation,averageTimeToReview,registered-component,0.0,0.0,0.0,0.0,120,2000
expanding-history,implementationCapacity-low,emergency-ablation,emergency,reasoned-with-fast-procedure,reasoned-emergency-review,ablation,totalInstitutionalCost,registered-component,-0.0043279457901668015,-0.0044883219379406305,-0.004171099323226245,8.156365456600012e-05,120,2000
expanding-history,implementationCapacity-low,emergency-ablation,emergency,reasoned-with-fast-procedure,reasoned-emergency-review,ablation,shadowDocketAbuse,registered-component,0.31196847667109456,0.3042106116185824,0.32007342547024403,0.004034656484988151,120,2000
expanding-history,implementationCapacity-low,emergency-ablation,emergency,reasoned-with-fast-procedure,reasoned-emergency-review,ablation,institutionalDelayCost,additional-diagnostic,-0.0067035710721532245,-0.006910838100993177,-0.006491592556968905,0.00010973403744068032,120,2000
expanding-history,implementationCapacity-low,screening-ablation,screening,council-with-full-court-structure,constitutional-council,ablation,directCourtCost,registered-diagnostic,-0.09729183333333331,-0.09741818520833333,-0.09716261916666666,6.682921011052209e-05,120,2000
expanding-history,implementationCapacity-low,screening-ablation,screening,council-with-full-court-structure,constitutional-council,ablation,upstreamScreeningCost,registered-component,-3.596300096116445e-05,-8.92614413890621e-05,1.4097850042226996e-05,2.711368607454282e-05,120,2000
expanding-history,implementationCapacity-low,screening-ablation,screening,council-with-full-court-structure,constitutional-council,ablation,capacityStrainCost,registered-diagnostic,-0.04297185033397411,-0.0434852370286108,-0.04245020680038541,0.0002723404747812634,120,2000
expanding-history,implementationCapacity-low,screening-ablation,screening,council-with-full-court-structure,constitutional-council,ablation,totalInstitutionalCost,registered-diagnostic,-0.05026122870438414,-0.05037318977491592,-0.05014448880772595,6.201669922442657e-05,120,2000
expanding-history,implementationCapacity-low,screening-ablation,screening,council-with-full-court-structure,constitutional-council,ablation,intakeAcceptanceRate,registered-diagnostic,1.3149847929472095e-05,-5.320785808133186e-06,3.298545976112409e-05,1.010181875457417e-05,120,2000
expanding-history,implementationCapacity-low,screening-ablation,screening,council-with-full-court-structure,constitutional-council,ablation,councilScreenRate,registered-component,-1.0,-1.0,-1.0,0.0,120,2000
expanding-history,implementationCapacity-low,screening-ablation,screening,council-with-full-court-structure,constitutional-council,ablation,administrativeLoad,additional-diagnostic,-0.24002291666666678,-0.24079792708333345,-0.23921536458333345,0.00043265217115154883,120,2000
expanding-history,implementationCapacity-low,weak-form-half,weak-form,weak-form-half-response,weak-form-review,ablation,legislativeResponseRate,registered-component,-0.16020833333333334,-0.16875,-0.15208333333333332,0.004355783460697886,120,2000
expanding-history,implementationCapacity-low,weak-form-half,weak-form,weak-form-half-response,weak-form-review,ablation,legislativeResponseCredibility,registered-component,-0.27812860311174464,-0.2792615687228743,-0.2769408205849037,0.0005804329114342374,120,2000
expanding-history,implementationCapacity-low,weak-form-half,weak-form,weak-form-half-response,weak-form-review,ablation,timelyLegislativeResponseRate,registered-component,0.0,0.0,0.0,0.0,120,2000
expanding-history,implementationCapacity-low,weak-form-half,weak-form,weak-form-half-response,weak-form-review,ablation,rightsProtection,registered-component,-0.009516833071463325,-0.01060963258703356,-0.008476413170668419,0.0005594731653755772,120,2000
expanding-history,implementationCapacity-low,weak-form-half,weak-form,weak-form-half-response,weak-form-review,ablation,complianceRate,registered-component,-0.0010416666666666593,-0.01979166666666666,0.01802864583333329,0.009474071914025117,120,2000
expanding-history,implementationCapacity-low,weak-form-half,weak-form,weak-form-half-response,weak-form-review,ablation,democraticResponsiveness,registered-component,-0.02436596481013696,-0.025949256020395477,-0.022850436345987296,0.0008057401383552808,120,2000
expanding-history,implementationCapacity-low,weak-form-half,weak-form,weak-form-half-response,weak-form-review,ablation,vetoRelocationRisk,registered-component,0.025678520091457054,0.024351951543175928,0.027056765398836946,0.0007063695350524011,120,2000
expanding-history,implementationCapacity-low,weak-form-half,weak-form,weak-form-half-response,weak-form-review,ablation,totalInstitutionalCost,registered-diagnostic,-0.0015036679013954535,-0.001691258273226323,-0.001316585439378947,9.894081352412506e-05,120,2000
expanding-history,implementationCapacity-low,weak-form-half,weak-form,weak-form-half-response,weak-form-review,ablation,averageLegislativeResponseDelay,additional-diagnostic,0.07333648096522934,0.06995929015554389,0.07666994406414158,0.0017549430974395537,120,2000
expanding-history,implementationCapacity-low,weak-form-off,weak-form,weak-form-no-response,weak-form-review,ablation,legislativeResponseRate,registered-component,-0.3221875,-0.3314609375,-0.3129140625,0.00468609923047935,120,2000
expanding-history,implementationCapacity-low,weak-form-off,weak-form,weak-form-no-response,weak-form-review,ablation,legislativeResponseCredibility,registered-component,-0.5562572062234893,-0.5577582429872731,-0.5547085374686495,0.0007810270875077198,120,2000
expanding-history,implementationCapacity-low,weak-form-off,weak-form,weak-form-no-response,weak-form-review,ablation,timelyLegislativeResponseRate,registered-component,0.0,0.0,0.0,0.0,120,2000
expanding-history,implementationCapacity-low,weak-form-off,weak-form,weak-form-no-response,weak-form-review,ablation,rightsProtection,registered-component,-0.01808028032409695,-0.019217257355356683,-0.01689746079201231,0.0005973394616014239,120,2000
expanding-history,implementationCapacity-low,weak-form-off,weak-form,weak-form-no-response,weak-form-review,ablation,complianceRate,registered-component,-0.006666666666666654,-0.027085937499999983,0.015106770833333337,0.01091984953706925,120,2000
expanding-history,implementationCapacity-low,weak-form-off,weak-form,weak-form-no-response,weak-form-review,ablation,democraticResponsiveness,registered-component,-0.04924720467286532,-0.05081861086293819,-0.04753718906481844,0.0008492292294891578,120,2000
expanding-history,implementationCapacity-low,weak-form-off,weak-form,weak-form-no-response,weak-form-review,ablation,vetoRelocationRisk,registered-component,0.051506326757912134,0.049890068798194145,0.05305277699076749,0.0007846834102011599,120,2000
expanding-history,implementationCapacity-low,weak-form-off,weak-form,weak-form-no-response,weak-form-review,ablation,totalInstitutionalCost,registered-diagnostic,-0.0031118199283008854,-0.0033111160840089806,-0.0029087786087516423,0.000103518343319394,120,2000
expanding-history,implementationCapacity-low,weak-form-off,weak-form,weak-form-no-response,weak-form-review,ablation,averageLegislativeResponseDelay,additional-diagnostic,-0.4739821945379309,-0.47593210656040014,-0.472127748498713,0.0009878215875673852,120,2000
expanding-history,implementationCapacity-low,weak-form-half-v-current,weak-form,weak-form-half-response,current-federal-court,persistence,legislativeResponseRate,registered-component,0.16197916666666667,0.1544765625,0.16958333333333334,0.0039038128484942887,120,2000
expanding-history,implementationCapacity-low,weak-form-half-v-current,weak-form,weak-form-half-response,current-federal-court,persistence,legislativeResponseCredibility,registered-component,-0.21245360311174474,-0.2132851475318411,-0.2116178411333847,0.00042998715275713203,120,2000
expanding-history,implementationCapacity-low,weak-form-half-v-current,weak-form,weak-form-half-response,current-federal-court,persistence,timelyLegislativeResponseRate,registered-component,0.0,0.0,0.0,0.0,120,2000
expanding-history,implementationCapacity-low,weak-form-half-v-current,weak-form,weak-form-half-response,current-federal-court,persistence,rightsProtection,registered-component,0.011608810459569907,0.009694276022212683,0.01359108307285882,0.0010205296187289201,120,2000
expanding-history,implementationCapacity-low,weak-form-half-v-current,weak-form,weak-form-half-response,current-federal-court,persistence,complianceRate,registered-component,0.3453125,0.33030989583333337,0.36010416666666667,0.007693953532214914,120,2000
expanding-history,implementationCapacity-low,weak-form-half-v-current,weak-form,weak-form-half-response,current-federal-court,persistence,democraticResponsiveness,registered-component,0.05836137245135755,0.05580917894718977,0.0608572203345234,0.0012896362405296063,120,2000
expanding-history,implementationCapacity-low,weak-form-half-v-current,weak-form,weak-form-half-response,current-federal-court,persistence,vetoRelocationRisk,registered-component,-0.320775296411476,-0.32199703789795525,-0.3195739210212095,0.0006381477011451817,120,2000
expanding-history,implementationCapacity-low,weak-form-half-v-current,weak-form,weak-form-half-response,current-federal-court,persistence,totalInstitutionalCost,registered-diagnostic,-0.09414126988818998,-0.09434570324799535,-0.09393247137950048,0.00010491628625338827,120,2000
expanding-history,implementationCapacity-low,weak-form-half-v-current,weak-form,weak-form-half-response,current-federal-court,persistence,averageLegislativeResponseDelay,additional-diagnostic,0.5473186755031603,0.5443053857809033,0.550266654168044,0.001532234609400161,120,2000
expanding-history,implementationCapacity-low,weak-form-off-v-current,weak-form,weak-form-no-response,current-federal-court,persistence,legislativeResponseRate,registered-component,0.0,0.0,0.0,0.0,120,2000
expanding-history,implementationCapacity-low,weak-form-off-v-current,weak-form,weak-form-no-response,current-federal-court,persistence,legislativeResponseCredibility,registered-component,-0.4905822062234894,-0.4913267960851288,-0.4898219911031802,0.00039500507104278963,120,2000
expanding-history,implementationCapacity-low,weak-form-off-v-current,weak-form,weak-form-no-response,current-federal-court,persistence,timelyLegislativeResponseRate,registered-component,0.0,0.0,0.0,0.0,120,2000
expanding-history,implementationCapacity-low,weak-form-off-v-current,weak-form,weak-form-no-response,current-federal-court,persistence,rightsProtection,registered-component,0.003045363206936284,0.0009480607685419779,0.005268455160460684,0.0011447074309250548,120,2000
expanding-history,implementationCapacity-low,weak-form-off-v-current,weak-form,weak-form-no-response,current-federal-court,persistence,complianceRate,registered-component,0.33968750000000003,0.3215625,0.3571875,0.009146267209580509,120,2000
expanding-history,implementationCapacity-low,weak-form-off-v-current,weak-form,weak-form-no-response,current-federal-court,persistence,democraticResponsiveness,registered-component,0.03348013258862919,0.031127282998065643,0.03593296846217983,0.0012656498385113114,120,2000
expanding-history,implementationCapacity-low,weak-form-off-v-current,weak-form,weak-form-no-response,current-federal-court,persistence,vetoRelocationRisk,registered-component,-0.29494748974502094,-0.29542674348273357,-0.29448709206527535,0.00023772826146284398,120,2000
expanding-history,implementationCapacity-low,weak-form-off-v-current,weak-form,weak-form-no-response,current-federal-court,persistence,totalInstitutionalCost,registered-diagnostic,-0.0957494219150954,-0.09595809379148108,-0.09554274344242057,0.00010140919411611914,120,2000
expanding-history,implementationCapacity-low,weak-form-off-v-current,weak-form,weak-form-no-response,current-federal-court,persistence,averageLegislativeResponseDelay,additional-diagnostic,0.0,0.0,0.0,0.0,120,2000
expanding-history,implementationCapacity-high,emergency-base,emergency,reasoned-emergency-review,current-federal-court,base,emergencyReasonGivingRate,registered-component,0.8319013749858367,0.802916355188532,0.8583359413192477,0.014208176077823494,120,2000
expanding-history,implementationCapacity-high,emergency-base,emergency,reasoned-emergency-review,current-federal-court,base,meritsFollowUpRate,registered-component,0.9916666666666667,0.975,1.0,0.008333333333333333,120,2000
expanding-history,implementationCapacity-high,emergency-base,emergency,reasoned-emergency-review,current-federal-court,base,averageTimeToReview,registered-component,0.0,0.0,0.0,0.0,120,2000
expanding-history,implementationCapacity-high,emergency-base,emergency,reasoned-emergency-review,current-federal-court,base,totalInstitutionalCost,registered-component,0.009798468767538026,0.009639028312175283,0.009948970621082793,8.059619208259421e-05,120,2000
expanding-history,implementationCapacity-high,emergency-base,emergency,reasoned-emergency-review,current-federal-court,base,shadowDocketAbuse,registered-component,-0.3232915410983295,-0.33154760620361307,-0.3152719779215387,0.004217030219735521,120,2000
expanding-history,implementationCapacity-high,emergency-base,emergency,reasoned-emergency-review,current-federal-court,base,institutionalDelayCost,additional-diagnostic,0.008219725178192753,0.008028834969591347,0.008417483869277206,0.00010300914169480377,120,2000
expanding-history,implementationCapacity-high,screening-base,screening,constitutional-council,current-federal-court,base,directCourtCost,registered-diagnostic,0.1358686666666667,0.13573773041666667,0.135994911875,6.630654125825123e-05,120,2000
expanding-history,implementationCapacity-high,screening-base,screening,constitutional-council,current-federal-court,base,upstreamScreeningCost,registered-component,0.001982659691126924,0.0019203366404036766,0.002046535067664432,3.333230764639962e-05,120,2000
expanding-history,implementationCapacity-high,screening-base,screening,constitutional-council,current-federal-court,base,capacityStrainCost,registered-diagnostic,0.06390399812741797,0.063269498136445,0.06454182639249104,0.00033279644693572476,120,2000
expanding-history,implementationCapacity-high,screening-base,screening,constitutional-council,current-federal-court,base,totalInstitutionalCost,registered-diagnostic,0.08296490411822036,0.08282464828195456,0.08310218344723157,7.200763216130432e-05,120,2000
expanding-history,implementationCapacity-high,screening-base,screening,constitutional-council,current-federal-court,base,intakeAcceptanceRate,registered-diagnostic,-0.0007477590548767077,-0.0007726551081993788,-0.000723286060072871,1.2992732382312044e-05,120,2000
expanding-history,implementationCapacity-high,screening-base,screening,constitutional-council,current-federal-court,base,councilScreenRate,registered-component,1.0,1.0,1.0,0.0,120,2000
expanding-history,implementationCapacity-high,screening-base,screening,constitutional-council,current-federal-court,base,administrativeLoad,additional-diagnostic,0.24732208333333341,0.24634514062500007,0.248274234375,0.0004982789869352287,120,2000
expanding-history,implementationCapacity-high,weak-form-base,weak-form,weak-form-review,current-federal-court,base,legislativeResponseRate,registered-component,0.3101041666666667,0.3009348958333333,0.31895833333333334,0.004650550763418019,120,2000
expanding-history,implementationCapacity-high,weak-form-base,weak-form,weak-form-review,current-federal-court,base,legislativeResponseCredibility,registered-component,0.06348125000000006,0.062174895833333355,0.06474802083333338,0.0006823669626701591,120,2000
expanding-history,implementationCapacity-high,weak-form-base,weak-form,weak-form-review,current-federal-court,base,timelyLegislativeResponseRate,registered-component,0.21604017881227427,0.20241985447311303,0.22956391441275414,0.0070615824847337,120,2000
expanding-history,implementationCapacity-high,weak-form-base,weak-form,weak-form-review,current-federal-court,base,rightsProtection,registered-component,0.0277577971545297,0.02605090893548359,0.029444632574899796,0.0009005091485309983,120,2000
expanding-history,implementationCapacity-high,weak-form-base,weak-form,weak-form-review,current-federal-court,base,complianceRate,registered-component,0.37,0.3547890625,0.3846901041666667,0.007769436637122624,120,2000
expanding-history,implementationCapacity-high,weak-form-base,weak-form,weak-form-review,current-federal-court,base,democraticResponsiveness,registered-component,0.07974130478781956,0.0770257965385851,0.08226053334229955,0.0013528524452957392,120,2000
expanding-history,implementationCapacity-high,weak-form-base,weak-form,weak-form-review,current-federal-court,base,vetoRelocationRisk,registered-component,-0.34484600965362433,-0.3463471017826897,-0.34330712413449416,0.0007667772306152458,120,2000
expanding-history,implementationCapacity-high,weak-form-base,weak-form,weak-form-review,current-federal-court,base,totalInstitutionalCost,registered-diagnostic,-0.09272812494438462,-0.0929091827213119,-0.09254398070335357,9.620714048137504e-05,120,2000
expanding-history,implementationCapacity-high,weak-form-base,weak-form,weak-form-review,current-federal-court,base,averageLegislativeResponseDelay,additional-diagnostic,0.38065565377804894,0.3784505161356927,0.3829338337408752,0.001145883003548997,120,2000
expanding-history,implementationCapacity-high,emergency-ablation,emergency,reasoned-with-fast-procedure,reasoned-emergency-review,ablation,emergencyReasonGivingRate,registered-component,-0.674971799710239,-0.7046141451353216,-0.6438322382364989,0.015632499012125798,120,2000
expanding-history,implementationCapacity-high,emergency-ablation,emergency,reasoned-with-fast-procedure,reasoned-emergency-review,ablation,meritsFollowUpRate,registered-component,-0.9916666666666667,-1.0,-0.975,0.008333333333333333,120,2000
expanding-history,implementationCapacity-high,emergency-ablation,emergency,reasoned-with-fast-procedure,reasoned-emergency-review,ablation,averageTimeToReview,registered-component,0.0,0.0,0.0,0.0,120,2000
expanding-history,implementationCapacity-high,emergency-ablation,emergency,reasoned-with-fast-procedure,reasoned-emergency-review,ablation,totalInstitutionalCost,registered-component,-0.004387168022409721,-0.00453018898144318,-0.004252625510497314,7.197652529006633e-05,120,2000
expanding-history,implementationCapacity-high,emergency-ablation,emergency,reasoned-with-fast-procedure,reasoned-emergency-review,ablation,shadowDocketAbuse,registered-component,0.31263292272689597,0.30542116031748745,0.3197913426232624,0.003654239540090079,120,2000
expanding-history,implementationCapacity-high,emergency-ablation,emergency,reasoned-with-fast-procedure,reasoned-emergency-review,ablation,institutionalDelayCost,additional-diagnostic,-0.0066630392573489424,-0.006847777205688827,-0.006478464900453162,9.637925946106866e-05,120,2000
expanding-history,implementationCapacity-high,screening-ablation,screening,council-with-full-court-structure,constitutional-council,ablation,directCourtCost,registered-diagnostic,-0.09723580833333334,-0.09737346937500001,-0.09709757416666667,6.871379392528764e-05,120,2000
expanding-history,implementationCapacity-high,screening-ablation,screening,council-with-full-court-structure,constitutional-council,ablation,upstreamScreeningCost,registered-component,2.1861980619558574e-05,-3.933457274367252e-05,8.483856801653015e-05,3.077262409785229e-05,120,2000
expanding-history,implementationCapacity-high,screening-ablation,screening,council-with-full-court-structure,constitutional-council,ablation,capacityStrainCost,registered-diagnostic,-0.04344371284625364,-0.044038623543545624,-0.04284529903837715,0.00030035587725790296,120,2000
expanding-history,implementationCapacity-high,screening-ablation,screening,council-with-full-court-structure,constitutional-council,ablation,totalInstitutionalCost,registered-diagnostic,-0.0503148531192457,-0.05044513023902635,-0.05018766163239432,6.495100882255122e-05,120,2000
expanding-history,implementationCapacity-high,screening-ablation,screening,council-with-full-court-structure,constitutional-council,ablation,intakeAcceptanceRate,registered-diagnostic,-7.668591755079657e-06,-3.120118402591101e-05,1.4880691874353863e-05,1.1335093571058351e-05,120,2000
expanding-history,implementationCapacity-high,screening-ablation,screening,council-with-full-court-structure,constitutional-council,ablation,councilScreenRate,registered-component,-1.0,-1.0,-1.0,0.0,120,2000
expanding-history,implementationCapacity-high,screening-ablation,screening,council-with-full-court-structure,constitutional-council,ablation,administrativeLoad,additional-diagnostic,-0.24035854166666676,-0.24126817708333342,-0.23946687500000008,0.0004531276980827016,120,2000
expanding-history,implementationCapacity-high,weak-form-half,weak-form,weak-form-half-response,weak-form-review,ablation,legislativeResponseRate,registered-component,-0.15364583333333334,-0.16219010416666665,-0.1453125,0.004386853273911198,120,2000
expanding-history,implementationCapacity-high,weak-form-half,weak-form,weak-form-half-response,weak-form-review,ablation,legislativeResponseCredibility,registered-component,-0.3247232831206226,-0.3258207785585721,-0.32352922084097524,0.000584964401054392,120,2000
expanding-history,implementationCapacity-high,weak-form-half,weak-form,weak-form-half-response,weak-form-review,ablation,timelyLegislativeResponseRate,registered-component,-0.21604017881227427,-0.22956391441275414,-0.20241985447311303,0.0070615824847337,120,2000
expanding-history,implementationCapacity-high,weak-form-half,weak-form,weak-form-half-response,weak-form-review,ablation,rightsProtection,registered-component,-0.015250989535407815,-0.016242500092221248,-0.014242747392711643,0.0005209654470140025,120,2000
expanding-history,implementationCapacity-high,weak-form-half,weak-form,weak-form-half-response,weak-form-review,ablation,complianceRate,registered-component,-0.013229166666666665,-0.025104166666666664,-0.0010416666666666701,0.0063941633920600125,120,2000
expanding-history,implementationCapacity-high,weak-form-half,weak-form,weak-form-half-response,weak-form-review,ablation,democraticResponsiveness,registered-component,-0.023564168964384638,-0.024889930139142508,-0.02218044241861429,0.0007090177808553304,120,2000
expanding-history,implementationCapacity-high,weak-form-half,weak-form,weak-form-half-response,weak-form-review,ablation,vetoRelocationRisk,registered-component,0.024667811441852726,0.023334927346227653,0.025992508352536015,0.0006977928550635045,120,2000
expanding-history,implementationCapacity-high,weak-form-half,weak-form,weak-form-half-response,weak-form-review,ablation,totalInstitutionalCost,registered-diagnostic,-0.0015002837900127673,-0.001709953690282518,-0.0012982745065638565,0.00010416523732023192,120,2000
expanding-history,implementationCapacity-high,weak-form-half,weak-form,weak-form-half-response,weak-form-review,ablation,averageLegislativeResponseDelay,additional-diagnostic,0.08598540174040428,0.08263837729034727,0.08951903087141094,0.001753281663756753,120,2000
expanding-history,implementationCapacity-high,weak-form-off,weak-form,weak-form-no-response,weak-form-review,ablation,legislativeResponseRate,registered-component,-0.3101041666666667,-0.31895833333333334,-0.3009348958333333,0.004650550763418019,120,2000
expanding-history,implementationCapacity-high,weak-form-off,weak-form,weak-form-no-response,weak-form-review,ablation,legislativeResponseCredibility,registered-component,-0.6498215662412451,-0.6513482471349772,-0.6482458648466555,0.0008012884089693637,120,2000
expanding-history,implementationCapacity-high,weak-form-off,weak-form,weak-form-no-response,weak-form-review,ablation,timelyLegislativeResponseRate,registered-component,-0.21604017881227427,-0.22956391441275414,-0.20241985447311303,0.0070615824847337,120,2000
expanding-history,implementationCapacity-high,weak-form-off,weak-form,weak-form-no-response,weak-form-review,ablation,rightsProtection,registered-component,-0.024600416423855888,-0.02579506200236418,-0.02342388621540583,0.0006245597998212866,120,2000
expanding-history,implementationCapacity-high,weak-form-off,weak-form,weak-form-no-response,weak-form-review,ablation,complianceRate,registered-component,-0.014791666666666667,-0.028132812500000007,-0.0008307291666666797,0.007092981359801734,120,2000
expanding-history,implementationCapacity-high,weak-form-off,weak-form,weak-form-no-response,weak-form-review,ablation,democraticResponsiveness,registered-component,-0.04700053361840717,-0.04858211298412991,-0.04543989859491547,0.0007846563750648381,120,2000
expanding-history,implementationCapacity-high,weak-form-off,weak-form,weak-form-no-response,weak-form-review,ablation,vetoRelocationRisk,registered-component,0.04951210340547648,0.04797835993373931,0.05097865634911995,0.0007672876641885367,120,2000
expanding-history,implementationCapacity-high,weak-form-off,weak-form,weak-form-no-response,weak-form-review,ablation,totalInstitutionalCost,registered-diagnostic,-0.0030618537378419284,-0.00326069200988856,-0.0028584324254095515,0.00010380747590482896,120,2000
expanding-history,implementationCapacity-high,weak-form-off,weak-form,weak-form-no-response,weak-form-review,ablation,averageLegislativeResponseDelay,additional-diagnostic,-0.38065565377804894,-0.3829338337408752,-0.37845051613569275,0.001145883003548997,120,2000
expanding-history,implementationCapacity-high,weak-form-half-v-current,weak-form,weak-form-half-response,current-federal-court,persistence,legislativeResponseRate,registered-component,0.1564583333333333,0.14947916666666666,0.16344010416666666,0.003641591670221102,120,2000
expanding-history,implementationCapacity-high,weak-form-half-v-current,weak-form,weak-form-half-response,current-federal-court,persistence,legislativeResponseCredibility,registered-component,-0.26124203312062255,-0.26199518004940286,-0.2604875867091303,0.00039370999140599946,120,2000
expanding-history,implementationCapacity-high,weak-form-half-v-current,weak-form,weak-form-half-response,current-federal-court,persistence,timelyLegislativeResponseRate,registered-component,0.0,0.0,0.0,0.0,120,2000
expanding-history,implementationCapacity-high,weak-form-half-v-current,weak-form,weak-form-half-response,current-federal-court,persistence,rightsProtection,registered-component,0.012506807619121882,0.010696736620722293,0.014343698527269322,0.0009653528793422814,120,2000
expanding-history,implementationCapacity-high,weak-form-half-v-current,weak-form,weak-form-half-response,current-federal-court,persistence,complianceRate,registered-component,0.3567708333333333,0.34187239583333334,0.37166927083333334,0.0077306048440383066,120,2000
expanding-history,implementationCapacity-high,weak-form-half-v-current,weak-form,weak-form-half-response,current-federal-court,persistence,democraticResponsiveness,registered-component,0.056177135823434914,0.05341402044582698,0.05872756346678718,0.0013496333063778502,120,2000
expanding-history,implementationCapacity-high,weak-form-half-v-current,weak-form,weak-form-half-response,current-federal-court,persistence,vetoRelocationRisk,registered-component,-0.3201781982117716,-0.32128025556305906,-0.31907619130256365,0.0005770805238323158,120,2000
expanding-history,implementationCapacity-high,weak-form-half-v-current,weak-form,weak-form-half-response,current-federal-court,persistence,totalInstitutionalCost,registered-diagnostic,-0.09422840873439739,-0.09439529055066141,-0.09407024712323143,8.640990648468139e-05,120,2000
expanding-history,implementationCapacity-high,weak-form-half-v-current,weak-form,weak-form-half-response,current-federal-court,persistence,averageLegislativeResponseDelay,additional-diagnostic,0.46664105551845325,0.4640023488412254,0.46950660074351797,0.0014186125523161033,120,2000
expanding-history,implementationCapacity-high,weak-form-off-v-current,weak-form,weak-form-no-response,current-federal-court,persistence,legislativeResponseRate,registered-component,0.0,0.0,0.0,0.0,120,2000
expanding-history,implementationCapacity-high,weak-form-off-v-current,weak-form,weak-form-no-response,current-federal-court,persistence,legislativeResponseCredibility,registered-component,-0.586340316241245,-0.5871317728801636,-0.5855942224606164,0.0004035675820029668,120,2000
expanding-history,implementationCapacity-high,weak-form-off-v-current,weak-form,weak-form-no-response,current-federal-court,persistence,timelyLegislativeResponseRate,registered-component,0.0,0.0,0.0,0.0,120,2000
expanding-history,implementationCapacity-high,weak-form-off-v-current,weak-form,weak-form-no-response,current-federal-court,persistence,rightsProtection,registered-component,0.003157380730673812,0.0013569097692364453,0.005050669324934393,0.0010045996050829927,120,2000
expanding-history,implementationCapacity-high,weak-form-off-v-current,weak-form,weak-form-no-response,current-federal-court,persistence,complianceRate,registered-component,0.35520833333333335,0.3405182291666667,0.36958593749999996,0.007565631561808854,120,2000
expanding-history,implementationCapacity-high,weak-form-off-v-current,weak-form,weak-form-no-response,current-federal-court,persistence,democraticResponsiveness,registered-component,0.03274077116941239,0.030337334564808128,0.035010937331452524,0.001217426928968203,120,2000
expanding-history,implementationCapacity-high,weak-form-off-v-current,weak-form,weak-form-no-response,current-federal-court,persistence,vetoRelocationRisk,registered-component,-0.29533390624814787,-0.2957138733462416,-0.2949533767621627,0.00019404796355712144,120,2000
expanding-history,implementationCapacity-high,weak-form-off-v-current,weak-form,weak-form-no-response,current-federal-court,persistence,totalInstitutionalCost,registered-diagnostic,-0.09578997868222655,-0.09594271659899907,-0.09563664936142084,8.053308048102521e-05,120,2000
expanding-history,implementationCapacity-high,weak-form-off-v-current,weak-form,weak-form-no-response,current-federal-court,persistence,averageLegislativeResponseDelay,additional-diagnostic,0.0,0.0,0.0,0.0,120,2000
expanding-history,partyFragmentation-low,emergency-base,emergency,reasoned-emergency-review,current-federal-court,base,emergencyReasonGivingRate,registered-component,0.8361738705244619,0.8088550822975159,0.862964162841392,0.014250939838718788,120,2000
expanding-history,partyFragmentation-low,emergency-base,emergency,reasoned-emergency-review,current-federal-court,base,meritsFollowUpRate,registered-component,1.0,1.0,1.0,0.0,120,2000
expanding-history,partyFragmentation-low,emergency-base,emergency,reasoned-emergency-review,current-federal-court,base,averageTimeToReview,registered-component,0.0,0.0,0.0,0.0,120,2000
expanding-history,partyFragmentation-low,emergency-base,emergency,reasoned-emergency-review,current-federal-court,base,totalInstitutionalCost,registered-component,0.009787634320971158,0.009653740068590102,0.009913591841719638,6.610360016429119e-05,120,2000
expanding-history,partyFragmentation-low,emergency-base,emergency,reasoned-emergency-review,current-federal-court,base,shadowDocketAbuse,registered-component,-0.3200256177896394,-0.3269618919853768,-0.31334640469307873,0.0034036472817652297,120,2000
expanding-history,partyFragmentation-low,emergency-base,emergency,reasoned-emergency-review,current-federal-court,base,institutionalDelayCost,additional-diagnostic,0.008197341691191271,0.008023583998391785,0.008371582124668023,8.769238297526976e-05,120,2000
expanding-history,partyFragmentation-low,screening-base,screening,constitutional-council,current-federal-court,base,directCourtCost,registered-diagnostic,0.13594437499999998,0.13582401458333337,0.13606569270833332,6.137345006514948e-05,120,2000
expanding-history,partyFragmentation-low,screening-base,screening,constitutional-council,current-federal-court,base,upstreamScreeningCost,registered-component,0.001957954276804875,0.0018935997496335802,0.0020224108027749772,3.347847564582124e-05,120,2000
expanding-history,partyFragmentation-low,screening-base,screening,constitutional-council,current-federal-court,base,capacityStrainCost,registered-diagnostic,0.06417146535120329,0.06353363019586003,0.06479489295866447,0.00032041077358277914,120,2000
expanding-history,partyFragmentation-low,screening-base,screening,constitutional-council,current-federal-court,base,totalInstitutionalCost,registered-diagnostic,0.08303523014179635,0.08290275006447113,0.08316648192914719,6.732677388549812e-05,120,2000
expanding-history,partyFragmentation-low,screening-base,screening,constitutional-council,current-federal-court,base,intakeAcceptanceRate,registered-diagnostic,-0.0007375886271115896,-0.0007621340845188814,-0.000713002000877727,1.2919392838168373e-05,120,2000
expanding-history,partyFragmentation-low,screening-base,screening,constitutional-council,current-federal-court,base,councilScreenRate,registered-component,1.0,1.0,1.0,0.0,120,2000
expanding-history,partyFragmentation-low,screening-base,screening,constitutional-council,current-federal-court,base,administrativeLoad,additional-diagnostic,0.2478231250000001,0.2469191406250001,0.24873928645833346,0.00046681568335012343,120,2000
expanding-history,partyFragmentation-low,weak-form-base,weak-form,weak-form-review,current-federal-court,base,legislativeResponseRate,registered-component,0.3104166666666667,0.3015625,0.31968749999999996,0.004581900718298422,120,2000
expanding-history,partyFragmentation-low,weak-form-base,weak-form,weak-form-review,current-federal-court,base,legislativeResponseCredibility,registered-component,0.06344166666666672,0.062087500000000066,0.06481885416666672,0.0007194144768785814,120,2000
expanding-history,partyFragmentation-low,weak-form-base,weak-form,weak-form-review,current-federal-court,base,timelyLegislativeResponseRate,registered-component,0.31830324425674056,0.30143303352348205,0.33489490265285415,0.008921153009417392,120,2000
expanding-history,partyFragmentation-low,weak-form-base,weak-form,weak-form-review,current-federal-court,base,rightsProtection,registered-component,0.031014411833054218,0.029107105976498873,0.032846631836179974,0.0009479165623169878,120,2000
expanding-history,partyFragmentation-low,weak-form-base,weak-form,weak-form-review,current-federal-court,base,complianceRate,registered-component,0.3826041666666667,0.3669791666666667,0.398125,0.00799008028165735,120,2000
expanding-history,partyFragmentation-low,weak-form-base,weak-form,weak-form-review,current-federal-court,base,democraticResponsiveness,registered-component,0.08034053421762789,0.07801632446383928,0.0828728349962348,0.001279933584098463,120,2000
expanding-history,partyFragmentation-low,weak-form-base,weak-form,weak-form-review,current-federal-court,base,vetoRelocationRisk,registered-component,-0.34468667567620026,-0.34613708470263876,-0.3432964806871498,0.000740150814023,120,2000
expanding-history,partyFragmentation-low,weak-form-base,weak-form,weak-form-review,current-federal-court,base,totalInstitutionalCost,registered-diagnostic,-0.09267158591750085,-0.09287515313855603,-0.09247871730136877,0.0001025586090828771,120,2000
expanding-history,partyFragmentation-low,weak-form-base,weak-form,weak-form-review,current-federal-court,base,averageLegislativeResponseDelay,additional-diagnostic,0.3621599998644534,0.3602642489254616,0.36422955992318495,0.0010566284681502464,120,2000
expanding-history,partyFragmentation-low,emergency-ablation,emergency,reasoned-with-fast-procedure,reasoned-emergency-review,ablation,emergencyReasonGivingRate,registered-component,-0.6939524293997767,-0.7226412687105815,-0.664815849777413,0.015116288514011766,120,2000
expanding-history,partyFragmentation-low,emergency-ablation,emergency,reasoned-with-fast-procedure,reasoned-emergency-review,ablation,meritsFollowUpRate,registered-component,-1.0,-1.0,-1.0,0.0,120,2000
expanding-history,partyFragmentation-low,emergency-ablation,emergency,reasoned-with-fast-procedure,reasoned-emergency-review,ablation,averageTimeToReview,registered-component,0.0,0.0,0.0,0.0,120,2000
expanding-history,partyFragmentation-low,emergency-ablation,emergency,reasoned-with-fast-procedure,reasoned-emergency-review,ablation,totalInstitutionalCost,registered-component,-0.0043952503710777925,-0.004541578882815062,-0.004245579164811733,7.685662178562568e-05,120,2000
expanding-history,partyFragmentation-low,emergency-ablation,emergency,reasoned-with-fast-procedure,reasoned-emergency-review,ablation,shadowDocketAbuse,registered-component,0.30792807482481216,0.30171330861652457,0.31440991554386366,0.0033341907212786205,120,2000
expanding-history,partyFragmentation-low,emergency-ablation,emergency,reasoned-with-fast-procedure,reasoned-emergency-review,ablation,institutionalDelayCost,additional-diagnostic,-0.006595151511358439,-0.006789124555534352,-0.006405508314314542,9.87806133029954e-05,120,2000
expanding-history,partyFragmentation-low,screening-ablation,screening,council-with-full-court-structure,constitutional-council,ablation,directCourtCost,registered-diagnostic,-0.09725885000000001,-0.09741208270833333,-0.097114603125,7.721992189542276e-05,120,2000
expanding-history,partyFragmentation-low,screening-ablation,screening,council-with-full-court-structure,constitutional-council,ablation,upstreamScreeningCost,registered-component,2.346186273832392e-05,-4.540220000836317e-05,9.105995524139916e-05,3.489798433458596e-05,120,2000
expanding-history,partyFragmentation-low,screening-ablation,screening,council-with-full-court-structure,constitutional-council,ablation,capacityStrainCost,registered-diagnostic,-0.04340433375817446,-0.04407221980547684,-0.042709209725645826,0.0003496976382829178,120,2000
expanding-history,partyFragmentation-low,screening-ablation,screening,council-with-full-court-structure,constitutional-council,ablation,totalInstitutionalCost,registered-diagnostic,-0.05031506537052558,-0.050465248091277455,-0.05016487708092465,7.862352014817671e-05,120,2000
expanding-history,partyFragmentation-low,screening-ablation,screening,council-with-full-court-structure,constitutional-council,ablation,intakeAcceptanceRate,registered-diagnostic,-8.196514999279173e-06,-3.3048684713161054e-05,1.6885720787850435e-05,1.2859121954907532e-05,120,2000
expanding-history,partyFragmentation-low,screening-ablation,screening,council-with-full-court-structure,constitutional-council,ablation,councilScreenRate,registered-component,-1.0,-1.0,-1.0,0.0,120,2000
expanding-history,partyFragmentation-low,screening-ablation,screening,council-with-full-court-structure,constitutional-council,ablation,administrativeLoad,additional-diagnostic,-0.2403887500000001,-0.24144563541666678,-0.23934248958333343,0.0005508833822828134,120,2000
expanding-history,partyFragmentation-low,weak-form-half,weak-form,weak-form-half-response,weak-form-review,ablation,legislativeResponseRate,registered-component,-0.155625,-0.1634375,-0.1478125,0.004141688083628803,120,2000
expanding-history,partyFragmentation-low,weak-form-half,weak-form,weak-form-half-response,weak-form-review,ablation,legislativeResponseCredibility,registered-component,-0.32475070377915627,-0.32594687197328526,-0.32355178006732005,0.000633781925836376,120,2000
expanding-history,partyFragmentation-low,weak-form-half,weak-form,weak-form-half-response,weak-form-review,ablation,timelyLegislativeResponseRate,registered-component,-0.31474669663769295,-0.3319402011818542,-0.2968963441184981,0.009172232584817894,120,2000
expanding-history,partyFragmentation-low,weak-form-half,weak-form,weak-form-half-response,weak-form-review,ablation,rightsProtection,registered-component,-0.016887901189881753,-0.01806200665633915,-0.015738035901548982,0.0005881819824057723,120,2000
expanding-history,partyFragmentation-low,weak-form-half,weak-form,weak-form-half-response,weak-form-review,ablation,complianceRate,registered-component,-0.018645833333333327,-0.03500260416666666,-0.0028098958333333374,0.008141609065377435,120,2000
expanding-history,partyFragmentation-low,weak-form-half,weak-form,weak-form-half-response,weak-form-review,ablation,democraticResponsiveness,registered-component,-0.024160137469228533,-0.025709656469757196,-0.02258567295766501,0.0007957903472206844,120,2000
expanding-history,partyFragmentation-low,weak-form-half,weak-form,weak-form-half-response,weak-form-review,ablation,vetoRelocationRisk,registered-component,0.024613448199398622,0.023421426548862322,0.02585801940648844,0.0006478596071876077,120,2000
expanding-history,partyFragmentation-low,weak-form-half,weak-form,weak-form-half-response,weak-form-review,ablation,totalInstitutionalCost,registered-diagnostic,-0.0015752286954195754,-0.001787234437075093,-0.0013702651341561895,0.00011109658815136773,120,2000
expanding-history,partyFragmentation-low,weak-form-half,weak-form,weak-form-half-response,weak-form-review,ablation,averageLegislativeResponseDelay,additional-diagnostic,0.08423472684630126,0.0807203823919293,0.08790375747175569,0.0018929960400477944,120,2000
expanding-history,partyFragmentation-low,weak-form-off,weak-form,weak-form-no-response,weak-form-review,ablation,legislativeResponseRate,registered-component,-0.3104166666666667,-0.31968749999999996,-0.3015625,0.004581900718298422,120,2000
expanding-history,partyFragmentation-low,weak-form-off,weak-form,weak-form-no-response,weak-form-review,ablation,legislativeResponseCredibility,registered-component,-0.6493326575583126,-0.6509849840809704,-0.6477444832119644,0.0008331962749081956,120,2000
expanding-history,partyFragmentation-low,weak-form-off,weak-form,weak-form-no-response,weak-form-review,ablation,timelyLegislativeResponseRate,registered-component,-0.31830324425674056,-0.33489490265285415,-0.3014330335234821,0.008921153009417392,120,2000
expanding-history,partyFragmentation-low,weak-form-off,weak-form,weak-form-no-response,weak-form-review,ablation,rightsProtection,registered-component,-0.02658846912695644,-0.02789855874737785,-0.025255001826294053,0.0006860261398042576,120,2000
expanding-history,partyFragmentation-low,weak-form-off,weak-form,weak-form-no-response,weak-form-review,ablation,complianceRate,registered-component,-0.031041666666666665,-0.04750260416666666,-0.01458072916666668,0.008315785972185716,120,2000
expanding-history,partyFragmentation-low,weak-form-off,weak-form,weak-form-no-response,weak-form-review,ablation,democraticResponsiveness,registered-component,-0.04725458233915538,-0.04893173230264771,-0.04560718191861047,0.0008561629723723838,120,2000
expanding-history,partyFragmentation-low,weak-form-off,weak-form,weak-form-no-response,weak-form-review,ablation,vetoRelocationRisk,registered-component,0.049514955651814255,0.04812035171697218,0.05092288921038394,0.0007288405874353496,120,2000
expanding-history,partyFragmentation-low,weak-form-off,weak-form,weak-form-no-response,weak-form-review,ablation,totalInstitutionalCost,registered-diagnostic,-0.002997984722861612,-0.003225134776080937,-0.0027566569934749053,0.00012035916124965873,120,2000
expanding-history,partyFragmentation-low,weak-form-off,weak-form,weak-form-no-response,weak-form-review,ablation,averageLegislativeResponseDelay,additional-diagnostic,-0.3621599998644534,-0.36422955992318495,-0.3602642489254616,0.0010566284681502464,120,2000
expanding-history,partyFragmentation-low,weak-form-half-v-current,weak-form,weak-form-half-response,current-federal-court,persistence,legislativeResponseRate,registered-component,0.15479166666666666,0.1471875,0.1625,0.003880726018471137,120,2000
expanding-history,partyFragmentation-low,weak-form-half-v-current,weak-form,weak-form-half-response,current-federal-court,persistence,legislativeResponseCredibility,registered-component,-0.26130903711248954,-0.2620431771178041,-0.2605641699917817,0.00037656515975147874,120,2000
expanding-history,partyFragmentation-low,weak-form-half-v-current,weak-form,weak-form-half-response,current-federal-court,persistence,timelyLegislativeResponseRate,registered-component,0.003556547619047619,0.0005555555555555557,0.007550471230158726,0.0017518019263813723,120,2000
expanding-history,partyFragmentation-low,weak-form-half-v-current,weak-form,weak-form-half-response,current-federal-court,persistence,rightsProtection,registered-component,0.014126510643172467,0.01221926013280542,0.016088545018081043,0.000986659410832712,120,2000
expanding-history,partyFragmentation-low,weak-form-half-v-current,weak-form,weak-form-half-response,current-federal-court,persistence,complianceRate,registered-component,0.36395833333333333,0.34833333333333333,0.3785442708333334,0.007755034922121499,120,2000
expanding-history,partyFragmentation-low,weak-form-half-v-current,weak-form,weak-form-half-response,current-federal-court,persistence,democraticResponsiveness,registered-component,0.05618039674839935,0.05374601273023169,0.058630066196214095,0.00122707511143154,120,2000
expanding-history,partyFragmentation-low,weak-form-half-v-current,weak-form,weak-form-half-response,current-federal-court,persistence,vetoRelocationRisk,registered-component,-0.3200732274768016,-0.3213180110280543,-0.31886852524152604,0.0006355117668340864,120,2000
expanding-history,partyFragmentation-low,weak-form-half-v-current,weak-form,weak-form-half-response,current-federal-court,persistence,totalInstitutionalCost,registered-diagnostic,-0.09424681461292043,-0.09443044268820518,-0.09406868499451299,9.241305728752598e-05,120,2000
expanding-history,partyFragmentation-low,weak-form-half-v-current,weak-form,weak-form-half-response,current-federal-court,persistence,averageLegislativeResponseDelay,additional-diagnostic,0.44639472671075464,0.4434576867132886,0.449622276625089,0.001569664823293118,120,2000
expanding-history,partyFragmentation-low,weak-form-off-v-current,weak-form,weak-form-no-response,current-federal-court,persistence,legislativeResponseRate,registered-component,0.0,0.0,0.0,0.0,120,2000
expanding-history,partyFragmentation-low,weak-form-off-v-current,weak-form,weak-form-no-response,current-federal-court,persistence,legislativeResponseCredibility,registered-component,-0.5858909908916458,-0.5866869024838476,-0.5851593921961193,0.0003894129479490868,120,2000
expanding-history,partyFragmentation-low,weak-form-off-v-current,weak-form,weak-form-no-response,current-federal-court,persistence,timelyLegislativeResponseRate,registered-component,0.0,0.0,0.0,0.0,120,2000
expanding-history,partyFragmentation-low,weak-form-off-v-current,weak-form,weak-form-no-response,current-federal-court,persistence,rightsProtection,registered-component,0.0044259427060977805,0.0024047471180388366,0.006424969530306034,0.0010282267984122507,120,2000
expanding-history,partyFragmentation-low,weak-form-off-v-current,weak-form,weak-form-no-response,current-federal-court,persistence,complianceRate,registered-component,0.3515625,0.33385156250000003,0.36770833333333336,0.008742446845033447,120,2000
expanding-history,partyFragmentation-low,weak-form-off-v-current,weak-form,weak-form-no-response,current-federal-court,persistence,democraticResponsiveness,registered-component,0.0330859518784725,0.030847297920929755,0.03532469069217606,0.0011766484780699937,120,2000
expanding-history,partyFragmentation-low,weak-form-off-v-current,weak-form,weak-form-no-response,current-federal-court,persistence,vetoRelocationRisk,registered-component,-0.29517172002438596,-0.2955940941200304,-0.29474592191157484,0.00021852877483468326,120,2000
expanding-history,partyFragmentation-low,weak-form-off-v-current,weak-form,weak-form-no-response,current-federal-court,persistence,totalInstitutionalCost,registered-diagnostic,-0.09566957064036247,-0.09585251094828115,-0.0954909495773743,9.495415178381304e-05,120,2000
expanding-history,partyFragmentation-low,weak-form-off-v-current,weak-form,weak-form-no-response,current-federal-court,persistence,averageLegislativeResponseDelay,additional-diagnostic,0.0,0.0,0.0,0.0,120,2000
expanding-history,partyFragmentation-high,emergency-base,emergency,reasoned-emergency-review,current-federal-court,base,emergencyReasonGivingRate,registered-component,0.8722183065999232,0.837746904662408,0.9023987230990425,0.016615069204096566,120,2000
expanding-history,partyFragmentation-high,emergency-base,emergency,reasoned-emergency-review,current-federal-court,base,meritsFollowUpRate,registered-component,0.9833333333333333,0.9583333333333334,1.0,0.011735491270876315,120,2000
expanding-history,partyFragmentation-high,emergency-base,emergency,reasoned-emergency-review,current-federal-court,base,averageTimeToReview,registered-component,0.0,0.0,0.0,0.0,120,2000
expanding-history,partyFragmentation-high,emergency-base,emergency,reasoned-emergency-review,current-federal-court,base,totalInstitutionalCost,registered-component,0.009671661698202102,0.009537159826574505,0.009805350244659597,6.768852715722986e-05,120,2000
expanding-history,partyFragmentation-high,emergency-base,emergency,reasoned-emergency-review,current-federal-court,base,shadowDocketAbuse,registered-component,-0.3223850578201138,-0.32957457991832073,-0.3145350365417585,0.0038710435533921565,120,2000
expanding-history,partyFragmentation-high,emergency-base,emergency,reasoned-emergency-review,current-federal-court,base,institutionalDelayCost,additional-diagnostic,0.008381822493104056,0.008199161187361846,0.008555681539588328,8.971315630626294e-05,120,2000
expanding-history,partyFragmentation-high,screening-base,screening,constitutional-council,current-federal-court,base,directCourtCost,registered-diagnostic,0.135801525,0.13568419083333338,0.13591434979166667,5.855759089418292e-05,120,2000
expanding-history,partyFragmentation-high,screening-base,screening,constitutional-council,current-federal-court,base,upstreamScreeningCost,registered-component,0.002009387460230231,0.0019425079400296134,0.00207953137231091,3.412213840632903e-05,120,2000
expanding-history,partyFragmentation-high,screening-base,screening,constitutional-council,current-federal-court,base,capacityStrainCost,registered-diagnostic,0.06345365414015351,0.06278348670644252,0.06412952879220078,0.0003376750855448866,120,2000
expanding-history,partyFragmentation-high,screening-base,screening,constitutional-council,current-federal-court,base,totalInstitutionalCost,registered-diagnostic,0.08286359930077204,0.08272523677715811,0.08300197207585484,6.87937125661276e-05,120,2000
expanding-history,partyFragmentation-high,screening-base,screening,constitutional-council,current-federal-court,base,intakeAcceptanceRate,registered-diagnostic,-0.0007582219202931772,-0.0007857944159376666,-0.000731567621872733,1.3284300318295953e-05,120,2000
expanding-history,partyFragmentation-high,screening-base,screening,constitutional-council,current-federal-court,base,councilScreenRate,registered-component,1.0,1.0,1.0,0.0,120,2000
expanding-history,partyFragmentation-high,screening-base,screening,constitutional-council,current-federal-court,base,administrativeLoad,additional-diagnostic,0.24666562500000005,0.2457184895833334,0.2475919166666667,0.0004703046499921835,120,2000
expanding-history,partyFragmentation-high,weak-form-base,weak-form,weak-form-review,current-federal-court,base,legislativeResponseRate,registered-component,0.3171875,0.30843750000000003,0.325625,0.004564504471235314,120,2000
expanding-history,partyFragmentation-high,weak-form-base,weak-form,weak-form-review,current-federal-court,base,legislativeResponseCredibility,registered-component,0.06459583333333324,0.06322911458333327,0.06596885416666656,0.0006980739767943617,120,2000
expanding-history,partyFragmentation-high,weak-form-base,weak-form,weak-form-review,current-federal-court,base,timelyLegislativeResponseRate,registered-component,0.0,0.0,0.0,0.0,120,2000
expanding-history,partyFragmentation-high,weak-form-base,weak-form,weak-form-review,current-federal-court,base,rightsProtection,registered-component,0.02279169747516931,0.02101879150412924,0.02459733313481112,0.0009135214798795427,120,2000
expanding-history,partyFragmentation-high,weak-form-base,weak-form,weak-form-review,current-federal-court,base,complianceRate,registered-component,0.3695833333333333,0.3532291666666667,0.38521093749999996,0.008162732002471007,120,2000
expanding-history,partyFragmentation-high,weak-form-base,weak-form,weak-form-review,current-federal-court,base,democraticResponsiveness,registered-component,0.08254620088411266,0.08020068061972126,0.08485561792974151,0.001222953497581765,120,2000
expanding-history,partyFragmentation-high,weak-form-base,weak-form,weak-form-review,current-federal-court,base,vetoRelocationRisk,registered-component,-0.34629849560065384,-0.3476456102878219,-0.3449248767609901,0.000720840398286302,120,2000
expanding-history,partyFragmentation-high,weak-form-base,weak-form,weak-form-review,current-federal-court,base,totalInstitutionalCost,registered-diagnostic,-0.0928887705436325,-0.09309005016846515,-0.09269427883104345,0.00010269161606937222,120,2000
expanding-history,partyFragmentation-high,weak-form-base,weak-form,weak-form-review,current-federal-court,base,averageLegislativeResponseDelay,additional-diagnostic,0.48887936412047456,0.4867010184906793,0.4910254031282626,0.0011151148416412868,120,2000
expanding-history,partyFragmentation-high,emergency-ablation,emergency,reasoned-with-fast-procedure,reasoned-emergency-review,ablation,emergencyReasonGivingRate,registered-component,-0.7187127173834843,-0.7508580676136036,-0.682342347822103,0.017522469222161816,120,2000
expanding-history,partyFragmentation-high,emergency-ablation,emergency,reasoned-with-fast-procedure,reasoned-emergency-review,ablation,meritsFollowUpRate,registered-component,-0.9833333333333333,-1.0,-0.9583333333333334,0.011735491270876315,120,2000
expanding-history,partyFragmentation-high,emergency-ablation,emergency,reasoned-with-fast-procedure,reasoned-emergency-review,ablation,averageTimeToReview,registered-component,0.0,0.0,0.0,0.0,120,2000
expanding-history,partyFragmentation-high,emergency-ablation,emergency,reasoned-with-fast-procedure,reasoned-emergency-review,ablation,totalInstitutionalCost,registered-component,-0.004379186384193242,-0.0045206054601894296,-0.004237843820944651,7.399294181647219e-05,120,2000
expanding-history,partyFragmentation-high,emergency-ablation,emergency,reasoned-with-fast-procedure,reasoned-emergency-review,ablation,shadowDocketAbuse,registered-component,0.3053267944425537,0.2981075989238355,0.3124239161678204,0.0037317803676453205,120,2000
expanding-history,partyFragmentation-high,emergency-ablation,emergency,reasoned-with-fast-procedure,reasoned-emergency-review,ablation,institutionalDelayCost,additional-diagnostic,-0.00663054253820308,-0.0068181819205301065,-0.006447150317986507,9.676407733504275e-05,120,2000
expanding-history,partyFragmentation-high,screening-ablation,screening,council-with-full-court-structure,constitutional-council,ablation,directCourtCost,registered-diagnostic,-0.09712977499999999,-0.09727149666666665,-0.09698048854166667,7.512493931679998e-05,120,2000
expanding-history,partyFragmentation-high,screening-ablation,screening,council-with-full-court-structure,constitutional-council,ablation,upstreamScreeningCost,registered-component,9.042060195252333e-06,-5.3313443788577667e-05,6.947421699510685e-05,2.989469681757836e-05,120,2000
expanding-history,partyFragmentation-high,screening-ablation,screening,council-with-full-court-structure,constitutional-council,ablation,capacityStrainCost,registered-diagnostic,-0.04312605945986987,-0.04370088190074263,-0.04251742357132297,0.0002880841733517383,120,2000
expanding-history,partyFragmentation-high,screening-ablation,screening,council-with-full-court-structure,constitutional-council,ablation,totalInstitutionalCost,registered-diagnostic,-0.050221150807441974,-0.050347723148572276,-0.050082971406001035,6.65784486016027e-05,120,2000
expanding-history,partyFragmentation-high,screening-ablation,screening,council-with-full-court-structure,constitutional-council,ablation,intakeAcceptanceRate,registered-diagnostic,-3.2293788653213125e-06,-2.5922232228220185e-05,1.9789951040934176e-05,1.1121741446199312e-05,120,2000
expanding-history,partyFragmentation-high,screening-ablation,screening,council-with-full-court-structure,constitutional-council,ablation,councilScreenRate,registered-component,-1.0,-1.0,-1.0,0.0,120,2000
expanding-history,partyFragmentation-high,screening-ablation,screening,council-with-full-court-structure,constitutional-council,ablation,administrativeLoad,additional-diagnostic,-0.2397268750000001,-0.2406149739583334,-0.23875991145833345,0.0004703013928097384,120,2000
expanding-history,partyFragmentation-high,weak-form-half,weak-form,weak-form-half-response,weak-form-review,ablation,legislativeResponseRate,registered-component,-0.1578125,-0.16552083333333334,-0.15031250000000002,0.003991583681148806,120,2000
expanding-history,partyFragmentation-high,weak-form-half,weak-form,weak-form-half-response,weak-form-review,ablation,legislativeResponseCredibility,registered-component,-0.2836233164194969,-0.28468632706124003,-0.28251258683402053,0.0005669477634166936,120,2000
expanding-history,partyFragmentation-high,weak-form-half,weak-form,weak-form-half-response,weak-form-review,ablation,timelyLegislativeResponseRate,registered-component,0.0,0.0,0.0,0.0,120,2000
expanding-history,partyFragmentation-high,weak-form-half,weak-form,weak-form-half-response,weak-form-review,ablation,rightsProtection,registered-component,-0.010636218378403171,-0.011544711232949721,-0.009694144976249807,0.00048267484052680267,120,2000
expanding-history,partyFragmentation-high,weak-form-half,weak-form,weak-form-half-response,weak-form-review,ablation,complianceRate,registered-component,-0.0011458333333333264,-0.01531249999999999,0.013958333333333336,0.0074069210098194616,120,2000
expanding-history,partyFragmentation-high,weak-form-half,weak-form,weak-form-half-response,weak-form-review,ablation,democraticResponsiveness,registered-component,-0.024787781772074118,-0.02619927148775915,-0.023362971100895323,0.0007050628893930297,120,2000
expanding-history,partyFragmentation-high,weak-form-half,weak-form,weak-form-half-response,weak-form-review,ablation,vetoRelocationRisk,registered-component,0.025669742262182417,0.02450555535615973,0.026899691796638443,0.0006209841880060999,120,2000
expanding-history,partyFragmentation-high,weak-form-half,weak-form,weak-form-half-response,weak-form-review,ablation,totalInstitutionalCost,registered-diagnostic,-0.0012942704165379967,-0.0015019427915698932,-0.0010778024700838396,0.00011221016995174583,120,2000
expanding-history,partyFragmentation-high,weak-form-half,weak-form,weak-form-half-response,weak-form-review,ablation,averageLegislativeResponseDelay,additional-diagnostic,0.07284926890194088,0.0698479375724953,0.07587915746095791,0.0016181876873106156,120,2000
expanding-history,partyFragmentation-high,weak-form-off,weak-form,weak-form-no-response,weak-form-review,ablation,legislativeResponseRate,registered-component,-0.3171875,-0.325625,-0.30843750000000003,0.004564504471235314,120,2000
expanding-history,partyFragmentation-high,weak-form-off,weak-form,weak-form-no-response,weak-form-review,ablation,legislativeResponseCredibility,registered-component,-0.5669841328389938,-0.5684471612602043,-0.5655243419042523,0.0007836078526044286,120,2000
expanding-history,partyFragmentation-high,weak-form-off,weak-form,weak-form-no-response,weak-form-review,ablation,timelyLegislativeResponseRate,registered-component,0.0,0.0,0.0,0.0,120,2000
expanding-history,partyFragmentation-high,weak-form-off,weak-form,weak-form-no-response,weak-form-review,ablation,rightsProtection,registered-component,-0.019254529843402087,-0.02025374492872797,-0.01820966996623557,0.0005214348815841424,120,2000
expanding-history,partyFragmentation-high,weak-form-off,weak-form,weak-form-no-response,weak-form-review,ablation,complianceRate,registered-component,-0.018854166666666665,-0.0350078125,-0.0030208333333333337,0.00810794081970885,120,2000
expanding-history,partyFragmentation-high,weak-form-off,weak-form,weak-form-no-response,weak-form-review,ablation,democraticResponsiveness,registered-component,-0.04938473322627893,-0.05088699503654612,-0.04779524584371408,0.0007932283613918262,120,2000
expanding-history,partyFragmentation-high,weak-form-off,weak-form,weak-form-no-response,weak-form-review,ablation,vetoRelocationRisk,registered-component,0.0511304272542656,0.04978224925469992,0.05244676984498223,0.000714681130666124,120,2000
expanding-history,partyFragmentation-high,weak-form-off,weak-form,weak-form-no-response,weak-form-review,ablation,totalInstitutionalCost,registered-diagnostic,-0.002874053126247067,-0.003080646132555084,-0.0026611112854848648,0.0001061371334219668,120,2000
expanding-history,partyFragmentation-high,weak-form-off,weak-form,weak-form-no-response,weak-form-review,ablation,averageLegislativeResponseDelay,additional-diagnostic,-0.48887936412047456,-0.4910254031282626,-0.48670101849067937,0.0011151148416412868,120,2000
expanding-history,partyFragmentation-high,weak-form-half-v-current,weak-form,weak-form-half-response,current-federal-court,persistence,legislativeResponseRate,registered-component,0.159375,0.1525,0.16635416666666666,0.0034542895936268366,120,2000
expanding-history,partyFragmentation-high,weak-form-half-v-current,weak-form,weak-form-half-response,current-federal-court,persistence,legislativeResponseCredibility,registered-component,-0.21902748308616363,-0.2199024186771876,-0.21823495602358917,0.00041531963708963234,120,2000
expanding-history,partyFragmentation-high,weak-form-half-v-current,weak-form,weak-form-half-response,current-federal-court,persistence,timelyLegislativeResponseRate,registered-component,0.0,0.0,0.0,0.0,120,2000
expanding-history,partyFragmentation-high,weak-form-half-v-current,weak-form,weak-form-half-response,current-federal-court,persistence,rightsProtection,registered-component,0.012155479096766142,0.010146104422113078,0.014083850358550488,0.0010376871726051745,120,2000
expanding-history,partyFragmentation-high,weak-form-half-v-current,weak-form,weak-form-half-response,current-federal-court,persistence,complianceRate,registered-component,0.3684375,0.35103906249999994,0.384796875,0.008381290360006597,120,2000
expanding-history,partyFragmentation-high,weak-form-half-v-current,weak-form,weak-form-half-response,current-federal-court,persistence,democraticResponsiveness,registered-component,0.05775841911203853,0.05540469180022987,0.0599887908661815,0.0011982842950614694,120,2000
expanding-history,partyFragmentation-high,weak-form-half-v-current,weak-form,weak-form-half-response,current-federal-court,persistence,vetoRelocationRisk,registered-component,-0.32062875333847146,-0.3218154137724106,-0.31947307467369507,0.0005788236433552743,120,2000
expanding-history,partyFragmentation-high,weak-form-half-v-current,weak-form,weak-form-half-response,current-federal-court,persistence,totalInstitutionalCost,registered-diagnostic,-0.0941830409601705,-0.09438558371130007,-0.09398240744613123,9.881354041843565e-05,120,2000
expanding-history,partyFragmentation-high,weak-form-half-v-current,weak-form,weak-form-half-response,current-federal-court,persistence,averageLegislativeResponseDelay,additional-diagnostic,0.5617286330224154,0.5592993341665555,0.5643086980847537,0.00127941613622085,120,2000
expanding-history,partyFragmentation-high,weak-form-off-v-current,weak-form,weak-form-no-response,current-federal-court,persistence,legislativeResponseRate,registered-component,0.0,0.0,0.0,0.0,120,2000
expanding-history,partyFragmentation-high,weak-form-off-v-current,weak-form,weak-form-no-response,current-federal-court,persistence,legislativeResponseCredibility,registered-component,-0.5023882995056606,-0.5030577632177401,-0.5017658955309462,0.00033670378565772897,120,2000
expanding-history,partyFragmentation-high,weak-form-off-v-current,weak-form,weak-form-no-response,current-federal-court,persistence,timelyLegislativeResponseRate,registered-component,0.0,0.0,0.0,0.0,120,2000
expanding-history,partyFragmentation-high,weak-form-off-v-current,weak-form,weak-form-no-response,current-federal-court,persistence,rightsProtection,registered-component,0.003537167631767224,0.001514617188004799,0.005632160437726441,0.0010546790027228775,120,2000
expanding-history,partyFragmentation-high,weak-form-off-v-current,weak-form,weak-form-no-response,current-federal-court,persistence,complianceRate,registered-component,0.35072916666666665,0.33531249999999996,0.36666666666666664,0.008339846675520788,120,2000
expanding-history,partyFragmentation-high,weak-form-off-v-current,weak-form,weak-form-no-response,current-federal-court,persistence,democraticResponsiveness,registered-component,0.03316146765783372,0.030770184615163215,0.035444834116912606,0.0011943453140048012,120,2000
expanding-history,partyFragmentation-high,weak-form-off-v-current,weak-form,weak-form-no-response,current-federal-court,persistence,vetoRelocationRisk,registered-component,-0.29516806834638826,-0.29558754306346496,-0.29474803759519247,0.00021542397099674103,120,2000
expanding-history,partyFragmentation-high,weak-form-off-v-current,weak-form,weak-form-no-response,current-federal-court,persistence,totalInstitutionalCost,registered-diagnostic,-0.09576282366987957,-0.09592359377753544,-0.09559939765151493,8.448914317222677e-05,120,2000
expanding-history,partyFragmentation-high,weak-form-off-v-current,weak-form,weak-form-no-response,current-federal-court,persistence,averageLegislativeResponseDelay,additional-diagnostic,0.0,0.0,0.0,0.0,120,2000
previous-term,baseline,emergency-base,emergency,reasoned-emergency-review,current-federal-court,base,emergencyReasonGivingRate,registered-component,0.8687604221749834,0.8393803569767169,0.8943483393427074,0.013687549483280211,120,2000
previous-term,baseline,emergency-base,emergency,reasoned-emergency-review,current-federal-court,base,meritsFollowUpRate,registered-component,1.0,1.0,1.0,0.0,120,2000
previous-term,baseline,emergency-base,emergency,reasoned-emergency-review,current-federal-court,base,averageTimeToReview,registered-component,0.0,0.0,0.0,0.0,120,2000
previous-term,baseline,emergency-base,emergency,reasoned-emergency-review,current-federal-court,base,totalInstitutionalCost,registered-component,0.009780697323222528,0.009647643313210809,0.009911516889452292,6.90355858053378e-05,120,2000
previous-term,baseline,emergency-base,emergency,reasoned-emergency-review,current-federal-court,base,shadowDocketAbuse,registered-component,-0.3127227359717716,-0.32012182807749834,-0.30512477396590665,0.003909113505539829,120,2000
previous-term,baseline,emergency-base,emergency,reasoned-emergency-review,current-federal-court,base,institutionalDelayCost,additional-diagnostic,0.00821802025640177,0.008034687528687922,0.008401509147155413,9.314636222956304e-05,120,2000
previous-term,baseline,screening-base,screening,constitutional-council,current-federal-court,base,directCourtCost,registered-diagnostic,0.1358999166666667,0.13578561062500005,0.13601652666666672,6.248932030137096e-05,120,2000
previous-term,baseline,screening-base,screening,constitutional-council,current-federal-court,base,upstreamScreeningCost,registered-component,0.001995410478454302,0.0019246565334295415,0.002063823171465043,3.5944224312302186e-05,120,2000
previous-term,baseline,screening-base,screening,constitutional-council,current-federal-court,base,capacityStrainCost,registered-diagnostic,0.06397812365230286,0.06330363122727867,0.06465555098448648,0.00036503287180037424,120,2000
previous-term,baseline,screening-base,screening,constitutional-council,current-federal-court,base,totalInstitutionalCost,registered-diagnostic,0.08299336330788895,0.0828524335094449,0.08312924795928286,7.6270503279251e-05,120,2000
previous-term,baseline,screening-base,screening,constitutional-council,current-federal-court,base,intakeAcceptanceRate,registered-diagnostic,-0.0007456172234586376,-0.0007712217455457502,-0.0007186907283642319,1.3553535423416387e-05,120,2000
previous-term,baseline,screening-base,screening,constitutional-council,current-federal-court,base,councilScreenRate,registered-component,1.0,1.0,1.0,0.0,120,2000
previous-term,baseline,screening-base,screening,constitutional-council,current-federal-court,base,administrativeLoad,additional-diagnostic,0.24747833333333344,0.24651642708333343,0.24841359895833345,0.0005219259184332577,120,2000
previous-term,baseline,weak-form-base,weak-form,weak-form-review,current-federal-court,base,legislativeResponseRate,registered-component,0.27625,0.26739583333333333,0.28531249999999997,0.004748580799338171,120,2000
previous-term,baseline,weak-form-base,weak-form,weak-form-review,current-federal-court,base,legislativeResponseCredibility,registered-component,0.0588541666666666,0.0575310937499999,0.06013979166666665,0.0006771207434181391,120,2000
previous-term,baseline,weak-form-base,weak-form,weak-form-review,current-federal-court,base,timelyLegislativeResponseRate,registered-component,0.056831852595239936,0.04798701059810675,0.06556813578584338,0.004548843080464575,120,2000
previous-term,baseline,weak-form-base,weak-form,weak-form-review,current-federal-court,base,rightsProtection,registered-component,0.02255883408707311,0.02071366334877541,0.024421670652669532,0.0009356000131719431,120,2000
previous-term,baseline,weak-form-base,weak-form,weak-form-review,current-federal-court,base,complianceRate,registered-component,0.36010416666666667,0.3420833333333333,0.37677083333333333,0.0087982560816447,120,2000
previous-term,baseline,weak-form-base,weak-form,weak-form-review,current-federal-court,base,democraticResponsiveness,registered-component,0.0735246041647119,0.07117058320276984,0.07603790682816439,0.0012446954094350521,120,2000
previous-term,baseline,weak-form-base,weak-form,weak-form-review,current-federal-court,base,vetoRelocationRisk,registered-component,-0.33949159547672386,-0.34095724269371525,-0.33798732637491646,0.000767227514111835,120,2000
previous-term,baseline,weak-form-base,weak-form,weak-form-review,current-federal-court,base,totalInstitutionalCost,registered-diagnostic,-0.09326437339548352,-0.09345147142231289,-0.09306158913864902,0.00010123671162206533,120,2000
previous-term,baseline,weak-form-base,weak-form,weak-form-review,current-federal-court,base,averageLegislativeResponseDelay,additional-diagnostic,0.41606291314698374,0.4141362199383996,0.4180552395706845,0.00098329500030443,120,2000
previous-term,baseline,emergency-ablation,emergency,reasoned-with-fast-procedure,reasoned-emergency-review,ablation,emergencyReasonGivingRate,registered-component,-0.7172655772900441,-0.7476544636264815,-0.6856566091827777,0.014881628406577327,120,2000
previous-term,baseline,emergency-ablation,emergency,reasoned-with-fast-procedure,reasoned-emergency-review,ablation,meritsFollowUpRate,registered-component,-1.0,-1.0,-1.0,0.0,120,2000
previous-term,baseline,emergency-ablation,emergency,reasoned-with-fast-procedure,reasoned-emergency-review,ablation,averageTimeToReview,registered-component,0.0,0.0,0.0,0.0,120,2000
previous-term,baseline,emergency-ablation,emergency,reasoned-with-fast-procedure,reasoned-emergency-review,ablation,totalInstitutionalCost,registered-component,-0.0043755772860129254,-0.0045176933919619895,-0.004232481215072514,7.421240521670585e-05,120,2000
previous-term,baseline,emergency-ablation,emergency,reasoned-with-fast-procedure,reasoned-emergency-review,ablation,shadowDocketAbuse,registered-component,0.3016009805646883,0.29405160668353686,0.30888273989725296,0.0038356339734016962,120,2000
previous-term,baseline,emergency-ablation,emergency,reasoned-with-fast-procedure,reasoned-emergency-review,ablation,institutionalDelayCost,additional-diagnostic,-0.006648468372520209,-0.006835784757876108,-0.006458683908705794,0.00010046266689476732,120,2000
previous-term,baseline,screening-ablation,screening,council-with-full-court-structure,constitutional-council,ablation,directCourtCost,registered-diagnostic,-0.09720100833333331,-0.09733838395833332,-0.09706501604166666,7.085283550526655e-05,120,2000
previous-term,baseline,screening-ablation,screening,council-with-full-court-structure,constitutional-council,ablation,upstreamScreeningCost,registered-component,-3.188346430346896e-05,-8.824490956721803e-05,2.4840798449468437e-05,3.021681429557481e-05,120,2000
previous-term,baseline,screening-ablation,screening,council-with-full-court-structure,constitutional-council,ablation,capacityStrainCost,registered-diagnostic,-0.04291074314286901,-0.04345430822434827,-0.042343637951978624,0.00028984558297921417,120,2000
previous-term,baseline,screening-ablation,screening,council-with-full-court-structure,constitutional-council,ablation,totalInstitutionalCost,registered-diagnostic,-0.05021669122206665,-0.050341231637756396,-0.05009042114323162,6.432027970519898e-05,120,2000
previous-term,baseline,screening-ablation,screening,council-with-full-court-structure,constitutional-council,ablation,intakeAcceptanceRate,registered-diagnostic,1.099470419684319e-05,-1.0030733877914534e-05,3.156463087568391e-05,1.10645000875657e-05,120,2000
previous-term,baseline,screening-ablation,screening,council-with-full-court-structure,constitutional-council,ablation,councilScreenRate,registered-component,-1.0,-1.0,-1.0,0.0,120,2000
previous-term,baseline,screening-ablation,screening,council-with-full-court-structure,constitutional-council,ablation,administrativeLoad,additional-diagnostic,-0.23969854166666676,-0.2405659479166668,-0.2388043645833334,0.0004509222862630741,120,2000
previous-term,baseline,weak-form-half,weak-form,weak-form-half-response,weak-form-review,ablation,legislativeResponseRate,registered-component,-0.13614583333333333,-0.14395833333333333,-0.12833333333333333,0.004066896816253431,120,2000
previous-term,baseline,weak-form-half,weak-form,weak-form-half-response,weak-form-review,ablation,legislativeResponseCredibility,registered-component,-0.3043314498822772,-0.3054913424741933,-0.3031865813242429,0.0006018174142921488,120,2000
previous-term,baseline,weak-form-half,weak-form,weak-form-half-response,weak-form-review,ablation,timelyLegislativeResponseRate,registered-component,-0.056831852595239936,-0.06556813578584338,-0.04798701059810675,0.004548843080464575,120,2000
previous-term,baseline,weak-form-half,weak-form,weak-form-half-response,weak-form-review,ablation,rightsProtection,registered-component,-0.009790052423837696,-0.010611678979394395,-0.00890982077123271,0.0004422457065096522,120,2000
previous-term,baseline,weak-form-half,weak-form,weak-form-half-response,weak-form-review,ablation,complianceRate,registered-component,-0.00041666666666666425,-0.016252604166666667,0.015630208333333312,0.008372108667957309,120,2000
previous-term,baseline,weak-form-half,weak-form,weak-form-half-response,weak-form-review,ablation,democraticResponsiveness,registered-component,-0.020135388742143955,-0.021530803742323544,-0.018820070119329995,0.0007037930202925106,120,2000
previous-term,baseline,weak-form-half,weak-form,weak-form-half-response,weak-form-review,ablation,vetoRelocationRisk,registered-component,0.021529229513076318,0.02024188220335945,0.022765137104079562,0.0006428114534456096,120,2000
previous-term,baseline,weak-form-half,weak-form,weak-form-half-response,weak-form-review,ablation,totalInstitutionalCost,registered-diagnostic,-0.0013258084148319708,-0.0015384209450475445,-0.001125326300135878,0.00010351462963317498,120,2000
previous-term,baseline,weak-form-half,weak-form,weak-form-half-response,weak-form-review,ablation,averageLegislativeResponseDelay,additional-diagnostic,0.07903754930146582,0.07577688088630183,0.08227476989765767,0.0016282056738762443,120,2000
previous-term,baseline,weak-form-off,weak-form,weak-form-no-response,weak-form-review,ablation,legislativeResponseRate,registered-component,-0.27625,-0.28531249999999997,-0.26739583333333333,0.004748580799338171,120,2000
previous-term,baseline,weak-form-off,weak-form,weak-form-no-response,weak-form-review,ablation,legislativeResponseCredibility,registered-component,-0.6080253997645543,-0.6096080801313501,-0.6064354892678443,0.0008030390438861921,120,2000
previous-term,baseline,weak-form-off,weak-form,weak-form-no-response,weak-form-review,ablation,timelyLegislativeResponseRate,registered-component,-0.056831852595239936,-0.06556813578584338,-0.04798701059810675,0.004548843080464575,120,2000
previous-term,baseline,weak-form-off,weak-form,weak-form-no-response,weak-form-review,ablation,rightsProtection,registered-component,-0.01781102454578006,-0.018860837036941858,-0.0167546855537653,0.0005392434912694092,120,2000
previous-term,baseline,weak-form-off,weak-form,weak-form-no-response,weak-form-review,ablation,complianceRate,registered-component,-0.006666666666666666,-0.02354427083333334,0.010416666666666666,0.008663706804417139,120,2000
previous-term,baseline,weak-form-off,weak-form,weak-form-no-response,weak-form-review,ablation,democraticResponsiveness,registered-component,-0.041742653932441684,-0.043267568333288334,-0.04026133808179774,0.0007798715646684063,120,2000
previous-term,baseline,weak-form-off,weak-form,weak-form-no-response,weak-form-review,ablation,vetoRelocationRisk,registered-component,0.044216273521945716,0.042774640466961215,0.0456430803730466,0.0007476289057099486,120,2000
previous-term,baseline,weak-form-off,weak-form,weak-form-no-response,weak-form-review,ablation,totalInstitutionalCost,registered-diagnostic,-0.002457034761369951,-0.002672263476183389,-0.002236288101257317,0.00010986457958297218,120,2000
previous-term,baseline,weak-form-off,weak-form,weak-form-no-response,weak-form-review,ablation,averageLegislativeResponseDelay,additional-diagnostic,-0.41606291314698374,-0.4180552395706846,-0.4141362199383996,0.00098329500030443,120,2000
previous-term,baseline,weak-form-half-v-current,weak-form,weak-form-half-response,current-federal-court,persistence,legislativeResponseRate,registered-component,0.14010416666666667,0.13322916666666668,0.14697916666666666,0.003519080124711047,120,2000
previous-term,baseline,weak-form-half-v-current,weak-form,weak-form-half-response,current-federal-court,persistence,legislativeResponseCredibility,registered-component,-0.2454772832156106,-0.24624917203294072,-0.2447504571916357,0.00038678193402968427,120,2000
previous-term,baseline,weak-form-half-v-current,weak-form,weak-form-half-response,current-federal-court,persistence,timelyLegislativeResponseRate,registered-component,0.0,0.0,0.0,0.0,120,2000
previous-term,baseline,weak-form-half-v-current,weak-form,weak-form-half-response,current-federal-court,persistence,rightsProtection,registered-component,0.012768781663235414,0.010764284296995033,0.01470244187385483,0.0009918933226711602,120,2000
previous-term,baseline,weak-form-half-v-current,weak-form,weak-form-half-response,current-federal-court,persistence,complianceRate,registered-component,0.3596875,0.3433333333333334,0.3755234375,0.008086951013712106,120,2000
previous-term,baseline,weak-form-half-v-current,weak-form,weak-form-half-response,current-federal-court,persistence,democraticResponsiveness,registered-component,0.05338921542256794,0.05101105056674534,0.05587175750474614,0.0012808977443130216,120,2000
previous-term,baseline,weak-form-half-v-current,weak-form,weak-form-half-response,current-federal-court,persistence,vetoRelocationRisk,registered-component,-0.3179623659636475,-0.31912094658351015,-0.3168066551888276,0.0005870590716863147,120,2000
previous-term,baseline,weak-form-half-v-current,weak-form,weak-form-half-response,current-federal-court,persistence,totalInstitutionalCost,registered-diagnostic,-0.09459018181031549,-0.09476018576779652,-0.09442075047349646,8.696177403181745e-05,120,2000
previous-term,baseline,weak-form-half-v-current,weak-form,weak-form-half-response,current-federal-court,persistence,averageLegislativeResponseDelay,additional-diagnostic,0.4951004624484495,0.4923544165469262,0.4977324478651368,0.0013526306246746094,120,2000
previous-term,baseline,weak-form-off-v-current,weak-form,weak-form-no-response,current-federal-court,persistence,legislativeResponseRate,registered-component,0.0,0.0,0.0,0.0,120,2000
previous-term,baseline,weak-form-off-v-current,weak-form,weak-form-no-response,current-federal-court,persistence,legislativeResponseCredibility,registered-component,-0.5491712330978877,-0.5498836996281622,-0.5484246401944037,0.0003777847436345528,120,2000
previous-term,baseline,weak-form-off-v-current,weak-form,weak-form-no-response,current-federal-court,persistence,timelyLegislativeResponseRate,registered-component,0.0,0.0,0.0,0.0,120,2000
previous-term,baseline,weak-form-off-v-current,weak-form,weak-form-no-response,current-federal-court,persistence,rightsProtection,registered-component,0.004747809541293047,0.002499555852883975,0.006934557362814118,0.0011078018611602504,120,2000
previous-term,baseline,weak-form-off-v-current,weak-form,weak-form-no-response,current-federal-court,persistence,complianceRate,registered-component,0.3534375,0.33572656250000005,0.3706276041666667,0.009131061285501256,120,2000
previous-term,baseline,weak-form-off-v-current,weak-form,weak-form-no-response,current-federal-court,persistence,democraticResponsiveness,registered-component,0.03178195023227022,0.029540394729008757,0.0341798214202852,0.0011887938466998065,120,2000
previous-term,baseline,weak-form-off-v-current,weak-form,weak-form-no-response,current-federal-court,persistence,vetoRelocationRisk,registered-component,-0.2952753219547782,-0.29572348272002696,-0.29485498771287566,0.0002236071262799473,120,2000
previous-term,baseline,weak-form-off-v-current,weak-form,weak-form-no-response,current-federal-court,persistence,totalInstitutionalCost,registered-diagnostic,-0.09572140815685347,-0.095894847952072,-0.09554860307155959,8.977541835367802e-05,120,2000
previous-term,baseline,weak-form-off-v-current,weak-form,weak-form-no-response,current-federal-court,persistence,averageLegislativeResponseDelay,additional-diagnostic,0.0,0.0,0.0,0.0,120,2000
previous-term,emergencyPressure-low,emergency-base,emergency,reasoned-emergency-review,current-federal-court,base,emergencyReasonGivingRate,registered-component,-0.025453342953342954,-0.049262956950456946,-0.0007937409812409845,0.011997164741266806,120,2000
previous-term,emergencyPressure-low,emergency-base,emergency,reasoned-emergency-review,current-federal-court,base,meritsFollowUpRate,registered-component,0.008333333333333333,0.0,0.025,0.008333333333333333,120,2000
previous-term,emergencyPressure-low,emergency-base,emergency,reasoned-emergency-review,current-federal-court,base,averageTimeToReview,registered-component,0.0,0.0,0.0,0.0,120,2000
previous-term,emergencyPressure-low,emergency-base,emergency,reasoned-emergency-review,current-federal-court,base,totalInstitutionalCost,registered-component,0.013694770364788524,0.013624662001381375,0.013765742279356796,3.563902255440896e-05,120,2000
previous-term,emergencyPressure-low,emergency-base,emergency,reasoned-emergency-review,current-federal-court,base,shadowDocketAbuse,registered-component,-0.045930065970650295,-0.04934090718728201,-0.042588468464445806,0.001710710093676281,120,2000
previous-term,emergencyPressure-low,emergency-base,emergency,reasoned-emergency-review,current-federal-court,base,institutionalDelayCost,additional-diagnostic,0.0029075984541757373,0.0028213108256600157,0.0029982454548186013,4.519651548292658e-05,120,2000
previous-term,emergencyPressure-low,screening-base,screening,constitutional-council,current-federal-court,base,directCourtCost,registered-diagnostic,0.13749975,0.13739135562500004,0.1376130522916667,5.600313222782924e-05,120,2000
previous-term,emergencyPressure-low,screening-base,screening,constitutional-council,current-federal-court,base,upstreamScreeningCost,registered-component,0.0004516256707196085,0.00041737605179988714,0.00048707943480782236,1.7550015592974092e-05,120,2000
previous-term,emergencyPressure-low,screening-base,screening,constitutional-council,current-federal-court,base,capacityStrainCost,registered-diagnostic,0.07921668378047975,0.07888134468890899,0.07955598213920635,0.00017122240503100289,120,2000
previous-term,emergencyPressure-low,screening-base,screening,constitutional-council,current-federal-court,base,totalInstitutionalCost,registered-diagnostic,0.0860103411963976,0.08592652723488774,0.0860964783434464,4.2285851358722194e-05,120,2000
previous-term,emergencyPressure-low,screening-base,screening,constitutional-council,current-federal-court,base,intakeAcceptanceRate,registered-diagnostic,-0.00015989999760099866,-0.00017246948131441136,-0.00014747971767182036,6.2986781891775905e-06,120,2000
previous-term,emergencyPressure-low,screening-base,screening,constitutional-council,current-federal-court,base,councilScreenRate,registered-component,1.0,1.0,1.0,0.0,120,2000
previous-term,emergencyPressure-low,screening-base,screening,constitutional-council,current-federal-court,base,administrativeLoad,additional-diagnostic,0.2681325000000001,0.26753308854166674,0.2687539635416668,0.0003035563886536353,120,2000
previous-term,emergencyPressure-low,weak-form-base,weak-form,weak-form-review,current-federal-court,base,legislativeResponseRate,registered-component,0.2909375,0.28249739583333333,0.29969010416666664,0.004656820705066027,120,2000
previous-term,emergencyPressure-low,weak-form-base,weak-form,weak-form-review,current-federal-court,base,legislativeResponseCredibility,registered-component,0.05297083333333329,0.05179973958333326,0.054152239583333296,0.0006016942068310793,120,2000
previous-term,emergencyPressure-low,weak-form-base,weak-form,weak-form-review,current-federal-court,base,timelyLegislativeResponseRate,registered-component,0.08548574150852588,0.07500926674768124,0.09644943847361732,0.005276538424857541,120,2000
previous-term,emergencyPressure-low,weak-form-base,weak-form,weak-form-review,current-federal-court,base,rightsProtection,registered-component,-0.0037596290095245092,-0.004849420594907174,-0.0025740448407372937,0.0005886251447661816,120,2000
previous-term,emergencyPressure-low,weak-form-base,weak-form,weak-form-review,current-federal-court,base,complianceRate,registered-component,0.2605208333333333,0.23769791666666668,0.2845833333333333,0.01187881944448709,120,2000
previous-term,emergencyPressure-low,weak-form-base,weak-form,weak-form-review,current-federal-court,base,democraticResponsiveness,registered-component,0.046714517676048964,0.044667865587587605,0.04867182009807714,0.0010454538409035564,120,2000
previous-term,emergencyPressure-low,weak-form-base,weak-form,weak-form-review,current-federal-court,base,vetoRelocationRisk,registered-component,-0.34938437378570797,-0.35076085429827264,-0.3480710806275039,0.000735242112486832,120,2000
previous-term,emergencyPressure-low,weak-form-base,weak-form,weak-form-review,current-federal-court,base,totalInstitutionalCost,registered-diagnostic,-0.09147367082199534,-0.09161004664153413,-0.09133390205077759,7.091173145853857e-05,120,2000
previous-term,emergencyPressure-low,weak-form-base,weak-form,weak-form-review,current-federal-court,base,averageLegislativeResponseDelay,additional-diagnostic,0.4155053882739474,0.4135045170309865,0.4176552916452152,0.0010531930266835718,120,2000
previous-term,emergencyPressure-low,emergency-ablation,emergency,reasoned-with-fast-procedure,reasoned-emergency-review,ablation,emergencyReasonGivingRate,registered-component,0.1564577320827321,0.12163361291486292,0.19326077741702735,0.018228909124027953,120,2000
previous-term,emergencyPressure-low,emergency-ablation,emergency,reasoned-with-fast-procedure,reasoned-emergency-review,ablation,meritsFollowUpRate,registered-component,-0.008333333333333333,-0.025,0.0,0.008333333333333333,120,2000
previous-term,emergencyPressure-low,emergency-ablation,emergency,reasoned-with-fast-procedure,reasoned-emergency-review,ablation,averageTimeToReview,registered-component,0.0,0.0,0.0,0.0,120,2000
previous-term,emergencyPressure-low,emergency-ablation,emergency,reasoned-with-fast-procedure,reasoned-emergency-review,ablation,totalInstitutionalCost,registered-component,-0.008335456031276665,-0.00842463549445313,-0.008247609453816024,4.2982293003759245e-05,120,2000
previous-term,emergencyPressure-low,emergency-ablation,emergency,reasoned-with-fast-procedure,reasoned-emergency-review,ablation,shadowDocketAbuse,registered-component,0.04627509638170958,0.04276275478729221,0.049832341906792005,0.0017303905685519694,120,2000
previous-term,emergencyPressure-low,emergency-ablation,emergency,reasoned-with-fast-procedure,reasoned-emergency-review,ablation,institutionalDelayCost,additional-diagnostic,-0.0012934418948475283,-0.001392562935910502,-0.0011974354627450063,4.877205596603505e-05,120,2000
previous-term,emergencyPressure-low,screening-ablation,screening,council-with-full-court-structure,constitutional-council,ablation,directCourtCost,registered-diagnostic,-0.09720240833333332,-0.09732328791666667,-0.09708007875,6.260166800454708e-05,120,2000
previous-term,emergencyPressure-low,screening-ablation,screening,council-with-full-court-structure,constitutional-council,ablation,upstreamScreeningCost,registered-component,-2.54048917051423e-08,-4.038275312114846e-06,3.483529828495152e-06,1.950847416664291e-06,120,2000
previous-term,emergencyPressure-low,screening-ablation,screening,council-with-full-court-structure,constitutional-council,ablation,capacityStrainCost,registered-diagnostic,-0.04320915443659446,-0.04329293025478691,-0.04312354783934506,4.4147327098137594e-05,120,2000
previous-term,emergencyPressure-low,screening-ablation,screening,council-with-full-court-structure,constitutional-council,ablation,totalInstitutionalCost,registered-diagnostic,-0.05026482124765503,-0.05032179940076936,-0.050207197557664875,2.9833304382648258e-05,120,2000
previous-term,emergencyPressure-low,screening-ablation,screening,council-with-full-court-structure,constitutional-council,ablation,intakeAcceptanceRate,registered-diagnostic,8.578845976063333e-08,-1.1661411656373824e-06,1.5210780722555543e-06,7.019688371139649e-07,120,2000
previous-term,emergencyPressure-low,screening-ablation,screening,council-with-full-court-structure,constitutional-council,ablation,councilScreenRate,registered-component,-1.0,-1.0,-1.0,0.0,120,2000
previous-term,emergencyPressure-low,screening-ablation,screening,council-with-full-court-structure,constitutional-council,ablation,administrativeLoad,additional-diagnostic,-0.2400160416666668,-0.24044813541666682,-0.23958241666666677,0.0002252575548607093,120,2000
previous-term,emergencyPressure-low,weak-form-half,weak-form,weak-form-half-response,weak-form-review,ablation,legislativeResponseRate,registered-component,-0.14416666666666667,-0.15198177083333334,-0.13625,0.004215228217574602,120,2000
previous-term,emergencyPressure-low,weak-form-half,weak-form,weak-form-half-response,weak-form-review,ablation,legislativeResponseCredibility,registered-component,-0.3056118650405607,-0.3068298795282501,-0.3044862284220158,0.0006068101674189247,120,2000
previous-term,emergencyPressure-low,weak-form-half,weak-form,weak-form-half-response,weak-form-review,ablation,timelyLegislativeResponseRate,registered-component,-0.08548574150852588,-0.09644943847361731,-0.07500926674768124,0.005276538424857541,120,2000
previous-term,emergencyPressure-low,weak-form-half,weak-form,weak-form-half-response,weak-form-review,ablation,rightsProtection,registered-component,-0.013295512589688469,-0.014178417016408922,-0.012458096071117005,0.0004485967756721747,120,2000
previous-term,emergencyPressure-low,weak-form-half,weak-form,weak-form-half-response,weak-form-review,ablation,complianceRate,registered-component,-0.015520833333333333,-0.029583333333333333,-0.0017708333333333306,0.007063629860127655,120,2000
previous-term,emergencyPressure-low,weak-form-half,weak-form,weak-form-half-response,weak-form-review,ablation,democraticResponsiveness,registered-component,-0.02277327176577314,-0.023992238157553195,-0.021579662784562397,0.0006156560824674735,120,2000
previous-term,emergencyPressure-low,weak-form-half,weak-form,weak-form-half-response,weak-form-review,ablation,vetoRelocationRisk,registered-component,0.023205651244294873,0.022044913972005645,0.024402320817599587,0.0006292714966521922,120,2000
previous-term,emergencyPressure-low,weak-form-half,weak-form,weak-form-half-response,weak-form-review,ablation,totalInstitutionalCost,registered-diagnostic,-0.001357338360788137,-0.0014448730156398919,-0.0012691888946931929,4.6207046096152204e-05,120,2000
previous-term,emergencyPressure-low,weak-form-half,weak-form,weak-form-half-response,weak-form-review,ablation,averageLegislativeResponseDelay,additional-diagnostic,0.07877856514020477,0.07582890910864341,0.0818414921481354,0.001624031764303175,120,2000
previous-term,emergencyPressure-low,weak-form-off,weak-form,weak-form-no-response,weak-form-review,ablation,legislativeResponseRate,registered-component,-0.2909375,-0.29969010416666664,-0.28249739583333333,0.004656820705066027,120,2000
previous-term,emergencyPressure-low,weak-form-off,weak-form,weak-form-no-response,weak-form-review,ablation,legislativeResponseCredibility,registered-component,-0.6114862300811215,-0.6130499803786285,-0.6099192826152044,0.0008219287071091642,120,2000
previous-term,emergencyPressure-low,weak-form-off,weak-form,weak-form-no-response,weak-form-review,ablation,timelyLegislativeResponseRate,registered-component,-0.08548574150852588,-0.09644943847361731,-0.07500926674768124,0.005276538424857541,120,2000
previous-term,emergencyPressure-low,weak-form-off,weak-form,weak-form-no-response,weak-form-review,ablation,rightsProtection,registered-component,-0.022412964299780593,-0.023478232179159123,-0.021350931011343395,0.0005398836541698005,120,2000
previous-term,emergencyPressure-low,weak-form-off,weak-form,weak-form-no-response,weak-form-review,ablation,complianceRate,registered-component,-0.018229166666666668,-0.032083333333333325,-0.0047916666666666646,0.006820746321798019,120,2000
previous-term,emergencyPressure-low,weak-form-off,weak-form,weak-form-no-response,weak-form-review,ablation,democraticResponsiveness,registered-component,-0.04517336768077097,-0.04666151352084642,-0.04375507211893406,0.0007543139332574098,120,2000
previous-term,emergencyPressure-low,weak-form-off,weak-form,weak-form-no-response,weak-form-review,ablation,vetoRelocationRisk,registered-component,0.046565724668321186,0.045218027683155755,0.047943535357780634,0.0007307666410847556,120,2000
previous-term,emergencyPressure-low,weak-form-off,weak-form,weak-form-no-response,weak-form-review,ablation,totalInstitutionalCost,registered-diagnostic,-0.002714791027803669,-0.002807776379995837,-0.0026271418074697004,4.783430161379911e-05,120,2000
previous-term,emergencyPressure-low,weak-form-off,weak-form,weak-form-no-response,weak-form-review,ablation,averageLegislativeResponseDelay,additional-diagnostic,-0.4155053882739474,-0.4176552916452152,-0.41350451703098645,0.0010531930266835718,120,2000
previous-term,emergencyPressure-low,weak-form-half-v-current,weak-form,weak-form-half-response,current-federal-court,persistence,legislativeResponseRate,registered-component,0.14677083333333335,0.14041406250000002,0.15323177083333334,0.0034200548335066704,120,2000
previous-term,emergencyPressure-low,weak-form-half-v-current,weak-form,weak-form-half-response,current-federal-court,persistence,legislativeResponseCredibility,registered-component,-0.2526410317072274,-0.2533163060829878,-0.2520034341082827,0.0003282317834420331,120,2000
previous-term,emergencyPressure-low,weak-form-half-v-current,weak-form,weak-form-half-response,current-federal-court,persistence,timelyLegislativeResponseRate,registered-component,0.0,0.0,0.0,0.0,120,2000
previous-term,emergencyPressure-low,weak-form-half-v-current,weak-form,weak-form-half-response,current-federal-court,persistence,rightsProtection,registered-component,-0.017055141599212977,-0.018384665277456472,-0.015653396458067154,0.0007071351419304993,120,2000
previous-term,emergencyPressure-low,weak-form-half-v-current,weak-form,weak-form-half-response,current-federal-court,persistence,complianceRate,registered-component,0.24500000000000002,0.22124739583333333,0.2689583333333333,0.01183674547404678,120,2000
previous-term,emergencyPressure-low,weak-form-half-v-current,weak-form,weak-form-half-response,current-federal-court,persistence,democraticResponsiveness,registered-component,0.02394124591027582,0.021919318873731376,0.02575984898201472,0.0010188955422969085,120,2000
previous-term,emergencyPressure-low,weak-form-half-v-current,weak-form,weak-form-half-response,current-federal-court,persistence,vetoRelocationRisk,registered-component,-0.3261787225414131,-0.3272485149947854,-0.3251379765240187,0.0005671294363963163,120,2000
previous-term,emergencyPressure-low,weak-form-half-v-current,weak-form,weak-form-half-response,current-federal-court,persistence,totalInstitutionalCost,registered-diagnostic,-0.09283100918278349,-0.0929498900752002,-0.0927110850460445,6.040553422870674e-05,120,2000
previous-term,emergencyPressure-low,weak-form-half-v-current,weak-form,weak-form-half-response,current-federal-court,persistence,averageLegislativeResponseDelay,additional-diagnostic,0.49428395341415216,0.49171236616286745,0.4969359210078036,0.0013786889124063062,120,2000
previous-term,emergencyPressure-low,weak-form-off-v-current,weak-form,weak-form-no-response,current-federal-court,persistence,legislativeResponseRate,registered-component,0.0,0.0,0.0,0.0,120,2000
previous-term,emergencyPressure-low,weak-form-off-v-current,weak-form,weak-form-no-response,current-federal-court,persistence,legislativeResponseCredibility,registered-component,-0.5585153967477882,-0.5593274763312404,-0.5576246647243568,0.0004334252200666364,120,2000
previous-term,emergencyPressure-low,weak-form-off-v-current,weak-form,weak-form-no-response,current-federal-court,persistence,timelyLegislativeResponseRate,registered-component,0.0,0.0,0.0,0.0,120,2000
previous-term,emergencyPressure-low,weak-form-off-v-current,weak-form,weak-form-no-response,current-federal-court,persistence,rightsProtection,registered-component,-0.026172593309305103,-0.027783221455763066,-0.024501850428288195,0.0008472117557903891,120,2000
previous-term,emergencyPressure-low,weak-form-off-v-current,weak-form,weak-form-no-response,current-federal-court,persistence,complianceRate,registered-component,0.24229166666666666,0.2203125,0.26417447916666664,0.010910075495412161,120,2000
previous-term,emergencyPressure-low,weak-form-off-v-current,weak-form,weak-form-no-response,current-federal-court,persistence,democraticResponsiveness,registered-component,0.0015411499952779856,-0.00029861361629699644,0.0033423760657444812,0.000945904107619386,120,2000
previous-term,emergencyPressure-low,weak-form-off-v-current,weak-form,weak-form-no-response,current-federal-court,persistence,vetoRelocationRisk,registered-component,-0.3028186491173868,-0.3031292803044735,-0.30250602135891796,0.00016285892941256302,120,2000
previous-term,emergencyPressure-low,weak-form-off-v-current,weak-form,weak-form-no-response,current-federal-court,persistence,totalInstitutionalCost,registered-diagnostic,-0.09418846184979901,-0.09427243097774314,-0.09410421447399268,4.284151706191468e-05,120,2000
previous-term,emergencyPressure-low,weak-form-off-v-current,weak-form,weak-form-no-response,current-federal-court,persistence,averageLegislativeResponseDelay,additional-diagnostic,0.0,0.0,0.0,0.0,120,2000
previous-term,emergencyPressure-high,emergency-base,emergency,reasoned-emergency-review,current-federal-court,base,emergencyReasonGivingRate,registered-component,0.8489221927961422,0.8408265980421893,0.8570835527948748,0.004301244092240324,120,2000
previous-term,emergencyPressure-high,emergency-base,emergency,reasoned-emergency-review,current-federal-court,base,meritsFollowUpRate,registered-component,1.0,1.0,1.0,0.0,120,2000
previous-term,emergencyPressure-high,emergency-base,emergency,reasoned-emergency-review,current-federal-court,base,averageTimeToReview,registered-component,0.0,0.0,0.0,0.0,120,2000
previous-term,emergencyPressure-high,emergency-base,emergency,reasoned-emergency-review,current-federal-court,base,totalInstitutionalCost,registered-component,0.011629768639082936,0.011499086715422761,0.011757086867236166,6.636913481058758e-05,120,2000
previous-term,emergencyPressure-high,emergency-base,emergency,reasoned-emergency-review,current-federal-court,base,shadowDocketAbuse,registered-component,-0.818356790051639,-0.821311143265897,-0.8152251375575664,0.0015099026197115974,120,2000
previous-term,emergencyPressure-high,emergency-base,emergency,reasoned-emergency-review,current-federal-court,base,institutionalDelayCost,additional-diagnostic,0.005809087294966462,0.005638965923166955,0.005975832892199486,8.743539798021181e-05,120,2000
previous-term,emergencyPressure-high,screening-base,screening,constitutional-council,current-federal-court,base,directCourtCost,registered-diagnostic,0.13712581666666665,0.137007723125,0.13724463916666665,6.312484071958501e-05,120,2000
previous-term,emergencyPressure-high,screening-base,screening,constitutional-council,current-federal-court,base,upstreamScreeningCost,registered-component,0.0009828126075930976,0.0009338288862877959,0.0010396266193869598,2.7464840954738653e-05,120,2000
previous-term,emergencyPressure-high,screening-base,screening,constitutional-council,current-federal-court,base,capacityStrainCost,registered-diagnostic,0.07422283340506204,0.07366953780908199,0.07470707477178805,0.00026594844437796635,120,2000
previous-term,emergencyPressure-high,screening-base,screening,constitutional-council,current-federal-court,base,totalInstitutionalCost,registered-diagnostic,0.08508133409716806,0.08496368614226264,0.08518899977084411,5.9072311042221154e-05,120,2000
previous-term,emergencyPressure-high,screening-base,screening,constitutional-council,current-federal-court,base,intakeAcceptanceRate,registered-diagnostic,-0.0004345648654560939,-0.00045940153217570315,-0.0004131043765278453,1.1956250004844533e-05,120,2000
previous-term,emergencyPressure-high,screening-base,screening,constitutional-council,current-federal-court,base,councilScreenRate,registered-component,1.0,1.0,1.0,0.0,120,2000
previous-term,emergencyPressure-high,screening-base,screening,constitutional-council,current-federal-court,base,administrativeLoad,additional-diagnostic,0.26178958333333335,0.260959875,0.26254735416666675,0.0004143960734417517,120,2000
previous-term,emergencyPressure-high,weak-form-base,weak-form,weak-form-review,current-federal-court,base,legislativeResponseRate,registered-component,0.1564583333333333,0.149375,0.1640625,0.003797502972770126,120,2000
previous-term,emergencyPressure-high,weak-form-base,weak-form,weak-form-review,current-federal-court,base,legislativeResponseCredibility,registered-component,0.04950624999999994,0.04836192708333325,0.05072093749999993,0.0006134768442332297,120,2000
previous-term,emergencyPressure-high,weak-form-base,weak-form,weak-form-review,current-federal-court,base,timelyLegislativeResponseRate,registered-component,0.009942055994687572,0.005000959764528844,0.01575225205776192,0.002698946010160126,120,2000
previous-term,emergencyPressure-high,weak-form-base,weak-form,weak-form-review,current-federal-court,base,rightsProtection,registered-component,0.05644276213151033,0.05445519365068597,0.05837949153187387,0.0009765429970306388,120,2000
previous-term,emergencyPressure-high,weak-form-base,weak-form,weak-form-review,current-federal-court,base,complianceRate,registered-component,0.22916666666666666,0.20833072916666667,0.2515625,0.011049740058879855,120,2000
previous-term,emergencyPressure-high,weak-form-base,weak-form,weak-form-review,current-federal-court,base,democraticResponsiveness,registered-component,0.09729449679568457,0.09468046489014702,0.10004902688921222,0.0013914339884956918,120,2000
previous-term,emergencyPressure-high,weak-form-base,weak-form,weak-form-review,current-federal-court,base,vetoRelocationRisk,registered-component,-0.29071430486130045,-0.2919740565465583,-0.2894544399683047,0.000638005965808927,120,2000
previous-term,emergencyPressure-high,weak-form-base,weak-form,weak-form-review,current-federal-court,base,totalInstitutionalCost,registered-diagnostic,-0.08468499317004644,-0.08485953809236967,-0.08450497669994529,9.304785965104123e-05,120,2000
previous-term,emergencyPressure-high,weak-form-base,weak-form,weak-form-review,current-federal-court,base,averageLegislativeResponseDelay,additional-diagnostic,0.4321035054997252,0.42901501630975064,0.4353027555108271,0.001649122345988764,120,2000
previous-term,emergencyPressure-high,emergency-ablation,emergency,reasoned-with-fast-procedure,reasoned-emergency-review,ablation,emergencyReasonGivingRate,registered-component,-0.6951368355909816,-0.7062914205726244,-0.6838889023533525,0.005758506811161271,120,2000
previous-term,emergencyPressure-high,emergency-ablation,emergency,reasoned-with-fast-procedure,reasoned-emergency-review,ablation,meritsFollowUpRate,registered-component,-1.0,-1.0,-1.0,0.0,120,2000
previous-term,emergencyPressure-high,emergency-ablation,emergency,reasoned-with-fast-procedure,reasoned-emergency-review,ablation,averageTimeToReview,registered-component,0.0,0.0,0.0,0.0,120,2000
previous-term,emergencyPressure-high,emergency-ablation,emergency,reasoned-with-fast-procedure,reasoned-emergency-review,ablation,totalInstitutionalCost,registered-component,-0.006268966443700127,-0.006404491385607178,-0.006133061695379697,6.955418975141352e-05,120,2000
previous-term,emergencyPressure-high,emergency-ablation,emergency,reasoned-with-fast-procedure,reasoned-emergency-review,ablation,shadowDocketAbuse,registered-component,0.7876749817173583,0.7844579423021334,0.7907858363642281,0.0016010444197041287,120,2000
previous-term,emergencyPressure-high,emergency-ablation,emergency,reasoned-with-fast-procedure,reasoned-emergency-review,ablation,institutionalDelayCost,additional-diagnostic,-0.004119768154343117,-0.004302787736966238,-0.0039436206607523575,9.014818392352724e-05,120,2000
previous-term,emergencyPressure-high,screening-ablation,screening,council-with-full-court-structure,constitutional-council,ablation,directCourtCost,registered-diagnostic,-0.09728492499999998,-0.09742558999999998,-0.09715308041666662,7.193801327428783e-05,120,2000
previous-term,emergencyPressure-high,screening-ablation,screening,council-with-full-court-structure,constitutional-council,ablation,upstreamScreeningCost,registered-component,2.314856155201846e-06,-5.1128137570610925e-05,5.529920286992616e-05,2.7443021325027093e-05,120,2000
previous-term,emergencyPressure-high,screening-ablation,screening,council-with-full-court-structure,constitutional-council,ablation,capacityStrainCost,registered-diagnostic,-0.04327581926256317,-0.04377278428193873,-0.042768593085983866,0.0002632433821235305,120,2000
previous-term,emergencyPressure-high,screening-ablation,screening,council-with-full-court-structure,constitutional-council,ablation,totalInstitutionalCost,registered-diagnostic,-0.050305734701656654,-0.05042059327660517,-0.05018831841422832,6.03337363914171e-05,120,2000
previous-term,emergencyPressure-high,screening-ablation,screening,council-with-full-court-structure,constitutional-council,ablation,intakeAcceptanceRate,registered-diagnostic,-1.4339600784613684e-06,-2.4361838947134764e-05,2.1722762030548495e-05,1.2034479654872534e-05,120,2000
previous-term,emergencyPressure-high,screening-ablation,screening,council-with-full-court-structure,constitutional-council,ablation,councilScreenRate,registered-component,-1.0,-1.0,-1.0,0.0,120,2000
previous-term,emergencyPressure-high,screening-ablation,screening,council-with-full-court-structure,constitutional-council,ablation,administrativeLoad,additional-diagnostic,-0.24032562500000004,-0.24115112500000005,-0.2394897343750001,0.00042670048897518913,120,2000
previous-term,emergencyPressure-high,weak-form-half,weak-form,weak-form-half-response,weak-form-review,ablation,legislativeResponseRate,registered-component,-0.08020833333333334,-0.08625,-0.07385416666666668,0.0033097797923088627,120,2000
previous-term,emergencyPressure-high,weak-form-half,weak-form,weak-form-half-response,weak-form-review,ablation,legislativeResponseCredibility,registered-component,-0.2905732002595528,-0.2914208681339576,-0.28978728712180307,0.00044099673721696903,120,2000
previous-term,emergencyPressure-high,weak-form-half,weak-form,weak-form-half-response,weak-form-review,ablation,timelyLegislativeResponseRate,registered-component,-0.009942055994687572,-0.015752252057761925,-0.005000959764528849,0.002698946010160126,120,2000
previous-term,emergencyPressure-high,weak-form-half,weak-form,weak-form-half-response,weak-form-review,ablation,rightsProtection,registered-component,0.0014260608815832992,0.0002881256119442577,0.002486510902377677,0.0005576391933437882,120,2000
previous-term,emergencyPressure-high,weak-form-half,weak-form,weak-form-half-response,weak-form-review,ablation,complianceRate,registered-component,-0.028541666666666667,-0.05364583333333332,-0.004265625000000029,0.012726573446349995,120,2000
previous-term,emergencyPressure-high,weak-form-half,weak-form,weak-form-half-response,weak-form-review,ablation,democraticResponsiveness,registered-component,-0.009830242082341189,-0.011240936884880858,-0.008323551109103341,0.0007540707419966729,120,2000
previous-term,emergencyPressure-high,weak-form-half,weak-form,weak-form-half-response,weak-form-review,ablation,vetoRelocationRisk,registered-component,0.012693204465314686,0.011606580075986084,0.01377230153091671,0.0005746178730792934,120,2000
previous-term,emergencyPressure-high,weak-form-half,weak-form,weak-form-half-response,weak-form-review,ablation,totalInstitutionalCost,registered-diagnostic,-0.0008366142772543004,-0.0010225981528487079,-0.0006460839195238215,9.616326761996611e-05,120,2000
previous-term,emergencyPressure-high,weak-form-half,weak-form,weak-form-half-response,weak-form-review,ablation,averageLegislativeResponseDelay,additional-diagnostic,0.07233958074874187,0.06682766611421127,0.07853628368274743,0.0029802250081479224,120,2000
previous-term,emergencyPressure-high,weak-form-off,weak-form,weak-form-no-response,weak-form-review,ablation,legislativeResponseRate,registered-component,-0.1564583333333333,-0.1640625,-0.149375,0.003797502972770126,120,2000
previous-term,emergencyPressure-high,weak-form-off,weak-form,weak-form-no-response,weak-form-review,ablation,legislativeResponseCredibility,registered-component,-0.5813339005191056,-0.5825938818081259,-0.5800938661675628,0.0006641417964388336,120,2000
previous-term,emergencyPressure-high,weak-form-off,weak-form,weak-form-no-response,weak-form-review,ablation,timelyLegislativeResponseRate,registered-component,-0.009942055994687572,-0.015752252057761925,-0.005000959764528849,0.002698946010160126,120,2000
previous-term,emergencyPressure-high,weak-form-off,weak-form,weak-form-no-response,weak-form-review,ablation,rightsProtection,registered-component,0.002918157224120993,0.001646268204818141,0.004146829157207124,0.0006314274779007398,120,2000
previous-term,emergencyPressure-high,weak-form-off,weak-form,weak-form-no-response,weak-form-review,ablation,complianceRate,registered-component,-0.04364583333333332,-0.06812499999999999,-0.020624999999999998,0.012161915915416458,120,2000
previous-term,emergencyPressure-high,weak-form-off,weak-form,weak-form-no-response,weak-form-review,ablation,democraticResponsiveness,registered-component,-0.018883079945205862,-0.020621710235931713,-0.017198959866007075,0.0008894605319553211,120,2000
previous-term,emergencyPressure-high,weak-form-off,weak-form,weak-form-no-response,weak-form-review,ablation,vetoRelocationRisk,registered-component,0.02510249758503433,0.023861625816298953,0.026368601760345795,0.0006420996471244584,120,2000
previous-term,emergencyPressure-high,weak-form-off,weak-form,weak-form-no-response,weak-form-review,ablation,totalInstitutionalCost,registered-diagnostic,-0.0014789669487725976,-0.001668319904151127,-0.0012811759376260582,0.00010149940679416739,120,2000
previous-term,emergencyPressure-high,weak-form-off,weak-form,weak-form-no-response,weak-form-review,ablation,averageLegislativeResponseDelay,additional-diagnostic,-0.4321035054997252,-0.4353027555108271,-0.4290150163097506,0.001649122345988764,120,2000
previous-term,emergencyPressure-high,weak-form-half-v-current,weak-form,weak-form-half-response,current-federal-court,persistence,legislativeResponseRate,registered-component,0.07625,0.07145833333333333,0.08177083333333333,0.0026970650092026974,120,2000
previous-term,emergencyPressure-high,weak-form-half-v-current,weak-form,weak-form-half-response,current-federal-court,persistence,legislativeResponseCredibility,registered-component,-0.24106695025955285,-0.2416889919479209,-0.24045573928349437,0.00031021789648338476,120,2000
previous-term,emergencyPressure-high,weak-form-half-v-current,weak-form,weak-form-half-response,current-federal-court,persistence,timelyLegislativeResponseRate,registered-component,0.0,0.0,0.0,0.0,120,2000
previous-term,emergencyPressure-high,weak-form-half-v-current,weak-form,weak-form-half-response,current-federal-court,persistence,rightsProtection,registered-component,0.05786882301309363,0.055829812790469405,0.059880342813509436,0.0010342067125635108,120,2000
previous-term,emergencyPressure-high,weak-form-half-v-current,weak-form,weak-form-half-response,current-federal-court,persistence,complianceRate,registered-component,0.200625,0.17843229166666666,0.22344270833333332,0.011973186151758013,120,2000
previous-term,emergencyPressure-high,weak-form-half-v-current,weak-form,weak-form-half-response,current-federal-court,persistence,democraticResponsiveness,registered-component,0.08746425471334338,0.08493990632248084,0.09001052858862396,0.0012746601747833355,120,2000
previous-term,emergencyPressure-high,weak-form-half-v-current,weak-form,weak-form-half-response,current-federal-court,persistence,vetoRelocationRisk,registered-component,-0.27802110039598577,-0.27901526881754596,-0.2770903404352126,0.00050327736909974,120,2000
previous-term,emergencyPressure-high,weak-form-half-v-current,weak-form,weak-form-half-response,current-federal-court,persistence,totalInstitutionalCost,registered-diagnostic,-0.08552160744730074,-0.08571782548762831,-0.08532134264184014,0.00010526419734657464,120,2000
previous-term,emergencyPressure-high,weak-form-half-v-current,weak-form,weak-form-half-response,current-federal-court,persistence,averageLegislativeResponseDelay,additional-diagnostic,0.504443086248467,0.499731616198207,0.5094348420002206,0.002478692434929107,120,2000
previous-term,emergencyPressure-high,weak-form-off-v-current,weak-form,weak-form-no-response,current-federal-court,persistence,legislativeResponseRate,registered-component,0.0,0.0,0.0,0.0,120,2000
previous-term,emergencyPressure-high,weak-form-off-v-current,weak-form,weak-form-no-response,current-federal-court,persistence,legislativeResponseCredibility,registered-component,-0.5318276505191056,-0.5323385895800675,-0.5313119530155238,0.0002595093586421441,120,2000
previous-term,emergencyPressure-high,weak-form-off-v-current,weak-form,weak-form-no-response,current-federal-court,persistence,timelyLegislativeResponseRate,registered-component,0.0,0.0,0.0,0.0,120,2000
previous-term,emergencyPressure-high,weak-form-off-v-current,weak-form,weak-form-no-response,current-federal-court,persistence,rightsProtection,registered-component,0.05936091935563133,0.05716160129299879,0.06144714360942152,0.0010808082971845428,120,2000
previous-term,emergencyPressure-high,weak-form-off-v-current,weak-form,weak-form-no-response,current-federal-court,persistence,complianceRate,registered-component,0.18552083333333333,0.16635416666666666,0.20531249999999998,0.009992771189444123,120,2000
previous-term,emergencyPressure-high,weak-form-off-v-current,weak-form,weak-form-no-response,current-federal-court,persistence,democraticResponsiveness,registered-component,0.07841141685047871,0.0759023910176282,0.08088002890264816,0.0012782732923503817,120,2000
previous-term,emergencyPressure-high,weak-form-off-v-current,weak-form,weak-form-no-response,current-federal-court,persistence,vetoRelocationRisk,registered-component,-0.26561180727626615,-0.2661324032629375,-0.2650711428409432,0.00027099809876927276,120,2000
previous-term,emergencyPressure-high,weak-form-off-v-current,weak-form,weak-form-no-response,current-federal-court,persistence,totalInstitutionalCost,registered-diagnostic,-0.08616396011881905,-0.08636296783981427,-0.08596458869191388,0.000101753141659099,120,2000
previous-term,emergencyPressure-high,weak-form-off-v-current,weak-form,weak-form-no-response,current-federal-court,persistence,averageLegislativeResponseDelay,additional-diagnostic,0.0,0.0,0.0,0.0,120,2000
previous-term,rightsThreatRate-low,emergency-base,emergency,reasoned-emergency-review,current-federal-court,base,emergencyReasonGivingRate,registered-component,0.8519163715821494,0.827649159504053,0.874270734447423,0.012072462246602501,120,2000
previous-term,rightsThreatRate-low,emergency-base,emergency,reasoned-emergency-review,current-federal-court,base,meritsFollowUpRate,registered-component,1.0,1.0,1.0,0.0,120,2000
previous-term,rightsThreatRate-low,emergency-base,emergency,reasoned-emergency-review,current-federal-court,base,averageTimeToReview,registered-component,0.0,0.0,0.0,0.0,120,2000
previous-term,rightsThreatRate-low,emergency-base,emergency,reasoned-emergency-review,current-federal-court,base,totalInstitutionalCost,registered-component,0.009778479398048769,0.009639205447586842,0.009923211986414297,7.604035505440916e-05,120,2000
previous-term,rightsThreatRate-low,emergency-base,emergency,reasoned-emergency-review,current-federal-court,base,shadowDocketAbuse,registered-component,-0.30017561960415257,-0.3075126325429743,-0.29294123004586536,0.003762330803683096,120,2000
previous-term,rightsThreatRate-low,emergency-base,emergency,reasoned-emergency-review,current-federal-court,base,institutionalDelayCost,additional-diagnostic,0.008327136624098194,0.008113985227162848,0.00851552651119008,0.00010598914704576375,120,2000
previous-term,rightsThreatRate-low,screening-base,screening,constitutional-council,current-federal-court,base,directCourtCost,registered-diagnostic,0.13591815833333334,0.13578545312499998,0.13605219416666667,6.879211039936043e-05,120,2000
previous-term,rightsThreatRate-low,screening-base,screening,constitutional-council,current-federal-court,base,upstreamScreeningCost,registered-component,0.0020592618438426144,0.0019847962307693915,0.002131629976950242,3.911320388588145e-05,120,2000
previous-term,rightsThreatRate-low,screening-base,screening,constitutional-council,current-federal-court,base,capacityStrainCost,registered-diagnostic,0.06418420372922842,0.06351726874078308,0.06487223318568544,0.00036519246269200897,120,2000
previous-term,rightsThreatRate-low,screening-base,screening,constitutional-council,current-federal-court,base,totalInstitutionalCost,registered-diagnostic,0.0830561674560891,0.08290609855334895,0.08320667407757475,7.781756171960699e-05,120,2000
previous-term,rightsThreatRate-low,screening-base,screening,constitutional-council,current-federal-court,base,intakeAcceptanceRate,registered-diagnostic,-0.0007578984760855559,-0.0007852894849823332,-0.0007298801230718338,1.4801364860858516e-05,120,2000
previous-term,rightsThreatRate-low,screening-base,screening,constitutional-council,current-federal-court,base,councilScreenRate,registered-component,1.0,1.0,1.0,0.0,120,2000
previous-term,rightsThreatRate-low,screening-base,screening,constitutional-council,current-federal-court,base,administrativeLoad,additional-diagnostic,0.24769229166666676,0.2466422031250001,0.24873584895833348,0.0005447881799835978,120,2000
previous-term,rightsThreatRate-low,weak-form-base,weak-form,weak-form-review,current-federal-court,base,legislativeResponseRate,registered-component,0.14958333333333332,0.14239322916666666,0.15697916666666664,0.0037626227021196356,120,2000
previous-term,rightsThreatRate-low,weak-form-base,weak-form,weak-form-review,current-federal-court,base,legislativeResponseCredibility,registered-component,0.044312499999999935,0.043197708333333286,0.045437708333333285,0.0005830295077118713,120,2000
previous-term,rightsThreatRate-low,weak-form-base,weak-form,weak-form-review,current-federal-court,base,timelyLegislativeResponseRate,registered-component,0.07771457401101364,0.06472824955366557,0.09221161585340185,0.006970690266759267,120,2000
previous-term,rightsThreatRate-low,weak-form-base,weak-form,weak-form-review,current-federal-court,base,rightsProtection,registered-component,0.02649380567330936,0.024900304905462446,0.028154188848992706,0.0008675646579381431,120,2000
previous-term,rightsThreatRate-low,weak-form-base,weak-form,weak-form-review,current-federal-court,base,complianceRate,registered-component,0.33458333333333334,0.3157265625,0.35375260416666665,0.00995078634713042,120,2000
previous-term,rightsThreatRate-low,weak-form-base,weak-form,weak-form-review,current-federal-court,base,democraticResponsiveness,registered-component,0.05456292555642872,0.05272600494773544,0.05645413624066243,0.0010144775214793076,120,2000
previous-term,rightsThreatRate-low,weak-form-base,weak-form,weak-form-review,current-federal-court,base,vetoRelocationRisk,registered-component,-0.31951291113389857,-0.3206841744908971,-0.3184214360136336,0.0005860651518290523,120,2000
previous-term,rightsThreatRate-low,weak-form-base,weak-form,weak-form-review,current-federal-court,base,totalInstitutionalCost,registered-diagnostic,-0.0947338555341476,-0.09493193790921324,-0.09453386328256697,0.00010429801610760225,120,2000
previous-term,rightsThreatRate-low,weak-form-base,weak-form,weak-form-review,current-federal-court,base,averageLegislativeResponseDelay,additional-diagnostic,0.4147104075021343,0.41196206712716527,0.4176202261333621,0.0014811480253167668,120,2000
previous-term,rightsThreatRate-low,emergency-ablation,emergency,reasoned-with-fast-procedure,reasoned-emergency-review,ablation,emergencyReasonGivingRate,registered-component,-0.6958094676183696,-0.721098552360968,-0.668657434045638,0.013153552861695705,120,2000
previous-term,rightsThreatRate-low,emergency-ablation,emergency,reasoned-with-fast-procedure,reasoned-emergency-review,ablation,meritsFollowUpRate,registered-component,-1.0,-1.0,-1.0,0.0,120,2000
previous-term,rightsThreatRate-low,emergency-ablation,emergency,reasoned-with-fast-procedure,reasoned-emergency-review,ablation,averageTimeToReview,registered-component,0.0,0.0,0.0,0.0,120,2000
previous-term,rightsThreatRate-low,emergency-ablation,emergency,reasoned-with-fast-procedure,reasoned-emergency-review,ablation,totalInstitutionalCost,registered-component,-0.004513007038003836,-0.004645279462054992,-0.004383693602654799,7.045613947204415e-05,120,2000
previous-term,rightsThreatRate-low,emergency-ablation,emergency,reasoned-with-fast-procedure,reasoned-emergency-review,ablation,shadowDocketAbuse,registered-component,0.280867595704877,0.27441061703676894,0.28711685755820227,0.003368316128600095,120,2000
previous-term,rightsThreatRate-low,emergency-ablation,emergency,reasoned-with-fast-procedure,reasoned-emergency-review,ablation,institutionalDelayCost,additional-diagnostic,-0.006552882318059786,-0.006731026270578014,-0.006368738588548655,9.734985817326504e-05,120,2000
previous-term,rightsThreatRate-low,screening-ablation,screening,council-with-full-court-structure,constitutional-council,ablation,directCourtCost,registered-diagnostic,-0.09727100833333331,-0.09740998312499999,-0.0971313258333333,7.10178080557341e-05,120,2000
previous-term,rightsThreatRate-low,screening-ablation,screening,council-with-full-court-structure,constitutional-council,ablation,upstreamScreeningCost,registered-component,2.813888712280277e-05,-2.53459580205632e-05,8.621894883023426e-05,2.8324351432673003e-05,120,2000
previous-term,rightsThreatRate-low,screening-ablation,screening,council-with-full-court-structure,constitutional-council,ablation,capacityStrainCost,registered-diagnostic,-0.04355322824191813,-0.04406428712175845,-0.0430626279933992,0.0002616485395630107,120,2000
previous-term,rightsThreatRate-low,screening-ablation,screening,council-with-full-court-structure,constitutional-council,ablation,totalInstitutionalCost,registered-diagnostic,-0.05034617378894659,-0.05046285558481375,-0.05023525274046039,5.8744944205662765e-05,120,2000
previous-term,rightsThreatRate-low,screening-ablation,screening,council-with-full-court-structure,constitutional-council,ablation,intakeAcceptanceRate,registered-diagnostic,-1.020820511324286e-05,-3.1142674904506394e-05,9.547948986337695e-06,1.0200265020412278e-05,120,2000
previous-term,rightsThreatRate-low,screening-ablation,screening,council-with-full-court-structure,constitutional-council,ablation,councilScreenRate,registered-component,-1.0,-1.0,-1.0,0.0,120,2000
previous-term,rightsThreatRate-low,screening-ablation,screening,council-with-full-court-structure,constitutional-council,ablation,administrativeLoad,additional-diagnostic,-0.24057354166666675,-0.24140208854166678,-0.23978354166666677,0.0004154394352431645,120,2000
previous-term,rightsThreatRate-low,weak-form-half,weak-form,weak-form-half-response,weak-form-review,ablation,legislativeResponseRate,registered-component,-0.07437500000000001,-0.080625,-0.06802083333333334,0.003230366520558133,120,2000
previous-term,rightsThreatRate-low,weak-form-half,weak-form,weak-form-half-response,weak-form-review,ablation,legislativeResponseCredibility,registered-component,-0.2956897034015681,-0.29661463003132227,-0.2948011104655641,0.0004759423952676443,120,2000
previous-term,rightsThreatRate-low,weak-form-half,weak-form,weak-form-half-response,weak-form-review,ablation,timelyLegislativeResponseRate,registered-component,-0.07771457401101364,-0.09221161585340185,-0.06472824955366557,0.006970690266759267,120,2000
previous-term,rightsThreatRate-low,weak-form-half,weak-form,weak-form-half-response,weak-form-review,ablation,rightsProtection,registered-component,-0.006139392100530565,-0.00700697718288265,-0.005240253456784356,0.0004409464257316952,120,2000
previous-term,rightsThreatRate-low,weak-form-half,weak-form,weak-form-half-response,weak-form-review,ablation,complianceRate,registered-component,-0.000833333333333335,-0.015625000000000003,0.013752604166666653,0.007207370889910174,120,2000
previous-term,rightsThreatRate-low,weak-form-half,weak-form,weak-form-half-response,weak-form-review,ablation,democraticResponsiveness,registered-component,-0.011526997437775754,-0.012586712744951854,-0.010520869055873955,0.0005225555782346311,120,2000
previous-term,rightsThreatRate-low,weak-form-half,weak-form,weak-form-half-response,weak-form-review,ablation,vetoRelocationRisk,registered-component,0.012138484213093789,0.011154992192745105,0.01314558832586081,0.0004930943388328473,120,2000
previous-term,rightsThreatRate-low,weak-form-half,weak-form,weak-form-half-response,weak-form-review,ablation,totalInstitutionalCost,registered-diagnostic,-0.0005875545095479814,-0.0007899736362810755,-0.0003772247145786072,0.00010290988280137526,120,2000
previous-term,rightsThreatRate-low,weak-form-half,weak-form,weak-form-half-response,weak-form-review,ablation,averageLegislativeResponseDelay,additional-diagnostic,0.07490796837552284,0.06976393166323316,0.0796274687145562,0.0025391514981813732,120,2000
previous-term,rightsThreatRate-low,weak-form-off,weak-form,weak-form-no-response,weak-form-review,ablation,legislativeResponseRate,registered-component,-0.14958333333333332,-0.15697916666666664,-0.1423932291666667,0.0037626227021196356,120,2000
previous-term,rightsThreatRate-low,weak-form-off,weak-form,weak-form-no-response,weak-form-review,ablation,legislativeResponseCredibility,registered-component,-0.5920544068031361,-0.5933489202916027,-0.5908369269543838,0.0006468189827844673,120,2000
previous-term,rightsThreatRate-low,weak-form-off,weak-form,weak-form-no-response,weak-form-review,ablation,timelyLegislativeResponseRate,registered-component,-0.07771457401101364,-0.09221161585340185,-0.06472824955366557,0.006970690266759267,120,2000
previous-term,rightsThreatRate-low,weak-form-off,weak-form,weak-form-no-response,weak-form-review,ablation,rightsProtection,registered-component,-0.010532997659320196,-0.011338811350917442,-0.0097339208599087,0.0004125494859644741,120,2000
previous-term,rightsThreatRate-low,weak-form-off,weak-form,weak-form-no-response,weak-form-review,ablation,complianceRate,registered-component,-0.0023958333333333323,-0.016671875,0.01166666666666667,0.007295735909361737,120,2000
previous-term,rightsThreatRate-low,weak-form-off,weak-form,weak-form-no-response,weak-form-review,ablation,democraticResponsiveness,registered-component,-0.02321448992687767,-0.024349170584080808,-0.02205325715708421,0.0006025956011874511,120,2000
previous-term,rightsThreatRate-low,weak-form-off,weak-form,weak-form-no-response,weak-form-review,ablation,vetoRelocationRisk,registered-component,0.02414028371165007,0.023040540907055866,0.025319497292943124,0.0005913664582446009,120,2000
previous-term,rightsThreatRate-low,weak-form-off,weak-form,weak-form-no-response,weak-form-review,ablation,totalInstitutionalCost,registered-diagnostic,-0.0013983973732881484,-0.0016136169309354151,-0.0011749797207604084,0.0001121666955701909,120,2000
previous-term,rightsThreatRate-low,weak-form-off,weak-form,weak-form-no-response,weak-form-review,ablation,averageLegislativeResponseDelay,additional-diagnostic,-0.4147104075021343,-0.41762022613336214,-0.41196206712716527,0.0014811480253167668,120,2000
previous-term,rightsThreatRate-low,weak-form-half-v-current,weak-form,weak-form-half-response,current-federal-court,persistence,legislativeResponseRate,registered-component,0.07520833333333334,0.07010416666666666,0.08041666666666666,0.002666806171946165,120,2000
previous-term,rightsThreatRate-low,weak-form-half-v-current,weak-form,weak-form-half-response,current-federal-court,persistence,legislativeResponseCredibility,registered-component,-0.25137720340156816,-0.25203451485928113,-0.2507295346819359,0.00033980648950864955,120,2000
previous-term,rightsThreatRate-low,weak-form-half-v-current,weak-form,weak-form-half-response,current-federal-court,persistence,timelyLegislativeResponseRate,registered-component,0.0,0.0,0.0,0.0,120,2000
previous-term,rightsThreatRate-low,weak-form-half-v-current,weak-form,weak-form-half-response,current-federal-court,persistence,rightsProtection,registered-component,0.020354413572778795,0.0186620093354491,0.022109309859816115,0.0009184011337013811,120,2000
previous-term,rightsThreatRate-low,weak-form-half-v-current,weak-form,weak-form-half-response,current-federal-court,persistence,complianceRate,registered-component,0.33375,0.3148958333333333,0.3511458333333334,0.009254418280101739,120,2000
previous-term,rightsThreatRate-low,weak-form-half-v-current,weak-form,weak-form-half-response,current-federal-court,persistence,democraticResponsiveness,registered-component,0.043035928118652964,0.041293117895691005,0.04487335555860674,0.000929056687742244,120,2000
previous-term,rightsThreatRate-low,weak-form-half-v-current,weak-form,weak-form-half-response,current-federal-court,persistence,vetoRelocationRisk,registered-component,-0.30737442692080474,-0.30822336459840266,-0.3065087402880256,0.0004397496349090823,120,2000
previous-term,rightsThreatRate-low,weak-form-half-v-current,weak-form,weak-form-half-response,current-federal-court,persistence,totalInstitutionalCost,registered-diagnostic,-0.09532141004369558,-0.09549309285028798,-0.09514711953412604,9.309844903893106e-05,120,2000
previous-term,rightsThreatRate-low,weak-form-half-v-current,weak-form,weak-form-half-response,current-federal-court,persistence,averageLegislativeResponseDelay,additional-diagnostic,0.4896183758776571,0.4853153415210851,0.4936088038807475,0.002133085122650458,120,2000
previous-term,rightsThreatRate-low,weak-form-off-v-current,weak-form,weak-form-no-response,current-federal-court,persistence,legislativeResponseRate,registered-component,0.0,0.0,0.0,0.0,120,2000
previous-term,rightsThreatRate-low,weak-form-off-v-current,weak-form,weak-form-no-response,current-federal-court,persistence,legislativeResponseCredibility,registered-component,-0.5477419068031363,-0.5483748321530811,-0.5471273451625652,0.00031498192025033143,120,2000
previous-term,rightsThreatRate-low,weak-form-off-v-current,weak-form,weak-form-no-response,current-federal-court,persistence,timelyLegislativeResponseRate,registered-component,0.0,0.0,0.0,0.0,120,2000
previous-term,rightsThreatRate-low,weak-form-off-v-current,weak-form,weak-form-no-response,current-federal-court,persistence,rightsProtection,registered-component,0.015960808013989167,0.014185527443986061,0.0178229056232013,0.0009577115324158462,120,2000
previous-term,rightsThreatRate-low,weak-form-off-v-current,weak-form,weak-form-no-response,current-federal-court,persistence,complianceRate,registered-component,0.33218749999999997,0.31354166666666666,0.35093749999999996,0.009807833329810929,120,2000
previous-term,rightsThreatRate-low,weak-form-off-v-current,weak-form,weak-form-no-response,current-federal-court,persistence,democraticResponsiveness,registered-component,0.03134843562955105,0.029511649883290355,0.03328242443092969,0.0009899134649147935,120,2000
previous-term,rightsThreatRate-low,weak-form-off-v-current,weak-form,weak-form-no-response,current-federal-court,persistence,vetoRelocationRisk,registered-component,-0.2953726274222485,-0.29578979006012396,-0.2949724466230297,0.00020760059556838837,120,2000
previous-term,rightsThreatRate-low,weak-form-off-v-current,weak-form,weak-form-no-response,current-federal-court,persistence,totalInstitutionalCost,registered-diagnostic,-0.09613225290743574,-0.09631478142253587,-0.095948558982731,9.496913390656287e-05,120,2000
previous-term,rightsThreatRate-low,weak-form-off-v-current,weak-form,weak-form-no-response,current-federal-court,persistence,averageLegislativeResponseDelay,additional-diagnostic,0.0,0.0,0.0,0.0,120,2000
previous-term,rightsThreatRate-high,emergency-base,emergency,reasoned-emergency-review,current-federal-court,base,emergencyReasonGivingRate,registered-component,0.8497894954736694,0.821179771706903,0.8760370362630248,0.014260224795366008,120,2000
previous-term,rightsThreatRate-high,emergency-base,emergency,reasoned-emergency-review,current-federal-court,base,meritsFollowUpRate,registered-component,0.9916666666666667,0.975,1.0,0.008333333333333333,120,2000
previous-term,rightsThreatRate-high,emergency-base,emergency,reasoned-emergency-review,current-federal-court,base,averageTimeToReview,registered-component,0.0,0.0,0.0,0.0,120,2000
previous-term,rightsThreatRate-high,emergency-base,emergency,reasoned-emergency-review,current-federal-court,base,totalInstitutionalCost,registered-component,0.00960775794475691,0.009452540726662285,0.009755415625192205,7.824018809869959e-05,120,2000
previous-term,rightsThreatRate-high,emergency-base,emergency,reasoned-emergency-review,current-federal-court,base,shadowDocketAbuse,registered-component,-0.3525211844854187,-0.36123460895817877,-0.34425794732141834,0.004462353094617228,120,2000
previous-term,rightsThreatRate-high,emergency-base,emergency,reasoned-emergency-review,current-federal-court,base,institutionalDelayCost,additional-diagnostic,0.008448357782067217,0.008252815838689328,0.008647584995790365,0.00010257022253687912,120,2000
previous-term,rightsThreatRate-high,screening-base,screening,constitutional-council,current-federal-court,base,directCourtCost,registered-diagnostic,0.13587808333333337,0.13576226645833336,0.13599331270833334,6.0935402476530414e-05,120,2000
previous-term,rightsThreatRate-high,screening-base,screening,constitutional-council,current-federal-court,base,upstreamScreeningCost,registered-component,0.001962559281596195,0.0018989605030106506,0.002029737237648804,3.389371088436613e-05,120,2000
previous-term,rightsThreatRate-high,screening-base,screening,constitutional-council,current-federal-court,base,capacityStrainCost,registered-diagnostic,0.06345647285439746,0.06281874308421512,0.06409167223272627,0.00033887208150658245,120,2000
previous-term,rightsThreatRate-high,screening-base,screening,constitutional-council,current-federal-court,base,totalInstitutionalCost,registered-diagnostic,0.08287818416287794,0.08274525942191069,0.08301060111257404,7.162528111147703e-05,120,2000
previous-term,rightsThreatRate-high,screening-base,screening,constitutional-council,current-federal-court,base,intakeAcceptanceRate,registered-diagnostic,-0.0007530230919701715,-0.0007798984205061802,-0.0007279396634249388,1.3354508029059111e-05,120,2000
previous-term,rightsThreatRate-high,screening-base,screening,constitutional-council,current-federal-court,base,councilScreenRate,registered-component,1.0,1.0,1.0,0.0,120,2000
previous-term,rightsThreatRate-high,screening-base,screening,constitutional-council,current-federal-court,base,administrativeLoad,additional-diagnostic,0.24692416666666675,0.2460156250000001,0.2478264375000001,0.0004934127294824401,120,2000
previous-term,rightsThreatRate-high,weak-form-base,weak-form,weak-form-review,current-federal-court,base,legislativeResponseRate,registered-component,0.49885416666666665,0.48843229166666663,0.5097916666666666,0.005491422506293221,120,2000
previous-term,rightsThreatRate-high,weak-form-base,weak-form,weak-form-review,current-federal-court,base,legislativeResponseCredibility,registered-component,0.08344583333333332,0.08181635416666659,0.08509375,0.0008531463811478866,120,2000
previous-term,rightsThreatRate-high,weak-form-base,weak-form,weak-form-review,current-federal-court,base,timelyLegislativeResponseRate,registered-component,0.03331629871818742,0.028633909880955547,0.03790392154165987,0.0024436932189448504,120,2000
previous-term,rightsThreatRate-high,weak-form-base,weak-form,weak-form-review,current-federal-court,base,rightsProtection,registered-component,0.006634370859134744,0.004845591768765451,0.008394714821863554,0.0008971930711198685,120,2000
previous-term,rightsThreatRate-high,weak-form-base,weak-form,weak-form-review,current-federal-court,base,complianceRate,registered-component,0.3721875,0.35552083333333334,0.3876041666666667,0.00825964774671777,120,2000
previous-term,rightsThreatRate-high,weak-form-base,weak-form,weak-form-review,current-federal-court,base,democraticResponsiveness,registered-component,0.09572453699875849,0.09333061534138308,0.09824443156515811,0.001249365983020225,120,2000
previous-term,rightsThreatRate-high,weak-form-base,weak-form,weak-form-review,current-federal-court,base,vetoRelocationRisk,registered-component,-0.37386565744635303,-0.3756624489154787,-0.37215886508231416,0.0008858685164921382,120,2000
previous-term,rightsThreatRate-high,weak-form-base,weak-form,weak-form-review,current-federal-court,base,totalInstitutionalCost,registered-diagnostic,-0.09062931761966073,-0.09084030887086203,-0.09040876658846507,0.00011211000986321227,120,2000
previous-term,rightsThreatRate-high,weak-form-base,weak-form,weak-form-review,current-federal-court,base,averageLegislativeResponseDelay,additional-diagnostic,0.42198343735173066,0.4202993629477042,0.4236190755437963,0.0008480565351775705,120,2000
previous-term,rightsThreatRate-high,emergency-ablation,emergency,reasoned-with-fast-procedure,reasoned-emergency-review,ablation,emergencyReasonGivingRate,registered-component,-0.7004667922164295,-0.7311471485150554,-0.6671976845095257,0.016161587835758173,120,2000
previous-term,rightsThreatRate-high,emergency-ablation,emergency,reasoned-with-fast-procedure,reasoned-emergency-review,ablation,meritsFollowUpRate,registered-component,-0.9916666666666667,-1.0,-0.975,0.008333333333333333,120,2000
previous-term,rightsThreatRate-high,emergency-ablation,emergency,reasoned-with-fast-procedure,reasoned-emergency-review,ablation,averageTimeToReview,registered-component,0.0,0.0,0.0,0.0,120,2000
previous-term,rightsThreatRate-high,emergency-ablation,emergency,reasoned-with-fast-procedure,reasoned-emergency-review,ablation,totalInstitutionalCost,registered-component,-0.004273581941016398,-0.00442951335776832,-0.004117335502046545,7.793846532994971e-05,120,2000
previous-term,rightsThreatRate-high,emergency-ablation,emergency,reasoned-with-fast-procedure,reasoned-emergency-review,ablation,shadowDocketAbuse,registered-component,0.33707430854445236,0.3289160085072613,0.34509619420317256,0.004137491584586381,120,2000
previous-term,rightsThreatRate-high,emergency-ablation,emergency,reasoned-with-fast-procedure,reasoned-emergency-review,ablation,institutionalDelayCost,additional-diagnostic,-0.006756050895950955,-0.006961055851017006,-0.006545369518443546,0.000103231997113092,120,2000
previous-term,rightsThreatRate-high,screening-ablation,screening,council-with-full-court-structure,constitutional-council,ablation,directCourtCost,registered-diagnostic,-0.09713649999999997,-0.09725183541666664,-0.09701418562499997,6.435250109948383e-05,120,2000
previous-term,rightsThreatRate-high,screening-ablation,screening,council-with-full-court-structure,constitutional-council,ablation,upstreamScreeningCost,registered-component,1.3324103454651995e-06,-4.928499921564482e-05,5.235728272013268e-05,2.541236034462517e-05,120,2000
previous-term,rightsThreatRate-high,screening-ablation,screening,council-with-full-court-structure,constitutional-council,ablation,capacityStrainCost,registered-diagnostic,-0.04324936172643637,-0.04375529420267163,-0.04275094816247602,0.00025662129817013383,120,2000
previous-term,rightsThreatRate-high,screening-ablation,screening,council-with-full-court-structure,constitutional-council,ablation,totalInstitutionalCost,registered-diagnostic,-0.050248909529998595,-0.05035828783797725,-0.05014445704502977,5.651087932972201e-05,120,2000
previous-term,rightsThreatRate-high,screening-ablation,screening,council-with-full-court-structure,constitutional-council,ablation,intakeAcceptanceRate,registered-diagnostic,-9.021230845245379e-07,-1.993739978638479e-05,1.7954063561474404e-05,9.588887858616978e-06,120,2000
previous-term,rightsThreatRate-high,screening-ablation,screening,council-with-full-court-structure,constitutional-council,ablation,councilScreenRate,registered-component,-1.0,-1.0,-1.0,0.0,120,2000
previous-term,rightsThreatRate-high,screening-ablation,screening,council-with-full-court-structure,constitutional-council,ablation,administrativeLoad,additional-diagnostic,-0.2398625000000001,-0.24061544270833343,-0.23914202604166673,0.0003930934958741989,120,2000
previous-term,rightsThreatRate-high,weak-form-half,weak-form,weak-form-half-response,weak-form-review,ablation,legislativeResponseRate,registered-component,-0.25104166666666666,-0.2608359375,-0.24166666666666667,0.004853831918225312,120,2000
previous-term,rightsThreatRate-high,weak-form-half,weak-form,weak-form-half-response,weak-form-review,ablation,legislativeResponseCredibility,registered-component,-0.31689879459813824,-0.3182275695500725,-0.3155437660863051,0.0007041953588378661,120,2000
previous-term,rightsThreatRate-high,weak-form-half,weak-form,weak-form-half-response,weak-form-review,ablation,timelyLegislativeResponseRate,registered-component,-0.03331629871818742,-0.03790392154165988,-0.02863390988095555,0.0024436932189448504,120,2000
previous-term,rightsThreatRate-high,weak-form-half,weak-form,weak-form-half-response,weak-form-review,ablation,rightsProtection,registered-component,-0.017410676671696348,-0.01841069255765892,-0.016473335919296346,0.0005055827449325406,120,2000
previous-term,rightsThreatRate-high,weak-form-half,weak-form,weak-form-half-response,weak-form-review,ablation,complianceRate,registered-component,-0.013125000000000005,-0.03219010416666667,0.00562499999999999,0.009181118446266213,120,2000
previous-term,rightsThreatRate-high,weak-form-half,weak-form,weak-form-half-response,weak-form-review,ablation,democraticResponsiveness,registered-component,-0.0362671848789392,-0.03799524216031742,-0.034598328312714664,0.0008647861158562894,120,2000
previous-term,rightsThreatRate-high,weak-form-half,weak-form,weak-form-half-response,weak-form-review,ablation,vetoRelocationRisk,registered-component,0.04021430931739577,0.038655489279479927,0.041847594334768194,0.0008071509583629945,120,2000
previous-term,rightsThreatRate-high,weak-form-half,weak-form,weak-form-half-response,weak-form-review,ablation,totalInstitutionalCost,registered-diagnostic,-0.0022854537514731075,-0.0024963232641568764,-0.0020828997463830552,0.00010506289092009972,120,2000
previous-term,rightsThreatRate-high,weak-form-half,weak-form,weak-form-half-response,weak-form-review,ablation,averageLegislativeResponseDelay,additional-diagnostic,0.07967809893087421,0.07733468879297474,0.0821856854325381,0.00131496510690381,120,2000
previous-term,rightsThreatRate-high,weak-form-off,weak-form,weak-form-no-response,weak-form-review,ablation,legislativeResponseRate,registered-component,-0.49885416666666665,-0.5097916666666666,-0.4884322916666667,0.005491422506293221,120,2000
previous-term,rightsThreatRate-high,weak-form-off,weak-form,weak-form-no-response,weak-form-review,ablation,legislativeResponseCredibility,registered-component,-0.6342100891962764,-0.6360673415100639,-0.6324658703311083,0.0009478637117450471,120,2000
previous-term,rightsThreatRate-high,weak-form-off,weak-form,weak-form-no-response,weak-form-review,ablation,timelyLegislativeResponseRate,registered-component,-0.03331629871818742,-0.03790392154165988,-0.02863390988095555,0.0024436932189448504,120,2000
previous-term,rightsThreatRate-high,weak-form-off,weak-form,weak-form-no-response,weak-form-review,ablation,rightsProtection,registered-component,-0.02925206202481723,-0.030256749481687564,-0.02824718144438395,0.0005117624410002341,120,2000
previous-term,rightsThreatRate-high,weak-form-off,weak-form,weak-form-no-response,weak-form-review,ablation,complianceRate,registered-component,-0.0271875,-0.04729427083333334,-0.007708333333333343,0.010335816311594881,120,2000
previous-term,rightsThreatRate-high,weak-form-off,weak-form,weak-form-no-response,weak-form-review,ablation,democraticResponsiveness,registered-component,-0.07147390152243091,-0.07334425901977375,-0.06963258879209966,0.0009646753359828441,120,2000
previous-term,rightsThreatRate-high,weak-form-off,weak-form,weak-form-no-response,weak-form-review,ablation,vetoRelocationRisk,registered-component,0.07944129230522821,0.07776752037743678,0.08117337871237684,0.0008790355234355836,120,2000
previous-term,rightsThreatRate-high,weak-form-off,weak-form,weak-form-no-response,weak-form-review,ablation,totalInstitutionalCost,registered-diagnostic,-0.004647267828546606,-0.00485369904749906,-0.004446346771767435,0.00010373283625398829,120,2000
previous-term,rightsThreatRate-high,weak-form-off,weak-form,weak-form-no-response,weak-form-review,ablation,averageLegislativeResponseDelay,additional-diagnostic,-0.42198343735173066,-0.42361907554379635,-0.42029936294770415,0.0008480565351775705,120,2000
previous-term,rightsThreatRate-high,weak-form-half-v-current,weak-form,weak-form-half-response,current-federal-court,persistence,legislativeResponseRate,registered-component,0.24781250000000002,0.23864322916666666,0.2573958333333333,0.004721457301630551,120,2000
previous-term,rightsThreatRate-high,weak-form-half-v-current,weak-form,weak-form-half-response,current-federal-court,persistence,legislativeResponseCredibility,registered-component,-0.23345296126480491,-0.23445187290136396,-0.23239736797710991,0.0005104246167499655,120,2000
previous-term,rightsThreatRate-high,weak-form-half-v-current,weak-form,weak-form-half-response,current-federal-court,persistence,timelyLegislativeResponseRate,registered-component,0.0,0.0,0.0,0.0,120,2000
previous-term,rightsThreatRate-high,weak-form-half-v-current,weak-form,weak-form-half-response,current-federal-court,persistence,rightsProtection,registered-component,-0.010776305812561605,-0.01278448570580559,-0.008934014112161014,0.0009256800564478638,120,2000
previous-term,rightsThreatRate-high,weak-form-half-v-current,weak-form,weak-form-half-response,current-federal-court,persistence,complianceRate,registered-component,0.3590625,0.34197916666666667,0.37666666666666665,0.008702807031503746,120,2000
previous-term,rightsThreatRate-high,weak-form-half-v-current,weak-form,weak-form-half-response,current-federal-court,persistence,democraticResponsiveness,registered-component,0.05945735211981929,0.05681439031494866,0.06196762602302244,0.0013036529111855163,120,2000
previous-term,rightsThreatRate-high,weak-form-half-v-current,weak-form,weak-form-half-response,current-federal-court,persistence,vetoRelocationRisk,registered-component,-0.33365134812895725,-0.33521379084850317,-0.3321251430763721,0.0007846692046027698,120,2000
previous-term,rightsThreatRate-high,weak-form-half-v-current,weak-form,weak-form-half-response,current-federal-court,persistence,totalInstitutionalCost,registered-diagnostic,-0.09291477137113384,-0.09312527302406365,-0.09269470100283146,0.00011268960124593405,120,2000
previous-term,rightsThreatRate-high,weak-form-half-v-current,weak-form,weak-form-half-response,current-federal-court,persistence,averageLegislativeResponseDelay,additional-diagnostic,0.5016615362826048,0.49935230064857966,0.5041435177395938,0.001228413073846463,120,2000
previous-term,rightsThreatRate-high,weak-form-off-v-current,weak-form,weak-form-no-response,current-federal-court,persistence,legislativeResponseRate,registered-component,0.0,0.0,0.0,0.0,120,2000
previous-term,rightsThreatRate-high,weak-form-off-v-current,weak-form,weak-form-no-response,current-federal-court,persistence,legislativeResponseCredibility,registered-component,-0.5507642558629431,-0.5516790869557949,-0.54987557287862,0.0004472604762392833,120,2000
previous-term,rightsThreatRate-high,weak-form-off-v-current,weak-form,weak-form-no-response,current-federal-court,persistence,timelyLegislativeResponseRate,registered-component,0.0,0.0,0.0,0.0,120,2000
previous-term,rightsThreatRate-high,weak-form-off-v-current,weak-form,weak-form-no-response,current-federal-court,persistence,rightsProtection,registered-component,-0.022617691165682487,-0.024732608001751602,-0.020539848629856486,0.0010166492399151033,120,2000
previous-term,rightsThreatRate-high,weak-form-off-v-current,weak-form,weak-form-no-response,current-federal-court,persistence,complianceRate,registered-component,0.345,0.32625,0.36396093749999997,0.009498083250539219,120,2000
previous-term,rightsThreatRate-high,weak-form-off-v-current,weak-form,weak-form-no-response,current-federal-court,persistence,democraticResponsiveness,registered-component,0.024250635476327574,0.02155415256170275,0.026970234478523213,0.0013516129550227554,120,2000
previous-term,rightsThreatRate-high,weak-form-off-v-current,weak-form,weak-form-no-response,current-federal-court,persistence,vetoRelocationRisk,registered-component,-0.2944243651411248,-0.2947614029288467,-0.2940800376605817,0.00017760196042114026,120,2000
previous-term,rightsThreatRate-high,weak-form-off-v-current,weak-form,weak-form-no-response,current-federal-court,persistence,totalInstitutionalCost,registered-diagnostic,-0.09527658544820734,-0.09545232644291655,-0.09509460479360697,9.236653867933415e-05,120,2000
previous-term,rightsThreatRate-high,weak-form-off-v-current,weak-form,weak-form-no-response,current-federal-court,persistence,averageLegislativeResponseDelay,additional-diagnostic,0.0,0.0,0.0,0.0,120,2000
previous-term,appointmentPolarization-low,emergency-base,emergency,reasoned-emergency-review,current-federal-court,base,emergencyReasonGivingRate,registered-component,0.8459064554003315,0.8167327502988938,0.8743026648611856,0.014840295604294156,120,2000
previous-term,appointmentPolarization-low,emergency-base,emergency,reasoned-emergency-review,current-federal-court,base,meritsFollowUpRate,registered-component,1.0,1.0,1.0,0.0,120,2000
previous-term,appointmentPolarization-low,emergency-base,emergency,reasoned-emergency-review,current-federal-court,base,averageTimeToReview,registered-component,0.0,0.0,0.0,0.0,120,2000
previous-term,appointmentPolarization-low,emergency-base,emergency,reasoned-emergency-review,current-federal-court,base,totalInstitutionalCost,registered-component,0.009654057619750578,0.009508411584416539,0.009810325902986316,7.680981600912181e-05,120,2000
previous-term,appointmentPolarization-low,emergency-base,emergency,reasoned-emergency-review,current-federal-court,base,shadowDocketAbuse,registered-component,-0.3256483474578713,-0.3340416534031287,-0.3168352121364385,0.0043813305504705365,120,2000
previous-term,appointmentPolarization-low,emergency-base,emergency,reasoned-emergency-review,current-federal-court,base,institutionalDelayCost,additional-diagnostic,0.008484406844741714,0.008273681238466208,0.008685222982831408,0.00010474809093904897,120,2000
previous-term,appointmentPolarization-low,screening-base,screening,constitutional-council,current-federal-court,base,directCourtCost,registered-diagnostic,0.1358544083333334,0.13573765979166671,0.1359747947916667,6.200647532806304e-05,120,2000
previous-term,appointmentPolarization-low,screening-base,screening,constitutional-council,current-federal-court,base,upstreamScreeningCost,registered-component,0.0020849803003893507,0.002010491697070519,0.0021573703482237355,3.742605995340284e-05,120,2000
previous-term,appointmentPolarization-low,screening-base,screening,constitutional-council,current-federal-court,base,capacityStrainCost,registered-diagnostic,0.06334072436692624,0.06265906341889464,0.06406452203650032,0.0003591698951514357,120,2000
previous-term,appointmentPolarization-low,screening-base,screening,constitutional-council,current-federal-court,base,totalInstitutionalCost,registered-diagnostic,0.08288152664088892,0.08273845331720031,0.08302856823112865,7.377551873392566e-05,120,2000
previous-term,appointmentPolarization-low,screening-base,screening,constitutional-council,current-federal-court,base,intakeAcceptanceRate,registered-diagnostic,-0.0007785508242330617,-0.0008057849303048186,-0.0007502959058640071,1.4327801548919867e-05,120,2000
previous-term,appointmentPolarization-low,screening-base,screening,constitutional-council,current-federal-court,base,councilScreenRate,registered-component,1.0,1.0,1.0,0.0,120,2000
previous-term,appointmentPolarization-low,screening-base,screening,constitutional-council,current-federal-court,base,administrativeLoad,additional-diagnostic,0.24666104166666675,0.24567938541666676,0.24767717708333342,0.0005104352662677572,120,2000
previous-term,appointmentPolarization-low,weak-form-base,weak-form,weak-form-review,current-federal-court,base,legislativeResponseRate,registered-component,0.26447916666666665,0.25551822916666667,0.27375,0.004763754947375665,120,2000
previous-term,appointmentPolarization-low,weak-form-base,weak-form,weak-form-review,current-federal-court,base,legislativeResponseCredibility,registered-component,0.05871666666666663,0.057441614583333286,0.06002937499999998,0.0006822731236922573,120,2000
previous-term,appointmentPolarization-low,weak-form-base,weak-form,weak-form-review,current-federal-court,base,timelyLegislativeResponseRate,registered-component,0.056708409930119406,0.04769572349337639,0.06613704750778043,0.004736339660583631,120,2000
previous-term,appointmentPolarization-low,weak-form-base,weak-form,weak-form-review,current-federal-court,base,rightsProtection,registered-component,0.022638952097426248,0.021130905217102862,0.02416758096463684,0.0007934978826303834,120,2000
previous-term,appointmentPolarization-low,weak-form-base,weak-form,weak-form-review,current-federal-court,base,complianceRate,registered-component,0.36281250000000004,0.3465625,0.38,0.00843010491364384,120,2000
previous-term,appointmentPolarization-low,weak-form-base,weak-form,weak-form-review,current-federal-court,base,democraticResponsiveness,registered-component,0.0711254914773751,0.06873174196257806,0.07335283603038689,0.0012156831674626494,120,2000
previous-term,appointmentPolarization-low,weak-form-base,weak-form,weak-form-review,current-federal-court,base,vetoRelocationRisk,registered-component,-0.33703788916900435,-0.338500503156243,-0.33563084983650193,0.000743115857104052,120,2000
previous-term,appointmentPolarization-low,weak-form-base,weak-form,weak-form-review,current-federal-court,base,totalInstitutionalCost,registered-diagnostic,-0.09355765788885069,-0.09379393158575612,-0.09333392372047127,0.00011498643022701406,120,2000
previous-term,appointmentPolarization-low,weak-form-base,weak-form,weak-form-review,current-federal-court,base,averageLegislativeResponseDelay,additional-diagnostic,0.4169408690317858,0.4148355957551409,0.4189807254746817,0.001054953659045319,120,2000
previous-term,appointmentPolarization-low,emergency-ablation,emergency,reasoned-with-fast-procedure,reasoned-emergency-review,ablation,emergencyReasonGivingRate,registered-component,-0.6967447267002214,-0.7263525266862431,-0.6661356027056888,0.01574828379441147,120,2000
previous-term,appointmentPolarization-low,emergency-ablation,emergency,reasoned-with-fast-procedure,reasoned-emergency-review,ablation,meritsFollowUpRate,registered-component,-1.0,-1.0,-1.0,0.0,120,2000
previous-term,appointmentPolarization-low,emergency-ablation,emergency,reasoned-with-fast-procedure,reasoned-emergency-review,ablation,averageTimeToReview,registered-component,0.0,0.0,0.0,0.0,120,2000
previous-term,appointmentPolarization-low,emergency-ablation,emergency,reasoned-with-fast-procedure,reasoned-emergency-review,ablation,totalInstitutionalCost,registered-component,-0.004419761192839275,-0.004580110622902623,-0.004258560820845401,8.377448628686343e-05,120,2000
previous-term,appointmentPolarization-low,emergency-ablation,emergency,reasoned-with-fast-procedure,reasoned-emergency-review,ablation,shadowDocketAbuse,registered-component,0.3048047368833273,0.2963016653890089,0.3131477872679333,0.004324860344529486,120,2000
previous-term,appointmentPolarization-low,emergency-ablation,emergency,reasoned-with-fast-procedure,reasoned-emergency-review,ablation,institutionalDelayCost,additional-diagnostic,-0.006664838119559159,-0.006875922625404805,-0.006451272630569459,0.00011084009121339468,120,2000
previous-term,appointmentPolarization-low,screening-ablation,screening,council-with-full-court-structure,constitutional-council,ablation,directCourtCost,registered-diagnostic,-0.097306875,-0.09744977333333332,-0.09716681166666666,7.194056210887247e-05,120,2000
previous-term,appointmentPolarization-low,screening-ablation,screening,council-with-full-court-structure,constitutional-council,ablation,upstreamScreeningCost,registered-component,5.9663648686053564e-05,4.411495029922793e-06,0.00011676647345773312,2.8286625178501602e-05,120,2000
previous-term,appointmentPolarization-low,screening-ablation,screening,council-with-full-court-structure,constitutional-council,ablation,capacityStrainCost,registered-diagnostic,-0.043843661734209304,-0.04441251919260748,-0.04329479451019676,0.00028116004948078126,120,2000
previous-term,appointmentPolarization-low,screening-ablation,screening,council-with-full-court-structure,constitutional-council,ablation,totalInstitutionalCost,registered-diagnostic,-0.05040498611590847,-0.050531699174128884,-0.0502807819999804,6.452576178890137e-05,120,2000
previous-term,appointmentPolarization-low,screening-ablation,screening,council-with-full-court-structure,constitutional-council,ablation,intakeAcceptanceRate,registered-diagnostic,-2.259504812034043e-05,-4.3203221855181103e-05,-2.090632533977214e-06,1.0272928530961442e-05,120,2000
previous-term,appointmentPolarization-low,screening-ablation,screening,council-with-full-court-structure,constitutional-council,ablation,councilScreenRate,registered-component,-1.0,-1.0,-1.0,0.0,120,2000
previous-term,appointmentPolarization-low,screening-ablation,screening,council-with-full-court-structure,constitutional-council,ablation,administrativeLoad,additional-diagnostic,-0.24098437500000008,-0.24186871354166675,-0.24010388541666677,0.0004524377696909562,120,2000
previous-term,appointmentPolarization-low,weak-form-half,weak-form,weak-form-half-response,weak-form-review,ablation,legislativeResponseRate,registered-component,-0.13447916666666665,-0.14260416666666667,-0.12666666666666668,0.004163152842594539,120,2000
previous-term,appointmentPolarization-low,weak-form-half,weak-form,weak-form-half-response,weak-form-review,ablation,legislativeResponseCredibility,registered-component,-0.3027724151095887,-0.3038505931538724,-0.301712895494401,0.0005640313611381524,120,2000
previous-term,appointmentPolarization-low,weak-form-half,weak-form,weak-form-half-response,weak-form-review,ablation,timelyLegislativeResponseRate,registered-component,-0.056708409930119406,-0.06613704750778043,-0.0476957234933764,0.004736339660583631,120,2000
previous-term,appointmentPolarization-low,weak-form-half,weak-form,weak-form-half-response,weak-form-review,ablation,rightsProtection,registered-component,-0.009343305230914024,-0.010218206550205788,-0.008407443544266285,0.00047156034597006406,120,2000
previous-term,appointmentPolarization-low,weak-form-half,weak-form,weak-form-half-response,weak-form-review,ablation,complianceRate,registered-component,0.0014583333333333401,-0.017609375,0.020942708333333313,0.009462053032809791,120,2000
previous-term,appointmentPolarization-low,weak-form-half,weak-form,weak-form-half-response,weak-form-review,ablation,democraticResponsiveness,registered-component,-0.01965837468372639,-0.021072141970557734,-0.018220797042163887,0.0007324390560702862,120,2000
previous-term,appointmentPolarization-low,weak-form-half,weak-form,weak-form-half-response,weak-form-review,ablation,vetoRelocationRisk,registered-component,0.021159648341150267,0.019899031897900377,0.022446843414712488,0.0006643554452646901,120,2000
previous-term,appointmentPolarization-low,weak-form-half,weak-form,weak-form-half-response,weak-form-review,ablation,totalInstitutionalCost,registered-diagnostic,-0.0013914173444633923,-0.0016034465274112042,-0.0011894713124490151,0.00010660153508653144,120,2000
previous-term,appointmentPolarization-low,weak-form-half,weak-form,weak-form-half-response,weak-form-review,ablation,averageLegislativeResponseDelay,additional-diagnostic,0.0802810843766584,0.07655104982199162,0.08388929616589899,0.0019457699955070182,120,2000
previous-term,appointmentPolarization-low,weak-form-off,weak-form,weak-form-no-response,weak-form-review,ablation,legislativeResponseRate,registered-component,-0.26447916666666665,-0.27375,-0.2555182291666667,0.004763754947375665,120,2000
previous-term,appointmentPolarization-low,weak-form-off,weak-form,weak-form-no-response,weak-form-review,ablation,legislativeResponseCredibility,registered-component,-0.6056010802191774,-0.6071852191992841,-0.6040464152656698,0.0008175232698380914,120,2000
previous-term,appointmentPolarization-low,weak-form-off,weak-form,weak-form-no-response,weak-form-review,ablation,timelyLegislativeResponseRate,registered-component,-0.056708409930119406,-0.06613704750778043,-0.0476957234933764,0.004736339660583631,120,2000
previous-term,appointmentPolarization-low,weak-form-off,weak-form,weak-form-no-response,weak-form-review,ablation,rightsProtection,registered-component,-0.016872808155516852,-0.01791177459894657,-0.015812121196960186,0.0005398749015031848,120,2000
previous-term,appointmentPolarization-low,weak-form-off,weak-form,weak-form-no-response,weak-form-review,ablation,complianceRate,registered-component,-0.005208333333333329,-0.022190104166666665,0.011875000000000007,0.008863044445302214,120,2000
previous-term,appointmentPolarization-low,weak-form-off,weak-form,weak-form-no-response,weak-form-review,ablation,democraticResponsiveness,registered-component,-0.039730102003812634,-0.04117698770941771,-0.03820958178650476,0.0007782206616894567,120,2000
previous-term,appointmentPolarization-low,weak-form-off,weak-form,weak-form-no-response,weak-form-review,ablation,vetoRelocationRisk,registered-component,0.04212250580355776,0.04073160996586504,0.04352791893455623,0.000734520924292615,120,2000
previous-term,appointmentPolarization-low,weak-form-off,weak-form,weak-form-no-response,weak-form-review,ablation,totalInstitutionalCost,registered-diagnostic,-0.0025507930725903924,-0.002794699461760543,-0.0023090060622987956,0.00012710393571195705,120,2000
previous-term,appointmentPolarization-low,weak-form-off,weak-form,weak-form-no-response,weak-form-review,ablation,averageLegislativeResponseDelay,additional-diagnostic,-0.4169408690317858,-0.4189807254746817,-0.41483559575514095,0.001054953659045319,120,2000
previous-term,appointmentPolarization-low,weak-form-half-v-current,weak-form,weak-form-half-response,current-federal-court,persistence,legislativeResponseRate,registered-component,0.13,0.1225,0.13770833333333332,0.003804459825760594,120,2000
previous-term,appointmentPolarization-low,weak-form-half-v-current,weak-form,weak-form-half-response,current-federal-court,persistence,legislativeResponseCredibility,registered-component,-0.24405574844292208,-0.24485775377155972,-0.24329497308654285,0.00040040656128669503,120,2000
previous-term,appointmentPolarization-low,weak-form-half-v-current,weak-form,weak-form-half-response,current-federal-court,persistence,timelyLegislativeResponseRate,registered-component,0.0,0.0,0.0,0.0,120,2000
previous-term,appointmentPolarization-low,weak-form-half-v-current,weak-form,weak-form-half-response,current-federal-court,persistence,rightsProtection,registered-component,0.013295646866512224,0.011656389973569752,0.014945737672810454,0.0008839019172833658,120,2000
previous-term,appointmentPolarization-low,weak-form-half-v-current,weak-form,weak-form-half-response,current-federal-court,persistence,complianceRate,registered-component,0.3642708333333333,0.3467708333333333,0.3815625,0.008718299711188433,120,2000
previous-term,appointmentPolarization-low,weak-form-half-v-current,weak-form,weak-form-half-response,current-federal-court,persistence,democraticResponsiveness,registered-component,0.05146711679364871,0.04920340098033638,0.053703725957035243,0.0011878508190218673,120,2000
previous-term,appointmentPolarization-low,weak-form-half-v-current,weak-form,weak-form-half-response,current-federal-court,persistence,vetoRelocationRisk,registered-component,-0.31587824082785404,-0.3171113060226845,-0.3146265855423918,0.0006296925287590604,120,2000
previous-term,appointmentPolarization-low,weak-form-half-v-current,weak-form,weak-form-half-response,current-federal-court,persistence,totalInstitutionalCost,registered-diagnostic,-0.0949490752333141,-0.09513810136259845,-0.09475948396661361,9.823058602726582e-05,120,2000
previous-term,appointmentPolarization-low,weak-form-half-v-current,weak-form,weak-form-half-response,current-federal-court,persistence,averageLegislativeResponseDelay,additional-diagnostic,0.4972219534084442,0.49435240800261643,0.4999579460845044,0.00150858870705711,120,2000
previous-term,appointmentPolarization-low,weak-form-off-v-current,weak-form,weak-form-no-response,current-federal-court,persistence,legislativeResponseRate,registered-component,0.0,0.0,0.0,0.0,120,2000
previous-term,appointmentPolarization-low,weak-form-off-v-current,weak-form,weak-form-no-response,current-federal-court,persistence,legislativeResponseCredibility,registered-component,-0.5468844135525107,-0.5476664722318995,-0.5460891952083174,0.00040095532061170834,120,2000
previous-term,appointmentPolarization-low,weak-form-off-v-current,weak-form,weak-form-no-response,current-federal-court,persistence,timelyLegislativeResponseRate,registered-component,0.0,0.0,0.0,0.0,120,2000
previous-term,appointmentPolarization-low,weak-form-off-v-current,weak-form,weak-form-no-response,current-federal-court,persistence,rightsProtection,registered-component,0.005766143941909397,0.003944072008479944,0.007577814392076194,0.0009533414664620208,120,2000
previous-term,appointmentPolarization-low,weak-form-off-v-current,weak-form,weak-form-no-response,current-federal-court,persistence,complianceRate,registered-component,0.35760416666666667,0.34187239583333334,0.3721875,0.007983230182064312,120,2000
previous-term,appointmentPolarization-low,weak-form-off-v-current,weak-form,weak-form-no-response,current-federal-court,persistence,democraticResponsiveness,registered-component,0.03139538947356247,0.029290628132964857,0.03342083523242376,0.0011163670664573568,120,2000
previous-term,appointmentPolarization-low,weak-form-off-v-current,weak-form,weak-form-no-response,current-federal-court,persistence,vetoRelocationRisk,registered-component,-0.29491538336544654,-0.2953410393552351,-0.2945156073164277,0.00020838746865315666,120,2000
previous-term,appointmentPolarization-low,weak-form-off-v-current,weak-form,weak-form-no-response,current-federal-court,persistence,totalInstitutionalCost,registered-diagnostic,-0.09610845096144109,-0.09627931444246451,-0.09593747138135947,9.188473482546705e-05,120,2000
previous-term,appointmentPolarization-low,weak-form-off-v-current,weak-form,weak-form-no-response,current-federal-court,persistence,averageLegislativeResponseDelay,additional-diagnostic,0.0,0.0,0.0,0.0,120,2000
previous-term,appointmentPolarization-high,emergency-base,emergency,reasoned-emergency-review,current-federal-court,base,emergencyReasonGivingRate,registered-component,0.8486430224156927,0.8259581847752488,0.8721824960625786,0.012174379282811378,120,2000
previous-term,appointmentPolarization-high,emergency-base,emergency,reasoned-emergency-review,current-federal-court,base,meritsFollowUpRate,registered-component,1.0,1.0,1.0,0.0,120,2000
previous-term,appointmentPolarization-high,emergency-base,emergency,reasoned-emergency-review,current-federal-court,base,averageTimeToReview,registered-component,0.0,0.0,0.0,0.0,120,2000
previous-term,appointmentPolarization-high,emergency-base,emergency,reasoned-emergency-review,current-federal-court,base,totalInstitutionalCost,registered-component,0.009849611940610585,0.009709086338706988,0.009977653984885124,7.07506918756129e-05,120,2000
previous-term,appointmentPolarization-high,emergency-base,emergency,reasoned-emergency-review,current-federal-court,base,shadowDocketAbuse,registered-component,-0.31997813527744967,-0.32716048595117725,-0.3132598417140978,0.0035854936337140885,120,2000
previous-term,appointmentPolarization-high,emergency-base,emergency,reasoned-emergency-review,current-federal-court,base,institutionalDelayCost,additional-diagnostic,0.008194390616486651,0.008018046514962235,0.008383977329210555,9.555600858570793e-05,120,2000
previous-term,appointmentPolarization-high,screening-base,screening,constitutional-council,current-federal-court,base,directCourtCost,registered-diagnostic,0.13593641666666667,0.1358056475,0.13605900458333337,6.51716986566179e-05,120,2000
previous-term,appointmentPolarization-high,screening-base,screening,constitutional-council,current-federal-court,base,upstreamScreeningCost,registered-component,0.0019926497046641235,0.0019299151486068876,0.00206206434703341,3.429893934232994e-05,120,2000
previous-term,appointmentPolarization-high,screening-base,screening,constitutional-council,current-federal-court,base,capacityStrainCost,registered-diagnostic,0.06404528313644275,0.06342016787370007,0.06465054866169109,0.00031426408961178633,120,2000
previous-term,appointmentPolarization-high,screening-base,screening,constitutional-council,current-federal-court,base,totalInstitutionalCost,registered-diagnostic,0.08301810321863079,0.08288298157703641,0.08314740057617606,6.767857317229028e-05,120,2000
previous-term,appointmentPolarization-high,screening-base,screening,constitutional-council,current-federal-court,base,intakeAcceptanceRate,registered-diagnostic,-0.0007465816502806473,-0.0007732195151735409,-0.0007220725213507418,1.3278155104736857e-05,120,2000
previous-term,appointmentPolarization-high,screening-base,screening,constitutional-council,current-federal-court,base,councilScreenRate,registered-component,1.0,1.0,1.0,0.0,120,2000
previous-term,appointmentPolarization-high,screening-base,screening,constitutional-council,current-federal-court,base,administrativeLoad,additional-diagnostic,0.24765333333333345,0.2466977708333334,0.24855429687500008,0.0004760719451568774,120,2000
previous-term,appointmentPolarization-high,weak-form-base,weak-form,weak-form-review,current-federal-court,base,legislativeResponseRate,registered-component,0.27416666666666667,0.26458072916666664,0.2837526041666667,0.004820239677742905,120,2000
previous-term,appointmentPolarization-high,weak-form-base,weak-form,weak-form-review,current-federal-court,base,legislativeResponseCredibility,registered-component,0.05856249999999992,0.05720208333333326,0.05998791666666656,0.000722008279649444,120,2000
previous-term,appointmentPolarization-high,weak-form-base,weak-form,weak-form-review,current-federal-court,base,timelyLegislativeResponseRate,registered-component,0.05054038062447712,0.04215824359331592,0.05966389660958218,0.004433359047977904,120,2000
previous-term,appointmentPolarization-high,weak-form-base,weak-form,weak-form-review,current-federal-court,base,rightsProtection,registered-component,0.027741828096639477,0.025956723308724592,0.029514824244417575,0.0009246244761964866,120,2000
previous-term,appointmentPolarization-high,weak-form-base,weak-form,weak-form-review,current-federal-court,base,complianceRate,registered-component,0.36583333333333334,0.35030989583333333,0.38218749999999996,0.008154685231396484,120,2000
previous-term,appointmentPolarization-high,weak-form-base,weak-form,weak-form-review,current-federal-court,base,democraticResponsiveness,registered-component,0.07739595259768957,0.07486969639778168,0.08002247616170563,0.001294968144724294,120,2000
previous-term,appointmentPolarization-high,weak-form-base,weak-form,weak-form-review,current-federal-court,base,vetoRelocationRisk,registered-component,-0.33940087518198697,-0.3409615473896079,-0.33786604119937713,0.0007707031099020814,120,2000
previous-term,appointmentPolarization-high,weak-form-base,weak-form,weak-form-review,current-federal-court,base,totalInstitutionalCost,registered-diagnostic,-0.09317649560348719,-0.09338260486124311,-0.09297027736820695,0.00010269120029191573,120,2000
previous-term,appointmentPolarization-high,weak-form-base,weak-form,weak-form-review,current-federal-court,base,averageLegislativeResponseDelay,additional-diagnostic,0.41615878192098477,0.4141956065258799,0.4181702318809315,0.0010381229292261362,120,2000
previous-term,appointmentPolarization-high,emergency-ablation,emergency,reasoned-with-fast-procedure,reasoned-emergency-review,ablation,emergencyReasonGivingRate,registered-component,-0.6894016265773011,-0.7148298411105047,-0.6644834664950954,0.013421213774931329,120,2000
previous-term,appointmentPolarization-high,emergency-ablation,emergency,reasoned-with-fast-procedure,reasoned-emergency-review,ablation,meritsFollowUpRate,registered-component,-1.0,-1.0,-1.0,0.0,120,2000
previous-term,appointmentPolarization-high,emergency-ablation,emergency,reasoned-with-fast-procedure,reasoned-emergency-review,ablation,averageTimeToReview,registered-component,0.0,0.0,0.0,0.0,120,2000
previous-term,appointmentPolarization-high,emergency-ablation,emergency,reasoned-with-fast-procedure,reasoned-emergency-review,ablation,totalInstitutionalCost,registered-component,-0.004474807634053422,-0.004608763488821769,-0.004332944988283479,7.362567301532756e-05,120,2000
previous-term,appointmentPolarization-high,emergency-ablation,emergency,reasoned-with-fast-procedure,reasoned-emergency-review,ablation,shadowDocketAbuse,registered-component,0.3071978139425315,0.3000648571428014,0.3148225638469682,0.003926072513919187,120,2000
previous-term,appointmentPolarization-high,emergency-ablation,emergency,reasoned-with-fast-procedure,reasoned-emergency-review,ablation,institutionalDelayCost,additional-diagnostic,-0.006561224977307001,-0.006751982013351941,-0.0063872939975903355,9.715306256177749e-05,120,2000
previous-term,appointmentPolarization-high,screening-ablation,screening,council-with-full-court-structure,constitutional-council,ablation,directCourtCost,registered-diagnostic,-0.09719642499999998,-0.09733085291666667,-0.09705951604166664,7.09907533949099e-05,120,2000
previous-term,appointmentPolarization-high,screening-ablation,screening,council-with-full-court-structure,constitutional-council,ablation,upstreamScreeningCost,registered-component,-1.0335141590707881e-05,-6.148609275948615e-05,3.88127149989633e-05,2.5366696555518845e-05,120,2000
previous-term,appointmentPolarization-high,screening-ablation,screening,council-with-full-court-structure,constitutional-council,ablation,capacityStrainCost,registered-diagnostic,-0.04309075259439381,-0.04356856039667676,-0.04258931698162112,0.00025001655836946887,120,2000
previous-term,appointmentPolarization-high,screening-ablation,screening,council-with-full-court-structure,constitutional-council,ablation,totalInstitutionalCost,registered-diagnostic,-0.05024318128408908,-0.050361853173840024,-0.05012710909020264,5.8826298822232735e-05,120,2000
previous-term,appointmentPolarization-high,screening-ablation,screening,council-with-full-court-structure,constitutional-council,ablation,intakeAcceptanceRate,registered-diagnostic,3.102964345721183e-06,-1.5060034486343187e-05,2.155577758211703e-05,9.318898740767278e-06,120,2000
previous-term,appointmentPolarization-high,screening-ablation,screening,council-with-full-court-structure,constitutional-council,ablation,councilScreenRate,registered-component,-1.0,-1.0,-1.0,0.0,120,2000
previous-term,appointmentPolarization-high,screening-ablation,screening,council-with-full-court-structure,constitutional-council,ablation,administrativeLoad,additional-diagnostic,-0.2398756250000001,-0.24070164062500007,-0.23907218750000006,0.00041492185050387214,120,2000
previous-term,appointmentPolarization-high,weak-form-half,weak-form,weak-form-half-response,weak-form-review,ablation,legislativeResponseRate,registered-component,-0.1340625,-0.14239583333333333,-0.12552083333333333,0.0042592030958742465,120,2000
previous-term,appointmentPolarization-high,weak-form-half,weak-form,weak-form-half-response,weak-form-review,ablation,legislativeResponseCredibility,registered-component,-0.3036434173845268,-0.30481587070891986,-0.3025895492150048,0.0005575012210321965,120,2000
previous-term,appointmentPolarization-high,weak-form-half,weak-form,weak-form-half-response,weak-form-review,ablation,timelyLegislativeResponseRate,registered-component,-0.05054038062447712,-0.059663896609582184,-0.04215824359331593,0.004433359047977904,120,2000
previous-term,appointmentPolarization-high,weak-form-half,weak-form,weak-form-half-response,weak-form-review,ablation,rightsProtection,registered-component,-0.010980487283412936,-0.011934937361768094,-0.009995182300620895,0.0004949796048626189,120,2000
previous-term,appointmentPolarization-high,weak-form-half,weak-form,weak-form-half-response,weak-form-review,ablation,complianceRate,registered-component,-0.0034375,-0.020104166666666663,0.012927083333333277,0.008425560854791039,120,2000
previous-term,appointmentPolarization-high,weak-form-half,weak-form,weak-form-half-response,weak-form-review,ablation,democraticResponsiveness,registered-component,-0.020646732122370767,-0.022017305118460503,-0.019273182502466252,0.0006874975876350535,120,2000
previous-term,appointmentPolarization-high,weak-form-half,weak-form,weak-form-half-response,weak-form-review,ablation,vetoRelocationRisk,registered-component,0.021636638849454225,0.02029628861962316,0.022988388133629026,0.0006826691940006976,120,2000
previous-term,appointmentPolarization-high,weak-form-half,weak-form,weak-form-half-response,weak-form-review,ablation,totalInstitutionalCost,registered-diagnostic,-0.0012907559285141325,-0.0014866383355989568,-0.0010884014087202201,0.00010184268027613183,120,2000
previous-term,appointmentPolarization-high,weak-form-half,weak-form,weak-form-half-response,weak-form-review,ablation,averageLegislativeResponseDelay,additional-diagnostic,0.07899351991854879,0.07550605287700232,0.0824162501979383,0.0018229402892733927,120,2000
previous-term,appointmentPolarization-high,weak-form-off,weak-form,weak-form-no-response,weak-form-review,ablation,legislativeResponseRate,registered-component,-0.27416666666666667,-0.28375260416666664,-0.2645807291666667,0.004820239677742905,120,2000
previous-term,appointmentPolarization-high,weak-form-off,weak-form,weak-form-no-response,weak-form-review,ablation,legislativeResponseCredibility,registered-component,-0.6075868347690536,-0.6091152623116888,-0.6061649390993797,0.0007629597348673964,120,2000
previous-term,appointmentPolarization-high,weak-form-off,weak-form,weak-form-no-response,weak-form-review,ablation,timelyLegislativeResponseRate,registered-component,-0.05054038062447712,-0.059663896609582184,-0.04215824359331593,0.004433359047977904,120,2000
previous-term,appointmentPolarization-high,weak-form-off,weak-form,weak-form-no-response,weak-form-review,ablation,rightsProtection,registered-component,-0.018957431841215882,-0.019951693168739123,-0.018002464358900613,0.0005019375617401656,120,2000
previous-term,appointmentPolarization-high,weak-form-off,weak-form,weak-form-no-response,weak-form-review,ablation,complianceRate,registered-component,0.0026041666666666674,-0.012919270833333335,0.01906510416666666,0.008297228992727015,120,2000
previous-term,appointmentPolarization-high,weak-form-off,weak-form,weak-form-no-response,weak-form-review,ablation,democraticResponsiveness,registered-component,-0.04223007980979732,-0.04383227606092655,-0.040710801542403766,0.0007873661345538323,120,2000
previous-term,appointmentPolarization-high,weak-form-off,weak-form,weak-form-no-response,weak-form-review,ablation,vetoRelocationRisk,registered-component,0.043995368444101304,0.0424848482000868,0.04556088465118815,0.0007784082898872796,120,2000
previous-term,appointmentPolarization-high,weak-form-off,weak-form,weak-form-no-response,weak-form-review,ablation,totalInstitutionalCost,registered-diagnostic,-0.002639028451634207,-0.002856147319908108,-0.0024239454276111516,0.00010897236788375582,120,2000
previous-term,appointmentPolarization-high,weak-form-off,weak-form,weak-form-no-response,weak-form-review,ablation,averageLegislativeResponseDelay,additional-diagnostic,-0.41615878192098477,-0.4181702318809315,-0.41419560652587983,0.0010381229292261362,120,2000
previous-term,appointmentPolarization-high,weak-form-half-v-current,weak-form,weak-form-half-response,current-federal-court,persistence,legislativeResponseRate,registered-component,0.14010416666666667,0.1326015625,0.14791927083333334,0.0038911794953860445,120,2000
previous-term,appointmentPolarization-high,weak-form-half-v-current,weak-form,weak-form-half-response,current-federal-court,persistence,legislativeResponseCredibility,registered-component,-0.2450809173845269,-0.2459070245636409,-0.24429065786541204,0.0004331525642593547,120,2000
previous-term,appointmentPolarization-high,weak-form-half-v-current,weak-form,weak-form-half-response,current-federal-court,persistence,timelyLegislativeResponseRate,registered-component,0.0,0.0,0.0,0.0,120,2000
previous-term,appointmentPolarization-high,weak-form-half-v-current,weak-form,weak-form-half-response,current-federal-court,persistence,rightsProtection,registered-component,0.01676134081322654,0.014988723909608304,0.018587932492802314,0.0009363474625905568,120,2000
previous-term,appointmentPolarization-high,weak-form-half-v-current,weak-form,weak-form-half-response,current-federal-court,persistence,complianceRate,registered-component,0.3623958333333333,0.3448932291666666,0.37885416666666666,0.008705991561550849,120,2000
previous-term,appointmentPolarization-high,weak-form-half-v-current,weak-form,weak-form-half-response,current-federal-court,persistence,democraticResponsiveness,registered-component,0.0567492204753188,0.054475765490613434,0.05905297975764866,0.001180878857693597,120,2000
previous-term,appointmentPolarization-high,weak-form-half-v-current,weak-form,weak-form-half-response,current-federal-court,persistence,vetoRelocationRisk,registered-component,-0.31776423633253276,-0.31902686771246663,-0.31652793185416017,0.0006378936624892955,120,2000
previous-term,appointmentPolarization-high,weak-form-half-v-current,weak-form,weak-form-half-response,current-federal-court,persistence,totalInstitutionalCost,registered-diagnostic,-0.09446725153200132,-0.09465134827529172,-0.09427650240641183,9.743674939233148e-05,120,2000
previous-term,appointmentPolarization-high,weak-form-half-v-current,weak-form,weak-form-half-response,current-federal-court,persistence,averageLegislativeResponseDelay,additional-diagnostic,0.4951523018395335,0.49220224777172955,0.4982141861601842,0.001555574582906267,120,2000
previous-term,appointmentPolarization-high,weak-form-off-v-current,weak-form,weak-form-no-response,current-federal-court,persistence,legislativeResponseRate,registered-component,0.0,0.0,0.0,0.0,120,2000
previous-term,appointmentPolarization-high,weak-form-off-v-current,weak-form,weak-form-no-response,current-federal-court,persistence,legislativeResponseCredibility,registered-component,-0.5490243347690538,-0.5498096001215056,-0.5482354038944438,0.0003913865276039362,120,2000
previous-term,appointmentPolarization-high,weak-form-off-v-current,weak-form,weak-form-no-response,current-federal-court,persistence,timelyLegislativeResponseRate,registered-component,0.0,0.0,0.0,0.0,120,2000
previous-term,appointmentPolarization-high,weak-form-off-v-current,weak-form,weak-form-no-response,current-federal-court,persistence,rightsProtection,registered-component,0.008784396255423595,0.007006989915405239,0.010596495069232166,0.0009263924363449344,120,2000
previous-term,appointmentPolarization-high,weak-form-off-v-current,weak-form,weak-form-no-response,current-federal-court,persistence,complianceRate,registered-component,0.3684375,0.3496875,0.3857291666666667,0.009530930707100824,120,2000
previous-term,appointmentPolarization-high,weak-form-off-v-current,weak-form,weak-form-no-response,current-federal-court,persistence,democraticResponsiveness,registered-component,0.03516587278789225,0.03269283821334365,0.037650616876039246,0.0012496675362563352,120,2000
previous-term,appointmentPolarization-high,weak-form-off-v-current,weak-form,weak-form-no-response,current-federal-court,persistence,vetoRelocationRisk,registered-component,-0.29540550673788574,-0.29584050237776793,-0.29497500849061253,0.00021295194144357974,120,2000
previous-term,appointmentPolarization-high,weak-form-off-v-current,weak-form,weak-form-no-response,current-federal-court,persistence,totalInstitutionalCost,registered-diagnostic,-0.0958155240551214,-0.095992357129405,-0.09564252367517126,8.89242067041264e-05,120,2000
previous-term,appointmentPolarization-high,weak-form-off-v-current,weak-form,weak-form-no-response,current-federal-court,persistence,averageLegislativeResponseDelay,additional-diagnostic,0.0,0.0,0.0,0.0,120,2000
previous-term,legislativeConflict-low,emergency-base,emergency,reasoned-emergency-review,current-federal-court,base,emergencyReasonGivingRate,registered-component,0.8335619806797075,0.8036745649465775,0.8622677610098163,0.015105938886002644,120,2000
previous-term,legislativeConflict-low,emergency-base,emergency,reasoned-emergency-review,current-federal-court,base,meritsFollowUpRate,registered-component,0.9916666666666667,0.975,1.0,0.008333333333333333,120,2000
previous-term,legislativeConflict-low,emergency-base,emergency,reasoned-emergency-review,current-federal-court,base,averageTimeToReview,registered-component,0.0,0.0,0.0,0.0,120,2000
previous-term,legislativeConflict-low,emergency-base,emergency,reasoned-emergency-review,current-federal-court,base,totalInstitutionalCost,registered-component,0.009726836693520485,0.009584877312965616,0.009870208204083417,7.388945097246407e-05,120,2000
previous-term,legislativeConflict-low,emergency-base,emergency,reasoned-emergency-review,current-federal-court,base,shadowDocketAbuse,registered-component,-0.3176460551565423,-0.32484818321822556,-0.3106172792853409,0.0036477134711277327,120,2000
previous-term,legislativeConflict-low,emergency-base,emergency,reasoned-emergency-review,current-federal-court,base,institutionalDelayCost,additional-diagnostic,0.00840437313067609,0.008210201959525074,0.008596539225479136,0.00010143897682126825,120,2000
previous-term,legislativeConflict-low,screening-base,screening,constitutional-council,current-federal-court,base,directCourtCost,registered-diagnostic,0.13586736666666668,0.1357412270833334,0.13600259000000003,6.721410221732889e-05,120,2000
previous-term,legislativeConflict-low,screening-base,screening,constitutional-council,current-federal-court,base,upstreamScreeningCost,registered-component,0.002158944787797155,0.0020822203427560072,0.002238104790082612,3.920793777379275e-05,120,2000
previous-term,legislativeConflict-low,screening-base,screening,constitutional-council,current-federal-court,base,capacityStrainCost,registered-diagnostic,0.06358809652519812,0.06288882624910005,0.06431091954744621,0.0003641102940598853,120,2000
previous-term,legislativeConflict-low,screening-base,screening,constitutional-council,current-federal-court,base,totalInstitutionalCost,registered-diagnostic,0.08295304356018963,0.08280775840100647,0.08310181036485449,7.637317771309617e-05,120,2000
previous-term,legislativeConflict-low,screening-base,screening,constitutional-council,current-federal-court,base,intakeAcceptanceRate,registered-diagnostic,-0.0007968661199222358,-0.0008263044786177533,-0.0007676511698274472,1.4815222903212762e-05,120,2000
previous-term,legislativeConflict-low,screening-base,screening,constitutional-council,current-federal-court,base,councilScreenRate,registered-component,1.0,1.0,1.0,0.0,120,2000
previous-term,legislativeConflict-low,screening-base,screening,constitutional-council,current-federal-court,base,administrativeLoad,additional-diagnostic,0.2468933333333334,0.24586768229166675,0.2479389270833334,0.0005328424955995065,120,2000
previous-term,legislativeConflict-low,weak-form-base,weak-form,weak-form-review,current-federal-court,base,legislativeResponseRate,registered-component,0.24229166666666666,0.2338515625,0.25083333333333335,0.004521442003585071,120,2000
previous-term,legislativeConflict-low,weak-form-base,weak-form,weak-form-review,current-federal-court,base,legislativeResponseCredibility,registered-component,0.05469791666666663,0.0533416145833333,0.05611880208333329,0.0007337436135448317,120,2000
previous-term,legislativeConflict-low,weak-form-base,weak-form,weak-form-review,current-federal-court,base,timelyLegislativeResponseRate,registered-component,0.23927152662665238,0.22316903814544561,0.2545646816104352,0.008559677309957154,120,2000
previous-term,legislativeConflict-low,weak-form-base,weak-form,weak-form-review,current-federal-court,base,rightsProtection,registered-component,0.024246522201992134,0.022789599058610117,0.02566698642637732,0.0007656095202007401,120,2000
previous-term,legislativeConflict-low,weak-form-base,weak-form,weak-form-review,current-federal-court,base,complianceRate,registered-component,0.29458333333333336,0.27458333333333335,0.314375,0.010335891298104733,120,2000
previous-term,legislativeConflict-low,weak-form-base,weak-form,weak-form-review,current-federal-court,base,democraticResponsiveness,registered-component,0.08008195245885386,0.07781232247003987,0.08249876913627456,0.0012099471417451192,120,2000
previous-term,legislativeConflict-low,weak-form-base,weak-form,weak-form-review,current-federal-court,base,vetoRelocationRisk,registered-component,-0.3354677414826081,-0.3368361387892202,-0.3341024665042195,0.0007144238628826172,120,2000
previous-term,legislativeConflict-low,weak-form-base,weak-form,weak-form-review,current-federal-court,base,totalInstitutionalCost,registered-diagnostic,-0.09415583652159101,-0.0943553453546343,-0.09394912605665869,0.00010493967609538533,120,2000
previous-term,legislativeConflict-low,weak-form-base,weak-form,weak-form-review,current-federal-court,base,averageLegislativeResponseDelay,additional-diagnostic,0.37523032298947584,0.3730674258182464,0.37747726171402624,0.001161926228738213,120,2000
previous-term,legislativeConflict-low,emergency-ablation,emergency,reasoned-with-fast-procedure,reasoned-emergency-review,ablation,emergencyReasonGivingRate,registered-component,-0.6906360562211474,-0.7223748255972163,-0.6590395855193348,0.01603551267406208,120,2000
previous-term,legislativeConflict-low,emergency-ablation,emergency,reasoned-with-fast-procedure,reasoned-emergency-review,ablation,meritsFollowUpRate,registered-component,-0.9916666666666667,-1.0,-0.975,0.008333333333333333,120,2000
previous-term,legislativeConflict-low,emergency-ablation,emergency,reasoned-with-fast-procedure,reasoned-emergency-review,ablation,averageTimeToReview,registered-component,0.0,0.0,0.0,0.0,120,2000
previous-term,legislativeConflict-low,emergency-ablation,emergency,reasoned-with-fast-procedure,reasoned-emergency-review,ablation,totalInstitutionalCost,registered-component,-0.004530448697905935,-0.0046704205611879,-0.0043942099959035094,7.108814586254842e-05,120,2000
previous-term,legislativeConflict-low,emergency-ablation,emergency,reasoned-with-fast-procedure,reasoned-emergency-review,ablation,shadowDocketAbuse,registered-component,0.2971354875502186,0.289700894801394,0.304490931383268,0.003936143469877517,120,2000
previous-term,legislativeConflict-low,emergency-ablation,emergency,reasoned-with-fast-procedure,reasoned-emergency-review,ablation,institutionalDelayCost,additional-diagnostic,-0.0065820607415438435,-0.006778577607310362,-0.006394100971037189,9.798647573060868e-05,120,2000
previous-term,legislativeConflict-low,screening-ablation,screening,council-with-full-court-structure,constitutional-council,ablation,directCourtCost,registered-diagnostic,-0.097242975,-0.097389485625,-0.09709708083333332,7.25358053789615e-05,120,2000
previous-term,legislativeConflict-low,screening-ablation,screening,council-with-full-court-structure,constitutional-council,ablation,upstreamScreeningCost,registered-component,1.664970298874228e-05,-4.996623088707022e-05,7.979706437266826e-05,3.26812826265665e-05,120,2000
previous-term,legislativeConflict-low,screening-ablation,screening,council-with-full-court-structure,constitutional-council,ablation,capacityStrainCost,registered-diagnostic,-0.043421437698007534,-0.044028536927031806,-0.042782610815254786,0.00031362850862124206,120,2000
previous-term,legislativeConflict-low,screening-ablation,screening,council-with-full-court-structure,constitutional-council,ablation,totalInstitutionalCost,registered-diagnostic,-0.05031458847620551,-0.050450396107158416,-0.05016633239252828,6.955558930664364e-05,120,2000
previous-term,legislativeConflict-low,screening-ablation,screening,council-with-full-court-structure,constitutional-council,ablation,intakeAcceptanceRate,registered-diagnostic,-5.50504994517578e-06,-2.8555428849529398e-05,1.8438868147230826e-05,1.174473495670538e-05,120,2000
previous-term,legislativeConflict-low,screening-ablation,screening,council-with-full-court-structure,constitutional-council,ablation,councilScreenRate,registered-component,-1.0,-1.0,-1.0,0.0,120,2000
previous-term,legislativeConflict-low,screening-ablation,screening,council-with-full-court-structure,constitutional-council,ablation,administrativeLoad,additional-diagnostic,-0.2403543750000001,-0.2413046666666668,-0.23931246875000015,0.0004877665419527347,120,2000
previous-term,legislativeConflict-low,weak-form-half,weak-form,weak-form-half-response,weak-form-review,ablation,legislativeResponseRate,registered-component,-0.11697916666666666,-0.12395833333333334,-0.11020833333333332,0.0034875348046682166,120,2000
previous-term,legislativeConflict-low,weak-form-half,weak-form,weak-form-half-response,weak-form-review,ablation,legislativeResponseCredibility,registered-component,-0.3223231957333327,-0.3233313298193616,-0.3213459519045523,0.0005238464988616983,120,2000
previous-term,legislativeConflict-low,weak-form-half,weak-form,weak-form-half-response,weak-form-review,ablation,timelyLegislativeResponseRate,registered-component,-0.23927152662665238,-0.2545646816104352,-0.22316903814544561,0.008559677309957154,120,2000
previous-term,legislativeConflict-low,weak-form-half,weak-form,weak-form-half-response,weak-form-review,ablation,rightsProtection,registered-component,-0.011645434642117841,-0.012540956364253288,-0.010686506087498758,0.0004892401292962543,120,2000
previous-term,legislativeConflict-low,weak-form-half,weak-form,weak-form-half-response,weak-form-review,ablation,complianceRate,registered-component,-0.007604166666666673,-0.019791666666666666,0.004065104166666648,0.005960185053881908,120,2000
previous-term,legislativeConflict-low,weak-form-half,weak-form,weak-form-half-response,weak-form-review,ablation,democraticResponsiveness,registered-component,-0.01673091276470565,-0.01792997476999012,-0.01543576734571297,0.0006539727067065342,120,2000
previous-term,legislativeConflict-low,weak-form-half,weak-form,weak-form-half-response,weak-form-review,ablation,vetoRelocationRisk,registered-component,0.018635295802617545,0.017493103240458552,0.01976767297504818,0.0005926468387738338,120,2000
previous-term,legislativeConflict-low,weak-form-half,weak-form,weak-form-half-response,weak-form-review,ablation,totalInstitutionalCost,registered-diagnostic,-0.0011207538611949439,-0.001329492407046357,-0.0009042511050216205,0.0001079966105736086,120,2000
previous-term,legislativeConflict-low,weak-form-half,weak-form,weak-form-half-response,weak-form-review,ablation,averageLegislativeResponseDelay,additional-diagnostic,0.08341307807765323,0.07904319237404787,0.08753273204018326,0.002161716043177461,120,2000
previous-term,legislativeConflict-low,weak-form-off,weak-form,weak-form-no-response,weak-form-review,ablation,legislativeResponseRate,registered-component,-0.24229166666666666,-0.25083333333333335,-0.23385156250000003,0.004521442003585071,120,2000
previous-term,legislativeConflict-low,weak-form-off,weak-form,weak-form-no-response,weak-form-review,ablation,legislativeResponseCredibility,registered-component,-0.6449276414666654,-0.6463549377244233,-0.6435487088490597,0.0007457594586201207,120,2000
previous-term,legislativeConflict-low,weak-form-off,weak-form,weak-form-no-response,weak-form-review,ablation,timelyLegislativeResponseRate,registered-component,-0.23927152662665238,-0.2545646816104352,-0.22316903814544561,0.008559677309957154,120,2000
previous-term,legislativeConflict-low,weak-form-off,weak-form,weak-form-no-response,weak-form-review,ablation,rightsProtection,registered-component,-0.01908024059899797,-0.020051317261513796,-0.018047481740434548,0.0005318993936249077,120,2000
previous-term,legislativeConflict-low,weak-form-off,weak-form,weak-form-no-response,weak-form-review,ablation,complianceRate,registered-component,-0.00635416666666667,-0.01822916666666667,0.0054192708333333185,0.006005358822585198,120,2000
previous-term,legislativeConflict-low,weak-form-off,weak-form,weak-form-no-response,weak-form-review,ablation,democraticResponsiveness,registered-component,-0.036234200652887995,-0.03772238134633707,-0.03475968376773108,0.0007622812789020145,120,2000
previous-term,legislativeConflict-low,weak-form-off,weak-form,weak-form-no-response,weak-form-review,ablation,vetoRelocationRisk,registered-component,0.03871222002264391,0.037312552648886874,0.04009185842567943,0.0007289106890022251,120,2000
previous-term,legislativeConflict-low,weak-form-off,weak-form,weak-form-no-response,weak-form-review,ablation,totalInstitutionalCost,registered-diagnostic,-0.0022931201919378615,-0.0024819568276057253,-0.002083857513113809,0.00010460818504727684,120,2000
previous-term,legislativeConflict-low,weak-form-off,weak-form,weak-form-no-response,weak-form-review,ablation,averageLegislativeResponseDelay,additional-diagnostic,-0.37523032298947584,-0.37747726171402624,-0.3730674258182465,0.001161926228738213,120,2000
previous-term,legislativeConflict-low,weak-form-half-v-current,weak-form,weak-form-half-response,current-federal-court,persistence,legislativeResponseRate,registered-component,0.1253125,0.119375,0.13145833333333334,0.0032459523518018666,120,2000
previous-term,legislativeConflict-low,weak-form-half-v-current,weak-form,weak-form-half-response,current-federal-court,persistence,legislativeResponseCredibility,registered-component,-0.2676252790666661,-0.2684301222154423,-0.26685560616724247,0.0004139050250607649,120,2000
previous-term,legislativeConflict-low,weak-form-half-v-current,weak-form,weak-form-half-response,current-federal-court,persistence,timelyLegislativeResponseRate,registered-component,0.0,0.0,0.0,0.0,120,2000
previous-term,legislativeConflict-low,weak-form-half-v-current,weak-form,weak-form-half-response,current-federal-court,persistence,rightsProtection,registered-component,0.012601087559874291,0.011077862144672471,0.014131834774895739,0.00080570303061988,120,2000
previous-term,legislativeConflict-low,weak-form-half-v-current,weak-form,weak-form-half-response,current-federal-court,persistence,complianceRate,registered-component,0.2869791666666667,0.26645572916666665,0.3071901041666667,0.010576224584640427,120,2000
previous-term,legislativeConflict-low,weak-form-half-v-current,weak-form,weak-form-half-response,current-federal-court,persistence,democraticResponsiveness,registered-component,0.06335103969414821,0.06109967780606554,0.0656497686596365,0.0011742443597855833,120,2000
previous-term,legislativeConflict-low,weak-form-half-v-current,weak-form,weak-form-half-response,current-federal-court,persistence,vetoRelocationRisk,registered-component,-0.3168324456799906,-0.31780129323424033,-0.3158182621697168,0.0005157545806176989,120,2000
previous-term,legislativeConflict-low,weak-form-half-v-current,weak-form,weak-form-half-response,current-federal-court,persistence,totalInstitutionalCost,registered-diagnostic,-0.09527659038278595,-0.0954528236879635,-0.09509621082298424,9.120132038141089e-05,120,2000
previous-term,legislativeConflict-low,weak-form-half-v-current,weak-form,weak-form-half-response,current-federal-court,persistence,averageLegislativeResponseDelay,additional-diagnostic,0.4586434010671291,0.4550337976523367,0.46225087356469036,0.0018758125745728374,120,2000
previous-term,legislativeConflict-low,weak-form-off-v-current,weak-form,weak-form-no-response,current-federal-court,persistence,legislativeResponseRate,registered-component,0.0,0.0,0.0,0.0,120,2000
previous-term,legislativeConflict-low,weak-form-off-v-current,weak-form,weak-form-no-response,current-federal-court,persistence,legislativeResponseCredibility,registered-component,-0.5902297247999988,-0.5909002310152758,-0.58959339471994,0.0003475478381331822,120,2000
previous-term,legislativeConflict-low,weak-form-off-v-current,weak-form,weak-form-no-response,current-federal-court,persistence,timelyLegislativeResponseRate,registered-component,0.0,0.0,0.0,0.0,120,2000
previous-term,legislativeConflict-low,weak-form-off-v-current,weak-form,weak-form-no-response,current-federal-court,persistence,rightsProtection,registered-component,0.005166281602994163,0.003431179794861238,0.006954129372467753,0.0008988170224572289,120,2000
previous-term,legislativeConflict-low,weak-form-off-v-current,weak-form,weak-form-no-response,current-federal-court,persistence,complianceRate,registered-component,0.28822916666666665,0.26822656250000004,0.30885416666666665,0.010469016738870856,120,2000
previous-term,legislativeConflict-low,weak-form-off-v-current,weak-form,weak-form-no-response,current-federal-court,persistence,democraticResponsiveness,registered-component,0.04384775180596587,0.0416087417152278,0.046173037926217526,0.0011942491046781187,120,2000
previous-term,legislativeConflict-low,weak-form-off-v-current,weak-form,weak-form-no-response,current-federal-court,persistence,vetoRelocationRisk,registered-component,-0.2967555214599642,-0.2971430393439244,-0.29640537300759773,0.0001881978617770354,120,2000
previous-term,legislativeConflict-low,weak-form-off-v-current,weak-form,weak-form-no-response,current-federal-court,persistence,totalInstitutionalCost,registered-diagnostic,-0.09644895671352888,-0.09661586072019407,-0.09627974994962617,8.591549048206933e-05,120,2000
previous-term,legislativeConflict-low,weak-form-off-v-current,weak-form,weak-form-no-response,current-federal-court,persistence,averageLegislativeResponseDelay,additional-diagnostic,0.0,0.0,0.0,0.0,120,2000
previous-term,legislativeConflict-high,emergency-base,emergency,reasoned-emergency-review,current-federal-court,base,emergencyReasonGivingRate,registered-component,0.8539151672537495,0.829719091255865,0.8780168005557025,0.012444323463328277,120,2000
previous-term,legislativeConflict-high,emergency-base,emergency,reasoned-emergency-review,current-federal-court,base,meritsFollowUpRate,registered-component,1.0,1.0,1.0,0.0,120,2000
previous-term,legislativeConflict-high,emergency-base,emergency,reasoned-emergency-review,current-federal-court,base,averageTimeToReview,registered-component,0.0,0.0,0.0,0.0,120,2000
previous-term,legislativeConflict-high,emergency-base,emergency,reasoned-emergency-review,current-federal-court,base,totalInstitutionalCost,registered-component,0.009730432460735615,0.009578217284079786,0.009888280565120986,7.860217941719158e-05,120,2000
previous-term,legislativeConflict-high,emergency-base,emergency,reasoned-emergency-review,current-federal-court,base,shadowDocketAbuse,registered-component,-0.32100674678971863,-0.3286110102979958,-0.3131460287897017,0.004017811156854584,120,2000
previous-term,legislativeConflict-high,emergency-base,emergency,reasoned-emergency-review,current-federal-court,base,institutionalDelayCost,additional-diagnostic,0.008232621547587585,0.008023822237061985,0.008428655110524211,0.00010354284529461002,120,2000
previous-term,legislativeConflict-high,screening-base,screening,constitutional-council,current-federal-court,base,directCourtCost,registered-diagnostic,0.13589925833333333,0.13576149979166668,0.13603688916666665,7.316369151238294e-05,120,2000
previous-term,legislativeConflict-high,screening-base,screening,constitutional-council,current-federal-court,base,upstreamScreeningCost,registered-component,0.001883357153230006,0.0018127547538348368,0.0019501422563645411,3.5927922057904276e-05,120,2000
previous-term,legislativeConflict-high,screening-base,screening,constitutional-council,current-federal-court,base,capacityStrainCost,registered-diagnostic,0.06405478393548665,0.06335011731198249,0.06480059316514875,0.00037642949408800907,120,2000
previous-term,legislativeConflict-high,screening-base,screening,constitutional-council,current-federal-court,base,totalInstitutionalCost,registered-diagnostic,0.08297693558474095,0.08282394693321551,0.08314145064600524,8.297892862672283e-05,120,2000
previous-term,legislativeConflict-high,screening-base,screening,constitutional-council,current-federal-court,base,intakeAcceptanceRate,registered-diagnostic,-0.0007134134345267914,-0.0007394242951314225,-0.0006858913317094231,1.4013326833336214e-05,120,2000
previous-term,legislativeConflict-high,screening-base,screening,constitutional-council,current-federal-court,base,councilScreenRate,registered-component,1.0,1.0,1.0,0.0,120,2000
previous-term,legislativeConflict-high,screening-base,screening,constitutional-council,current-federal-court,base,administrativeLoad,additional-diagnostic,0.24762479166666676,0.2465728645833334,0.24876902604166673,0.0005728156503126583,120,2000
previous-term,legislativeConflict-high,weak-form-base,weak-form,weak-form-review,current-federal-court,base,legislativeResponseRate,registered-component,0.30604166666666666,0.2960390625,0.3163567708333333,0.00507727258431383,120,2000
previous-term,legislativeConflict-high,weak-form-base,weak-form,weak-form-review,current-federal-court,base,legislativeResponseCredibility,registered-component,0.0637291666666666,0.06232901041666661,0.06528562499999996,0.0007257830657917684,120,2000
previous-term,legislativeConflict-high,weak-form-base,weak-form,weak-form-review,current-federal-court,base,timelyLegislativeResponseRate,registered-component,0.0,0.0,0.0,0.0,120,2000
previous-term,legislativeConflict-high,weak-form-base,weak-form,weak-form-review,current-federal-court,base,rightsProtection,registered-component,0.02433357966054921,0.022697401029671386,0.02602555017403224,0.0008511791836416492,120,2000
previous-term,legislativeConflict-high,weak-form-base,weak-form,weak-form-review,current-federal-court,base,complianceRate,registered-component,0.29135416666666664,0.2699973958333333,0.31125260416666667,0.010618969529088525,120,2000
previous-term,legislativeConflict-high,weak-form-base,weak-form,weak-form-review,current-federal-court,base,democraticResponsiveness,registered-component,0.06300992185649713,0.060857590220220865,0.06516984335918231,0.0010933609020452328,120,2000
previous-term,legislativeConflict-high,weak-form-base,weak-form,weak-form-review,current-federal-court,base,vetoRelocationRisk,registered-component,-0.34247198134585394,-0.3440949221064989,-0.3408861524545201,0.0008147284151105354,120,2000
previous-term,legislativeConflict-high,weak-form-base,weak-form,weak-form-review,current-federal-court,base,totalInstitutionalCost,registered-diagnostic,-0.0923885707904352,-0.09258053376476878,-0.09219572299957114,0.00010053353550547813,120,2000
previous-term,legislativeConflict-high,weak-form-base,weak-form,weak-form-review,current-federal-court,base,averageLegislativeResponseDelay,additional-diagnostic,0.4683316184192208,0.4661692939880467,0.4704095009995847,0.0011114619301241988,120,2000
previous-term,legislativeConflict-high,emergency-ablation,emergency,reasoned-with-fast-procedure,reasoned-emergency-review,ablation,emergencyReasonGivingRate,registered-component,-0.7109644713470509,-0.7374115159943476,-0.6844897318085127,0.013603832557067572,120,2000
previous-term,legislativeConflict-high,emergency-ablation,emergency,reasoned-with-fast-procedure,reasoned-emergency-review,ablation,meritsFollowUpRate,registered-component,-1.0,-1.0,-1.0,0.0,120,2000
previous-term,legislativeConflict-high,emergency-ablation,emergency,reasoned-with-fast-procedure,reasoned-emergency-review,ablation,averageTimeToReview,registered-component,0.0,0.0,0.0,0.0,120,2000
previous-term,legislativeConflict-high,emergency-ablation,emergency,reasoned-with-fast-procedure,reasoned-emergency-review,ablation,totalInstitutionalCost,registered-component,-0.004409617810549046,-0.004552665904807133,-0.0042642594032358825,7.209456053388295e-05,120,2000
previous-term,legislativeConflict-high,emergency-ablation,emergency,reasoned-with-fast-procedure,reasoned-emergency-review,ablation,shadowDocketAbuse,registered-component,0.3059201568050783,0.29849153336090123,0.313088088480205,0.003622846985230307,120,2000
previous-term,legislativeConflict-high,emergency-ablation,emergency,reasoned-with-fast-procedure,reasoned-emergency-review,ablation,institutionalDelayCost,additional-diagnostic,-0.006554682464117747,-0.006739494518442722,-0.0063632929954773165,9.503582124819845e-05,120,2000
previous-term,legislativeConflict-high,screening-ablation,screening,council-with-full-court-structure,constitutional-council,ablation,directCourtCost,registered-diagnostic,-0.09722737499999998,-0.09736525999999998,-0.09709361562499996,7.090743271587046e-05,120,2000
previous-term,legislativeConflict-high,screening-ablation,screening,council-with-full-court-structure,constitutional-council,ablation,upstreamScreeningCost,registered-component,3.183187641782048e-05,-2.6662714950829608e-05,8.992456648946783e-05,2.9636360891291598e-05,120,2000
previous-term,legislativeConflict-high,screening-ablation,screening,council-with-full-court-structure,constitutional-council,ablation,capacityStrainCost,registered-diagnostic,-0.04346959124905477,-0.04408219785731581,-0.042853945281656446,0.0003062038913945906,120,2000
previous-term,legislativeConflict-high,screening-ablation,screening,council-with-full-court-structure,constitutional-council,ablation,totalInstitutionalCost,registered-diagnostic,-0.050314051272558356,-0.05044888445430153,-0.05018068780538257,6.851344793766083e-05,120,2000
previous-term,legislativeConflict-high,screening-ablation,screening,council-with-full-court-structure,constitutional-council,ablation,intakeAcceptanceRate,registered-diagnostic,-1.1734480364893457e-05,-3.371823789436901e-05,9.853740695927902e-06,1.0990498488611585e-05,120,2000
previous-term,legislativeConflict-high,screening-ablation,screening,council-with-full-court-structure,constitutional-council,ablation,councilScreenRate,registered-component,-1.0,-1.0,-1.0,0.0,120,2000
previous-term,legislativeConflict-high,screening-ablation,screening,council-with-full-court-structure,constitutional-council,ablation,administrativeLoad,additional-diagnostic,-0.24036562500000008,-0.24129559895833344,-0.2394368593750001,0.00047581375291150854,120,2000
previous-term,legislativeConflict-high,weak-form-half,weak-form,weak-form-half-response,weak-form-review,ablation,legislativeResponseRate,registered-component,-0.1528125,-0.16125,-0.14416666666666667,0.004512428613540265,120,2000
previous-term,legislativeConflict-high,weak-form-half,weak-form,weak-form-half-response,weak-form-review,ablation,legislativeResponseCredibility,registered-component,-0.27954494596430507,-0.2807067249325743,-0.2783930121473136,0.0006017556565032402,120,2000
previous-term,legislativeConflict-high,weak-form-half,weak-form,weak-form-half-response,weak-form-review,ablation,timelyLegislativeResponseRate,registered-component,0.0,0.0,0.0,0.0,120,2000
previous-term,legislativeConflict-high,weak-form-half,weak-form,weak-form-half-response,weak-form-review,ablation,rightsProtection,registered-component,-0.010245793612997859,-0.011338394521412228,-0.009188857343495768,0.0005565798388929919,120,2000
previous-term,legislativeConflict-high,weak-form-half,weak-form,weak-form-half-response,weak-form-review,ablation,complianceRate,registered-component,-0.0428125,-0.06666927083333334,-0.016039062500000013,0.013510991301228667,120,2000
previous-term,legislativeConflict-high,weak-form-half,weak-form,weak-form-half-response,weak-form-review,ablation,democraticResponsiveness,registered-component,-0.023796113143154895,-0.025097894254320977,-0.022483230526118607,0.0006963831726062703,120,2000
previous-term,legislativeConflict-high,weak-form-half,weak-form,weak-form-half-response,weak-form-review,ablation,vetoRelocationRisk,registered-component,0.024312026755276616,0.02289236976283564,0.025732989239308057,0.000742604136203732,120,2000
previous-term,legislativeConflict-high,weak-form-half,weak-form,weak-form-half-response,weak-form-review,ablation,totalInstitutionalCost,registered-diagnostic,-0.0015309106320862474,-0.0017427383165647976,-0.0013313707922213965,0.00010416144237673158,120,2000
previous-term,legislativeConflict-high,weak-form-half,weak-form,weak-form-half-response,weak-form-review,ablation,averageLegislativeResponseDelay,additional-diagnostic,0.07384042393398263,0.0699495844760487,0.07784759786469442,0.0020105061741982075,120,2000
previous-term,legislativeConflict-high,weak-form-off,weak-form,weak-form-no-response,weak-form-review,ablation,legislativeResponseRate,registered-component,-0.30604166666666666,-0.31635677083333336,-0.2960390625,0.00507727258431383,120,2000
previous-term,legislativeConflict-high,weak-form-off,weak-form,weak-form-no-response,weak-form-review,ablation,legislativeResponseCredibility,registered-component,-0.5594086419286103,-0.5610243999801825,-0.5578890033354144,0.0008032452531407057,120,2000
previous-term,legislativeConflict-high,weak-form-off,weak-form,weak-form-no-response,weak-form-review,ablation,timelyLegislativeResponseRate,registered-component,0.0,0.0,0.0,0.0,120,2000
previous-term,legislativeConflict-high,weak-form-off,weak-form,weak-form-no-response,weak-form-review,ablation,rightsProtection,registered-component,-0.01820352597721635,-0.019309973545111277,-0.01705263340515095,0.0005750330308482599,120,2000
previous-term,legislativeConflict-high,weak-form-off,weak-form,weak-form-no-response,weak-form-review,ablation,complianceRate,registered-component,-0.08041666666666666,-0.10885677083333335,-0.05062500000000002,0.014653990495480858,120,2000
previous-term,legislativeConflict-high,weak-form-off,weak-form,weak-form-no-response,weak-form-review,ablation,democraticResponsiveness,registered-component,-0.04711285838516655,-0.04867045446247845,-0.04550164689171582,0.000814467201095018,120,2000
previous-term,legislativeConflict-high,weak-form-off,weak-form,weak-form-no-response,weak-form-review,ablation,vetoRelocationRisk,registered-component,0.048850065983057196,0.047177665204886865,0.05053671337226958,0.0008390057278322919,120,2000
previous-term,legislativeConflict-high,weak-form-off,weak-form,weak-form-no-response,weak-form-review,ablation,totalInstitutionalCost,registered-diagnostic,-0.0029382461445282954,-0.0031640840248286562,-0.0027155776351863916,0.00011859888919160905,120,2000
previous-term,legislativeConflict-high,weak-form-off,weak-form,weak-form-no-response,weak-form-review,ablation,averageLegislativeResponseDelay,additional-diagnostic,-0.4683316184192208,-0.4704095009995847,-0.4661692939880467,0.0011114619301241988,120,2000
previous-term,legislativeConflict-high,weak-form-half-v-current,weak-form,weak-form-half-response,current-federal-court,persistence,legislativeResponseRate,registered-component,0.15322916666666667,0.14614322916666667,0.16041927083333332,0.0036069100729400473,120,2000
previous-term,legislativeConflict-high,weak-form-half-v-current,weak-form,weak-form-half-response,current-federal-court,persistence,legislativeResponseCredibility,registered-component,-0.2158157792976385,-0.2167183888932755,-0.21489441943926227,0.0004738531247361469,120,2000
previous-term,legislativeConflict-high,weak-form-half-v-current,weak-form,weak-form-half-response,current-federal-court,persistence,timelyLegislativeResponseRate,registered-component,0.0,0.0,0.0,0.0,120,2000
previous-term,legislativeConflict-high,weak-form-half-v-current,weak-form,weak-form-half-response,current-federal-court,persistence,rightsProtection,registered-component,0.014087786047551348,0.012186397762134324,0.015910480369929366,0.0009563935421074457,120,2000
previous-term,legislativeConflict-high,weak-form-half-v-current,weak-form,weak-form-half-response,current-federal-court,persistence,complianceRate,registered-component,0.24854166666666666,0.2276015625,0.26907291666666666,0.010954114864727981,120,2000
previous-term,legislativeConflict-high,weak-form-half-v-current,weak-form,weak-form-half-response,current-federal-court,persistence,democraticResponsiveness,registered-component,0.039213808713342235,0.03701608659476743,0.041463867818280715,0.0011601470536723429,120,2000
previous-term,legislativeConflict-high,weak-form-half-v-current,weak-form,weak-form-half-response,current-federal-court,persistence,vetoRelocationRisk,registered-component,-0.3181599545905774,-0.31924233234018795,-0.317061668111736,0.0005604142751801031,120,2000
previous-term,legislativeConflict-high,weak-form-half-v-current,weak-form,weak-form-half-response,current-federal-court,persistence,totalInstitutionalCost,registered-diagnostic,-0.09391948142252145,-0.09413558560960736,-0.09369642458999723,0.00011025787243611453,120,2000
previous-term,legislativeConflict-high,weak-form-half-v-current,weak-form,weak-form-half-response,current-federal-court,persistence,averageLegislativeResponseDelay,additional-diagnostic,0.5421720423532034,0.5388755797715727,0.54549352808478,0.0016948495694926497,120,2000
previous-term,legislativeConflict-high,weak-form-off-v-current,weak-form,weak-form-no-response,current-federal-court,persistence,legislativeResponseRate,registered-component,0.0,0.0,0.0,0.0,120,2000
previous-term,legislativeConflict-high,weak-form-off-v-current,weak-form,weak-form-no-response,current-federal-court,persistence,legislativeResponseCredibility,registered-component,-0.4956794752619436,-0.4964431124331714,-0.49491762010162554,0.0003884239616289147,120,2000
previous-term,legislativeConflict-high,weak-form-off-v-current,weak-form,weak-form-no-response,current-federal-court,persistence,timelyLegislativeResponseRate,registered-component,0.0,0.0,0.0,0.0,120,2000
previous-term,legislativeConflict-high,weak-form-off-v-current,weak-form,weak-form-no-response,current-federal-court,persistence,rightsProtection,registered-component,0.006130053683332859,0.004070215697408663,0.008122725151805663,0.0010041487282195173,120,2000
previous-term,legislativeConflict-high,weak-form-off-v-current,weak-form,weak-form-no-response,current-federal-court,persistence,complianceRate,registered-component,0.2109375,0.18770572916666664,0.2344869791666666,0.012169620764646782,120,2000
previous-term,legislativeConflict-high,weak-form-off-v-current,weak-form,weak-form-no-response,current-federal-court,persistence,democraticResponsiveness,registered-component,0.01589706347133058,0.013638686997547084,0.018124719116596764,0.001148249006657086,120,2000
previous-term,legislativeConflict-high,weak-form-off-v-current,weak-form,weak-form-no-response,current-federal-court,persistence,vetoRelocationRisk,registered-component,-0.29362191536279675,-0.29416200005257187,-0.2931136336399794,0.0002729978301696751,120,2000
previous-term,legislativeConflict-high,weak-form-off-v-current,weak-form,weak-form-no-response,current-federal-court,persistence,totalInstitutionalCost,registered-diagnostic,-0.09532681693496349,-0.09552495832942402,-0.09511890518428705,0.00010599405311193532,120,2000
previous-term,legislativeConflict-high,weak-form-off-v-current,weak-form,weak-form-no-response,current-federal-court,persistence,averageLegislativeResponseDelay,additional-diagnostic,0.0,0.0,0.0,0.0,120,2000
previous-term,implementationCapacity-low,emergency-base,emergency,reasoned-emergency-review,current-federal-court,base,emergencyReasonGivingRate,registered-component,0.8396691665745301,0.8080265190062907,0.8676776067463735,0.015415388341017706,120,2000
previous-term,implementationCapacity-low,emergency-base,emergency,reasoned-emergency-review,current-federal-court,base,meritsFollowUpRate,registered-component,1.0,1.0,1.0,0.0,120,2000
previous-term,implementationCapacity-low,emergency-base,emergency,reasoned-emergency-review,current-federal-court,base,averageTimeToReview,registered-component,0.0,0.0,0.0,0.0,120,2000
previous-term,implementationCapacity-low,emergency-base,emergency,reasoned-emergency-review,current-federal-court,base,totalInstitutionalCost,registered-component,0.009709108260983347,0.009553281167916334,0.009872367715091746,8.669167025186894e-05,120,2000
previous-term,implementationCapacity-low,emergency-base,emergency,reasoned-emergency-review,current-federal-court,base,shadowDocketAbuse,registered-component,-0.324318152869222,-0.333313689869099,-0.31550705761630987,0.004543266092503325,120,2000
previous-term,implementationCapacity-low,emergency-base,emergency,reasoned-emergency-review,current-federal-court,base,institutionalDelayCost,additional-diagnostic,0.008384302313472062,0.00816768965567082,0.008594341442677714,0.00011409712438799188,120,2000
previous-term,implementationCapacity-low,screening-base,screening,constitutional-council,current-federal-court,base,directCourtCost,registered-diagnostic,0.1358839916666667,0.1357555129166667,0.13600695875000002,6.501595828217216e-05,120,2000
previous-term,implementationCapacity-low,screening-base,screening,constitutional-council,current-federal-court,base,upstreamScreeningCost,registered-component,0.0020679957564199215,0.001994236780976487,0.002143249522559445,3.917858449703927e-05,120,2000
previous-term,implementationCapacity-low,screening-base,screening,constitutional-council,current-federal-court,base,capacityStrainCost,registered-diagnostic,0.06337877633761327,0.06265683752358535,0.06408794255822864,0.00037787778302263446,120,2000
previous-term,implementationCapacity-low,screening-base,screening,constitutional-council,current-federal-court,base,totalInstitutionalCost,registered-diagnostic,0.08289444752648253,0.08274576575856889,0.08304018903276983,7.822255030004911e-05,120,2000
previous-term,implementationCapacity-low,screening-base,screening,constitutional-council,current-federal-court,base,intakeAcceptanceRate,registered-diagnostic,-0.0007758543090265736,-0.0008049959617187532,-0.0007473096621465026,1.514103723537233e-05,120,2000
previous-term,implementationCapacity-low,screening-base,screening,constitutional-council,current-federal-court,base,councilScreenRate,registered-component,1.0,1.0,1.0,0.0,120,2000
previous-term,implementationCapacity-low,screening-base,screening,constitutional-council,current-federal-court,base,administrativeLoad,additional-diagnostic,0.24679645833333344,0.24575745312500016,0.24780104687500015,0.0005409583546928748,120,2000
previous-term,implementationCapacity-low,weak-form-base,weak-form,weak-form-review,current-federal-court,base,legislativeResponseRate,registered-component,0.2746875,0.2658333333333333,0.2836458333333333,0.0046485896723497495,120,2000
previous-term,implementationCapacity-low,weak-form-base,weak-form,weak-form-review,current-federal-court,base,legislativeResponseCredibility,registered-component,0.05938749999999991,0.05796661458333326,0.06083776041666657,0.0007267500972008932,120,2000
previous-term,implementationCapacity-low,weak-form-base,weak-form,weak-form-review,current-federal-court,base,timelyLegislativeResponseRate,registered-component,0.0,0.0,0.0,0.0,120,2000
previous-term,implementationCapacity-low,weak-form-base,weak-form,weak-form-review,current-federal-court,base,rightsProtection,registered-component,0.022068802416682874,0.0204129879958836,0.02371104550932416,0.0008494851833078,120,2000
previous-term,implementationCapacity-low,weak-form-base,weak-form,weak-form-review,current-federal-court,base,complianceRate,registered-component,0.3413541666666667,0.3235390625,0.3588567708333333,0.008991996511046284,120,2000
previous-term,implementationCapacity-low,weak-form-base,weak-form,weak-form-review,current-federal-court,base,democraticResponsiveness,registered-component,0.0747865353503717,0.07240357938925066,0.0771070926595503,0.001212253132269659,120,2000
previous-term,implementationCapacity-low,weak-form-base,weak-form,weak-form-review,current-federal-court,base,vetoRelocationRisk,registered-component,-0.3387254339997581,-0.34014306439397735,-0.3373844745934015,0.0007119957930303693,120,2000
previous-term,implementationCapacity-low,weak-form-base,weak-form,weak-form-review,current-federal-court,base,totalInstitutionalCost,registered-diagnostic,-0.09320830160446511,-0.09342411934212123,-0.0929864217655076,0.00011140941087799228,120,2000
previous-term,implementationCapacity-low,weak-form-base,weak-form,weak-form-review,current-federal-court,base,averageLegislativeResponseDelay,additional-diagnostic,0.47362691026714016,0.47161712322927657,0.47562640677680995,0.0010323301871793843,120,2000
previous-term,implementationCapacity-low,emergency-ablation,emergency,reasoned-with-fast-procedure,reasoned-emergency-review,ablation,emergencyReasonGivingRate,registered-component,-0.6846959571762756,-0.7141131773509318,-0.6507969847528206,0.01563398900286572,120,2000
previous-term,implementationCapacity-low,emergency-ablation,emergency,reasoned-with-fast-procedure,reasoned-emergency-review,ablation,meritsFollowUpRate,registered-component,-1.0,-1.0,-1.0,0.0,120,2000
previous-term,implementationCapacity-low,emergency-ablation,emergency,reasoned-with-fast-procedure,reasoned-emergency-review,ablation,averageTimeToReview,registered-component,0.0,0.0,0.0,0.0,120,2000
previous-term,implementationCapacity-low,emergency-ablation,emergency,reasoned-with-fast-procedure,reasoned-emergency-review,ablation,totalInstitutionalCost,registered-component,-0.004414869924963866,-0.004568444196387465,-0.004254915563408255,8.267250184350415e-05,120,2000
previous-term,implementationCapacity-low,emergency-ablation,emergency,reasoned-with-fast-procedure,reasoned-emergency-review,ablation,shadowDocketAbuse,registered-component,0.3073030367043741,0.29917196377742367,0.3154314062573291,0.004194091677168388,120,2000
previous-term,implementationCapacity-low,emergency-ablation,emergency,reasoned-with-fast-procedure,reasoned-emergency-review,ablation,institutionalDelayCost,additional-diagnostic,-0.00665773079630766,-0.00686164432432181,-0.006457991794405632,0.00010458373909545384,120,2000
previous-term,implementationCapacity-low,screening-ablation,screening,council-with-full-court-structure,constitutional-council,ablation,directCourtCost,registered-diagnostic,-0.09724820833333332,-0.09737928104166663,-0.09711831291666664,6.884186899400195e-05,120,2000
previous-term,implementationCapacity-low,screening-ablation,screening,council-with-full-court-structure,constitutional-council,ablation,upstreamScreeningCost,registered-component,-1.0139384331079674e-05,-6.844516996540437e-05,4.6844162069433924e-05,3.0411092459712518e-05,120,2000
previous-term,implementationCapacity-low,screening-ablation,screening,council-with-full-court-structure,constitutional-council,ablation,capacityStrainCost,registered-diagnostic,-0.04322257208955407,-0.043796627600320104,-0.042660929106195525,0.00029810543985400994,120,2000
previous-term,implementationCapacity-low,screening-ablation,screening,council-with-full-court-structure,constitutional-council,ablation,totalInstitutionalCost,registered-diagnostic,-0.05028619995310432,-0.050408923259854875,-0.050161950224832705,6.51338642103973e-05,120,2000
previous-term,implementationCapacity-low,screening-ablation,screening,council-with-full-court-structure,constitutional-council,ablation,intakeAcceptanceRate,registered-diagnostic,3.5771120837242537e-06,-1.7506125631469215e-05,2.4925727524070277e-05,1.1011264929164588e-05,120,2000
previous-term,implementationCapacity-low,screening-ablation,screening,council-with-full-court-structure,constitutional-council,ablation,councilScreenRate,registered-component,-1.0,-1.0,-1.0,0.0,120,2000
previous-term,implementationCapacity-low,screening-ablation,screening,council-with-full-court-structure,constitutional-council,ablation,administrativeLoad,additional-diagnostic,-0.24015729166666677,-0.2410165989583335,-0.23927929687500013,0.0004549898800542685,120,2000
previous-term,implementationCapacity-low,weak-form-half,weak-form,weak-form-half-response,weak-form-review,ablation,legislativeResponseRate,registered-component,-0.13625,-0.14416927083333334,-0.12833072916666668,0.004158956451744476,120,2000
previous-term,implementationCapacity-low,weak-form-half,weak-form,weak-form-half-response,weak-form-review,ablation,legislativeResponseCredibility,registered-component,-0.2741563368269996,-0.27520780480048457,-0.27306980337072245,0.0005437880900722387,120,2000
previous-term,implementationCapacity-low,weak-form-half,weak-form,weak-form-half-response,weak-form-review,ablation,timelyLegislativeResponseRate,registered-component,0.0,0.0,0.0,0.0,120,2000
previous-term,implementationCapacity-low,weak-form-half,weak-form,weak-form-half-response,weak-form-review,ablation,rightsProtection,registered-component,-0.008394524110607185,-0.00920297559420329,-0.007563989784491751,0.00042667952467929785,120,2000
previous-term,implementationCapacity-low,weak-form-half,weak-form,weak-form-half-response,weak-form-review,ablation,complianceRate,registered-component,0.0028124999999999964,-0.01635416666666667,0.02188281249999995,0.00996806712118016,120,2000
previous-term,implementationCapacity-low,weak-form-half,weak-form,weak-form-half-response,weak-form-review,ablation,democraticResponsiveness,registered-component,-0.020932885163110374,-0.022435281626917523,-0.019541494085961276,0.000745740053362497,120,2000
previous-term,implementationCapacity-low,weak-form-half,weak-form,weak-form-half-response,weak-form-review,ablation,vetoRelocationRisk,registered-component,0.02153454056630452,0.02029638769238301,0.02281218992871794,0.000660507111403185,120,2000
previous-term,implementationCapacity-low,weak-form-half,weak-form,weak-form-half-response,weak-form-review,ablation,totalInstitutionalCost,registered-diagnostic,-0.0012978020601483661,-0.001526025838299573,-0.0010817543421734145,0.00011450622112237883,120,2000
previous-term,implementationCapacity-low,weak-form-half,weak-form,weak-form-half-response,weak-form-review,ablation,averageLegislativeResponseDelay,additional-diagnostic,0.07354378098200944,0.0699977547167465,0.07705843297963913,0.0018976988926752295,120,2000
previous-term,implementationCapacity-low,weak-form-off,weak-form,weak-form-no-response,weak-form-review,ablation,legislativeResponseRate,registered-component,-0.2746875,-0.2836458333333333,-0.2658333333333333,0.0046485896723497495,120,2000
previous-term,implementationCapacity-low,weak-form-off,weak-form,weak-form-no-response,weak-form-review,ablation,legislativeResponseCredibility,registered-component,-0.5482564236539992,-0.5497770882962851,-0.5467923415020584,0.0007763853827767527,120,2000
previous-term,implementationCapacity-low,weak-form-off,weak-form,weak-form-no-response,weak-form-review,ablation,timelyLegislativeResponseRate,registered-component,0.0,0.0,0.0,0.0,120,2000
previous-term,implementationCapacity-low,weak-form-off,weak-form,weak-form-no-response,weak-form-review,ablation,rightsProtection,registered-component,-0.015251160210794815,-0.01623529725456436,-0.014230974625820424,0.0005120500355130339,120,2000
previous-term,implementationCapacity-low,weak-form-off,weak-form,weak-form-no-response,weak-form-review,ablation,complianceRate,registered-component,-0.00020833333333333305,-0.020419270833333336,0.020000000000000004,0.010512496870527372,120,2000
previous-term,implementationCapacity-low,weak-form-off,weak-form,weak-form-no-response,weak-form-review,ablation,democraticResponsiveness,registered-component,-0.04150376139024495,-0.04306882866888747,-0.039985458297412374,0.0007827196023194326,120,2000
previous-term,implementationCapacity-low,weak-form-off,weak-form,weak-form-no-response,weak-form-review,ablation,vetoRelocationRisk,registered-component,0.04363104125083202,0.04225206175314416,0.045021344243725996,0.0007272312870606962,120,2000
previous-term,implementationCapacity-low,weak-form-off,weak-form,weak-form-no-response,weak-form-review,ablation,totalInstitutionalCost,registered-diagnostic,-0.0026793961191921836,-0.002918299140575494,-0.0024563921554715575,0.00011654654434689208,120,2000
previous-term,implementationCapacity-low,weak-form-off,weak-form,weak-form-no-response,weak-form-review,ablation,averageLegislativeResponseDelay,additional-diagnostic,-0.47362691026714016,-0.4756264067768099,-0.47161712322927657,0.0010323301871793843,120,2000
previous-term,implementationCapacity-low,weak-form-half-v-current,weak-form,weak-form-half-response,current-federal-court,persistence,legislativeResponseRate,registered-component,0.13843750000000002,0.13197916666666668,0.14520833333333333,0.0034317656525027287,120,2000
previous-term,implementationCapacity-low,weak-form-half-v-current,weak-form,weak-form-half-response,current-federal-court,persistence,legislativeResponseCredibility,registered-component,-0.21476883682699968,-0.2155963232852964,-0.21393315449539707,0.00043091634654084647,120,2000
previous-term,implementationCapacity-low,weak-form-half-v-current,weak-form,weak-form-half-response,current-federal-court,persistence,timelyLegislativeResponseRate,registered-component,0.0,0.0,0.0,0.0,120,2000
previous-term,implementationCapacity-low,weak-form-half-v-current,weak-form,weak-form-half-response,current-federal-court,persistence,rightsProtection,registered-component,0.013674278306075689,0.011922142842545976,0.01531981035909582,0.000891248388429188,120,2000
previous-term,implementationCapacity-low,weak-form-half-v-current,weak-form,weak-form-half-response,current-federal-court,persistence,complianceRate,registered-component,0.3441666666666666,0.32884895833333333,0.3595833333333333,0.007962146380006922,120,2000
previous-term,implementationCapacity-low,weak-form-half-v-current,weak-form,weak-form-half-response,current-federal-court,persistence,democraticResponsiveness,registered-component,0.053853650187261334,0.05151167327898371,0.0561173457520847,0.0012065113072099445,120,2000
previous-term,implementationCapacity-low,weak-form-half-v-current,weak-form,weak-form-half-response,current-federal-court,persistence,vetoRelocationRisk,registered-component,-0.3171908934334535,-0.31832762922411323,-0.31611410362975023,0.0005866176264440881,120,2000
previous-term,implementationCapacity-low,weak-form-half-v-current,weak-form,weak-form-half-response,current-federal-court,persistence,totalInstitutionalCost,registered-diagnostic,-0.09450610366461348,-0.09469540646471605,-0.09432303020214153,9.752175710704668e-05,120,2000
previous-term,implementationCapacity-low,weak-form-half-v-current,weak-form,weak-form-half-response,current-federal-court,persistence,averageLegislativeResponseDelay,additional-diagnostic,0.5471706912491496,0.5438744916928099,0.5504736521175616,0.0017286412573792656,120,2000
previous-term,implementationCapacity-low,weak-form-off-v-current,weak-form,weak-form-no-response,current-federal-court,persistence,legislativeResponseRate,registered-component,0.0,0.0,0.0,0.0,120,2000
previous-term,implementationCapacity-low,weak-form-off-v-current,weak-form,weak-form-no-response,current-federal-court,persistence,legislativeResponseCredibility,registered-component,-0.4888689236539993,-0.48964562793728306,-0.4880628040713145,0.0003975397186574998,120,2000
previous-term,implementationCapacity-low,weak-form-off-v-current,weak-form,weak-form-no-response,current-federal-court,persistence,timelyLegislativeResponseRate,registered-component,0.0,0.0,0.0,0.0,120,2000
previous-term,implementationCapacity-low,weak-form-off-v-current,weak-form,weak-form-no-response,current-federal-court,persistence,rightsProtection,registered-component,0.006817642205888057,0.004883961777637972,0.008693740346631944,0.000991754823176932,120,2000
previous-term,implementationCapacity-low,weak-form-off-v-current,weak-form,weak-form-no-response,current-federal-court,persistence,complianceRate,registered-component,0.3411458333333333,0.32208333333333333,0.36010416666666667,0.009679515021869128,120,2000
previous-term,implementationCapacity-low,weak-form-off-v-current,weak-form,weak-form-no-response,current-federal-court,persistence,democraticResponsiveness,registered-component,0.033282773960126764,0.031045239345053502,0.03559134499793936,0.0011583159701996704,120,2000
previous-term,implementationCapacity-low,weak-form-off-v-current,weak-form,weak-form-no-response,current-federal-court,persistence,vetoRelocationRisk,registered-component,-0.29509439274892607,-0.29548710690009194,-0.29469425403975347,0.00021427814127783504,120,2000
previous-term,implementationCapacity-low,weak-form-off-v-current,weak-form,weak-form-no-response,current-federal-court,persistence,totalInstitutionalCost,registered-diagnostic,-0.0958876977236573,-0.09609073905946491,-0.09569864701183435,9.868649570431661e-05,120,2000
previous-term,implementationCapacity-low,weak-form-off-v-current,weak-form,weak-form-no-response,current-federal-court,persistence,averageLegislativeResponseDelay,additional-diagnostic,0.0,0.0,0.0,0.0,120,2000
previous-term,implementationCapacity-high,emergency-base,emergency,reasoned-emergency-review,current-federal-court,base,emergencyReasonGivingRate,registered-component,0.8574733572046929,0.833627971749115,0.8815810592705915,0.012217379479649945,120,2000
previous-term,implementationCapacity-high,emergency-base,emergency,reasoned-emergency-review,current-federal-court,base,meritsFollowUpRate,registered-component,1.0,1.0,1.0,0.0,120,2000
previous-term,implementationCapacity-high,emergency-base,emergency,reasoned-emergency-review,current-federal-court,base,averageTimeToReview,registered-component,0.0,0.0,0.0,0.0,120,2000
previous-term,implementationCapacity-high,emergency-base,emergency,reasoned-emergency-review,current-federal-court,base,totalInstitutionalCost,registered-component,0.009786201962610193,0.009634616499411972,0.009943078426200604,8.022950454142467e-05,120,2000
previous-term,implementationCapacity-high,emergency-base,emergency,reasoned-emergency-review,current-federal-court,base,shadowDocketAbuse,registered-component,-0.32183333215273774,-0.3291638908630236,-0.3146720314802066,0.003773545924334228,120,2000
previous-term,implementationCapacity-high,emergency-base,emergency,reasoned-emergency-review,current-federal-court,base,institutionalDelayCost,additional-diagnostic,0.008250977214803156,0.008052916279330592,0.008446946400470588,0.00010048595732737072,120,2000
previous-term,implementationCapacity-high,screening-base,screening,constitutional-council,current-federal-court,base,directCourtCost,registered-diagnostic,0.1359109,0.13576600604166666,0.1360478166666667,6.991877780822622e-05,120,2000
previous-term,implementationCapacity-high,screening-base,screening,constitutional-council,current-federal-court,base,upstreamScreeningCost,registered-component,0.001984630014518608,0.001911957086327408,0.0020551420385524315,3.653464237115449e-05,120,2000
previous-term,implementationCapacity-high,screening-base,screening,constitutional-council,current-federal-court,base,capacityStrainCost,registered-diagnostic,0.06414496167634577,0.0634616756054072,0.06486537330287435,0.0003570112938444911,120,2000
previous-term,implementationCapacity-high,screening-base,screening,constitutional-council,current-federal-court,base,totalInstitutionalCost,registered-diagnostic,0.08302577738746925,0.08287238162366421,0.08317741323713279,7.768669128357211e-05,120,2000
previous-term,implementationCapacity-high,screening-base,screening,constitutional-council,current-federal-court,base,intakeAcceptanceRate,registered-diagnostic,-0.0007435161510965789,-0.000770660938529445,-0.0007154018424925775,1.40683543823518e-05,120,2000
previous-term,implementationCapacity-high,screening-base,screening,constitutional-council,current-federal-court,base,councilScreenRate,registered-component,1.0,1.0,1.0,0.0,120,2000
previous-term,implementationCapacity-high,screening-base,screening,constitutional-council,current-federal-court,base,administrativeLoad,additional-diagnostic,0.24768125000000005,0.24662771875000009,0.24874311458333337,0.0005410255727256669,120,2000
previous-term,implementationCapacity-high,weak-form-base,weak-form,weak-form-review,current-federal-court,base,legislativeResponseRate,registered-component,0.2753125,0.26708072916666664,0.2840625,0.004453852479400648,120,2000
previous-term,implementationCapacity-high,weak-form-base,weak-form,weak-form-review,current-federal-court,base,legislativeResponseCredibility,registered-component,0.05910833333333338,0.057858281250000004,0.06037718750000005,0.0006469853960544624,120,2000
previous-term,implementationCapacity-high,weak-form-base,weak-form,weak-form-review,current-federal-court,base,timelyLegislativeResponseRate,registered-component,0.22410569723989626,0.20866111074944393,0.24058960703571416,0.007844080529220001,120,2000
previous-term,implementationCapacity-high,weak-form-base,weak-form,weak-form-review,current-federal-court,base,rightsProtection,registered-component,0.02800963963652592,0.026285553990866663,0.029694448751749456,0.0008913905942959995,120,2000
previous-term,implementationCapacity-high,weak-form-base,weak-form,weak-form-review,current-federal-court,base,complianceRate,registered-component,0.3764583333333333,0.360515625,0.3923984375,0.008117634742595428,120,2000
previous-term,implementationCapacity-high,weak-form-base,weak-form,weak-form-review,current-federal-court,base,democraticResponsiveness,registered-component,0.07512026334729435,0.07288189415993522,0.07734751967570641,0.0011876833263511181,120,2000
previous-term,implementationCapacity-high,weak-form-base,weak-form,weak-form-review,current-federal-court,base,vetoRelocationRisk,registered-component,-0.33931719033771324,-0.34071055721620114,-0.3379674500699543,0.0007262017959786441,120,2000
previous-term,implementationCapacity-high,weak-form-base,weak-form,weak-form-review,current-federal-court,base,totalInstitutionalCost,registered-diagnostic,-0.09320576313772554,-0.09338915923076455,-0.09301372372810805,9.781536683354761e-05,120,2000
previous-term,implementationCapacity-high,weak-form-base,weak-form,weak-form-review,current-federal-court,base,averageLegislativeResponseDelay,additional-diagnostic,0.3802003167749825,0.37787025961306403,0.3824854164501421,0.0011610773306356546,120,2000
previous-term,implementationCapacity-high,emergency-ablation,emergency,reasoned-with-fast-procedure,reasoned-emergency-review,ablation,emergencyReasonGivingRate,registered-component,-0.7110747456864254,-0.7384835894537101,-0.6860069045697961,0.013078258180950037,120,2000
previous-term,implementationCapacity-high,emergency-ablation,emergency,reasoned-with-fast-procedure,reasoned-emergency-review,ablation,meritsFollowUpRate,registered-component,-1.0,-1.0,-1.0,0.0,120,2000
previous-term,implementationCapacity-high,emergency-ablation,emergency,reasoned-with-fast-procedure,reasoned-emergency-review,ablation,averageTimeToReview,registered-component,0.0,0.0,0.0,0.0,120,2000
previous-term,implementationCapacity-high,emergency-ablation,emergency,reasoned-with-fast-procedure,reasoned-emergency-review,ablation,totalInstitutionalCost,registered-component,-0.004414621066862299,-0.004568620638958176,-0.004256310189128309,7.899822154906947e-05,120,2000
previous-term,implementationCapacity-high,emergency-ablation,emergency,reasoned-with-fast-procedure,reasoned-emergency-review,ablation,shadowDocketAbuse,registered-component,0.3086322983803219,0.30197300680282624,0.3153337175171046,0.003395595157668566,120,2000
previous-term,implementationCapacity-high,emergency-ablation,emergency,reasoned-with-fast-procedure,reasoned-emergency-review,ablation,institutionalDelayCost,additional-diagnostic,-0.006636290556173252,-0.006843779922529815,-0.006426216506566068,0.00010200777523460018,120,2000
previous-term,implementationCapacity-high,screening-ablation,screening,council-with-full-court-structure,constitutional-council,ablation,directCourtCost,registered-diagnostic,-0.09717414166666666,-0.09730896541666667,-0.0970286320833333,7.355566433470054e-05,120,2000
previous-term,implementationCapacity-high,screening-ablation,screening,council-with-full-court-structure,constitutional-council,ablation,upstreamScreeningCost,registered-component,1.8682817133368797e-05,-4.489239964017795e-05,8.244551900057695e-05,3.2676450320527806e-05,120,2000
previous-term,implementationCapacity-high,screening-ablation,screening,council-with-full-court-structure,constitutional-council,ablation,capacityStrainCost,registered-diagnostic,-0.043322707288577796,-0.04392236350500503,-0.042697606123247675,0.000311306226803468,120,2000
previous-term,implementationCapacity-high,screening-ablation,screening,council-with-full-court-structure,constitutional-council,ablation,totalInstitutionalCost,registered-diagnostic,-0.050271224516585694,-0.050396096677136536,-0.0501391160244218,6.794168789167699e-05,120,2000
previous-term,implementationCapacity-high,screening-ablation,screening,council-with-full-court-structure,constitutional-council,ablation,intakeAcceptanceRate,registered-diagnostic,-6.953196012893988e-06,-3.034541431990597e-05,1.627362018048631e-05,1.2048955227937928e-05,120,2000
previous-term,implementationCapacity-high,screening-ablation,screening,council-with-full-court-structure,constitutional-council,ablation,councilScreenRate,registered-component,-1.0,-1.0,-1.0,0.0,120,2000
previous-term,implementationCapacity-high,screening-ablation,screening,council-with-full-court-structure,constitutional-council,ablation,administrativeLoad,additional-diagnostic,-0.24005645833333344,-0.2409212812500001,-0.23914098437500006,0.0004767702983118365,120,2000
previous-term,implementationCapacity-high,weak-form-half,weak-form,weak-form-half-response,weak-form-review,ablation,legislativeResponseRate,registered-component,-0.13666666666666666,-0.14427083333333332,-0.1292682291666667,0.0038709863705338734,120,2000
previous-term,implementationCapacity-high,weak-form-half,weak-form,weak-form-half-response,weak-form-review,ablation,legislativeResponseCredibility,registered-component,-0.3219634279881989,-0.32294657611117145,-0.32092355886821067,0.0005278385422595862,120,2000
previous-term,implementationCapacity-high,weak-form-half,weak-form,weak-form-half-response,weak-form-review,ablation,timelyLegislativeResponseRate,registered-component,-0.22334812148232047,-0.24000901927462828,-0.20789926922180488,0.007846121242447936,120,2000
previous-term,implementationCapacity-high,weak-form-half,weak-form,weak-form-half-response,weak-form-review,ablation,rightsProtection,registered-component,-0.013923812708216306,-0.014932058084922538,-0.012884758694395468,0.0005332798113906665,120,2000
previous-term,implementationCapacity-high,weak-form-half,weak-form,weak-form-half-response,weak-form-review,ablation,complianceRate,registered-component,-0.016562499999999997,-0.0315625,-0.0014557291666666794,0.008003580611735188,120,2000
previous-term,implementationCapacity-high,weak-form-half,weak-form,weak-form-half-response,weak-form-review,ablation,democraticResponsiveness,registered-component,-0.020832287339623716,-0.022163845007104273,-0.019441813429769736,0.0007041264768823067,120,2000
previous-term,implementationCapacity-high,weak-form-half,weak-form,weak-form-half-response,weak-form-review,ablation,vetoRelocationRisk,registered-component,0.021953798979739283,0.020701561241685356,0.02313430539493668,0.0006139242997814171,120,2000
previous-term,implementationCapacity-high,weak-form-half,weak-form,weak-form-half-response,weak-form-review,ablation,totalInstitutionalCost,registered-diagnostic,-0.0013087026826808128,-0.0015203798398818265,-0.0010983225246107796,0.0001058522579199734,120,2000
previous-term,implementationCapacity-high,weak-form-half,weak-form,weak-form-half-response,weak-form-review,ablation,averageLegislativeResponseDelay,additional-diagnostic,0.08459206097727351,0.0810138329283968,0.08803400545736553,0.0018314321339443146,120,2000
previous-term,implementationCapacity-high,weak-form-off,weak-form,weak-form-no-response,weak-form-review,ablation,legislativeResponseRate,registered-component,-0.2753125,-0.2840625,-0.2670807291666666,0.004453852479400648,120,2000
previous-term,implementationCapacity-high,weak-form-off,weak-form,weak-form-no-response,weak-form-review,ablation,legislativeResponseCredibility,registered-component,-0.6443393559763977,-0.6457952813219867,-0.6429126171158114,0.0007488459756186483,120,2000
previous-term,implementationCapacity-high,weak-form-off,weak-form,weak-form-no-response,weak-form-review,ablation,timelyLegislativeResponseRate,registered-component,-0.22410569723989626,-0.2405896070357142,-0.20866111074944393,0.007844080529220001,120,2000
previous-term,implementationCapacity-high,weak-form-off,weak-form,weak-form-no-response,weak-form-review,ablation,rightsProtection,registered-component,-0.021741276800999146,-0.022891200765053958,-0.020601658665088386,0.0005946233842693142,120,2000
previous-term,implementationCapacity-high,weak-form-off,weak-form,weak-form-no-response,weak-form-review,ablation,complianceRate,registered-component,-0.019062499999999996,-0.0346875,-0.0036458333333333304,0.007882078123802117,120,2000
previous-term,implementationCapacity-high,weak-form-off,weak-form,weak-form-no-response,weak-form-review,ablation,democraticResponsiveness,registered-component,-0.0417319362409302,-0.0431471245938619,-0.04026374612175421,0.0007747050925166567,120,2000
previous-term,implementationCapacity-high,weak-form-off,weak-form,weak-form-no-response,weak-form-review,ablation,vetoRelocationRisk,registered-component,0.0437848162925311,0.0425013288412896,0.045141006052731074,0.000713256030010204,120,2000
previous-term,implementationCapacity-high,weak-form-off,weak-form,weak-form-no-response,weak-form-review,ablation,totalInstitutionalCost,registered-diagnostic,-0.002734875751750129,-0.0029419324387362842,-0.002534247235719065,0.00010651519535200055,120,2000
previous-term,implementationCapacity-high,weak-form-off,weak-form,weak-form-no-response,weak-form-review,ablation,averageLegislativeResponseDelay,additional-diagnostic,-0.3802003167749825,-0.3824854164501421,-0.37787025961306403,0.0011610773306356546,120,2000
previous-term,implementationCapacity-high,weak-form-half-v-current,weak-form,weak-form-half-response,current-federal-court,persistence,legislativeResponseRate,registered-component,0.13864583333333333,0.13135416666666666,0.14614583333333334,0.0037511547980714293,120,2000
previous-term,implementationCapacity-high,weak-form-half-v-current,weak-form,weak-form-half-response,current-federal-court,persistence,legislativeResponseCredibility,registered-component,-0.2628550946548655,-0.2636627594091082,-0.26204533776393524,0.0004024252039226713,120,2000
previous-term,implementationCapacity-high,weak-form-half-v-current,weak-form,weak-form-half-response,current-federal-court,persistence,timelyLegislativeResponseRate,registered-component,0.0007575757575757576,0.0,0.0022727272727272726,0.0007575757575757576,120,2000
previous-term,implementationCapacity-high,weak-form-half-v-current,weak-form,weak-form-half-response,current-federal-court,persistence,rightsProtection,registered-component,0.014085826928309614,0.012318806115081097,0.015772198695613606,0.0009014874239220751,120,2000
previous-term,implementationCapacity-high,weak-form-half-v-current,weak-form,weak-form-half-response,current-federal-court,persistence,complianceRate,registered-component,0.35989583333333336,0.3436432291666666,0.37625,0.008260221780298067,120,2000
previous-term,implementationCapacity-high,weak-form-half-v-current,weak-form,weak-form-half-response,current-federal-court,persistence,democraticResponsiveness,registered-component,0.05428797600767064,0.05195382967141335,0.05654200383295366,0.0011992648204033761,120,2000
previous-term,implementationCapacity-high,weak-form-half-v-current,weak-form,weak-form-half-response,current-federal-court,persistence,vetoRelocationRisk,registered-component,-0.317363391357974,-0.3185737579415669,-0.316166905946034,0.0006272324190921785,120,2000
previous-term,implementationCapacity-high,weak-form-half-v-current,weak-form,weak-form-half-response,current-federal-court,persistence,totalInstitutionalCost,registered-diagnostic,-0.09451446582040636,-0.09470373937251618,-0.0943244688502542,9.85632566017651e-05,120,2000
previous-term,implementationCapacity-high,weak-form-half-v-current,weak-form,weak-form-half-response,current-federal-court,persistence,averageLegislativeResponseDelay,additional-diagnostic,0.46479237775225607,0.4617557535551025,0.467993229967078,0.0016146020438495066,120,2000
previous-term,implementationCapacity-high,weak-form-off-v-current,weak-form,weak-form-no-response,current-federal-court,persistence,legislativeResponseRate,registered-component,0.0,0.0,0.0,0.0,120,2000
previous-term,implementationCapacity-high,weak-form-off-v-current,weak-form,weak-form-no-response,current-federal-court,persistence,legislativeResponseCredibility,registered-component,-0.5852310226430644,-0.5859642813880405,-0.5844477139235286,0.00039034521679062484,120,2000
previous-term,implementationCapacity-high,weak-form-off-v-current,weak-form,weak-form-no-response,current-federal-court,persistence,timelyLegislativeResponseRate,registered-component,0.0,0.0,0.0,0.0,120,2000
previous-term,implementationCapacity-high,weak-form-off-v-current,weak-form,weak-form-no-response,current-federal-court,persistence,rightsProtection,registered-component,0.006268362835526772,0.004379362853759726,0.008127928263120135,0.0009717939535363816,120,2000
previous-term,implementationCapacity-high,weak-form-off-v-current,weak-form,weak-form-no-response,current-federal-court,persistence,complianceRate,registered-component,0.35739583333333336,0.34010156249999995,0.37364583333333334,0.008721060377718491,120,2000
previous-term,implementationCapacity-high,weak-form-off-v-current,weak-form,weak-form-no-response,current-federal-court,persistence,democraticResponsiveness,registered-component,0.033388327106364156,0.031221565169008127,0.03555218520671329,0.0011177463495220055,120,2000
previous-term,implementationCapacity-high,weak-form-off-v-current,weak-form,weak-form-no-response,current-federal-court,persistence,vetoRelocationRisk,registered-component,-0.2955323740451821,-0.2959594385740572,-0.29514108124306787,0.00021180280465182182,120,2000
previous-term,implementationCapacity-high,weak-form-off-v-current,weak-form,weak-form-no-response,current-federal-court,persistence,totalInstitutionalCost,registered-diagnostic,-0.09594063888947567,-0.09611011547803411,-0.09576948387979108,8.69534482876852e-05,120,2000
previous-term,implementationCapacity-high,weak-form-off-v-current,weak-form,weak-form-no-response,current-federal-court,persistence,averageLegislativeResponseDelay,additional-diagnostic,0.0,0.0,0.0,0.0,120,2000
previous-term,partyFragmentation-low,emergency-base,emergency,reasoned-emergency-review,current-federal-court,base,emergencyReasonGivingRate,registered-component,0.8504569175749659,0.8166637523231114,0.8797349988982033,0.016377404204299843,120,2000
previous-term,partyFragmentation-low,emergency-base,emergency,reasoned-emergency-review,current-federal-court,base,meritsFollowUpRate,registered-component,0.9916666666666667,0.975,1.0,0.008333333333333333,120,2000
previous-term,partyFragmentation-low,emergency-base,emergency,reasoned-emergency-review,current-federal-court,base,averageTimeToReview,registered-component,0.0,0.0,0.0,0.0,120,2000
previous-term,partyFragmentation-low,emergency-base,emergency,reasoned-emergency-review,current-federal-court,base,totalInstitutionalCost,registered-component,0.009780921501484048,0.009632930847724567,0.009927735271983705,7.639029746099941e-05,120,2000
previous-term,partyFragmentation-low,emergency-base,emergency,reasoned-emergency-review,current-federal-court,base,shadowDocketAbuse,registered-component,-0.31733402022547674,-0.3246707875315384,-0.3097021553123591,0.0039289100034717115,120,2000
previous-term,partyFragmentation-low,emergency-base,emergency,reasoned-emergency-review,current-federal-court,base,institutionalDelayCost,additional-diagnostic,0.008226242927561885,0.008027162835205118,0.008425306803479395,0.00010175125238371726,120,2000
previous-term,partyFragmentation-low,screening-base,screening,constitutional-council,current-federal-court,base,directCourtCost,registered-diagnostic,0.13581744999999998,0.13570314374999995,0.13593960020833332,6.061133891246638e-05,120,2000
previous-term,partyFragmentation-low,screening-base,screening,constitutional-council,current-federal-court,base,upstreamScreeningCost,registered-component,0.0020455945945916884,0.001973953911191768,0.0021160315695012357,3.69333619172926e-05,120,2000
previous-term,partyFragmentation-low,screening-base,screening,constitutional-council,current-federal-court,base,capacityStrainCost,registered-diagnostic,0.06364740472972782,0.06298971089589644,0.0643210253979563,0.0003474486183494419,120,2000
previous-term,partyFragmentation-low,screening-base,screening,constitutional-council,current-federal-court,base,totalInstitutionalCost,registered-diagnostic,0.08291569390797182,0.08278125375985901,0.08305857962412415,7.162972415740233e-05,120,2000
previous-term,partyFragmentation-low,screening-base,screening,constitutional-council,current-federal-court,base,intakeAcceptanceRate,registered-diagnostic,-0.0007649423920698719,-0.0007918213602860474,-0.0007376316589098947,1.413938353553905e-05,120,2000
previous-term,partyFragmentation-low,screening-base,screening,constitutional-council,current-federal-court,base,councilScreenRate,registered-component,1.0,1.0,1.0,0.0,120,2000
previous-term,partyFragmentation-low,screening-base,screening,constitutional-council,current-federal-court,base,administrativeLoad,additional-diagnostic,0.24687875000000006,0.2459491197916667,0.24786340625000008,0.0004961184110332037,120,2000
previous-term,partyFragmentation-low,weak-form-base,weak-form,weak-form-review,current-federal-court,base,legislativeResponseRate,registered-component,0.2713541666666667,0.2618723958333334,0.28072916666666664,0.004900524452559208,120,2000
previous-term,partyFragmentation-low,weak-form-base,weak-form,weak-form-review,current-federal-court,base,legislativeResponseCredibility,registered-component,0.05869791666666668,0.057135364583333334,0.06019171875000002,0.0007938924326503659,120,2000
previous-term,partyFragmentation-low,weak-form-base,weak-form,weak-form-review,current-federal-court,base,timelyLegislativeResponseRate,registered-component,0.3124815072073639,0.29401661321148387,0.3312131025413089,0.009663006574409652,120,2000
previous-term,partyFragmentation-low,weak-form-base,weak-form,weak-form-review,current-federal-court,base,rightsProtection,registered-component,0.028113898610060407,0.026432440607835627,0.02981864150173779,0.0008586823555301729,120,2000
previous-term,partyFragmentation-low,weak-form-base,weak-form,weak-form-review,current-federal-court,base,complianceRate,registered-component,0.3676041666666666,0.35103906249999994,0.3845911458333333,0.008534634283149191,120,2000
previous-term,partyFragmentation-low,weak-form-base,weak-form,weak-form-review,current-federal-court,base,democraticResponsiveness,registered-component,0.07264635873844213,0.07041633826890797,0.07489802255363712,0.0011624564677924461,120,2000
previous-term,partyFragmentation-low,weak-form-base,weak-form,weak-form-review,current-federal-court,base,vetoRelocationRisk,registered-component,-0.3386725031039868,-0.3401059536499608,-0.3372055206452275,0.000735149051831027,120,2000
previous-term,partyFragmentation-low,weak-form-base,weak-form,weak-form-review,current-federal-court,base,totalInstitutionalCost,registered-diagnostic,-0.09329314044182477,-0.09348537052288414,-0.09309091041343887,9.879845628566016e-05,120,2000
previous-term,partyFragmentation-low,weak-form-base,weak-form,weak-form-review,current-federal-court,base,averageLegislativeResponseDelay,additional-diagnostic,0.3624967520356688,0.3602621064166195,0.36467633223551155,0.0011271679893176082,120,2000
previous-term,partyFragmentation-low,emergency-ablation,emergency,reasoned-with-fast-procedure,reasoned-emergency-review,ablation,emergencyReasonGivingRate,registered-component,-0.6874854770088951,-0.7195328379181446,-0.6507623510064628,0.01760849492990323,120,2000
previous-term,partyFragmentation-low,emergency-ablation,emergency,reasoned-with-fast-procedure,reasoned-emergency-review,ablation,meritsFollowUpRate,registered-component,-0.9916666666666667,-1.0,-0.975,0.008333333333333333,120,2000
previous-term,partyFragmentation-low,emergency-ablation,emergency,reasoned-with-fast-procedure,reasoned-emergency-review,ablation,averageTimeToReview,registered-component,0.0,0.0,0.0,0.0,120,2000
previous-term,partyFragmentation-low,emergency-ablation,emergency,reasoned-with-fast-procedure,reasoned-emergency-review,ablation,totalInstitutionalCost,registered-component,-0.004493819884293704,-0.004656389750893309,-0.004330456680603356,8.37326958391137e-05,120,2000
previous-term,partyFragmentation-low,emergency-ablation,emergency,reasoned-with-fast-procedure,reasoned-emergency-review,ablation,shadowDocketAbuse,registered-component,0.30154602130571573,0.29402667936280785,0.3089123321944489,0.003962154077489835,120,2000
previous-term,partyFragmentation-low,emergency-ablation,emergency,reasoned-with-fast-procedure,reasoned-emergency-review,ablation,institutionalDelayCost,additional-diagnostic,-0.006500653401257487,-0.0067095164451937235,-0.006291707958438419,0.00010785258753975246,120,2000
previous-term,partyFragmentation-low,screening-ablation,screening,council-with-full-court-structure,constitutional-council,ablation,directCourtCost,registered-diagnostic,-0.09719911666666665,-0.0973307285416667,-0.09706319354166665,7.141871854780505e-05,120,2000
previous-term,partyFragmentation-low,screening-ablation,screening,council-with-full-court-structure,constitutional-council,ablation,upstreamScreeningCost,registered-component,-1.7368271190613498e-05,-7.222416697852764e-05,3.478139615142653e-05,2.8372555856401555e-05,120,2000
previous-term,partyFragmentation-low,screening-ablation,screening,council-with-full-court-structure,constitutional-council,ablation,capacityStrainCost,registered-diagnostic,-0.04302127884746043,-0.04351406026849383,-0.04248091451471895,0.00027606915743118564,120,2000
previous-term,partyFragmentation-low,screening-ablation,screening,council-with-full-court-structure,constitutional-council,ablation,totalInstitutionalCost,registered-diagnostic,-0.05023293014238582,-0.050350691834661836,-0.050107826728475025,6.38940269161584e-05,120,2000
previous-term,partyFragmentation-low,screening-ablation,screening,council-with-full-court-structure,constitutional-council,ablation,intakeAcceptanceRate,registered-diagnostic,6.227824630020024e-06,-1.2752476340943778e-05,2.6649341073223973e-05,1.0385693916966937e-05,120,2000
previous-term,partyFragmentation-low,screening-ablation,screening,council-with-full-court-structure,constitutional-council,ablation,councilScreenRate,registered-component,-1.0,-1.0,-1.0,0.0,120,2000
previous-term,partyFragmentation-low,screening-ablation,screening,council-with-full-court-structure,constitutional-council,ablation,administrativeLoad,additional-diagnostic,-0.2398108333333334,-0.24062502083333343,-0.23893696354166674,0.00044987215478280455,120,2000
previous-term,partyFragmentation-low,weak-form-half,weak-form,weak-form-half-response,weak-form-review,ablation,legislativeResponseRate,registered-component,-0.13614583333333333,-0.14520833333333333,-0.12739322916666668,0.004663473281513,120,2000
previous-term,partyFragmentation-low,weak-form-half,weak-form,weak-form-half-response,weak-form-review,ablation,legislativeResponseCredibility,registered-component,-0.3213089400922764,-0.32255100338420545,-0.32013131220542335,0.0006149143191199601,120,2000
previous-term,partyFragmentation-low,weak-form-half,weak-form,weak-form-half-response,weak-form-review,ablation,timelyLegislativeResponseRate,registered-component,-0.3102196024454591,-0.329017224540384,-0.2917348591071109,0.00962532884929471,120,2000
previous-term,partyFragmentation-low,weak-form-half,weak-form,weak-form-half-response,weak-form-review,ablation,rightsProtection,registered-component,-0.015463174476442233,-0.016507653542257125,-0.014438587245348454,0.0005341742544100445,120,2000
previous-term,partyFragmentation-low,weak-form-half,weak-form,weak-form-half-response,weak-form-review,ablation,complianceRate,registered-component,-0.003958333333333337,-0.020106770833333346,0.011877604166666654,0.008082242230498641,120,2000
previous-term,partyFragmentation-low,weak-form-half,weak-form,weak-form-half-response,weak-form-review,ablation,democraticResponsiveness,registered-component,-0.021917231642429043,-0.02354535207809106,-0.020376787145474792,0.0008186303024103941,120,2000
previous-term,partyFragmentation-low,weak-form-half,weak-form,weak-form-half-response,weak-form-review,ablation,vetoRelocationRisk,registered-component,0.021815667728151997,0.020404568802492914,0.02327251104694754,0.0007413074741512832,120,2000
previous-term,partyFragmentation-low,weak-form-half,weak-form,weak-form-half-response,weak-form-review,ablation,totalInstitutionalCost,registered-diagnostic,-0.0013442519394378867,-0.0015485778949852385,-0.0011532935709970158,0.00010349454326915688,120,2000
previous-term,partyFragmentation-low,weak-form-half,weak-form,weak-form-half-response,weak-form-review,ablation,averageLegislativeResponseDelay,additional-diagnostic,0.08458693080413844,0.0812054984112485,0.08795282615127088,0.0017376012168500918,120,2000
previous-term,partyFragmentation-low,weak-form-off,weak-form,weak-form-no-response,weak-form-review,ablation,legislativeResponseRate,registered-component,-0.2713541666666667,-0.28072916666666664,-0.2618723958333334,0.004900524452559208,120,2000
previous-term,partyFragmentation-low,weak-form-off,weak-form,weak-form-no-response,weak-form-review,ablation,legislativeResponseCredibility,registered-component,-0.6431428801845528,-0.6447324284113954,-0.6415675397322834,0.0008115864924983446,120,2000
previous-term,partyFragmentation-low,weak-form-off,weak-form,weak-form-no-response,weak-form-review,ablation,timelyLegislativeResponseRate,registered-component,-0.3124815072073639,-0.3312131025413089,-0.29401661321148387,0.009663006574409652,120,2000
previous-term,partyFragmentation-low,weak-form-off,weak-form,weak-form-no-response,weak-form-review,ablation,rightsProtection,registered-component,-0.023144038500190357,-0.02414848205855812,-0.022149518418536893,0.000518469739837996,120,2000
previous-term,partyFragmentation-low,weak-form-off,weak-form,weak-form-no-response,weak-form-review,ablation,complianceRate,registered-component,-0.016979166666666663,-0.031770833333333325,-0.002812499999999993,0.007233227957754561,120,2000
previous-term,partyFragmentation-low,weak-form-off,weak-form,weak-form-no-response,weak-form-review,ablation,democraticResponsiveness,registered-component,-0.04145593337436578,-0.04297828883044613,-0.039947833463610506,0.0007739652362741651,120,2000
previous-term,partyFragmentation-low,weak-form-off,weak-form,weak-form-no-response,weak-form-review,ablation,vetoRelocationRisk,registered-component,0.0432022317121158,0.04171912544542905,0.04467708738432686,0.0007679177950918756,120,2000
previous-term,partyFragmentation-low,weak-form-off,weak-form,weak-form-no-response,weak-form-review,ablation,totalInstitutionalCost,registered-diagnostic,-0.0026110022047543036,-0.0028105977362177007,-0.002401727977726354,0.00010779674911961844,120,2000
previous-term,partyFragmentation-low,weak-form-off,weak-form,weak-form-no-response,weak-form-review,ablation,averageLegislativeResponseDelay,additional-diagnostic,-0.3624967520356688,-0.36467633223551155,-0.3602621064166195,0.0011271679893176082,120,2000
previous-term,partyFragmentation-low,weak-form-half-v-current,weak-form,weak-form-half-response,current-federal-court,persistence,legislativeResponseRate,registered-component,0.13520833333333335,0.12822916666666667,0.1421875,0.0035748772448285413,120,2000
previous-term,partyFragmentation-low,weak-form-half-v-current,weak-form,weak-form-half-response,current-federal-court,persistence,legislativeResponseCredibility,registered-component,-0.26261102342560977,-0.2634752438239287,-0.26181681757322695,0.00043030769352401816,120,2000
previous-term,partyFragmentation-low,weak-form-half-v-current,weak-form,weak-form-half-response,current-federal-court,persistence,timelyLegislativeResponseRate,registered-component,0.0022619047619047623,0.0,0.005357142857142856,0.0013095238095238097,120,2000
previous-term,partyFragmentation-low,weak-form-half-v-current,weak-form,weak-form-half-response,current-federal-court,persistence,rightsProtection,registered-component,0.012650724133618172,0.010702486174513364,0.014528253278095319,0.0009771874125883836,120,2000
previous-term,partyFragmentation-low,weak-form-half-v-current,weak-form,weak-form-half-response,current-federal-court,persistence,complianceRate,registered-component,0.36364583333333333,0.3493723958333333,0.3783333333333333,0.007583562027133056,120,2000
previous-term,partyFragmentation-low,weak-form-half-v-current,weak-form,weak-form-half-response,current-federal-court,persistence,democraticResponsiveness,registered-component,0.05072912709601309,0.0486734770575645,0.052940122724844114,0.0010923239616620025,120,2000
previous-term,partyFragmentation-low,weak-form-half-v-current,weak-form,weak-form-half-response,current-federal-court,persistence,vetoRelocationRisk,registered-component,-0.3168568353758348,-0.31800003507063945,-0.3156888599094924,0.0005914351739065331,120,2000
previous-term,partyFragmentation-low,weak-form-half-v-current,weak-form,weak-form-half-response,current-federal-court,persistence,totalInstitutionalCost,registered-diagnostic,-0.09463739238126266,-0.0948049504302267,-0.09446447123809844,8.676446207950977e-05,120,2000
previous-term,partyFragmentation-low,weak-form-half-v-current,weak-form,weak-form-half-response,current-federal-court,persistence,averageLegislativeResponseDelay,additional-diagnostic,0.44708368283980726,0.4439753568942269,0.4501382516698397,0.0015279227986484244,120,2000
previous-term,partyFragmentation-low,weak-form-off-v-current,weak-form,weak-form-no-response,current-federal-court,persistence,legislativeResponseRate,registered-component,0.0,0.0,0.0,0.0,120,2000
previous-term,partyFragmentation-low,weak-form-off-v-current,weak-form,weak-form-no-response,current-federal-court,persistence,legislativeResponseCredibility,registered-component,-0.5844449635178861,-0.5851094506965049,-0.5837809571457037,0.0003504202710719255,120,2000
previous-term,partyFragmentation-low,weak-form-off-v-current,weak-form,weak-form-no-response,current-federal-court,persistence,timelyLegislativeResponseRate,registered-component,0.0,0.0,0.0,0.0,120,2000
previous-term,partyFragmentation-low,weak-form-off-v-current,weak-form,weak-form-no-response,current-federal-court,persistence,rightsProtection,registered-component,0.004969860109870049,0.0032186285998162885,0.006682474028785364,0.0009318068368716753,120,2000
previous-term,partyFragmentation-low,weak-form-off-v-current,weak-form,weak-form-no-response,current-federal-court,persistence,complianceRate,registered-component,0.350625,0.33510416666666665,0.3673984375,0.008241595009785553,120,2000
previous-term,partyFragmentation-low,weak-form-off-v-current,weak-form,weak-form-no-response,current-federal-court,persistence,democraticResponsiveness,registered-component,0.031190425364076357,0.029149956681821916,0.033180357935515936,0.0010314095892145828,120,2000
previous-term,partyFragmentation-low,weak-form-off-v-current,weak-form,weak-form-no-response,current-federal-court,persistence,vetoRelocationRisk,registered-component,-0.295470271391871,-0.2958631404520239,-0.29509156275188986,0.00019911745777191538,120,2000
previous-term,partyFragmentation-low,weak-form-off-v-current,weak-form,weak-form-no-response,current-federal-court,persistence,totalInstitutionalCost,registered-diagnostic,-0.09590414264657907,-0.09607260851129876,-0.09574169030476862,8.475251441779898e-05,120,2000
previous-term,partyFragmentation-low,weak-form-off-v-current,weak-form,weak-form-no-response,current-federal-court,persistence,averageLegislativeResponseDelay,additional-diagnostic,0.0,0.0,0.0,0.0,120,2000
previous-term,partyFragmentation-high,emergency-base,emergency,reasoned-emergency-review,current-federal-court,base,emergencyReasonGivingRate,registered-component,0.8759496717902464,0.8475474694482006,0.9031314957185705,0.01367019694113104,120,2000
previous-term,partyFragmentation-high,emergency-base,emergency,reasoned-emergency-review,current-federal-court,base,meritsFollowUpRate,registered-component,1.0,1.0,1.0,0.0,120,2000
previous-term,partyFragmentation-high,emergency-base,emergency,reasoned-emergency-review,current-federal-court,base,averageTimeToReview,registered-component,0.0,0.0,0.0,0.0,120,2000
previous-term,partyFragmentation-high,emergency-base,emergency,reasoned-emergency-review,current-federal-court,base,totalInstitutionalCost,registered-component,0.009740387915345742,0.009598392260789002,0.009878084027944909,7.303706943794395e-05,120,2000
previous-term,partyFragmentation-high,emergency-base,emergency,reasoned-emergency-review,current-federal-court,base,shadowDocketAbuse,registered-component,-0.3186594374959431,-0.32566689133639154,-0.31143684548067385,0.003833245649598981,120,2000
previous-term,partyFragmentation-high,emergency-base,emergency,reasoned-emergency-review,current-federal-court,base,institutionalDelayCost,additional-diagnostic,0.008319994739509133,0.00814243916820228,0.008503946006775922,9.478113485265746e-05,120,2000
previous-term,partyFragmentation-high,screening-base,screening,constitutional-council,current-federal-court,base,directCourtCost,registered-diagnostic,0.13595226666666665,0.13582141999999997,0.13608324479166664,6.791696604219947e-05,120,2000
previous-term,partyFragmentation-high,screening-base,screening,constitutional-council,current-federal-court,base,upstreamScreeningCost,registered-component,0.0019976970241730183,0.0019263423084450062,0.002068089478523127,3.649558184943772e-05,120,2000
previous-term,partyFragmentation-high,screening-base,screening,constitutional-council,current-federal-court,base,capacityStrainCost,registered-diagnostic,0.06394499801611538,0.06323937754109749,0.06462386456273878,0.0003643664242431475,120,2000
previous-term,partyFragmentation-high,screening-base,screening,constitutional-council,current-federal-court,base,totalInstitutionalCost,registered-diagnostic,0.0830061077839945,0.08285631253755286,0.08315571567991857,7.752740499819343e-05,120,2000
previous-term,partyFragmentation-high,screening-base,screening,constitutional-council,current-federal-court,base,intakeAcceptanceRate,registered-diagnostic,-0.0007471274108074347,-0.0007742478467954728,-0.0007197522699192911,1.4061675897951362e-05,120,2000
previous-term,partyFragmentation-high,screening-base,screening,constitutional-council,current-federal-court,base,councilScreenRate,registered-component,1.0,1.0,1.0,0.0,120,2000
previous-term,partyFragmentation-high,screening-base,screening,constitutional-council,current-federal-court,base,administrativeLoad,additional-diagnostic,0.24759833333333345,0.24654127083333346,0.2486317395833335,0.0005364662338625802,120,2000
previous-term,partyFragmentation-high,weak-form-base,weak-form,weak-form-review,current-federal-court,base,legislativeResponseRate,registered-component,0.26999999999999996,0.2615598958333333,0.2784375,0.004339214388873295,120,2000
previous-term,partyFragmentation-high,weak-form-base,weak-form,weak-form-review,current-federal-court,base,legislativeResponseCredibility,registered-component,0.058566666666666614,0.05728536458333328,0.05981473958333329,0.0006501301672437688,120,2000
previous-term,partyFragmentation-high,weak-form-base,weak-form,weak-form-review,current-federal-court,base,timelyLegislativeResponseRate,registered-component,0.0,0.0,0.0,0.0,120,2000
previous-term,partyFragmentation-high,weak-form-base,weak-form,weak-form-review,current-federal-court,base,rightsProtection,registered-component,0.022618875719998,0.020710226746273624,0.024435947133051455,0.0009418087267748396,120,2000
previous-term,partyFragmentation-high,weak-form-base,weak-form,weak-form-review,current-federal-court,base,complianceRate,registered-component,0.3484375,0.3316640625,0.364375,0.008291512489241253,120,2000
previous-term,partyFragmentation-high,weak-form-base,weak-form,weak-form-review,current-federal-court,base,democraticResponsiveness,registered-component,0.07461355294122364,0.07217111064091415,0.07700821413885585,0.0012584772538910321,120,2000
previous-term,partyFragmentation-high,weak-form-base,weak-form,weak-form-review,current-federal-court,base,vetoRelocationRisk,registered-component,-0.3386034322358732,-0.3399542660832275,-0.33723370526444924,0.0007027767276885491,120,2000
previous-term,partyFragmentation-high,weak-form-base,weak-form,weak-form-review,current-federal-court,base,totalInstitutionalCost,registered-diagnostic,-0.0932260594874736,-0.09342092438201556,-0.09302676225256085,0.0001013441920576846,120,2000
previous-term,partyFragmentation-high,weak-form-base,weak-form,weak-form-review,current-federal-court,base,averageLegislativeResponseDelay,additional-diagnostic,0.4874878265710107,0.4852602147034498,0.4896047854758659,0.001104409086339293,120,2000
previous-term,partyFragmentation-high,emergency-ablation,emergency,reasoned-with-fast-procedure,reasoned-emergency-review,ablation,emergencyReasonGivingRate,registered-component,-0.7246327278633319,-0.7527657154360597,-0.6945209586863025,0.014430447059054777,120,2000
previous-term,partyFragmentation-high,emergency-ablation,emergency,reasoned-with-fast-procedure,reasoned-emergency-review,ablation,meritsFollowUpRate,registered-component,-1.0,-1.0,-1.0,0.0,120,2000
previous-term,partyFragmentation-high,emergency-ablation,emergency,reasoned-with-fast-procedure,reasoned-emergency-review,ablation,averageTimeToReview,registered-component,0.0,0.0,0.0,0.0,120,2000
previous-term,partyFragmentation-high,emergency-ablation,emergency,reasoned-with-fast-procedure,reasoned-emergency-review,ablation,totalInstitutionalCost,registered-component,-0.004339130307704614,-0.004478718850192872,-0.0041947013849128615,7.375638686578274e-05,120,2000
previous-term,partyFragmentation-high,emergency-ablation,emergency,reasoned-with-fast-procedure,reasoned-emergency-review,ablation,shadowDocketAbuse,registered-component,0.30517385274222664,0.2984927297297172,0.31167007202753294,0.0035470912459490927,120,2000
previous-term,partyFragmentation-high,emergency-ablation,emergency,reasoned-with-fast-procedure,reasoned-emergency-review,ablation,institutionalDelayCost,additional-diagnostic,-0.0067302069933887305,-0.0069099080665313275,-0.006560703761496795,9.094053689366559e-05,120,2000
previous-term,partyFragmentation-high,screening-ablation,screening,council-with-full-court-structure,constitutional-council,ablation,directCourtCost,registered-diagnostic,-0.09720788333333331,-0.09733968499999998,-0.09707312374999996,7.116463157764259e-05,120,2000
previous-term,partyFragmentation-high,screening-ablation,screening,council-with-full-court-structure,constitutional-council,ablation,upstreamScreeningCost,registered-component,-1.390981414641131e-05,-7.278110139327628e-05,4.356588667058942e-05,2.970338033573539e-05,120,2000
previous-term,partyFragmentation-high,screening-ablation,screening,council-with-full-court-structure,constitutional-council,ablation,capacityStrainCost,registered-diagnostic,-0.04308532320943096,-0.04362687965675892,-0.04252448400186324,0.000282848300565725,120,2000
previous-term,partyFragmentation-high,screening-ablation,screening,council-with-full-court-structure,constitutional-council,ablation,totalInstitutionalCost,registered-diagnostic,-0.05024715631572053,-0.05036728810062139,-0.05012421104686892,6.257763677597088e-05,120,2000
previous-term,partyFragmentation-high,screening-ablation,screening,council-with-full-court-structure,constitutional-council,ablation,intakeAcceptanceRate,registered-diagnostic,4.628659023825828e-06,-1.6771272397406324e-05,2.6277732644762603e-05,1.1013631230665715e-05,120,2000
previous-term,partyFragmentation-high,screening-ablation,screening,council-with-full-court-structure,constitutional-council,ablation,councilScreenRate,registered-component,-1.0,-1.0,-1.0,0.0,120,2000
previous-term,partyFragmentation-high,screening-ablation,screening,council-with-full-court-structure,constitutional-council,ablation,administrativeLoad,additional-diagnostic,-0.23990166666666682,-0.24076413541666677,-0.2390459531250001,0.00044132657616032726,120,2000
previous-term,partyFragmentation-high,weak-form-half,weak-form,weak-form-half-response,weak-form-review,ablation,legislativeResponseRate,registered-component,-0.1408333333333333,-0.1478125,-0.13364583333333335,0.003592433562117184,120,2000
previous-term,partyFragmentation-high,weak-form-half,weak-form,weak-form-half-response,weak-form-review,ablation,legislativeResponseCredibility,registered-component,-0.27944071347054483,-0.28051696259657644,-0.27838255083727637,0.0005420688168826432,120,2000
previous-term,partyFragmentation-high,weak-form-half,weak-form,weak-form-half-response,weak-form-review,ablation,timelyLegislativeResponseRate,registered-component,0.0,0.0,0.0,0.0,120,2000
previous-term,partyFragmentation-high,weak-form-half,weak-form,weak-form-half-response,weak-form-review,ablation,rightsProtection,registered-component,-0.009136159040142972,-0.01009581663520709,-0.008206350266030471,0.0004876401782313318,120,2000
previous-term,partyFragmentation-high,weak-form-half,weak-form,weak-form-half-response,weak-form-review,ablation,complianceRate,registered-component,-0.0013541666666666682,-0.016666666666666677,0.014898437499999985,0.008003079317712207,120,2000
previous-term,partyFragmentation-high,weak-form-half,weak-form,weak-form-half-response,weak-form-review,ablation,democraticResponsiveness,registered-component,-0.02169840762528074,-0.023051900852681648,-0.02029887895713531,0.0006884167068698348,120,2000
previous-term,partyFragmentation-high,weak-form-half,weak-form,weak-form-half-response,weak-form-review,ablation,vetoRelocationRisk,registered-component,0.02245162591837954,0.021268381594180315,0.023603627257652776,0.0005840058772750641,120,2000
previous-term,partyFragmentation-high,weak-form-half,weak-form,weak-form-half-response,weak-form-review,ablation,totalInstitutionalCost,registered-diagnostic,-0.001403969698494444,-0.0016040938966882228,-0.0011963481545945883,0.00010155472607127978,120,2000
previous-term,partyFragmentation-high,weak-form-half,weak-form,weak-form-half-response,weak-form-review,ablation,averageLegislativeResponseDelay,additional-diagnostic,0.07435913674291168,0.07092581025865734,0.07781964946426549,0.0018395518141196814,120,2000
previous-term,partyFragmentation-high,weak-form-off,weak-form,weak-form-no-response,weak-form-review,ablation,legislativeResponseRate,registered-component,-0.26999999999999996,-0.2784375,-0.26155989583333333,0.004339214388873295,120,2000
previous-term,partyFragmentation-high,weak-form-off,weak-form,weak-form-no-response,weak-form-review,ablation,legislativeResponseCredibility,registered-component,-0.5589001769410896,-0.5603230029678856,-0.5574252290851529,0.0007409274259404824,120,2000
previous-term,partyFragmentation-high,weak-form-off,weak-form,weak-form-no-response,weak-form-review,ablation,timelyLegislativeResponseRate,registered-component,0.0,0.0,0.0,0.0,120,2000
previous-term,partyFragmentation-high,weak-form-off,weak-form,weak-form-no-response,weak-form-review,ablation,rightsProtection,registered-component,-0.015471632878828686,-0.016474467506914277,-0.014408838969301667,0.0005198990930073714,120,2000
previous-term,partyFragmentation-high,weak-form-off,weak-form,weak-form-no-response,weak-form-review,ablation,complianceRate,registered-component,0.0002083333333333335,-0.013125000000000001,0.01354427083333332,0.007230485625849823,120,2000
previous-term,partyFragmentation-high,weak-form-off,weak-form,weak-form-no-response,weak-form-review,ablation,democraticResponsiveness,registered-component,-0.041175439962305965,-0.04269005441481124,-0.03950023935287622,0.0008109979857656602,120,2000
previous-term,partyFragmentation-high,weak-form-off,weak-form,weak-form-no-response,weak-form-review,ablation,vetoRelocationRisk,registered-component,0.04328581552762223,0.04191702088766165,0.04468166032521617,0.0007102118040339025,120,2000
previous-term,partyFragmentation-high,weak-form-off,weak-form,weak-form-no-response,weak-form-review,ablation,totalInstitutionalCost,registered-diagnostic,-0.002522739128772595,-0.002700749463032934,-0.0023372756763320483,9.49110193323793e-05,120,2000
previous-term,partyFragmentation-high,weak-form-off,weak-form,weak-form-no-response,weak-form-review,ablation,averageLegislativeResponseDelay,additional-diagnostic,-0.4874878265710107,-0.4896047854758659,-0.4852602147034498,0.001104409086339293,120,2000
previous-term,partyFragmentation-high,weak-form-half-v-current,weak-form,weak-form-half-response,current-federal-court,persistence,legislativeResponseRate,registered-component,0.12916666666666668,0.12375,0.1347942708333333,0.00280420435979678,120,2000
previous-term,partyFragmentation-high,weak-form-half-v-current,weak-form,weak-form-half-response,current-federal-court,persistence,legislativeResponseCredibility,registered-component,-0.22087404680387823,-0.22160784454490448,-0.22014756656494874,0.0003722846889237807,120,2000
previous-term,partyFragmentation-high,weak-form-half-v-current,weak-form,weak-form-half-response,current-federal-court,persistence,timelyLegislativeResponseRate,registered-component,0.0,0.0,0.0,0.0,120,2000
previous-term,partyFragmentation-high,weak-form-half-v-current,weak-form,weak-form-half-response,current-federal-court,persistence,rightsProtection,registered-component,0.013482716679855027,0.011596748412512218,0.015233284231069602,0.0009437487079979245,120,2000
previous-term,partyFragmentation-high,weak-form-half-v-current,weak-form,weak-form-half-response,current-federal-court,persistence,complianceRate,registered-component,0.3470833333333333,0.33,0.36396093749999997,0.008566929063328182,120,2000
previous-term,partyFragmentation-high,weak-form-half-v-current,weak-form,weak-form-half-response,current-federal-court,persistence,democraticResponsiveness,registered-component,0.0529151453159429,0.05047541221809746,0.05525260372929785,0.0012215156647794423,120,2000
previous-term,partyFragmentation-high,weak-form-half-v-current,weak-form,weak-form-half-response,current-federal-court,persistence,vetoRelocationRisk,registered-component,-0.3161518063174937,-0.3171429153714629,-0.3151820034273431,0.00048099209231526716,120,2000
previous-term,partyFragmentation-high,weak-form-half-v-current,weak-form,weak-form-half-response,current-federal-court,persistence,totalInstitutionalCost,registered-diagnostic,-0.09463002918596805,-0.09483231682790472,-0.09443035385813475,9.99775191229188e-05,120,2000
previous-term,partyFragmentation-high,weak-form-half-v-current,weak-form,weak-form-half-response,current-federal-court,persistence,averageLegislativeResponseDelay,additional-diagnostic,0.5618469633139224,0.5587007655854408,0.5650978256301108,0.001674452230721319,120,2000
previous-term,partyFragmentation-high,weak-form-off-v-current,weak-form,weak-form-no-response,current-federal-court,persistence,legislativeResponseRate,registered-component,0.0,0.0,0.0,0.0,120,2000
previous-term,partyFragmentation-high,weak-form-off-v-current,weak-form,weak-form-no-response,current-federal-court,persistence,legislativeResponseCredibility,registered-component,-0.5003335102744231,-0.5010418037304812,-0.499678598186191,0.0003486762013852455,120,2000
previous-term,partyFragmentation-high,weak-form-off-v-current,weak-form,weak-form-no-response,current-federal-court,persistence,timelyLegislativeResponseRate,registered-component,0.0,0.0,0.0,0.0,120,2000
previous-term,partyFragmentation-high,weak-form-off-v-current,weak-form,weak-form-no-response,current-federal-court,persistence,rightsProtection,registered-component,0.007147242841169313,0.005173752423603734,0.00904645570657886,0.0010034335283532433,120,2000
previous-term,partyFragmentation-high,weak-form-off-v-current,weak-form,weak-form-no-response,current-federal-court,persistence,complianceRate,registered-component,0.3486458333333333,0.33208072916666664,0.36364583333333333,0.008257439553357783,120,2000
previous-term,partyFragmentation-high,weak-form-off-v-current,weak-form,weak-form-no-response,current-federal-court,persistence,democraticResponsiveness,registered-component,0.033438112978917675,0.030981175955872374,0.03572283182174746,0.0012088317764603442,120,2000
previous-term,partyFragmentation-high,weak-form-off-v-current,weak-form,weak-form-no-response,current-federal-court,persistence,vetoRelocationRisk,registered-component,-0.295317616708251,-0.2956720483421566,-0.2949676594325453,0.0001874415543476045,120,2000
previous-term,partyFragmentation-high,weak-form-off-v-current,weak-form,weak-form-no-response,current-federal-court,persistence,totalInstitutionalCost,registered-diagnostic,-0.0957487986162462,-0.09592600072542665,-0.09556615349416578,9.444087195626646e-05,120,2000
previous-term,partyFragmentation-high,weak-form-off-v-current,weak-form,weak-form-no-response,current-federal-court,persistence,averageLegislativeResponseDelay,additional-diagnostic,0.0,0.0,0.0,0.0,120,2000
