caseKey,caseName,caseDescription,scenarioKey,scenario,scenarioKind,reviewMechanism,segmentType,segmentKey,totalCases,reviewedCases,intakeFilings,screenedFilings,reviewRate,intakeAcceptanceRate,legalStability,rightsProtection,shadowDocketAbuse,emergencyReliefRate,meritsInvalidationRate,emergencyReasonGivingRate,emergencyVoteDisclosureRate,emergencyPublicDisagreementRate,governmentEmergencyWinRate,meritsFollowUpRate,lowerCourtConflict,averageTimeToReview,averageLowerCourtDepth,stateFederalTension,intercourtConflict,legitimacy,constitutionalConflict,democraticResponsiveness,legislativeResponseCredibility,caseSelectionAccess,governmentRepeatPlayerAdvantage,implementationCapacity,democraticConstitutionalism,vetoRelocationRisk,legalTransplantFeasibility,politicalCultureSensitivity,complianceRate,defianceRate,workaroundRate,repeatedLitigationRate,executiveImplementationRate,agencyNonacquiescenceRate,legislativeReenactmentRate,localGovernmentComplianceRate,publicTrust,legislativeConflict,courtCurbingPressure,amendmentPressure,directCourtCost,upstreamScreeningCost,capacityStrainCost,institutionalBudgetCost,institutionalDelayCost,implementationComplexity,totalInstitutionalCost
baseline,Baseline,Moderately polarized appointment environment with ordinary constitutional-review pressure.,current-federal-court,Current-style federal supreme court,court_variant,strong_form_court,period,1,2400,2400,100724,98324,1.000,0.024,0.788,0.687,0.367,0.641,0.499,0.023,0.379,0.582,0.624,0.000,0.697,0.602,2.434,0.556,0.492,0.594,0.344,0.404,0.552,0.432,0.360,0.612,0.588,0.529,0.644,0.728,0.592,0.159,0.093,0.198,0.597,0.092,0.035,0.423,0.109,0.688,0.446,0.265,0.303,0.688,0.409,0.376,0.435,0.431,0.447
baseline,Baseline,Moderately polarized appointment environment with ordinary constitutional-review pressure.,current-federal-court,Current-style federal supreme court,court_variant,strong_form_court,period,2,2400,2400,100861,98461,1.000,0.024,0.790,0.687,0.373,0.662,0.463,0.033,0.356,0.558,0.642,0.000,0.700,0.604,2.425,0.553,0.493,0.577,0.344,0.407,0.551,0.431,0.354,0.611,0.568,0.529,0.644,0.728,0.380,0.298,0.153,0.305,0.395,0.198,0.070,0.217,0.000,0.982,0.980,0.772,0.308,0.689,0.422,0.380,0.436,0.433,0.451
baseline,Baseline,Moderately polarized appointment environment with ordinary constitutional-review pressure.,current-federal-court,Current-style federal supreme court,court_variant,strong_form_court,period,3,2400,2400,100944,98544,1.000,0.024,0.791,0.687,0.367,0.682,0.466,0.027,0.362,0.571,0.652,0.000,0.698,0.601,2.423,0.556,0.496,0.578,0.342,0.405,0.550,0.432,0.354,0.612,0.565,0.528,0.644,0.728,0.332,0.304,0.193,0.338,0.350,0.194,0.093,0.163,0.000,0.994,1.000,0.992,0.308,0.689,0.421,0.380,0.436,0.433,0.451
baseline,Baseline,Moderately polarized appointment environment with ordinary constitutional-review pressure.,current-federal-court,Current-style federal supreme court,court_variant,strong_form_court,period,4,2400,2400,101064,98664,1.000,0.024,0.794,0.686,0.358,0.663,0.466,0.026,0.372,0.560,0.647,0.000,0.704,0.604,2.428,0.556,0.496,0.579,0.340,0.408,0.551,0.431,0.360,0.612,0.565,0.529,0.644,0.728,0.335,0.317,0.180,0.324,0.332,0.213,0.078,0.158,0.000,0.995,1.000,0.998,0.307,0.689,0.421,0.380,0.437,0.433,0.451
baseline,Baseline,Moderately polarized appointment environment with ordinary constitutional-review pressure.,eighteen-year-terms,Staggered 18-year nonrenewable terms,court_variant,strong_form_court,period,1,2400,2400,100929,98529,1.000,0.024,0.800,0.695,0.354,0.610,0.444,0.029,0.392,0.558,0.584,0.000,0.697,0.602,2.434,0.556,0.492,0.606,0.335,0.415,0.551,0.432,0.360,0.613,0.596,0.520,0.645,0.727,0.583,0.160,0.094,0.209,0.595,0.093,0.034,0.434,0.113,0.660,0.407,0.261,0.303,0.688,0.408,0.376,0.435,0.431,0.447
baseline,Baseline,Moderately polarized appointment environment with ordinary constitutional-review pressure.,eighteen-year-terms,Staggered 18-year nonrenewable terms,court_variant,strong_form_court,period,2,2400,2400,100889,98489,1.000,0.024,0.800,0.694,0.367,0.621,0.426,0.030,0.355,0.533,0.586,0.000,0.700,0.604,2.425,0.553,0.493,0.587,0.338,0.417,0.551,0.431,0.354,0.611,0.575,0.520,0.645,0.728,0.393,0.288,0.152,0.294,0.393,0.189,0.076,0.220,0.000,0.972,0.965,0.756,0.314,0.689,0.441,0.386,0.438,0.436,0.457
baseline,Baseline,Moderately polarized appointment environment with ordinary constitutional-review pressure.,eighteen-year-terms,Staggered 18-year nonrenewable terms,court_variant,strong_form_court,period,3,2400,2400,100953,98553,1.000,0.024,0.800,0.696,0.358,0.622,0.434,0.032,0.373,0.536,0.598,0.000,0.698,0.601,2.423,0.556,0.496,0.588,0.335,0.417,0.551,0.432,0.354,0.611,0.571,0.519,0.645,0.727,0.325,0.325,0.173,0.348,0.345,0.197,0.085,0.175,0.000,0.994,1.000,0.991,0.314,0.689,0.441,0.386,0.438,0.436,0.457
baseline,Baseline,Moderately polarized appointment environment with ordinary constitutional-review pressure.,eighteen-year-terms,Staggered 18-year nonrenewable terms,court_variant,strong_form_court,period,4,2400,2400,100948,98548,1.000,0.024,0.803,0.694,0.358,0.607,0.423,0.036,0.373,0.526,0.590,0.000,0.704,0.604,2.428,0.556,0.496,0.588,0.335,0.417,0.550,0.431,0.360,0.611,0.571,0.520,0.645,0.728,0.339,0.317,0.183,0.328,0.332,0.203,0.095,0.156,0.000,0.995,1.000,0.998,0.314,0.689,0.441,0.386,0.439,0.437,0.458
baseline,Baseline,Moderately polarized appointment environment with ordinary constitutional-review pressure.,fifteen-justice-commission,Fifteen-justice supermajority commission court,court_variant,strong_form_court,period,1,2400,2400,104000,101600,1.000,0.023,0.887,0.739,0.062,0.400,0.407,0.699,0.592,0.265,0.365,0.277,0.697,0.602,2.434,0.556,0.492,0.729,0.248,0.459,0.577,0.432,0.360,0.619,0.659,0.436,0.645,0.716,0.702,0.086,0.079,0.130,0.712,0.057,0.029,0.520,0.220,0.460,0.243,0.118,0.354,0.690,0.390,0.428,0.441,0.448,0.460
baseline,Baseline,Moderately polarized appointment environment with ordinary constitutional-review pressure.,fifteen-justice-commission,Fifteen-justice supermajority commission court,court_variant,strong_form_court,period,2,2400,2400,104194,101794,1.000,0.023,0.886,0.738,0.064,0.441,0.409,0.673,0.609,0.256,0.390,0.277,0.700,0.604,2.425,0.553,0.493,0.700,0.248,0.464,0.578,0.431,0.354,0.616,0.645,0.437,0.645,0.717,0.574,0.145,0.134,0.193,0.598,0.105,0.063,0.423,0.003,0.620,0.638,0.289,0.367,0.691,0.431,0.441,0.445,0.454,0.473
baseline,Baseline,Moderately polarized appointment environment with ordinary constitutional-review pressure.,fifteen-justice-commission,Fifteen-justice supermajority commission court,court_variant,strong_form_court,period,3,2400,2400,103968,101568,1.000,0.023,0.887,0.741,0.063,0.369,0.409,0.671,0.571,0.256,0.361,0.302,0.698,0.601,2.423,0.556,0.496,0.701,0.248,0.462,0.577,0.432,0.354,0.616,0.636,0.436,0.645,0.717,0.505,0.209,0.146,0.214,0.481,0.161,0.070,0.292,0.001,0.795,0.886,0.576,0.367,0.690,0.432,0.441,0.444,0.455,0.473
baseline,Baseline,Moderately polarized appointment environment with ordinary constitutional-review pressure.,fifteen-justice-commission,Fifteen-justice supermajority commission court,court_variant,strong_form_court,period,4,2400,2400,104190,101790,1.000,0.023,0.889,0.738,0.059,0.433,0.398,0.686,0.567,0.299,0.391,0.301,0.704,0.604,2.428,0.556,0.496,0.701,0.247,0.461,0.577,0.431,0.360,0.616,0.631,0.437,0.645,0.717,0.428,0.227,0.170,0.251,0.449,0.168,0.081,0.251,0.001,0.894,0.950,0.816,0.367,0.691,0.430,0.441,0.445,0.454,0.473
baseline,Baseline,Moderately polarized appointment environment with ordinary constitutional-review pressure.,supermajority-invalidation,Supermajority required to invalidate laws,court_variant,strong_form_court,period,1,2400,2400,103921,101521,1.000,0.023,0.895,0.735,0.066,0.443,0.395,0.635,0.521,0.327,0.430,0.270,0.697,0.602,2.434,0.556,0.492,0.704,0.249,0.456,0.568,0.432,0.360,0.616,0.653,0.446,0.644,0.721,0.689,0.096,0.078,0.150,0.686,0.060,0.025,0.516,0.203,0.476,0.261,0.139,0.301,0.690,0.389,0.375,0.440,0.487,0.453
baseline,Baseline,Moderately polarized appointment environment with ordinary constitutional-review pressure.,supermajority-invalidation,Supermajority required to invalidate laws,court_variant,strong_form_court,period,2,2400,2400,104118,101718,1.000,0.023,0.896,0.735,0.069,0.463,0.380,0.671,0.519,0.275,0.427,0.262,0.700,0.604,2.425,0.553,0.493,0.677,0.248,0.460,0.568,0.431,0.354,0.616,0.640,0.446,0.644,0.720,0.573,0.162,0.130,0.191,0.602,0.105,0.062,0.412,0.002,0.646,0.674,0.341,0.306,0.690,0.403,0.379,0.442,0.490,0.458
baseline,Baseline,Moderately polarized appointment environment with ordinary constitutional-review pressure.,supermajority-invalidation,Supermajority required to invalidate laws,court_variant,strong_form_court,period,3,2400,2400,104008,101608,1.000,0.023,0.896,0.737,0.065,0.471,0.385,0.610,0.510,0.285,0.445,0.316,0.698,0.601,2.423,0.556,0.496,0.678,0.248,0.459,0.568,0.432,0.354,0.616,0.631,0.445,0.644,0.721,0.451,0.206,0.177,0.243,0.471,0.157,0.084,0.273,0.001,0.826,0.904,0.643,0.306,0.690,0.403,0.379,0.441,0.490,0.458
baseline,Baseline,Moderately polarized appointment environment with ordinary constitutional-review pressure.,supermajority-invalidation,Supermajority required to invalidate laws,court_variant,strong_form_court,period,4,2400,2400,104284,101884,1.000,0.023,0.899,0.737,0.058,0.432,0.382,0.631,0.500,0.259,0.400,0.301,0.704,0.604,2.428,0.556,0.496,0.679,0.245,0.461,0.568,0.431,0.360,0.616,0.628,0.446,0.644,0.720,0.431,0.238,0.178,0.255,0.429,0.185,0.088,0.223,0.001,0.919,0.965,0.861,0.305,0.691,0.401,0.379,0.442,0.490,0.458
baseline,Baseline,Moderately polarized appointment environment with ordinary constitutional-review pressure.,strict-recusal-court,Strict recusal with substitute justices,court_variant,strong_form_court,period,1,2400,2400,103885,101485,1.000,0.023,0.887,0.740,0.062,0.364,0.403,0.721,0.666,0.286,0.332,0.276,0.697,0.602,2.434,0.556,0.492,0.750,0.247,0.462,0.585,0.432,0.360,0.615,0.663,0.434,0.645,0.720,0.713,0.077,0.070,0.124,0.715,0.057,0.028,0.529,0.236,0.445,0.228,0.101,0.353,0.690,0.391,0.427,0.440,0.482,0.466
baseline,Baseline,Moderately polarized appointment environment with ordinary constitutional-review pressure.,strict-recusal-court,Strict recusal with substitute justices,court_variant,strong_form_court,period,2,2400,2400,104256,101856,1.000,0.023,0.889,0.739,0.062,0.414,0.392,0.718,0.669,0.228,0.378,0.250,0.700,0.604,2.425,0.553,0.493,0.719,0.246,0.466,0.585,0.431,0.354,0.613,0.652,0.435,0.644,0.720,0.615,0.139,0.120,0.162,0.605,0.096,0.058,0.448,0.003,0.564,0.563,0.247,0.366,0.691,0.431,0.440,0.445,0.488,0.479
baseline,Baseline,Moderately polarized appointment environment with ordinary constitutional-review pressure.,strict-recusal-court,Strict recusal with substitute justices,court_variant,strong_form_court,period,3,2400,2400,103868,101468,1.000,0.023,0.888,0.740,0.066,0.419,0.388,0.714,0.699,0.303,0.383,0.310,0.698,0.601,2.423,0.556,0.496,0.719,0.247,0.461,0.584,0.432,0.354,0.613,0.641,0.434,0.644,0.720,0.514,0.190,0.148,0.213,0.520,0.131,0.070,0.329,0.001,0.713,0.817,0.495,0.366,0.690,0.433,0.440,0.444,0.489,0.479
baseline,Baseline,Moderately polarized appointment environment with ordinary constitutional-review pressure.,strict-recusal-court,Strict recusal with substitute justices,court_variant,strong_form_court,period,4,2400,2400,104033,101633,1.000,0.023,0.889,0.737,0.063,0.421,0.386,0.681,0.664,0.258,0.395,0.267,0.704,0.604,2.428,0.556,0.496,0.718,0.246,0.462,0.584,0.431,0.360,0.613,0.635,0.435,0.644,0.720,0.445,0.233,0.163,0.240,0.469,0.159,0.089,0.265,0.001,0.836,0.927,0.743,0.366,0.691,0.432,0.440,0.445,0.489,0.479
baseline,Baseline,Moderately polarized appointment environment with ordinary constitutional-review pressure.,reasoned-emergency-review,Reasoned emergency orders with merits follow-up,court_variant,strong_form_court,period,1,2400,2400,104652,102252,1.000,0.023,0.891,0.739,0.003,0.416,0.439,0.878,0.663,0.111,0.397,1.000,0.697,0.602,2.434,0.556,0.492,0.764,0.238,0.458,0.595,0.432,0.360,0.618,0.666,0.446,0.644,0.718,0.721,0.077,0.073,0.109,0.721,0.047,0.034,0.544,0.238,0.454,0.257,0.096,0.302,0.691,0.385,0.376,0.442,0.480,0.452
baseline,Baseline,Moderately polarized appointment environment with ordinary constitutional-review pressure.,reasoned-emergency-review,Reasoned emergency orders with merits follow-up,court_variant,strong_form_court,period,2,2400,2400,104945,102545,1.000,0.023,0.890,0.740,0.003,0.449,0.450,0.833,0.696,0.156,0.427,1.000,0.700,0.604,2.425,0.553,0.493,0.733,0.240,0.459,0.597,0.431,0.354,0.616,0.652,0.447,0.644,0.719,0.608,0.137,0.128,0.165,0.615,0.106,0.065,0.418,0.006,0.608,0.658,0.224,0.312,0.691,0.417,0.386,0.445,0.485,0.462
baseline,Baseline,Moderately polarized appointment environment with ordinary constitutional-review pressure.,reasoned-emergency-review,Reasoned emergency orders with merits follow-up,court_variant,strong_form_court,period,3,2400,2400,104680,102280,1.000,0.023,0.890,0.741,0.004,0.456,0.448,0.868,0.706,0.152,0.431,1.000,0.698,0.601,2.423,0.556,0.496,0.733,0.239,0.459,0.596,0.432,0.354,0.616,0.642,0.446,0.644,0.719,0.507,0.199,0.154,0.216,0.512,0.154,0.077,0.304,0.002,0.782,0.899,0.479,0.312,0.691,0.418,0.386,0.445,0.486,0.462
baseline,Baseline,Moderately polarized appointment environment with ordinary constitutional-review pressure.,reasoned-emergency-review,Reasoned emergency orders with merits follow-up,court_variant,strong_form_court,period,4,2400,2400,104861,102461,1.000,0.023,0.892,0.739,0.003,0.435,0.442,0.910,0.698,0.141,0.422,1.000,0.704,0.604,2.428,0.556,0.496,0.732,0.238,0.460,0.595,0.431,0.360,0.616,0.637,0.446,0.644,0.719,0.452,0.227,0.168,0.242,0.449,0.177,0.085,0.258,0.001,0.895,0.960,0.744,0.312,0.692,0.417,0.386,0.446,0.486,0.463
baseline,Baseline,Moderately polarized appointment environment with ordinary constitutional-review pressure.,panel-en-banc-review,Panel review with en banc safety valve,court_variant,strong_form_court,period,1,2400,2400,104004,101604,1.000,0.023,0.882,0.737,0.062,0.422,0.422,0.664,0.657,0.270,0.380,0.265,0.697,0.602,2.434,0.556,0.492,0.740,0.250,0.459,0.583,0.432,0.360,0.611,0.659,0.433,0.644,0.719,0.691,0.084,0.077,0.136,0.702,0.064,0.030,0.509,0.211,0.466,0.251,0.121,0.423,0.690,0.424,0.493,0.510,0.473,0.501
baseline,Baseline,Moderately polarized appointment environment with ordinary constitutional-review pressure.,panel-en-banc-review,Panel review with en banc safety valve,court_variant,strong_form_court,period,2,2400,2400,104167,101767,1.000,0.023,0.882,0.739,0.062,0.411,0.425,0.665,0.599,0.247,0.357,0.268,0.700,0.604,2.425,0.553,0.493,0.713,0.249,0.465,0.584,0.431,0.354,0.608,0.646,0.434,0.644,0.720,0.588,0.153,0.130,0.181,0.592,0.108,0.064,0.409,0.002,0.635,0.664,0.286,0.436,0.690,0.465,0.505,0.514,0.479,0.514
baseline,Baseline,Moderately polarized appointment environment with ordinary constitutional-review pressure.,panel-en-banc-review,Panel review with en banc safety valve,court_variant,strong_form_court,period,3,2400,2400,103914,101514,1.000,0.023,0.883,0.740,0.064,0.413,0.417,0.695,0.682,0.215,0.381,0.318,0.698,0.601,2.423,0.556,0.496,0.712,0.249,0.462,0.583,0.432,0.354,0.608,0.635,0.433,0.644,0.720,0.455,0.225,0.159,0.251,0.459,0.168,0.073,0.272,0.001,0.817,0.913,0.595,0.437,0.690,0.467,0.506,0.515,0.480,0.515
baseline,Baseline,Moderately polarized appointment environment with ordinary constitutional-review pressure.,panel-en-banc-review,Panel review with en banc safety valve,court_variant,strong_form_court,period,4,2400,2400,104093,101693,1.000,0.023,0.886,0.738,0.062,0.423,0.398,0.677,0.648,0.258,0.397,0.287,0.704,0.604,2.428,0.556,0.496,0.713,0.247,0.462,0.581,0.431,0.360,0.608,0.631,0.433,0.644,0.720,0.437,0.251,0.162,0.251,0.417,0.175,0.076,0.233,0.001,0.915,0.968,0.842,0.436,0.691,0.466,0.506,0.515,0.480,0.515
baseline,Baseline,Moderately polarized appointment environment with ordinary constitutional-review pressure.,dual-cross-checking-courts,Dual supreme courts with cross-checking invalidations,court_variant,strong_form_court,period,1,2400,2400,105084,102684,1.000,0.023,0.914,0.747,0.003,0.280,0.337,0.876,0.741,0.088,0.260,1.000,0.697,0.602,2.434,0.556,0.492,0.777,0.245,0.470,0.589,0.432,0.360,0.589,0.661,0.596,0.641,0.733,0.738,0.073,0.072,0.120,0.742,0.049,0.025,0.559,0.276,0.408,0.178,0.098,0.508,0.691,0.534,0.574,0.568,0.615,0.579
baseline,Baseline,Moderately polarized appointment environment with ordinary constitutional-review pressure.,dual-cross-checking-courts,Dual supreme courts with cross-checking invalidations,court_variant,strong_form_court,period,2,2400,2400,105301,102901,1.000,0.023,0.916,0.747,0.003,0.349,0.325,0.873,0.661,0.148,0.302,1.000,0.700,0.604,2.425,0.553,0.493,0.743,0.242,0.476,0.589,0.431,0.354,0.587,0.654,0.597,0.640,0.733,0.675,0.106,0.100,0.140,0.685,0.070,0.043,0.505,0.015,0.444,0.401,0.189,0.521,0.691,0.575,0.587,0.572,0.622,0.592
baseline,Baseline,Moderately polarized appointment environment with ordinary constitutional-review pressure.,dual-cross-checking-courts,Dual supreme courts with cross-checking invalidations,court_variant,strong_form_court,period,3,2400,2400,105057,102657,1.000,0.023,0.916,0.748,0.004,0.347,0.323,0.870,0.708,0.144,0.330,1.000,0.698,0.601,2.423,0.556,0.496,0.742,0.243,0.471,0.587,0.432,0.354,0.587,0.646,0.596,0.640,0.733,0.614,0.132,0.123,0.170,0.598,0.102,0.055,0.408,0.002,0.523,0.605,0.347,0.521,0.691,0.575,0.587,0.572,0.622,0.592
baseline,Baseline,Moderately polarized appointment environment with ordinary constitutional-review pressure.,dual-cross-checking-courts,Dual supreme courts with cross-checking invalidations,court_variant,strong_form_court,period,4,2400,2400,105296,102896,1.000,0.023,0.915,0.745,0.003,0.365,0.331,0.847,0.706,0.112,0.338,1.000,0.704,0.604,2.428,0.556,0.496,0.741,0.244,0.471,0.588,0.431,0.360,0.587,0.640,0.597,0.640,0.733,0.557,0.175,0.129,0.193,0.546,0.135,0.065,0.373,0.002,0.624,0.718,0.542,0.521,0.692,0.574,0.587,0.573,0.622,0.592
baseline,Baseline,Moderately polarized appointment environment with ordinary constitutional-review pressure.,constitutional-council,Pre-enactment constitutional council,court_variant,strong_form_court,period,1,2400,2400,103944,101544,1.000,0.023,0.948,0.739,0.061,0.367,0.310,0.764,0.714,0.286,0.320,0.260,0.697,0.602,2.434,0.556,0.492,0.779,0.239,0.468,0.587,0.432,0.360,0.603,0.660,0.662,0.644,0.726,0.737,0.067,0.068,0.120,0.734,0.043,0.025,0.561,0.294,0.385,0.155,0.089,0.427,0.690,0.434,0.496,0.507,0.555,0.517
baseline,Baseline,Moderately polarized appointment environment with ordinary constitutional-review pressure.,constitutional-council,Pre-enactment constitutional council,court_variant,strong_form_court,period,2,2400,2400,104281,101881,1.000,0.023,0.951,0.741,0.057,0.343,0.289,0.752,0.719,0.221,0.297,0.253,0.700,0.604,2.425,0.553,0.493,0.746,0.234,0.477,0.586,0.431,0.354,0.600,0.655,0.662,0.643,0.726,0.705,0.084,0.095,0.127,0.699,0.058,0.045,0.528,0.024,0.365,0.300,0.165,0.447,0.691,0.498,0.515,0.514,0.565,0.538
baseline,Baseline,Moderately polarized appointment environment with ordinary constitutional-review pressure.,constitutional-council,Pre-enactment constitutional council,court_variant,strong_form_court,period,3,2400,2400,104006,101606,1.000,0.023,0.949,0.743,0.059,0.354,0.311,0.750,0.715,0.245,0.333,0.306,0.698,0.601,2.423,0.556,0.496,0.743,0.238,0.469,0.586,0.432,0.354,0.599,0.649,0.662,0.643,0.727,0.647,0.124,0.110,0.159,0.642,0.090,0.058,0.470,0.003,0.397,0.431,0.286,0.448,0.690,0.499,0.515,0.513,0.566,0.538
baseline,Baseline,Moderately polarized appointment environment with ordinary constitutional-review pressure.,constitutional-council,Pre-enactment constitutional council,court_variant,strong_form_court,period,4,2400,2400,104155,101755,1.000,0.023,0.950,0.739,0.056,0.367,0.307,0.731,0.736,0.251,0.328,0.281,0.704,0.604,2.428,0.556,0.496,0.742,0.237,0.470,0.586,0.431,0.360,0.599,0.645,0.663,0.643,0.727,0.607,0.146,0.121,0.165,0.603,0.103,0.056,0.433,0.003,0.461,0.510,0.439,0.447,0.691,0.498,0.515,0.514,0.566,0.538
baseline,Baseline,Moderately polarized appointment environment with ordinary constitutional-review pressure.,legislative-override-court,Judicial review with delayed legislative override,court_variant,strong_form_court,period,1,2400,2400,103937,101537,1.000,0.023,0.873,0.732,0.065,0.410,0.434,0.651,0.517,0.224,0.382,0.267,0.697,0.602,2.434,0.556,0.492,0.719,0.256,0.460,0.579,0.432,0.360,0.613,0.653,0.434,0.644,0.724,0.699,0.090,0.075,0.132,0.691,0.063,0.036,0.520,0.193,0.492,0.278,0.130,0.303,0.690,0.390,0.376,0.441,0.509,0.458
baseline,Baseline,Moderately polarized appointment environment with ordinary constitutional-review pressure.,legislative-override-court,Judicial review with delayed legislative override,court_variant,strong_form_court,period,2,2400,2400,104068,101668,1.000,0.023,0.874,0.732,0.070,0.464,0.421,0.637,0.585,0.291,0.414,0.260,0.700,0.604,2.425,0.553,0.493,0.692,0.256,0.464,0.579,0.431,0.354,0.611,0.638,0.435,0.644,0.724,0.554,0.170,0.145,0.195,0.570,0.120,0.068,0.400,0.002,0.694,0.727,0.334,0.313,0.690,0.425,0.386,0.445,0.515,0.469
baseline,Baseline,Moderately polarized appointment environment with ordinary constitutional-review pressure.,legislative-override-court,Judicial review with delayed legislative override,court_variant,strong_form_court,period,3,2400,2400,104025,101625,1.000,0.023,0.876,0.736,0.063,0.421,0.425,0.652,0.551,0.322,0.402,0.296,0.698,0.601,2.423,0.556,0.496,0.694,0.254,0.464,0.578,0.432,0.354,0.611,0.630,0.434,0.644,0.724,0.450,0.240,0.155,0.241,0.455,0.163,0.074,0.257,0.001,0.865,0.942,0.675,0.313,0.690,0.424,0.386,0.444,0.515,0.469
baseline,Baseline,Moderately polarized appointment environment with ordinary constitutional-review pressure.,legislative-override-court,Judicial review with delayed legislative override,court_variant,strong_form_court,period,4,2400,2400,104238,101838,1.000,0.023,0.877,0.733,0.059,0.418,0.416,0.687,0.546,0.305,0.380,0.285,0.704,0.604,2.428,0.556,0.496,0.694,0.252,0.465,0.578,0.431,0.360,0.612,0.626,0.435,0.644,0.724,0.418,0.249,0.168,0.252,0.430,0.178,0.090,0.233,0.001,0.941,0.985,0.892,0.313,0.691,0.423,0.387,0.445,0.515,0.469
baseline,Baseline,Moderately polarized appointment environment with ordinary constitutional-review pressure.,accountability-retention-court,Retention-election accountability court,court_variant,strong_form_court,period,1,2400,2400,104014,101614,1.000,0.023,0.894,0.726,0.056,0.238,0.278,0.669,0.594,0.238,0.201,0.282,0.697,0.602,2.434,0.556,0.492,0.747,0.245,0.482,0.576,0.432,0.360,0.612,0.665,0.405,0.644,0.724,0.720,0.063,0.061,0.124,0.696,0.049,0.017,0.523,0.252,0.396,0.155,0.099,0.303,0.690,0.390,0.376,0.442,0.530,0.461
baseline,Baseline,Moderately polarized appointment environment with ordinary constitutional-review pressure.,accountability-retention-court,Retention-election accountability court,court_variant,strong_form_court,period,2,2400,2400,104049,101649,1.000,0.023,0.897,0.732,0.062,0.273,0.266,0.660,0.578,0.218,0.232,0.273,0.700,0.604,2.425,0.553,0.493,0.716,0.239,0.486,0.574,0.431,0.354,0.608,0.660,0.408,0.644,0.725,0.682,0.096,0.100,0.140,0.683,0.074,0.046,0.506,0.012,0.402,0.327,0.198,0.329,0.690,0.473,0.401,0.450,0.543,0.488
baseline,Baseline,Moderately polarized appointment environment with ordinary constitutional-review pressure.,accountability-retention-court,Retention-election accountability court,court_variant,strong_form_court,period,3,2400,2400,104057,101657,1.000,0.023,0.894,0.730,0.055,0.269,0.281,0.709,0.611,0.233,0.251,0.322,0.698,0.601,2.423,0.556,0.496,0.714,0.242,0.482,0.575,0.432,0.354,0.608,0.652,0.407,0.644,0.725,0.596,0.133,0.132,0.171,0.603,0.102,0.063,0.419,0.002,0.459,0.503,0.354,0.329,0.690,0.472,0.401,0.450,0.543,0.488
baseline,Baseline,Moderately polarized appointment environment with ordinary constitutional-review pressure.,accountability-retention-court,Retention-election accountability court,court_variant,strong_form_court,period,4,2400,2400,104147,101747,1.000,0.023,0.895,0.729,0.055,0.281,0.279,0.682,0.599,0.249,0.257,0.308,0.704,0.604,2.428,0.556,0.496,0.714,0.241,0.481,0.575,0.431,0.360,0.608,0.648,0.407,0.644,0.725,0.540,0.174,0.134,0.196,0.555,0.107,0.064,0.371,0.002,0.541,0.598,0.546,0.329,0.691,0.472,0.401,0.451,0.544,0.488
baseline,Baseline,Moderately polarized appointment environment with ordinary constitutional-review pressure.,independence-accountability-hybrid,Hybrid court balancing independence and accountability,court_variant,strong_form_court,period,1,2400,2400,104742,102342,1.000,0.023,0.917,0.746,0.002,0.314,0.359,0.904,0.732,0.119,0.294,1.000,0.697,0.602,2.434,0.556,0.492,0.780,0.229,0.469,0.590,0.432,0.360,0.596,0.674,0.432,0.642,0.732,0.720,0.077,0.071,0.125,0.735,0.058,0.025,0.533,0.274,0.406,0.198,0.098,0.446,0.691,0.419,0.517,0.510,0.628,0.532
baseline,Baseline,Moderately polarized appointment environment with ordinary constitutional-review pressure.,independence-accountability-hybrid,Hybrid court balancing independence and accountability,court_variant,strong_form_court,period,2,2400,2400,104985,102585,1.000,0.023,0.918,0.746,0.002,0.350,0.355,0.875,0.716,0.101,0.305,1.000,0.700,0.604,2.425,0.553,0.493,0.747,0.228,0.474,0.591,0.431,0.354,0.594,0.666,0.433,0.642,0.732,0.674,0.102,0.112,0.144,0.668,0.083,0.053,0.481,0.020,0.434,0.443,0.181,0.459,0.691,0.460,0.529,0.513,0.634,0.545
baseline,Baseline,Moderately polarized appointment environment with ordinary constitutional-review pressure.,independence-accountability-hybrid,Hybrid court balancing independence and accountability,court_variant,strong_form_court,period,3,2400,2400,104742,102342,1.000,0.023,0.917,0.747,0.003,0.343,0.358,0.893,0.732,0.118,0.337,1.000,0.698,0.601,2.423,0.556,0.496,0.746,0.228,0.470,0.590,0.432,0.354,0.594,0.658,0.432,0.641,0.732,0.608,0.132,0.132,0.173,0.591,0.128,0.065,0.396,0.003,0.518,0.651,0.347,0.460,0.691,0.462,0.530,0.514,0.635,0.546
baseline,Baseline,Moderately polarized appointment environment with ordinary constitutional-review pressure.,independence-accountability-hybrid,Hybrid court balancing independence and accountability,court_variant,strong_form_court,period,4,2400,2400,104772,102372,1.000,0.023,0.919,0.745,0.002,0.361,0.353,0.872,0.734,0.091,0.343,1.000,0.704,0.604,2.428,0.556,0.496,0.745,0.228,0.470,0.590,0.431,0.360,0.594,0.653,0.433,0.641,0.732,0.547,0.165,0.145,0.194,0.537,0.139,0.073,0.355,0.002,0.620,0.747,0.535,0.460,0.692,0.461,0.530,0.515,0.635,0.546
baseline,Baseline,Moderately polarized appointment environment with ordinary constitutional-review pressure.,weak-form-review,Weak-form review with legislative reply,synthetic_mechanism,weak_form_review,period,1,2400,2400,2735,335,1.000,0.878,0.962,0.718,0.058,0.327,0.000,0.724,0.671,0.283,0.287,0.280,0.697,0.602,2.434,0.556,0.492,0.785,0.207,0.506,0.625,0.541,0.360,0.642,0.709,0.174,0.678,0.758,0.765,0.045,0.039,0.098,0.766,0.031,0.007,0.577,0.445,0.240,0.029,0.064,0.303,0.396,0.266,0.311,0.408,0.404,0.350
baseline,Baseline,Moderately polarized appointment environment with ordinary constitutional-review pressure.,weak-form-review,Weak-form review with legislative reply,synthetic_mechanism,weak_form_review,period,2,2400,2400,2751,351,1.000,0.872,0.960,0.718,0.063,0.368,0.000,0.736,0.634,0.216,0.303,0.260,0.700,0.604,2.425,0.553,0.493,0.758,0.208,0.508,0.623,0.540,0.354,0.639,0.710,0.178,0.678,0.759,0.810,0.032,0.032,0.085,0.793,0.020,0.008,0.613,0.217,0.025,0.003,0.054,0.314,0.396,0.303,0.322,0.411,0.410,0.362
baseline,Baseline,Moderately polarized appointment environment with ordinary constitutional-review pressure.,weak-form-review,Weak-form review with legislative reply,synthetic_mechanism,weak_form_review,period,3,2400,2400,2771,371,1.000,0.866,0.961,0.719,0.061,0.351,0.000,0.729,0.677,0.253,0.338,0.301,0.698,0.601,2.423,0.556,0.496,0.741,0.208,0.506,0.623,0.540,0.354,0.639,0.709,0.176,0.678,0.759,0.815,0.034,0.038,0.082,0.816,0.026,0.006,0.629,0.082,0.007,0.001,0.056,0.314,0.396,0.303,0.322,0.411,0.410,0.362
baseline,Baseline,Moderately polarized appointment environment with ordinary constitutional-review pressure.,weak-form-review,Weak-form review with legislative reply,synthetic_mechanism,weak_form_review,period,4,2400,2400,2731,331,1.000,0.879,0.962,0.718,0.059,0.344,0.000,0.694,0.679,0.263,0.297,0.280,0.704,0.604,2.428,0.556,0.496,0.734,0.208,0.504,0.621,0.540,0.360,0.639,0.707,0.178,0.678,0.759,0.820,0.030,0.039,0.074,0.808,0.022,0.010,0.638,0.031,0.004,0.001,0.055,0.314,0.396,0.303,0.322,0.412,0.410,0.362
baseline,Baseline,Moderately polarized appointment environment with ordinary constitutional-review pressure.,suspended-declaration-review,Suspended declarations of invalidity,synthetic_mechanism,suspended_declaration,period,1,2400,2400,2640,240,1.000,0.909,0.929,0.724,0.002,0.307,0.446,0.869,0.640,0.105,0.289,1.000,0.697,0.602,2.434,0.556,0.492,0.785,0.246,0.516,0.637,0.543,0.360,0.631,0.696,0.206,0.624,0.836,0.735,0.082,0.075,0.115,0.730,0.052,0.033,0.540,0.245,0.452,0.248,0.101,0.319,0.448,0.261,0.340,0.416,0.446,0.372
baseline,Baseline,Moderately polarized appointment environment with ordinary constitutional-review pressure.,suspended-declaration-review,Suspended declarations of invalidity,synthetic_mechanism,suspended_declaration,period,2,2400,2400,2656,256,1.000,0.904,0.928,0.723,0.003,0.452,0.449,0.892,0.663,0.100,0.411,1.000,0.700,0.604,2.425,0.553,0.493,0.753,0.247,0.520,0.639,0.542,0.354,0.629,0.684,0.208,0.624,0.837,0.651,0.125,0.114,0.153,0.635,0.095,0.058,0.439,0.005,0.597,0.641,0.211,0.332,0.448,0.303,0.352,0.421,0.453,0.386
baseline,Baseline,Moderately polarized appointment environment with ordinary constitutional-review pressure.,suspended-declaration-review,Suspended declarations of invalidity,synthetic_mechanism,suspended_declaration,period,3,2400,2400,2678,278,1.000,0.896,0.929,0.725,0.003,0.367,0.440,0.855,0.650,0.131,0.341,1.000,0.698,0.601,2.423,0.556,0.496,0.753,0.245,0.516,0.636,0.542,0.354,0.629,0.674,0.208,0.624,0.837,0.529,0.185,0.144,0.205,0.522,0.139,0.075,0.324,0.002,0.770,0.887,0.444,0.333,0.448,0.304,0.353,0.420,0.453,0.386
baseline,Baseline,Moderately polarized appointment environment with ordinary constitutional-review pressure.,suspended-declaration-review,Suspended declarations of invalidity,synthetic_mechanism,suspended_declaration,period,4,2400,2400,2625,225,1.000,0.914,0.932,0.724,0.003,0.358,0.433,0.868,0.646,0.107,0.340,1.000,0.704,0.604,2.428,0.556,0.496,0.753,0.245,0.516,0.635,0.543,0.360,0.629,0.668,0.208,0.624,0.836,0.468,0.226,0.154,0.242,0.465,0.171,0.074,0.260,0.001,0.872,0.953,0.714,0.332,0.448,0.302,0.353,0.421,0.453,0.386
baseline,Baseline,Moderately polarized appointment environment with ordinary constitutional-review pressure.,override-clause-review,Strong-form review with explicit override clause,synthetic_mechanism,legislative_override_clause,period,1,2400,2400,21388,18988,1.000,0.112,0.893,0.737,0.062,0.380,0.408,0.695,0.603,0.252,0.355,0.267,0.697,0.602,2.434,0.556,0.492,0.763,0.221,0.459,0.581,0.443,0.360,0.625,0.667,0.353,0.632,0.862,0.717,0.070,0.079,0.128,0.712,0.061,0.027,0.533,0.263,0.411,0.212,0.099,0.303,0.580,0.329,0.352,0.430,0.481,0.417
baseline,Baseline,Moderately polarized appointment environment with ordinary constitutional-review pressure.,override-clause-review,Strong-form review with explicit override clause,synthetic_mechanism,legislative_override_clause,period,2,2400,2400,21395,18995,1.000,0.112,0.893,0.738,0.064,0.422,0.402,0.703,0.618,0.255,0.387,0.262,0.700,0.604,2.425,0.553,0.493,0.728,0.221,0.465,0.581,0.442,0.354,0.623,0.657,0.356,0.632,0.862,0.634,0.116,0.123,0.160,0.650,0.085,0.061,0.475,0.010,0.467,0.499,0.200,0.313,0.580,0.364,0.362,0.434,0.486,0.428
baseline,Baseline,Moderately polarized appointment environment with ordinary constitutional-review pressure.,override-clause-review,Strong-form review with explicit override clause,synthetic_mechanism,legislative_override_clause,period,3,2400,2400,21380,18980,1.000,0.112,0.895,0.741,0.063,0.409,0.393,0.703,0.628,0.276,0.385,0.322,0.698,0.601,2.423,0.556,0.496,0.729,0.221,0.462,0.579,0.443,0.354,0.623,0.650,0.355,0.632,0.862,0.568,0.153,0.143,0.184,0.550,0.119,0.074,0.356,0.001,0.568,0.713,0.379,0.314,0.580,0.365,0.363,0.433,0.486,0.428
baseline,Baseline,Moderately polarized appointment environment with ordinary constitutional-review pressure.,override-clause-review,Strong-form review with explicit override clause,synthetic_mechanism,legislative_override_clause,period,4,2400,2400,21402,19002,1.000,0.112,0.896,0.737,0.059,0.424,0.394,0.663,0.589,0.249,0.390,0.303,0.704,0.604,2.428,0.556,0.496,0.728,0.221,0.463,0.580,0.442,0.360,0.623,0.644,0.357,0.632,0.862,0.503,0.177,0.152,0.216,0.505,0.162,0.073,0.293,0.001,0.678,0.833,0.588,0.314,0.581,0.364,0.363,0.434,0.486,0.428
baseline,Baseline,Moderately polarized appointment environment with ordinary constitutional-review pressure.,pre-enactment-review,Pre-enactment review before laws take effect,synthetic_mechanism,pre_enactment_review,period,1,2400,2400,2801,401,1.000,0.857,0.953,0.767,0.059,0.305,0.286,0.735,0.693,0.267,0.271,0.279,0.697,0.602,2.434,0.556,0.492,0.782,0.236,0.472,0.583,0.539,0.360,0.620,0.674,0.511,0.581,0.832,0.735,0.070,0.071,0.115,0.723,0.046,0.026,0.557,0.296,0.376,0.143,0.092,0.427,0.408,0.312,0.434,0.463,0.512,0.421
baseline,Baseline,Moderately polarized appointment environment with ordinary constitutional-review pressure.,pre-enactment-review,Pre-enactment review before laws take effect,synthetic_mechanism,pre_enactment_review,period,2,2400,2400,2811,411,1.000,0.854,0.953,0.765,0.062,0.355,0.266,0.719,0.712,0.270,0.312,0.253,0.700,0.604,2.425,0.553,0.493,0.747,0.233,0.477,0.583,0.538,0.354,0.617,0.668,0.512,0.580,0.833,0.700,0.086,0.093,0.133,0.700,0.059,0.040,0.510,0.029,0.333,0.263,0.159,0.447,0.407,0.377,0.453,0.473,0.521,0.442
baseline,Baseline,Moderately polarized appointment environment with ordinary constitutional-review pressure.,pre-enactment-review,Pre-enactment review before laws take effect,synthetic_mechanism,pre_enactment_review,period,3,2400,2400,2809,409,1.000,0.854,0.953,0.769,0.058,0.330,0.282,0.750,0.693,0.257,0.300,0.300,0.698,0.601,2.423,0.556,0.496,0.745,0.234,0.473,0.583,0.539,0.354,0.616,0.664,0.511,0.580,0.833,0.663,0.106,0.100,0.151,0.650,0.077,0.050,0.464,0.004,0.340,0.382,0.275,0.448,0.408,0.376,0.453,0.473,0.522,0.443
baseline,Baseline,Moderately polarized appointment environment with ordinary constitutional-review pressure.,pre-enactment-review,Pre-enactment review before laws take effect,synthetic_mechanism,pre_enactment_review,period,4,2400,2400,2802,402,1.000,0.857,0.953,0.763,0.059,0.339,0.281,0.708,0.722,0.264,0.303,0.275,0.704,0.604,2.428,0.556,0.496,0.744,0.235,0.472,0.583,0.539,0.360,0.616,0.659,0.512,0.580,0.833,0.635,0.115,0.109,0.157,0.626,0.093,0.047,0.432,0.003,0.385,0.474,0.407,0.448,0.408,0.376,0.453,0.474,0.522,0.443
baseline,Baseline,Moderately polarized appointment environment with ordinary constitutional-review pressure.,abstract-review-tribunal,Abstract review tribunal,synthetic_mechanism,abstract_review,period,1,2400,2400,2600,200,1.000,0.923,0.909,0.772,0.003,0.341,0.401,0.854,0.663,0.132,0.339,1.000,0.697,0.602,2.434,0.556,0.492,0.773,0.234,0.465,0.591,0.544,0.360,0.619,0.680,0.311,0.565,0.904,0.733,0.066,0.078,0.124,0.744,0.050,0.032,0.536,0.262,0.425,0.218,0.094,0.423,0.440,0.294,0.439,0.469,0.521,0.426
baseline,Baseline,Moderately polarized appointment environment with ordinary constitutional-review pressure.,abstract-review-tribunal,Abstract review tribunal,synthetic_mechanism,abstract_review,period,2,2400,2400,2591,191,1.000,0.926,0.908,0.769,0.004,0.444,0.405,0.862,0.740,0.102,0.402,1.000,0.700,0.604,2.425,0.553,0.493,0.739,0.234,0.467,0.592,0.544,0.354,0.617,0.668,0.312,0.565,0.905,0.648,0.117,0.119,0.145,0.645,0.086,0.060,0.474,0.011,0.510,0.546,0.189,0.435,0.439,0.333,0.450,0.476,0.526,0.438
baseline,Baseline,Moderately polarized appointment environment with ordinary constitutional-review pressure.,abstract-review-tribunal,Abstract review tribunal,synthetic_mechanism,abstract_review,period,3,2400,2400,2597,197,1.000,0.924,0.909,0.772,0.004,0.394,0.401,0.879,0.737,0.116,0.379,1.000,0.698,0.601,2.423,0.556,0.496,0.739,0.233,0.466,0.590,0.544,0.354,0.617,0.659,0.311,0.565,0.905,0.546,0.171,0.141,0.194,0.535,0.134,0.075,0.363,0.002,0.650,0.807,0.391,0.436,0.440,0.334,0.451,0.477,0.527,0.439
baseline,Baseline,Moderately polarized appointment environment with ordinary constitutional-review pressure.,abstract-review-tribunal,Abstract review tribunal,synthetic_mechanism,abstract_review,period,4,2400,2400,2585,185,1.000,0.928,0.910,0.768,0.004,0.466,0.397,0.869,0.654,0.110,0.422,1.000,0.704,0.604,2.428,0.556,0.496,0.738,0.233,0.466,0.590,0.544,0.360,0.617,0.653,0.312,0.565,0.905,0.487,0.201,0.159,0.230,0.508,0.152,0.085,0.278,0.002,0.776,0.892,0.633,0.436,0.440,0.334,0.451,0.478,0.527,0.439
baseline,Baseline,Moderately polarized appointment environment with ordinary constitutional-review pressure.,ombudsman-triggered-review,Ombudsman-triggered constitutional review,synthetic_mechanism,ombudsman_triggered_review,period,1,2400,2400,263903,261503,1.000,0.009,0.881,0.734,0.067,0.460,0.450,0.706,0.660,0.257,0.429,0.262,0.697,0.602,2.434,0.556,0.492,0.748,0.254,0.455,0.590,0.430,0.360,0.609,0.647,0.525,0.604,0.775,0.683,0.100,0.086,0.140,0.692,0.058,0.033,0.529,0.205,0.482,0.269,0.126,0.323,0.874,0.427,0.437,0.463,0.481,0.506
baseline,Baseline,Moderately polarized appointment environment with ordinary constitutional-review pressure.,ombudsman-triggered-review,Ombudsman-triggered constitutional review,synthetic_mechanism,ombudsman_triggered_review,period,2,2400,2400,265493,263093,1.000,0.009,0.881,0.736,0.067,0.494,0.443,0.708,0.637,0.267,0.449,0.262,0.700,0.604,2.425,0.553,0.493,0.721,0.253,0.460,0.590,0.430,0.354,0.607,0.634,0.526,0.604,0.775,0.567,0.160,0.138,0.207,0.592,0.123,0.069,0.395,0.003,0.666,0.699,0.324,0.336,0.874,0.470,0.449,0.467,0.488,0.520
baseline,Baseline,Moderately polarized appointment environment with ordinary constitutional-review pressure.,ombudsman-triggered-review,Ombudsman-triggered constitutional review,synthetic_mechanism,ombudsman_triggered_review,period,3,2400,2400,264651,262251,1.000,0.009,0.883,0.739,0.061,0.430,0.445,0.748,0.727,0.273,0.406,0.304,0.698,0.601,2.423,0.556,0.496,0.723,0.251,0.459,0.590,0.430,0.354,0.607,0.625,0.525,0.604,0.775,0.450,0.234,0.161,0.231,0.471,0.165,0.085,0.269,0.001,0.838,0.921,0.633,0.336,0.875,0.469,0.450,0.467,0.489,0.520
baseline,Baseline,Moderately polarized appointment environment with ordinary constitutional-review pressure.,ombudsman-triggered-review,Ombudsman-triggered constitutional review,synthetic_mechanism,ombudsman_triggered_review,period,4,2400,2400,265274,262874,1.000,0.009,0.886,0.736,0.057,0.455,0.436,0.748,0.681,0.249,0.407,0.288,0.704,0.604,2.428,0.556,0.496,0.723,0.250,0.459,0.589,0.430,0.360,0.607,0.622,0.525,0.604,0.775,0.432,0.237,0.171,0.255,0.424,0.184,0.090,0.226,0.001,0.925,0.976,0.852,0.336,0.875,0.468,0.450,0.468,0.488,0.520
baseline,Baseline,Moderately polarized appointment environment with ordinary constitutional-review pressure.,constitutional-public-defender,Constitutional public defender access model,synthetic_mechanism,constitutional_public_defender,period,1,2400,2400,291323,288923,1.000,0.008,0.884,0.772,0.003,0.435,0.474,0.862,0.662,0.115,0.393,1.000,0.697,0.602,2.434,0.556,0.492,0.763,0.241,0.458,0.595,0.430,0.360,0.607,0.662,0.514,0.632,0.745,0.705,0.084,0.088,0.128,0.720,0.054,0.038,0.513,0.222,0.475,0.285,0.104,0.324,0.854,0.426,0.433,0.462,0.514,0.508
baseline,Baseline,Moderately polarized appointment environment with ordinary constitutional-review pressure.,constitutional-public-defender,Constitutional public defender access model,synthetic_mechanism,constitutional_public_defender,period,2,2400,2400,292941,290541,1.000,0.008,0.886,0.772,0.003,0.444,0.465,0.869,0.690,0.127,0.403,1.000,0.700,0.604,2.425,0.553,0.493,0.734,0.240,0.462,0.595,0.429,0.354,0.605,0.648,0.514,0.632,0.746,0.591,0.137,0.143,0.179,0.590,0.135,0.073,0.399,0.003,0.664,0.742,0.253,0.336,0.854,0.468,0.446,0.467,0.521,0.521
baseline,Baseline,Moderately polarized appointment environment with ordinary constitutional-review pressure.,constitutional-public-defender,Constitutional public defender access model,synthetic_mechanism,constitutional_public_defender,period,3,2400,2400,291533,289133,1.000,0.008,0.887,0.776,0.004,0.438,0.458,0.869,0.645,0.141,0.420,1.000,0.698,0.601,2.423,0.556,0.496,0.735,0.239,0.461,0.593,0.430,0.354,0.605,0.638,0.513,0.632,0.746,0.445,0.228,0.167,0.240,0.465,0.175,0.088,0.250,0.001,0.855,0.956,0.544,0.337,0.854,0.468,0.446,0.467,0.522,0.521
baseline,Baseline,Moderately polarized appointment environment with ordinary constitutional-review pressure.,constitutional-public-defender,Constitutional public defender access model,synthetic_mechanism,constitutional_public_defender,period,4,2400,2400,292065,289665,1.000,0.008,0.889,0.771,0.003,0.496,0.450,0.893,0.702,0.122,0.480,1.000,0.704,0.604,2.428,0.556,0.496,0.733,0.239,0.461,0.593,0.430,0.360,0.605,0.634,0.514,0.632,0.746,0.407,0.243,0.176,0.270,0.431,0.169,0.084,0.220,0.001,0.945,0.993,0.832,0.337,0.855,0.468,0.446,0.467,0.522,0.521
baseline,Baseline,Moderately polarized appointment environment with ordinary constitutional-review pressure.,rights-impact-statement-review,Rights-impact statements before review,synthetic_mechanism,rights_impact_statement,period,1,2400,2400,2783,383,1.000,0.862,0.955,0.804,0.055,0.302,0.255,0.751,0.715,0.207,0.270,0.285,0.697,0.602,2.434,0.556,0.492,0.802,0.232,0.473,0.584,0.540,0.360,0.620,0.695,0.502,0.700,0.708,0.734,0.061,0.058,0.111,0.736,0.039,0.022,0.573,0.327,0.348,0.113,0.077,0.401,0.424,0.311,0.411,0.464,0.525,0.420
baseline,Baseline,Moderately polarized appointment environment with ordinary constitutional-review pressure.,rights-impact-statement-review,Rights-impact statements before review,synthetic_mechanism,rights_impact_statement,period,2,2400,2400,2788,388,1.000,0.861,0.954,0.805,0.059,0.360,0.238,0.731,0.741,0.249,0.319,0.264,0.700,0.604,2.425,0.553,0.493,0.767,0.230,0.478,0.584,0.539,0.354,0.616,0.691,0.502,0.699,0.709,0.735,0.066,0.077,0.122,0.730,0.050,0.032,0.560,0.047,0.257,0.162,0.119,0.422,0.425,0.377,0.431,0.475,0.536,0.442
baseline,Baseline,Moderately polarized appointment environment with ordinary constitutional-review pressure.,rights-impact-statement-review,Rights-impact statements before review,synthetic_mechanism,rights_impact_statement,period,3,2400,2400,2803,403,1.000,0.856,0.955,0.808,0.055,0.311,0.255,0.758,0.765,0.188,0.289,0.318,0.698,0.601,2.423,0.556,0.496,0.762,0.231,0.474,0.584,0.539,0.354,0.616,0.690,0.502,0.699,0.709,0.714,0.069,0.100,0.126,0.707,0.059,0.048,0.536,0.006,0.218,0.205,0.175,0.422,0.425,0.377,0.431,0.475,0.537,0.443
baseline,Baseline,Moderately polarized appointment environment with ordinary constitutional-review pressure.,rights-impact-statement-review,Rights-impact statements before review,synthetic_mechanism,rights_impact_statement,period,4,2400,2400,2780,380,1.000,0.863,0.956,0.803,0.055,0.328,0.243,0.771,0.766,0.229,0.302,0.291,0.704,0.604,2.428,0.556,0.496,0.762,0.230,0.475,0.583,0.539,0.360,0.616,0.687,0.502,0.699,0.709,0.698,0.078,0.106,0.146,0.680,0.066,0.050,0.496,0.005,0.226,0.252,0.248,0.422,0.425,0.376,0.431,0.476,0.537,0.443
baseline,Baseline,Moderately polarized appointment environment with ordinary constitutional-review pressure.,mandatory-legislative-response,Mandatory legislative response cycles,synthetic_mechanism,mandatory_legislative_response,period,1,2400,2400,2638,238,1.000,0.910,0.919,0.717,0.002,0.282,0.381,0.910,0.714,0.090,0.245,1.000,0.697,0.602,2.434,0.556,0.492,0.811,0.198,0.473,0.594,0.543,0.360,0.629,0.688,0.223,0.616,0.916,0.709,0.057,0.089,0.130,0.703,0.060,0.040,0.532,0.310,0.365,0.175,0.071,0.302,0.471,0.261,0.327,0.417,0.509,0.383
baseline,Baseline,Moderately polarized appointment environment with ordinary constitutional-review pressure.,mandatory-legislative-response,Mandatory legislative response cycles,synthetic_mechanism,mandatory_legislative_response,period,2,2400,2400,2649,249,1.000,0.906,0.920,0.717,0.002,0.263,0.372,0.847,0.676,0.118,0.228,1.000,0.700,0.604,2.425,0.553,0.493,0.776,0.197,0.479,0.594,0.542,0.354,0.627,0.681,0.225,0.616,0.916,0.685,0.079,0.113,0.134,0.687,0.065,0.051,0.489,0.036,0.308,0.328,0.115,0.316,0.471,0.305,0.341,0.422,0.516,0.398
baseline,Baseline,Moderately polarized appointment environment with ordinary constitutional-review pressure.,mandatory-legislative-response,Mandatory legislative response cycles,synthetic_mechanism,mandatory_legislative_response,period,3,2400,2400,2670,270,1.000,0.899,0.920,0.719,0.002,0.280,0.372,0.879,0.684,0.092,0.251,1.000,0.698,0.601,2.423,0.556,0.496,0.772,0.197,0.474,0.593,0.542,0.354,0.627,0.677,0.224,0.616,0.916,0.648,0.093,0.130,0.150,0.638,0.095,0.074,0.467,0.005,0.306,0.434,0.198,0.316,0.471,0.306,0.341,0.421,0.516,0.398
baseline,Baseline,Moderately polarized appointment environment with ordinary constitutional-review pressure.,mandatory-legislative-response,Mandatory legislative response cycles,synthetic_mechanism,mandatory_legislative_response,period,4,2400,2400,2646,246,1.000,0.907,0.922,0.716,0.002,0.285,0.369,0.831,0.765,0.115,0.252,1.000,0.704,0.604,2.428,0.556,0.496,0.771,0.197,0.474,0.593,0.542,0.360,0.627,0.673,0.225,0.616,0.916,0.619,0.111,0.128,0.190,0.616,0.098,0.069,0.402,0.004,0.336,0.502,0.315,0.316,0.472,0.305,0.341,0.422,0.516,0.398
polarized-appointments,Polarized appointments,"High appointment polarization, higher partisan pressure, and lower public trust.",current-federal-court,Current-style federal supreme court,court_variant,strong_form_court,period,1,2400,2400,100474,98074,1.000,0.024,0.773,0.672,0.372,0.745,0.527,0.031,0.383,0.595,0.731,0.000,0.701,0.602,2.429,0.553,0.493,0.541,0.357,0.392,0.532,0.427,0.368,0.599,0.566,0.532,0.635,0.767,0.520,0.203,0.115,0.238,0.514,0.123,0.049,0.373,0.056,0.754,0.528,0.328,0.303,0.688,0.408,0.376,0.435,0.431,0.447
polarized-appointments,Polarized appointments,"High appointment polarization, higher partisan pressure, and lower public trust.",current-federal-court,Current-style federal supreme court,court_variant,strong_form_court,period,2,2400,2400,100408,98008,1.000,0.024,0.769,0.672,0.376,0.738,0.553,0.030,0.379,0.567,0.722,0.000,0.705,0.605,2.410,0.556,0.495,0.531,0.360,0.391,0.533,0.428,0.367,0.598,0.547,0.532,0.635,0.767,0.333,0.332,0.176,0.332,0.336,0.229,0.087,0.182,0.000,0.995,0.996,0.880,0.307,0.688,0.421,0.380,0.436,0.433,0.451
polarized-appointments,Polarized appointments,"High appointment polarization, higher partisan pressure, and lower public trust.",current-federal-court,Current-style federal supreme court,court_variant,strong_form_court,period,3,2400,2400,100568,98168,1.000,0.024,0.771,0.671,0.377,0.759,0.538,0.039,0.392,0.597,0.745,0.000,0.699,0.604,2.422,0.556,0.497,0.531,0.361,0.392,0.533,0.427,0.373,0.598,0.545,0.532,0.635,0.768,0.313,0.328,0.184,0.349,0.313,0.225,0.093,0.148,0.000,0.997,1.000,0.998,0.307,0.688,0.421,0.380,0.436,0.433,0.451
polarized-appointments,Polarized appointments,"High appointment polarization, higher partisan pressure, and lower public trust.",current-federal-court,Current-style federal supreme court,court_variant,strong_form_court,period,4,2400,2400,100372,97972,1.000,0.024,0.769,0.669,0.396,0.746,0.511,0.031,0.347,0.579,0.737,0.000,0.700,0.601,2.425,0.553,0.493,0.527,0.362,0.392,0.530,0.425,0.371,0.598,0.543,0.532,0.635,0.768,0.330,0.320,0.179,0.340,0.320,0.215,0.078,0.140,0.000,0.997,1.000,0.999,0.308,0.688,0.423,0.380,0.436,0.433,0.451
polarized-appointments,Polarized appointments,"High appointment polarization, higher partisan pressure, and lower public trust.",eighteen-year-terms,Staggered 18-year nonrenewable terms,court_variant,strong_form_court,period,1,2400,2400,100472,98072,1.000,0.024,0.783,0.679,0.369,0.714,0.475,0.040,0.401,0.588,0.692,0.000,0.701,0.602,2.429,0.553,0.493,0.551,0.352,0.401,0.531,0.427,0.368,0.599,0.573,0.523,0.636,0.766,0.518,0.203,0.116,0.263,0.523,0.107,0.043,0.386,0.058,0.729,0.492,0.324,0.303,0.688,0.408,0.376,0.435,0.431,0.447
polarized-appointments,Polarized appointments,"High appointment polarization, higher partisan pressure, and lower public trust.",eighteen-year-terms,Staggered 18-year nonrenewable terms,court_variant,strong_form_court,period,2,2400,2400,100465,98065,1.000,0.024,0.779,0.680,0.369,0.693,0.501,0.035,0.398,0.566,0.675,0.000,0.705,0.605,2.410,0.556,0.495,0.541,0.353,0.402,0.532,0.428,0.367,0.597,0.554,0.523,0.635,0.767,0.324,0.318,0.181,0.348,0.337,0.221,0.089,0.189,0.000,0.992,0.991,0.864,0.314,0.688,0.440,0.386,0.438,0.436,0.457
polarized-appointments,Polarized appointments,"High appointment polarization, higher partisan pressure, and lower public trust.",eighteen-year-terms,Staggered 18-year nonrenewable terms,court_variant,strong_form_court,period,3,2400,2400,100523,98123,1.000,0.024,0.777,0.677,0.377,0.721,0.508,0.040,0.387,0.577,0.706,0.000,0.699,0.604,2.422,0.556,0.497,0.539,0.357,0.398,0.533,0.427,0.373,0.597,0.549,0.523,0.635,0.767,0.318,0.337,0.176,0.347,0.307,0.241,0.073,0.145,0.000,0.997,1.000,0.997,0.314,0.688,0.441,0.386,0.438,0.436,0.457
polarized-appointments,Polarized appointments,"High appointment polarization, higher partisan pressure, and lower public trust.",eighteen-year-terms,Staggered 18-year nonrenewable terms,court_variant,strong_form_court,period,4,2400,2400,100399,97999,1.000,0.024,0.775,0.675,0.387,0.702,0.502,0.039,0.383,0.565,0.687,0.000,0.700,0.601,2.425,0.553,0.493,0.536,0.358,0.400,0.532,0.425,0.371,0.597,0.548,0.524,0.635,0.767,0.328,0.325,0.174,0.327,0.303,0.243,0.082,0.137,0.000,0.997,1.000,0.999,0.314,0.688,0.442,0.386,0.438,0.437,0.457
polarized-appointments,Polarized appointments,"High appointment polarization, higher partisan pressure, and lower public trust.",fifteen-justice-commission,Fifteen-justice supermajority commission court,court_variant,strong_form_court,period,1,2400,2400,103518,101118,1.000,0.023,0.872,0.735,0.065,0.498,0.454,0.712,0.587,0.283,0.483,0.325,0.701,0.602,2.429,0.553,0.493,0.677,0.261,0.456,0.559,0.427,0.368,0.605,0.641,0.439,0.636,0.755,0.630,0.124,0.097,0.161,0.653,0.082,0.035,0.495,0.107,0.544,0.339,0.175,0.354,0.690,0.391,0.428,0.440,0.448,0.460
polarized-appointments,Polarized appointments,"High appointment polarization, higher partisan pressure, and lower public trust.",fifteen-justice-commission,Fifteen-justice supermajority commission court,court_variant,strong_form_court,period,2,2400,2400,103528,101128,1.000,0.023,0.875,0.736,0.063,0.475,0.435,0.720,0.589,0.285,0.433,0.337,0.705,0.605,2.410,0.556,0.495,0.661,0.259,0.459,0.558,0.428,0.367,0.603,0.625,0.438,0.635,0.755,0.488,0.208,0.146,0.215,0.493,0.161,0.075,0.315,0.000,0.811,0.836,0.463,0.367,0.690,0.431,0.441,0.445,0.454,0.473
polarized-appointments,Polarized appointments,"High appointment polarization, higher partisan pressure, and lower public trust.",fifteen-justice-commission,Fifteen-justice supermajority commission court,court_variant,strong_form_court,period,3,2400,2400,103781,101381,1.000,0.023,0.875,0.735,0.062,0.471,0.444,0.664,0.599,0.288,0.447,0.301,0.699,0.604,2.422,0.556,0.497,0.662,0.260,0.461,0.559,0.427,0.373,0.603,0.617,0.439,0.635,0.756,0.388,0.266,0.175,0.270,0.412,0.194,0.091,0.230,0.000,0.947,0.980,0.815,0.367,0.690,0.430,0.441,0.445,0.454,0.473
polarized-appointments,Polarized appointments,"High appointment polarization, higher partisan pressure, and lower public trust.",fifteen-justice-commission,Fifteen-justice supermajority commission court,court_variant,strong_form_court,period,4,2400,2400,103617,101217,1.000,0.023,0.873,0.734,0.069,0.466,0.440,0.670,0.601,0.298,0.459,0.298,0.700,0.601,2.425,0.553,0.493,0.660,0.260,0.458,0.558,0.425,0.371,0.603,0.614,0.440,0.635,0.755,0.366,0.274,0.191,0.280,0.368,0.198,0.092,0.184,0.000,0.984,0.999,0.961,0.367,0.690,0.432,0.441,0.444,0.455,0.473
polarized-appointments,Polarized appointments,"High appointment polarization, higher partisan pressure, and lower public trust.",supermajority-invalidation,Supermajority required to invalidate laws,court_variant,strong_form_court,period,1,2400,2400,103473,101073,1.000,0.023,0.876,0.729,0.070,0.584,0.449,0.626,0.540,0.342,0.576,0.319,0.701,0.602,2.429,0.553,0.493,0.648,0.264,0.449,0.551,0.427,0.368,0.603,0.634,0.449,0.635,0.759,0.661,0.125,0.090,0.155,0.645,0.079,0.030,0.475,0.100,0.555,0.359,0.184,0.301,0.690,0.389,0.375,0.440,0.487,0.453
polarized-appointments,Polarized appointments,"High appointment polarization, higher partisan pressure, and lower public trust.",supermajority-invalidation,Supermajority required to invalidate laws,court_variant,strong_form_court,period,2,2400,2400,103440,101040,1.000,0.023,0.878,0.729,0.070,0.553,0.430,0.640,0.488,0.288,0.520,0.326,0.705,0.605,2.410,0.556,0.495,0.632,0.262,0.451,0.549,0.428,0.367,0.602,0.618,0.448,0.634,0.759,0.485,0.205,0.159,0.242,0.481,0.151,0.076,0.320,0.000,0.844,0.884,0.503,0.306,0.690,0.403,0.379,0.441,0.490,0.458
polarized-appointments,Polarized appointments,"High appointment polarization, higher partisan pressure, and lower public trust.",supermajority-invalidation,Supermajority required to invalidate laws,court_variant,strong_form_court,period,3,2400,2400,103861,101461,1.000,0.023,0.878,0.730,0.063,0.577,0.443,0.639,0.531,0.322,0.563,0.327,0.699,0.604,2.422,0.556,0.497,0.634,0.263,0.454,0.552,0.427,0.373,0.602,0.610,0.449,0.634,0.759,0.394,0.280,0.180,0.276,0.387,0.218,0.093,0.205,0.000,0.972,0.996,0.865,0.305,0.690,0.401,0.379,0.442,0.489,0.457
polarized-appointments,Polarized appointments,"High appointment polarization, higher partisan pressure, and lower public trust.",supermajority-invalidation,Supermajority required to invalidate laws,court_variant,strong_form_court,period,4,2400,2400,103606,101206,1.000,0.023,0.879,0.729,0.074,0.521,0.423,0.612,0.510,0.319,0.505,0.277,0.700,0.601,2.425,0.553,0.493,0.632,0.261,0.453,0.549,0.425,0.371,0.602,0.609,0.450,0.634,0.759,0.387,0.283,0.156,0.266,0.394,0.198,0.082,0.186,0.000,0.989,1.000,0.988,0.306,0.690,0.403,0.379,0.441,0.490,0.458
polarized-appointments,Polarized appointments,"High appointment polarization, higher partisan pressure, and lower public trust.",strict-recusal-court,Strict recusal with substitute justices,court_variant,strong_form_court,period,1,2400,2400,103534,101134,1.000,0.023,0.875,0.736,0.065,0.526,0.427,0.693,0.665,0.288,0.502,0.321,0.701,0.602,2.429,0.553,0.493,0.697,0.259,0.459,0.565,0.427,0.368,0.602,0.646,0.436,0.635,0.758,0.694,0.104,0.077,0.145,0.667,0.077,0.028,0.510,0.119,0.512,0.306,0.153,0.353,0.690,0.391,0.427,0.440,0.482,0.466
polarized-appointments,Polarized appointments,"High appointment polarization, higher partisan pressure, and lower public trust.",strict-recusal-court,Strict recusal with substitute justices,court_variant,strong_form_court,period,2,2400,2400,103492,101092,1.000,0.023,0.874,0.736,0.063,0.487,0.430,0.726,0.608,0.276,0.444,0.341,0.705,0.605,2.410,0.556,0.495,0.680,0.258,0.460,0.565,0.428,0.367,0.600,0.631,0.436,0.635,0.759,0.511,0.184,0.155,0.228,0.530,0.138,0.074,0.360,0.001,0.752,0.791,0.407,0.366,0.690,0.432,0.440,0.445,0.489,0.479
polarized-appointments,Polarized appointments,"High appointment polarization, higher partisan pressure, and lower public trust.",strict-recusal-court,Strict recusal with substitute justices,court_variant,strong_form_court,period,3,2400,2400,103568,101168,1.000,0.023,0.873,0.734,0.066,0.461,0.439,0.701,0.632,0.265,0.432,0.288,0.699,0.604,2.422,0.556,0.497,0.679,0.261,0.461,0.566,0.427,0.373,0.599,0.620,0.437,0.635,0.759,0.443,0.245,0.155,0.236,0.403,0.184,0.079,0.218,0.000,0.927,0.979,0.756,0.366,0.690,0.432,0.440,0.445,0.489,0.479
polarized-appointments,Polarized appointments,"High appointment polarization, higher partisan pressure, and lower public trust.",strict-recusal-court,Strict recusal with substitute justices,court_variant,strong_form_court,period,4,2400,2400,103611,101211,1.000,0.023,0.876,0.735,0.068,0.466,0.421,0.713,0.675,0.272,0.444,0.313,0.700,0.601,2.425,0.553,0.493,0.679,0.258,0.460,0.565,0.425,0.371,0.600,0.618,0.438,0.635,0.759,0.389,0.278,0.163,0.264,0.395,0.215,0.089,0.203,0.000,0.976,0.996,0.939,0.366,0.690,0.433,0.440,0.444,0.489,0.479
polarized-appointments,Polarized appointments,"High appointment polarization, higher partisan pressure, and lower public trust.",reasoned-emergency-review,Reasoned emergency orders with merits follow-up,court_variant,strong_form_court,period,1,2400,2400,104281,101881,1.000,0.023,0.873,0.734,0.005,0.554,0.499,0.852,0.679,0.133,0.526,1.000,0.701,0.602,2.429,0.553,0.493,0.706,0.253,0.452,0.578,0.427,0.368,0.605,0.646,0.449,0.635,0.757,0.670,0.112,0.099,0.141,0.633,0.095,0.044,0.508,0.109,0.550,0.370,0.152,0.302,0.691,0.385,0.376,0.442,0.480,0.452
polarized-appointments,Polarized appointments,"High appointment polarization, higher partisan pressure, and lower public trust.",reasoned-emergency-review,Reasoned emergency orders with merits follow-up,court_variant,strong_form_court,period,2,2400,2400,104174,101774,1.000,0.023,0.870,0.733,0.004,0.556,0.505,0.875,0.677,0.156,0.536,1.000,0.705,0.605,2.410,0.556,0.495,0.690,0.254,0.451,0.579,0.428,0.367,0.603,0.628,0.449,0.635,0.758,0.502,0.201,0.153,0.226,0.512,0.159,0.078,0.333,0.001,0.829,0.887,0.427,0.312,0.691,0.418,0.386,0.445,0.485,0.462
polarized-appointments,Polarized appointments,"High appointment polarization, higher partisan pressure, and lower public trust.",reasoned-emergency-review,Reasoned emergency orders with merits follow-up,court_variant,strong_form_court,period,3,2400,2400,104422,102022,1.000,0.023,0.872,0.733,0.004,0.487,0.503,0.864,0.683,0.136,0.470,1.000,0.699,0.604,2.422,0.556,0.497,0.691,0.254,0.455,0.579,0.427,0.373,0.603,0.621,0.450,0.635,0.758,0.428,0.257,0.168,0.258,0.407,0.189,0.089,0.236,0.001,0.956,0.989,0.782,0.312,0.691,0.417,0.386,0.445,0.485,0.462
polarized-appointments,Polarized appointments,"High appointment polarization, higher partisan pressure, and lower public trust.",reasoned-emergency-review,Reasoned emergency orders with merits follow-up,court_variant,strong_form_court,period,4,2400,2400,104549,102149,1.000,0.023,0.874,0.733,0.004,0.515,0.492,0.862,0.696,0.150,0.498,1.000,0.700,0.601,2.425,0.553,0.493,0.691,0.251,0.454,0.578,0.425,0.371,0.603,0.620,0.451,0.635,0.757,0.408,0.278,0.155,0.251,0.402,0.193,0.079,0.210,0.001,0.985,0.999,0.950,0.312,0.691,0.417,0.386,0.445,0.485,0.462
polarized-appointments,Polarized appointments,"High appointment polarization, higher partisan pressure, and lower public trust.",panel-en-banc-review,Panel review with en banc safety valve,court_variant,strong_form_court,period,1,2400,2400,103565,101165,1.000,0.023,0.871,0.735,0.063,0.505,0.449,0.696,0.641,0.266,0.491,0.330,0.701,0.602,2.429,0.553,0.493,0.691,0.260,0.457,0.564,0.427,0.368,0.597,0.643,0.436,0.635,0.757,0.653,0.107,0.096,0.155,0.657,0.070,0.038,0.483,0.111,0.528,0.321,0.154,0.424,0.690,0.425,0.494,0.511,0.474,0.502
polarized-appointments,Polarized appointments,"High appointment polarization, higher partisan pressure, and lower public trust.",panel-en-banc-review,Panel review with en banc safety valve,court_variant,strong_form_court,period,2,2400,2400,103439,101039,1.000,0.023,0.869,0.735,0.065,0.466,0.450,0.732,0.644,0.264,0.433,0.310,0.705,0.605,2.410,0.556,0.495,0.674,0.261,0.459,0.563,0.428,0.367,0.595,0.627,0.435,0.634,0.758,0.498,0.207,0.156,0.218,0.498,0.151,0.088,0.318,0.001,0.797,0.827,0.429,0.437,0.690,0.466,0.506,0.516,0.480,0.515
polarized-appointments,Polarized appointments,"High appointment polarization, higher partisan pressure, and lower public trust.",panel-en-banc-review,Panel review with en banc safety valve,court_variant,strong_form_court,period,3,2400,2400,103724,101324,1.000,0.023,0.870,0.734,0.065,0.501,0.451,0.705,0.617,0.281,0.472,0.288,0.699,0.604,2.422,0.556,0.497,0.674,0.262,0.460,0.564,0.427,0.373,0.595,0.617,0.436,0.634,0.758,0.400,0.273,0.165,0.262,0.411,0.180,0.080,0.214,0.000,0.954,0.984,0.809,0.437,0.690,0.466,0.506,0.515,0.480,0.515
polarized-appointments,Polarized appointments,"High appointment polarization, higher partisan pressure, and lower public trust.",panel-en-banc-review,Panel review with en banc safety valve,court_variant,strong_form_court,period,4,2400,2400,103533,101133,1.000,0.023,0.870,0.734,0.071,0.455,0.452,0.714,0.682,0.280,0.448,0.301,0.700,0.601,2.425,0.553,0.493,0.673,0.261,0.459,0.564,0.425,0.371,0.595,0.616,0.437,0.634,0.758,0.393,0.267,0.167,0.253,0.393,0.199,0.081,0.207,0.000,0.984,1.000,0.960,0.436,0.690,0.467,0.506,0.514,0.480,0.515
polarized-appointments,Polarized appointments,"High appointment polarization, higher partisan pressure, and lower public trust.",dual-cross-checking-courts,Dual supreme courts with cross-checking invalidations,court_variant,strong_form_court,period,1,2400,2400,104669,102269,1.000,0.023,0.904,0.745,0.005,0.471,0.357,0.872,0.706,0.155,0.439,1.000,0.701,0.602,2.429,0.553,0.493,0.723,0.256,0.469,0.568,0.427,0.368,0.576,0.645,0.598,0.632,0.771,0.685,0.100,0.078,0.138,0.683,0.061,0.035,0.518,0.134,0.477,0.253,0.137,0.509,0.691,0.534,0.575,0.568,0.615,0.579
polarized-appointments,Polarized appointments,"High appointment polarization, higher partisan pressure, and lower public trust.",dual-cross-checking-courts,Dual supreme courts with cross-checking invalidations,court_variant,strong_form_court,period,2,2400,2400,104597,102197,1.000,0.023,0.905,0.744,0.004,0.419,0.351,0.843,0.737,0.116,0.401,1.000,0.705,0.605,2.410,0.556,0.495,0.704,0.256,0.470,0.568,0.428,0.367,0.573,0.633,0.597,0.631,0.772,0.579,0.169,0.118,0.184,0.569,0.121,0.051,0.391,0.001,0.640,0.645,0.344,0.522,0.691,0.575,0.587,0.572,0.622,0.592
polarized-appointments,Polarized appointments,"High appointment polarization, higher partisan pressure, and lower public trust.",dual-cross-checking-courts,Dual supreme courts with cross-checking invalidations,court_variant,strong_form_court,period,3,2400,2400,104788,102388,1.000,0.023,0.906,0.744,0.004,0.376,0.354,0.873,0.693,0.206,0.377,1.000,0.699,0.604,2.422,0.556,0.497,0.704,0.257,0.474,0.569,0.427,0.373,0.573,0.624,0.598,0.631,0.772,0.479,0.208,0.158,0.219,0.473,0.165,0.081,0.286,0.001,0.807,0.889,0.632,0.522,0.691,0.575,0.587,0.572,0.622,0.592
polarized-appointments,Polarized appointments,"High appointment polarization, higher partisan pressure, and lower public trust.",dual-cross-checking-courts,Dual supreme courts with cross-checking invalidations,court_variant,strong_form_court,period,4,2400,2400,104833,102433,1.000,0.023,0.906,0.744,0.004,0.453,0.346,0.851,0.711,0.129,0.420,1.000,0.700,0.601,2.425,0.553,0.493,0.704,0.256,0.472,0.568,0.425,0.371,0.573,0.619,0.599,0.631,0.772,0.405,0.259,0.169,0.261,0.435,0.174,0.083,0.224,0.001,0.907,0.951,0.850,0.522,0.691,0.575,0.587,0.572,0.622,0.592
polarized-appointments,Polarized appointments,"High appointment polarization, higher partisan pressure, and lower public trust.",constitutional-council,Pre-enactment constitutional council,court_variant,strong_form_court,period,1,2400,2400,103522,101122,1.000,0.023,0.943,0.739,0.061,0.468,0.328,0.748,0.736,0.292,0.458,0.328,0.701,0.602,2.429,0.553,0.493,0.725,0.248,0.467,0.566,0.427,0.368,0.590,0.644,0.663,0.634,0.764,0.690,0.099,0.066,0.135,0.675,0.069,0.023,0.513,0.136,0.454,0.232,0.136,0.428,0.690,0.435,0.496,0.506,0.555,0.517
polarized-appointments,Polarized appointments,"High appointment polarization, higher partisan pressure, and lower public trust.",constitutional-council,Pre-enactment constitutional council,court_variant,strong_form_court,period,2,2400,2400,103496,101096,1.000,0.023,0.944,0.739,0.060,0.418,0.316,0.742,0.733,0.241,0.375,0.303,0.705,0.605,2.410,0.556,0.495,0.705,0.247,0.470,0.565,0.428,0.367,0.586,0.635,0.663,0.634,0.765,0.604,0.161,0.106,0.178,0.601,0.102,0.055,0.406,0.001,0.556,0.557,0.316,0.448,0.690,0.498,0.516,0.513,0.566,0.538
polarized-appointments,Polarized appointments,"High appointment polarization, higher partisan pressure, and lower public trust.",constitutional-council,Pre-enactment constitutional council,court_variant,strong_form_court,period,3,2400,2400,103756,101356,1.000,0.023,0.944,0.739,0.057,0.387,0.334,0.742,0.737,0.258,0.348,0.298,0.699,0.604,2.422,0.556,0.497,0.706,0.248,0.473,0.568,0.427,0.373,0.586,0.625,0.664,0.634,0.765,0.500,0.198,0.149,0.217,0.498,0.148,0.079,0.321,0.001,0.714,0.817,0.590,0.448,0.690,0.498,0.516,0.514,0.566,0.538
polarized-appointments,Polarized appointments,"High appointment polarization, higher partisan pressure, and lower public trust.",constitutional-council,Pre-enactment constitutional council,court_variant,strong_form_court,period,4,2400,2400,103635,101235,1.000,0.023,0.943,0.740,0.064,0.403,0.322,0.769,0.747,0.244,0.389,0.296,0.700,0.601,2.425,0.553,0.493,0.706,0.247,0.470,0.566,0.425,0.371,0.586,0.620,0.664,0.634,0.765,0.444,0.220,0.160,0.260,0.468,0.171,0.081,0.239,0.001,0.837,0.904,0.814,0.448,0.690,0.499,0.516,0.513,0.566,0.538
polarized-appointments,Polarized appointments,"High appointment polarization, higher partisan pressure, and lower public trust.",legislative-override-court,Judicial review with delayed legislative override,court_variant,strong_form_court,period,1,2400,2400,103425,101025,1.000,0.023,0.853,0.727,0.070,0.522,0.487,0.660,0.609,0.274,0.491,0.280,0.701,0.602,2.429,0.553,0.493,0.664,0.271,0.454,0.561,0.427,0.368,0.600,0.633,0.438,0.635,0.762,0.638,0.129,0.100,0.170,0.635,0.083,0.043,0.472,0.097,0.568,0.364,0.182,0.303,0.690,0.390,0.376,0.441,0.509,0.458
polarized-appointments,Polarized appointments,"High appointment polarization, higher partisan pressure, and lower public trust.",legislative-override-court,Judicial review with delayed legislative override,court_variant,strong_form_court,period,2,2400,2400,103491,101091,1.000,0.023,0.852,0.726,0.066,0.540,0.491,0.651,0.563,0.272,0.523,0.349,0.705,0.605,2.410,0.556,0.495,0.649,0.271,0.456,0.562,0.428,0.367,0.598,0.615,0.437,0.635,0.763,0.470,0.238,0.150,0.240,0.462,0.172,0.076,0.299,0.000,0.875,0.901,0.532,0.313,0.690,0.424,0.386,0.445,0.515,0.469
polarized-appointments,Polarized appointments,"High appointment polarization, higher partisan pressure, and lower public trust.",legislative-override-court,Judicial review with delayed legislative override,court_variant,strong_form_court,period,3,2400,2400,103701,101301,1.000,0.023,0.853,0.724,0.067,0.535,0.488,0.701,0.619,0.352,0.505,0.294,0.699,0.604,2.422,0.556,0.497,0.650,0.273,0.459,0.563,0.427,0.373,0.597,0.608,0.437,0.635,0.764,0.368,0.301,0.165,0.287,0.380,0.210,0.082,0.196,0.000,0.976,0.998,0.888,0.314,0.690,0.424,0.387,0.445,0.515,0.469
polarized-appointments,Polarized appointments,"High appointment polarization, higher partisan pressure, and lower public trust.",legislative-override-court,Judicial review with delayed legislative override,court_variant,strong_form_court,period,4,2400,2400,103711,101311,1.000,0.023,0.858,0.728,0.067,0.519,0.465,0.657,0.585,0.343,0.497,0.319,0.700,0.601,2.425,0.553,0.493,0.651,0.266,0.458,0.560,0.425,0.371,0.598,0.609,0.439,0.635,0.762,0.391,0.288,0.174,0.281,0.368,0.213,0.086,0.188,0.000,0.989,1.000,0.987,0.313,0.690,0.424,0.387,0.444,0.514,0.469
polarized-appointments,Polarized appointments,"High appointment polarization, higher partisan pressure, and lower public trust.",accountability-retention-court,Retention-election accountability court,court_variant,strong_form_court,period,1,2400,2400,103599,101199,1.000,0.023,0.876,0.725,0.060,0.384,0.319,0.680,0.597,0.293,0.349,0.306,0.701,0.602,2.429,0.553,0.493,0.690,0.257,0.479,0.557,0.427,0.368,0.599,0.647,0.408,0.635,0.763,0.665,0.110,0.076,0.155,0.645,0.062,0.026,0.494,0.124,0.472,0.236,0.154,0.303,0.690,0.389,0.376,0.442,0.530,0.461
polarized-appointments,Polarized appointments,"High appointment polarization, higher partisan pressure, and lower public trust.",accountability-retention-court,Retention-election accountability court,court_variant,strong_form_court,period,2,2400,2400,103423,101023,1.000,0.023,0.875,0.725,0.061,0.345,0.319,0.685,0.574,0.256,0.310,0.336,0.705,0.605,2.410,0.556,0.495,0.672,0.258,0.480,0.557,0.428,0.367,0.594,0.634,0.407,0.634,0.764,0.532,0.178,0.131,0.206,0.551,0.122,0.061,0.386,0.001,0.637,0.613,0.405,0.329,0.690,0.473,0.401,0.450,0.544,0.488
polarized-appointments,Polarized appointments,"High appointment polarization, higher partisan pressure, and lower public trust.",accountability-retention-court,Retention-election accountability court,court_variant,strong_form_court,period,3,2400,2400,103630,101230,1.000,0.023,0.877,0.722,0.061,0.340,0.318,0.702,0.656,0.253,0.290,0.316,0.699,0.604,2.422,0.556,0.497,0.672,0.258,0.486,0.558,0.427,0.373,0.594,0.624,0.407,0.634,0.764,0.411,0.251,0.171,0.267,0.430,0.182,0.080,0.258,0.000,0.823,0.875,0.734,0.329,0.690,0.473,0.401,0.451,0.544,0.488
polarized-appointments,Polarized appointments,"High appointment polarization, higher partisan pressure, and lower public trust.",accountability-retention-court,Retention-election accountability court,court_variant,strong_form_court,period,4,2400,2400,103628,101228,1.000,0.023,0.877,0.726,0.065,0.405,0.310,0.718,0.617,0.313,0.377,0.318,0.700,0.601,2.425,0.553,0.493,0.671,0.255,0.478,0.556,0.425,0.371,0.594,0.620,0.410,0.634,0.764,0.379,0.280,0.159,0.274,0.379,0.199,0.077,0.202,0.000,0.924,0.951,0.922,0.329,0.690,0.473,0.401,0.450,0.544,0.488
polarized-appointments,Polarized appointments,"High appointment polarization, higher partisan pressure, and lower public trust.",independence-accountability-hybrid,Hybrid court balancing independence and accountability,court_variant,strong_form_court,period,1,2400,2400,104212,101812,1.000,0.023,0.905,0.743,0.004,0.454,0.393,0.901,0.701,0.123,0.444,1.000,0.701,0.602,2.429,0.553,0.493,0.727,0.240,0.466,0.571,0.427,0.368,0.583,0.658,0.434,0.633,0.770,0.697,0.097,0.083,0.136,0.673,0.071,0.031,0.527,0.142,0.468,0.267,0.124,0.448,0.691,0.421,0.518,0.510,0.629,0.533
polarized-appointments,Polarized appointments,"High appointment polarization, higher partisan pressure, and lower public trust.",independence-accountability-hybrid,Hybrid court balancing independence and accountability,court_variant,strong_form_court,period,2,2400,2400,104258,101858,1.000,0.023,0.905,0.742,0.003,0.434,0.393,0.876,0.708,0.135,0.396,1.000,0.705,0.605,2.410,0.556,0.495,0.706,0.241,0.465,0.571,0.428,0.367,0.580,0.644,0.434,0.632,0.771,0.560,0.154,0.136,0.192,0.553,0.131,0.069,0.388,0.001,0.641,0.688,0.314,0.460,0.691,0.461,0.530,0.515,0.635,0.546
polarized-appointments,Polarized appointments,"High appointment polarization, higher partisan pressure, and lower public trust.",independence-accountability-hybrid,Hybrid court balancing independence and accountability,court_variant,strong_form_court,period,3,2400,2400,104596,102196,1.000,0.023,0.907,0.743,0.003,0.412,0.397,0.899,0.772,0.118,0.400,1.000,0.699,0.604,2.422,0.556,0.497,0.707,0.241,0.470,0.572,0.427,0.373,0.580,0.635,0.435,0.632,0.771,0.464,0.220,0.150,0.235,0.460,0.170,0.074,0.265,0.001,0.820,0.906,0.618,0.460,0.691,0.460,0.530,0.515,0.635,0.546
polarized-appointments,Polarized appointments,"High appointment polarization, higher partisan pressure, and lower public trust.",independence-accountability-hybrid,Hybrid court balancing independence and accountability,court_variant,strong_form_court,period,4,2400,2400,104502,102102,1.000,0.023,0.907,0.743,0.003,0.425,0.385,0.880,0.752,0.090,0.407,1.000,0.700,0.601,2.425,0.553,0.493,0.707,0.239,0.468,0.571,0.425,0.371,0.581,0.632,0.436,0.632,0.770,0.425,0.244,0.170,0.258,0.422,0.193,0.088,0.223,0.001,0.909,0.967,0.851,0.459,0.691,0.461,0.530,0.514,0.635,0.545
polarized-appointments,Polarized appointments,"High appointment polarization, higher partisan pressure, and lower public trust.",weak-form-review,Weak-form review with legislative reply,synthetic_mechanism,weak_form_review,period,1,2400,2400,2744,344,1.000,0.875,0.956,0.710,0.064,0.446,0.000,0.752,0.649,0.267,0.439,0.330,0.701,0.602,2.429,0.553,0.493,0.725,0.217,0.505,0.607,0.536,0.368,0.628,0.692,0.173,0.669,0.797,0.734,0.069,0.042,0.123,0.708,0.046,0.007,0.553,0.244,0.294,0.050,0.101,0.303,0.396,0.267,0.311,0.408,0.405,0.351
polarized-appointments,Polarized appointments,"High appointment polarization, higher partisan pressure, and lower public trust.",weak-form-review,Weak-form review with legislative reply,synthetic_mechanism,weak_form_review,period,2,2400,2400,2732,332,1.000,0.878,0.957,0.711,0.060,0.421,0.000,0.756,0.675,0.256,0.391,0.316,0.705,0.605,2.410,0.556,0.495,0.697,0.216,0.508,0.609,0.537,0.367,0.626,0.693,0.171,0.669,0.797,0.745,0.062,0.053,0.114,0.736,0.035,0.015,0.551,0.024,0.099,0.017,0.147,0.314,0.396,0.302,0.322,0.413,0.411,0.362
polarized-appointments,Polarized appointments,"High appointment polarization, higher partisan pressure, and lower public trust.",weak-form-review,Weak-form review with legislative reply,synthetic_mechanism,weak_form_review,period,3,2400,2400,2710,310,1.000,0.886,0.958,0.713,0.058,0.402,0.000,0.697,0.662,0.310,0.383,0.290,0.699,0.604,2.422,0.556,0.497,0.694,0.215,0.511,0.609,0.536,0.373,0.627,0.695,0.171,0.669,0.797,0.759,0.049,0.056,0.107,0.746,0.034,0.017,0.590,0.002,0.025,0.008,0.181,0.314,0.395,0.302,0.322,0.413,0.411,0.362
polarized-appointments,Polarized appointments,"High appointment polarization, higher partisan pressure, and lower public trust.",weak-form-review,Weak-form review with legislative reply,synthetic_mechanism,weak_form_review,period,4,2400,2400,2742,342,1.000,0.875,0.956,0.713,0.064,0.400,0.000,0.725,0.682,0.316,0.374,0.297,0.700,0.601,2.425,0.553,0.493,0.693,0.217,0.506,0.606,0.534,0.371,0.626,0.694,0.175,0.669,0.797,0.776,0.051,0.050,0.103,0.760,0.038,0.018,0.611,0.002,0.014,0.005,0.206,0.314,0.396,0.303,0.322,0.412,0.411,0.362
polarized-appointments,Polarized appointments,"High appointment polarization, higher partisan pressure, and lower public trust.",suspended-declaration-review,Suspended declarations of invalidity,synthetic_mechanism,suspended_declaration,period,1,2400,2400,2657,257,1.000,0.903,0.922,0.717,0.004,0.459,0.465,0.847,0.641,0.100,0.443,1.000,0.701,0.602,2.429,0.553,0.493,0.733,0.257,0.517,0.619,0.538,0.368,0.618,0.680,0.206,0.615,0.874,0.691,0.096,0.086,0.136,0.698,0.071,0.029,0.495,0.120,0.517,0.321,0.135,0.319,0.448,0.262,0.340,0.416,0.447,0.373
polarized-appointments,Polarized appointments,"High appointment polarization, higher partisan pressure, and lower public trust.",suspended-declaration-review,Suspended declarations of invalidity,synthetic_mechanism,suspended_declaration,period,2,2400,2400,2648,248,1.000,0.906,0.919,0.715,0.004,0.455,0.486,0.822,0.665,0.149,0.411,1.000,0.705,0.605,2.410,0.556,0.495,0.715,0.259,0.519,0.623,0.539,0.367,0.615,0.664,0.203,0.615,0.875,0.541,0.182,0.134,0.210,0.550,0.141,0.067,0.363,0.001,0.771,0.823,0.361,0.333,0.448,0.303,0.353,0.422,0.454,0.387
polarized-appointments,Polarized appointments,"High appointment polarization, higher partisan pressure, and lower public trust.",suspended-declaration-review,Suspended declarations of invalidity,synthetic_mechanism,suspended_declaration,period,3,2400,2400,2632,232,1.000,0.912,0.919,0.717,0.004,0.466,0.487,0.860,0.697,0.167,0.438,1.000,0.699,0.604,2.422,0.556,0.497,0.716,0.261,0.523,0.624,0.538,0.373,0.615,0.656,0.203,0.615,0.876,0.448,0.243,0.160,0.243,0.426,0.198,0.085,0.245,0.001,0.932,0.978,0.717,0.332,0.448,0.303,0.353,0.422,0.454,0.386
polarized-appointments,Polarized appointments,"High appointment polarization, higher partisan pressure, and lower public trust.",suspended-declaration-review,Suspended declarations of invalidity,synthetic_mechanism,suspended_declaration,period,4,2400,2400,2658,258,1.000,0.903,0.921,0.716,0.004,0.433,0.468,0.838,0.715,0.099,0.403,1.000,0.700,0.601,2.425,0.553,0.493,0.715,0.257,0.518,0.620,0.536,0.371,0.616,0.653,0.208,0.615,0.875,0.400,0.260,0.174,0.265,0.419,0.199,0.098,0.206,0.001,0.975,0.999,0.923,0.332,0.448,0.304,0.353,0.421,0.454,0.386
polarized-appointments,Polarized appointments,"High appointment polarization, higher partisan pressure, and lower public trust.",override-clause-review,Strong-form review with explicit override clause,synthetic_mechanism,legislative_override_clause,period,1,2400,2400,21325,18925,1.000,0.113,0.876,0.732,0.065,0.543,0.454,0.687,0.637,0.324,0.515,0.361,0.701,0.602,2.429,0.553,0.493,0.706,0.231,0.454,0.562,0.438,0.368,0.612,0.649,0.351,0.623,0.900,0.664,0.101,0.101,0.146,0.659,0.081,0.046,0.490,0.121,0.495,0.311,0.135,0.303,0.580,0.330,0.352,0.431,0.482,0.417
polarized-appointments,Polarized appointments,"High appointment polarization, higher partisan pressure, and lower public trust.",override-clause-review,Strong-form review with explicit override clause,synthetic_mechanism,legislative_override_clause,period,2,2400,2400,21240,18840,1.000,0.113,0.874,0.730,0.066,0.524,0.461,0.696,0.627,0.302,0.501,0.318,0.705,0.605,2.410,0.556,0.495,0.687,0.232,0.453,0.563,0.439,0.367,0.609,0.632,0.351,0.623,0.901,0.485,0.191,0.163,0.226,0.494,0.145,0.082,0.355,0.000,0.716,0.795,0.365,0.314,0.580,0.364,0.363,0.435,0.487,0.428
polarized-appointments,Polarized appointments,"High appointment polarization, higher partisan pressure, and lower public trust.",override-clause-review,Strong-form review with explicit override clause,synthetic_mechanism,legislative_override_clause,period,3,2400,2400,21358,18958,1.000,0.112,0.875,0.730,0.062,0.523,0.470,0.725,0.624,0.319,0.492,0.282,0.699,0.604,2.422,0.556,0.497,0.689,0.233,0.456,0.564,0.438,0.373,0.609,0.623,0.351,0.623,0.901,0.403,0.270,0.170,0.271,0.408,0.177,0.089,0.226,0.000,0.905,0.973,0.728,0.314,0.580,0.363,0.363,0.435,0.487,0.428
polarized-appointments,Polarized appointments,"High appointment polarization, higher partisan pressure, and lower public trust.",override-clause-review,Strong-form review with explicit override clause,synthetic_mechanism,legislative_override_clause,period,4,2400,2400,21303,18903,1.000,0.113,0.877,0.731,0.068,0.492,0.443,0.723,0.619,0.270,0.466,0.296,0.700,0.601,2.425,0.553,0.493,0.688,0.230,0.458,0.562,0.436,0.371,0.610,0.622,0.353,0.623,0.900,0.372,0.284,0.189,0.270,0.393,0.193,0.090,0.191,0.000,0.975,0.999,0.939,0.314,0.580,0.364,0.363,0.434,0.487,0.428
polarized-appointments,Polarized appointments,"High appointment polarization, higher partisan pressure, and lower public trust.",pre-enactment-review,Pre-enactment review before laws take effect,synthetic_mechanism,pre_enactment_review,period,1,2400,2400,2792,392,1.000,0.860,0.948,0.766,0.058,0.432,0.300,0.742,0.717,0.266,0.408,0.338,0.701,0.602,2.429,0.553,0.493,0.730,0.244,0.471,0.563,0.535,0.368,0.607,0.660,0.513,0.572,0.870,0.685,0.089,0.078,0.144,0.669,0.058,0.028,0.506,0.151,0.435,0.205,0.126,0.428,0.408,0.312,0.434,0.463,0.512,0.421
polarized-appointments,Polarized appointments,"High appointment polarization, higher partisan pressure, and lower public trust.",pre-enactment-review,Pre-enactment review before laws take effect,synthetic_mechanism,pre_enactment_review,period,2,2400,2400,2800,400,1.000,0.857,0.947,0.767,0.058,0.432,0.299,0.778,0.732,0.242,0.402,0.355,0.705,0.605,2.410,0.556,0.495,0.709,0.245,0.470,0.563,0.535,0.367,0.603,0.650,0.512,0.571,0.871,0.627,0.135,0.106,0.171,0.602,0.100,0.050,0.423,0.003,0.512,0.484,0.284,0.448,0.409,0.376,0.454,0.474,0.523,0.443
polarized-appointments,Polarized appointments,"High appointment polarization, higher partisan pressure, and lower public trust.",pre-enactment-review,Pre-enactment review before laws take effect,synthetic_mechanism,pre_enactment_review,period,3,2400,2400,2795,395,1.000,0.859,0.948,0.764,0.060,0.387,0.303,0.752,0.680,0.248,0.339,0.305,0.699,0.604,2.422,0.556,0.497,0.708,0.246,0.475,0.564,0.534,0.373,0.603,0.641,0.513,0.571,0.872,0.525,0.202,0.134,0.217,0.533,0.134,0.062,0.340,0.001,0.636,0.738,0.540,0.448,0.408,0.376,0.454,0.473,0.522,0.443
polarized-appointments,Polarized appointments,"High appointment polarization, higher partisan pressure, and lower public trust.",pre-enactment-review,Pre-enactment review before laws take effect,synthetic_mechanism,pre_enactment_review,period,4,2400,2400,2823,423,1.000,0.850,0.947,0.765,0.064,0.381,0.290,0.720,0.717,0.287,0.356,0.289,0.700,0.601,2.425,0.553,0.493,0.708,0.244,0.472,0.562,0.532,0.371,0.603,0.636,0.514,0.571,0.871,0.466,0.210,0.154,0.235,0.464,0.161,0.073,0.269,0.001,0.749,0.845,0.762,0.448,0.408,0.377,0.454,0.473,0.523,0.443
polarized-appointments,Polarized appointments,"High appointment polarization, higher partisan pressure, and lower public trust.",abstract-review-tribunal,Abstract review tribunal,synthetic_mechanism,abstract_review,period,1,2400,2400,2591,191,1.000,0.926,0.897,0.769,0.005,0.500,0.437,0.818,0.714,0.094,0.494,1.000,0.701,0.602,2.429,0.553,0.493,0.720,0.245,0.462,0.572,0.540,0.368,0.606,0.663,0.314,0.556,0.942,0.694,0.091,0.088,0.130,0.658,0.073,0.042,0.500,0.130,0.494,0.298,0.122,0.424,0.441,0.294,0.439,0.470,0.521,0.426
polarized-appointments,Polarized appointments,"High appointment polarization, higher partisan pressure, and lower public trust.",abstract-review-tribunal,Abstract review tribunal,synthetic_mechanism,abstract_review,period,2,2400,2400,2600,200,1.000,0.923,0.895,0.769,0.005,0.515,0.438,0.851,0.683,0.149,0.460,1.000,0.705,0.605,2.410,0.556,0.495,0.700,0.246,0.462,0.572,0.540,0.367,0.603,0.648,0.314,0.556,0.943,0.553,0.167,0.153,0.192,0.568,0.141,0.070,0.380,0.001,0.708,0.763,0.324,0.437,0.441,0.335,0.452,0.479,0.528,0.441
polarized-appointments,Polarized appointments,"High appointment polarization, higher partisan pressure, and lower public trust.",abstract-review-tribunal,Abstract review tribunal,synthetic_mechanism,abstract_review,period,3,2400,2400,2566,166,1.000,0.935,0.899,0.769,0.004,0.429,0.434,0.829,0.706,0.171,0.412,1.000,0.699,0.604,2.422,0.556,0.497,0.702,0.246,0.465,0.572,0.540,0.373,0.603,0.639,0.313,0.556,0.943,0.447,0.242,0.167,0.246,0.442,0.173,0.095,0.256,0.001,0.893,0.960,0.657,0.437,0.440,0.333,0.451,0.478,0.527,0.440
polarized-appointments,Polarized appointments,"High appointment polarization, higher partisan pressure, and lower public trust.",abstract-review-tribunal,Abstract review tribunal,synthetic_mechanism,abstract_review,period,4,2400,2400,2611,211,1.000,0.919,0.899,0.768,0.005,0.421,0.424,0.855,0.724,0.164,0.391,1.000,0.700,0.601,2.425,0.553,0.493,0.702,0.244,0.465,0.571,0.537,0.371,0.603,0.636,0.315,0.556,0.943,0.417,0.282,0.160,0.246,0.418,0.193,0.079,0.225,0.001,0.960,0.991,0.891,0.437,0.440,0.335,0.451,0.477,0.528,0.440
polarized-appointments,Polarized appointments,"High appointment polarization, higher partisan pressure, and lower public trust.",ombudsman-triggered-review,Ombudsman-triggered constitutional review,synthetic_mechanism,ombudsman_triggered_review,period,1,2400,2400,263178,260778,1.000,0.009,0.871,0.734,0.063,0.514,0.477,0.789,0.718,0.254,0.500,0.321,0.701,0.602,2.429,0.553,0.493,0.702,0.263,0.455,0.570,0.426,0.368,0.596,0.634,0.527,0.595,0.813,0.653,0.111,0.099,0.166,0.635,0.083,0.042,0.491,0.112,0.539,0.335,0.157,0.323,0.875,0.427,0.437,0.463,0.482,0.506
polarized-appointments,Polarized appointments,"High appointment polarization, higher partisan pressure, and lower public trust.",ombudsman-triggered-review,Ombudsman-triggered constitutional review,synthetic_mechanism,ombudsman_triggered_review,period,2,2400,2400,262129,259729,1.000,0.009,0.870,0.733,0.065,0.509,0.480,0.713,0.713,0.278,0.488,0.333,0.705,0.605,2.410,0.556,0.495,0.684,0.263,0.455,0.570,0.426,0.367,0.593,0.616,0.527,0.595,0.814,0.490,0.215,0.152,0.230,0.494,0.161,0.082,0.313,0.001,0.819,0.846,0.455,0.336,0.876,0.469,0.450,0.467,0.489,0.520
polarized-appointments,Polarized appointments,"High appointment polarization, higher partisan pressure, and lower public trust.",ombudsman-triggered-review,Ombudsman-triggered constitutional review,synthetic_mechanism,ombudsman_triggered_review,period,3,2400,2400,263109,260709,1.000,0.009,0.872,0.734,0.062,0.469,0.474,0.720,0.654,0.287,0.437,0.287,0.699,0.604,2.422,0.556,0.497,0.685,0.263,0.459,0.571,0.425,0.373,0.593,0.609,0.527,0.595,0.814,0.400,0.270,0.163,0.268,0.408,0.203,0.084,0.218,0.000,0.953,0.981,0.822,0.336,0.875,0.469,0.450,0.468,0.489,0.520
polarized-appointments,Polarized appointments,"High appointment polarization, higher partisan pressure, and lower public trust.",ombudsman-triggered-review,Ombudsman-triggered constitutional review,synthetic_mechanism,ombudsman_triggered_review,period,4,2400,2400,263754,261354,1.000,0.009,0.872,0.732,0.067,0.502,0.469,0.759,0.693,0.250,0.464,0.309,0.700,0.601,2.425,0.553,0.493,0.684,0.262,0.457,0.570,0.424,0.371,0.593,0.607,0.528,0.595,0.814,0.390,0.285,0.163,0.261,0.386,0.212,0.091,0.207,0.000,0.983,1.000,0.971,0.336,0.875,0.470,0.450,0.467,0.489,0.520
polarized-appointments,Polarized appointments,"High appointment polarization, higher partisan pressure, and lower public trust.",constitutional-public-defender,Constitutional public defender access model,synthetic_mechanism,constitutional_public_defender,period,1,2400,2400,290128,287728,1.000,0.008,0.878,0.772,0.005,0.556,0.483,0.870,0.776,0.108,0.504,1.000,0.701,0.602,2.429,0.553,0.493,0.714,0.250,0.459,0.574,0.426,0.368,0.594,0.648,0.515,0.623,0.783,0.653,0.108,0.105,0.156,0.644,0.085,0.041,0.492,0.112,0.533,0.347,0.144,0.324,0.855,0.426,0.434,0.462,0.515,0.508
polarized-appointments,Polarized appointments,"High appointment polarization, higher partisan pressure, and lower public trust.",constitutional-public-defender,Constitutional public defender access model,synthetic_mechanism,constitutional_public_defender,period,2,2400,2400,289249,286849,1.000,0.008,0.874,0.771,0.004,0.507,0.493,0.826,0.684,0.101,0.478,1.000,0.705,0.605,2.410,0.556,0.495,0.696,0.251,0.457,0.575,0.426,0.367,0.592,0.630,0.515,0.623,0.784,0.493,0.213,0.153,0.211,0.496,0.160,0.079,0.318,0.001,0.809,0.865,0.414,0.337,0.855,0.468,0.447,0.467,0.522,0.522
polarized-appointments,Polarized appointments,"High appointment polarization, higher partisan pressure, and lower public trust.",constitutional-public-defender,Constitutional public defender access model,synthetic_mechanism,constitutional_public_defender,period,3,2400,2400,290330,287930,1.000,0.008,0.876,0.771,0.004,0.496,0.495,0.867,0.716,0.133,0.479,1.000,0.699,0.604,2.422,0.556,0.497,0.697,0.253,0.459,0.576,0.425,0.373,0.592,0.623,0.515,0.623,0.785,0.436,0.245,0.168,0.250,0.421,0.170,0.087,0.239,0.001,0.945,0.983,0.759,0.337,0.854,0.467,0.446,0.467,0.522,0.521
polarized-appointments,Polarized appointments,"High appointment polarization, higher partisan pressure, and lower public trust.",constitutional-public-defender,Constitutional public defender access model,synthetic_mechanism,constitutional_public_defender,period,4,2400,2400,290889,288489,1.000,0.008,0.878,0.769,0.004,0.469,0.481,0.857,0.668,0.108,0.426,1.000,0.700,0.601,2.425,0.553,0.493,0.697,0.249,0.461,0.574,0.423,0.371,0.592,0.622,0.517,0.623,0.784,0.383,0.260,0.183,0.256,0.397,0.208,0.102,0.196,0.001,0.974,0.998,0.929,0.337,0.854,0.468,0.446,0.467,0.521,0.521
polarized-appointments,Polarized appointments,"High appointment polarization, higher partisan pressure, and lower public trust.",rights-impact-statement-review,Rights-impact statements before review,synthetic_mechanism,rights_impact_statement,period,1,2400,2400,2787,387,1.000,0.861,0.946,0.801,0.059,0.453,0.268,0.781,0.757,0.251,0.448,0.335,0.701,0.602,2.429,0.553,0.493,0.743,0.242,0.470,0.564,0.535,0.368,0.607,0.678,0.503,0.690,0.746,0.714,0.087,0.068,0.130,0.673,0.060,0.030,0.521,0.161,0.417,0.184,0.122,0.401,0.425,0.311,0.411,0.464,0.526,0.420
polarized-appointments,Polarized appointments,"High appointment polarization, higher partisan pressure, and lower public trust.",rights-impact-statement-review,Rights-impact statements before review,synthetic_mechanism,rights_impact_statement,period,2,2400,2400,2802,402,1.000,0.857,0.946,0.802,0.058,0.392,0.282,0.749,0.759,0.274,0.376,0.326,0.705,0.605,2.410,0.556,0.495,0.721,0.243,0.471,0.565,0.535,0.367,0.602,0.671,0.504,0.690,0.748,0.639,0.123,0.098,0.161,0.623,0.084,0.045,0.465,0.004,0.450,0.397,0.254,0.422,0.425,0.377,0.431,0.475,0.536,0.443
polarized-appointments,Polarized appointments,"High appointment polarization, higher partisan pressure, and lower public trust.",rights-impact-statement-review,Rights-impact statements before review,synthetic_mechanism,rights_impact_statement,period,3,2400,2400,2759,359,1.000,0.870,0.948,0.803,0.055,0.348,0.276,0.780,0.716,0.253,0.336,0.294,0.699,0.604,2.422,0.556,0.497,0.722,0.241,0.477,0.565,0.535,0.373,0.603,0.665,0.503,0.690,0.748,0.563,0.148,0.131,0.188,0.563,0.113,0.063,0.365,0.001,0.527,0.603,0.439,0.422,0.424,0.376,0.431,0.475,0.536,0.442
polarized-appointments,Polarized appointments,"High appointment polarization, higher partisan pressure, and lower public trust.",rights-impact-statement-review,Rights-impact statements before review,synthetic_mechanism,rights_impact_statement,period,4,2400,2400,2824,424,1.000,0.850,0.945,0.801,0.065,0.404,0.269,0.776,0.752,0.270,0.393,0.296,0.700,0.601,2.425,0.553,0.493,0.720,0.243,0.472,0.564,0.532,0.371,0.602,0.658,0.505,0.690,0.748,0.499,0.181,0.153,0.224,0.515,0.133,0.070,0.320,0.001,0.625,0.716,0.641,0.422,0.425,0.379,0.431,0.474,0.537,0.443
polarized-appointments,Polarized appointments,"High appointment polarization, higher partisan pressure, and lower public trust.",mandatory-legislative-response,Mandatory legislative response cycles,synthetic_mechanism,mandatory_legislative_response,period,1,2400,2400,2646,246,1.000,0.907,0.909,0.713,0.003,0.393,0.408,0.848,0.728,0.132,0.399,1.000,0.701,0.602,2.429,0.553,0.493,0.757,0.207,0.472,0.575,0.538,0.368,0.616,0.672,0.221,0.607,0.953,0.675,0.089,0.095,0.135,0.685,0.063,0.036,0.509,0.152,0.424,0.244,0.101,0.302,0.471,0.261,0.328,0.417,0.509,0.384
polarized-appointments,Polarized appointments,"High appointment polarization, higher partisan pressure, and lower public trust.",mandatory-legislative-response,Mandatory legislative response cycles,synthetic_mechanism,mandatory_legislative_response,period,2,2400,2400,2675,275,1.000,0.897,0.908,0.711,0.003,0.381,0.415,0.886,0.744,0.093,0.346,1.000,0.705,0.605,2.410,0.556,0.495,0.736,0.206,0.471,0.575,0.538,0.367,0.614,0.660,0.220,0.607,0.954,0.578,0.140,0.143,0.182,0.598,0.102,0.072,0.428,0.002,0.492,0.573,0.223,0.316,0.471,0.306,0.341,0.423,0.517,0.398
polarized-appointments,Polarized appointments,"High appointment polarization, higher partisan pressure, and lower public trust.",mandatory-legislative-response,Mandatory legislative response cycles,synthetic_mechanism,mandatory_legislative_response,period,3,2400,2400,2636,236,1.000,0.910,0.910,0.713,0.003,0.343,0.412,0.861,0.737,0.108,0.327,1.000,0.699,0.604,2.422,0.556,0.497,0.736,0.206,0.475,0.575,0.538,0.373,0.614,0.653,0.221,0.607,0.954,0.491,0.186,0.170,0.237,0.494,0.150,0.084,0.308,0.001,0.617,0.800,0.452,0.316,0.471,0.305,0.341,0.423,0.517,0.398
polarized-appointments,Polarized appointments,"High appointment polarization, higher partisan pressure, and lower public trust.",mandatory-legislative-response,Mandatory legislative response cycles,synthetic_mechanism,mandatory_legislative_response,period,4,2400,2400,2667,267,1.000,0.900,0.909,0.712,0.004,0.426,0.409,0.890,0.738,0.124,0.396,1.000,0.700,0.601,2.425,0.553,0.493,0.736,0.206,0.475,0.575,0.536,0.371,0.614,0.648,0.223,0.607,0.954,0.441,0.202,0.178,0.235,0.478,0.176,0.082,0.249,0.001,0.741,0.879,0.691,0.316,0.471,0.306,0.341,0.422,0.517,0.398
rights-threat-surge,Rights-threat surge,Docket contains more laws or actions with high generated rights-risk signals.,current-federal-court,Current-style federal supreme court,court_variant,strong_form_court,period,1,2400,2400,97753,95353,1.000,0.025,0.735,0.678,0.418,0.893,0.746,0.037,0.400,0.578,0.882,0.000,0.751,0.609,2.441,0.610,0.533,0.577,0.392,0.405,0.529,0.463,0.336,0.607,0.567,0.504,0.643,0.764,0.488,0.235,0.130,0.284,0.492,0.150,0.046,0.324,0.080,0.884,0.662,0.366,0.304,0.696,0.411,0.378,0.436,0.434,0.450
rights-threat-surge,Rights-threat surge,Docket contains more laws or actions with high generated rights-risk signals.,current-federal-court,Current-style federal supreme court,court_variant,strong_form_court,period,2,2400,2400,97634,95234,1.000,0.025,0.731,0.679,0.416,0.904,0.769,0.033,0.423,0.576,0.890,0.000,0.740,0.606,2.425,0.608,0.531,0.564,0.393,0.403,0.529,0.465,0.332,0.606,0.550,0.503,0.643,0.764,0.324,0.337,0.183,0.369,0.326,0.231,0.083,0.137,0.000,0.999,1.000,0.930,0.308,0.694,0.423,0.382,0.437,0.436,0.453
rights-threat-surge,Rights-threat surge,Docket contains more laws or actions with high generated rights-risk signals.,current-federal-court,Current-style federal supreme court,court_variant,strong_form_court,period,3,2400,2400,98113,95713,1.000,0.024,0.741,0.677,0.402,0.893,0.710,0.028,0.390,0.564,0.876,0.000,0.745,0.608,2.428,0.605,0.531,0.568,0.385,0.406,0.529,0.462,0.338,0.607,0.552,0.505,0.643,0.763,0.310,0.344,0.177,0.378,0.306,0.237,0.083,0.143,0.000,0.998,1.000,0.999,0.308,0.694,0.422,0.382,0.438,0.436,0.453
rights-threat-surge,Rights-threat surge,Docket contains more laws or actions with high generated rights-risk signals.,current-federal-court,Current-style federal supreme court,court_variant,strong_form_court,period,4,2400,2400,97873,95473,1.000,0.025,0.734,0.681,0.418,0.890,0.743,0.042,0.397,0.565,0.876,0.000,0.742,0.604,2.428,0.607,0.531,0.565,0.390,0.408,0.528,0.465,0.331,0.606,0.551,0.503,0.643,0.763,0.318,0.336,0.192,0.371,0.314,0.238,0.095,0.139,0.000,0.999,1.000,0.999,0.308,0.694,0.424,0.382,0.437,0.436,0.453
rights-threat-surge,Rights-threat surge,Docket contains more laws or actions with high generated rights-risk signals.,eighteen-year-terms,Staggered 18-year nonrenewable terms,court_variant,strong_form_court,period,1,2400,2400,97776,95376,1.000,0.025,0.743,0.680,0.412,0.864,0.696,0.038,0.419,0.596,0.855,0.000,0.751,0.609,2.441,0.610,0.533,0.584,0.387,0.409,0.529,0.463,0.336,0.607,0.571,0.496,0.644,0.763,0.471,0.254,0.130,0.290,0.498,0.126,0.045,0.353,0.081,0.878,0.649,0.370,0.304,0.696,0.411,0.378,0.437,0.434,0.450
rights-threat-surge,Rights-threat surge,Docket contains more laws or actions with high generated rights-risk signals.,eighteen-year-terms,Staggered 18-year nonrenewable terms,court_variant,strong_form_court,period,2,2400,2400,97659,95259,1.000,0.025,0.740,0.681,0.414,0.869,0.718,0.035,0.401,0.541,0.852,0.000,0.740,0.606,2.425,0.608,0.531,0.571,0.388,0.409,0.529,0.465,0.332,0.605,0.554,0.494,0.644,0.764,0.303,0.325,0.195,0.368,0.315,0.240,0.093,0.145,0.000,0.999,1.000,0.933,0.314,0.694,0.443,0.387,0.439,0.439,0.459
rights-threat-surge,Rights-threat surge,Docket contains more laws or actions with high generated rights-risk signals.,eighteen-year-terms,Staggered 18-year nonrenewable terms,court_variant,strong_form_court,period,3,2400,2400,97830,95430,1.000,0.025,0.745,0.677,0.417,0.846,0.688,0.035,0.409,0.555,0.824,0.000,0.745,0.608,2.428,0.605,0.531,0.570,0.385,0.408,0.528,0.462,0.338,0.606,0.553,0.497,0.643,0.763,0.326,0.343,0.175,0.374,0.308,0.238,0.078,0.124,0.000,0.998,1.000,0.999,0.314,0.694,0.444,0.388,0.439,0.439,0.460
rights-threat-surge,Rights-threat surge,Docket contains more laws or actions with high generated rights-risk signals.,eighteen-year-terms,Staggered 18-year nonrenewable terms,court_variant,strong_form_court,period,4,2400,2400,97852,95452,1.000,0.025,0.742,0.681,0.415,0.860,0.701,0.046,0.412,0.591,0.843,0.000,0.742,0.604,2.428,0.607,0.531,0.571,0.385,0.412,0.528,0.465,0.331,0.606,0.554,0.495,0.643,0.763,0.318,0.318,0.200,0.377,0.329,0.238,0.098,0.134,0.000,0.998,1.000,0.999,0.314,0.694,0.443,0.388,0.439,0.439,0.460
rights-threat-surge,Rights-threat surge,Docket contains more laws or actions with high generated rights-risk signals.,fifteen-justice-commission,Fifteen-justice supermajority commission court,court_variant,strong_form_court,period,1,2400,2400,100598,98198,1.000,0.024,0.816,0.732,0.073,0.745,0.707,0.677,0.654,0.307,0.714,0.444,0.751,0.609,2.441,0.610,0.533,0.705,0.300,0.466,0.567,0.463,0.336,0.613,0.634,0.412,0.644,0.753,0.583,0.171,0.127,0.196,0.603,0.107,0.055,0.408,0.121,0.800,0.589,0.221,0.355,0.697,0.392,0.430,0.442,0.451,0.463
rights-threat-surge,Rights-threat surge,Docket contains more laws or actions with high generated rights-risk signals.,fifteen-justice-commission,Fifteen-justice supermajority commission court,court_variant,strong_form_court,period,2,2400,2400,100477,98077,1.000,0.024,0.812,0.731,0.076,0.797,0.713,0.677,0.629,0.289,0.768,0.425,0.740,0.606,2.425,0.608,0.531,0.686,0.302,0.464,0.566,0.465,0.332,0.610,0.615,0.410,0.643,0.753,0.388,0.280,0.184,0.288,0.410,0.201,0.095,0.210,0.000,0.995,0.999,0.675,0.368,0.695,0.432,0.442,0.445,0.457,0.475
rights-threat-surge,Rights-threat surge,Docket contains more laws or actions with high generated rights-risk signals.,fifteen-justice-commission,Fifteen-justice supermajority commission court,court_variant,strong_form_court,period,3,2400,2400,100852,98452,1.000,0.024,0.820,0.728,0.072,0.773,0.680,0.712,0.601,0.292,0.736,0.464,0.745,0.608,2.428,0.605,0.531,0.688,0.296,0.464,0.565,0.462,0.338,0.611,0.614,0.413,0.643,0.752,0.391,0.278,0.187,0.282,0.387,0.209,0.098,0.177,0.000,0.996,1.000,0.970,0.368,0.696,0.432,0.442,0.446,0.457,0.476
rights-threat-surge,Rights-threat surge,Docket contains more laws or actions with high generated rights-risk signals.,fifteen-justice-commission,Fifteen-justice supermajority commission court,court_variant,strong_form_court,period,4,2400,2400,100819,98419,1.000,0.024,0.816,0.734,0.070,0.784,0.699,0.726,0.675,0.298,0.759,0.490,0.742,0.604,2.428,0.607,0.531,0.689,0.296,0.471,0.566,0.465,0.331,0.611,0.616,0.411,0.643,0.752,0.378,0.280,0.203,0.283,0.376,0.215,0.102,0.183,0.000,0.997,1.000,0.997,0.368,0.696,0.432,0.442,0.445,0.457,0.475
rights-threat-surge,Rights-threat surge,Docket contains more laws or actions with high generated rights-risk signals.,supermajority-invalidation,Supermajority required to invalidate laws,court_variant,strong_form_court,period,1,2400,2400,100651,98251,1.000,0.024,0.828,0.728,0.075,0.789,0.672,0.716,0.585,0.281,0.771,0.440,0.751,0.609,2.441,0.610,0.533,0.683,0.299,0.463,0.556,0.463,0.336,0.611,0.631,0.421,0.643,0.756,0.573,0.175,0.110,0.191,0.596,0.118,0.045,0.426,0.117,0.804,0.594,0.227,0.302,0.697,0.390,0.377,0.442,0.490,0.456
rights-threat-surge,Rights-threat surge,Docket contains more laws or actions with high generated rights-risk signals.,supermajority-invalidation,Supermajority required to invalidate laws,court_variant,strong_form_court,period,2,2400,2400,100591,98191,1.000,0.024,0.826,0.728,0.074,0.793,0.683,0.668,0.589,0.298,0.760,0.427,0.740,0.606,2.425,0.608,0.531,0.665,0.299,0.462,0.556,0.465,0.332,0.610,0.612,0.420,0.643,0.756,0.401,0.266,0.181,0.284,0.429,0.191,0.093,0.227,0.000,0.995,0.999,0.684,0.306,0.695,0.403,0.381,0.443,0.492,0.460
rights-threat-surge,Rights-threat surge,Docket contains more laws or actions with high generated rights-risk signals.,supermajority-invalidation,Supermajority required to invalidate laws,court_variant,strong_form_court,period,3,2400,2400,100911,98511,1.000,0.024,0.834,0.726,0.071,0.777,0.647,0.691,0.558,0.312,0.746,0.454,0.745,0.608,2.428,0.605,0.531,0.667,0.293,0.464,0.555,0.462,0.338,0.611,0.611,0.422,0.642,0.755,0.376,0.297,0.178,0.295,0.386,0.211,0.088,0.170,0.000,0.996,1.000,0.973,0.306,0.696,0.403,0.381,0.443,0.492,0.460
rights-threat-surge,Rights-threat surge,Docket contains more laws or actions with high generated rights-risk signals.,supermajority-invalidation,Supermajority required to invalidate laws,court_variant,strong_form_court,period,4,2400,2400,100790,98390,1.000,0.024,0.829,0.731,0.072,0.771,0.672,0.637,0.566,0.324,0.751,0.484,0.742,0.604,2.428,0.607,0.531,0.667,0.295,0.469,0.556,0.465,0.331,0.610,0.613,0.420,0.642,0.756,0.378,0.285,0.175,0.279,0.377,0.216,0.088,0.177,0.000,0.997,1.000,0.998,0.306,0.696,0.404,0.381,0.442,0.493,0.460
rights-threat-surge,Rights-threat surge,Docket contains more laws or actions with high generated rights-risk signals.,strict-recusal-court,Strict recusal with substitute justices,court_variant,strong_form_court,period,1,2400,2400,100626,98226,1.000,0.024,0.816,0.730,0.072,0.756,0.687,0.761,0.697,0.261,0.730,0.457,0.751,0.609,2.441,0.610,0.533,0.723,0.299,0.466,0.574,0.463,0.336,0.609,0.637,0.410,0.643,0.756,0.567,0.176,0.117,0.202,0.608,0.104,0.043,0.412,0.122,0.791,0.576,0.218,0.354,0.697,0.393,0.429,0.442,0.485,0.468
rights-threat-surge,Rights-threat surge,Docket contains more laws or actions with high generated rights-risk signals.,strict-recusal-court,Strict recusal with substitute justices,court_variant,strong_form_court,period,2,2400,2400,100524,98124,1.000,0.024,0.812,0.730,0.073,0.798,0.703,0.761,0.694,0.262,0.767,0.445,0.740,0.606,2.425,0.608,0.531,0.705,0.300,0.465,0.574,0.465,0.332,0.607,0.618,0.409,0.643,0.756,0.399,0.280,0.178,0.282,0.419,0.205,0.090,0.219,0.000,0.993,0.998,0.659,0.367,0.695,0.433,0.441,0.446,0.491,0.481
rights-threat-surge,Rights-threat surge,Docket contains more laws or actions with high generated rights-risk signals.,strict-recusal-court,Strict recusal with substitute justices,court_variant,strong_form_court,period,3,2400,2400,100803,98403,1.000,0.024,0.820,0.728,0.074,0.776,0.666,0.745,0.703,0.274,0.757,0.451,0.745,0.608,2.428,0.605,0.531,0.706,0.294,0.466,0.572,0.462,0.338,0.607,0.616,0.411,0.643,0.755,0.371,0.287,0.179,0.309,0.380,0.211,0.093,0.174,0.000,0.995,1.000,0.963,0.367,0.696,0.434,0.441,0.446,0.492,0.481
rights-threat-surge,Rights-threat surge,Docket contains more laws or actions with high generated rights-risk signals.,strict-recusal-court,Strict recusal with substitute justices,court_variant,strong_form_court,period,4,2400,2400,100589,98189,1.000,0.024,0.816,0.733,0.076,0.753,0.686,0.761,0.689,0.259,0.722,0.468,0.742,0.604,2.428,0.607,0.531,0.706,0.296,0.471,0.572,0.465,0.331,0.607,0.618,0.409,0.643,0.756,0.391,0.285,0.172,0.288,0.391,0.216,0.082,0.174,0.000,0.996,1.000,0.997,0.367,0.696,0.434,0.441,0.445,0.492,0.481
rights-threat-surge,Rights-threat surge,Docket contains more laws or actions with high generated rights-risk signals.,reasoned-emergency-review,Reasoned emergency orders with merits follow-up,court_variant,strong_form_court,period,1,2400,2400,101327,98927,1.000,0.024,0.823,0.742,0.007,0.776,0.730,0.892,0.712,0.142,0.744,1.000,0.751,0.609,2.441,0.610,0.533,0.743,0.290,0.473,0.586,0.463,0.336,0.612,0.646,0.419,0.643,0.754,0.607,0.157,0.121,0.180,0.621,0.108,0.055,0.435,0.126,0.795,0.600,0.193,0.303,0.698,0.386,0.378,0.443,0.483,0.454
rights-threat-surge,Rights-threat surge,Docket contains more laws or actions with high generated rights-risk signals.,reasoned-emergency-review,Reasoned emergency orders with merits follow-up,court_variant,strong_form_court,period,2,2400,2400,101212,98812,1.000,0.024,0.820,0.743,0.007,0.816,0.743,0.904,0.717,0.109,0.787,1.000,0.740,0.606,2.425,0.608,0.531,0.724,0.290,0.473,0.586,0.465,0.332,0.611,0.627,0.418,0.643,0.755,0.422,0.271,0.170,0.262,0.439,0.206,0.082,0.223,0.000,0.993,0.999,0.600,0.313,0.696,0.418,0.387,0.446,0.488,0.464
rights-threat-surge,Rights-threat surge,Docket contains more laws or actions with high generated rights-risk signals.,reasoned-emergency-review,Reasoned emergency orders with merits follow-up,court_variant,strong_form_court,period,3,2400,2400,101583,99183,1.000,0.024,0.827,0.740,0.007,0.795,0.711,0.923,0.707,0.114,0.770,1.000,0.745,0.608,2.428,0.605,0.531,0.725,0.286,0.471,0.584,0.462,0.338,0.611,0.624,0.420,0.643,0.754,0.397,0.264,0.188,0.281,0.393,0.208,0.098,0.191,0.000,0.996,1.000,0.937,0.313,0.697,0.419,0.388,0.446,0.488,0.465
rights-threat-surge,Rights-threat surge,Docket contains more laws or actions with high generated rights-risk signals.,reasoned-emergency-review,Reasoned emergency orders with merits follow-up,court_variant,strong_form_court,period,4,2400,2400,101266,98866,1.000,0.024,0.823,0.744,0.008,0.762,0.722,0.858,0.742,0.133,0.726,1.000,0.742,0.604,2.428,0.607,0.531,0.726,0.286,0.478,0.584,0.465,0.331,0.611,0.626,0.418,0.643,0.754,0.392,0.270,0.203,0.285,0.418,0.203,0.100,0.195,0.000,0.996,1.000,0.994,0.313,0.696,0.420,0.387,0.445,0.489,0.465
rights-threat-surge,Rights-threat surge,Docket contains more laws or actions with high generated rights-risk signals.,panel-en-banc-review,Panel review with en banc safety valve,court_variant,strong_form_court,period,1,2400,2400,100757,98357,1.000,0.024,0.812,0.733,0.067,0.761,0.709,0.714,0.676,0.260,0.741,0.442,0.751,0.609,2.441,0.610,0.533,0.719,0.300,0.467,0.572,0.463,0.336,0.605,0.636,0.408,0.643,0.755,0.590,0.165,0.108,0.197,0.598,0.105,0.053,0.402,0.122,0.799,0.588,0.215,0.427,0.697,0.428,0.498,0.518,0.478,0.506
rights-threat-surge,Rights-threat surge,Docket contains more laws or actions with high generated rights-risk signals.,panel-en-banc-review,Panel review with en banc safety valve,court_variant,strong_form_court,period,2,2400,2400,100454,98054,1.000,0.024,0.807,0.731,0.075,0.763,0.726,0.757,0.663,0.281,0.745,0.429,0.740,0.606,2.425,0.608,0.531,0.698,0.302,0.465,0.572,0.465,0.332,0.602,0.616,0.407,0.643,0.756,0.400,0.278,0.180,0.295,0.443,0.194,0.096,0.215,0.000,0.994,0.998,0.646,0.440,0.695,0.470,0.510,0.520,0.484,0.519
rights-threat-surge,Rights-threat surge,Docket contains more laws or actions with high generated rights-risk signals.,panel-en-banc-review,Panel review with en banc safety valve,court_variant,strong_form_court,period,3,2400,2400,100831,98431,1.000,0.024,0.815,0.729,0.071,0.738,0.692,0.729,0.625,0.252,0.701,0.443,0.745,0.608,2.428,0.605,0.531,0.700,0.297,0.465,0.571,0.462,0.338,0.602,0.614,0.410,0.643,0.755,0.370,0.284,0.195,0.281,0.373,0.218,0.092,0.186,0.000,0.996,1.000,0.959,0.440,0.696,0.470,0.510,0.521,0.485,0.519
rights-threat-surge,Rights-threat surge,Docket contains more laws or actions with high generated rights-risk signals.,panel-en-banc-review,Panel review with en banc safety valve,court_variant,strong_form_court,period,4,2400,2400,100818,98418,1.000,0.024,0.810,0.735,0.067,0.741,0.713,0.707,0.721,0.268,0.715,0.490,0.742,0.604,2.428,0.607,0.531,0.701,0.297,0.472,0.572,0.465,0.331,0.602,0.617,0.408,0.643,0.755,0.376,0.282,0.180,0.297,0.391,0.217,0.087,0.170,0.000,0.997,1.000,0.996,0.440,0.696,0.470,0.510,0.520,0.485,0.519
rights-threat-surge,Rights-threat surge,Docket contains more laws or actions with high generated rights-risk signals.,dual-cross-checking-courts,Dual supreme courts with cross-checking invalidations,court_variant,strong_form_court,period,1,2400,2400,101540,99140,1.000,0.024,0.843,0.737,0.008,0.758,0.631,0.861,0.787,0.139,0.729,1.000,0.751,0.609,2.441,0.610,0.533,0.749,0.295,0.475,0.580,0.463,0.336,0.583,0.636,0.573,0.640,0.769,0.612,0.146,0.115,0.158,0.635,0.105,0.053,0.435,0.140,0.766,0.543,0.179,0.509,0.698,0.536,0.577,0.569,0.618,0.582
rights-threat-surge,Rights-threat surge,Docket contains more laws or actions with high generated rights-risk signals.,dual-cross-checking-courts,Dual supreme courts with cross-checking invalidations,court_variant,strong_form_court,period,2,2400,2400,101529,99129,1.000,0.024,0.842,0.736,0.008,0.772,0.634,0.838,0.728,0.110,0.749,1.000,0.740,0.606,2.425,0.608,0.531,0.728,0.294,0.476,0.579,0.465,0.332,0.581,0.617,0.571,0.639,0.769,0.426,0.264,0.159,0.265,0.437,0.188,0.078,0.239,0.000,0.987,0.995,0.569,0.522,0.696,0.576,0.588,0.573,0.624,0.594
rights-threat-surge,Rights-threat surge,Docket contains more laws or actions with high generated rights-risk signals.,dual-cross-checking-courts,Dual supreme courts with cross-checking invalidations,court_variant,strong_form_court,period,3,2400,2400,101863,99463,1.000,0.024,0.849,0.734,0.008,0.756,0.600,0.836,0.760,0.160,0.730,1.000,0.745,0.608,2.428,0.605,0.531,0.729,0.290,0.475,0.577,0.462,0.338,0.581,0.614,0.574,0.639,0.768,0.405,0.280,0.164,0.272,0.405,0.195,0.082,0.190,0.000,0.995,1.000,0.919,0.522,0.697,0.576,0.589,0.573,0.625,0.594
rights-threat-surge,Rights-threat surge,Docket contains more laws or actions with high generated rights-risk signals.,dual-cross-checking-courts,Dual supreme courts with cross-checking invalidations,court_variant,strong_form_court,period,4,2400,2400,101787,99387,1.000,0.024,0.844,0.738,0.008,0.773,0.624,0.876,0.778,0.151,0.737,1.000,0.742,0.604,2.428,0.607,0.531,0.729,0.291,0.479,0.578,0.465,0.331,0.581,0.615,0.572,0.639,0.768,0.380,0.288,0.187,0.282,0.386,0.214,0.096,0.192,0.000,0.996,1.000,0.995,0.522,0.696,0.576,0.588,0.573,0.625,0.594
rights-threat-surge,Rights-threat surge,Docket contains more laws or actions with high generated rights-risk signals.,constitutional-council,Pre-enactment constitutional council,court_variant,strong_form_court,period,1,2400,2400,100748,98348,1.000,0.024,0.914,0.725,0.067,0.738,0.604,0.775,0.772,0.278,0.705,0.444,0.751,0.609,2.441,0.610,0.533,0.748,0.289,0.468,0.576,0.463,0.336,0.597,0.636,0.639,0.642,0.762,0.611,0.148,0.112,0.181,0.628,0.088,0.046,0.437,0.146,0.738,0.511,0.179,0.428,0.697,0.435,0.498,0.508,0.558,0.520
rights-threat-surge,Rights-threat surge,Docket contains more laws or actions with high generated rights-risk signals.,constitutional-council,Pre-enactment constitutional council,court_variant,strong_form_court,period,2,2400,2400,100564,98164,1.000,0.024,0.913,0.723,0.068,0.742,0.611,0.769,0.792,0.242,0.708,0.418,0.740,0.606,2.425,0.608,0.531,0.726,0.289,0.468,0.575,0.465,0.332,0.594,0.616,0.638,0.642,0.763,0.439,0.263,0.150,0.273,0.430,0.189,0.071,0.222,0.000,0.975,0.988,0.558,0.448,0.695,0.499,0.517,0.514,0.568,0.540
rights-threat-surge,Rights-threat surge,Docket contains more laws or actions with high generated rights-risk signals.,constitutional-council,Pre-enactment constitutional council,court_variant,strong_form_court,period,3,2400,2400,100922,98522,1.000,0.024,0.917,0.723,0.067,0.731,0.579,0.771,0.769,0.249,0.689,0.453,0.745,0.608,2.428,0.605,0.531,0.728,0.285,0.468,0.574,0.462,0.338,0.594,0.613,0.640,0.642,0.762,0.380,0.285,0.176,0.293,0.402,0.200,0.083,0.191,0.000,0.993,1.000,0.916,0.448,0.696,0.500,0.517,0.515,0.569,0.540
rights-threat-surge,Rights-threat surge,Docket contains more laws or actions with high generated rights-risk signals.,constitutional-council,Pre-enactment constitutional council,court_variant,strong_form_court,period,4,2400,2400,100865,98465,1.000,0.024,0.915,0.727,0.067,0.730,0.598,0.793,0.750,0.261,0.693,0.450,0.742,0.604,2.428,0.607,0.531,0.728,0.285,0.472,0.574,0.465,0.331,0.594,0.615,0.638,0.642,0.762,0.364,0.298,0.178,0.300,0.404,0.183,0.087,0.167,0.000,0.994,1.000,0.994,0.448,0.696,0.500,0.517,0.514,0.569,0.540
rights-threat-surge,Rights-threat surge,Docket contains more laws or actions with high generated rights-risk signals.,legislative-override-court,Judicial review with delayed legislative override,court_variant,strong_form_court,period,1,2400,2400,100719,98319,1.000,0.024,0.804,0.729,0.069,0.804,0.714,0.708,0.616,0.240,0.776,0.489,0.751,0.609,2.441,0.610,0.533,0.699,0.304,0.467,0.568,0.463,0.336,0.608,0.631,0.410,0.643,0.759,0.585,0.168,0.111,0.193,0.592,0.118,0.052,0.399,0.112,0.816,0.610,0.224,0.303,0.697,0.391,0.378,0.443,0.512,0.460
rights-threat-surge,Rights-threat surge,Docket contains more laws or actions with high generated rights-risk signals.,legislative-override-court,Judicial review with delayed legislative override,court_variant,strong_form_court,period,2,2400,2400,100499,98099,1.000,0.024,0.802,0.728,0.075,0.787,0.718,0.689,0.627,0.257,0.765,0.425,0.740,0.606,2.425,0.608,0.531,0.681,0.305,0.467,0.566,0.465,0.332,0.606,0.612,0.408,0.643,0.760,0.411,0.267,0.172,0.290,0.402,0.217,0.081,0.203,0.000,0.996,0.999,0.675,0.314,0.695,0.425,0.388,0.445,0.517,0.471
rights-threat-surge,Rights-threat surge,Docket contains more laws or actions with high generated rights-risk signals.,legislative-override-court,Judicial review with delayed legislative override,court_variant,strong_form_court,period,3,2400,2400,100820,98420,1.000,0.024,0.808,0.723,0.075,0.811,0.687,0.709,0.619,0.283,0.785,0.466,0.745,0.608,2.428,0.605,0.531,0.681,0.302,0.466,0.566,0.462,0.338,0.606,0.609,0.410,0.643,0.759,0.359,0.283,0.199,0.306,0.377,0.198,0.105,0.168,0.000,0.996,1.000,0.970,0.314,0.696,0.426,0.388,0.446,0.517,0.471
rights-threat-surge,Rights-threat surge,Docket contains more laws or actions with high generated rights-risk signals.,legislative-override-court,Judicial review with delayed legislative override,court_variant,strong_form_court,period,4,2400,2400,100711,98311,1.000,0.024,0.803,0.730,0.076,0.774,0.714,0.674,0.600,0.316,0.753,0.458,0.742,0.604,2.428,0.607,0.531,0.682,0.302,0.472,0.566,0.465,0.331,0.606,0.612,0.409,0.643,0.759,0.368,0.301,0.172,0.291,0.377,0.222,0.081,0.179,0.000,0.997,1.000,0.997,0.314,0.696,0.426,0.388,0.445,0.517,0.471
rights-threat-surge,Rights-threat surge,Docket contains more laws or actions with high generated rights-risk signals.,accountability-retention-court,Retention-election accountability court,court_variant,strong_form_court,period,1,2400,2400,100601,98201,1.000,0.024,0.813,0.701,0.068,0.592,0.593,0.687,0.650,0.322,0.556,0.434,0.751,0.609,2.441,0.610,0.533,0.712,0.302,0.478,0.568,0.463,0.336,0.606,0.632,0.380,0.643,0.761,0.562,0.168,0.117,0.204,0.572,0.114,0.048,0.400,0.127,0.762,0.524,0.226,0.303,0.697,0.392,0.378,0.444,0.533,0.464
rights-threat-surge,Rights-threat surge,Docket contains more laws or actions with high generated rights-risk signals.,accountability-retention-court,Retention-election accountability court,court_variant,strong_form_court,period,2,2400,2400,100452,98052,1.000,0.024,0.813,0.699,0.072,0.644,0.578,0.695,0.612,0.279,0.609,0.416,0.740,0.606,2.425,0.608,0.531,0.693,0.300,0.476,0.565,0.465,0.332,0.601,0.612,0.379,0.643,0.762,0.383,0.290,0.175,0.283,0.426,0.190,0.088,0.195,0.000,0.981,0.989,0.664,0.329,0.695,0.474,0.403,0.452,0.547,0.490
rights-threat-surge,Rights-threat surge,Docket contains more laws or actions with high generated rights-risk signals.,accountability-retention-court,Retention-election accountability court,court_variant,strong_form_court,period,3,2400,2400,100915,98515,1.000,0.024,0.821,0.702,0.065,0.607,0.552,0.710,0.650,0.270,0.554,0.460,0.745,0.608,2.428,0.605,0.531,0.696,0.294,0.480,0.565,0.462,0.338,0.602,0.612,0.382,0.643,0.761,0.350,0.302,0.178,0.302,0.379,0.196,0.091,0.175,0.000,0.994,1.000,0.966,0.329,0.696,0.474,0.403,0.452,0.547,0.491
rights-threat-surge,Rights-threat surge,Docket contains more laws or actions with high generated rights-risk signals.,accountability-retention-court,Retention-election accountability court,court_variant,strong_form_court,period,4,2400,2400,100688,98288,1.000,0.024,0.815,0.705,0.069,0.646,0.572,0.688,0.613,0.264,0.604,0.481,0.742,0.604,2.428,0.607,0.531,0.695,0.296,0.481,0.565,0.465,0.331,0.602,0.612,0.380,0.643,0.761,0.350,0.298,0.189,0.308,0.356,0.229,0.088,0.168,0.000,0.995,1.000,0.997,0.329,0.696,0.475,0.403,0.451,0.547,0.491
rights-threat-surge,Rights-threat surge,Docket contains more laws or actions with high generated rights-risk signals.,independence-accountability-hybrid,Hybrid court balancing independence and accountability,court_variant,strong_form_court,period,1,2400,2400,101252,98852,1.000,0.024,0.848,0.738,0.007,0.740,0.655,0.913,0.782,0.144,0.712,1.000,0.751,0.609,2.441,0.610,0.533,0.753,0.282,0.475,0.582,0.463,0.336,0.589,0.650,0.408,0.641,0.768,0.611,0.145,0.114,0.179,0.638,0.100,0.049,0.436,0.141,0.761,0.556,0.179,0.452,0.698,0.425,0.523,0.518,0.634,0.538
rights-threat-surge,Rights-threat surge,Docket contains more laws or actions with high generated rights-risk signals.,independence-accountability-hybrid,Hybrid court balancing independence and accountability,court_variant,strong_form_court,period,2,2400,2400,101233,98833,1.000,0.024,0.846,0.738,0.006,0.739,0.664,0.840,0.742,0.122,0.706,1.000,0.740,0.606,2.425,0.608,0.531,0.732,0.281,0.476,0.581,0.465,0.332,0.587,0.631,0.407,0.640,0.769,0.418,0.263,0.173,0.264,0.463,0.186,0.087,0.239,0.000,0.983,0.995,0.560,0.464,0.696,0.465,0.534,0.521,0.639,0.550
rights-threat-surge,Rights-threat surge,Docket contains more laws or actions with high generated rights-risk signals.,independence-accountability-hybrid,Hybrid court balancing independence and accountability,court_variant,strong_form_court,period,3,2400,2400,101610,99210,1.000,0.024,0.854,0.736,0.007,0.747,0.625,0.858,0.765,0.121,0.715,1.000,0.745,0.608,2.428,0.605,0.531,0.733,0.276,0.475,0.579,0.462,0.338,0.588,0.628,0.409,0.640,0.768,0.384,0.273,0.193,0.273,0.403,0.197,0.098,0.190,0.000,0.994,1.000,0.898,0.464,0.697,0.465,0.535,0.521,0.640,0.551
rights-threat-surge,Rights-threat surge,Docket contains more laws or actions with high generated rights-risk signals.,independence-accountability-hybrid,Hybrid court balancing independence and accountability,court_variant,strong_form_court,period,4,2400,2400,101447,99047,1.000,0.024,0.849,0.741,0.007,0.758,0.649,0.908,0.742,0.118,0.723,1.000,0.742,0.604,2.428,0.607,0.531,0.734,0.277,0.480,0.580,0.465,0.331,0.588,0.630,0.407,0.640,0.768,0.380,0.275,0.193,0.272,0.411,0.208,0.103,0.188,0.000,0.995,1.000,0.988,0.464,0.696,0.466,0.535,0.521,0.640,0.551
rights-threat-surge,Rights-threat surge,Docket contains more laws or actions with high generated rights-risk signals.,weak-form-review,Weak-form review with legislative reply,synthetic_mechanism,weak_form_review,period,1,2400,2400,2801,401,1.000,0.857,0.946,0.678,0.069,0.723,0.000,0.710,0.743,0.319,0.699,0.457,0.751,0.609,2.441,0.610,0.533,0.746,0.236,0.513,0.638,0.570,0.336,0.637,0.690,0.106,0.677,0.792,0.647,0.093,0.067,0.178,0.651,0.057,0.013,0.470,0.293,0.470,0.156,0.132,0.303,0.405,0.270,0.314,0.418,0.416,0.357
rights-threat-surge,Rights-threat surge,Docket contains more laws or actions with high generated rights-risk signals.,weak-form-review,Weak-form review with legislative reply,synthetic_mechanism,weak_form_review,period,2,2400,2400,2807,407,1.000,0.855,0.942,0.676,0.075,0.753,0.000,0.751,0.695,0.259,0.723,0.433,0.740,0.606,2.425,0.608,0.531,0.708,0.238,0.509,0.638,0.572,0.332,0.635,0.682,0.103,0.677,0.793,0.620,0.106,0.097,0.178,0.630,0.063,0.028,0.427,0.010,0.359,0.189,0.275,0.315,0.403,0.306,0.324,0.421,0.421,0.368
rights-threat-surge,Rights-threat surge,Docket contains more laws or actions with high generated rights-risk signals.,weak-form-review,Weak-form review with legislative reply,synthetic_mechanism,weak_form_review,period,3,2400,2400,2775,375,1.000,0.865,0.948,0.678,0.066,0.686,0.000,0.757,0.666,0.265,0.658,0.470,0.745,0.608,2.428,0.605,0.531,0.710,0.233,0.510,0.634,0.570,0.338,0.635,0.682,0.110,0.677,0.792,0.633,0.103,0.106,0.177,0.603,0.063,0.040,0.413,0.001,0.276,0.210,0.419,0.315,0.404,0.305,0.324,0.420,0.420,0.368
rights-threat-surge,Rights-threat surge,Docket contains more laws or actions with high generated rights-risk signals.,weak-form-review,Weak-form review with legislative reply,synthetic_mechanism,weak_form_review,period,4,2400,2400,2819,419,1.000,0.851,0.946,0.679,0.070,0.694,0.000,0.749,0.694,0.300,0.667,0.468,0.742,0.604,2.428,0.607,0.531,0.708,0.236,0.512,0.636,0.571,0.331,0.635,0.682,0.106,0.677,0.792,0.602,0.111,0.104,0.183,0.587,0.081,0.032,0.389,0.001,0.219,0.220,0.534,0.315,0.404,0.306,0.325,0.420,0.421,0.368
rights-threat-surge,Rights-threat surge,Docket contains more laws or actions with high generated rights-risk signals.,suspended-declaration-review,Suspended declarations of invalidity,synthetic_mechanism,suspended_declaration,period,1,2400,2400,2688,288,1.000,0.893,0.886,0.685,0.007,0.754,0.729,0.887,0.689,0.100,0.726,1.000,0.751,0.609,2.441,0.610,0.533,0.770,0.302,0.531,0.656,0.573,0.336,0.624,0.675,0.136,0.623,0.873,0.619,0.150,0.111,0.182,0.607,0.112,0.058,0.424,0.127,0.801,0.599,0.186,0.320,0.457,0.265,0.342,0.426,0.458,0.379
rights-threat-surge,Rights-threat surge,Docket contains more laws or actions with high generated rights-risk signals.,suspended-declaration-review,Suspended declarations of invalidity,synthetic_mechanism,suspended_declaration,period,2,2400,2400,2680,280,1.000,0.896,0.884,0.686,0.007,0.816,0.745,0.844,0.684,0.143,0.786,1.000,0.740,0.606,2.425,0.608,0.531,0.752,0.304,0.530,0.657,0.575,0.332,0.621,0.657,0.132,0.623,0.874,0.448,0.256,0.177,0.247,0.428,0.206,0.087,0.234,0.000,0.994,0.999,0.581,0.333,0.455,0.306,0.354,0.430,0.464,0.392
rights-threat-surge,Rights-threat surge,Docket contains more laws or actions with high generated rights-risk signals.,suspended-declaration-review,Suspended declarations of invalidity,synthetic_mechanism,suspended_declaration,period,3,2400,2400,2682,282,1.000,0.895,0.887,0.684,0.007,0.741,0.717,0.878,0.735,0.126,0.722,1.000,0.745,0.608,2.428,0.605,0.531,0.751,0.299,0.527,0.653,0.572,0.338,0.622,0.653,0.139,0.623,0.873,0.416,0.265,0.177,0.265,0.408,0.210,0.093,0.192,0.000,0.996,1.000,0.924,0.333,0.456,0.306,0.355,0.430,0.464,0.392
rights-threat-surge,Rights-threat surge,Docket contains more laws or actions with high generated rights-risk signals.,suspended-declaration-review,Suspended declarations of invalidity,synthetic_mechanism,suspended_declaration,period,4,2400,2400,2693,293,1.000,0.891,0.888,0.689,0.008,0.771,0.716,0.845,0.694,0.129,0.739,1.000,0.742,0.604,2.428,0.607,0.531,0.753,0.297,0.528,0.652,0.575,0.331,0.622,0.655,0.136,0.623,0.873,0.424,0.252,0.175,0.253,0.421,0.214,0.096,0.185,0.000,0.996,1.000,0.995,0.333,0.456,0.306,0.355,0.429,0.464,0.392
rights-threat-surge,Rights-threat surge,Docket contains more laws or actions with high generated rights-risk signals.,override-clause-review,Strong-form review with explicit override clause,synthetic_mechanism,legislative_override_clause,period,1,2400,2400,20765,18365,1.000,0.116,0.823,0.730,0.074,0.728,0.701,0.718,0.648,0.259,0.706,0.427,0.751,0.609,2.441,0.610,0.533,0.739,0.267,0.467,0.569,0.474,0.336,0.619,0.644,0.320,0.631,0.897,0.575,0.165,0.127,0.193,0.588,0.109,0.054,0.410,0.137,0.757,0.562,0.185,0.304,0.588,0.331,0.354,0.433,0.485,0.420
rights-threat-surge,Rights-threat surge,Docket contains more laws or actions with high generated rights-risk signals.,override-clause-review,Strong-form review with explicit override clause,synthetic_mechanism,legislative_override_clause,period,2,2400,2400,20750,18350,1.000,0.116,0.821,0.731,0.073,0.749,0.712,0.758,0.652,0.297,0.721,0.429,0.740,0.606,2.425,0.608,0.531,0.720,0.266,0.466,0.569,0.476,0.332,0.617,0.625,0.317,0.631,0.897,0.401,0.285,0.175,0.287,0.431,0.194,0.081,0.223,0.000,0.987,0.996,0.595,0.314,0.586,0.366,0.364,0.436,0.491,0.431
rights-threat-surge,Rights-threat surge,Docket contains more laws or actions with high generated rights-risk signals.,override-clause-review,Strong-form review with explicit override clause,synthetic_mechanism,legislative_override_clause,period,3,2400,2400,20808,18408,1.000,0.115,0.828,0.728,0.072,0.733,0.671,0.719,0.601,0.296,0.706,0.458,0.745,0.608,2.428,0.605,0.531,0.720,0.262,0.466,0.568,0.473,0.338,0.618,0.623,0.322,0.631,0.896,0.370,0.291,0.190,0.292,0.400,0.191,0.094,0.184,0.000,0.995,1.000,0.936,0.314,0.586,0.366,0.364,0.436,0.491,0.431
rights-threat-surge,Rights-threat surge,Docket contains more laws or actions with high generated rights-risk signals.,override-clause-review,Strong-form review with explicit override clause,synthetic_mechanism,legislative_override_clause,period,4,2400,2400,20795,18395,1.000,0.115,0.823,0.732,0.075,0.749,0.690,0.708,0.678,0.261,0.715,0.458,0.742,0.604,2.428,0.607,0.531,0.719,0.266,0.471,0.568,0.476,0.331,0.617,0.623,0.323,0.631,0.897,0.379,0.294,0.191,0.296,0.399,0.197,0.099,0.176,0.000,0.996,1.000,0.993,0.315,0.586,0.367,0.365,0.435,0.491,0.431
rights-threat-surge,Rights-threat surge,Docket contains more laws or actions with high generated rights-risk signals.,pre-enactment-review,Pre-enactment review before laws take effect,synthetic_mechanism,pre_enactment_review,period,1,2400,2400,2850,450,1.000,0.842,0.918,0.756,0.069,0.687,0.587,0.741,0.709,0.283,0.653,0.443,0.751,0.609,2.441,0.610,0.533,0.751,0.288,0.469,0.573,0.569,0.336,0.614,0.651,0.490,0.580,0.868,0.620,0.137,0.110,0.185,0.611,0.100,0.050,0.428,0.149,0.729,0.497,0.181,0.428,0.419,0.315,0.437,0.466,0.516,0.425
rights-threat-surge,Rights-threat surge,Docket contains more laws or actions with high generated rights-risk signals.,pre-enactment-review,Pre-enactment review before laws take effect,synthetic_mechanism,pre_enactment_review,period,2,2400,2400,2827,427,1.000,0.849,0.918,0.752,0.068,0.716,0.583,0.791,0.757,0.300,0.685,0.416,0.740,0.606,2.425,0.608,0.531,0.729,0.286,0.468,0.571,0.572,0.332,0.611,0.631,0.488,0.579,0.869,0.440,0.258,0.156,0.258,0.453,0.170,0.082,0.253,0.000,0.967,0.982,0.546,0.448,0.416,0.378,0.456,0.476,0.525,0.446
rights-threat-surge,Rights-threat surge,Docket contains more laws or actions with high generated rights-risk signals.,pre-enactment-review,Pre-enactment review before laws take effect,synthetic_mechanism,pre_enactment_review,period,3,2400,2400,2839,439,1.000,0.845,0.921,0.751,0.065,0.692,0.553,0.800,0.738,0.273,0.645,0.474,0.745,0.608,2.428,0.605,0.531,0.730,0.281,0.469,0.571,0.568,0.338,0.611,0.627,0.491,0.579,0.868,0.369,0.276,0.188,0.310,0.393,0.224,0.089,0.193,0.000,0.993,1.000,0.907,0.448,0.416,0.379,0.456,0.476,0.525,0.446
rights-threat-surge,Rights-threat surge,Docket contains more laws or actions with high generated rights-risk signals.,pre-enactment-review,Pre-enactment review before laws take effect,synthetic_mechanism,pre_enactment_review,period,4,2400,2400,2867,467,1.000,0.837,0.919,0.755,0.069,0.697,0.577,0.811,0.727,0.223,0.657,0.473,0.742,0.604,2.428,0.607,0.531,0.730,0.284,0.473,0.571,0.570,0.331,0.611,0.629,0.490,0.579,0.869,0.377,0.290,0.180,0.283,0.399,0.199,0.090,0.181,0.000,0.994,1.000,0.990,0.448,0.417,0.380,0.456,0.475,0.526,0.446
rights-threat-surge,Rights-threat surge,Docket contains more laws or actions with high generated rights-risk signals.,abstract-review-tribunal,Abstract review tribunal,synthetic_mechanism,abstract_review,period,1,2400,2400,2633,233,1.000,0.912,0.840,0.774,0.008,0.774,0.697,0.881,0.740,0.128,0.764,1.000,0.751,0.609,2.441,0.610,0.533,0.749,0.286,0.475,0.582,0.575,0.336,0.612,0.657,0.288,0.564,0.941,0.589,0.161,0.122,0.191,0.631,0.099,0.050,0.438,0.133,0.778,0.573,0.190,0.428,0.451,0.301,0.445,0.479,0.528,0.433
rights-threat-surge,Rights-threat surge,Docket contains more laws or actions with high generated rights-risk signals.,abstract-review-tribunal,Abstract review tribunal,synthetic_mechanism,abstract_review,period,2,2400,2400,2610,210,1.000,0.920,0.837,0.773,0.007,0.777,0.710,0.848,0.754,0.123,0.746,1.000,0.740,0.606,2.425,0.608,0.531,0.729,0.287,0.475,0.582,0.577,0.332,0.610,0.639,0.286,0.564,0.941,0.434,0.253,0.176,0.250,0.431,0.200,0.094,0.231,0.000,0.989,0.996,0.576,0.440,0.448,0.339,0.456,0.486,0.533,0.445
rights-threat-surge,Rights-threat surge,Docket contains more laws or actions with high generated rights-risk signals.,abstract-review-tribunal,Abstract review tribunal,synthetic_mechanism,abstract_review,period,3,2400,2400,2603,203,1.000,0.922,0.846,0.769,0.007,0.761,0.670,0.868,0.712,0.176,0.732,1.000,0.745,0.608,2.428,0.605,0.531,0.730,0.281,0.474,0.580,0.574,0.338,0.610,0.636,0.288,0.564,0.940,0.402,0.274,0.176,0.271,0.399,0.211,0.092,0.189,0.000,0.995,1.000,0.923,0.441,0.448,0.339,0.456,0.486,0.533,0.446
rights-threat-surge,Rights-threat surge,Docket contains more laws or actions with high generated rights-risk signals.,abstract-review-tribunal,Abstract review tribunal,synthetic_mechanism,abstract_review,period,4,2400,2400,2613,213,1.000,0.918,0.842,0.773,0.008,0.814,0.684,0.856,0.740,0.158,0.794,1.000,0.742,0.604,2.428,0.607,0.531,0.731,0.281,0.479,0.580,0.577,0.331,0.610,0.638,0.286,0.564,0.940,0.400,0.273,0.182,0.267,0.413,0.199,0.091,0.190,0.000,0.995,1.000,0.994,0.441,0.448,0.339,0.456,0.485,0.533,0.446
rights-threat-surge,Rights-threat surge,Docket contains more laws or actions with high generated rights-risk signals.,ombudsman-triggered-review,Ombudsman-triggered constitutional review,synthetic_mechanism,ombudsman_triggered_review,period,1,2400,2400,232345,229945,1.000,0.010,0.814,0.734,0.070,0.820,0.734,0.764,0.730,0.254,0.795,0.470,0.751,0.609,2.441,0.610,0.533,0.729,0.303,0.466,0.579,0.462,0.336,0.602,0.627,0.503,0.603,0.811,0.565,0.183,0.126,0.214,0.612,0.113,0.064,0.433,0.119,0.807,0.600,0.228,0.327,0.901,0.424,0.447,0.466,0.493,0.515
rights-threat-surge,Rights-threat surge,Docket contains more laws or actions with high generated rights-risk signals.,ombudsman-triggered-review,Ombudsman-triggered constitutional review,synthetic_mechanism,ombudsman_triggered_review,period,2,2400,2400,231711,229311,1.000,0.010,0.810,0.734,0.072,0.783,0.755,0.761,0.730,0.265,0.748,0.436,0.740,0.606,2.425,0.608,0.531,0.711,0.304,0.465,0.579,0.464,0.332,0.599,0.608,0.502,0.602,0.812,0.397,0.278,0.181,0.277,0.414,0.194,0.095,0.201,0.000,0.995,0.999,0.682,0.341,0.899,0.466,0.460,0.470,0.499,0.528
rights-threat-surge,Rights-threat surge,Docket contains more laws or actions with high generated rights-risk signals.,ombudsman-triggered-review,Ombudsman-triggered constitutional review,synthetic_mechanism,ombudsman_triggered_review,period,3,2400,2400,234649,232249,1.000,0.010,0.817,0.732,0.066,0.787,0.718,0.740,0.704,0.262,0.756,0.468,0.745,0.608,2.428,0.605,0.531,0.712,0.298,0.466,0.578,0.460,0.338,0.600,0.607,0.504,0.602,0.811,0.363,0.283,0.189,0.296,0.394,0.220,0.103,0.188,0.000,0.996,1.000,0.967,0.340,0.898,0.466,0.459,0.470,0.499,0.527
rights-threat-surge,Rights-threat surge,Docket contains more laws or actions with high generated rights-risk signals.,ombudsman-triggered-review,Ombudsman-triggered constitutional review,synthetic_mechanism,ombudsman_triggered_review,period,4,2400,2400,232399,229999,1.000,0.010,0.811,0.735,0.073,0.797,0.743,0.721,0.679,0.321,0.755,0.463,0.742,0.604,2.428,0.607,0.531,0.712,0.301,0.470,0.578,0.463,0.331,0.600,0.607,0.502,0.602,0.812,0.374,0.289,0.202,0.288,0.380,0.215,0.108,0.173,0.000,0.997,1.000,0.997,0.341,0.899,0.467,0.460,0.469,0.500,0.528
rights-threat-surge,Rights-threat surge,Docket contains more laws or actions with high generated rights-risk signals.,constitutional-public-defender,Constitutional public defender access model,synthetic_mechanism,constitutional_public_defender,period,1,2400,2400,255751,253351,1.000,0.009,0.815,0.824,0.008,0.859,0.766,0.875,0.733,0.125,0.847,1.000,0.751,0.609,2.441,0.610,0.533,0.752,0.294,0.475,0.586,0.462,0.336,0.600,0.652,0.490,0.631,0.783,0.605,0.155,0.128,0.178,0.608,0.120,0.066,0.431,0.124,0.812,0.623,0.191,0.330,0.877,0.424,0.445,0.465,0.529,0.516
rights-threat-surge,Rights-threat surge,Docket contains more laws or actions with high generated rights-risk signals.,constitutional-public-defender,Constitutional public defender access model,synthetic_mechanism,constitutional_public_defender,period,2,2400,2400,255480,253080,1.000,0.009,0.812,0.825,0.007,0.825,0.775,0.861,0.774,0.128,0.796,1.000,0.740,0.606,2.425,0.608,0.531,0.734,0.293,0.475,0.585,0.463,0.332,0.597,0.635,0.488,0.630,0.783,0.419,0.260,0.179,0.269,0.434,0.199,0.098,0.227,0.000,0.994,0.999,0.591,0.343,0.875,0.464,0.457,0.469,0.536,0.529
rights-threat-surge,Rights-threat surge,Docket contains more laws or actions with high generated rights-risk signals.,constitutional-public-defender,Constitutional public defender access model,synthetic_mechanism,constitutional_public_defender,period,3,2400,2400,257863,255463,1.000,0.009,0.820,0.819,0.007,0.812,0.740,0.897,0.709,0.078,0.794,1.000,0.745,0.608,2.428,0.605,0.531,0.734,0.288,0.474,0.584,0.460,0.338,0.598,0.632,0.491,0.630,0.782,0.384,0.290,0.184,0.300,0.404,0.204,0.103,0.179,0.000,0.996,1.000,0.927,0.343,0.875,0.465,0.457,0.469,0.535,0.529
rights-threat-surge,Rights-threat surge,Docket contains more laws or actions with high generated rights-risk signals.,constitutional-public-defender,Constitutional public defender access model,synthetic_mechanism,constitutional_public_defender,period,4,2400,2400,256164,253764,1.000,0.009,0.818,0.824,0.008,0.818,0.745,0.863,0.697,0.156,0.796,1.000,0.742,0.604,2.428,0.607,0.531,0.735,0.288,0.479,0.583,0.463,0.331,0.598,0.634,0.488,0.630,0.782,0.385,0.287,0.190,0.281,0.400,0.208,0.097,0.186,0.000,0.996,1.000,0.994,0.343,0.875,0.465,0.457,0.469,0.536,0.529
rights-threat-surge,Rights-threat surge,Docket contains more laws or actions with high generated rights-risk signals.,rights-impact-statement-review,Rights-impact statements before review,synthetic_mechanism,rights_impact_statement,period,1,2400,2400,2827,427,1.000,0.849,0.921,0.793,0.063,0.649,0.550,0.778,0.748,0.229,0.611,0.452,0.751,0.609,2.441,0.610,0.533,0.769,0.282,0.471,0.573,0.570,0.336,0.614,0.672,0.480,0.698,0.744,0.618,0.138,0.103,0.176,0.640,0.100,0.048,0.443,0.167,0.702,0.464,0.163,0.402,0.434,0.314,0.414,0.468,0.529,0.424
rights-threat-surge,Rights-threat surge,Docket contains more laws or actions with high generated rights-risk signals.,rights-impact-statement-review,Rights-impact statements before review,synthetic_mechanism,rights_impact_statement,period,2,2400,2400,2832,432,1.000,0.847,0.920,0.791,0.067,0.676,0.547,0.738,0.767,0.236,0.649,0.433,0.740,0.606,2.425,0.608,0.531,0.745,0.282,0.470,0.572,0.572,0.332,0.610,0.651,0.479,0.698,0.745,0.424,0.260,0.165,0.276,0.457,0.175,0.084,0.240,0.000,0.945,0.965,0.529,0.423,0.432,0.380,0.433,0.478,0.539,0.446
rights-threat-surge,Rights-threat surge,Docket contains more laws or actions with high generated rights-risk signals.,rights-impact-statement-review,Rights-impact statements before review,synthetic_mechanism,rights_impact_statement,period,3,2400,2400,2827,427,1.000,0.849,0.923,0.791,0.065,0.706,0.513,0.762,0.773,0.269,0.659,0.470,0.745,0.608,2.428,0.605,0.531,0.747,0.277,0.470,0.571,0.568,0.338,0.610,0.647,0.481,0.698,0.744,0.383,0.281,0.180,0.283,0.379,0.220,0.086,0.186,0.000,0.991,1.000,0.880,0.423,0.433,0.380,0.433,0.478,0.540,0.446
rights-threat-surge,Rights-threat surge,Docket contains more laws or actions with high generated rights-risk signals.,rights-impact-statement-review,Rights-impact statements before review,synthetic_mechanism,rights_impact_statement,period,4,2400,2400,2850,450,1.000,0.842,0.920,0.793,0.066,0.678,0.537,0.780,0.812,0.251,0.646,0.475,0.742,0.604,2.428,0.607,0.531,0.746,0.279,0.474,0.572,0.571,0.331,0.610,0.648,0.480,0.698,0.745,0.398,0.286,0.167,0.275,0.381,0.208,0.083,0.180,0.000,0.993,1.000,0.985,0.423,0.433,0.380,0.433,0.477,0.540,0.446
rights-threat-surge,Rights-threat surge,Docket contains more laws or actions with high generated rights-risk signals.,mandatory-legislative-response,Mandatory legislative response cycles,synthetic_mechanism,mandatory_legislative_response,period,1,2400,2400,2693,293,1.000,0.891,0.860,0.690,0.006,0.638,0.665,0.894,0.734,0.116,0.610,1.000,0.751,0.609,2.441,0.610,0.533,0.803,0.216,0.479,0.583,0.573,0.336,0.626,0.670,0.152,0.615,0.948,0.601,0.138,0.128,0.182,0.620,0.108,0.053,0.452,0.182,0.670,0.508,0.134,0.303,0.480,0.264,0.330,0.427,0.520,0.390
rights-threat-surge,Rights-threat surge,Docket contains more laws or actions with high generated rights-risk signals.,mandatory-legislative-response,Mandatory legislative response cycles,synthetic_mechanism,mandatory_legislative_response,period,2,2400,2400,2707,307,1.000,0.887,0.855,0.688,0.007,0.685,0.683,0.904,0.768,0.131,0.656,1.000,0.740,0.606,2.425,0.608,0.531,0.778,0.218,0.482,0.585,0.575,0.332,0.623,0.649,0.149,0.615,0.948,0.425,0.230,0.193,0.267,0.455,0.194,0.094,0.243,0.000,0.916,0.984,0.403,0.317,0.478,0.309,0.343,0.431,0.528,0.404
rights-threat-surge,Rights-threat surge,Docket contains more laws or actions with high generated rights-risk signals.,mandatory-legislative-response,Mandatory legislative response cycles,synthetic_mechanism,mandatory_legislative_response,period,3,2400,2400,2706,306,1.000,0.887,0.863,0.688,0.007,0.656,0.643,0.871,0.779,0.167,0.618,1.000,0.745,0.608,2.428,0.605,0.531,0.777,0.217,0.480,0.582,0.571,0.338,0.623,0.645,0.158,0.615,0.948,0.369,0.271,0.204,0.300,0.406,0.188,0.101,0.183,0.000,0.989,1.000,0.764,0.317,0.479,0.309,0.343,0.430,0.527,0.404
rights-threat-surge,Rights-threat surge,Docket contains more laws or actions with high generated rights-risk signals.,mandatory-legislative-response,Mandatory legislative response cycles,synthetic_mechanism,mandatory_legislative_response,period,4,2400,2400,2705,305,1.000,0.887,0.860,0.690,0.007,0.638,0.660,0.892,0.790,0.152,0.595,1.000,0.742,0.604,2.428,0.607,0.531,0.778,0.214,0.485,0.583,0.574,0.331,0.623,0.647,0.152,0.615,0.948,0.380,0.272,0.199,0.275,0.410,0.200,0.098,0.180,0.000,0.993,1.000,0.939,0.317,0.479,0.309,0.343,0.430,0.528,0.404
emergency-docket-stress,Emergency docket stress,"Higher urgency and executive pressure, meant to stress emergency-review procedures.",current-federal-court,Current-style federal supreme court,court_variant,strong_form_court,period,1,2400,2400,94061,91661,1.000,0.026,0.640,0.604,0.931,0.743,0.000,0.025,0.367,0.604,0.725,0.000,0.703,0.516,2.436,0.559,0.496,0.452,0.514,0.324,0.520,0.431,0.376,0.594,0.495,0.524,0.643,0.774,0.412,0.294,0.116,0.339,0.413,0.157,0.036,0.306,0.056,0.859,0.613,0.504,0.307,0.685,0.448,0.378,0.412,0.440,0.453
emergency-docket-stress,Emergency docket stress,"Higher urgency and executive pressure, meant to stress emergency-review procedures.",current-federal-court,Current-style federal supreme court,court_variant,strong_form_court,period,2,2400,2400,94140,91740,1.000,0.025,0.642,0.607,0.929,0.730,0.000,0.026,0.379,0.589,0.720,0.000,0.694,0.512,2.416,0.556,0.494,0.444,0.512,0.326,0.519,0.432,0.373,0.593,0.480,0.524,0.643,0.774,0.230,0.416,0.176,0.440,0.238,0.254,0.069,0.095,0.000,1.000,1.000,0.994,0.311,0.684,0.461,0.381,0.412,0.442,0.456
emergency-docket-stress,Emergency docket stress,"Higher urgency and executive pressure, meant to stress emergency-review procedures.",current-federal-court,Current-style federal supreme court,court_variant,strong_form_court,period,3,2400,2400,94026,91626,1.000,0.026,0.640,0.604,0.931,0.743,0.000,0.027,0.353,0.612,0.734,0.000,0.698,0.512,2.436,0.561,0.495,0.443,0.514,0.324,0.519,0.433,0.375,0.593,0.478,0.524,0.643,0.774,0.236,0.398,0.190,0.430,0.220,0.255,0.079,0.084,0.000,1.000,1.000,1.000,0.311,0.685,0.461,0.382,0.412,0.442,0.456
emergency-docket-stress,Emergency docket stress,"Higher urgency and executive pressure, meant to stress emergency-review procedures.",current-federal-court,Current-style federal supreme court,court_variant,strong_form_court,period,4,2400,2400,94064,91664,1.000,0.026,0.643,0.611,0.927,0.721,0.000,0.024,0.368,0.601,0.707,0.000,0.710,0.515,2.406,0.556,0.497,0.445,0.510,0.334,0.520,0.431,0.375,0.593,0.482,0.524,0.643,0.773,0.238,0.415,0.178,0.433,0.215,0.263,0.077,0.084,0.000,1.000,1.000,1.000,0.311,0.685,0.461,0.382,0.412,0.442,0.457
emergency-docket-stress,Emergency docket stress,"Higher urgency and executive pressure, meant to stress emergency-review procedures.",eighteen-year-terms,Staggered 18-year nonrenewable terms,court_variant,strong_form_court,period,1,2400,2400,94061,91661,1.000,0.026,0.649,0.619,0.922,0.687,0.000,0.032,0.373,0.605,0.667,0.000,0.703,0.516,2.436,0.559,0.496,0.464,0.508,0.340,0.521,0.431,0.376,0.594,0.505,0.516,0.644,0.773,0.406,0.302,0.111,0.324,0.435,0.164,0.033,0.310,0.057,0.855,0.600,0.502,0.307,0.685,0.448,0.378,0.412,0.440,0.453
emergency-docket-stress,Emergency docket stress,"Higher urgency and executive pressure, meant to stress emergency-review procedures.",eighteen-year-terms,Staggered 18-year nonrenewable terms,court_variant,strong_form_court,period,2,2400,2400,94140,91740,1.000,0.025,0.650,0.624,0.920,0.680,0.000,0.043,0.396,0.604,0.666,0.000,0.694,0.512,2.416,0.556,0.494,0.456,0.506,0.343,0.521,0.432,0.373,0.593,0.490,0.516,0.644,0.773,0.258,0.397,0.177,0.426,0.257,0.253,0.077,0.093,0.000,1.000,1.000,0.993,0.317,0.684,0.480,0.387,0.414,0.445,0.462
emergency-docket-stress,Emergency docket stress,"Higher urgency and executive pressure, meant to stress emergency-review procedures.",eighteen-year-terms,Staggered 18-year nonrenewable terms,court_variant,strong_form_court,period,3,2400,2400,94026,91626,1.000,0.026,0.648,0.617,0.924,0.696,0.000,0.038,0.397,0.599,0.686,0.000,0.698,0.512,2.436,0.561,0.495,0.453,0.508,0.339,0.521,0.433,0.375,0.592,0.486,0.516,0.644,0.774,0.231,0.410,0.192,0.418,0.227,0.269,0.090,0.090,0.000,1.000,1.000,1.000,0.317,0.685,0.480,0.388,0.415,0.445,0.463
emergency-docket-stress,Emergency docket stress,"Higher urgency and executive pressure, meant to stress emergency-review procedures.",eighteen-year-terms,Staggered 18-year nonrenewable terms,court_variant,strong_form_court,period,4,2400,2400,94064,91664,1.000,0.026,0.652,0.626,0.918,0.669,0.000,0.032,0.382,0.602,0.652,0.000,0.710,0.515,2.406,0.556,0.497,0.457,0.505,0.348,0.521,0.431,0.375,0.593,0.490,0.516,0.644,0.773,0.239,0.406,0.167,0.428,0.230,0.246,0.074,0.100,0.000,1.000,1.000,1.000,0.318,0.685,0.480,0.388,0.414,0.445,0.463
emergency-docket-stress,Emergency docket stress,"Higher urgency and executive pressure, meant to stress emergency-review procedures.",fifteen-justice-commission,Fifteen-justice supermajority commission court,court_variant,strong_form_court,period,1,2400,2400,94071,91671,1.000,0.026,0.787,0.697,0.437,0.480,0.781,0.646,0.597,0.308,0.451,0.232,0.703,0.516,2.436,0.559,0.496,0.628,0.362,0.421,0.553,0.431,0.376,0.605,0.597,0.434,0.644,0.755,0.550,0.200,0.099,0.224,0.543,0.118,0.030,0.415,0.090,0.721,0.479,0.303,0.361,0.685,0.450,0.432,0.412,0.462,0.470
emergency-docket-stress,Emergency docket stress,"Higher urgency and executive pressure, meant to stress emergency-review procedures.",fifteen-justice-commission,Fifteen-justice supermajority commission court,court_variant,strong_form_court,period,2,2400,2400,94144,91744,1.000,0.025,0.789,0.702,0.432,0.474,0.754,0.668,0.589,0.322,0.453,0.244,0.694,0.512,2.416,0.556,0.494,0.616,0.359,0.423,0.553,0.432,0.373,0.603,0.580,0.433,0.644,0.755,0.353,0.322,0.160,0.324,0.383,0.207,0.078,0.212,0.000,0.990,0.982,0.827,0.373,0.684,0.490,0.443,0.415,0.468,0.482
emergency-docket-stress,Emergency docket stress,"Higher urgency and executive pressure, meant to stress emergency-review procedures.",fifteen-justice-commission,Fifteen-justice supermajority commission court,court_variant,strong_form_court,period,3,2400,2400,94042,91642,1.000,0.026,0.787,0.699,0.432,0.485,0.774,0.676,0.617,0.305,0.459,0.247,0.698,0.512,2.436,0.561,0.495,0.615,0.361,0.421,0.554,0.433,0.375,0.602,0.576,0.433,0.644,0.755,0.338,0.313,0.172,0.327,0.308,0.239,0.083,0.160,0.000,0.999,1.000,0.995,0.373,0.685,0.490,0.444,0.416,0.468,0.483
emergency-docket-stress,Emergency docket stress,"Higher urgency and executive pressure, meant to stress emergency-review procedures.",fifteen-justice-commission,Fifteen-justice supermajority commission court,court_variant,strong_form_court,period,4,2400,2400,94076,91676,1.000,0.026,0.789,0.703,0.430,0.468,0.762,0.675,0.614,0.327,0.445,0.248,0.710,0.515,2.406,0.556,0.497,0.616,0.359,0.425,0.554,0.431,0.375,0.603,0.578,0.434,0.644,0.755,0.334,0.333,0.175,0.332,0.331,0.231,0.080,0.156,0.000,0.999,1.000,0.999,0.373,0.685,0.490,0.444,0.416,0.469,0.483
emergency-docket-stress,Emergency docket stress,"Higher urgency and executive pressure, meant to stress emergency-review procedures.",supermajority-invalidation,Supermajority required to invalidate laws,court_variant,strong_form_court,period,1,2400,2400,94066,91666,1.000,0.026,0.790,0.686,0.451,0.521,0.746,0.626,0.524,0.328,0.502,0.232,0.703,0.516,2.436,0.559,0.496,0.598,0.369,0.407,0.545,0.431,0.376,0.602,0.587,0.444,0.643,0.760,0.553,0.186,0.104,0.235,0.548,0.117,0.036,0.411,0.086,0.739,0.503,0.306,0.307,0.685,0.448,0.378,0.412,0.501,0.463
emergency-docket-stress,Emergency docket stress,"Higher urgency and executive pressure, meant to stress emergency-review procedures.",supermajority-invalidation,Supermajority required to invalidate laws,court_variant,strong_form_court,period,2,2400,2400,94154,91754,1.000,0.025,0.791,0.691,0.447,0.516,0.747,0.619,0.530,0.324,0.498,0.244,0.694,0.512,2.416,0.556,0.494,0.587,0.366,0.409,0.545,0.432,0.373,0.601,0.570,0.443,0.643,0.759,0.331,0.318,0.190,0.335,0.365,0.225,0.091,0.191,0.000,0.996,0.992,0.857,0.311,0.684,0.461,0.382,0.412,0.503,0.467
emergency-docket-stress,Emergency docket stress,"Higher urgency and executive pressure, meant to stress emergency-review procedures.",supermajority-invalidation,Supermajority required to invalidate laws,court_variant,strong_form_court,period,3,2400,2400,94035,91635,1.000,0.026,0.789,0.688,0.448,0.530,0.759,0.646,0.539,0.336,0.513,0.246,0.698,0.512,2.436,0.561,0.495,0.586,0.369,0.406,0.545,0.433,0.375,0.601,0.566,0.443,0.643,0.760,0.319,0.340,0.182,0.349,0.329,0.236,0.085,0.155,0.000,0.999,1.000,0.999,0.312,0.685,0.462,0.382,0.413,0.503,0.467
emergency-docket-stress,Emergency docket stress,"Higher urgency and executive pressure, meant to stress emergency-review procedures.",supermajority-invalidation,Supermajority required to invalidate laws,court_variant,strong_form_court,period,4,2400,2400,94091,91691,1.000,0.026,0.791,0.691,0.445,0.513,0.737,0.618,0.523,0.323,0.495,0.248,0.710,0.515,2.406,0.556,0.497,0.588,0.366,0.412,0.546,0.431,0.375,0.601,0.568,0.443,0.643,0.759,0.328,0.329,0.177,0.327,0.308,0.238,0.082,0.141,0.000,0.999,1.000,1.000,0.312,0.685,0.461,0.382,0.412,0.503,0.467
emergency-docket-stress,Emergency docket stress,"Higher urgency and executive pressure, meant to stress emergency-review procedures.",strict-recusal-court,Strict recusal with substitute justices,court_variant,strong_form_court,period,1,2400,2400,94071,91671,1.000,0.026,0.789,0.699,0.428,0.472,0.755,0.706,0.664,0.310,0.445,0.232,0.703,0.516,2.436,0.559,0.496,0.649,0.359,0.422,0.561,0.431,0.376,0.601,0.603,0.432,0.643,0.758,0.585,0.175,0.090,0.203,0.596,0.094,0.038,0.426,0.098,0.693,0.444,0.268,0.360,0.685,0.450,0.431,0.412,0.496,0.476
emergency-docket-stress,Emergency docket stress,"Higher urgency and executive pressure, meant to stress emergency-review procedures.",strict-recusal-court,Strict recusal with substitute justices,court_variant,strong_form_court,period,2,2400,2400,94147,91747,1.000,0.025,0.791,0.703,0.424,0.465,0.736,0.706,0.658,0.290,0.445,0.244,0.694,0.512,2.416,0.556,0.494,0.636,0.356,0.424,0.561,0.432,0.373,0.599,0.585,0.431,0.643,0.758,0.368,0.304,0.153,0.309,0.397,0.200,0.069,0.205,0.000,0.983,0.968,0.774,0.372,0.684,0.491,0.442,0.415,0.502,0.488
emergency-docket-stress,Emergency docket stress,"Higher urgency and executive pressure, meant to stress emergency-review procedures.",strict-recusal-court,Strict recusal with substitute justices,court_variant,strong_form_court,period,3,2400,2400,94031,91631,1.000,0.026,0.788,0.700,0.425,0.482,0.755,0.709,0.651,0.274,0.461,0.246,0.698,0.512,2.436,0.561,0.495,0.634,0.358,0.422,0.561,0.433,0.375,0.599,0.579,0.432,0.643,0.758,0.340,0.321,0.178,0.305,0.329,0.233,0.083,0.148,0.000,0.998,0.999,0.995,0.372,0.685,0.491,0.443,0.416,0.502,0.488
emergency-docket-stress,Emergency docket stress,"Higher urgency and executive pressure, meant to stress emergency-review procedures.",strict-recusal-court,Strict recusal with substitute justices,court_variant,strong_form_court,period,4,2400,2400,94064,91664,1.000,0.026,0.790,0.702,0.423,0.469,0.732,0.701,0.655,0.292,0.446,0.248,0.710,0.515,2.406,0.556,0.497,0.635,0.357,0.425,0.561,0.431,0.375,0.599,0.580,0.432,0.643,0.758,0.335,0.325,0.166,0.320,0.325,0.231,0.083,0.153,0.000,0.998,1.000,0.999,0.372,0.685,0.491,0.443,0.416,0.503,0.488
emergency-docket-stress,Emergency docket stress,"Higher urgency and executive pressure, meant to stress emergency-review procedures.",reasoned-emergency-review,Reasoned emergency orders with merits follow-up,court_variant,strong_form_court,period,1,2400,2400,94191,91791,1.000,0.025,0.867,0.727,0.042,0.517,0.470,0.868,0.688,0.133,0.488,1.000,0.703,0.516,2.436,0.559,0.496,0.731,0.265,0.447,0.588,0.431,0.376,0.613,0.643,0.447,0.643,0.745,0.612,0.152,0.107,0.182,0.633,0.102,0.048,0.469,0.121,0.653,0.526,0.172,0.309,0.686,0.448,0.379,0.412,0.495,0.462
emergency-docket-stress,Emergency docket stress,"Higher urgency and executive pressure, meant to stress emergency-review procedures.",reasoned-emergency-review,Reasoned emergency orders with merits follow-up,court_variant,strong_form_court,period,2,2400,2400,94248,91848,1.000,0.025,0.866,0.731,0.043,0.518,0.475,0.879,0.686,0.127,0.496,1.000,0.694,0.512,2.416,0.556,0.494,0.715,0.263,0.449,0.588,0.432,0.373,0.611,0.625,0.447,0.643,0.745,0.431,0.240,0.193,0.251,0.453,0.197,0.089,0.285,0.001,0.954,0.982,0.531,0.319,0.684,0.480,0.389,0.414,0.500,0.472
emergency-docket-stress,Emergency docket stress,"Higher urgency and executive pressure, meant to stress emergency-review procedures.",reasoned-emergency-review,Reasoned emergency orders with merits follow-up,court_variant,strong_form_court,period,3,2400,2400,94168,91768,1.000,0.025,0.865,0.729,0.043,0.530,0.480,0.888,0.692,0.128,0.509,1.000,0.698,0.512,2.436,0.561,0.495,0.714,0.265,0.447,0.588,0.433,0.375,0.611,0.620,0.446,0.643,0.745,0.416,0.269,0.189,0.258,0.409,0.208,0.090,0.201,0.001,0.986,1.000,0.882,0.319,0.685,0.480,0.389,0.415,0.500,0.472
emergency-docket-stress,Emergency docket stress,"Higher urgency and executive pressure, meant to stress emergency-review procedures.",reasoned-emergency-review,Reasoned emergency orders with merits follow-up,court_variant,strong_form_court,period,4,2400,2400,94239,91839,1.000,0.025,0.866,0.731,0.043,0.515,0.474,0.884,0.708,0.122,0.494,1.000,0.710,0.515,2.406,0.556,0.497,0.714,0.264,0.450,0.588,0.431,0.375,0.611,0.621,0.447,0.643,0.745,0.421,0.284,0.166,0.248,0.390,0.218,0.085,0.201,0.001,0.989,1.000,0.989,0.319,0.685,0.480,0.389,0.415,0.500,0.473
emergency-docket-stress,Emergency docket stress,"Higher urgency and executive pressure, meant to stress emergency-review procedures.",panel-en-banc-review,Panel review with en banc safety valve,court_variant,strong_form_court,period,1,2400,2400,94078,91678,1.000,0.026,0.786,0.698,0.431,0.474,0.759,0.698,0.644,0.297,0.448,0.232,0.703,0.516,2.436,0.559,0.496,0.642,0.360,0.423,0.558,0.431,0.376,0.597,0.600,0.431,0.643,0.757,0.550,0.182,0.099,0.221,0.571,0.111,0.035,0.399,0.095,0.708,0.461,0.280,0.430,0.685,0.485,0.497,0.483,0.488,0.511
emergency-docket-stress,Emergency docket stress,"Higher urgency and executive pressure, meant to stress emergency-review procedures.",panel-en-banc-review,Panel review with en banc safety valve,court_variant,strong_form_court,period,2,2400,2400,94144,91744,1.000,0.025,0.787,0.704,0.427,0.466,0.754,0.697,0.633,0.286,0.444,0.244,0.694,0.512,2.416,0.556,0.494,0.630,0.357,0.424,0.558,0.432,0.373,0.595,0.583,0.430,0.643,0.757,0.372,0.319,0.155,0.301,0.376,0.212,0.075,0.195,0.000,0.991,0.982,0.816,0.442,0.684,0.524,0.508,0.485,0.493,0.523
emergency-docket-stress,Emergency docket stress,"Higher urgency and executive pressure, meant to stress emergency-review procedures.",panel-en-banc-review,Panel review with en banc safety valve,court_variant,strong_form_court,period,3,2400,2400,94034,91634,1.000,0.026,0.785,0.700,0.428,0.479,0.762,0.679,0.642,0.294,0.455,0.246,0.698,0.512,2.436,0.561,0.495,0.629,0.359,0.422,0.558,0.433,0.375,0.595,0.578,0.430,0.643,0.758,0.326,0.340,0.179,0.334,0.339,0.216,0.083,0.163,0.000,0.998,1.000,0.996,0.443,0.685,0.525,0.509,0.486,0.494,0.524
emergency-docket-stress,Emergency docket stress,"Higher urgency and executive pressure, meant to stress emergency-review procedures.",panel-en-banc-review,Panel review with en banc safety valve,court_variant,strong_form_court,period,4,2400,2400,94064,91664,1.000,0.026,0.787,0.703,0.426,0.468,0.751,0.673,0.632,0.293,0.442,0.248,0.710,0.515,2.406,0.556,0.497,0.630,0.358,0.426,0.559,0.431,0.375,0.595,0.579,0.431,0.643,0.757,0.335,0.315,0.180,0.314,0.339,0.220,0.096,0.140,0.000,0.998,1.000,0.999,0.443,0.685,0.526,0.510,0.487,0.494,0.525
emergency-docket-stress,Emergency docket stress,"Higher urgency and executive pressure, meant to stress emergency-review procedures.",dual-cross-checking-courts,Dual supreme courts with cross-checking invalidations,court_variant,strong_form_court,period,1,2400,2400,94453,92053,1.000,0.025,0.888,0.732,0.061,0.427,0.341,0.867,0.712,0.135,0.399,1.000,0.703,0.516,2.436,0.559,0.496,0.740,0.276,0.456,0.579,0.431,0.376,0.583,0.637,0.597,0.640,0.760,0.656,0.129,0.093,0.163,0.658,0.095,0.034,0.498,0.141,0.589,0.417,0.164,0.515,0.686,0.598,0.578,0.538,0.631,0.590
emergency-docket-stress,Emergency docket stress,"Higher urgency and executive pressure, meant to stress emergency-review procedures.",dual-cross-checking-courts,Dual supreme courts with cross-checking invalidations,court_variant,strong_form_court,period,2,2400,2400,94453,92053,1.000,0.025,0.887,0.736,0.063,0.433,0.344,0.868,0.727,0.124,0.409,1.000,0.694,0.512,2.416,0.556,0.494,0.721,0.275,0.456,0.579,0.432,0.373,0.581,0.620,0.596,0.639,0.760,0.488,0.220,0.155,0.227,0.501,0.175,0.082,0.293,0.002,0.888,0.924,0.476,0.528,0.684,0.639,0.590,0.541,0.637,0.602
emergency-docket-stress,Emergency docket stress,"Higher urgency and executive pressure, meant to stress emergency-review procedures.",dual-cross-checking-courts,Dual supreme courts with cross-checking invalidations,court_variant,strong_form_court,period,3,2400,2400,94451,92051,1.000,0.025,0.887,0.733,0.062,0.442,0.353,0.871,0.718,0.129,0.416,1.000,0.698,0.512,2.436,0.561,0.495,0.721,0.277,0.454,0.579,0.433,0.375,0.581,0.612,0.596,0.639,0.760,0.394,0.274,0.174,0.278,0.421,0.214,0.093,0.203,0.001,0.973,0.991,0.841,0.528,0.685,0.638,0.590,0.542,0.637,0.602
emergency-docket-stress,Emergency docket stress,"Higher urgency and executive pressure, meant to stress emergency-review procedures.",dual-cross-checking-courts,Dual supreme courts with cross-checking invalidations,court_variant,strong_form_court,period,4,2400,2400,94465,92065,1.000,0.025,0.888,0.736,0.063,0.427,0.340,0.868,0.709,0.129,0.398,1.000,0.710,0.515,2.406,0.556,0.497,0.721,0.275,0.458,0.579,0.431,0.375,0.581,0.612,0.596,0.639,0.760,0.375,0.273,0.171,0.288,0.396,0.223,0.088,0.211,0.001,0.983,0.995,0.973,0.528,0.685,0.638,0.590,0.542,0.637,0.603
emergency-docket-stress,Emergency docket stress,"Higher urgency and executive pressure, meant to stress emergency-review procedures.",constitutional-council,Pre-enactment constitutional council,court_variant,strong_form_court,period,1,2400,2400,94075,91675,1.000,0.026,0.842,0.702,0.413,0.431,0.613,0.743,0.716,0.278,0.401,0.232,0.703,0.516,2.436,0.559,0.496,0.678,0.350,0.429,0.566,0.431,0.376,0.589,0.599,0.662,0.642,0.764,0.573,0.163,0.098,0.218,0.571,0.097,0.032,0.437,0.107,0.655,0.390,0.260,0.434,0.685,0.494,0.499,0.478,0.569,0.527
emergency-docket-stress,Emergency docket stress,"Higher urgency and executive pressure, meant to stress emergency-review procedures.",constitutional-council,Pre-enactment constitutional council,court_variant,strong_form_court,period,2,2400,2400,94151,91751,1.000,0.025,0.843,0.706,0.411,0.432,0.601,0.737,0.718,0.268,0.405,0.244,0.694,0.512,2.416,0.556,0.494,0.663,0.348,0.430,0.566,0.432,0.373,0.586,0.580,0.661,0.642,0.764,0.385,0.283,0.163,0.306,0.385,0.203,0.078,0.242,0.000,0.967,0.938,0.744,0.454,0.684,0.558,0.518,0.484,0.579,0.547
emergency-docket-stress,Emergency docket stress,"Higher urgency and executive pressure, meant to stress emergency-review procedures.",constitutional-council,Pre-enactment constitutional council,court_variant,strong_form_court,period,3,2400,2400,94054,91654,1.000,0.026,0.842,0.704,0.411,0.442,0.618,0.743,0.740,0.272,0.413,0.246,0.698,0.512,2.436,0.561,0.495,0.662,0.350,0.428,0.567,0.433,0.375,0.586,0.574,0.661,0.642,0.765,0.338,0.325,0.173,0.321,0.351,0.228,0.081,0.158,0.000,0.997,0.999,0.985,0.454,0.685,0.558,0.518,0.484,0.580,0.548
emergency-docket-stress,Emergency docket stress,"Higher urgency and executive pressure, meant to stress emergency-review procedures.",constitutional-council,Pre-enactment constitutional council,court_variant,strong_form_court,period,4,2400,2400,94084,91684,1.000,0.026,0.844,0.706,0.410,0.434,0.607,0.739,0.726,0.276,0.402,0.248,0.710,0.515,2.406,0.556,0.497,0.663,0.349,0.430,0.567,0.431,0.375,0.586,0.575,0.661,0.642,0.765,0.344,0.314,0.165,0.310,0.336,0.223,0.068,0.169,0.000,0.998,1.000,0.999,0.454,0.685,0.558,0.519,0.484,0.580,0.548
emergency-docket-stress,Emergency docket stress,"Higher urgency and executive pressure, meant to stress emergency-review procedures.",legislative-override-court,Judicial review with delayed legislative override,court_variant,strong_form_court,period,1,2400,2400,94068,91668,1.000,0.026,0.773,0.690,0.443,0.504,0.785,0.647,0.588,0.329,0.473,0.232,0.703,0.516,2.436,0.559,0.496,0.618,0.368,0.418,0.553,0.431,0.376,0.600,0.592,0.433,0.643,0.762,0.573,0.174,0.105,0.209,0.564,0.104,0.036,0.386,0.090,0.724,0.483,0.284,0.309,0.685,0.449,0.379,0.412,0.523,0.467
emergency-docket-stress,Emergency docket stress,"Higher urgency and executive pressure, meant to stress emergency-review procedures.",legislative-override-court,Judicial review with delayed legislative override,court_variant,strong_form_court,period,2,2400,2400,94147,91747,1.000,0.025,0.773,0.695,0.439,0.504,0.794,0.667,0.589,0.308,0.480,0.244,0.694,0.512,2.416,0.556,0.494,0.606,0.366,0.417,0.553,0.432,0.373,0.598,0.574,0.433,0.643,0.762,0.364,0.305,0.163,0.315,0.357,0.219,0.078,0.201,0.000,0.994,0.988,0.810,0.319,0.684,0.483,0.389,0.415,0.528,0.478
emergency-docket-stress,Emergency docket stress,"Higher urgency and executive pressure, meant to stress emergency-review procedures.",legislative-override-court,Judicial review with delayed legislative override,court_variant,strong_form_court,period,3,2400,2400,94041,91641,1.000,0.026,0.771,0.690,0.440,0.516,0.789,0.656,0.569,0.311,0.502,0.246,0.698,0.512,2.436,0.561,0.495,0.605,0.368,0.415,0.553,0.433,0.375,0.598,0.569,0.433,0.643,0.762,0.325,0.327,0.185,0.326,0.333,0.212,0.091,0.161,0.000,0.999,1.000,0.997,0.320,0.685,0.483,0.390,0.415,0.528,0.478
emergency-docket-stress,Emergency docket stress,"Higher urgency and executive pressure, meant to stress emergency-review procedures.",legislative-override-court,Judicial review with delayed legislative override,court_variant,strong_form_court,period,4,2400,2400,94068,91668,1.000,0.026,0.773,0.695,0.438,0.499,0.785,0.667,0.566,0.313,0.472,0.248,0.710,0.515,2.406,0.556,0.497,0.607,0.366,0.421,0.554,0.431,0.375,0.598,0.571,0.433,0.643,0.762,0.315,0.333,0.188,0.353,0.316,0.257,0.093,0.162,0.000,0.999,1.000,0.999,0.320,0.685,0.483,0.390,0.415,0.528,0.478
emergency-docket-stress,Emergency docket stress,"Higher urgency and executive pressure, meant to stress emergency-review procedures.",accountability-retention-court,Retention-election accountability court,court_variant,strong_form_court,period,1,2400,2400,94073,91673,1.000,0.026,0.792,0.708,0.408,0.339,0.594,0.663,0.601,0.294,0.315,0.232,0.703,0.516,2.436,0.559,0.496,0.651,0.349,0.453,0.555,0.431,0.376,0.599,0.612,0.409,0.643,0.761,0.589,0.156,0.088,0.196,0.598,0.090,0.034,0.430,0.113,0.640,0.360,0.255,0.309,0.685,0.449,0.379,0.412,0.543,0.471
emergency-docket-stress,Emergency docket stress,"Higher urgency and executive pressure, meant to stress emergency-review procedures.",accountability-retention-court,Retention-election accountability court,court_variant,strong_form_court,period,2,2400,2400,94140,91740,1.000,0.025,0.790,0.712,0.407,0.352,0.593,0.669,0.595,0.294,0.325,0.244,0.694,0.512,2.416,0.556,0.494,0.634,0.347,0.451,0.555,0.432,0.373,0.595,0.593,0.409,0.643,0.762,0.400,0.277,0.155,0.290,0.405,0.198,0.071,0.243,0.000,0.955,0.912,0.732,0.335,0.684,0.532,0.404,0.420,0.557,0.497
emergency-docket-stress,Emergency docket stress,"Higher urgency and executive pressure, meant to stress emergency-review procedures.",accountability-retention-court,Retention-election accountability court,court_variant,strong_form_court,period,3,2400,2400,94035,91635,1.000,0.026,0.791,0.708,0.405,0.353,0.597,0.689,0.585,0.278,0.335,0.246,0.698,0.512,2.436,0.561,0.495,0.634,0.349,0.451,0.555,0.433,0.375,0.595,0.587,0.408,0.643,0.763,0.336,0.322,0.160,0.320,0.323,0.205,0.073,0.163,0.000,0.996,0.998,0.980,0.335,0.685,0.532,0.404,0.421,0.557,0.497
emergency-docket-stress,Emergency docket stress,"Higher urgency and executive pressure, meant to stress emergency-review procedures.",accountability-retention-court,Retention-election accountability court,court_variant,strong_form_court,period,4,2400,2400,94064,91664,1.000,0.026,0.791,0.712,0.403,0.339,0.598,0.652,0.574,0.278,0.314,0.248,0.710,0.515,2.406,0.556,0.497,0.636,0.349,0.456,0.557,0.431,0.375,0.594,0.588,0.407,0.643,0.762,0.314,0.335,0.173,0.325,0.329,0.218,0.077,0.145,0.000,0.998,1.000,0.996,0.335,0.685,0.532,0.404,0.421,0.557,0.498
emergency-docket-stress,Emergency docket stress,"Higher urgency and executive pressure, meant to stress emergency-review procedures.",independence-accountability-hybrid,Hybrid court balancing independence and accountability,court_variant,strong_form_court,period,1,2400,2400,94177,91777,1.000,0.025,0.898,0.732,0.038,0.440,0.370,0.869,0.716,0.123,0.410,1.000,0.703,0.516,2.436,0.559,0.496,0.749,0.252,0.456,0.581,0.431,0.376,0.591,0.653,0.433,0.641,0.758,0.648,0.125,0.097,0.159,0.665,0.090,0.038,0.498,0.146,0.575,0.429,0.150,0.454,0.686,0.483,0.521,0.481,0.643,0.543
emergency-docket-stress,Emergency docket stress,"Higher urgency and executive pressure, meant to stress emergency-review procedures.",independence-accountability-hybrid,Hybrid court balancing independence and accountability,court_variant,strong_form_court,period,2,2400,2400,94260,91860,1.000,0.025,0.897,0.736,0.039,0.445,0.376,0.877,0.739,0.123,0.422,1.000,0.694,0.512,2.416,0.556,0.494,0.730,0.252,0.456,0.581,0.432,0.373,0.589,0.635,0.432,0.640,0.758,0.462,0.247,0.154,0.249,0.487,0.175,0.079,0.289,0.002,0.865,0.927,0.454,0.466,0.684,0.523,0.532,0.483,0.648,0.555
emergency-docket-stress,Emergency docket stress,"Higher urgency and executive pressure, meant to stress emergency-review procedures.",independence-accountability-hybrid,Hybrid court balancing independence and accountability,court_variant,strong_form_court,period,3,2400,2400,94143,91743,1.000,0.025,0.894,0.733,0.039,0.462,0.391,0.869,0.735,0.114,0.437,1.000,0.698,0.512,2.436,0.561,0.495,0.728,0.255,0.454,0.582,0.433,0.375,0.588,0.628,0.433,0.640,0.759,0.385,0.285,0.179,0.281,0.409,0.209,0.087,0.226,0.001,0.964,0.987,0.834,0.466,0.685,0.524,0.533,0.484,0.649,0.556
emergency-docket-stress,Emergency docket stress,"Higher urgency and executive pressure, meant to stress emergency-review procedures.",independence-accountability-hybrid,Hybrid court balancing independence and accountability,court_variant,strong_form_court,period,4,2400,2400,94239,91839,1.000,0.025,0.897,0.735,0.039,0.440,0.367,0.885,0.727,0.109,0.415,1.000,0.710,0.515,2.406,0.556,0.497,0.729,0.252,0.457,0.581,0.431,0.375,0.589,0.628,0.433,0.640,0.758,0.418,0.261,0.171,0.272,0.390,0.202,0.090,0.225,0.001,0.978,0.998,0.973,0.467,0.685,0.524,0.534,0.485,0.650,0.556
emergency-docket-stress,Emergency docket stress,"Higher urgency and executive pressure, meant to stress emergency-review procedures.",weak-form-review,Weak-form review with legislative reply,synthetic_mechanism,weak_form_review,period,1,2400,2400,4288,1888,1.000,0.560,0.844,0.669,0.418,0.420,0.000,0.714,0.672,0.292,0.398,0.232,0.703,0.516,2.436,0.559,0.496,0.675,0.332,0.455,0.580,0.501,0.376,0.625,0.633,0.229,0.677,0.798,0.593,0.147,0.085,0.217,0.575,0.097,0.019,0.464,0.121,0.582,0.293,0.248,0.309,0.413,0.341,0.319,0.379,0.419,0.367
emergency-docket-stress,Emergency docket stress,"Higher urgency and executive pressure, meant to stress emergency-review procedures.",weak-form-review,Weak-form review with legislative reply,synthetic_mechanism,weak_form_review,period,2,2400,2400,4279,1879,1.000,0.561,0.845,0.674,0.414,0.417,0.000,0.716,0.674,0.279,0.398,0.244,0.694,0.512,2.416,0.556,0.494,0.660,0.329,0.455,0.581,0.502,0.373,0.624,0.616,0.226,0.677,0.798,0.378,0.279,0.148,0.324,0.415,0.178,0.061,0.241,0.000,0.903,0.842,0.707,0.320,0.411,0.376,0.330,0.382,0.424,0.378
emergency-docket-stress,Emergency docket stress,"Higher urgency and executive pressure, meant to stress emergency-review procedures.",weak-form-review,Weak-form review with legislative reply,synthetic_mechanism,weak_form_review,period,3,2400,2400,4276,1876,1.000,0.561,0.843,0.667,0.415,0.434,0.000,0.717,0.675,0.274,0.410,0.246,0.698,0.512,2.436,0.561,0.495,0.657,0.333,0.455,0.583,0.503,0.375,0.623,0.606,0.227,0.677,0.799,0.306,0.327,0.173,0.366,0.348,0.215,0.074,0.146,0.000,0.993,0.993,0.981,0.320,0.412,0.376,0.330,0.382,0.424,0.379
emergency-docket-stress,Emergency docket stress,"Higher urgency and executive pressure, meant to stress emergency-review procedures.",weak-form-review,Weak-form review with legislative reply,synthetic_mechanism,weak_form_review,period,4,2400,2400,4320,1920,1.000,0.556,0.846,0.674,0.411,0.411,0.000,0.714,0.681,0.287,0.386,0.248,0.710,0.515,2.406,0.556,0.497,0.660,0.328,0.459,0.581,0.500,0.375,0.624,0.609,0.227,0.677,0.798,0.312,0.323,0.175,0.353,0.331,0.220,0.076,0.158,0.000,0.996,0.998,0.997,0.320,0.413,0.376,0.330,0.383,0.425,0.379
emergency-docket-stress,Emergency docket stress,"Higher urgency and executive pressure, meant to stress emergency-review procedures.",suspended-declaration-review,Suspended declarations of invalidity,synthetic_mechanism,suspended_declaration,period,1,2400,2400,4544,2144,1.000,0.528,0.912,0.708,0.040,0.459,0.464,0.865,0.689,0.129,0.433,1.000,0.703,0.516,2.436,0.559,0.496,0.755,0.269,0.519,0.631,0.495,0.376,0.624,0.673,0.245,0.623,0.862,0.651,0.133,0.097,0.155,0.671,0.086,0.043,0.473,0.130,0.628,0.488,0.154,0.326,0.468,0.342,0.349,0.391,0.467,0.393
emergency-docket-stress,Emergency docket stress,"Higher urgency and executive pressure, meant to stress emergency-review procedures.",suspended-declaration-review,Suspended declarations of invalidity,synthetic_mechanism,suspended_declaration,period,2,2400,2400,4546,2146,1.000,0.528,0.913,0.711,0.041,0.457,0.463,0.869,0.685,0.116,0.430,1.000,0.694,0.512,2.416,0.556,0.494,0.738,0.268,0.518,0.630,0.495,0.373,0.622,0.655,0.245,0.622,0.863,0.478,0.225,0.167,0.226,0.463,0.197,0.082,0.290,0.001,0.929,0.969,0.460,0.339,0.467,0.383,0.361,0.395,0.473,0.406
emergency-docket-stress,Emergency docket stress,"Higher urgency and executive pressure, meant to stress emergency-review procedures.",suspended-declaration-review,Suspended declarations of invalidity,synthetic_mechanism,suspended_declaration,period,3,2400,2400,4523,2123,1.000,0.531,0.913,0.710,0.041,0.460,0.468,0.867,0.675,0.128,0.438,1.000,0.698,0.512,2.436,0.561,0.495,0.738,0.269,0.517,0.631,0.497,0.375,0.622,0.649,0.243,0.622,0.863,0.439,0.254,0.170,0.232,0.412,0.223,0.089,0.209,0.001,0.983,0.998,0.830,0.339,0.467,0.383,0.361,0.395,0.474,0.407
emergency-docket-stress,Emergency docket stress,"Higher urgency and executive pressure, meant to stress emergency-review procedures.",suspended-declaration-review,Suspended declarations of invalidity,synthetic_mechanism,suspended_declaration,period,4,2400,2400,4551,2151,1.000,0.527,0.914,0.714,0.041,0.452,0.457,0.864,0.665,0.113,0.424,1.000,0.710,0.515,2.406,0.556,0.497,0.738,0.268,0.520,0.629,0.495,0.375,0.622,0.650,0.246,0.622,0.863,0.405,0.263,0.182,0.267,0.400,0.212,0.098,0.212,0.001,0.987,1.000,0.975,0.339,0.468,0.384,0.362,0.395,0.474,0.407
emergency-docket-stress,Emergency docket stress,"Higher urgency and executive pressure, meant to stress emergency-review procedures.",override-clause-review,Strong-form review with explicit override clause,synthetic_mechanism,legislative_override_clause,period,1,2400,2400,19532,17132,1.000,0.123,0.789,0.695,0.434,0.481,0.761,0.685,0.623,0.301,0.456,0.232,0.703,0.516,2.436,0.559,0.496,0.645,0.349,0.420,0.556,0.443,0.376,0.610,0.601,0.374,0.631,0.901,0.559,0.179,0.102,0.218,0.554,0.095,0.033,0.421,0.098,0.691,0.447,0.271,0.309,0.577,0.389,0.355,0.398,0.491,0.425
emergency-docket-stress,Emergency docket stress,"Higher urgency and executive pressure, meant to stress emergency-review procedures.",override-clause-review,Strong-form review with explicit override clause,synthetic_mechanism,legislative_override_clause,period,2,2400,2400,19557,17157,1.000,0.123,0.790,0.701,0.430,0.476,0.759,0.688,0.620,0.311,0.453,0.244,0.694,0.512,2.416,0.556,0.494,0.633,0.345,0.421,0.557,0.444,0.373,0.608,0.583,0.372,0.631,0.901,0.360,0.310,0.170,0.317,0.370,0.208,0.077,0.197,0.000,0.984,0.974,0.781,0.320,0.575,0.424,0.365,0.401,0.497,0.436
emergency-docket-stress,Emergency docket stress,"Higher urgency and executive pressure, meant to stress emergency-review procedures.",override-clause-review,Strong-form review with explicit override clause,synthetic_mechanism,legislative_override_clause,period,3,2400,2400,19547,17147,1.000,0.123,0.789,0.698,0.429,0.481,0.773,0.683,0.621,0.296,0.459,0.246,0.698,0.512,2.436,0.561,0.495,0.633,0.346,0.421,0.557,0.444,0.375,0.608,0.579,0.371,0.631,0.902,0.344,0.327,0.174,0.331,0.338,0.216,0.086,0.162,0.000,0.998,1.000,0.987,0.320,0.576,0.424,0.366,0.401,0.497,0.437
emergency-docket-stress,Emergency docket stress,"Higher urgency and executive pressure, meant to stress emergency-review procedures.",override-clause-review,Strong-form review with explicit override clause,synthetic_mechanism,legislative_override_clause,period,4,2400,2400,19562,17162,1.000,0.123,0.790,0.701,0.429,0.473,0.755,0.688,0.615,0.309,0.445,0.248,0.710,0.515,2.406,0.556,0.497,0.633,0.346,0.424,0.557,0.443,0.375,0.608,0.580,0.373,0.631,0.902,0.316,0.334,0.185,0.336,0.340,0.219,0.082,0.161,0.000,0.999,1.000,0.998,0.320,0.576,0.424,0.366,0.401,0.497,0.437
emergency-docket-stress,Emergency docket stress,"Higher urgency and executive pressure, meant to stress emergency-review procedures.",pre-enactment-review,Pre-enactment review before laws take effect,synthetic_mechanism,pre_enactment_review,period,1,2400,2400,4656,2256,1.000,0.515,0.847,0.732,0.412,0.414,0.585,0.740,0.717,0.279,0.386,0.232,0.703,0.516,2.436,0.559,0.496,0.681,0.348,0.433,0.564,0.492,0.376,0.605,0.610,0.550,0.579,0.871,0.604,0.150,0.089,0.188,0.603,0.098,0.027,0.449,0.113,0.640,0.371,0.236,0.434,0.429,0.388,0.443,0.438,0.531,0.441
emergency-docket-stress,Emergency docket stress,"Higher urgency and executive pressure, meant to stress emergency-review procedures.",pre-enactment-review,Pre-enactment review before laws take effect,synthetic_mechanism,pre_enactment_review,period,2,2400,2400,4639,2239,1.000,0.517,0.848,0.737,0.409,0.415,0.586,0.742,0.717,0.293,0.389,0.244,0.694,0.512,2.416,0.556,0.494,0.666,0.346,0.434,0.564,0.493,0.373,0.601,0.592,0.549,0.579,0.872,0.404,0.276,0.154,0.285,0.411,0.195,0.071,0.240,0.000,0.961,0.928,0.708,0.454,0.426,0.452,0.462,0.448,0.541,0.462
emergency-docket-stress,Emergency docket stress,"Higher urgency and executive pressure, meant to stress emergency-review procedures.",pre-enactment-review,Pre-enactment review before laws take effect,synthetic_mechanism,pre_enactment_review,period,3,2400,2400,4645,2245,1.000,0.517,0.849,0.737,0.407,0.412,0.598,0.732,0.717,0.273,0.388,0.246,0.698,0.512,2.436,0.561,0.495,0.667,0.347,0.434,0.565,0.493,0.375,0.601,0.587,0.550,0.579,0.872,0.344,0.323,0.166,0.331,0.355,0.205,0.070,0.163,0.000,0.997,0.998,0.980,0.454,0.428,0.452,0.462,0.449,0.542,0.462
emergency-docket-stress,Emergency docket stress,"Higher urgency and executive pressure, meant to stress emergency-review procedures.",pre-enactment-review,Pre-enactment review before laws take effect,synthetic_mechanism,pre_enactment_review,period,4,2400,2400,4657,2257,1.000,0.515,0.850,0.737,0.406,0.405,0.579,0.752,0.719,0.283,0.374,0.248,0.710,0.515,2.406,0.556,0.497,0.667,0.346,0.436,0.565,0.492,0.375,0.601,0.587,0.550,0.579,0.872,0.334,0.339,0.165,0.340,0.337,0.232,0.074,0.162,0.000,0.998,1.000,0.999,0.454,0.428,0.452,0.462,0.448,0.541,0.462
emergency-docket-stress,Emergency docket stress,"Higher urgency and executive pressure, meant to stress emergency-review procedures.",abstract-review-tribunal,Abstract review tribunal,synthetic_mechanism,abstract_review,period,1,2400,2400,4675,2275,1.000,0.513,0.881,0.758,0.066,0.480,0.420,0.841,0.705,0.136,0.451,1.000,0.703,0.516,2.436,0.559,0.496,0.735,0.266,0.452,0.582,0.491,0.376,0.611,0.651,0.356,0.564,0.932,0.653,0.128,0.104,0.156,0.655,0.096,0.040,0.491,0.128,0.621,0.479,0.157,0.431,0.463,0.377,0.449,0.445,0.542,0.448
emergency-docket-stress,Emergency docket stress,"Higher urgency and executive pressure, meant to stress emergency-review procedures.",abstract-review-tribunal,Abstract review tribunal,synthetic_mechanism,abstract_review,period,2,2400,2400,4686,2286,1.000,0.512,0.879,0.760,0.068,0.489,0.428,0.857,0.690,0.125,0.469,1.000,0.694,0.512,2.416,0.556,0.494,0.717,0.266,0.451,0.582,0.492,0.373,0.609,0.632,0.356,0.563,0.932,0.465,0.234,0.156,0.239,0.488,0.173,0.078,0.278,0.001,0.926,0.965,0.478,0.443,0.461,0.417,0.460,0.450,0.548,0.460
emergency-docket-stress,Emergency docket stress,"Higher urgency and executive pressure, meant to stress emergency-review procedures.",abstract-review-tribunal,Abstract review tribunal,synthetic_mechanism,abstract_review,period,3,2400,2400,4664,2264,1.000,0.515,0.878,0.758,0.067,0.504,0.430,0.867,0.692,0.127,0.480,1.000,0.698,0.512,2.436,0.561,0.495,0.717,0.268,0.449,0.582,0.493,0.375,0.608,0.625,0.355,0.563,0.933,0.398,0.276,0.178,0.280,0.409,0.225,0.094,0.200,0.001,0.979,0.992,0.852,0.443,0.462,0.416,0.461,0.452,0.548,0.461
emergency-docket-stress,Emergency docket stress,"Higher urgency and executive pressure, meant to stress emergency-review procedures.",abstract-review-tribunal,Abstract review tribunal,synthetic_mechanism,abstract_review,period,4,2400,2400,4676,2276,1.000,0.513,0.880,0.758,0.069,0.494,0.411,0.862,0.712,0.129,0.466,1.000,0.710,0.515,2.406,0.556,0.497,0.716,0.266,0.451,0.581,0.492,0.375,0.608,0.625,0.356,0.563,0.932,0.405,0.265,0.186,0.270,0.403,0.212,0.091,0.195,0.001,0.984,0.999,0.973,0.444,0.462,0.418,0.462,0.453,0.549,0.462
emergency-docket-stress,Emergency docket stress,"Higher urgency and executive pressure, meant to stress emergency-review procedures.",ombudsman-triggered-review,Ombudsman-triggered constitutional review,synthetic_mechanism,ombudsman_triggered_review,period,1,2400,2400,238965,236565,1.000,0.010,0.786,0.692,0.436,0.514,0.810,0.721,0.674,0.307,0.479,0.232,0.703,0.516,2.436,0.559,0.496,0.650,0.364,0.415,0.564,0.430,0.376,0.595,0.588,0.522,0.603,0.813,0.556,0.177,0.105,0.218,0.555,0.115,0.036,0.409,0.090,0.720,0.482,0.284,0.329,0.870,0.486,0.440,0.434,0.496,0.516
emergency-docket-stress,Emergency docket stress,"Higher urgency and executive pressure, meant to stress emergency-review procedures.",ombudsman-triggered-review,Ombudsman-triggered constitutional review,synthetic_mechanism,ombudsman_triggered_review,period,2,2400,2400,239104,236704,1.000,0.010,0.788,0.698,0.430,0.506,0.799,0.704,0.662,0.289,0.479,0.244,0.694,0.512,2.416,0.556,0.494,0.639,0.361,0.419,0.564,0.430,0.373,0.593,0.571,0.522,0.603,0.813,0.352,0.324,0.168,0.308,0.372,0.210,0.073,0.196,0.000,0.991,0.983,0.812,0.342,0.869,0.528,0.453,0.438,0.502,0.529
emergency-docket-stress,Emergency docket stress,"Higher urgency and executive pressure, meant to stress emergency-review procedures.",ombudsman-triggered-review,Ombudsman-triggered constitutional review,synthetic_mechanism,ombudsman_triggered_review,period,3,2400,2400,238379,235979,1.000,0.010,0.786,0.695,0.431,0.516,0.811,0.696,0.697,0.294,0.492,0.246,0.698,0.512,2.436,0.561,0.495,0.638,0.363,0.416,0.564,0.431,0.375,0.593,0.567,0.522,0.603,0.813,0.337,0.321,0.180,0.339,0.344,0.220,0.083,0.156,0.000,0.998,1.000,0.996,0.342,0.870,0.528,0.453,0.438,0.502,0.530
emergency-docket-stress,Emergency docket stress,"Higher urgency and executive pressure, meant to stress emergency-review procedures.",ombudsman-triggered-review,Ombudsman-triggered constitutional review,synthetic_mechanism,ombudsman_triggered_review,period,4,2400,2400,238803,236403,1.000,0.010,0.789,0.697,0.429,0.501,0.780,0.711,0.669,0.292,0.474,0.248,0.710,0.515,2.406,0.556,0.497,0.638,0.361,0.420,0.564,0.430,0.375,0.593,0.568,0.522,0.603,0.813,0.333,0.330,0.183,0.328,0.349,0.229,0.091,0.152,0.000,0.998,1.000,0.999,0.342,0.870,0.529,0.453,0.438,0.503,0.530
emergency-docket-stress,Emergency docket stress,"Higher urgency and executive pressure, meant to stress emergency-review procedures.",constitutional-public-defender,Constitutional public defender access model,synthetic_mechanism,constitutional_public_defender,period,1,2400,2400,262303,259903,1.000,0.009,0.866,0.765,0.042,0.514,0.484,0.852,0.689,0.118,0.481,1.000,0.703,0.516,2.436,0.559,0.496,0.736,0.265,0.453,0.586,0.429,0.376,0.602,0.644,0.515,0.631,0.771,0.640,0.135,0.110,0.150,0.638,0.117,0.048,0.468,0.122,0.657,0.534,0.165,0.330,0.850,0.489,0.437,0.433,0.530,0.518
emergency-docket-stress,Emergency docket stress,"Higher urgency and executive pressure, meant to stress emergency-review procedures.",constitutional-public-defender,Constitutional public defender access model,synthetic_mechanism,constitutional_public_defender,period,2,2400,2400,262597,260197,1.000,0.009,0.864,0.768,0.044,0.515,0.484,0.855,0.675,0.123,0.488,1.000,0.694,0.512,2.416,0.556,0.494,0.718,0.264,0.453,0.585,0.430,0.373,0.600,0.626,0.514,0.631,0.772,0.439,0.249,0.179,0.245,0.457,0.204,0.093,0.270,0.001,0.950,0.977,0.503,0.343,0.848,0.531,0.450,0.436,0.536,0.531
emergency-docket-stress,Emergency docket stress,"Higher urgency and executive pressure, meant to stress emergency-review procedures.",constitutional-public-defender,Constitutional public defender access model,synthetic_mechanism,constitutional_public_defender,period,3,2400,2400,261746,259346,1.000,0.009,0.865,0.767,0.043,0.519,0.487,0.851,0.690,0.122,0.494,1.000,0.698,0.512,2.436,0.561,0.495,0.718,0.265,0.452,0.585,0.431,0.375,0.600,0.621,0.514,0.631,0.772,0.372,0.275,0.206,0.283,0.410,0.228,0.107,0.199,0.001,0.983,0.995,0.874,0.343,0.849,0.531,0.450,0.437,0.537,0.532
emergency-docket-stress,Emergency docket stress,"Higher urgency and executive pressure, meant to stress emergency-review procedures.",constitutional-public-defender,Constitutional public defender access model,synthetic_mechanism,constitutional_public_defender,period,4,2400,2400,262436,260036,1.000,0.009,0.867,0.768,0.044,0.510,0.473,0.862,0.682,0.119,0.479,1.000,0.710,0.515,2.406,0.556,0.497,0.718,0.263,0.456,0.585,0.430,0.375,0.600,0.622,0.514,0.631,0.771,0.394,0.264,0.199,0.278,0.400,0.228,0.087,0.197,0.001,0.988,1.000,0.981,0.343,0.849,0.531,0.450,0.437,0.537,0.532
emergency-docket-stress,Emergency docket stress,"Higher urgency and executive pressure, meant to stress emergency-review procedures.",rights-impact-statement-review,Rights-impact statements before review,synthetic_mechanism,rights_impact_statement,period,1,2400,2400,4638,2238,1.000,0.517,0.852,0.775,0.402,0.376,0.531,0.747,0.729,0.275,0.351,0.232,0.703,0.516,2.436,0.559,0.496,0.701,0.343,0.439,0.566,0.492,0.376,0.604,0.633,0.541,0.698,0.747,0.602,0.152,0.089,0.188,0.613,0.081,0.029,0.445,0.124,0.607,0.327,0.226,0.407,0.445,0.387,0.420,0.440,0.545,0.440
emergency-docket-stress,Emergency docket stress,"Higher urgency and executive pressure, meant to stress emergency-review procedures.",rights-impact-statement-review,Rights-impact statements before review,synthetic_mechanism,rights_impact_statement,period,2,2400,2400,4613,2213,1.000,0.520,0.851,0.779,0.401,0.386,0.573,0.742,0.737,0.293,0.362,0.244,0.694,0.512,2.416,0.556,0.494,0.684,0.342,0.440,0.567,0.494,0.373,0.600,0.615,0.540,0.698,0.748,0.419,0.280,0.140,0.278,0.437,0.177,0.057,0.248,0.000,0.930,0.876,0.672,0.428,0.442,0.453,0.439,0.450,0.555,0.461
emergency-docket-stress,Emergency docket stress,"Higher urgency and executive pressure, meant to stress emergency-review procedures.",rights-impact-statement-review,Rights-impact statements before review,synthetic_mechanism,rights_impact_statement,period,3,2400,2400,4612,2212,1.000,0.520,0.849,0.774,0.402,0.404,0.563,0.752,0.746,0.267,0.380,0.246,0.698,0.512,2.436,0.561,0.495,0.682,0.345,0.435,0.567,0.494,0.375,0.600,0.606,0.540,0.698,0.748,0.341,0.315,0.169,0.310,0.350,0.207,0.079,0.167,0.000,0.995,0.996,0.957,0.428,0.444,0.453,0.439,0.451,0.555,0.462
emergency-docket-stress,Emergency docket stress,"Higher urgency and executive pressure, meant to stress emergency-review procedures.",rights-impact-statement-review,Rights-impact statements before review,synthetic_mechanism,rights_impact_statement,period,4,2400,2400,4625,2225,1.000,0.519,0.851,0.777,0.400,0.390,0.538,0.750,0.739,0.284,0.365,0.248,0.710,0.515,2.406,0.556,0.497,0.683,0.343,0.439,0.567,0.493,0.375,0.600,0.607,0.540,0.698,0.748,0.350,0.311,0.173,0.320,0.349,0.216,0.076,0.161,0.000,0.997,1.000,0.998,0.428,0.444,0.453,0.440,0.450,0.556,0.462
emergency-docket-stress,Emergency docket stress,"Higher urgency and executive pressure, meant to stress emergency-review procedures.",mandatory-legislative-response,Mandatory legislative response cycles,synthetic_mechanism,mandatory_legislative_response,period,1,2400,2400,4634,2234,1.000,0.518,0.906,0.712,0.035,0.380,0.393,0.877,0.722,0.108,0.353,1.000,0.703,0.516,2.436,0.559,0.496,0.784,0.215,0.475,0.585,0.493,0.376,0.623,0.670,0.263,0.615,0.941,0.674,0.095,0.106,0.136,0.674,0.087,0.041,0.529,0.181,0.502,0.376,0.101,0.309,0.492,0.342,0.337,0.392,0.530,0.405
emergency-docket-stress,Emergency docket stress,"Higher urgency and executive pressure, meant to stress emergency-review procedures.",mandatory-legislative-response,Mandatory legislative response cycles,synthetic_mechanism,mandatory_legislative_response,period,2,2400,2400,4612,2212,1.000,0.520,0.906,0.717,0.036,0.378,0.389,0.880,0.722,0.108,0.354,1.000,0.694,0.512,2.416,0.556,0.494,0.762,0.214,0.476,0.584,0.494,0.373,0.621,0.654,0.263,0.614,0.941,0.508,0.186,0.154,0.213,0.527,0.164,0.079,0.318,0.005,0.728,0.865,0.282,0.322,0.490,0.386,0.349,0.396,0.536,0.418
emergency-docket-stress,Emergency docket stress,"Higher urgency and executive pressure, meant to stress emergency-review procedures.",mandatory-legislative-response,Mandatory legislative response cycles,synthetic_mechanism,mandatory_legislative_response,period,3,2400,2400,4609,2209,1.000,0.521,0.904,0.713,0.036,0.393,0.404,0.875,0.719,0.105,0.369,1.000,0.698,0.512,2.436,0.561,0.495,0.760,0.216,0.473,0.585,0.494,0.375,0.620,0.644,0.261,0.614,0.942,0.414,0.256,0.180,0.245,0.429,0.215,0.100,0.225,0.001,0.894,0.972,0.606,0.323,0.491,0.386,0.350,0.397,0.537,0.419
emergency-docket-stress,Emergency docket stress,"Higher urgency and executive pressure, meant to stress emergency-review procedures.",mandatory-legislative-response,Mandatory legislative response cycles,synthetic_mechanism,mandatory_legislative_response,period,4,2400,2400,4635,2235,1.000,0.518,0.904,0.717,0.036,0.378,0.387,0.877,0.725,0.112,0.353,1.000,0.710,0.515,2.406,0.556,0.497,0.759,0.218,0.476,0.585,0.493,0.375,0.620,0.643,0.265,0.614,0.942,0.397,0.272,0.174,0.242,0.411,0.186,0.088,0.211,0.001,0.957,0.987,0.856,0.323,0.492,0.386,0.350,0.396,0.537,0.419
low-trust-conflict,Low-trust conflict,Lower public trust and higher legislature-court conflict.,current-federal-court,Current-style federal supreme court,court_variant,strong_form_court,period,1,2400,2400,100007,97607,1.000,0.024,0.779,0.672,0.370,0.711,0.514,0.028,0.345,0.553,0.701,0.000,0.802,0.624,2.451,0.623,0.574,0.523,0.362,0.391,0.488,0.422,0.357,0.587,0.553,0.534,0.627,0.800,0.429,0.265,0.125,0.301,0.444,0.161,0.047,0.280,0.032,0.961,0.711,0.405,0.305,0.706,0.411,0.381,0.441,0.437,0.453
low-trust-conflict,Low-trust conflict,Lower public trust and higher legislature-court conflict.,current-federal-court,Current-style federal supreme court,court_variant,strong_form_court,period,2,2400,2400,100145,97745,1.000,0.024,0.779,0.678,0.373,0.706,0.512,0.030,0.346,0.567,0.695,0.000,0.792,0.622,2.424,0.615,0.569,0.518,0.361,0.393,0.488,0.421,0.356,0.586,0.543,0.533,0.627,0.800,0.308,0.334,0.185,0.367,0.308,0.233,0.081,0.141,0.000,0.997,1.000,0.942,0.309,0.703,0.424,0.384,0.441,0.439,0.457
low-trust-conflict,Low-trust conflict,Lower public trust and higher legislature-court conflict.,current-federal-court,Current-style federal supreme court,court_variant,strong_form_court,period,3,2400,2400,100052,97652,1.000,0.024,0.783,0.680,0.368,0.716,0.486,0.023,0.371,0.548,0.697,0.000,0.797,0.622,2.453,0.618,0.568,0.520,0.358,0.396,0.488,0.421,0.358,0.587,0.544,0.534,0.627,0.799,0.317,0.338,0.169,0.370,0.317,0.230,0.078,0.142,0.000,0.997,1.000,0.999,0.309,0.705,0.424,0.384,0.442,0.439,0.457
low-trust-conflict,Low-trust conflict,Lower public trust and higher legislature-court conflict.,current-federal-court,Current-style federal supreme court,court_variant,strong_form_court,period,4,2400,2400,99927,97527,1.000,0.024,0.780,0.675,0.380,0.727,0.482,0.024,0.372,0.541,0.712,0.000,0.801,0.620,2.444,0.622,0.572,0.516,0.363,0.393,0.487,0.421,0.359,0.586,0.541,0.533,0.627,0.800,0.303,0.347,0.165,0.372,0.315,0.219,0.070,0.142,0.000,0.997,1.000,0.999,0.309,0.705,0.425,0.384,0.441,0.439,0.457
low-trust-conflict,Low-trust conflict,Lower public trust and higher legislature-court conflict.,eighteen-year-terms,Staggered 18-year nonrenewable terms,court_variant,strong_form_court,period,1,2400,2400,100129,97729,1.000,0.024,0.791,0.681,0.358,0.675,0.473,0.037,0.379,0.552,0.665,0.000,0.802,0.624,2.451,0.623,0.574,0.534,0.354,0.398,0.488,0.422,0.357,0.588,0.560,0.526,0.628,0.799,0.455,0.265,0.127,0.293,0.465,0.145,0.050,0.293,0.036,0.955,0.694,0.385,0.305,0.706,0.411,0.381,0.441,0.437,0.453
low-trust-conflict,Low-trust conflict,Lower public trust and higher legislature-court conflict.,eighteen-year-terms,Staggered 18-year nonrenewable terms,court_variant,strong_form_court,period,2,2400,2400,100272,97872,1.000,0.024,0.789,0.687,0.360,0.671,0.476,0.027,0.373,0.591,0.658,0.000,0.792,0.622,2.424,0.615,0.569,0.529,0.354,0.401,0.488,0.421,0.356,0.586,0.549,0.524,0.627,0.799,0.300,0.340,0.174,0.371,0.309,0.228,0.078,0.143,0.000,0.997,1.000,0.934,0.315,0.703,0.443,0.390,0.443,0.442,0.463
low-trust-conflict,Low-trust conflict,Lower public trust and higher legislature-court conflict.,eighteen-year-terms,Staggered 18-year nonrenewable terms,court_variant,strong_form_court,period,3,2400,2400,99989,97589,1.000,0.024,0.791,0.688,0.364,0.646,0.465,0.039,0.380,0.537,0.623,0.000,0.797,0.622,2.453,0.618,0.568,0.529,0.353,0.404,0.488,0.421,0.358,0.586,0.550,0.525,0.627,0.799,0.308,0.335,0.184,0.357,0.315,0.210,0.082,0.125,0.000,0.997,1.000,0.999,0.315,0.705,0.444,0.390,0.444,0.442,0.463
low-trust-conflict,Low-trust conflict,Lower public trust and higher legislature-court conflict.,eighteen-year-terms,Staggered 18-year nonrenewable terms,court_variant,strong_form_court,period,4,2400,2400,100027,97627,1.000,0.024,0.790,0.684,0.365,0.679,0.464,0.034,0.376,0.576,0.657,0.000,0.801,0.620,2.444,0.622,0.572,0.527,0.356,0.402,0.488,0.421,0.359,0.586,0.548,0.525,0.627,0.800,0.297,0.341,0.195,0.377,0.305,0.234,0.093,0.130,0.000,0.997,1.000,0.999,0.315,0.705,0.443,0.390,0.443,0.442,0.463
low-trust-conflict,Low-trust conflict,Lower public trust and higher legislature-court conflict.,fifteen-justice-commission,Fifteen-justice supermajority commission court,court_variant,strong_form_court,period,1,2400,2400,103026,100626,1.000,0.023,0.871,0.728,0.066,0.494,0.458,0.670,0.606,0.316,0.488,0.271,0.802,0.624,2.451,0.623,0.574,0.646,0.273,0.440,0.516,0.422,0.357,0.593,0.618,0.442,0.628,0.789,0.533,0.203,0.113,0.238,0.535,0.135,0.045,0.358,0.053,0.910,0.637,0.262,0.355,0.707,0.393,0.433,0.446,0.454,0.466
low-trust-conflict,Low-trust conflict,Lower public trust and higher legislature-court conflict.,fifteen-justice-commission,Fifteen-justice supermajority commission court,court_variant,strong_form_court,period,2,2400,2400,103189,100789,1.000,0.023,0.874,0.733,0.065,0.441,0.448,0.615,0.596,0.286,0.422,0.257,0.792,0.622,2.424,0.615,0.569,0.640,0.270,0.445,0.516,0.421,0.356,0.591,0.607,0.441,0.627,0.789,0.412,0.261,0.158,0.279,0.400,0.201,0.083,0.194,0.000,0.986,0.996,0.729,0.368,0.705,0.433,0.445,0.449,0.460,0.479
low-trust-conflict,Low-trust conflict,Lower public trust and higher legislature-court conflict.,fifteen-justice-commission,Fifteen-justice supermajority commission court,court_variant,strong_form_court,period,3,2400,2400,103135,100735,1.000,0.023,0.874,0.733,0.064,0.493,0.454,0.659,0.585,0.288,0.471,0.268,0.797,0.622,2.453,0.618,0.568,0.640,0.270,0.447,0.517,0.421,0.358,0.591,0.605,0.443,0.627,0.789,0.375,0.287,0.179,0.314,0.378,0.209,0.098,0.183,0.000,0.991,1.000,0.973,0.368,0.706,0.433,0.445,0.450,0.460,0.479
low-trust-conflict,Low-trust conflict,Lower public trust and higher legislature-court conflict.,fifteen-justice-commission,Fifteen-justice supermajority commission court,court_variant,strong_form_court,period,4,2400,2400,103035,100635,1.000,0.023,0.876,0.733,0.065,0.463,0.442,0.706,0.566,0.284,0.443,0.277,0.801,0.620,2.444,0.622,0.572,0.640,0.271,0.448,0.516,0.421,0.359,0.591,0.606,0.441,0.627,0.790,0.376,0.280,0.175,0.298,0.383,0.195,0.084,0.153,0.000,0.991,1.000,0.996,0.368,0.707,0.433,0.445,0.450,0.460,0.479
low-trust-conflict,Low-trust conflict,Lower public trust and higher legislature-court conflict.,supermajority-invalidation,Supermajority required to invalidate laws,court_variant,strong_form_court,period,1,2400,2400,103069,100669,1.000,0.023,0.884,0.726,0.067,0.515,0.420,0.604,0.556,0.323,0.501,0.262,0.802,0.624,2.451,0.623,0.574,0.625,0.271,0.436,0.505,0.422,0.357,0.591,0.616,0.451,0.626,0.793,0.563,0.186,0.097,0.213,0.554,0.117,0.040,0.361,0.055,0.904,0.628,0.245,0.303,0.707,0.391,0.380,0.446,0.494,0.460
low-trust-conflict,Low-trust conflict,Lower public trust and higher legislature-court conflict.,supermajority-invalidation,Supermajority required to invalidate laws,court_variant,strong_form_court,period,2,2400,2400,103216,100816,1.000,0.023,0.884,0.732,0.064,0.490,0.429,0.660,0.500,0.308,0.472,0.306,0.792,0.622,2.424,0.615,0.569,0.618,0.269,0.443,0.507,0.421,0.356,0.590,0.604,0.450,0.626,0.793,0.380,0.281,0.172,0.303,0.400,0.192,0.078,0.197,0.000,0.988,0.998,0.716,0.307,0.705,0.405,0.383,0.446,0.495,0.463
low-trust-conflict,Low-trust conflict,Lower public trust and higher legislature-court conflict.,supermajority-invalidation,Supermajority required to invalidate laws,court_variant,strong_form_court,period,3,2400,2400,103145,100745,1.000,0.023,0.888,0.734,0.062,0.464,0.418,0.644,0.531,0.288,0.446,0.278,0.797,0.622,2.453,0.618,0.568,0.620,0.267,0.446,0.506,0.421,0.358,0.590,0.604,0.451,0.626,0.792,0.384,0.290,0.156,0.308,0.372,0.207,0.079,0.170,0.000,0.991,1.000,0.975,0.307,0.706,0.404,0.383,0.447,0.495,0.464
low-trust-conflict,Low-trust conflict,Lower public trust and higher legislature-court conflict.,supermajority-invalidation,Supermajority required to invalidate laws,court_variant,strong_form_court,period,4,2400,2400,102931,100531,1.000,0.023,0.888,0.731,0.066,0.499,0.410,0.618,0.549,0.288,0.477,0.327,0.801,0.620,2.444,0.622,0.572,0.618,0.270,0.443,0.506,0.421,0.359,0.590,0.602,0.450,0.626,0.793,0.367,0.298,0.176,0.317,0.374,0.193,0.083,0.184,0.000,0.992,1.000,0.997,0.307,0.707,0.405,0.384,0.446,0.496,0.464
low-trust-conflict,Low-trust conflict,Lower public trust and higher legislature-court conflict.,strict-recusal-court,Strict recusal with substitute justices,court_variant,strong_form_court,period,1,2400,2400,102879,100479,1.000,0.023,0.872,0.728,0.066,0.479,0.449,0.706,0.616,0.252,0.473,0.301,0.802,0.624,2.451,0.623,0.574,0.665,0.272,0.442,0.523,0.422,0.357,0.589,0.621,0.440,0.627,0.793,0.523,0.202,0.120,0.236,0.551,0.116,0.051,0.346,0.054,0.904,0.621,0.252,0.355,0.707,0.394,0.432,0.446,0.488,0.472
low-trust-conflict,Low-trust conflict,Lower public trust and higher legislature-court conflict.,strict-recusal-court,Strict recusal with substitute justices,court_variant,strong_form_court,period,2,2400,2400,103036,100636,1.000,0.023,0.872,0.732,0.067,0.447,0.448,0.727,0.625,0.284,0.428,0.266,0.792,0.622,2.424,0.615,0.569,0.657,0.271,0.445,0.523,0.421,0.356,0.587,0.608,0.439,0.627,0.793,0.365,0.280,0.168,0.299,0.380,0.197,0.082,0.205,0.000,0.985,0.996,0.719,0.367,0.705,0.435,0.444,0.449,0.495,0.485
low-trust-conflict,Low-trust conflict,Lower public trust and higher legislature-court conflict.,strict-recusal-court,Strict recusal with substitute justices,court_variant,strong_form_court,period,3,2400,2400,103110,100710,1.000,0.023,0.876,0.735,0.062,0.458,0.439,0.704,0.652,0.272,0.436,0.291,0.797,0.622,2.453,0.618,0.568,0.660,0.268,0.448,0.524,0.421,0.358,0.587,0.609,0.440,0.627,0.792,0.385,0.281,0.173,0.290,0.365,0.198,0.091,0.173,0.000,0.989,1.000,0.965,0.367,0.706,0.434,0.444,0.450,0.495,0.485
low-trust-conflict,Low-trust conflict,Lower public trust and higher legislature-court conflict.,strict-recusal-court,Strict recusal with substitute justices,court_variant,strong_form_court,period,4,2400,2400,103007,100607,1.000,0.023,0.877,0.734,0.062,0.477,0.425,0.716,0.668,0.272,0.449,0.322,0.801,0.620,2.444,0.622,0.572,0.660,0.269,0.448,0.523,0.421,0.359,0.587,0.609,0.439,0.627,0.793,0.391,0.277,0.169,0.285,0.375,0.210,0.080,0.172,0.000,0.990,1.000,0.995,0.367,0.707,0.434,0.444,0.450,0.495,0.485
low-trust-conflict,Low-trust conflict,Lower public trust and higher legislature-court conflict.,reasoned-emergency-review,Reasoned emergency orders with merits follow-up,court_variant,strong_form_court,period,1,2400,2400,103710,101310,1.000,0.023,0.877,0.729,0.004,0.534,0.488,0.879,0.701,0.100,0.518,1.000,0.802,0.624,2.451,0.623,0.574,0.680,0.265,0.442,0.534,0.422,0.357,0.592,0.625,0.452,0.627,0.791,0.553,0.187,0.113,0.199,0.573,0.118,0.053,0.378,0.057,0.904,0.639,0.223,0.304,0.708,0.388,0.381,0.447,0.486,0.458
low-trust-conflict,Low-trust conflict,Lower public trust and higher legislature-court conflict.,reasoned-emergency-review,Reasoned emergency orders with merits follow-up,court_variant,strong_form_court,period,2,2400,2400,103888,101488,1.000,0.023,0.879,0.735,0.003,0.455,0.480,0.883,0.712,0.121,0.434,1.000,0.792,0.622,2.424,0.615,0.569,0.673,0.262,0.447,0.534,0.421,0.356,0.591,0.614,0.451,0.627,0.791,0.400,0.271,0.165,0.280,0.404,0.210,0.081,0.211,0.000,0.984,0.997,0.661,0.313,0.706,0.420,0.390,0.450,0.491,0.468
low-trust-conflict,Low-trust conflict,Lower public trust and higher legislature-court conflict.,reasoned-emergency-review,Reasoned emergency orders with merits follow-up,court_variant,strong_form_court,period,3,2400,2400,103910,101510,1.000,0.023,0.880,0.735,0.003,0.531,0.479,0.861,0.694,0.114,0.498,1.000,0.797,0.622,2.453,0.618,0.568,0.674,0.261,0.449,0.535,0.421,0.358,0.591,0.613,0.452,0.627,0.791,0.387,0.286,0.175,0.302,0.373,0.213,0.080,0.188,0.000,0.989,1.000,0.962,0.314,0.707,0.419,0.390,0.451,0.491,0.468
low-trust-conflict,Low-trust conflict,Lower public trust and higher legislature-court conflict.,reasoned-emergency-review,Reasoned emergency orders with merits follow-up,court_variant,strong_form_court,period,4,2400,2400,103727,101327,1.000,0.023,0.879,0.734,0.004,0.524,0.478,0.904,0.661,0.129,0.513,1.000,0.801,0.620,2.444,0.622,0.572,0.672,0.263,0.449,0.535,0.421,0.359,0.590,0.612,0.451,0.627,0.792,0.390,0.282,0.176,0.294,0.385,0.210,0.089,0.174,0.000,0.991,1.000,0.997,0.314,0.707,0.420,0.390,0.450,0.491,0.468
low-trust-conflict,Low-trust conflict,Lower public trust and higher legislature-court conflict.,panel-en-banc-review,Panel review with en banc safety valve,court_variant,strong_form_court,period,1,2400,2400,102889,100489,1.000,0.023,0.865,0.725,0.071,0.512,0.465,0.691,0.641,0.293,0.478,0.253,0.802,0.624,2.451,0.623,0.574,0.657,0.275,0.439,0.521,0.422,0.357,0.584,0.618,0.440,0.627,0.793,0.540,0.195,0.111,0.230,0.548,0.124,0.047,0.356,0.054,0.907,0.631,0.249,0.429,0.707,0.432,0.502,0.523,0.483,0.511
low-trust-conflict,Low-trust conflict,Lower public trust and higher legislature-court conflict.,panel-en-banc-review,Panel review with en banc safety valve,court_variant,strong_form_court,period,2,2400,2400,103146,100746,1.000,0.023,0.868,0.733,0.063,0.462,0.458,0.678,0.623,0.275,0.445,0.301,0.792,0.622,2.424,0.615,0.569,0.652,0.271,0.445,0.521,0.421,0.356,0.582,0.608,0.438,0.626,0.792,0.391,0.276,0.175,0.301,0.387,0.192,0.086,0.195,0.000,0.985,0.996,0.705,0.442,0.705,0.472,0.514,0.527,0.489,0.524
low-trust-conflict,Low-trust conflict,Lower public trust and higher legislature-court conflict.,panel-en-banc-review,Panel review with en banc safety valve,court_variant,strong_form_court,period,3,2400,2400,103142,100742,1.000,0.023,0.870,0.734,0.061,0.480,0.456,0.706,0.632,0.284,0.460,0.294,0.797,0.622,2.453,0.618,0.568,0.653,0.270,0.448,0.522,0.421,0.358,0.582,0.607,0.439,0.626,0.792,0.372,0.279,0.182,0.312,0.378,0.197,0.090,0.184,0.000,0.990,1.000,0.968,0.442,0.706,0.472,0.514,0.527,0.489,0.524
low-trust-conflict,Low-trust conflict,Lower public trust and higher legislature-court conflict.,panel-en-banc-review,Panel review with en banc safety valve,court_variant,strong_form_court,period,4,2400,2400,102937,100537,1.000,0.023,0.869,0.731,0.068,0.496,0.458,0.715,0.641,0.287,0.466,0.303,0.801,0.620,2.444,0.622,0.572,0.651,0.274,0.446,0.522,0.421,0.359,0.582,0.605,0.439,0.626,0.793,0.361,0.305,0.173,0.302,0.384,0.198,0.092,0.172,0.000,0.991,1.000,0.997,0.443,0.707,0.473,0.515,0.527,0.489,0.525
low-trust-conflict,Low-trust conflict,Lower public trust and higher legislature-court conflict.,dual-cross-checking-courts,Dual supreme courts with cross-checking invalidations,court_variant,strong_form_court,period,1,2400,2400,104083,101683,1.000,0.023,0.902,0.738,0.004,0.435,0.370,0.850,0.731,0.145,0.420,1.000,0.802,0.624,2.451,0.623,0.574,0.690,0.268,0.449,0.527,0.422,0.357,0.563,0.620,0.602,0.623,0.806,0.553,0.187,0.108,0.217,0.562,0.106,0.048,0.373,0.062,0.880,0.583,0.231,0.510,0.708,0.537,0.579,0.573,0.621,0.585
low-trust-conflict,Low-trust conflict,Lower public trust and higher legislature-court conflict.,dual-cross-checking-courts,Dual supreme courts with cross-checking invalidations,court_variant,strong_form_court,period,2,2400,2400,104191,101791,1.000,0.023,0.904,0.743,0.004,0.408,0.360,0.878,0.745,0.158,0.425,1.000,0.792,0.622,2.424,0.615,0.569,0.682,0.266,0.452,0.526,0.421,0.356,0.561,0.608,0.600,0.623,0.805,0.413,0.279,0.156,0.271,0.406,0.192,0.078,0.216,0.000,0.974,0.991,0.644,0.523,0.706,0.577,0.591,0.577,0.628,0.598
low-trust-conflict,Low-trust conflict,Lower public trust and higher legislature-court conflict.,dual-cross-checking-courts,Dual supreme courts with cross-checking invalidations,court_variant,strong_form_court,period,3,2400,2400,104146,101746,1.000,0.023,0.905,0.743,0.004,0.415,0.365,0.826,0.662,0.149,0.400,1.000,0.797,0.622,2.453,0.618,0.568,0.683,0.265,0.455,0.527,0.421,0.358,0.561,0.607,0.602,0.623,0.805,0.378,0.279,0.176,0.288,0.385,0.193,0.089,0.168,0.000,0.987,1.000,0.943,0.522,0.707,0.577,0.591,0.577,0.628,0.598
low-trust-conflict,Low-trust conflict,Lower public trust and higher legislature-court conflict.,dual-cross-checking-courts,Dual supreme courts with cross-checking invalidations,court_variant,strong_form_court,period,4,2400,2400,104090,101690,1.000,0.023,0.906,0.742,0.003,0.355,0.353,0.869,0.743,0.169,0.335,1.000,0.801,0.620,2.444,0.622,0.572,0.682,0.267,0.455,0.526,0.421,0.359,0.561,0.606,0.601,0.623,0.806,0.382,0.279,0.174,0.300,0.385,0.217,0.085,0.177,0.000,0.989,1.000,0.994,0.522,0.707,0.577,0.591,0.577,0.628,0.598
low-trust-conflict,Low-trust conflict,Lower public trust and higher legislature-court conflict.,constitutional-council,Pre-enactment constitutional council,court_variant,strong_form_court,period,1,2400,2400,102917,100517,1.000,0.023,0.939,0.732,0.065,0.451,0.354,0.708,0.695,0.221,0.441,0.273,0.802,0.624,2.451,0.623,0.574,0.690,0.262,0.444,0.525,0.422,0.357,0.577,0.619,0.667,0.626,0.799,0.551,0.180,0.100,0.215,0.573,0.112,0.040,0.383,0.067,0.862,0.561,0.218,0.429,0.707,0.438,0.500,0.512,0.561,0.524
low-trust-conflict,Low-trust conflict,Lower public trust and higher legislature-court conflict.,constitutional-council,Pre-enactment constitutional council,court_variant,strong_form_court,period,2,2400,2400,103165,100765,1.000,0.023,0.942,0.738,0.061,0.436,0.339,0.717,0.695,0.281,0.428,0.285,0.792,0.622,2.424,0.615,0.569,0.682,0.258,0.449,0.524,0.421,0.356,0.574,0.607,0.666,0.626,0.799,0.402,0.278,0.168,0.289,0.409,0.195,0.076,0.209,0.000,0.964,0.983,0.650,0.449,0.705,0.501,0.520,0.518,0.572,0.544
low-trust-conflict,Low-trust conflict,Lower public trust and higher legislature-court conflict.,constitutional-council,Pre-enactment constitutional council,court_variant,strong_form_court,period,3,2400,2400,103152,100752,1.000,0.023,0.941,0.737,0.061,0.489,0.338,0.748,0.738,0.252,0.471,0.296,0.797,0.622,2.453,0.618,0.568,0.683,0.258,0.449,0.525,0.421,0.358,0.574,0.604,0.667,0.626,0.799,0.375,0.268,0.174,0.314,0.400,0.187,0.081,0.183,0.000,0.981,1.000,0.946,0.449,0.706,0.501,0.520,0.519,0.572,0.544
low-trust-conflict,Low-trust conflict,Lower public trust and higher legislature-court conflict.,constitutional-council,Pre-enactment constitutional council,court_variant,strong_form_court,period,4,2400,2400,103007,100607,1.000,0.023,0.942,0.736,0.060,0.431,0.342,0.736,0.686,0.252,0.381,0.305,0.801,0.620,2.444,0.622,0.572,0.683,0.259,0.451,0.525,0.421,0.359,0.574,0.604,0.667,0.626,0.799,0.380,0.285,0.158,0.305,0.386,0.193,0.080,0.187,0.000,0.985,1.000,0.994,0.449,0.707,0.501,0.520,0.518,0.572,0.544
low-trust-conflict,Low-trust conflict,Lower public trust and higher legislature-court conflict.,legislative-override-court,Judicial review with delayed legislative override,court_variant,strong_form_court,period,1,2400,2400,103089,100689,1.000,0.023,0.859,0.720,0.067,0.528,0.470,0.644,0.575,0.310,0.497,0.258,0.802,0.624,2.451,0.623,0.574,0.639,0.282,0.443,0.518,0.422,0.357,0.587,0.613,0.439,0.627,0.797,0.513,0.208,0.127,0.238,0.523,0.130,0.056,0.366,0.050,0.916,0.643,0.277,0.304,0.707,0.392,0.381,0.447,0.515,0.464
low-trust-conflict,Low-trust conflict,Lower public trust and higher legislature-court conflict.,legislative-override-court,Judicial review with delayed legislative override,court_variant,strong_form_court,period,2,2400,2400,103185,100785,1.000,0.023,0.860,0.726,0.064,0.463,0.471,0.663,0.605,0.284,0.434,0.287,0.792,0.622,2.424,0.615,0.569,0.633,0.281,0.448,0.519,0.421,0.356,0.585,0.602,0.438,0.627,0.797,0.388,0.276,0.176,0.295,0.371,0.197,0.083,0.185,0.000,0.988,0.996,0.751,0.315,0.705,0.426,0.391,0.449,0.521,0.474
low-trust-conflict,Low-trust conflict,Lower public trust and higher legislature-court conflict.,legislative-override-court,Judicial review with delayed legislative override,court_variant,strong_form_court,period,3,2400,2400,103208,100808,1.000,0.023,0.861,0.726,0.062,0.531,0.466,0.690,0.572,0.272,0.508,0.300,0.797,0.622,2.453,0.618,0.568,0.634,0.280,0.451,0.520,0.421,0.358,0.585,0.601,0.439,0.627,0.797,0.362,0.298,0.167,0.300,0.380,0.198,0.086,0.178,0.000,0.991,1.000,0.981,0.314,0.706,0.426,0.391,0.450,0.520,0.475
low-trust-conflict,Low-trust conflict,Lower public trust and higher legislature-court conflict.,legislative-override-court,Judicial review with delayed legislative override,court_variant,strong_form_court,period,4,2400,2400,102955,100555,1.000,0.023,0.862,0.726,0.067,0.490,0.459,0.636,0.585,0.285,0.460,0.290,0.801,0.620,2.444,0.622,0.572,0.633,0.280,0.449,0.518,0.421,0.359,0.585,0.601,0.439,0.627,0.797,0.378,0.278,0.177,0.305,0.366,0.204,0.083,0.171,0.000,0.992,1.000,0.997,0.315,0.707,0.427,0.391,0.449,0.521,0.475
low-trust-conflict,Low-trust conflict,Lower public trust and higher legislature-court conflict.,accountability-retention-court,Retention-election accountability court,court_variant,strong_form_court,period,1,2400,2400,103019,100619,1.000,0.023,0.875,0.718,0.060,0.323,0.334,0.675,0.553,0.272,0.306,0.250,0.802,0.624,2.451,0.623,0.574,0.660,0.270,0.455,0.516,0.422,0.357,0.586,0.622,0.410,0.627,0.797,0.531,0.194,0.103,0.227,0.543,0.113,0.040,0.361,0.058,0.877,0.570,0.248,0.304,0.707,0.392,0.381,0.447,0.536,0.468
low-trust-conflict,Low-trust conflict,Lower public trust and higher legislature-court conflict.,accountability-retention-court,Retention-election accountability court,court_variant,strong_form_court,period,2,2400,2400,103253,100853,1.000,0.023,0.878,0.723,0.057,0.353,0.322,0.667,0.614,0.243,0.338,0.293,0.792,0.622,2.424,0.615,0.569,0.654,0.266,0.459,0.515,0.421,0.356,0.582,0.610,0.409,0.626,0.798,0.374,0.284,0.157,0.302,0.381,0.200,0.080,0.187,0.000,0.971,0.989,0.703,0.330,0.705,0.474,0.405,0.455,0.549,0.494
low-trust-conflict,Low-trust conflict,Lower public trust and higher legislature-court conflict.,accountability-retention-court,Retention-election accountability court,court_variant,strong_form_court,period,3,2400,2400,103181,100781,1.000,0.023,0.875,0.723,0.058,0.386,0.338,0.701,0.622,0.264,0.366,0.266,0.797,0.622,2.453,0.618,0.568,0.653,0.269,0.462,0.517,0.421,0.358,0.582,0.608,0.410,0.626,0.798,0.343,0.301,0.170,0.313,0.368,0.197,0.083,0.172,0.000,0.985,1.000,0.960,0.330,0.706,0.474,0.406,0.456,0.550,0.494
low-trust-conflict,Low-trust conflict,Lower public trust and higher legislature-court conflict.,accountability-retention-court,Retention-election accountability court,court_variant,strong_form_court,period,4,2400,2400,103046,100646,1.000,0.023,0.875,0.718,0.060,0.376,0.329,0.689,0.566,0.289,0.343,0.299,0.801,0.620,2.444,0.622,0.572,0.652,0.272,0.460,0.517,0.421,0.359,0.581,0.606,0.408,0.626,0.799,0.355,0.300,0.168,0.298,0.342,0.201,0.076,0.147,0.000,0.986,1.000,0.995,0.330,0.707,0.475,0.406,0.456,0.550,0.494
low-trust-conflict,Low-trust conflict,Lower public trust and higher legislature-court conflict.,independence-accountability-hybrid,Hybrid court balancing independence and accountability,court_variant,strong_form_court,period,1,2400,2400,103695,101295,1.000,0.023,0.905,0.736,0.003,0.474,0.398,0.891,0.715,0.109,0.464,1.000,0.802,0.624,2.451,0.623,0.574,0.693,0.253,0.449,0.529,0.422,0.357,0.569,0.633,0.438,0.624,0.805,0.548,0.194,0.108,0.230,0.590,0.107,0.045,0.392,0.064,0.873,0.591,0.230,0.453,0.708,0.427,0.526,0.523,0.638,0.543
low-trust-conflict,Low-trust conflict,Lower public trust and higher legislature-court conflict.,independence-accountability-hybrid,Hybrid court balancing independence and accountability,court_variant,strong_form_court,period,2,2400,2400,103879,101479,1.000,0.023,0.909,0.742,0.003,0.369,0.381,0.892,0.646,0.158,0.348,1.000,0.792,0.622,2.424,0.615,0.569,0.685,0.249,0.453,0.528,0.421,0.356,0.567,0.622,0.436,0.624,0.805,0.407,0.253,0.162,0.279,0.418,0.193,0.080,0.220,0.000,0.968,0.991,0.637,0.466,0.706,0.468,0.538,0.527,0.644,0.555
low-trust-conflict,Low-trust conflict,Lower public trust and higher legislature-court conflict.,independence-accountability-hybrid,Hybrid court balancing independence and accountability,court_variant,strong_form_court,period,3,2400,2400,103893,101493,1.000,0.023,0.907,0.742,0.003,0.486,0.391,0.869,0.765,0.120,0.475,1.000,0.797,0.622,2.453,0.618,0.568,0.686,0.250,0.454,0.529,0.421,0.358,0.567,0.620,0.438,0.624,0.805,0.397,0.250,0.173,0.276,0.383,0.195,0.086,0.190,0.000,0.984,1.000,0.926,0.466,0.707,0.467,0.538,0.527,0.644,0.556
low-trust-conflict,Low-trust conflict,Lower public trust and higher legislature-court conflict.,independence-accountability-hybrid,Hybrid court balancing independence and accountability,court_variant,strong_form_court,period,4,2400,2400,103664,101264,1.000,0.023,0.908,0.741,0.003,0.432,0.389,0.896,0.736,0.154,0.418,1.000,0.801,0.620,2.444,0.622,0.572,0.685,0.252,0.454,0.529,0.421,0.359,0.567,0.619,0.437,0.624,0.805,0.378,0.270,0.170,0.308,0.394,0.197,0.087,0.180,0.000,0.985,1.000,0.991,0.466,0.707,0.469,0.539,0.528,0.644,0.556
low-trust-conflict,Low-trust conflict,Lower public trust and higher legislature-court conflict.,weak-form-review,Weak-form review with legislative reply,synthetic_mechanism,weak_form_review,period,1,2400,2400,2798,398,1.000,0.858,0.956,0.705,0.062,0.412,0.000,0.726,0.730,0.247,0.404,0.291,0.802,0.624,2.451,0.623,0.574,0.683,0.223,0.473,0.565,0.529,0.357,0.616,0.665,0.178,0.661,0.830,0.568,0.161,0.084,0.210,0.576,0.091,0.025,0.407,0.101,0.715,0.358,0.198,0.304,0.414,0.271,0.316,0.414,0.411,0.357
low-trust-conflict,Low-trust conflict,Lower public trust and higher legislature-court conflict.,weak-form-review,Weak-form review with legislative reply,synthetic_mechanism,weak_form_review,period,2,2400,2400,2772,372,1.000,0.866,0.958,0.710,0.058,0.422,0.000,0.736,0.688,0.271,0.409,0.296,0.792,0.622,2.424,0.615,0.569,0.671,0.221,0.475,0.564,0.529,0.356,0.615,0.657,0.176,0.661,0.830,0.475,0.173,0.148,0.267,0.476,0.131,0.059,0.270,0.000,0.645,0.664,0.485,0.315,0.411,0.305,0.326,0.417,0.417,0.368
low-trust-conflict,Low-trust conflict,Lower public trust and higher legislature-court conflict.,weak-form-review,Weak-form review with legislative reply,synthetic_mechanism,weak_form_review,period,3,2400,2400,2754,354,1.000,0.871,0.961,0.712,0.054,0.386,0.000,0.747,0.676,0.240,0.351,0.282,0.797,0.622,2.453,0.618,0.568,0.671,0.220,0.478,0.566,0.529,0.358,0.615,0.654,0.177,0.661,0.830,0.429,0.200,0.154,0.271,0.430,0.153,0.065,0.230,0.000,0.614,0.814,0.769,0.315,0.412,0.304,0.327,0.418,0.416,0.368
low-trust-conflict,Low-trust conflict,Lower public trust and higher legislature-court conflict.,weak-form-review,Weak-form review with legislative reply,synthetic_mechanism,weak_form_review,period,4,2400,2400,2781,381,1.000,0.863,0.958,0.708,0.060,0.436,0.000,0.689,0.670,0.260,0.419,0.306,0.801,0.620,2.444,0.622,0.572,0.670,0.223,0.477,0.565,0.528,0.359,0.614,0.651,0.178,0.661,0.831,0.420,0.212,0.155,0.289,0.387,0.170,0.070,0.218,0.000,0.609,0.861,0.918,0.315,0.413,0.306,0.327,0.417,0.417,0.369
low-trust-conflict,Low-trust conflict,Lower public trust and higher legislature-court conflict.,suspended-declaration-review,Suspended declarations of invalidity,synthetic_mechanism,suspended_declaration,period,1,2400,2400,2676,276,1.000,0.897,0.919,0.681,0.004,0.482,0.487,0.889,0.661,0.150,0.469,1.000,0.802,0.624,2.451,0.623,0.574,0.696,0.272,0.484,0.580,0.532,0.357,0.605,0.646,0.208,0.607,0.909,0.542,0.188,0.128,0.221,0.575,0.113,0.064,0.356,0.055,0.907,0.636,0.235,0.321,0.466,0.265,0.345,0.423,0.454,0.380
low-trust-conflict,Low-trust conflict,Lower public trust and higher legislature-court conflict.,suspended-declaration-review,Suspended declarations of invalidity,synthetic_mechanism,suspended_declaration,period,2,2400,2400,2668,268,1.000,0.900,0.919,0.689,0.004,0.487,0.485,0.862,0.669,0.124,0.464,1.000,0.792,0.622,2.424,0.615,0.569,0.690,0.270,0.486,0.580,0.532,0.356,0.603,0.635,0.207,0.607,0.909,0.413,0.268,0.171,0.269,0.421,0.193,0.090,0.205,0.000,0.984,0.997,0.660,0.334,0.463,0.306,0.357,0.426,0.460,0.392
low-trust-conflict,Low-trust conflict,Lower public trust and higher legislature-court conflict.,suspended-declaration-review,Suspended declarations of invalidity,synthetic_mechanism,suspended_declaration,period,3,2400,2400,2654,254,1.000,0.904,0.920,0.690,0.003,0.484,0.482,0.857,0.628,0.101,0.459,1.000,0.797,0.622,2.453,0.618,0.568,0.690,0.270,0.489,0.580,0.531,0.358,0.603,0.634,0.208,0.607,0.909,0.380,0.268,0.190,0.300,0.393,0.199,0.100,0.190,0.000,0.989,1.000,0.955,0.334,0.465,0.306,0.357,0.427,0.460,0.392
low-trust-conflict,Low-trust conflict,Lower public trust and higher legislature-court conflict.,suspended-declaration-review,Suspended declarations of invalidity,synthetic_mechanism,suspended_declaration,period,4,2400,2400,2682,282,1.000,0.895,0.920,0.686,0.003,0.458,0.483,0.840,0.670,0.118,0.441,1.000,0.801,0.620,2.444,0.622,0.572,0.689,0.272,0.489,0.580,0.531,0.359,0.603,0.633,0.208,0.607,0.910,0.384,0.276,0.184,0.288,0.388,0.214,0.093,0.187,0.000,0.990,1.000,0.995,0.334,0.465,0.307,0.357,0.426,0.460,0.393
low-trust-conflict,Low-trust conflict,Lower public trust and higher legislature-court conflict.,override-clause-review,Strong-form review with explicit override clause,synthetic_mechanism,legislative_override_clause,period,1,2400,2400,21196,18796,1.000,0.113,0.877,0.727,0.065,0.486,0.448,0.685,0.597,0.351,0.469,0.289,0.802,0.624,2.451,0.623,0.574,0.668,0.254,0.441,0.519,0.432,0.357,0.598,0.623,0.374,0.615,0.935,0.525,0.201,0.122,0.230,0.539,0.125,0.047,0.363,0.055,0.893,0.619,0.245,0.304,0.597,0.332,0.357,0.433,0.485,0.422
low-trust-conflict,Low-trust conflict,Lower public trust and higher legislature-court conflict.,override-clause-review,Strong-form review with explicit override clause,synthetic_mechanism,legislative_override_clause,period,2,2400,2400,21234,18834,1.000,0.113,0.879,0.734,0.060,0.410,0.441,0.673,0.620,0.310,0.398,0.285,0.792,0.622,2.424,0.615,0.569,0.661,0.251,0.448,0.518,0.432,0.356,0.597,0.612,0.375,0.615,0.935,0.377,0.282,0.170,0.310,0.393,0.210,0.080,0.205,0.000,0.984,0.996,0.704,0.315,0.595,0.366,0.367,0.436,0.489,0.433
low-trust-conflict,Low-trust conflict,Lower public trust and higher legislature-court conflict.,override-clause-review,Strong-form review with explicit override clause,synthetic_mechanism,legislative_override_clause,period,3,2400,2400,21202,18802,1.000,0.113,0.879,0.733,0.066,0.482,0.440,0.648,0.629,0.293,0.458,0.267,0.797,0.622,2.453,0.618,0.568,0.661,0.252,0.448,0.519,0.432,0.358,0.597,0.610,0.376,0.615,0.935,0.365,0.287,0.174,0.299,0.370,0.211,0.086,0.161,0.000,0.990,1.000,0.971,0.315,0.596,0.367,0.367,0.436,0.490,0.433
low-trust-conflict,Low-trust conflict,Lower public trust and higher legislature-court conflict.,override-clause-review,Strong-form review with explicit override clause,synthetic_mechanism,legislative_override_clause,period,4,2400,2400,21166,18766,1.000,0.113,0.879,0.731,0.065,0.498,0.429,0.705,0.651,0.281,0.483,0.300,0.801,0.620,2.444,0.622,0.572,0.660,0.253,0.447,0.518,0.432,0.359,0.596,0.610,0.375,0.615,0.936,0.377,0.286,0.170,0.314,0.385,0.190,0.079,0.163,0.000,0.990,1.000,0.996,0.315,0.597,0.367,0.367,0.436,0.490,0.433
low-trust-conflict,Low-trust conflict,Lower public trust and higher legislature-court conflict.,pre-enactment-review,Pre-enactment review before laws take effect,synthetic_mechanism,pre_enactment_review,period,1,2400,2400,2825,425,1.000,0.850,0.944,0.751,0.063,0.400,0.321,0.717,0.687,0.257,0.397,0.255,0.802,0.624,2.451,0.623,0.574,0.692,0.257,0.446,0.521,0.528,0.357,0.595,0.632,0.516,0.564,0.904,0.563,0.171,0.107,0.217,0.562,0.114,0.045,0.372,0.072,0.848,0.541,0.218,0.429,0.421,0.316,0.438,0.469,0.515,0.426
low-trust-conflict,Low-trust conflict,Lower public trust and higher legislature-court conflict.,pre-enactment-review,Pre-enactment review before laws take effect,synthetic_mechanism,pre_enactment_review,period,2,2400,2400,2841,441,1.000,0.845,0.944,0.755,0.064,0.404,0.317,0.744,0.740,0.247,0.394,0.278,0.792,0.622,2.424,0.615,0.569,0.682,0.256,0.449,0.521,0.527,0.356,0.591,0.618,0.515,0.563,0.905,0.401,0.265,0.166,0.299,0.405,0.180,0.076,0.205,0.000,0.950,0.976,0.623,0.449,0.419,0.380,0.457,0.481,0.525,0.448
low-trust-conflict,Low-trust conflict,Lower public trust and higher legislature-court conflict.,pre-enactment-review,Pre-enactment review before laws take effect,synthetic_mechanism,pre_enactment_review,period,3,2400,2400,2815,415,1.000,0.853,0.945,0.756,0.061,0.435,0.325,0.722,0.739,0.289,0.418,0.266,0.797,0.622,2.453,0.618,0.568,0.683,0.256,0.450,0.522,0.527,0.358,0.591,0.616,0.516,0.563,0.905,0.381,0.280,0.165,0.304,0.372,0.220,0.078,0.175,0.000,0.979,1.000,0.938,0.449,0.421,0.379,0.457,0.482,0.525,0.448
low-trust-conflict,Low-trust conflict,Lower public trust and higher legislature-court conflict.,pre-enactment-review,Pre-enactment review before laws take effect,synthetic_mechanism,pre_enactment_review,period,4,2400,2400,2820,420,1.000,0.851,0.946,0.756,0.059,0.380,0.316,0.716,0.737,0.249,0.345,0.312,0.801,0.620,2.444,0.622,0.572,0.684,0.255,0.453,0.522,0.527,0.359,0.591,0.617,0.516,0.563,0.905,0.378,0.283,0.157,0.296,0.387,0.191,0.076,0.174,0.000,0.984,1.000,0.991,0.449,0.421,0.379,0.457,0.481,0.525,0.448
low-trust-conflict,Low-trust conflict,Lower public trust and higher legislature-court conflict.,abstract-review-tribunal,Abstract review tribunal,synthetic_mechanism,abstract_review,period,1,2400,2400,2610,210,1.000,0.920,0.896,0.752,0.005,0.486,0.443,0.852,0.719,0.100,0.486,1.000,0.802,0.624,2.451,0.623,0.574,0.685,0.258,0.447,0.529,0.533,0.357,0.593,0.637,0.317,0.548,0.976,0.551,0.181,0.118,0.211,0.554,0.118,0.043,0.369,0.062,0.886,0.611,0.211,0.430,0.453,0.302,0.447,0.484,0.527,0.435
low-trust-conflict,Low-trust conflict,Lower public trust and higher legislature-court conflict.,abstract-review-tribunal,Abstract review tribunal,synthetic_mechanism,abstract_review,period,2,2400,2400,2595,195,1.000,0.925,0.897,0.758,0.004,0.448,0.437,0.830,0.696,0.093,0.424,1.000,0.792,0.622,2.424,0.615,0.569,0.678,0.256,0.452,0.529,0.533,0.356,0.591,0.625,0.315,0.548,0.976,0.391,0.274,0.161,0.293,0.423,0.190,0.087,0.203,0.000,0.979,0.994,0.653,0.443,0.451,0.341,0.459,0.493,0.533,0.449
low-trust-conflict,Low-trust conflict,Lower public trust and higher legislature-court conflict.,abstract-review-tribunal,Abstract review tribunal,synthetic_mechanism,abstract_review,period,3,2400,2400,2569,169,1.000,0.934,0.899,0.760,0.004,0.488,0.433,0.815,0.708,0.131,0.459,1.000,0.797,0.622,2.453,0.618,0.568,0.678,0.256,0.452,0.529,0.534,0.358,0.591,0.624,0.316,0.548,0.976,0.390,0.283,0.166,0.283,0.390,0.200,0.077,0.193,0.000,0.988,1.000,0.948,0.442,0.452,0.340,0.459,0.494,0.533,0.449
low-trust-conflict,Low-trust conflict,Lower public trust and higher legislature-court conflict.,abstract-review-tribunal,Abstract review tribunal,synthetic_mechanism,abstract_review,period,4,2400,2400,2589,189,1.000,0.927,0.898,0.758,0.004,0.492,0.438,0.862,0.672,0.122,0.467,1.000,0.801,0.620,2.444,0.622,0.572,0.677,0.258,0.452,0.530,0.533,0.359,0.590,0.623,0.316,0.548,0.976,0.397,0.265,0.163,0.278,0.397,0.213,0.091,0.208,0.000,0.989,1.000,0.995,0.443,0.453,0.341,0.459,0.494,0.534,0.449
low-trust-conflict,Low-trust conflict,Lower public trust and higher legislature-court conflict.,ombudsman-triggered-review,Ombudsman-triggered constitutional review,synthetic_mechanism,ombudsman_triggered_review,period,1,2400,2400,262579,260179,1.000,0.009,0.869,0.725,0.063,0.529,0.490,0.762,0.681,0.230,0.513,0.266,0.802,0.624,2.451,0.623,0.574,0.669,0.276,0.440,0.528,0.420,0.357,0.583,0.610,0.531,0.587,0.848,0.516,0.209,0.117,0.231,0.553,0.120,0.058,0.357,0.052,0.911,0.636,0.257,0.324,0.891,0.429,0.441,0.469,0.487,0.512
low-trust-conflict,Low-trust conflict,Lower public trust and higher legislature-court conflict.,ombudsman-triggered-review,Ombudsman-triggered constitutional review,synthetic_mechanism,ombudsman_triggered_review,period,2,2400,2400,262302,259902,1.000,0.009,0.868,0.729,0.064,0.530,0.494,0.692,0.708,0.265,0.526,0.292,0.792,0.622,2.424,0.615,0.569,0.662,0.275,0.443,0.529,0.419,0.356,0.581,0.597,0.531,0.587,0.848,0.382,0.288,0.161,0.298,0.373,0.199,0.081,0.194,0.000,0.988,0.997,0.725,0.337,0.890,0.472,0.454,0.472,0.494,0.526
low-trust-conflict,Low-trust conflict,Lower public trust and higher legislature-court conflict.,ombudsman-triggered-review,Ombudsman-triggered constitutional review,synthetic_mechanism,ombudsman_triggered_review,period,3,2400,2400,262658,260258,1.000,0.009,0.871,0.730,0.063,0.506,0.484,0.724,0.707,0.274,0.482,0.271,0.797,0.622,2.453,0.618,0.568,0.663,0.274,0.445,0.529,0.419,0.358,0.581,0.597,0.531,0.587,0.848,0.373,0.283,0.176,0.313,0.375,0.200,0.089,0.176,0.000,0.991,1.000,0.983,0.337,0.891,0.472,0.454,0.473,0.494,0.526
low-trust-conflict,Low-trust conflict,Lower public trust and higher legislature-court conflict.,ombudsman-triggered-review,Ombudsman-triggered constitutional review,synthetic_mechanism,ombudsman_triggered_review,period,4,2400,2400,262126,259726,1.000,0.009,0.871,0.730,0.063,0.512,0.485,0.702,0.693,0.252,0.487,0.317,0.801,0.620,2.444,0.622,0.572,0.662,0.275,0.446,0.529,0.419,0.359,0.581,0.597,0.531,0.587,0.848,0.384,0.272,0.177,0.297,0.392,0.198,0.082,0.168,0.000,0.992,1.000,0.997,0.337,0.891,0.472,0.454,0.472,0.494,0.526
low-trust-conflict,Low-trust conflict,Lower public trust and higher legislature-court conflict.,constitutional-public-defender,Constitutional public defender access model,synthetic_mechanism,constitutional_public_defender,period,1,2400,2400,287967,285567,1.000,0.008,0.872,0.765,0.004,0.549,0.511,0.868,0.691,0.101,0.531,1.000,0.802,0.624,2.451,0.623,0.574,0.681,0.267,0.443,0.533,0.420,0.357,0.581,0.623,0.520,0.615,0.819,0.525,0.183,0.142,0.231,0.542,0.139,0.067,0.349,0.052,0.916,0.657,0.238,0.325,0.873,0.429,0.439,0.468,0.522,0.515
low-trust-conflict,Low-trust conflict,Lower public trust and higher legislature-court conflict.,constitutional-public-defender,Constitutional public defender access model,synthetic_mechanism,constitutional_public_defender,period,2,2400,2400,288605,286205,1.000,0.008,0.871,0.769,0.004,0.514,0.515,0.856,0.658,0.121,0.502,1.000,0.792,0.622,2.424,0.615,0.569,0.674,0.265,0.447,0.533,0.419,0.356,0.579,0.611,0.520,0.615,0.819,0.393,0.279,0.173,0.301,0.407,0.204,0.088,0.201,0.000,0.989,0.998,0.694,0.338,0.871,0.470,0.451,0.472,0.528,0.527
low-trust-conflict,Low-trust conflict,Lower public trust and higher legislature-court conflict.,constitutional-public-defender,Constitutional public defender access model,synthetic_mechanism,constitutional_public_defender,period,3,2400,2400,289108,286708,1.000,0.008,0.876,0.770,0.003,0.530,0.498,0.850,0.684,0.126,0.502,1.000,0.797,0.622,2.453,0.618,0.568,0.676,0.263,0.451,0.533,0.419,0.358,0.579,0.612,0.520,0.615,0.818,0.363,0.287,0.171,0.301,0.388,0.206,0.095,0.175,0.000,0.990,1.000,0.969,0.338,0.872,0.470,0.451,0.473,0.528,0.528
low-trust-conflict,Low-trust conflict,Lower public trust and higher legislature-court conflict.,constitutional-public-defender,Constitutional public defender access model,synthetic_mechanism,constitutional_public_defender,period,4,2400,2400,287926,285526,1.000,0.008,0.874,0.770,0.003,0.519,0.503,0.883,0.662,0.105,0.485,1.000,0.801,0.620,2.444,0.622,0.572,0.674,0.265,0.450,0.533,0.419,0.359,0.579,0.611,0.520,0.614,0.819,0.383,0.268,0.176,0.287,0.386,0.213,0.079,0.193,0.000,0.992,1.000,0.996,0.339,0.872,0.470,0.452,0.472,0.529,0.528
low-trust-conflict,Low-trust conflict,Lower public trust and higher legislature-court conflict.,rights-impact-statement-review,Rights-impact statements before review,synthetic_mechanism,rights_impact_statement,period,1,2400,2400,2816,416,1.000,0.852,0.946,0.799,0.059,0.360,0.291,0.752,0.729,0.226,0.333,0.274,0.802,0.624,2.451,0.623,0.574,0.711,0.253,0.447,0.522,0.528,0.357,0.594,0.654,0.507,0.682,0.781,0.556,0.177,0.105,0.217,0.575,0.102,0.040,0.380,0.075,0.830,0.512,0.210,0.403,0.442,0.315,0.416,0.471,0.532,0.427
low-trust-conflict,Low-trust conflict,Lower public trust and higher legislature-court conflict.,rights-impact-statement-review,Rights-impact statements before review,synthetic_mechanism,rights_impact_statement,period,2,2400,2400,2789,389,1.000,0.861,0.947,0.803,0.056,0.398,0.285,0.764,0.756,0.266,0.375,0.289,0.792,0.622,2.424,0.615,0.569,0.702,0.251,0.450,0.522,0.529,0.356,0.590,0.641,0.506,0.682,0.781,0.406,0.256,0.166,0.294,0.435,0.174,0.082,0.223,0.000,0.929,0.962,0.592,0.423,0.440,0.379,0.435,0.483,0.542,0.449
low-trust-conflict,Low-trust conflict,Lower public trust and higher legislature-court conflict.,rights-impact-statement-review,Rights-impact statements before review,synthetic_mechanism,rights_impact_statement,period,3,2400,2400,2819,419,1.000,0.851,0.946,0.802,0.059,0.419,0.295,0.732,0.742,0.261,0.395,0.301,0.797,0.622,2.453,0.618,0.568,0.701,0.252,0.452,0.523,0.527,0.358,0.590,0.638,0.508,0.682,0.781,0.382,0.275,0.168,0.319,0.384,0.185,0.086,0.195,0.000,0.974,0.999,0.921,0.423,0.441,0.380,0.436,0.484,0.543,0.449
low-trust-conflict,Low-trust conflict,Lower public trust and higher legislature-court conflict.,rights-impact-statement-review,Rights-impact statements before review,synthetic_mechanism,rights_impact_statement,period,4,2400,2400,2834,434,1.000,0.847,0.947,0.802,0.062,0.386,0.290,0.768,0.730,0.277,0.359,0.291,0.801,0.620,2.444,0.622,0.572,0.701,0.254,0.453,0.523,0.527,0.359,0.590,0.638,0.507,0.682,0.782,0.377,0.269,0.153,0.285,0.396,0.180,0.065,0.187,0.000,0.977,1.000,0.986,0.423,0.442,0.381,0.436,0.484,0.543,0.450
low-trust-conflict,Low-trust conflict,Lower public trust and higher legislature-court conflict.,mandatory-legislative-response,Mandatory legislative response cycles,synthetic_mechanism,mandatory_legislative_response,period,1,2400,2400,2673,273,1.000,0.898,0.906,0.701,0.003,0.393,0.428,0.898,0.745,0.105,0.354,1.000,0.802,0.624,2.451,0.623,0.574,0.722,0.223,0.455,0.534,0.532,0.357,0.603,0.645,0.224,0.599,0.985,0.525,0.177,0.141,0.213,0.570,0.107,0.064,0.375,0.073,0.845,0.577,0.186,0.304,0.489,0.265,0.332,0.424,0.516,0.391
low-trust-conflict,Low-trust conflict,Lower public trust and higher legislature-court conflict.,mandatory-legislative-response,Mandatory legislative response cycles,synthetic_mechanism,mandatory_legislative_response,period,2,2400,2400,2665,265,1.000,0.901,0.909,0.707,0.003,0.330,0.411,0.885,0.696,0.141,0.304,1.000,0.792,0.622,2.424,0.615,0.569,0.713,0.219,0.459,0.533,0.532,0.356,0.601,0.633,0.224,0.599,0.985,0.393,0.265,0.168,0.284,0.413,0.183,0.081,0.209,0.000,0.951,0.987,0.554,0.317,0.486,0.308,0.345,0.427,0.523,0.404
low-trust-conflict,Low-trust conflict,Lower public trust and higher legislature-court conflict.,mandatory-legislative-response,Mandatory legislative response cycles,synthetic_mechanism,mandatory_legislative_response,period,3,2400,2400,2635,235,1.000,0.911,0.908,0.706,0.002,0.378,0.420,0.853,0.697,0.101,0.335,1.000,0.797,0.622,2.453,0.618,0.568,0.713,0.220,0.461,0.534,0.532,0.358,0.601,0.631,0.224,0.599,0.985,0.371,0.285,0.177,0.300,0.380,0.194,0.082,0.188,0.000,0.976,0.997,0.890,0.317,0.487,0.307,0.345,0.428,0.523,0.404
low-trust-conflict,Low-trust conflict,Lower public trust and higher legislature-court conflict.,mandatory-legislative-response,Mandatory legislative response cycles,synthetic_mechanism,mandatory_legislative_response,period,4,2400,2400,2678,278,1.000,0.896,0.908,0.705,0.003,0.371,0.420,0.854,0.718,0.096,0.344,1.000,0.801,0.620,2.444,0.622,0.572,0.712,0.221,0.460,0.534,0.531,0.359,0.601,0.631,0.224,0.598,0.985,0.368,0.285,0.182,0.285,0.404,0.200,0.090,0.179,0.000,0.980,0.999,0.981,0.317,0.488,0.309,0.346,0.427,0.523,0.405
