caseKey,caseName,caseDescription,scenarioKey,scenario,scenarioKind,reviewMechanism,segmentType,segmentKey,totalCases,reviewedCases,intakeFilings,screenedFilings,reviewRate,intakeAcceptanceRate,legalStability,rightsProtection,shadowDocketAbuse,emergencyReliefRate,meritsInvalidationRate,emergencyReasonGivingRate,emergencyVoteDisclosureRate,emergencyPublicDisagreementRate,governmentEmergencyWinRate,meritsFollowUpRate,lowerCourtConflict,averageTimeToReview,averageLowerCourtDepth,stateFederalTension,intercourtConflict,legitimacy,constitutionalConflict,democraticResponsiveness,legislativeResponseCredibility,caseSelectionAccess,governmentRepeatPlayerAdvantage,implementationCapacity,democraticConstitutionalism,vetoRelocationRisk,legalTransplantFeasibility,politicalCultureSensitivity,complianceRate,defianceRate,workaroundRate,repeatedLitigationRate,executiveImplementationRate,agencyNonacquiescenceRate,legislativeReenactmentRate,localGovernmentComplianceRate,publicTrust,legislativeConflict,courtCurbingPressure,amendmentPressure,directCourtCost,upstreamScreeningCost,capacityStrainCost,institutionalBudgetCost,institutionalDelayCost,implementationComplexity,totalInstitutionalCost
baseline,Baseline,Moderately polarized appointment environment with ordinary constitutional-review pressure.,current-federal-court,Current-style federal supreme court,court_variant,strong_form_court,doctrine,administrative_state,1379,1379,60987,59608,1.000,0.023,0.888,0.755,0.281,0.202,0.067,0.021,0.332,0.468,0.205,0.000,0.739,0.645,2.706,0.458,0.503,0.635,0.264,0.471,0.538,0.392,0.393,0.618,0.618,0.544,0.644,0.712,0.467,0.214,0.132,0.252,0.451,0.215,0.052,0.292,0.033,0.900,0.843,0.745,0.307,0.706,0.421,0.383,0.450,0.440,0.458
baseline,Baseline,Moderately polarized appointment environment with ordinary constitutional-review pressure.,current-federal-court,Current-style federal supreme court,court_variant,strong_form_court,doctrine,criminal_procedure,1348,1348,57360,56012,1.000,0.024,0.785,0.670,0.351,0.808,0.583,0.023,0.384,0.564,0.832,0.000,0.595,0.587,2.329,0.558,0.488,0.577,0.349,0.395,0.555,0.439,0.345,0.612,0.565,0.520,0.644,0.729,0.407,0.280,0.170,0.280,0.395,0.168,0.079,0.253,0.029,0.918,0.860,0.765,0.306,0.675,0.416,0.375,0.431,0.429,0.445
baseline,Baseline,Moderately polarized appointment environment with ordinary constitutional-review pressure.,current-federal-court,Current-style federal supreme court,court_variant,strong_form_court,doctrine,election_law,1347,1347,53831,52484,1.000,0.025,0.746,0.646,0.348,0.874,0.723,0.041,0.372,0.600,0.874,0.000,0.840,0.634,2.726,0.657,0.509,0.564,0.376,0.367,0.564,0.444,0.345,0.607,0.546,0.536,0.644,0.739,0.375,0.304,0.178,0.343,0.389,0.173,0.081,0.185,0.022,0.927,0.872,0.771,0.307,0.711,0.414,0.384,0.450,0.434,0.456
baseline,Baseline,Moderately polarized appointment environment with ordinary constitutional-review pressure.,current-federal-court,Current-style federal supreme court,court_variant,strong_form_court,doctrine,emergency_powers,1396,1396,56997,55601,1.000,0.024,0.732,0.656,0.571,0.663,0.386,0.033,0.378,0.644,0.663,0.000,0.763,0.552,1.966,0.521,0.484,0.531,0.395,0.377,0.542,0.430,0.394,0.607,0.540,0.530,0.644,0.734,0.403,0.270,0.151,0.327,0.383,0.181,0.067,0.233,0.024,0.922,0.865,0.767,0.307,0.676,0.431,0.377,0.413,0.434,0.447
baseline,Baseline,Moderately polarized appointment environment with ordinary constitutional-review pressure.,current-federal-court,Current-style federal supreme court,court_variant,strong_form_court,doctrine,equality,1380,1380,57359,55979,1.000,0.024,0.750,0.669,0.374,0.896,0.770,0.026,0.377,0.543,0.914,0.000,0.599,0.579,2.293,0.512,0.460,0.574,0.363,0.384,0.562,0.464,0.323,0.611,0.561,0.512,0.645,0.728,0.396,0.273,0.159,0.278,0.430,0.160,0.067,0.237,0.028,0.911,0.846,0.738,0.305,0.670,0.413,0.374,0.428,0.425,0.442
baseline,Baseline,Moderately polarized appointment environment with ordinary constitutional-review pressure.,current-federal-court,Current-style federal supreme court,court_variant,strong_form_court,doctrine,federalism,1352,1352,56829,55477,1.000,0.024,0.854,0.737,0.299,0.382,0.139,0.024,0.354,0.524,0.382,0.000,0.859,0.655,2.768,0.750,0.580,0.609,0.319,0.449,0.536,0.400,0.371,0.611,0.596,0.548,0.644,0.738,0.410,0.285,0.136,0.309,0.445,0.158,0.061,0.190,0.029,0.912,0.857,0.763,0.309,0.723,0.423,0.389,0.456,0.444,0.464
baseline,Baseline,Moderately polarized appointment environment with ordinary constitutional-review pressure.,current-federal-court,Current-style federal supreme court,court_variant,strong_form_court,doctrine,speech,1398,1398,60230,58832,1.000,0.023,0.781,0.676,0.335,0.807,0.613,0.022,0.364,0.587,0.827,0.000,0.510,0.572,2.226,0.436,0.443,0.585,0.329,0.400,0.560,0.452,0.328,0.615,0.573,0.513,0.645,0.718,0.409,0.261,0.156,0.253,0.435,0.163,0.076,0.289,0.028,0.914,0.855,0.749,0.304,0.660,0.411,0.371,0.425,0.423,0.439
baseline,Baseline,Moderately polarized appointment environment with ordinary constitutional-review pressure.,eighteen-year-terms,Staggered 18-year nonrenewable terms,court_variant,strong_form_court,doctrine,administrative_state,1379,1379,61111,59732,1.000,0.023,0.901,0.761,0.268,0.164,0.036,0.024,0.314,0.441,0.154,0.000,0.739,0.645,2.706,0.458,0.503,0.647,0.256,0.478,0.538,0.392,0.393,0.618,0.625,0.535,0.644,0.711,0.463,0.215,0.132,0.270,0.438,0.229,0.059,0.302,0.034,0.891,0.831,0.742,0.312,0.706,0.434,0.388,0.451,0.442,0.462
baseline,Baseline,Moderately polarized appointment environment with ordinary constitutional-review pressure.,eighteen-year-terms,Staggered 18-year nonrenewable terms,court_variant,strong_form_court,doctrine,criminal_procedure,1348,1348,57473,56125,1.000,0.023,0.795,0.679,0.332,0.759,0.559,0.032,0.386,0.538,0.807,0.000,0.595,0.587,2.329,0.558,0.488,0.589,0.340,0.405,0.556,0.439,0.345,0.612,0.573,0.512,0.645,0.728,0.395,0.280,0.168,0.293,0.408,0.169,0.082,0.240,0.029,0.911,0.848,0.761,0.310,0.675,0.429,0.380,0.433,0.431,0.450
baseline,Baseline,Moderately polarized appointment environment with ordinary constitutional-review pressure.,eighteen-year-terms,Staggered 18-year nonrenewable terms,court_variant,strong_form_court,doctrine,election_law,1347,1347,53869,52522,1.000,0.025,0.756,0.657,0.336,0.832,0.675,0.040,0.368,0.560,0.832,0.000,0.840,0.634,2.726,0.657,0.509,0.575,0.368,0.382,0.563,0.444,0.345,0.607,0.555,0.526,0.644,0.738,0.401,0.284,0.169,0.301,0.382,0.177,0.089,0.186,0.023,0.916,0.857,0.764,0.311,0.711,0.428,0.388,0.452,0.436,0.461
baseline,Baseline,Moderately polarized appointment environment with ordinary constitutional-review pressure.,eighteen-year-terms,Staggered 18-year nonrenewable terms,court_variant,strong_form_court,doctrine,emergency_powers,1396,1396,57058,55662,1.000,0.024,0.747,0.671,0.553,0.576,0.333,0.027,0.374,0.601,0.576,0.000,0.763,0.552,1.966,0.521,0.484,0.546,0.384,0.396,0.542,0.430,0.394,0.607,0.551,0.522,0.645,0.732,0.380,0.292,0.136,0.323,0.393,0.165,0.070,0.240,0.026,0.909,0.847,0.758,0.312,0.676,0.445,0.381,0.415,0.437,0.451
baseline,Baseline,Moderately polarized appointment environment with ordinary constitutional-review pressure.,eighteen-year-terms,Staggered 18-year nonrenewable terms,court_variant,strong_form_court,doctrine,equality,1380,1380,57307,55927,1.000,0.024,0.756,0.671,0.378,0.891,0.717,0.037,0.413,0.543,0.911,0.000,0.599,0.579,2.293,0.512,0.460,0.580,0.359,0.389,0.561,0.464,0.323,0.611,0.565,0.503,0.645,0.727,0.400,0.288,0.153,0.290,0.428,0.160,0.076,0.242,0.028,0.902,0.833,0.735,0.309,0.670,0.427,0.378,0.430,0.428,0.447
baseline,Baseline,Moderately polarized appointment environment with ordinary constitutional-review pressure.,eighteen-year-terms,Staggered 18-year nonrenewable terms,court_variant,strong_form_court,doctrine,federalism,1352,1352,56789,55437,1.000,0.024,0.865,0.745,0.298,0.326,0.090,0.030,0.354,0.464,0.333,0.000,0.859,0.655,2.768,0.750,0.580,0.620,0.314,0.461,0.535,0.400,0.371,0.611,0.603,0.538,0.644,0.737,0.399,0.302,0.138,0.327,0.440,0.141,0.065,0.235,0.030,0.901,0.843,0.758,0.314,0.723,0.438,0.393,0.457,0.447,0.469
baseline,Baseline,Moderately polarized appointment environment with ordinary constitutional-review pressure.,eighteen-year-terms,Staggered 18-year nonrenewable terms,court_variant,strong_form_court,doctrine,speech,1398,1398,60112,58714,1.000,0.023,0.786,0.678,0.345,0.767,0.581,0.035,0.400,0.577,0.766,0.000,0.510,0.572,2.226,0.436,0.443,0.589,0.328,0.405,0.559,0.452,0.328,0.615,0.576,0.505,0.645,0.718,0.431,0.247,0.157,0.259,0.426,0.152,0.066,0.275,0.029,0.906,0.843,0.742,0.309,0.660,0.427,0.375,0.427,0.426,0.444
baseline,Baseline,Moderately polarized appointment environment with ordinary constitutional-review pressure.,fifteen-justice-commission,Fifteen-justice supermajority commission court,court_variant,strong_form_court,doctrine,administrative_state,1379,1379,63185,61806,1.000,0.022,0.981,0.772,0.042,0.035,0.014,0.635,0.547,0.194,0.027,0.024,0.739,0.645,2.706,0.458,0.503,0.746,0.185,0.490,0.555,0.392,0.393,0.621,0.672,0.450,0.644,0.703,0.587,0.146,0.103,0.199,0.611,0.148,0.041,0.432,0.069,0.669,0.660,0.439,0.365,0.708,0.422,0.442,0.458,0.460,0.478
baseline,Baseline,Moderately polarized appointment environment with ordinary constitutional-review pressure.,fifteen-justice-commission,Fifteen-justice supermajority commission court,court_variant,strong_form_court,doctrine,criminal_procedure,1348,1348,59323,57975,1.000,0.023,0.872,0.725,0.054,0.579,0.533,0.725,0.602,0.322,0.625,0.158,0.595,0.587,2.329,0.558,0.488,0.698,0.260,0.454,0.585,0.439,0.345,0.617,0.636,0.428,0.645,0.718,0.542,0.186,0.142,0.194,0.560,0.118,0.060,0.364,0.054,0.709,0.696,0.465,0.363,0.677,0.417,0.434,0.440,0.449,0.465
baseline,Baseline,Moderately polarized appointment environment with ordinary constitutional-review pressure.,fifteen-justice-commission,Fifteen-justice supermajority commission court,court_variant,strong_form_court,doctrine,election_law,1347,1347,55345,53998,1.000,0.024,0.831,0.714,0.043,0.713,0.622,0.644,0.588,0.263,0.713,0.419,0.840,0.634,2.726,0.657,0.509,0.688,0.284,0.436,0.594,0.444,0.345,0.612,0.621,0.444,0.644,0.728,0.514,0.186,0.156,0.223,0.544,0.113,0.085,0.316,0.046,0.711,0.701,0.466,0.364,0.713,0.416,0.443,0.458,0.453,0.476
baseline,Baseline,Moderately polarized appointment environment with ordinary constitutional-review pressure.,fifteen-justice-commission,Fifteen-justice supermajority commission court,court_variant,strong_form_court,doctrine,emergency_powers,1396,1396,58516,57120,1.000,0.024,0.878,0.731,0.139,0.304,0.298,0.682,0.611,0.266,0.304,0.424,0.763,0.552,1.966,0.521,0.484,0.692,0.257,0.462,0.568,0.430,0.394,0.616,0.636,0.438,0.645,0.716,0.546,0.180,0.128,0.193,0.518,0.127,0.058,0.374,0.053,0.686,0.675,0.445,0.365,0.678,0.437,0.436,0.420,0.455,0.467
baseline,Baseline,Moderately polarized appointment environment with ordinary constitutional-review pressure.,fifteen-justice-commission,Fifteen-justice supermajority commission court,court_variant,strong_form_court,doctrine,equality,1380,1380,59116,57736,1.000,0.023,0.827,0.729,0.059,0.777,0.718,0.711,0.635,0.294,0.810,0.384,0.599,0.579,2.293,0.512,0.460,0.697,0.274,0.446,0.598,0.464,0.323,0.616,0.633,0.420,0.645,0.717,0.549,0.157,0.141,0.184,0.552,0.118,0.070,0.373,0.056,0.689,0.667,0.431,0.362,0.672,0.415,0.432,0.436,0.445,0.462
baseline,Baseline,Moderately polarized appointment environment with ordinary constitutional-review pressure.,fifteen-justice-commission,Fifteen-justice supermajority commission court,court_variant,strong_form_court,doctrine,federalism,1352,1352,58577,57225,1.000,0.023,0.962,0.777,0.048,0.071,0.051,0.678,0.475,0.262,0.076,0.005,0.859,0.655,2.768,0.750,0.580,0.731,0.232,0.490,0.552,0.400,0.371,0.616,0.662,0.453,0.644,0.727,0.540,0.180,0.122,0.224,0.544,0.118,0.041,0.329,0.057,0.688,0.683,0.450,0.367,0.725,0.425,0.447,0.463,0.464,0.484
baseline,Baseline,Moderately polarized appointment environment with ordinary constitutional-review pressure.,fifteen-justice-commission,Fifteen-justice supermajority commission court,court_variant,strong_form_court,doctrine,speech,1398,1398,62290,60892,1.000,0.022,0.862,0.725,0.047,0.617,0.554,0.689,0.569,0.275,0.627,0.275,0.510,0.572,2.226,0.436,0.443,0.702,0.243,0.453,0.590,0.452,0.328,0.620,0.640,0.421,0.645,0.708,0.587,0.135,0.135,0.161,0.589,0.117,0.069,0.410,0.058,0.695,0.675,0.450,0.361,0.662,0.413,0.430,0.433,0.443,0.459
baseline,Baseline,Moderately polarized appointment environment with ordinary constitutional-review pressure.,supermajority-invalidation,Supermajority required to invalidate laws,court_variant,strong_form_court,doctrine,administrative_state,1379,1379,63165,61786,1.000,0.022,0.980,0.771,0.045,0.057,0.021,0.569,0.483,0.207,0.064,0.017,0.739,0.645,2.706,0.458,0.503,0.722,0.187,0.488,0.548,0.392,0.393,0.620,0.667,0.460,0.643,0.707,0.559,0.170,0.114,0.213,0.569,0.156,0.045,0.417,0.062,0.699,0.687,0.493,0.305,0.708,0.400,0.383,0.455,0.496,0.464
baseline,Baseline,Moderately polarized appointment environment with ordinary constitutional-review pressure.,supermajority-invalidation,Supermajority required to invalidate laws,court_variant,strong_form_court,doctrine,criminal_procedure,1348,1348,59287,57939,1.000,0.023,0.888,0.720,0.059,0.627,0.473,0.568,0.551,0.351,0.667,0.184,0.595,0.587,2.329,0.558,0.488,0.675,0.256,0.452,0.572,0.439,0.345,0.616,0.632,0.436,0.644,0.721,0.540,0.169,0.142,0.216,0.556,0.122,0.065,0.339,0.051,0.731,0.716,0.509,0.304,0.677,0.396,0.374,0.437,0.485,0.452
baseline,Baseline,Moderately polarized appointment environment with ordinary constitutional-review pressure.,supermajority-invalidation,Supermajority required to invalidate laws,court_variant,strong_form_court,doctrine,election_law,1347,1347,55333,53986,1.000,0.024,0.842,0.712,0.044,0.721,0.619,0.630,0.521,0.279,0.721,0.430,0.840,0.634,2.726,0.657,0.509,0.667,0.285,0.433,0.586,0.444,0.345,0.611,0.617,0.454,0.643,0.732,0.522,0.189,0.167,0.215,0.516,0.138,0.095,0.304,0.041,0.731,0.718,0.503,0.305,0.713,0.394,0.383,0.455,0.490,0.463
baseline,Baseline,Moderately polarized appointment environment with ordinary constitutional-review pressure.,supermajority-invalidation,Supermajority required to invalidate laws,court_variant,strong_form_court,doctrine,emergency_powers,1396,1396,58661,57265,1.000,0.024,0.885,0.723,0.142,0.368,0.274,0.662,0.501,0.289,0.368,0.406,0.763,0.552,1.966,0.521,0.484,0.665,0.259,0.452,0.559,0.430,0.394,0.615,0.628,0.448,0.644,0.720,0.519,0.187,0.138,0.234,0.529,0.126,0.059,0.356,0.048,0.715,0.703,0.493,0.305,0.678,0.414,0.376,0.418,0.491,0.453
baseline,Baseline,Moderately polarized appointment environment with ordinary constitutional-review pressure.,supermajority-invalidation,Supermajority required to invalidate laws,court_variant,strong_form_court,doctrine,equality,1380,1380,59232,57852,1.000,0.023,0.842,0.730,0.051,0.786,0.690,0.665,0.527,0.286,0.804,0.390,0.599,0.579,2.293,0.512,0.460,0.677,0.270,0.449,0.589,0.464,0.323,0.615,0.631,0.429,0.644,0.720,0.540,0.166,0.151,0.173,0.547,0.112,0.064,0.386,0.053,0.710,0.683,0.475,0.303,0.672,0.392,0.373,0.434,0.481,0.448
baseline,Baseline,Moderately polarized appointment environment with ordinary constitutional-review pressure.,supermajority-invalidation,Supermajority required to invalidate laws,court_variant,strong_form_court,doctrine,federalism,1352,1352,58604,57252,1.000,0.023,0.964,0.776,0.047,0.107,0.058,0.655,0.525,0.232,0.112,0.040,0.859,0.655,2.768,0.750,0.580,0.706,0.233,0.487,0.544,0.400,0.371,0.614,0.657,0.463,0.643,0.731,0.541,0.186,0.118,0.244,0.558,0.098,0.056,0.308,0.052,0.712,0.702,0.505,0.307,0.725,0.403,0.388,0.461,0.501,0.471
baseline,Baseline,Moderately polarized appointment environment with ordinary constitutional-review pressure.,supermajority-invalidation,Supermajority required to invalidate laws,court_variant,strong_form_court,doctrine,speech,1398,1398,62049,60651,1.000,0.023,0.875,0.720,0.061,0.648,0.514,0.653,0.507,0.347,0.719,0.282,0.510,0.572,2.226,0.436,0.443,0.678,0.244,0.452,0.578,0.452,0.328,0.618,0.635,0.430,0.644,0.712,0.532,0.165,0.154,0.173,0.554,0.134,0.070,0.378,0.052,0.720,0.700,0.495,0.302,0.662,0.394,0.370,0.430,0.480,0.446
baseline,Baseline,Moderately polarized appointment environment with ordinary constitutional-review pressure.,strict-recusal-court,Strict recusal with substitute justices,court_variant,strong_form_court,doctrine,administrative_state,1379,1379,62984,61605,1.000,0.022,0.978,0.772,0.051,0.043,0.012,0.688,0.630,0.192,0.049,0.024,0.739,0.645,2.706,0.458,0.503,0.763,0.187,0.490,0.563,0.392,0.393,0.618,0.676,0.449,0.644,0.707,0.605,0.151,0.097,0.183,0.600,0.136,0.038,0.459,0.073,0.615,0.612,0.394,0.364,0.708,0.424,0.441,0.457,0.494,0.484
baseline,Baseline,Moderately polarized appointment environment with ordinary constitutional-review pressure.,strict-recusal-court,Strict recusal with substitute justices,court_variant,strong_form_court,doctrine,criminal_procedure,1348,1348,59303,57955,1.000,0.023,0.875,0.723,0.056,0.621,0.490,0.661,0.638,0.345,0.659,0.147,0.595,0.587,2.329,0.558,0.488,0.717,0.256,0.455,0.590,0.439,0.345,0.613,0.641,0.425,0.645,0.721,0.579,0.149,0.131,0.177,0.549,0.119,0.068,0.381,0.058,0.659,0.656,0.409,0.362,0.677,0.418,0.433,0.440,0.483,0.471
baseline,Baseline,Moderately polarized appointment environment with ordinary constitutional-review pressure.,strict-recusal-court,Strict recusal with substitute justices,court_variant,strong_form_court,doctrine,election_law,1347,1347,55246,53899,1.000,0.024,0.830,0.716,0.050,0.665,0.616,0.757,0.681,0.265,0.665,0.357,0.840,0.634,2.726,0.657,0.509,0.706,0.284,0.440,0.601,0.444,0.345,0.609,0.627,0.441,0.644,0.732,0.531,0.180,0.149,0.202,0.566,0.102,0.068,0.347,0.050,0.652,0.651,0.406,0.363,0.713,0.418,0.442,0.457,0.488,0.482
baseline,Baseline,Moderately polarized appointment environment with ordinary constitutional-review pressure.,strict-recusal-court,Strict recusal with substitute justices,court_variant,strong_form_court,doctrine,emergency_powers,1396,1396,58532,57136,1.000,0.024,0.882,0.729,0.136,0.326,0.263,0.721,0.686,0.254,0.326,0.438,0.763,0.552,1.966,0.521,0.484,0.711,0.254,0.461,0.574,0.430,0.394,0.613,0.640,0.436,0.644,0.719,0.552,0.183,0.115,0.187,0.566,0.112,0.053,0.393,0.054,0.636,0.627,0.390,0.364,0.678,0.438,0.435,0.420,0.489,0.473
baseline,Baseline,Moderately polarized appointment environment with ordinary constitutional-review pressure.,strict-recusal-court,Strict recusal with substitute justices,court_variant,strong_form_court,doctrine,equality,1380,1380,59205,57825,1.000,0.023,0.827,0.732,0.050,0.711,0.716,0.722,0.690,0.294,0.742,0.374,0.599,0.579,2.293,0.512,0.460,0.718,0.272,0.449,0.607,0.464,0.323,0.613,0.639,0.419,0.645,0.720,0.557,0.154,0.146,0.179,0.599,0.097,0.081,0.382,0.062,0.636,0.620,0.379,0.361,0.672,0.414,0.431,0.436,0.479,0.467
baseline,Baseline,Moderately polarized appointment environment with ordinary constitutional-review pressure.,strict-recusal-court,Strict recusal with substitute justices,court_variant,strong_form_court,doctrine,federalism,1352,1352,58586,57234,1.000,0.023,0.964,0.778,0.045,0.044,0.037,0.635,0.691,0.249,0.046,0.017,0.859,0.655,2.768,0.750,0.580,0.751,0.230,0.491,0.559,0.400,0.371,0.612,0.667,0.451,0.644,0.731,0.588,0.152,0.121,0.212,0.582,0.092,0.057,0.367,0.065,0.634,0.638,0.403,0.366,0.725,0.426,0.446,0.463,0.499,0.490
baseline,Baseline,Moderately polarized appointment environment with ordinary constitutional-review pressure.,strict-recusal-court,Strict recusal with substitute justices,court_variant,strong_form_court,doctrine,speech,1398,1398,62186,60788,1.000,0.022,0.861,0.724,0.053,0.636,0.550,0.749,0.690,0.337,0.632,0.241,0.510,0.572,2.226,0.436,0.443,0.720,0.244,0.453,0.597,0.452,0.328,0.616,0.644,0.419,0.645,0.712,0.589,0.149,0.118,0.156,0.579,0.117,0.063,0.418,0.060,0.645,0.632,0.397,0.361,0.662,0.415,0.429,0.433,0.478,0.465
baseline,Baseline,Moderately polarized appointment environment with ordinary constitutional-review pressure.,reasoned-emergency-review,Reasoned emergency orders with merits follow-up,court_variant,strong_form_court,doctrine,administrative_state,1379,1379,63574,62195,1.000,0.022,0.985,0.772,0.000,0.040,0.039,0.861,0.564,0.040,0.034,1.000,0.739,0.645,2.706,0.458,0.503,0.775,0.175,0.489,0.568,0.392,0.393,0.621,0.678,0.458,0.644,0.705,0.627,0.146,0.093,0.166,0.606,0.131,0.039,0.454,0.075,0.660,0.672,0.385,0.311,0.709,0.411,0.388,0.458,0.491,0.468
baseline,Baseline,Moderately polarized appointment environment with ordinary constitutional-review pressure.,reasoned-emergency-review,Reasoned emergency orders with merits follow-up,court_variant,strong_form_court,doctrine,criminal_procedure,1348,1348,59699,58351,1.000,0.023,0.873,0.728,0.002,0.650,0.582,0.880,0.670,0.160,0.627,1.000,0.595,0.587,2.329,0.558,0.488,0.731,0.254,0.451,0.605,0.439,0.345,0.616,0.642,0.438,0.644,0.721,0.574,0.157,0.138,0.159,0.557,0.122,0.071,0.353,0.061,0.704,0.714,0.395,0.309,0.677,0.406,0.380,0.440,0.480,0.455
baseline,Baseline,Moderately polarized appointment environment with ordinary constitutional-review pressure.,reasoned-emergency-review,Reasoned emergency orders with merits follow-up,court_variant,strong_form_court,doctrine,election_law,1347,1347,55581,54234,1.000,0.024,0.831,0.715,0.003,0.660,0.676,0.870,0.690,0.160,0.660,1.000,0.840,0.634,2.726,0.657,0.509,0.719,0.281,0.434,0.613,0.444,0.345,0.611,0.627,0.455,0.644,0.731,0.533,0.195,0.151,0.212,0.579,0.128,0.077,0.326,0.050,0.700,0.712,0.394,0.310,0.713,0.406,0.389,0.458,0.485,0.466
baseline,Baseline,Moderately polarized appointment environment with ordinary constitutional-review pressure.,reasoned-emergency-review,Reasoned emergency orders with merits follow-up,court_variant,strong_form_court,doctrine,emergency_powers,1396,1396,59112,57716,1.000,0.024,0.893,0.731,0.012,0.388,0.336,0.896,0.708,0.146,0.388,1.000,0.763,0.552,1.966,0.521,0.484,0.736,0.230,0.457,0.588,0.430,0.394,0.618,0.646,0.449,0.644,0.716,0.538,0.154,0.134,0.206,0.585,0.111,0.061,0.408,0.058,0.679,0.693,0.380,0.311,0.678,0.424,0.381,0.421,0.486,0.457
baseline,Baseline,Moderately polarized appointment environment with ordinary constitutional-review pressure.,reasoned-emergency-review,Reasoned emergency orders with merits follow-up,court_variant,strong_form_court,doctrine,equality,1380,1380,59594,58214,1.000,0.023,0.830,0.732,0.003,0.802,0.758,0.877,0.679,0.142,0.831,1.000,0.599,0.579,2.293,0.512,0.460,0.731,0.268,0.447,0.618,0.464,0.323,0.615,0.640,0.431,0.644,0.719,0.583,0.157,0.132,0.164,0.570,0.112,0.075,0.392,0.062,0.679,0.678,0.369,0.308,0.673,0.402,0.378,0.437,0.476,0.452
baseline,Baseline,Moderately polarized appointment environment with ordinary constitutional-review pressure.,reasoned-emergency-review,Reasoned emergency orders with merits follow-up,court_variant,strong_form_court,doctrine,federalism,1352,1352,58972,57620,1.000,0.023,0.962,0.774,0.000,0.131,0.101,0.808,0.747,0.121,0.140,1.000,0.859,0.655,2.768,0.750,0.580,0.758,0.223,0.486,0.567,0.400,0.371,0.615,0.666,0.463,0.643,0.729,0.555,0.173,0.117,0.219,0.560,0.116,0.058,0.322,0.063,0.676,0.691,0.386,0.313,0.726,0.414,0.393,0.464,0.496,0.474
baseline,Baseline,Moderately polarized appointment environment with ordinary constitutional-review pressure.,reasoned-emergency-review,Reasoned emergency orders with merits follow-up,court_variant,strong_form_court,doctrine,speech,1398,1398,62606,61208,1.000,0.022,0.861,0.727,0.002,0.565,0.621,0.824,0.713,0.185,0.636,1.000,0.510,0.572,2.226,0.436,0.443,0.733,0.242,0.450,0.611,0.452,0.328,0.619,0.645,0.431,0.645,0.711,0.592,0.138,0.149,0.157,0.561,0.127,0.076,0.409,0.062,0.696,0.694,0.392,0.307,0.662,0.403,0.375,0.433,0.475,0.449
baseline,Baseline,Moderately polarized appointment environment with ordinary constitutional-review pressure.,panel-en-banc-review,Panel review with en banc safety valve,court_variant,strong_form_court,doctrine,administrative_state,1379,1379,63148,61769,1.000,0.022,0.978,0.772,0.043,0.023,0.015,0.640,0.634,0.177,0.020,0.011,0.739,0.645,2.706,0.458,0.503,0.757,0.185,0.490,0.560,0.392,0.393,0.614,0.672,0.447,0.643,0.705,0.574,0.144,0.112,0.202,0.569,0.154,0.041,0.402,0.065,0.686,0.685,0.459,0.433,0.708,0.456,0.507,0.527,0.485,0.518
baseline,Baseline,Moderately polarized appointment environment with ordinary constitutional-review pressure.,panel-en-banc-review,Panel review with en banc safety valve,court_variant,strong_form_court,doctrine,criminal_procedure,1348,1348,59240,57892,1.000,0.023,0.868,0.725,0.056,0.609,0.545,0.714,0.635,0.245,0.609,0.234,0.595,0.587,2.329,0.558,0.488,0.711,0.261,0.453,0.591,0.439,0.345,0.610,0.636,0.425,0.644,0.721,0.516,0.192,0.146,0.206,0.536,0.134,0.065,0.330,0.052,0.727,0.716,0.471,0.426,0.677,0.447,0.494,0.499,0.470,0.501
baseline,Baseline,Moderately polarized appointment environment with ordinary constitutional-review pressure.,panel-en-banc-review,Panel review with en banc safety valve,court_variant,strong_form_court,doctrine,election_law,1347,1347,55257,53910,1.000,0.024,0.824,0.715,0.047,0.626,0.641,0.676,0.687,0.263,0.626,0.363,0.840,0.634,2.726,0.657,0.509,0.700,0.285,0.439,0.600,0.444,0.345,0.603,0.622,0.441,0.643,0.731,0.524,0.197,0.151,0.217,0.516,0.128,0.077,0.315,0.045,0.721,0.715,0.468,0.441,0.713,0.458,0.514,0.540,0.484,0.524
baseline,Baseline,Moderately polarized appointment environment with ordinary constitutional-review pressure.,panel-en-banc-review,Panel review with en banc safety valve,court_variant,strong_form_court,doctrine,emergency_powers,1396,1396,58594,57198,1.000,0.024,0.875,0.730,0.135,0.323,0.293,0.691,0.623,0.268,0.323,0.428,0.763,0.552,1.966,0.521,0.484,0.704,0.256,0.462,0.573,0.430,0.394,0.608,0.636,0.435,0.644,0.719,0.546,0.173,0.138,0.206,0.554,0.118,0.067,0.355,0.050,0.705,0.699,0.459,0.438,0.678,0.475,0.504,0.497,0.483,0.512
baseline,Baseline,Moderately polarized appointment environment with ordinary constitutional-review pressure.,panel-en-banc-review,Panel review with en banc safety valve,court_variant,strong_form_court,doctrine,equality,1380,1380,59197,57817,1.000,0.023,0.822,0.728,0.056,0.803,0.732,0.689,0.653,0.249,0.804,0.358,0.599,0.579,2.293,0.512,0.460,0.709,0.275,0.445,0.604,0.464,0.323,0.609,0.632,0.418,0.644,0.720,0.539,0.191,0.141,0.183,0.546,0.117,0.064,0.386,0.055,0.708,0.687,0.455,0.428,0.672,0.446,0.495,0.501,0.468,0.501
baseline,Baseline,Moderately polarized appointment environment with ordinary constitutional-review pressure.,panel-en-banc-review,Panel review with en banc safety valve,court_variant,strong_form_court,doctrine,federalism,1352,1352,58590,57238,1.000,0.023,0.958,0.777,0.046,0.079,0.050,0.582,0.616,0.203,0.081,0.006,0.859,0.655,2.768,0.750,0.580,0.742,0.231,0.491,0.556,0.400,0.371,0.607,0.663,0.450,0.643,0.730,0.522,0.184,0.115,0.250,0.526,0.113,0.051,0.310,0.056,0.703,0.699,0.466,0.442,0.725,0.465,0.518,0.544,0.494,0.530
baseline,Baseline,Moderately polarized appointment environment with ordinary constitutional-review pressure.,panel-en-banc-review,Panel review with en banc safety valve,court_variant,strong_form_court,doctrine,speech,1398,1398,62152,60754,1.000,0.022,0.858,0.725,0.053,0.602,0.584,0.696,0.728,0.272,0.634,0.262,0.510,0.572,2.226,0.436,0.443,0.715,0.247,0.453,0.597,0.452,0.328,0.613,0.640,0.418,0.645,0.711,0.574,0.167,0.122,0.170,0.547,0.137,0.062,0.390,0.054,0.707,0.693,0.449,0.422,0.662,0.441,0.487,0.488,0.463,0.493
baseline,Baseline,Moderately polarized appointment environment with ordinary constitutional-review pressure.,dual-cross-checking-courts,Dual supreme courts with cross-checking invalidations,court_variant,strong_form_court,doctrine,administrative_state,1379,1379,63779,62400,1.000,0.022,0.995,0.772,0.000,0.015,0.004,0.896,0.627,0.060,0.017,1.000,0.739,0.645,2.706,0.458,0.503,0.786,0.181,0.491,0.567,0.392,0.393,0.592,0.675,0.612,0.640,0.719,0.679,0.104,0.087,0.159,0.670,0.115,0.036,0.503,0.088,0.480,0.456,0.291,0.519,0.709,0.567,0.589,0.585,0.628,0.597
baseline,Baseline,Moderately polarized appointment environment with ordinary constitutional-review pressure.,dual-cross-checking-courts,Dual supreme courts with cross-checking invalidations,court_variant,strong_form_court,doctrine,criminal_procedure,1348,1348,59883,58535,1.000,0.023,0.898,0.734,0.001,0.492,0.444,0.921,0.667,0.175,0.511,1.000,0.595,0.587,2.329,0.558,0.488,0.740,0.259,0.468,0.595,0.439,0.345,0.587,0.643,0.587,0.641,0.735,0.622,0.124,0.117,0.145,0.617,0.085,0.061,0.442,0.071,0.516,0.498,0.299,0.517,0.678,0.562,0.580,0.567,0.616,0.584
baseline,Baseline,Moderately polarized appointment environment with ordinary constitutional-review pressure.,dual-cross-checking-courts,Dual supreme courts with cross-checking invalidations,court_variant,strong_form_court,doctrine,election_law,1347,1347,55788,54441,1.000,0.024,0.859,0.729,0.002,0.660,0.530,0.957,0.787,0.149,0.660,1.000,0.840,0.634,2.726,0.657,0.509,0.728,0.286,0.455,0.603,0.444,0.345,0.582,0.631,0.602,0.640,0.745,0.638,0.134,0.111,0.172,0.608,0.085,0.050,0.413,0.062,0.514,0.492,0.306,0.518,0.713,0.560,0.589,0.585,0.621,0.595
baseline,Baseline,Moderately polarized appointment environment with ordinary constitutional-review pressure.,dual-cross-checking-courts,Dual supreme courts with cross-checking invalidations,court_variant,strong_form_court,doctrine,emergency_powers,1396,1396,59445,58049,1.000,0.023,0.934,0.735,0.013,0.246,0.162,0.846,0.702,0.139,0.246,1.000,0.763,0.552,1.966,0.521,0.484,0.748,0.234,0.471,0.576,0.430,0.394,0.588,0.649,0.599,0.641,0.730,0.643,0.121,0.112,0.163,0.653,0.082,0.047,0.466,0.071,0.492,0.468,0.291,0.519,0.679,0.578,0.581,0.548,0.622,0.585
baseline,Baseline,Moderately polarized appointment environment with ordinary constitutional-review pressure.,dual-cross-checking-courts,Dual supreme courts with cross-checking invalidations,court_variant,strong_form_court,doctrine,equality,1380,1380,59820,58440,1.000,0.023,0.850,0.743,0.003,0.817,0.658,0.933,0.833,0.083,0.839,1.000,0.599,0.579,2.293,0.512,0.460,0.740,0.272,0.462,0.612,0.464,0.323,0.586,0.641,0.580,0.641,0.734,0.664,0.122,0.103,0.123,0.643,0.090,0.045,0.490,0.077,0.503,0.469,0.283,0.516,0.673,0.557,0.578,0.564,0.612,0.581
baseline,Baseline,Moderately polarized appointment environment with ordinary constitutional-review pressure.,dual-cross-checking-courts,Dual supreme courts with cross-checking invalidations,court_variant,strong_form_court,doctrine,federalism,1352,1352,59164,57812,1.000,0.023,0.987,0.781,0.000,0.017,0.013,0.810,0.603,0.086,0.019,1.000,0.859,0.655,2.768,0.750,0.580,0.774,0.227,0.493,0.562,0.400,0.371,0.586,0.667,0.614,0.640,0.744,0.631,0.132,0.098,0.193,0.654,0.075,0.040,0.393,0.075,0.485,0.468,0.297,0.521,0.726,0.569,0.594,0.591,0.632,0.603
baseline,Baseline,Moderately polarized appointment environment with ordinary constitutional-review pressure.,dual-cross-checking-courts,Dual supreme courts with cross-checking invalidations,court_variant,strong_form_court,doctrine,speech,1398,1398,62859,61461,1.000,0.022,0.884,0.733,0.002,0.683,0.492,0.841,0.746,0.095,0.806,1.000,0.510,0.572,2.226,0.436,0.443,0.741,0.248,0.464,0.602,0.452,0.328,0.589,0.645,0.581,0.641,0.726,0.644,0.116,0.114,0.134,0.652,0.090,0.048,0.517,0.071,0.508,0.480,0.291,0.516,0.663,0.558,0.576,0.560,0.611,0.578
baseline,Baseline,Moderately polarized appointment environment with ordinary constitutional-review pressure.,constitutional-council,Pre-enactment constitutional council,court_variant,strong_form_court,doctrine,administrative_state,1379,1379,63133,61754,1.000,0.022,0.989,0.772,0.041,0.006,0.002,0.722,0.648,0.188,0.006,0.017,0.739,0.645,2.706,0.458,0.503,0.790,0.184,0.491,0.570,0.392,0.393,0.604,0.673,0.679,0.643,0.714,0.703,0.084,0.089,0.128,0.691,0.090,0.030,0.552,0.092,0.383,0.333,0.237,0.443,0.708,0.483,0.515,0.526,0.570,0.541
baseline,Baseline,Moderately polarized appointment environment with ordinary constitutional-review pressure.,constitutional-council,Pre-enactment constitutional council,court_variant,strong_form_court,doctrine,criminal_procedure,1348,1348,59341,57993,1.000,0.023,0.943,0.723,0.050,0.566,0.397,0.769,0.780,0.289,0.619,0.202,0.595,0.587,2.329,0.558,0.488,0.743,0.244,0.466,0.591,0.439,0.345,0.601,0.646,0.653,0.643,0.727,0.663,0.103,0.108,0.141,0.647,0.079,0.053,0.475,0.078,0.421,0.373,0.258,0.442,0.677,0.479,0.507,0.508,0.559,0.528
baseline,Baseline,Moderately polarized appointment environment with ordinary constitutional-review pressure.,constitutional-council,Pre-enactment constitutional council,court_variant,strong_form_court,doctrine,election_law,1347,1347,55293,53946,1.000,0.024,0.929,0.723,0.042,0.588,0.463,0.741,0.753,0.271,0.588,0.388,0.840,0.634,2.726,0.657,0.509,0.734,0.266,0.459,0.598,0.444,0.345,0.596,0.640,0.666,0.643,0.737,0.648,0.114,0.117,0.154,0.649,0.070,0.057,0.443,0.071,0.402,0.346,0.243,0.443,0.713,0.478,0.516,0.526,0.564,0.539
baseline,Baseline,Moderately polarized appointment environment with ordinary constitutional-review pressure.,constitutional-council,Pre-enactment constitutional council,court_variant,strong_form_court,doctrine,emergency_powers,1396,1396,58665,57269,1.000,0.024,0.940,0.728,0.124,0.242,0.139,0.767,0.707,0.267,0.242,0.419,0.763,0.552,1.966,0.521,0.484,0.740,0.242,0.469,0.575,0.430,0.394,0.600,0.645,0.665,0.643,0.725,0.693,0.109,0.080,0.133,0.673,0.067,0.034,0.524,0.079,0.394,0.341,0.245,0.443,0.678,0.497,0.509,0.489,0.565,0.530
baseline,Baseline,Moderately polarized appointment environment with ordinary constitutional-review pressure.,constitutional-council,Pre-enactment constitutional council,court_variant,strong_form_court,doctrine,equality,1380,1380,59196,57816,1.000,0.023,0.924,0.735,0.052,0.711,0.627,0.747,0.774,0.247,0.736,0.326,0.599,0.579,2.293,0.512,0.460,0.742,0.262,0.458,0.608,0.464,0.323,0.600,0.647,0.646,0.644,0.727,0.668,0.114,0.109,0.142,0.692,0.071,0.055,0.508,0.082,0.408,0.344,0.233,0.440,0.672,0.475,0.505,0.504,0.555,0.525
baseline,Baseline,Moderately polarized appointment environment with ordinary constitutional-review pressure.,constitutional-council,Pre-enactment constitutional council,court_variant,strong_form_court,doctrine,federalism,1352,1352,58521,57169,1.000,0.023,0.982,0.780,0.046,0.021,0.013,0.682,0.630,0.182,0.022,0.016,0.859,0.655,2.768,0.750,0.580,0.777,0.228,0.493,0.565,0.400,0.371,0.598,0.666,0.681,0.642,0.738,0.666,0.109,0.089,0.158,0.666,0.061,0.044,0.462,0.084,0.394,0.343,0.249,0.445,0.725,0.487,0.520,0.531,0.575,0.547
baseline,Baseline,Moderately polarized appointment environment with ordinary constitutional-review pressure.,constitutional-council,Pre-enactment constitutional council,court_variant,strong_form_court,doctrine,speech,1398,1398,62237,60839,1.000,0.022,0.940,0.722,0.050,0.640,0.435,0.787,0.792,0.287,0.617,0.258,0.510,0.572,2.226,0.436,0.443,0.744,0.232,0.462,0.597,0.452,0.328,0.603,0.649,0.647,0.644,0.718,0.675,0.104,0.099,0.144,0.667,0.074,0.048,0.519,0.080,0.412,0.362,0.251,0.440,0.662,0.475,0.503,0.501,0.554,0.522
baseline,Baseline,Moderately polarized appointment environment with ordinary constitutional-review pressure.,legislative-override-court,Judicial review with delayed legislative override,court_variant,strong_form_court,doctrine,administrative_state,1379,1379,63080,61701,1.000,0.022,0.972,0.771,0.047,0.037,0.022,0.640,0.492,0.217,0.036,0.021,0.739,0.645,2.706,0.458,0.503,0.737,0.188,0.489,0.554,0.392,0.393,0.617,0.667,0.450,0.644,0.709,0.553,0.168,0.109,0.215,0.566,0.170,0.051,0.423,0.060,0.726,0.716,0.502,0.312,0.708,0.417,0.388,0.457,0.520,0.474
baseline,Baseline,Moderately polarized appointment environment with ordinary constitutional-review pressure.,legislative-override-court,Judicial review with delayed legislative override,court_variant,strong_form_court,doctrine,criminal_procedure,1348,1348,59288,57940,1.000,0.023,0.860,0.716,0.059,0.650,0.538,0.678,0.552,0.377,0.669,0.169,0.595,0.587,2.329,0.558,0.488,0.690,0.267,0.455,0.585,0.439,0.345,0.612,0.629,0.425,0.644,0.725,0.529,0.194,0.145,0.204,0.552,0.123,0.080,0.328,0.050,0.764,0.747,0.524,0.310,0.677,0.412,0.381,0.439,0.509,0.461
baseline,Baseline,Moderately polarized appointment environment with ordinary constitutional-review pressure.,legislative-override-court,Judicial review with delayed legislative override,court_variant,strong_form_court,doctrine,election_law,1347,1347,55305,53958,1.000,0.024,0.816,0.706,0.046,0.718,0.643,0.659,0.494,0.294,0.718,0.394,0.840,0.634,2.726,0.657,0.509,0.681,0.297,0.445,0.598,0.444,0.345,0.607,0.615,0.439,0.644,0.736,0.511,0.191,0.156,0.210,0.517,0.140,0.068,0.281,0.039,0.758,0.747,0.503,0.311,0.713,0.411,0.389,0.458,0.515,0.472
baseline,Baseline,Moderately polarized appointment environment with ordinary constitutional-review pressure.,legislative-override-court,Judicial review with delayed legislative override,court_variant,strong_form_court,doctrine,emergency_powers,1396,1396,58550,57154,1.000,0.024,0.864,0.725,0.142,0.337,0.322,0.638,0.554,0.281,0.337,0.416,0.763,0.552,1.966,0.521,0.484,0.683,0.262,0.461,0.569,0.430,0.394,0.611,0.629,0.438,0.644,0.723,0.512,0.188,0.138,0.216,0.539,0.130,0.067,0.376,0.045,0.743,0.730,0.505,0.312,0.678,0.431,0.382,0.420,0.515,0.463
baseline,Baseline,Moderately polarized appointment environment with ordinary constitutional-review pressure.,legislative-override-court,Judicial review with delayed legislative override,court_variant,strong_form_court,doctrine,equality,1380,1380,59255,57875,1.000,0.023,0.815,0.724,0.050,0.763,0.736,0.718,0.588,0.260,0.793,0.373,0.599,0.579,2.293,0.512,0.460,0.691,0.282,0.450,0.601,0.464,0.323,0.611,0.627,0.417,0.644,0.724,0.550,0.184,0.131,0.184,0.528,0.126,0.068,0.373,0.050,0.742,0.716,0.494,0.309,0.672,0.407,0.378,0.437,0.505,0.458
baseline,Baseline,Moderately polarized appointment environment with ordinary constitutional-review pressure.,legislative-override-court,Judicial review with delayed legislative override,court_variant,strong_form_court,doctrine,federalism,1352,1352,58580,57228,1.000,0.023,0.949,0.775,0.049,0.114,0.074,0.616,0.578,0.249,0.114,0.032,0.859,0.655,2.768,0.750,0.580,0.721,0.234,0.487,0.552,0.400,0.371,0.611,0.656,0.454,0.643,0.734,0.518,0.209,0.121,0.228,0.538,0.109,0.058,0.293,0.050,0.750,0.742,0.520,0.314,0.725,0.420,0.394,0.463,0.524,0.480
baseline,Baseline,Moderately polarized appointment environment with ordinary constitutional-review pressure.,legislative-override-court,Judicial review with delayed legislative override,court_variant,strong_form_court,doctrine,speech,1398,1398,62210,60812,1.000,0.022,0.849,0.716,0.054,0.638,0.578,0.686,0.584,0.330,0.638,0.238,0.510,0.572,2.226,0.436,0.443,0.693,0.253,0.455,0.592,0.452,0.328,0.614,0.632,0.419,0.645,0.716,0.537,0.176,0.152,0.180,0.516,0.117,0.076,0.388,0.049,0.754,0.734,0.507,0.308,0.662,0.409,0.376,0.433,0.504,0.455
baseline,Baseline,Moderately polarized appointment environment with ordinary constitutional-review pressure.,accountability-retention-court,Retention-election accountability court,court_variant,strong_form_court,doctrine,administrative_state,1379,1379,63053,61674,1.000,0.022,0.974,0.772,0.046,0.005,0.005,0.686,0.521,0.155,0.000,0.046,0.739,0.645,2.706,0.458,0.503,0.757,0.185,0.491,0.558,0.392,0.393,0.613,0.681,0.429,0.644,0.712,0.676,0.090,0.088,0.151,0.663,0.110,0.036,0.506,0.078,0.435,0.385,0.297,0.323,0.708,0.454,0.399,0.461,0.546,0.489
baseline,Baseline,Moderately polarized appointment environment with ordinary constitutional-review pressure.,accountability-retention-court,Retention-election accountability court,court_variant,strong_form_court,doctrine,criminal_procedure,1348,1348,59375,58027,1.000,0.023,0.886,0.708,0.046,0.467,0.335,0.707,0.611,0.263,0.513,0.240,0.595,0.587,2.329,0.558,0.488,0.713,0.245,0.479,0.578,0.439,0.345,0.610,0.650,0.398,0.644,0.725,0.630,0.116,0.107,0.150,0.636,0.071,0.050,0.449,0.064,0.466,0.418,0.308,0.321,0.677,0.448,0.392,0.444,0.536,0.476
baseline,Baseline,Moderately polarized appointment environment with ordinary constitutional-review pressure.,accountability-retention-court,Retention-election accountability court,court_variant,strong_form_court,doctrine,election_law,1347,1347,55294,53947,1.000,0.024,0.851,0.705,0.040,0.421,0.408,0.643,0.632,0.298,0.421,0.368,0.840,0.634,2.726,0.657,0.509,0.706,0.275,0.482,0.588,0.444,0.345,0.604,0.641,0.406,0.644,0.736,0.616,0.120,0.114,0.173,0.630,0.080,0.050,0.425,0.056,0.451,0.396,0.294,0.322,0.713,0.448,0.400,0.463,0.542,0.488
baseline,Baseline,Moderately polarized appointment environment with ordinary constitutional-review pressure.,accountability-retention-court,Retention-election accountability court,court_variant,strong_form_court,doctrine,emergency_powers,1396,1396,58530,57134,1.000,0.024,0.904,0.729,0.125,0.138,0.137,0.696,0.584,0.218,0.138,0.423,0.763,0.552,1.966,0.521,0.484,0.715,0.244,0.481,0.563,0.430,0.394,0.609,0.654,0.413,0.644,0.723,0.641,0.120,0.105,0.166,0.639,0.064,0.041,0.476,0.067,0.441,0.388,0.300,0.323,0.678,0.468,0.393,0.424,0.542,0.478
baseline,Baseline,Moderately polarized appointment environment with ordinary constitutional-review pressure.,accountability-retention-court,Retention-election accountability court,court_variant,strong_form_court,doctrine,equality,1380,1380,59248,57868,1.000,0.023,0.825,0.710,0.046,0.688,0.584,0.656,0.618,0.317,0.729,0.446,0.599,0.579,2.293,0.512,0.460,0.709,0.277,0.481,0.601,0.464,0.323,0.607,0.644,0.383,0.644,0.726,0.628,0.128,0.117,0.138,0.612,0.091,0.060,0.447,0.065,0.458,0.391,0.289,0.320,0.672,0.444,0.389,0.442,0.533,0.473
baseline,Baseline,Moderately polarized appointment environment with ordinary constitutional-review pressure.,accountability-retention-court,Retention-election accountability court,court_variant,strong_form_court,doctrine,federalism,1352,1352,58575,57223,1.000,0.023,0.957,0.779,0.046,0.027,0.020,0.617,0.628,0.153,0.029,0.016,0.859,0.655,2.768,0.750,0.580,0.746,0.228,0.493,0.553,0.400,0.371,0.607,0.673,0.432,0.643,0.736,0.618,0.130,0.101,0.177,0.641,0.070,0.047,0.391,0.070,0.442,0.393,0.311,0.325,0.725,0.457,0.405,0.467,0.551,0.495
baseline,Baseline,Moderately polarized appointment environment with ordinary constitutional-review pressure.,accountability-retention-court,Retention-election accountability court,court_variant,strong_form_court,doctrine,speech,1398,1398,62192,60794,1.000,0.022,0.870,0.700,0.049,0.434,0.388,0.714,0.603,0.280,0.500,0.259,0.510,0.572,2.226,0.436,0.443,0.712,0.239,0.473,0.586,0.452,0.328,0.611,0.649,0.389,0.644,0.716,0.631,0.114,0.116,0.151,0.619,0.094,0.050,0.486,0.068,0.455,0.402,0.295,0.320,0.662,0.445,0.387,0.438,0.531,0.470
baseline,Baseline,Moderately polarized appointment environment with ordinary constitutional-review pressure.,independence-accountability-hybrid,Hybrid court balancing independence and accountability,court_variant,strong_form_court,doctrine,administrative_state,1379,1379,63545,62166,1.000,0.022,0.995,0.772,0.000,0.028,0.007,0.907,0.648,0.037,0.031,1.000,0.739,0.645,2.706,0.458,0.503,0.787,0.172,0.491,0.567,0.392,0.393,0.598,0.686,0.447,0.641,0.719,0.658,0.107,0.094,0.156,0.656,0.126,0.047,0.508,0.086,0.471,0.487,0.280,0.458,0.709,0.453,0.532,0.527,0.641,0.551
baseline,Baseline,Moderately polarized appointment environment with ordinary constitutional-review pressure.,independence-accountability-hybrid,Hybrid court balancing independence and accountability,court_variant,strong_form_court,doctrine,criminal_procedure,1348,1348,59726,58378,1.000,0.023,0.902,0.734,0.002,0.560,0.488,0.920,0.760,0.110,0.564,1.000,0.595,0.587,2.329,0.558,0.488,0.744,0.242,0.467,0.599,0.439,0.345,0.595,0.656,0.424,0.642,0.733,0.627,0.124,0.128,0.162,0.634,0.098,0.065,0.413,0.072,0.514,0.532,0.301,0.448,0.677,0.441,0.517,0.496,0.624,0.531
baseline,Baseline,Moderately polarized appointment environment with ordinary constitutional-review pressure.,independence-accountability-hybrid,Hybrid court balancing independence and accountability,court_variant,strong_form_court,doctrine,election_law,1347,1347,55634,54287,1.000,0.024,0.867,0.728,0.002,0.565,0.544,0.824,0.753,0.165,0.565,1.000,0.840,0.634,2.726,0.657,0.509,0.733,0.264,0.456,0.604,0.444,0.345,0.588,0.645,0.438,0.641,0.744,0.615,0.125,0.136,0.174,0.624,0.100,0.065,0.399,0.062,0.508,0.525,0.293,0.465,0.713,0.454,0.539,0.540,0.639,0.556
baseline,Baseline,Moderately polarized appointment environment with ordinary constitutional-review pressure.,independence-accountability-hybrid,Hybrid court balancing independence and accountability,court_variant,strong_form_court,doctrine,emergency_powers,1396,1396,59095,57699,1.000,0.024,0.935,0.735,0.009,0.262,0.188,0.899,0.740,0.122,0.262,1.000,0.763,0.552,1.966,0.521,0.484,0.752,0.213,0.471,0.578,0.430,0.394,0.595,0.662,0.434,0.642,0.729,0.640,0.122,0.099,0.178,0.628,0.096,0.042,0.468,0.074,0.486,0.504,0.293,0.462,0.678,0.469,0.528,0.498,0.638,0.543
baseline,Baseline,Moderately polarized appointment environment with ordinary constitutional-review pressure.,independence-accountability-hybrid,Hybrid court balancing independence and accountability,court_variant,strong_form_court,doctrine,equality,1380,1380,59595,58215,1.000,0.023,0.852,0.739,0.002,0.736,0.702,0.868,0.736,0.104,0.820,1.000,0.599,0.579,2.293,0.512,0.460,0.743,0.260,0.456,0.615,0.464,0.323,0.593,0.652,0.418,0.642,0.733,0.647,0.116,0.130,0.138,0.622,0.109,0.069,0.451,0.076,0.506,0.510,0.291,0.451,0.673,0.440,0.518,0.500,0.623,0.531
baseline,Baseline,Moderately polarized appointment environment with ordinary constitutional-review pressure.,independence-accountability-hybrid,Hybrid court balancing independence and accountability,court_variant,strong_form_court,doctrine,federalism,1352,1352,58950,57598,1.000,0.023,0.987,0.779,0.000,0.058,0.021,0.865,0.712,0.067,0.058,1.000,0.859,0.655,2.768,0.750,0.580,0.775,0.215,0.492,0.563,0.400,0.371,0.591,0.679,0.450,0.641,0.744,0.628,0.129,0.101,0.183,0.605,0.089,0.036,0.391,0.078,0.476,0.500,0.285,0.467,0.726,0.462,0.543,0.544,0.649,0.563
baseline,Baseline,Moderately polarized appointment environment with ordinary constitutional-review pressure.,independence-accountability-hybrid,Hybrid court balancing independence and accountability,court_variant,strong_form_court,doctrine,speech,1398,1398,62696,61298,1.000,0.022,0.888,0.734,0.001,0.554,0.545,0.859,0.717,0.109,0.641,1.000,0.510,0.572,2.226,0.436,0.443,0.747,0.232,0.462,0.606,0.452,0.328,0.598,0.659,0.418,0.642,0.724,0.644,0.109,0.117,0.122,0.658,0.097,0.054,0.454,0.075,0.501,0.510,0.290,0.443,0.662,0.434,0.509,0.485,0.617,0.522
baseline,Baseline,Moderately polarized appointment environment with ordinary constitutional-review pressure.,weak-form-review,Weak-form review with legislative reply,synthetic_mechanism,weak_form_review,doctrine,administrative_state,1379,1379,1559,180,1.000,0.885,0.986,0.771,0.045,0.032,0.000,0.667,0.561,0.196,0.029,0.032,0.739,0.645,2.706,0.458,0.503,0.789,0.184,0.492,0.567,0.502,0.393,0.642,0.719,0.246,0.678,0.749,0.827,0.033,0.032,0.080,0.843,0.038,0.008,0.652,0.209,0.071,0.008,0.056,0.312,0.410,0.293,0.323,0.414,0.405,0.362
baseline,Baseline,Moderately polarized appointment environment with ordinary constitutional-review pressure.,weak-form-review,Weak-form review with legislative reply,synthetic_mechanism,weak_form_review,doctrine,criminal_procedure,1348,1348,1467,119,1.000,0.919,0.959,0.699,0.052,0.522,0.000,0.672,0.678,0.283,0.576,0.183,0.595,0.587,2.329,0.558,0.488,0.746,0.205,0.510,0.639,0.551,0.345,0.641,0.707,0.149,0.678,0.758,0.814,0.030,0.033,0.063,0.777,0.024,0.008,0.612,0.184,0.068,0.008,0.055,0.310,0.380,0.289,0.316,0.409,0.407,0.354
baseline,Baseline,Moderately polarized appointment environment with ordinary constitutional-review pressure.,weak-form-review,Weak-form review with legislative reply,synthetic_mechanism,weak_form_review,doctrine,election_law,1347,1347,1499,152,1.000,0.899,0.953,0.688,0.041,0.521,0.000,0.661,0.697,0.345,0.521,0.345,0.840,0.634,2.726,0.657,0.509,0.738,0.219,0.518,0.662,0.554,0.345,0.637,0.703,0.149,0.678,0.767,0.797,0.042,0.033,0.079,0.777,0.024,0.007,0.549,0.188,0.065,0.007,0.057,0.311,0.421,0.291,0.325,0.431,0.415,0.368
baseline,Baseline,Moderately polarized appointment environment with ordinary constitutional-review pressure.,weak-form-review,Weak-form review with legislative reply,synthetic_mechanism,weak_form_review,doctrine,emergency_powers,1396,1396,1937,541,1.000,0.721,0.940,0.713,0.130,0.234,0.000,0.764,0.691,0.244,0.234,0.421,0.763,0.552,1.966,0.521,0.484,0.751,0.227,0.494,0.602,0.524,0.394,0.638,0.697,0.204,0.678,0.760,0.795,0.033,0.037,0.104,0.787,0.023,0.007,0.627,0.186,0.070,0.009,0.057,0.312,0.391,0.315,0.319,0.386,0.410,0.359
baseline,Baseline,Moderately polarized appointment environment with ordinary constitutional-review pressure.,weak-form-review,Weak-form review with legislative reply,synthetic_mechanism,weak_form_review,doctrine,equality,1380,1380,1486,106,1.000,0.929,0.957,0.687,0.052,0.772,0.000,0.746,0.741,0.295,0.792,0.399,0.599,0.579,2.293,0.512,0.460,0.734,0.205,0.522,0.674,0.577,0.323,0.641,0.710,0.109,0.679,0.756,0.789,0.030,0.047,0.086,0.802,0.020,0.010,0.628,0.204,0.073,0.009,0.056,0.309,0.377,0.286,0.314,0.411,0.408,0.353
baseline,Baseline,Moderately polarized appointment environment with ordinary constitutional-review pressure.,weak-form-review,Weak-form review with legislative reply,synthetic_mechanism,weak_form_review,doctrine,federalism,1352,1352,1543,191,1.000,0.876,0.977,0.776,0.050,0.045,0.000,0.692,0.571,0.182,0.048,0.010,0.859,0.655,2.768,0.750,0.580,0.776,0.227,0.496,0.566,0.509,0.371,0.636,0.713,0.246,0.678,0.773,0.800,0.049,0.045,0.094,0.790,0.030,0.010,0.580,0.187,0.069,0.008,0.062,0.314,0.430,0.299,0.329,0.421,0.411,0.370
baseline,Baseline,Moderately polarized appointment environment with ordinary constitutional-review pressure.,weak-form-review,Weak-form review with legislative reply,synthetic_mechanism,weak_form_review,doctrine,speech,1398,1398,1497,99,1.000,0.934,0.960,0.694,0.049,0.603,0.000,0.743,0.670,0.263,0.590,0.279,0.510,0.572,2.226,0.436,0.443,0.748,0.189,0.513,0.650,0.565,0.328,0.644,0.712,0.134,0.679,0.748,0.796,0.030,0.030,0.087,0.793,0.015,0.005,0.650,0.199,0.069,0.008,0.055,0.309,0.364,0.284,0.311,0.403,0.402,0.348
baseline,Baseline,Moderately polarized appointment environment with ordinary constitutional-review pressure.,suspended-declaration-review,Suspended declarations of invalidity,synthetic_mechanism,suspended_declaration,doctrine,administrative_state,1379,1379,1474,95,1.000,0.936,0.992,0.771,0.000,0.021,0.030,0.863,0.611,0.032,0.025,1.000,0.739,0.645,2.706,0.458,0.503,0.775,0.174,0.493,0.568,0.506,0.393,0.637,0.691,0.284,0.624,0.820,0.613,0.141,0.096,0.191,0.590,0.142,0.046,0.417,0.077,0.648,0.664,0.363,0.330,0.462,0.292,0.353,0.421,0.446,0.385
baseline,Baseline,Moderately polarized appointment environment with ordinary constitutional-review pressure.,suspended-declaration-review,Suspended declarations of invalidity,synthetic_mechanism,suspended_declaration,doctrine,criminal_procedure,1348,1348,1428,80,1.000,0.944,0.914,0.707,0.002,0.598,0.596,0.907,0.619,0.113,0.662,1.000,0.595,0.587,2.329,0.558,0.488,0.757,0.267,0.526,0.662,0.553,0.345,0.628,0.678,0.173,0.624,0.840,0.590,0.162,0.116,0.178,0.574,0.115,0.052,0.376,0.061,0.688,0.697,0.375,0.328,0.433,0.288,0.345,0.419,0.451,0.378
baseline,Baseline,Moderately polarized appointment environment with ordinary constitutional-review pressure.,suspended-declaration-review,Suspended declarations of invalidity,synthetic_mechanism,suspended_declaration,doctrine,election_law,1347,1347,1427,80,1.000,0.944,0.888,0.690,0.002,0.659,0.679,0.871,0.576,0.094,0.659,1.000,0.840,0.634,2.726,0.657,0.509,0.749,0.294,0.527,0.678,0.557,0.345,0.623,0.668,0.178,0.623,0.850,0.595,0.182,0.125,0.154,0.581,0.113,0.062,0.359,0.052,0.690,0.701,0.377,0.329,0.473,0.290,0.355,0.440,0.459,0.392
baseline,Baseline,Moderately polarized appointment environment with ordinary constitutional-review pressure.,suspended-declaration-review,Suspended declarations of invalidity,synthetic_mechanism,suspended_declaration,doctrine,emergency_powers,1396,1396,1870,474,1.000,0.747,0.935,0.721,0.010,0.275,0.307,0.859,0.633,0.134,0.275,1.000,0.763,0.552,1.966,0.521,0.484,0.756,0.226,0.504,0.613,0.527,0.394,0.631,0.675,0.236,0.624,0.832,0.576,0.154,0.127,0.188,0.604,0.091,0.067,0.406,0.061,0.665,0.680,0.363,0.330,0.443,0.313,0.349,0.395,0.453,0.382
baseline,Baseline,Moderately polarized appointment environment with ordinary constitutional-review pressure.,suspended-declaration-review,Suspended declarations of invalidity,synthetic_mechanism,suspended_declaration,doctrine,equality,1380,1380,1473,93,1.000,0.937,0.890,0.701,0.003,0.729,0.774,0.890,0.729,0.144,0.726,1.000,0.599,0.579,2.293,0.512,0.460,0.764,0.285,0.538,0.693,0.577,0.323,0.626,0.683,0.140,0.624,0.839,0.631,0.138,0.122,0.158,0.600,0.104,0.057,0.417,0.065,0.671,0.668,0.354,0.327,0.430,0.286,0.344,0.420,0.452,0.378
baseline,Baseline,Moderately polarized appointment environment with ordinary constitutional-review pressure.,suspended-declaration-review,Suspended declarations of invalidity,synthetic_mechanism,suspended_declaration,doctrine,federalism,1352,1352,1453,101,1.000,0.930,0.978,0.772,0.000,0.099,0.081,0.861,0.663,0.059,0.104,1.000,0.859,0.655,2.768,0.750,0.580,0.763,0.222,0.498,0.571,0.513,0.371,0.630,0.683,0.281,0.623,0.845,0.557,0.173,0.124,0.225,0.582,0.111,0.063,0.322,0.065,0.669,0.688,0.378,0.332,0.482,0.297,0.359,0.429,0.453,0.393
baseline,Baseline,Moderately polarized appointment environment with ordinary constitutional-review pressure.,suspended-declaration-review,Suspended declarations of invalidity,synthetic_mechanism,suspended_declaration,doctrine,speech,1398,1398,1474,76,1.000,0.948,0.909,0.708,0.002,0.576,0.627,0.889,0.758,0.101,0.643,1.000,0.510,0.572,2.226,0.436,0.443,0.761,0.253,0.530,0.671,0.566,0.328,0.630,0.684,0.161,0.625,0.830,0.609,0.132,0.140,0.157,0.586,0.124,0.073,0.435,0.063,0.679,0.679,0.364,0.327,0.417,0.284,0.341,0.413,0.446,0.372
baseline,Baseline,Moderately polarized appointment environment with ordinary constitutional-review pressure.,override-clause-review,Strong-form review with explicit override clause,synthetic_mechanism,legislative_override_clause,doctrine,administrative_state,1379,1379,13015,11636,1.000,0.106,0.978,0.772,0.048,0.031,0.014,0.684,0.570,0.228,0.031,0.021,0.739,0.645,2.706,0.458,0.503,0.754,0.186,0.490,0.558,0.403,0.393,0.626,0.675,0.410,0.632,0.851,0.643,0.123,0.090,0.163,0.629,0.131,0.042,0.458,0.081,0.519,0.552,0.322,0.312,0.598,0.358,0.364,0.439,0.485,0.431
baseline,Baseline,Moderately polarized appointment environment with ordinary constitutional-review pressure.,override-clause-review,Strong-form review with explicit override clause,synthetic_mechanism,legislative_override_clause,doctrine,criminal_procedure,1348,1348,12198,10850,1.000,0.111,0.882,0.723,0.050,0.584,0.512,0.669,0.572,0.289,0.621,0.193,0.595,0.587,2.329,0.558,0.488,0.733,0.223,0.455,0.587,0.450,0.345,0.624,0.650,0.334,0.632,0.862,0.598,0.122,0.118,0.154,0.588,0.099,0.053,0.395,0.063,0.546,0.585,0.324,0.310,0.567,0.351,0.356,0.431,0.483,0.421
baseline,Baseline,Moderately polarized appointment environment with ordinary constitutional-review pressure.,override-clause-review,Strong-form review with explicit override clause,synthetic_mechanism,legislative_override_clause,doctrine,election_law,1347,1347,11301,9954,1.000,0.119,0.842,0.714,0.047,0.654,0.617,0.693,0.592,0.302,0.654,0.391,0.840,0.634,2.726,0.657,0.509,0.731,0.240,0.439,0.597,0.455,0.345,0.620,0.639,0.333,0.632,0.871,0.595,0.140,0.137,0.165,0.577,0.099,0.073,0.358,0.058,0.542,0.580,0.318,0.311,0.603,0.351,0.365,0.451,0.490,0.433
baseline,Baseline,Moderately polarized appointment environment with ordinary constitutional-review pressure.,override-clause-review,Strong-form review with explicit override clause,synthetic_mechanism,legislative_override_clause,doctrine,emergency_powers,1396,1396,12083,10687,1.000,0.116,0.884,0.728,0.135,0.316,0.290,0.705,0.628,0.257,0.316,0.419,0.763,0.552,1.966,0.521,0.484,0.714,0.239,0.460,0.571,0.441,0.394,0.622,0.644,0.372,0.632,0.862,0.615,0.130,0.123,0.177,0.605,0.091,0.057,0.404,0.065,0.527,0.556,0.315,0.312,0.568,0.371,0.358,0.407,0.485,0.421
baseline,Baseline,Moderately polarized appointment environment with ordinary constitutional-review pressure.,override-clause-review,Strong-form review with explicit override clause,synthetic_mechanism,legislative_override_clause,doctrine,equality,1380,1380,12173,10793,1.000,0.113,0.842,0.733,0.046,0.790,0.708,0.710,0.659,0.227,0.859,0.443,0.599,0.579,2.293,0.512,0.460,0.747,0.222,0.451,0.602,0.475,0.323,0.624,0.654,0.303,0.632,0.859,0.581,0.130,0.154,0.181,0.625,0.112,0.074,0.441,0.071,0.525,0.549,0.299,0.309,0.562,0.347,0.354,0.431,0.483,0.419
baseline,Baseline,Moderately polarized appointment environment with ordinary constitutional-review pressure.,override-clause-review,Strong-form review with explicit override clause,synthetic_mechanism,legislative_override_clause,doctrine,federalism,1352,1352,12033,10681,1.000,0.112,0.961,0.777,0.049,0.079,0.049,0.651,0.571,0.259,0.081,0.016,0.859,0.655,2.768,0.750,0.580,0.742,0.229,0.490,0.555,0.411,0.371,0.620,0.667,0.409,0.632,0.875,0.598,0.149,0.111,0.212,0.598,0.101,0.051,0.377,0.073,0.519,0.561,0.318,0.314,0.615,0.360,0.370,0.446,0.490,0.437
baseline,Baseline,Moderately polarized appointment environment with ordinary constitutional-review pressure.,override-clause-review,Strong-form review with explicit override clause,synthetic_mechanism,legislative_override_clause,doctrine,speech,1398,1398,12762,11364,1.000,0.110,0.871,0.721,0.056,0.652,0.544,0.697,0.637,0.254,0.659,0.279,0.510,0.572,2.226,0.436,0.443,0.737,0.209,0.452,0.592,0.462,0.328,0.626,0.653,0.325,0.633,0.852,0.607,0.110,0.137,0.154,0.607,0.114,0.062,0.466,0.071,0.539,0.568,0.321,0.309,0.552,0.349,0.352,0.424,0.478,0.415
baseline,Baseline,Moderately polarized appointment environment with ordinary constitutional-review pressure.,pre-enactment-review,Pre-enactment review before laws take effect,synthetic_mechanism,pre_enactment_review,doctrine,administrative_state,1379,1379,1572,193,1.000,0.877,0.989,0.783,0.045,0.005,0.002,0.689,0.663,0.192,0.006,0.021,0.739,0.645,2.706,0.458,0.503,0.787,0.185,0.491,0.569,0.501,0.393,0.622,0.683,0.525,0.580,0.820,0.732,0.070,0.075,0.136,0.706,0.091,0.035,0.554,0.095,0.343,0.302,0.231,0.443,0.413,0.359,0.450,0.482,0.520,0.440
baseline,Baseline,Moderately polarized appointment environment with ordinary constitutional-review pressure.,pre-enactment-review,Pre-enactment review before laws take effect,synthetic_mechanism,pre_enactment_review,doctrine,criminal_procedure,1348,1348,1523,175,1.000,0.885,0.946,0.746,0.057,0.515,0.362,0.687,0.692,0.348,0.525,0.177,0.595,0.587,2.329,0.558,0.488,0.743,0.242,0.469,0.587,0.549,0.345,0.618,0.660,0.500,0.581,0.834,0.666,0.096,0.107,0.143,0.659,0.076,0.047,0.469,0.077,0.376,0.334,0.242,0.442,0.391,0.357,0.444,0.467,0.514,0.431
baseline,Baseline,Moderately polarized appointment environment with ordinary constitutional-review pressure.,pre-enactment-review,Pre-enactment review before laws take effect,synthetic_mechanism,pre_enactment_review,doctrine,election_law,1347,1347,1517,170,1.000,0.888,0.933,0.758,0.042,0.566,0.421,0.754,0.709,0.280,0.566,0.394,0.840,0.634,2.726,0.657,0.509,0.738,0.261,0.463,0.594,0.553,0.345,0.613,0.657,0.514,0.580,0.843,0.664,0.115,0.089,0.156,0.667,0.068,0.036,0.465,0.073,0.358,0.309,0.232,0.443,0.437,0.358,0.455,0.486,0.524,0.446
baseline,Baseline,Moderately polarized appointment environment with ordinary constitutional-review pressure.,pre-enactment-review,Pre-enactment review before laws take effect,synthetic_mechanism,pre_enactment_review,doctrine,emergency_powers,1396,1396,1986,590,1.000,0.703,0.945,0.764,0.126,0.189,0.123,0.766,0.697,0.246,0.189,0.415,0.763,0.552,1.966,0.521,0.484,0.745,0.241,0.472,0.572,0.522,0.394,0.616,0.660,0.528,0.580,0.833,0.676,0.104,0.092,0.135,0.672,0.060,0.035,0.499,0.080,0.350,0.310,0.232,0.444,0.409,0.382,0.449,0.449,0.527,0.439
baseline,Baseline,Moderately polarized appointment environment with ordinary constitutional-review pressure.,pre-enactment-review,Pre-enactment review before laws take effect,synthetic_mechanism,pre_enactment_review,doctrine,equality,1380,1380,1537,157,1.000,0.898,0.928,0.770,0.049,0.746,0.592,0.724,0.714,0.303,0.764,0.384,0.599,0.579,2.293,0.512,0.460,0.746,0.258,0.463,0.604,0.574,0.323,0.617,0.664,0.493,0.581,0.833,0.688,0.092,0.104,0.120,0.658,0.078,0.049,0.485,0.083,0.371,0.321,0.232,0.441,0.393,0.352,0.444,0.462,0.514,0.430
baseline,Baseline,Moderately polarized appointment environment with ordinary constitutional-review pressure.,pre-enactment-review,Pre-enactment review before laws take effect,synthetic_mechanism,pre_enactment_review,doctrine,federalism,1352,1352,1534,182,1.000,0.881,0.983,0.792,0.045,0.049,0.006,0.692,0.692,0.220,0.052,0.022,0.859,0.655,2.768,0.750,0.580,0.776,0.227,0.492,0.563,0.509,0.371,0.616,0.677,0.527,0.580,0.844,0.675,0.092,0.095,0.166,0.691,0.045,0.045,0.439,0.087,0.347,0.313,0.232,0.445,0.434,0.364,0.456,0.493,0.526,0.449
baseline,Baseline,Moderately polarized appointment environment with ordinary constitutional-review pressure.,pre-enactment-review,Pre-enactment review before laws take effect,synthetic_mechanism,pre_enactment_review,doctrine,speech,1398,1398,1554,156,1.000,0.900,0.944,0.749,0.050,0.588,0.391,0.703,0.791,0.302,0.600,0.236,0.510,0.572,2.226,0.436,0.443,0.747,0.228,0.463,0.592,0.562,0.328,0.621,0.665,0.493,0.581,0.824,0.680,0.094,0.092,0.119,0.668,0.064,0.037,0.521,0.086,0.363,0.319,0.229,0.440,0.378,0.351,0.440,0.457,0.510,0.425
baseline,Baseline,Moderately polarized appointment environment with ordinary constitutional-review pressure.,abstract-review-tribunal,Abstract review tribunal,synthetic_mechanism,abstract_review,doctrine,administrative_state,1379,1379,1445,66,1.000,0.954,0.993,0.783,0.000,0.045,0.015,0.864,0.742,0.015,0.051,1.000,0.739,0.645,2.706,0.458,0.503,0.778,0.173,0.490,0.565,0.507,0.393,0.623,0.688,0.321,0.565,0.890,0.624,0.125,0.096,0.169,0.650,0.122,0.037,0.458,0.081,0.563,0.594,0.318,0.435,0.445,0.324,0.450,0.488,0.527,0.440
baseline,Baseline,Moderately polarized appointment environment with ordinary constitutional-review pressure.,abstract-review-tribunal,Abstract review tribunal,synthetic_mechanism,abstract_review,doctrine,criminal_procedure,1348,1348,1408,60,1.000,0.957,0.890,0.757,0.002,0.746,0.553,0.905,0.698,0.111,0.773,1.000,0.595,0.587,2.329,0.558,0.488,0.737,0.250,0.458,0.601,0.554,0.345,0.618,0.657,0.301,0.566,0.906,0.583,0.152,0.140,0.172,0.605,0.112,0.073,0.400,0.065,0.612,0.638,0.340,0.425,0.423,0.313,0.437,0.460,0.515,0.424
baseline,Baseline,Moderately polarized appointment environment with ordinary constitutional-review pressure.,abstract-review-tribunal,Abstract review tribunal,synthetic_mechanism,abstract_review,doctrine,election_law,1347,1347,1404,57,1.000,0.959,0.852,0.756,0.002,0.684,0.623,0.842,0.772,0.088,0.684,1.000,0.840,0.634,2.726,0.657,0.509,0.727,0.274,0.445,0.608,0.558,0.345,0.610,0.646,0.319,0.564,0.917,0.572,0.166,0.141,0.192,0.596,0.090,0.083,0.359,0.057,0.607,0.633,0.337,0.442,0.469,0.329,0.462,0.504,0.535,0.452
baseline,Baseline,Moderately polarized appointment environment with ordinary constitutional-review pressure.,abstract-review-tribunal,Abstract review tribunal,synthetic_mechanism,abstract_review,doctrine,emergency_powers,1396,1396,1810,414,1.000,0.771,0.919,0.770,0.016,0.334,0.248,0.880,0.700,0.156,0.334,1.000,0.763,0.552,1.966,0.521,0.484,0.745,0.222,0.467,0.580,0.529,0.394,0.617,0.664,0.325,0.565,0.902,0.622,0.115,0.120,0.170,0.602,0.100,0.058,0.441,0.066,0.579,0.606,0.318,0.439,0.440,0.347,0.453,0.462,0.536,0.441
baseline,Baseline,Moderately polarized appointment environment with ordinary constitutional-review pressure.,abstract-review-tribunal,Abstract review tribunal,synthetic_mechanism,abstract_review,doctrine,equality,1380,1380,1454,74,1.000,0.949,0.846,0.772,0.003,0.747,0.739,0.835,0.734,0.076,0.698,1.000,0.599,0.579,2.293,0.512,0.460,0.739,0.265,0.452,0.615,0.578,0.323,0.616,0.657,0.296,0.565,0.906,0.604,0.125,0.146,0.155,0.586,0.119,0.070,0.424,0.071,0.594,0.606,0.327,0.427,0.426,0.314,0.440,0.461,0.518,0.426
baseline,Baseline,Moderately polarized appointment environment with ordinary constitutional-review pressure.,abstract-review-tribunal,Abstract review tribunal,synthetic_mechanism,abstract_review,doctrine,federalism,1352,1352,1404,52,1.000,0.963,0.981,0.792,0.000,0.077,0.038,0.769,0.442,0.019,0.080,1.000,0.859,0.655,2.768,0.750,0.580,0.764,0.216,0.492,0.561,0.515,0.371,0.616,0.680,0.324,0.564,0.915,0.605,0.147,0.103,0.205,0.601,0.083,0.053,0.348,0.071,0.582,0.623,0.326,0.443,0.466,0.334,0.462,0.510,0.537,0.454
baseline,Baseline,Moderately polarized appointment environment with ordinary constitutional-review pressure.,abstract-review-tribunal,Abstract review tribunal,synthetic_mechanism,abstract_review,doctrine,speech,1398,1398,1448,50,1.000,0.965,0.880,0.761,0.002,0.579,0.592,0.877,0.754,0.105,0.739,1.000,0.510,0.572,2.226,0.436,0.443,0.742,0.237,0.457,0.607,0.567,0.328,0.621,0.662,0.295,0.566,0.896,0.612,0.142,0.122,0.152,0.614,0.113,0.067,0.455,0.070,0.594,0.611,0.322,0.419,0.410,0.305,0.429,0.443,0.509,0.414
baseline,Baseline,Moderately polarized appointment environment with ordinary constitutional-review pressure.,ombudsman-triggered-review,Ombudsman-triggered constitutional review,synthetic_mechanism,ombudsman_triggered_review,doctrine,administrative_state,1379,1379,169223,167844,1.000,0.008,0.978,0.772,0.044,0.055,0.021,0.724,0.613,0.182,0.045,0.033,0.739,0.645,2.706,0.458,0.503,0.767,0.186,0.490,0.565,0.391,0.393,0.613,0.663,0.536,0.604,0.760,0.566,0.160,0.117,0.212,0.586,0.145,0.057,0.404,0.065,0.706,0.701,0.472,0.331,0.878,0.462,0.445,0.479,0.488,0.520
baseline,Baseline,Moderately polarized appointment environment with ordinary constitutional-review pressure.,ombudsman-triggered-review,Ombudsman-triggered constitutional review,synthetic_mechanism,ombudsman_triggered_review,doctrine,criminal_procedure,1348,1348,147679,146331,1.000,0.009,0.867,0.722,0.056,0.650,0.580,0.678,0.723,0.339,0.678,0.158,0.595,0.587,2.329,0.558,0.488,0.720,0.265,0.448,0.598,0.438,0.345,0.607,0.624,0.518,0.604,0.777,0.549,0.177,0.135,0.197,0.539,0.145,0.079,0.351,0.052,0.746,0.733,0.497,0.333,0.865,0.454,0.445,0.462,0.484,0.512
baseline,Baseline,Moderately polarized appointment environment with ordinary constitutional-review pressure.,ombudsman-triggered-review,Ombudsman-triggered constitutional review,synthetic_mechanism,ombudsman_triggered_review,doctrine,election_law,1347,1347,138978,137631,1.000,0.010,0.823,0.709,0.047,0.705,0.683,0.775,0.734,0.272,0.705,0.376,0.840,0.634,2.726,0.657,0.509,0.709,0.291,0.430,0.608,0.442,0.345,0.602,0.609,0.535,0.604,0.787,0.488,0.195,0.180,0.220,0.513,0.144,0.089,0.300,0.041,0.742,0.730,0.494,0.333,0.901,0.454,0.453,0.481,0.489,0.524
baseline,Baseline,Moderately polarized appointment environment with ordinary constitutional-review pressure.,ombudsman-triggered-review,Ombudsman-triggered constitutional review,synthetic_mechanism,ombudsman_triggered_review,doctrine,emergency_powers,1396,1396,150437,149041,1.000,0.009,0.872,0.729,0.137,0.357,0.338,0.727,0.677,0.266,0.357,0.405,0.763,0.552,1.966,0.521,0.484,0.713,0.259,0.460,0.580,0.428,0.394,0.607,0.625,0.527,0.604,0.774,0.528,0.184,0.138,0.236,0.554,0.123,0.067,0.348,0.050,0.725,0.718,0.482,0.333,0.862,0.474,0.444,0.443,0.488,0.513
baseline,Baseline,Moderately polarized appointment environment with ordinary constitutional-review pressure.,ombudsman-triggered-review,Ombudsman-triggered constitutional review,synthetic_mechanism,ombudsman_triggered_review,doctrine,equality,1380,1380,142562,141182,1.000,0.010,0.822,0.724,0.059,0.837,0.759,0.774,0.692,0.255,0.867,0.385,0.599,0.579,2.293,0.512,0.460,0.718,0.279,0.441,0.611,0.462,0.323,0.605,0.621,0.512,0.604,0.776,0.533,0.187,0.142,0.186,0.528,0.125,0.069,0.387,0.054,0.719,0.698,0.465,0.333,0.869,0.450,0.446,0.460,0.484,0.512
baseline,Baseline,Moderately polarized appointment environment with ordinary constitutional-review pressure.,ombudsman-triggered-review,Ombudsman-triggered constitutional review,synthetic_mechanism,ombudsman_triggered_review,doctrine,federalism,1352,1352,157614,156262,1.000,0.009,0.962,0.777,0.044,0.070,0.060,0.692,0.593,0.192,0.072,0.012,0.859,0.655,2.768,0.750,0.580,0.754,0.231,0.491,0.562,0.398,0.371,0.607,0.654,0.539,0.604,0.785,0.537,0.186,0.123,0.226,0.547,0.113,0.053,0.305,0.056,0.724,0.716,0.498,0.333,0.896,0.465,0.451,0.485,0.492,0.526
baseline,Baseline,Moderately polarized appointment environment with ordinary constitutional-review pressure.,ombudsman-triggered-review,Ombudsman-triggered constitutional review,synthetic_mechanism,ombudsman_triggered_review,doctrine,speech,1398,1398,152828,151430,1.000,0.009,0.854,0.721,0.054,0.700,0.616,0.711,0.689,0.316,0.763,0.279,0.510,0.572,2.226,0.436,0.443,0.722,0.252,0.447,0.604,0.450,0.328,0.609,0.627,0.512,0.604,0.767,0.529,0.191,0.139,0.183,0.546,0.132,0.072,0.386,0.051,0.734,0.717,0.480,0.332,0.853,0.451,0.442,0.456,0.480,0.507
baseline,Baseline,Moderately polarized appointment environment with ordinary constitutional-review pressure.,constitutional-public-defender,Constitutional public defender access model,synthetic_mechanism,constitutional_public_defender,doctrine,administrative_state,1379,1379,185203,183824,1.000,0.007,0.985,0.782,0.000,0.027,0.035,0.893,0.554,0.063,0.029,1.000,0.739,0.645,2.706,0.458,0.503,0.771,0.174,0.490,0.565,0.391,0.393,0.611,0.670,0.523,0.632,0.731,0.558,0.157,0.118,0.202,0.560,0.173,0.048,0.388,0.070,0.715,0.730,0.434,0.332,0.864,0.461,0.443,0.479,0.521,0.523
baseline,Baseline,Moderately polarized appointment environment with ordinary constitutional-review pressure.,constitutional-public-defender,Constitutional public defender access model,synthetic_mechanism,constitutional_public_defender,doctrine,criminal_procedure,1348,1348,162485,161137,1.000,0.008,0.870,0.774,0.002,0.702,0.602,0.917,0.750,0.036,0.690,1.000,0.595,0.587,2.329,0.558,0.488,0.734,0.256,0.453,0.603,0.438,0.345,0.605,0.641,0.506,0.632,0.748,0.533,0.187,0.139,0.200,0.530,0.130,0.071,0.338,0.054,0.750,0.757,0.444,0.334,0.845,0.452,0.442,0.462,0.519,0.514
baseline,Baseline,Moderately polarized appointment environment with ordinary constitutional-review pressure.,constitutional-public-defender,Constitutional public defender access model,synthetic_mechanism,constitutional_public_defender,doctrine,election_law,1347,1347,154104,152757,1.000,0.009,0.825,0.747,0.002,0.753,0.696,0.882,0.682,0.118,0.753,1.000,0.840,0.634,2.726,0.657,0.509,0.720,0.283,0.433,0.612,0.442,0.345,0.600,0.622,0.523,0.632,0.758,0.494,0.200,0.165,0.222,0.537,0.131,0.082,0.298,0.046,0.748,0.756,0.444,0.334,0.877,0.453,0.448,0.480,0.521,0.524
baseline,Baseline,Moderately polarized appointment environment with ordinary constitutional-review pressure.,constitutional-public-defender,Constitutional public defender access model,synthetic_mechanism,constitutional_public_defender,doctrine,emergency_powers,1396,1396,166064,164668,1.000,0.008,0.888,0.761,0.013,0.385,0.352,0.846,0.654,0.164,0.385,1.000,0.763,0.552,1.966,0.521,0.484,0.736,0.230,0.464,0.586,0.428,0.394,0.607,0.643,0.516,0.632,0.742,0.557,0.168,0.130,0.213,0.566,0.130,0.066,0.367,0.054,0.726,0.746,0.421,0.334,0.840,0.474,0.440,0.442,0.521,0.515
baseline,Baseline,Moderately polarized appointment environment with ordinary constitutional-review pressure.,constitutional-public-defender,Constitutional public defender access model,synthetic_mechanism,constitutional_public_defender,doctrine,equality,1380,1380,158360,156980,1.000,0.009,0.823,0.786,0.003,0.861,0.788,0.907,0.843,0.102,0.889,1.000,0.599,0.579,2.293,0.512,0.460,0.735,0.271,0.445,0.617,0.462,0.323,0.603,0.639,0.500,0.632,0.747,0.543,0.165,0.163,0.180,0.560,0.118,0.091,0.350,0.058,0.731,0.725,0.420,0.334,0.843,0.448,0.442,0.459,0.517,0.512
baseline,Baseline,Moderately polarized appointment environment with ordinary constitutional-review pressure.,constitutional-public-defender,Constitutional public defender access model,synthetic_mechanism,constitutional_public_defender,doctrine,federalism,1352,1352,172873,171521,1.000,0.008,0.965,0.784,0.000,0.110,0.085,0.879,0.692,0.099,0.114,1.000,0.859,0.655,2.768,0.750,0.580,0.757,0.220,0.491,0.563,0.398,0.371,0.606,0.660,0.528,0.631,0.755,0.535,0.194,0.109,0.229,0.531,0.129,0.049,0.291,0.060,0.733,0.750,0.441,0.333,0.881,0.463,0.448,0.485,0.525,0.529
baseline,Baseline,Moderately polarized appointment environment with ordinary constitutional-review pressure.,constitutional-public-defender,Constitutional public defender access model,synthetic_mechanism,constitutional_public_defender,doctrine,speech,1398,1398,168773,167375,1.000,0.008,0.852,0.774,0.002,0.670,0.672,0.903,0.641,0.146,0.733,1.000,0.510,0.572,2.226,0.436,0.443,0.736,0.247,0.449,0.612,0.450,0.328,0.607,0.643,0.501,0.632,0.739,0.537,0.143,0.177,0.185,0.574,0.120,0.087,0.383,0.055,0.740,0.745,0.430,0.333,0.830,0.449,0.438,0.455,0.514,0.508
baseline,Baseline,Moderately polarized appointment environment with ordinary constitutional-review pressure.,rights-impact-statement-review,Rights-impact statements before review,synthetic_mechanism,rights_impact_statement,doctrine,administrative_state,1379,1379,1557,178,1.000,0.886,0.990,0.835,0.043,0.011,0.001,0.733,0.700,0.106,0.013,0.011,0.739,0.645,2.706,0.458,0.503,0.808,0.184,0.491,0.572,0.502,0.393,0.620,0.709,0.517,0.699,0.697,0.742,0.053,0.076,0.116,0.735,0.066,0.029,0.577,0.109,0.251,0.176,0.150,0.417,0.438,0.359,0.429,0.485,0.540,0.443
baseline,Baseline,Moderately polarized appointment environment with ordinary constitutional-review pressure.,rights-impact-statement-review,Rights-impact statements before review,synthetic_mechanism,rights_impact_statement,doctrine,criminal_procedure,1348,1348,1506,158,1.000,0.895,0.949,0.787,0.050,0.489,0.314,0.730,0.764,0.247,0.492,0.180,0.595,0.587,2.329,0.558,0.488,0.763,0.236,0.471,0.587,0.550,0.345,0.617,0.685,0.490,0.700,0.709,0.710,0.081,0.088,0.125,0.711,0.051,0.040,0.518,0.093,0.275,0.197,0.165,0.416,0.409,0.356,0.422,0.469,0.529,0.431
baseline,Baseline,Moderately polarized appointment environment with ordinary constitutional-review pressure.,rights-impact-statement-review,Rights-impact statements before review,synthetic_mechanism,rights_impact_statement,doctrine,election_law,1347,1347,1507,160,1.000,0.894,0.938,0.789,0.037,0.580,0.373,0.735,0.809,0.253,0.580,0.432,0.840,0.634,2.726,0.657,0.509,0.757,0.255,0.470,0.594,0.554,0.345,0.613,0.681,0.503,0.699,0.719,0.701,0.076,0.108,0.143,0.695,0.050,0.048,0.503,0.085,0.264,0.184,0.153,0.417,0.449,0.358,0.432,0.488,0.535,0.444
baseline,Baseline,Moderately polarized appointment environment with ordinary constitutional-review pressure.,rights-impact-statement-review,Rights-impact statements before review,synthetic_mechanism,rights_impact_statement,doctrine,emergency_powers,1396,1396,1961,565,1.000,0.712,0.948,0.793,0.119,0.202,0.098,0.747,0.737,0.221,0.202,0.432,0.763,0.552,1.966,0.521,0.484,0.763,0.238,0.470,0.574,0.523,0.394,0.616,0.682,0.517,0.699,0.708,0.723,0.064,0.074,0.129,0.708,0.054,0.029,0.552,0.096,0.255,0.177,0.154,0.418,0.420,0.381,0.426,0.450,0.538,0.437
baseline,Baseline,Moderately polarized appointment environment with ordinary constitutional-review pressure.,rights-impact-statement-review,Rights-impact statements before review,synthetic_mechanism,rights_impact_statement,doctrine,equality,1380,1380,1549,169,1.000,0.891,0.929,0.804,0.051,0.693,0.557,0.834,0.794,0.271,0.750,0.387,0.599,0.579,2.293,0.512,0.460,0.763,0.255,0.466,0.604,0.574,0.323,0.616,0.687,0.483,0.700,0.709,0.744,0.064,0.081,0.103,0.700,0.051,0.038,0.548,0.098,0.272,0.185,0.150,0.414,0.406,0.353,0.420,0.464,0.526,0.428
baseline,Baseline,Moderately polarized appointment environment with ordinary constitutional-review pressure.,rights-impact-statement-review,Rights-impact statements before review,synthetic_mechanism,rights_impact_statement,doctrine,federalism,1352,1352,1527,175,1.000,0.885,0.984,0.843,0.042,0.017,0.004,0.709,0.691,0.183,0.018,0.011,0.859,0.655,2.768,0.750,0.580,0.796,0.226,0.492,0.566,0.509,0.371,0.614,0.702,0.519,0.699,0.721,0.687,0.081,0.088,0.162,0.718,0.050,0.038,0.479,0.096,0.257,0.182,0.163,0.420,0.459,0.364,0.435,0.495,0.545,0.451
baseline,Baseline,Moderately polarized appointment environment with ordinary constitutional-review pressure.,rights-impact-statement-review,Rights-impact statements before review,synthetic_mechanism,rights_impact_statement,doctrine,speech,1398,1398,1547,149,1.000,0.904,0.946,0.784,0.049,0.527,0.342,0.780,0.753,0.237,0.613,0.258,0.510,0.572,2.226,0.436,0.443,0.764,0.223,0.464,0.592,0.563,0.328,0.620,0.688,0.484,0.700,0.700,0.733,0.059,0.079,0.107,0.723,0.053,0.042,0.608,0.096,0.263,0.178,0.148,0.414,0.393,0.352,0.417,0.459,0.524,0.424
baseline,Baseline,Moderately polarized appointment environment with ordinary constitutional-review pressure.,mandatory-legislative-response,Mandatory legislative response cycles,synthetic_mechanism,mandatory_legislative_response,doctrine,administrative_state,1379,1379,1479,100,1.000,0.932,0.996,0.771,0.000,0.000,0.014,0.880,0.690,0.010,0.000,1.000,0.739,0.645,2.706,0.458,0.503,0.793,0.171,0.491,0.568,0.505,0.393,0.630,0.699,0.296,0.616,0.906,0.688,0.067,0.088,0.144,0.660,0.098,0.041,0.532,0.102,0.310,0.337,0.173,0.313,0.485,0.293,0.341,0.423,0.510,0.397
baseline,Baseline,Moderately polarized appointment environment with ordinary constitutional-review pressure.,mandatory-legislative-response,Mandatory legislative response cycles,synthetic_mechanism,mandatory_legislative_response,doctrine,criminal_procedure,1348,1348,1426,78,1.000,0.945,0.903,0.695,0.001,0.560,0.509,0.879,0.780,0.143,0.593,1.000,0.595,0.587,2.329,0.558,0.488,0.778,0.200,0.469,0.602,0.553,0.345,0.628,0.674,0.194,0.616,0.916,0.659,0.094,0.121,0.151,0.638,0.091,0.063,0.466,0.085,0.342,0.378,0.182,0.312,0.455,0.289,0.334,0.419,0.513,0.390
baseline,Baseline,Moderately polarized appointment environment with ordinary constitutional-review pressure.,mandatory-legislative-response,Mandatory legislative response cycles,synthetic_mechanism,mandatory_legislative_response,doctrine,election_law,1347,1347,1434,87,1.000,0.939,0.862,0.677,0.002,0.483,0.598,0.874,0.713,0.161,0.483,1.000,0.840,0.634,2.726,0.657,0.509,0.771,0.224,0.457,0.613,0.557,0.345,0.623,0.661,0.196,0.615,0.927,0.630,0.101,0.134,0.166,0.673,0.079,0.068,0.427,0.076,0.333,0.368,0.173,0.313,0.496,0.292,0.343,0.440,0.521,0.403
baseline,Baseline,Moderately polarized appointment environment with ordinary constitutional-review pressure.,mandatory-legislative-response,Mandatory legislative response cycles,synthetic_mechanism,mandatory_legislative_response,doctrine,emergency_powers,1396,1396,1855,459,1.000,0.753,0.939,0.721,0.007,0.170,0.213,0.856,0.723,0.127,0.170,1.000,0.763,0.552,1.966,0.521,0.484,0.780,0.189,0.478,0.581,0.527,0.394,0.628,0.680,0.252,0.616,0.913,0.666,0.080,0.114,0.176,0.663,0.064,0.060,0.482,0.089,0.320,0.350,0.173,0.313,0.466,0.313,0.337,0.396,0.515,0.393
baseline,Baseline,Moderately polarized appointment environment with ordinary constitutional-review pressure.,mandatory-legislative-response,Mandatory legislative response cycles,synthetic_mechanism,mandatory_legislative_response,doctrine,equality,1380,1380,1464,84,1.000,0.943,0.862,0.689,0.002,0.663,0.701,0.918,0.724,0.061,0.712,1.000,0.599,0.579,2.293,0.512,0.460,0.789,0.200,0.466,0.618,0.577,0.323,0.628,0.674,0.156,0.616,0.914,0.659,0.089,0.128,0.135,0.659,0.078,0.064,0.465,0.092,0.336,0.359,0.172,0.310,0.452,0.286,0.332,0.421,0.515,0.389
baseline,Baseline,Moderately polarized appointment environment with ordinary constitutional-review pressure.,mandatory-legislative-response,Mandatory legislative response cycles,synthetic_mechanism,mandatory_legislative_response,doctrine,federalism,1352,1352,1462,110,1.000,0.925,0.987,0.776,0.000,0.018,0.041,0.864,0.609,0.027,0.019,1.000,0.859,0.655,2.768,0.750,0.580,0.783,0.212,0.494,0.564,0.512,0.371,0.624,0.692,0.295,0.615,0.930,0.656,0.087,0.112,0.166,0.665,0.068,0.058,0.413,0.089,0.321,0.356,0.176,0.315,0.505,0.299,0.347,0.430,0.516,0.405
baseline,Baseline,Moderately polarized appointment environment with ordinary constitutional-review pressure.,mandatory-legislative-response,Mandatory legislative response cycles,synthetic_mechanism,mandatory_legislative_response,doctrine,speech,1398,1398,1483,85,1.000,0.943,0.892,0.692,0.002,0.509,0.539,0.843,0.694,0.130,0.571,1.000,0.510,0.572,2.226,0.436,0.443,0.782,0.186,0.468,0.608,0.565,0.328,0.631,0.677,0.181,0.616,0.907,0.695,0.078,0.107,0.119,0.668,0.079,0.056,0.519,0.090,0.339,0.369,0.172,0.310,0.440,0.286,0.329,0.413,0.509,0.384
polarized-appointments,Polarized appointments,"High appointment polarization, higher partisan pressure, and lower public trust.",current-federal-court,Current-style federal supreme court,court_variant,strong_form_court,doctrine,administrative_state,1452,1452,64077,62625,1.000,0.023,0.864,0.731,0.288,0.370,0.115,0.019,0.352,0.530,0.361,0.000,0.741,0.646,2.716,0.466,0.504,0.578,0.281,0.454,0.519,0.389,0.402,0.604,0.594,0.546,0.635,0.752,0.426,0.247,0.141,0.292,0.420,0.245,0.060,0.279,0.017,0.926,0.874,0.800,0.307,0.707,0.419,0.383,0.450,0.439,0.458
polarized-appointments,Polarized appointments,"High appointment polarization, higher partisan pressure, and lower public trust.",current-federal-court,Current-style federal supreme court,court_variant,strong_form_court,doctrine,criminal_procedure,1393,1393,59063,57670,1.000,0.024,0.772,0.662,0.347,0.831,0.658,0.026,0.379,0.548,0.858,0.000,0.601,0.592,2.326,0.552,0.482,0.535,0.361,0.384,0.538,0.433,0.362,0.599,0.549,0.525,0.635,0.767,0.374,0.296,0.159,0.295,0.365,0.202,0.074,0.220,0.015,0.936,0.880,0.801,0.306,0.675,0.415,0.375,0.432,0.428,0.445
polarized-appointments,Polarized appointments,"High appointment polarization, higher partisan pressure, and lower public trust.",current-federal-court,Current-style federal supreme court,court_variant,strong_form_court,doctrine,election_law,1315,1315,52157,50842,1.000,0.025,0.729,0.635,0.367,0.920,0.765,0.032,0.351,0.605,0.920,0.000,0.842,0.628,2.733,0.653,0.511,0.519,0.394,0.353,0.543,0.439,0.361,0.594,0.527,0.540,0.635,0.778,0.335,0.321,0.175,0.330,0.364,0.202,0.094,0.160,0.012,0.943,0.892,0.804,0.307,0.712,0.415,0.384,0.449,0.434,0.457
polarized-appointments,Polarized appointments,"High appointment polarization, higher partisan pressure, and lower public trust.",current-federal-court,Current-style federal supreme court,court_variant,strong_form_court,doctrine,emergency_powers,1397,1397,56769,55372,1.000,0.025,0.711,0.636,0.575,0.770,0.460,0.037,0.400,0.650,0.770,0.000,0.764,0.555,1.961,0.529,0.483,0.483,0.412,0.359,0.523,0.430,0.403,0.593,0.518,0.532,0.635,0.773,0.339,0.306,0.173,0.368,0.321,0.198,0.076,0.195,0.012,0.941,0.888,0.813,0.307,0.676,0.430,0.376,0.414,0.434,0.446
polarized-appointments,Polarized appointments,"High appointment polarization, higher partisan pressure, and lower public trust.",current-federal-court,Current-style federal supreme court,court_variant,strong_form_court,doctrine,equality,1393,1393,57940,56547,1.000,0.024,0.737,0.658,0.377,0.942,0.835,0.053,0.389,0.538,0.950,0.000,0.592,0.575,2.261,0.505,0.457,0.531,0.377,0.375,0.543,0.457,0.335,0.598,0.543,0.514,0.635,0.766,0.380,0.303,0.165,0.294,0.365,0.173,0.079,0.225,0.012,0.941,0.885,0.801,0.305,0.668,0.413,0.373,0.427,0.425,0.441
polarized-appointments,Polarized appointments,"High appointment polarization, higher partisan pressure, and lower public trust.",current-federal-court,Current-style federal supreme court,court_variant,strong_form_court,doctrine,federalism,1319,1319,55295,53976,1.000,0.024,0.824,0.710,0.324,0.517,0.207,0.020,0.354,0.562,0.524,0.000,0.858,0.656,2.751,0.749,0.581,0.550,0.343,0.429,0.518,0.393,0.387,0.597,0.569,0.552,0.634,0.778,0.385,0.302,0.157,0.331,0.376,0.181,0.070,0.170,0.015,0.928,0.870,0.789,0.309,0.723,0.424,0.388,0.455,0.445,0.464
polarized-appointments,Polarized appointments,"High appointment polarization, higher partisan pressure, and lower public trust.",current-federal-court,Current-style federal supreme court,court_variant,strong_form_court,doctrine,speech,1331,1331,56521,55190,1.000,0.024,0.752,0.660,0.383,0.861,0.700,0.039,0.382,0.623,0.901,0.000,0.517,0.570,2.219,0.442,0.447,0.530,0.357,0.382,0.539,0.448,0.336,0.600,0.549,0.516,0.636,0.759,0.376,0.298,0.176,0.293,0.384,0.182,0.086,0.218,0.015,0.933,0.878,0.799,0.305,0.660,0.414,0.371,0.424,0.424,0.439
polarized-appointments,Polarized appointments,"High appointment polarization, higher partisan pressure, and lower public trust.",eighteen-year-terms,Staggered 18-year nonrenewable terms,court_variant,strong_form_court,doctrine,administrative_state,1452,1452,64095,62643,1.000,0.023,0.873,0.734,0.288,0.353,0.081,0.042,0.350,0.545,0.352,0.000,0.741,0.646,2.716,0.466,0.504,0.589,0.277,0.461,0.519,0.389,0.402,0.604,0.598,0.537,0.635,0.751,0.431,0.253,0.131,0.299,0.409,0.213,0.055,0.273,0.019,0.918,0.864,0.792,0.312,0.707,0.434,0.388,0.452,0.442,0.463
polarized-appointments,Polarized appointments,"High appointment polarization, higher partisan pressure, and lower public trust.",eighteen-year-terms,Staggered 18-year nonrenewable terms,court_variant,strong_form_court,doctrine,criminal_procedure,1393,1393,59114,57721,1.000,0.024,0.778,0.668,0.335,0.786,0.645,0.029,0.397,0.547,0.810,0.000,0.601,0.592,2.326,0.552,0.482,0.544,0.356,0.391,0.540,0.433,0.362,0.599,0.554,0.517,0.636,0.766,0.374,0.286,0.167,0.302,0.365,0.200,0.080,0.208,0.014,0.929,0.870,0.795,0.310,0.675,0.429,0.380,0.434,0.430,0.449
polarized-appointments,Polarized appointments,"High appointment polarization, higher partisan pressure, and lower public trust.",eighteen-year-terms,Staggered 18-year nonrenewable terms,court_variant,strong_form_court,doctrine,election_law,1315,1315,52132,50817,1.000,0.025,0.735,0.643,0.368,0.888,0.720,0.035,0.460,0.584,0.888,0.000,0.842,0.628,2.733,0.653,0.511,0.526,0.389,0.363,0.542,0.439,0.361,0.593,0.533,0.530,0.635,0.778,0.348,0.337,0.169,0.354,0.344,0.221,0.078,0.179,0.012,0.938,0.883,0.804,0.311,0.712,0.430,0.389,0.451,0.436,0.461
polarized-appointments,Polarized appointments,"High appointment polarization, higher partisan pressure, and lower public trust.",eighteen-year-terms,Staggered 18-year nonrenewable terms,court_variant,strong_form_court,doctrine,emergency_powers,1397,1397,56771,55374,1.000,0.025,0.722,0.649,0.565,0.707,0.421,0.048,0.395,0.644,0.707,0.000,0.764,0.555,1.961,0.529,0.483,0.495,0.405,0.375,0.524,0.430,0.403,0.593,0.527,0.523,0.636,0.772,0.333,0.325,0.164,0.376,0.355,0.188,0.074,0.198,0.011,0.933,0.876,0.806,0.312,0.676,0.444,0.381,0.416,0.436,0.451
polarized-appointments,Polarized appointments,"High appointment polarization, higher partisan pressure, and lower public trust.",eighteen-year-terms,Staggered 18-year nonrenewable terms,court_variant,strong_form_court,doctrine,equality,1393,1393,57827,56434,1.000,0.024,0.739,0.661,0.387,0.911,0.806,0.038,0.414,0.559,0.917,0.000,0.592,0.575,2.261,0.505,0.457,0.535,0.376,0.379,0.543,0.457,0.335,0.597,0.546,0.505,0.636,0.766,0.378,0.287,0.172,0.302,0.333,0.213,0.073,0.217,0.013,0.934,0.874,0.798,0.309,0.668,0.428,0.378,0.428,0.427,0.446
polarized-appointments,Polarized appointments,"High appointment polarization, higher partisan pressure, and lower public trust.",eighteen-year-terms,Staggered 18-year nonrenewable terms,court_variant,strong_form_court,doctrine,federalism,1319,1319,55380,54061,1.000,0.024,0.840,0.723,0.309,0.451,0.152,0.037,0.358,0.554,0.459,0.000,0.858,0.656,2.751,0.749,0.581,0.565,0.333,0.444,0.517,0.393,0.387,0.597,0.579,0.542,0.635,0.777,0.357,0.318,0.156,0.335,0.387,0.192,0.060,0.170,0.016,0.921,0.860,0.785,0.314,0.723,0.437,0.393,0.457,0.447,0.469
polarized-appointments,Polarized appointments,"High appointment polarization, higher partisan pressure, and lower public trust.",eighteen-year-terms,Staggered 18-year nonrenewable terms,court_variant,strong_form_court,doctrine,speech,1331,1331,56540,55209,1.000,0.024,0.758,0.666,0.374,0.839,0.669,0.037,0.372,0.548,0.854,0.000,0.517,0.570,2.219,0.442,0.447,0.538,0.353,0.385,0.540,0.448,0.336,0.600,0.553,0.507,0.636,0.759,0.379,0.268,0.175,0.282,0.375,0.194,0.082,0.250,0.016,0.927,0.868,0.790,0.309,0.660,0.428,0.376,0.426,0.426,0.444
polarized-appointments,Polarized appointments,"High appointment polarization, higher partisan pressure, and lower public trust.",fifteen-justice-commission,Fifteen-justice supermajority commission court,court_variant,strong_form_court,doctrine,administrative_state,1452,1452,66173,64721,1.000,0.022,0.973,0.767,0.044,0.033,0.031,0.576,0.560,0.239,0.040,0.027,0.741,0.646,2.716,0.466,0.504,0.703,0.195,0.492,0.535,0.389,0.402,0.608,0.655,0.451,0.635,0.742,0.497,0.203,0.129,0.235,0.504,0.202,0.054,0.366,0.032,0.810,0.783,0.611,0.365,0.709,0.422,0.442,0.458,0.460,0.478
polarized-appointments,Polarized appointments,"High appointment polarization, higher partisan pressure, and lower public trust.",fifteen-justice-commission,Fifteen-justice supermajority commission court,court_variant,strong_form_court,doctrine,criminal_procedure,1393,1393,61035,59642,1.000,0.023,0.861,0.720,0.057,0.632,0.563,0.676,0.560,0.297,0.664,0.159,0.601,0.592,2.326,0.552,0.482,0.656,0.271,0.447,0.566,0.433,0.362,0.604,0.618,0.432,0.636,0.756,0.470,0.211,0.155,0.229,0.480,0.144,0.073,0.284,0.026,0.819,0.780,0.601,0.363,0.677,0.417,0.434,0.440,0.448,0.465
polarized-appointments,Polarized appointments,"High appointment polarization, higher partisan pressure, and lower public trust.",fifteen-justice-commission,Fifteen-justice supermajority commission court,court_variant,strong_form_court,doctrine,election_law,1315,1315,53599,52284,1.000,0.025,0.813,0.710,0.050,0.794,0.661,0.717,0.594,0.350,0.794,0.456,0.842,0.628,2.733,0.653,0.511,0.646,0.298,0.428,0.575,0.439,0.361,0.599,0.602,0.447,0.635,0.767,0.459,0.217,0.167,0.240,0.466,0.141,0.090,0.254,0.022,0.833,0.801,0.599,0.364,0.713,0.417,0.443,0.457,0.454,0.477
polarized-appointments,Polarized appointments,"High appointment polarization, higher partisan pressure, and lower public trust.",fifteen-justice-commission,Fifteen-justice supermajority commission court,court_variant,strong_form_court,doctrine,emergency_powers,1397,1397,58150,56753,1.000,0.024,0.854,0.725,0.137,0.405,0.370,0.728,0.590,0.281,0.405,0.484,0.764,0.555,1.961,0.529,0.483,0.647,0.272,0.459,0.552,0.430,0.403,0.603,0.615,0.440,0.636,0.756,0.456,0.240,0.145,0.248,0.476,0.157,0.068,0.315,0.024,0.832,0.801,0.620,0.365,0.677,0.436,0.436,0.421,0.455,0.467
polarized-appointments,Polarized appointments,"High appointment polarization, higher partisan pressure, and lower public trust.",fifteen-justice-commission,Fifteen-justice supermajority commission court,court_variant,strong_form_court,doctrine,equality,1393,1393,59801,58408,1.000,0.023,0.813,0.721,0.059,0.797,0.777,0.713,0.658,0.327,0.842,0.351,0.592,0.575,2.261,0.505,0.457,0.654,0.288,0.438,0.580,0.457,0.335,0.603,0.612,0.423,0.636,0.756,0.480,0.215,0.170,0.205,0.475,0.160,0.082,0.321,0.024,0.831,0.794,0.602,0.362,0.670,0.414,0.432,0.435,0.445,0.461
polarized-appointments,Polarized appointments,"High appointment polarization, higher partisan pressure, and lower public trust.",fifteen-justice-commission,Fifteen-justice supermajority commission court,court_variant,strong_form_court,doctrine,federalism,1319,1319,57169,55850,1.000,0.023,0.955,0.775,0.044,0.091,0.062,0.610,0.549,0.274,0.098,0.043,0.858,0.656,2.751,0.749,0.581,0.690,0.239,0.495,0.532,0.393,0.387,0.603,0.648,0.455,0.635,0.765,0.441,0.230,0.142,0.264,0.481,0.135,0.069,0.273,0.032,0.803,0.769,0.592,0.366,0.725,0.423,0.447,0.463,0.464,0.484
polarized-appointments,Polarized appointments,"High appointment polarization, higher partisan pressure, and lower public trust.",fifteen-justice-commission,Fifteen-justice supermajority commission court,court_variant,strong_form_court,doctrine,speech,1331,1331,58517,57186,1.000,0.023,0.843,0.723,0.059,0.667,0.621,0.732,0.641,0.268,0.719,0.293,0.517,0.570,2.219,0.442,0.447,0.658,0.262,0.448,0.571,0.448,0.336,0.606,0.620,0.423,0.636,0.748,0.472,0.210,0.158,0.200,0.485,0.167,0.077,0.325,0.028,0.822,0.790,0.597,0.362,0.662,0.415,0.430,0.432,0.444,0.459
polarized-appointments,Polarized appointments,"High appointment polarization, higher partisan pressure, and lower public trust.",supermajority-invalidation,Supermajority required to invalidate laws,court_variant,strong_form_court,doctrine,administrative_state,1452,1452,66160,64708,1.000,0.022,0.969,0.766,0.049,0.104,0.032,0.604,0.458,0.281,0.109,0.016,0.741,0.646,2.716,0.466,0.504,0.671,0.197,0.489,0.527,0.389,0.402,0.607,0.648,0.461,0.634,0.746,0.514,0.201,0.105,0.233,0.509,0.197,0.043,0.339,0.031,0.828,0.802,0.638,0.305,0.709,0.401,0.383,0.456,0.496,0.465
polarized-appointments,Polarized appointments,"High appointment polarization, higher partisan pressure, and lower public trust.",supermajority-invalidation,Supermajority required to invalidate laws,court_variant,strong_form_court,doctrine,criminal_procedure,1393,1393,61037,59644,1.000,0.023,0.872,0.716,0.060,0.689,0.533,0.594,0.544,0.317,0.739,0.139,0.601,0.592,2.326,0.552,0.482,0.630,0.270,0.443,0.556,0.433,0.362,0.603,0.613,0.442,0.635,0.760,0.481,0.223,0.152,0.215,0.480,0.161,0.077,0.286,0.025,0.837,0.804,0.633,0.303,0.677,0.395,0.374,0.438,0.484,0.451
polarized-appointments,Polarized appointments,"High appointment polarization, higher partisan pressure, and lower public trust.",supermajority-invalidation,Supermajority required to invalidate laws,court_variant,strong_form_court,doctrine,election_law,1315,1315,53609,52294,1.000,0.025,0.821,0.706,0.051,0.782,0.675,0.682,0.547,0.285,0.782,0.453,0.842,0.628,2.733,0.653,0.511,0.620,0.300,0.423,0.568,0.439,0.361,0.598,0.596,0.458,0.634,0.771,0.453,0.249,0.161,0.262,0.473,0.165,0.071,0.248,0.019,0.853,0.822,0.633,0.305,0.713,0.395,0.383,0.455,0.490,0.463
polarized-appointments,Polarized appointments,"High appointment polarization, higher partisan pressure, and lower public trust.",supermajority-invalidation,Supermajority required to invalidate laws,court_variant,strong_form_court,doctrine,emergency_powers,1397,1397,58203,56806,1.000,0.024,0.853,0.713,0.146,0.526,0.378,0.642,0.554,0.361,0.526,0.482,0.764,0.555,1.961,0.529,0.483,0.616,0.279,0.442,0.545,0.430,0.403,0.601,0.604,0.450,0.635,0.760,0.476,0.222,0.149,0.255,0.448,0.162,0.072,0.294,0.024,0.850,0.823,0.651,0.305,0.677,0.413,0.376,0.419,0.491,0.453
polarized-appointments,Polarized appointments,"High appointment polarization, higher partisan pressure, and lower public trust.",supermajority-invalidation,Supermajority required to invalidate laws,court_variant,strong_form_court,doctrine,equality,1393,1393,59766,58373,1.000,0.023,0.826,0.721,0.061,0.830,0.744,0.650,0.539,0.296,0.844,0.374,0.592,0.575,2.261,0.505,0.457,0.631,0.287,0.436,0.570,0.457,0.335,0.602,0.609,0.432,0.635,0.759,0.480,0.240,0.158,0.225,0.464,0.155,0.079,0.299,0.022,0.851,0.818,0.633,0.303,0.670,0.393,0.372,0.432,0.481,0.448
polarized-appointments,Polarized appointments,"High appointment polarization, higher partisan pressure, and lower public trust.",supermajority-invalidation,Supermajority required to invalidate laws,court_variant,strong_form_court,doctrine,federalism,1319,1319,57078,55759,1.000,0.023,0.945,0.767,0.057,0.254,0.084,0.589,0.416,0.265,0.243,0.016,0.858,0.656,2.751,0.749,0.581,0.653,0.247,0.484,0.525,0.393,0.387,0.601,0.636,0.466,0.634,0.770,0.471,0.223,0.140,0.265,0.475,0.153,0.071,0.270,0.028,0.822,0.791,0.629,0.307,0.725,0.403,0.387,0.461,0.501,0.470
polarized-appointments,Polarized appointments,"High appointment polarization, higher partisan pressure, and lower public trust.",supermajority-invalidation,Supermajority required to invalidate laws,court_variant,strong_form_court,doctrine,speech,1331,1331,58527,57196,1.000,0.023,0.854,0.717,0.062,0.762,0.582,0.614,0.480,0.327,0.866,0.347,0.517,0.570,2.219,0.442,0.447,0.632,0.261,0.442,0.561,0.448,0.336,0.605,0.615,0.433,0.635,0.751,0.492,0.206,0.160,0.190,0.488,0.134,0.079,0.332,0.027,0.839,0.808,0.629,0.302,0.662,0.394,0.370,0.430,0.480,0.446
polarized-appointments,Polarized appointments,"High appointment polarization, higher partisan pressure, and lower public trust.",strict-recusal-court,Strict recusal with substitute justices,court_variant,strong_form_court,doctrine,administrative_state,1452,1452,66189,64737,1.000,0.022,0.973,0.767,0.043,0.027,0.024,0.676,0.588,0.154,0.013,0.022,0.741,0.646,2.716,0.466,0.504,0.722,0.194,0.492,0.542,0.389,0.402,0.605,0.660,0.450,0.635,0.745,0.521,0.189,0.116,0.227,0.528,0.186,0.043,0.356,0.036,0.776,0.759,0.564,0.364,0.709,0.423,0.441,0.458,0.494,0.484
polarized-appointments,Polarized appointments,"High appointment polarization, higher partisan pressure, and lower public trust.",strict-recusal-court,Strict recusal with substitute justices,court_variant,strong_form_court,doctrine,criminal_procedure,1393,1393,61051,59658,1.000,0.023,0.863,0.724,0.053,0.640,0.542,0.713,0.629,0.247,0.596,0.197,0.601,0.592,2.326,0.552,0.482,0.676,0.268,0.452,0.573,0.433,0.362,0.600,0.624,0.429,0.635,0.759,0.514,0.199,0.149,0.192,0.492,0.156,0.077,0.331,0.029,0.790,0.759,0.562,0.362,0.677,0.417,0.433,0.440,0.482,0.471
polarized-appointments,Polarized appointments,"High appointment polarization, higher partisan pressure, and lower public trust.",strict-recusal-court,Strict recusal with substitute justices,court_variant,strong_form_court,doctrine,election_law,1315,1315,53530,52215,1.000,0.025,0.814,0.712,0.053,0.759,0.646,0.764,0.677,0.277,0.759,0.446,0.842,0.628,2.733,0.653,0.511,0.664,0.296,0.433,0.581,0.439,0.361,0.595,0.607,0.444,0.635,0.770,0.482,0.224,0.157,0.249,0.496,0.156,0.087,0.287,0.023,0.803,0.780,0.562,0.364,0.713,0.419,0.442,0.457,0.488,0.482
polarized-appointments,Polarized appointments,"High appointment polarization, higher partisan pressure, and lower public trust.",strict-recusal-court,Strict recusal with substitute justices,court_variant,strong_form_court,doctrine,emergency_powers,1397,1397,58142,56745,1.000,0.024,0.856,0.723,0.137,0.423,0.351,0.735,0.650,0.297,0.423,0.481,0.764,0.555,1.961,0.529,0.483,0.666,0.271,0.458,0.559,0.430,0.403,0.599,0.619,0.438,0.635,0.759,0.504,0.198,0.140,0.224,0.465,0.154,0.076,0.307,0.028,0.803,0.784,0.581,0.364,0.677,0.437,0.435,0.421,0.489,0.473
polarized-appointments,Polarized appointments,"High appointment polarization, higher partisan pressure, and lower public trust.",strict-recusal-court,Strict recusal with substitute justices,court_variant,strong_form_court,doctrine,equality,1393,1393,59715,58322,1.000,0.023,0.814,0.723,0.062,0.779,0.763,0.700,0.714,0.249,0.800,0.346,0.592,0.575,2.261,0.505,0.457,0.672,0.287,0.441,0.587,0.457,0.335,0.599,0.617,0.421,0.636,0.759,0.517,0.215,0.139,0.195,0.505,0.156,0.065,0.345,0.027,0.804,0.777,0.564,0.361,0.670,0.416,0.431,0.435,0.479,0.467
polarized-appointments,Polarized appointments,"High appointment polarization, higher partisan pressure, and lower public trust.",strict-recusal-court,Strict recusal with substitute justices,court_variant,strong_form_court,doctrine,federalism,1319,1319,57051,55732,1.000,0.023,0.952,0.774,0.051,0.132,0.058,0.647,0.595,0.237,0.124,0.032,0.858,0.656,2.751,0.749,0.581,0.707,0.241,0.494,0.539,0.393,0.387,0.599,0.650,0.453,0.634,0.769,0.511,0.205,0.131,0.246,0.519,0.109,0.063,0.281,0.034,0.771,0.746,0.554,0.366,0.725,0.425,0.446,0.463,0.499,0.489
polarized-appointments,Polarized appointments,"High appointment polarization, higher partisan pressure, and lower public trust.",strict-recusal-court,Strict recusal with substitute justices,court_variant,strong_form_court,doctrine,speech,1331,1331,58527,57196,1.000,0.023,0.844,0.721,0.058,0.692,0.597,0.667,0.641,0.409,0.776,0.313,0.517,0.570,2.219,0.442,0.447,0.676,0.259,0.448,0.578,0.448,0.336,0.602,0.624,0.422,0.636,0.751,0.515,0.192,0.134,0.195,0.488,0.153,0.065,0.347,0.032,0.795,0.769,0.558,0.361,0.662,0.416,0.429,0.432,0.478,0.465
polarized-appointments,Polarized appointments,"High appointment polarization, higher partisan pressure, and lower public trust.",reasoned-emergency-review,Reasoned emergency orders with merits follow-up,court_variant,strong_form_court,doctrine,administrative_state,1452,1452,66615,65163,1.000,0.022,0.970,0.765,0.000,0.131,0.076,0.860,0.607,0.084,0.126,1.000,0.741,0.646,2.716,0.466,0.504,0.725,0.187,0.489,0.550,0.389,0.402,0.608,0.658,0.460,0.634,0.744,0.534,0.199,0.113,0.214,0.501,0.209,0.050,0.348,0.034,0.813,0.800,0.577,0.311,0.709,0.411,0.388,0.458,0.491,0.468
polarized-appointments,Polarized appointments,"High appointment polarization, higher partisan pressure, and lower public trust.",reasoned-emergency-review,Reasoned emergency orders with merits follow-up,court_variant,strong_form_court,doctrine,criminal_procedure,1393,1393,61441,60048,1.000,0.023,0.860,0.721,0.002,0.673,0.637,0.861,0.683,0.158,0.698,1.000,0.601,0.592,2.326,0.552,0.482,0.686,0.268,0.442,0.588,0.433,0.362,0.603,0.622,0.443,0.635,0.759,0.494,0.215,0.149,0.196,0.508,0.145,0.085,0.319,0.027,0.830,0.808,0.571,0.309,0.677,0.405,0.380,0.441,0.480,0.455
polarized-appointments,Polarized appointments,"High appointment polarization, higher partisan pressure, and lower public trust.",reasoned-emergency-review,Reasoned emergency orders with merits follow-up,court_variant,strong_form_court,doctrine,election_law,1315,1315,53918,52603,1.000,0.024,0.809,0.706,0.004,0.827,0.738,0.867,0.633,0.051,0.827,1.000,0.842,0.628,2.733,0.653,0.511,0.675,0.297,0.419,0.596,0.439,0.361,0.598,0.604,0.460,0.634,0.770,0.481,0.226,0.160,0.246,0.478,0.163,0.078,0.269,0.022,0.843,0.824,0.581,0.310,0.714,0.406,0.389,0.457,0.485,0.466
polarized-appointments,Polarized appointments,"High appointment polarization, higher partisan pressure, and lower public trust.",reasoned-emergency-review,Reasoned emergency orders with merits follow-up,court_variant,strong_form_court,doctrine,emergency_powers,1397,1397,58697,57300,1.000,0.024,0.861,0.722,0.017,0.499,0.433,0.870,0.691,0.207,0.499,1.000,0.764,0.555,1.961,0.529,0.483,0.687,0.250,0.449,0.575,0.430,0.403,0.604,0.622,0.452,0.635,0.756,0.493,0.195,0.149,0.233,0.485,0.152,0.067,0.339,0.025,0.837,0.822,0.587,0.311,0.678,0.423,0.381,0.422,0.486,0.456
polarized-appointments,Polarized appointments,"High appointment polarization, higher partisan pressure, and lower public trust.",reasoned-emergency-review,Reasoned emergency orders with merits follow-up,court_variant,strong_form_court,doctrine,equality,1393,1393,60257,58864,1.000,0.023,0.818,0.727,0.004,0.879,0.810,0.860,0.748,0.112,0.868,1.000,0.592,0.575,2.261,0.505,0.457,0.688,0.281,0.441,0.600,0.457,0.335,0.602,0.620,0.433,0.635,0.758,0.522,0.210,0.159,0.195,0.479,0.154,0.087,0.324,0.024,0.842,0.819,0.580,0.308,0.671,0.402,0.377,0.435,0.476,0.451
polarized-appointments,Polarized appointments,"High appointment polarization, higher partisan pressure, and lower public trust.",reasoned-emergency-review,Reasoned emergency orders with merits follow-up,court_variant,strong_form_court,doctrine,federalism,1319,1319,57460,56141,1.000,0.023,0.944,0.767,0.000,0.165,0.146,0.816,0.680,0.087,0.162,1.000,0.858,0.656,2.751,0.749,0.581,0.709,0.236,0.486,0.550,0.393,0.387,0.602,0.646,0.467,0.634,0.768,0.481,0.220,0.125,0.264,0.497,0.135,0.058,0.277,0.031,0.814,0.798,0.573,0.312,0.725,0.413,0.393,0.464,0.496,0.473
polarized-appointments,Polarized appointments,"High appointment polarization, higher partisan pressure, and lower public trust.",reasoned-emergency-review,Reasoned emergency orders with merits follow-up,court_variant,strong_form_court,doctrine,speech,1331,1331,59038,57707,1.000,0.023,0.842,0.725,0.003,0.657,0.678,0.889,0.717,0.081,0.733,1.000,0.517,0.570,2.219,0.442,0.447,0.689,0.257,0.443,0.592,0.448,0.336,0.605,0.625,0.434,0.635,0.750,0.505,0.220,0.153,0.187,0.471,0.154,0.082,0.371,0.030,0.831,0.809,0.577,0.308,0.662,0.403,0.375,0.433,0.475,0.449
polarized-appointments,Polarized appointments,"High appointment polarization, higher partisan pressure, and lower public trust.",panel-en-banc-review,Panel review with en banc safety valve,court_variant,strong_form_court,doctrine,administrative_state,1452,1452,66180,64728,1.000,0.022,0.972,0.768,0.044,0.043,0.024,0.661,0.597,0.237,0.038,0.048,0.741,0.646,2.716,0.466,0.504,0.716,0.194,0.493,0.539,0.389,0.402,0.601,0.657,0.448,0.634,0.744,0.488,0.200,0.131,0.231,0.525,0.171,0.056,0.334,0.034,0.804,0.777,0.594,0.434,0.709,0.457,0.508,0.528,0.485,0.519
polarized-appointments,Polarized appointments,"High appointment polarization, higher partisan pressure, and lower public trust.",panel-en-banc-review,Panel review with en banc safety valve,court_variant,strong_form_court,doctrine,criminal_procedure,1393,1393,60933,59540,1.000,0.023,0.859,0.722,0.062,0.609,0.569,0.678,0.678,0.292,0.647,0.158,0.601,0.592,2.326,0.552,0.482,0.669,0.272,0.448,0.571,0.433,0.362,0.596,0.620,0.429,0.635,0.759,0.489,0.219,0.153,0.200,0.457,0.154,0.073,0.289,0.027,0.813,0.776,0.584,0.427,0.677,0.448,0.495,0.501,0.471,0.502
polarized-appointments,Polarized appointments,"High appointment polarization, higher partisan pressure, and lower public trust.",panel-en-banc-review,Panel review with en banc safety valve,court_variant,strong_form_court,doctrine,election_law,1315,1315,53588,52273,1.000,0.025,0.808,0.712,0.050,0.768,0.666,0.751,0.638,0.265,0.768,0.470,0.842,0.628,2.733,0.653,0.511,0.659,0.298,0.430,0.580,0.439,0.361,0.590,0.604,0.444,0.634,0.770,0.486,0.232,0.156,0.230,0.484,0.128,0.089,0.280,0.023,0.824,0.792,0.582,0.441,0.713,0.459,0.515,0.539,0.484,0.524
polarized-appointments,Polarized appointments,"High appointment polarization, higher partisan pressure, and lower public trust.",panel-en-banc-review,Panel review with en banc safety valve,court_variant,strong_form_court,doctrine,emergency_powers,1397,1397,58095,56698,1.000,0.024,0.848,0.724,0.141,0.431,0.376,0.747,0.657,0.293,0.431,0.481,0.764,0.555,1.961,0.529,0.483,0.660,0.274,0.458,0.557,0.430,0.403,0.594,0.616,0.437,0.635,0.759,0.470,0.223,0.148,0.266,0.480,0.159,0.069,0.300,0.026,0.824,0.797,0.603,0.439,0.677,0.476,0.505,0.498,0.484,0.512
polarized-appointments,Polarized appointments,"High appointment polarization, higher partisan pressure, and lower public trust.",panel-en-banc-review,Panel review with en banc safety valve,court_variant,strong_form_court,doctrine,equality,1393,1393,59740,58347,1.000,0.023,0.809,0.720,0.063,0.763,0.791,0.705,0.676,0.242,0.793,0.275,0.592,0.575,2.261,0.505,0.457,0.666,0.290,0.437,0.585,0.457,0.335,0.595,0.613,0.420,0.635,0.758,0.483,0.218,0.156,0.207,0.482,0.163,0.080,0.325,0.024,0.830,0.790,0.591,0.428,0.670,0.447,0.495,0.500,0.468,0.500
polarized-appointments,Polarized appointments,"High appointment polarization, higher partisan pressure, and lower public trust.",panel-en-banc-review,Panel review with en banc safety valve,court_variant,strong_form_court,doctrine,federalism,1319,1319,57175,55856,1.000,0.023,0.952,0.775,0.045,0.096,0.059,0.627,0.590,0.217,0.101,0.012,0.858,0.656,2.751,0.749,0.581,0.703,0.239,0.496,0.536,0.393,0.387,0.594,0.649,0.452,0.634,0.768,0.484,0.215,0.120,0.239,0.518,0.114,0.052,0.271,0.033,0.797,0.765,0.577,0.442,0.725,0.464,0.518,0.544,0.494,0.530
polarized-appointments,Polarized appointments,"High appointment polarization, higher partisan pressure, and lower public trust.",panel-en-banc-review,Panel review with en banc safety valve,court_variant,strong_form_court,doctrine,speech,1331,1331,58550,57219,1.000,0.023,0.837,0.721,0.057,0.672,0.654,0.728,0.662,0.313,0.703,0.308,0.517,0.570,2.219,0.442,0.447,0.672,0.264,0.446,0.579,0.448,0.336,0.599,0.621,0.422,0.635,0.750,0.503,0.190,0.159,0.178,0.483,0.159,0.083,0.336,0.029,0.818,0.784,0.584,0.423,0.662,0.443,0.488,0.490,0.464,0.494
polarized-appointments,Polarized appointments,"High appointment polarization, higher partisan pressure, and lower public trust.",dual-cross-checking-courts,Dual supreme courts with cross-checking invalidations,court_variant,strong_form_court,doctrine,administrative_state,1452,1452,66866,65414,1.000,0.022,0.993,0.768,0.000,0.000,0.005,0.780,0.627,0.034,0.000,1.000,0.741,0.646,2.716,0.466,0.504,0.744,0.192,0.493,0.546,0.389,0.402,0.579,0.655,0.612,0.631,0.758,0.554,0.172,0.104,0.196,0.572,0.161,0.043,0.387,0.040,0.695,0.679,0.494,0.519,0.709,0.567,0.589,0.585,0.627,0.597
polarized-appointments,Polarized appointments,"High appointment polarization, higher partisan pressure, and lower public trust.",dual-cross-checking-courts,Dual supreme courts with cross-checking invalidations,court_variant,strong_form_court,doctrine,criminal_procedure,1393,1393,61659,60266,1.000,0.023,0.890,0.732,0.002,0.627,0.462,0.898,0.695,0.119,0.686,1.000,0.601,0.592,2.326,0.552,0.482,0.698,0.270,0.467,0.576,0.433,0.362,0.574,0.625,0.591,0.632,0.773,0.536,0.187,0.134,0.190,0.546,0.115,0.066,0.350,0.034,0.703,0.677,0.480,0.517,0.677,0.561,0.581,0.567,0.616,0.584
polarized-appointments,Polarized appointments,"High appointment polarization, higher partisan pressure, and lower public trust.",dual-cross-checking-courts,Dual supreme courts with cross-checking invalidations,court_variant,strong_form_court,doctrine,election_law,1315,1315,54081,52766,1.000,0.024,0.846,0.730,0.003,0.793,0.554,0.845,0.741,0.121,0.793,1.000,0.842,0.628,2.733,0.653,0.511,0.687,0.298,0.451,0.583,0.439,0.361,0.569,0.611,0.604,0.631,0.783,0.507,0.206,0.139,0.227,0.516,0.132,0.070,0.314,0.028,0.722,0.691,0.496,0.519,0.714,0.561,0.589,0.584,0.621,0.595
polarized-appointments,Polarized appointments,"High appointment polarization, higher partisan pressure, and lower public trust.",dual-cross-checking-courts,Dual supreme courts with cross-checking invalidations,court_variant,strong_form_court,doctrine,emergency_powers,1397,1397,58995,57598,1.000,0.024,0.912,0.731,0.018,0.363,0.215,0.876,0.709,0.187,0.363,1.000,0.764,0.555,1.961,0.529,0.483,0.703,0.252,0.469,0.559,0.430,0.403,0.575,0.626,0.599,0.631,0.770,0.528,0.180,0.130,0.221,0.530,0.145,0.057,0.354,0.033,0.715,0.700,0.512,0.520,0.678,0.578,0.582,0.549,0.622,0.586
polarized-appointments,Polarized appointments,"High appointment polarization, higher partisan pressure, and lower public trust.",dual-cross-checking-courts,Dual supreme courts with cross-checking invalidations,court_variant,strong_form_court,doctrine,equality,1393,1393,60355,58962,1.000,0.023,0.838,0.737,0.004,0.768,0.706,0.817,0.780,0.183,0.842,1.000,0.592,0.575,2.261,0.505,0.457,0.696,0.285,0.455,0.593,0.457,0.335,0.573,0.619,0.582,0.632,0.772,0.545,0.181,0.145,0.168,0.528,0.132,0.071,0.356,0.030,0.725,0.699,0.492,0.516,0.671,0.559,0.578,0.562,0.612,0.580
polarized-appointments,Polarized appointments,"High appointment polarization, higher partisan pressure, and lower public trust.",dual-cross-checking-courts,Dual supreme courts with cross-checking invalidations,court_variant,strong_form_court,doctrine,federalism,1319,1319,57712,56393,1.000,0.023,0.982,0.778,0.000,0.000,0.016,0.898,0.673,0.020,0.000,1.000,0.858,0.656,2.751,0.749,0.581,0.733,0.240,0.499,0.542,0.393,0.387,0.573,0.649,0.616,0.631,0.782,0.531,0.187,0.124,0.238,0.547,0.096,0.053,0.317,0.039,0.688,0.663,0.483,0.521,0.725,0.568,0.593,0.590,0.632,0.602
polarized-appointments,Polarized appointments,"High appointment polarization, higher partisan pressure, and lower public trust.",dual-cross-checking-courts,Dual supreme courts with cross-checking invalidations,court_variant,strong_form_court,doctrine,speech,1331,1331,59219,57888,1.000,0.022,0.872,0.734,0.002,0.621,0.524,0.833,0.742,0.152,0.700,1.000,0.517,0.570,2.219,0.442,0.447,0.699,0.261,0.464,0.581,0.448,0.336,0.576,0.626,0.583,0.632,0.765,0.554,0.177,0.141,0.165,0.539,0.126,0.080,0.401,0.035,0.704,0.681,0.480,0.516,0.663,0.559,0.576,0.560,0.612,0.578
polarized-appointments,Polarized appointments,"High appointment polarization, higher partisan pressure, and lower public trust.",constitutional-council,Pre-enactment constitutional council,court_variant,strong_form_court,doctrine,administrative_state,1452,1452,66241,64789,1.000,0.022,0.987,0.768,0.040,0.023,0.002,0.705,0.693,0.165,0.027,0.028,0.741,0.646,2.716,0.466,0.504,0.748,0.192,0.493,0.549,0.389,0.402,0.591,0.652,0.679,0.634,0.752,0.572,0.159,0.094,0.200,0.582,0.160,0.039,0.393,0.039,0.623,0.618,0.462,0.444,0.709,0.483,0.515,0.526,0.570,0.541
polarized-appointments,Polarized appointments,"High appointment polarization, higher partisan pressure, and lower public trust.",constitutional-council,Pre-enactment constitutional council,court_variant,strong_form_court,doctrine,criminal_procedure,1393,1393,60944,59551,1.000,0.023,0.937,0.723,0.058,0.559,0.415,0.744,0.774,0.292,0.611,0.149,0.601,0.592,2.326,0.552,0.482,0.700,0.255,0.463,0.571,0.433,0.362,0.587,0.626,0.656,0.634,0.765,0.554,0.176,0.127,0.190,0.551,0.126,0.062,0.375,0.035,0.635,0.616,0.462,0.442,0.677,0.479,0.507,0.508,0.559,0.528
polarized-appointments,Polarized appointments,"High appointment polarization, higher partisan pressure, and lower public trust.",constitutional-council,Pre-enactment constitutional council,court_variant,strong_form_court,doctrine,election_law,1315,1315,53539,52224,1.000,0.025,0.919,0.725,0.049,0.670,0.498,0.761,0.793,0.298,0.670,0.415,0.842,0.628,2.733,0.653,0.511,0.692,0.279,0.455,0.578,0.439,0.361,0.583,0.618,0.667,0.634,0.775,0.548,0.192,0.129,0.203,0.554,0.114,0.067,0.319,0.029,0.649,0.633,0.461,0.443,0.713,0.479,0.516,0.525,0.564,0.540
polarized-appointments,Polarized appointments,"High appointment polarization, higher partisan pressure, and lower public trust.",constitutional-council,Pre-enactment constitutional council,court_variant,strong_form_court,doctrine,emergency_powers,1397,1397,58248,56851,1.000,0.024,0.930,0.724,0.121,0.324,0.191,0.782,0.735,0.277,0.324,0.483,0.764,0.555,1.961,0.529,0.483,0.697,0.254,0.469,0.557,0.430,0.403,0.587,0.622,0.665,0.634,0.764,0.536,0.172,0.127,0.215,0.542,0.116,0.069,0.377,0.032,0.651,0.647,0.476,0.444,0.677,0.497,0.509,0.489,0.565,0.530
polarized-appointments,Polarized appointments,"High appointment polarization, higher partisan pressure, and lower public trust.",constitutional-council,Pre-enactment constitutional council,court_variant,strong_form_court,doctrine,equality,1393,1393,59821,58428,1.000,0.023,0.919,0.730,0.054,0.764,0.656,0.733,0.738,0.287,0.802,0.364,0.592,0.575,2.261,0.505,0.457,0.698,0.273,0.455,0.588,0.457,0.335,0.587,0.624,0.647,0.634,0.764,0.576,0.165,0.131,0.187,0.566,0.122,0.062,0.388,0.031,0.660,0.642,0.476,0.441,0.670,0.475,0.505,0.503,0.555,0.524
polarized-appointments,Polarized appointments,"High appointment polarization, higher partisan pressure, and lower public trust.",constitutional-council,Pre-enactment constitutional council,court_variant,strong_form_court,doctrine,federalism,1319,1319,57087,55768,1.000,0.023,0.980,0.778,0.045,0.034,0.003,0.730,0.669,0.180,0.036,0.022,0.858,0.656,2.751,0.749,0.581,0.737,0.235,0.498,0.544,0.393,0.387,0.586,0.647,0.682,0.633,0.776,0.560,0.164,0.108,0.218,0.558,0.113,0.052,0.343,0.041,0.618,0.602,0.452,0.445,0.725,0.486,0.520,0.531,0.575,0.547
polarized-appointments,Polarized appointments,"High appointment polarization, higher partisan pressure, and lower public trust.",constitutional-council,Pre-enactment constitutional council,court_variant,strong_form_court,doctrine,speech,1331,1331,58529,57198,1.000,0.023,0.929,0.724,0.057,0.667,0.489,0.737,0.763,0.263,0.709,0.308,0.517,0.570,2.219,0.442,0.447,0.700,0.248,0.457,0.578,0.448,0.336,0.589,0.627,0.648,0.634,0.757,0.569,0.160,0.127,0.168,0.569,0.102,0.065,0.390,0.036,0.645,0.634,0.459,0.441,0.662,0.477,0.503,0.500,0.554,0.522
polarized-appointments,Polarized appointments,"High appointment polarization, higher partisan pressure, and lower public trust.",legislative-override-court,Judicial review with delayed legislative override,court_variant,strong_form_court,doctrine,administrative_state,1452,1452,66101,64649,1.000,0.022,0.952,0.763,0.051,0.115,0.067,0.655,0.565,0.255,0.113,0.010,0.741,0.646,2.716,0.466,0.504,0.687,0.202,0.489,0.536,0.389,0.402,0.603,0.648,0.452,0.634,0.749,0.482,0.231,0.118,0.238,0.497,0.198,0.048,0.342,0.030,0.838,0.807,0.648,0.312,0.708,0.418,0.389,0.457,0.520,0.474
polarized-appointments,Polarized appointments,"High appointment polarization, higher partisan pressure, and lower public trust.",legislative-override-court,Judicial review with delayed legislative override,court_variant,strong_form_court,doctrine,criminal_procedure,1393,1393,60977,59584,1.000,0.023,0.843,0.711,0.063,0.681,0.603,0.675,0.607,0.335,0.685,0.131,0.601,0.592,2.326,0.552,0.482,0.646,0.283,0.445,0.570,0.433,0.362,0.598,0.610,0.430,0.635,0.764,0.487,0.211,0.152,0.232,0.463,0.158,0.067,0.275,0.024,0.850,0.812,0.643,0.310,0.677,0.412,0.380,0.440,0.509,0.461
polarized-appointments,Polarized appointments,"High appointment polarization, higher partisan pressure, and lower public trust.",legislative-override-court,Judicial review with delayed legislative override,court_variant,strong_form_court,doctrine,election_law,1315,1315,53669,52354,1.000,0.025,0.793,0.698,0.046,0.854,0.702,0.720,0.622,0.348,0.854,0.512,0.842,0.628,2.733,0.653,0.511,0.637,0.314,0.432,0.582,0.439,0.361,0.593,0.594,0.443,0.634,0.775,0.447,0.252,0.168,0.259,0.427,0.189,0.087,0.246,0.019,0.863,0.826,0.647,0.311,0.713,0.411,0.389,0.458,0.515,0.472
polarized-appointments,Polarized appointments,"High appointment polarization, higher partisan pressure, and lower public trust.",legislative-override-court,Judicial review with delayed legislative override,court_variant,strong_form_court,doctrine,emergency_powers,1397,1397,58217,56820,1.000,0.024,0.831,0.716,0.138,0.467,0.424,0.685,0.596,0.316,0.467,0.499,0.764,0.555,1.961,0.529,0.483,0.636,0.282,0.452,0.556,0.430,0.403,0.597,0.606,0.440,0.635,0.763,0.449,0.252,0.151,0.263,0.450,0.157,0.071,0.280,0.022,0.859,0.825,0.666,0.312,0.677,0.430,0.382,0.421,0.515,0.463
polarized-appointments,Polarized appointments,"High appointment polarization, higher partisan pressure, and lower public trust.",legislative-override-court,Judicial review with delayed legislative override,court_variant,strong_form_court,doctrine,equality,1393,1393,59672,58279,1.000,0.023,0.797,0.713,0.066,0.796,0.808,0.697,0.606,0.299,0.851,0.335,0.592,0.575,2.261,0.505,0.457,0.645,0.300,0.438,0.583,0.457,0.335,0.597,0.605,0.420,0.635,0.763,0.459,0.241,0.169,0.233,0.443,0.182,0.091,0.302,0.022,0.866,0.825,0.652,0.309,0.670,0.410,0.378,0.435,0.506,0.457
polarized-appointments,Polarized appointments,"High appointment polarization, higher partisan pressure, and lower public trust.",legislative-override-court,Judicial review with delayed legislative override,court_variant,strong_form_court,doctrine,federalism,1319,1319,57154,55835,1.000,0.023,0.930,0.767,0.047,0.139,0.114,0.596,0.560,0.283,0.149,0.012,0.858,0.656,2.751,0.749,0.581,0.674,0.247,0.490,0.535,0.393,0.387,0.598,0.638,0.457,0.634,0.772,0.477,0.248,0.118,0.256,0.480,0.141,0.055,0.257,0.028,0.836,0.801,0.635,0.313,0.725,0.418,0.393,0.463,0.524,0.479
polarized-appointments,Polarized appointments,"High appointment polarization, higher partisan pressure, and lower public trust.",legislative-override-court,Judicial review with delayed legislative override,court_variant,strong_form_court,doctrine,speech,1331,1331,58538,57207,1.000,0.023,0.827,0.714,0.060,0.738,0.640,0.600,0.595,0.323,0.761,0.303,0.517,0.570,2.219,0.442,0.447,0.648,0.270,0.447,0.573,0.448,0.336,0.601,0.613,0.422,0.635,0.755,0.464,0.240,0.156,0.231,0.467,0.161,0.083,0.316,0.026,0.852,0.815,0.638,0.309,0.662,0.410,0.376,0.432,0.504,0.455
polarized-appointments,Polarized appointments,"High appointment polarization, higher partisan pressure, and lower public trust.",accountability-retention-court,Retention-election accountability court,court_variant,strong_form_court,doctrine,administrative_state,1452,1452,66135,64683,1.000,0.022,0.964,0.767,0.046,0.021,0.012,0.641,0.516,0.177,0.019,0.016,0.741,0.646,2.716,0.466,0.504,0.712,0.194,0.493,0.537,0.389,0.402,0.600,0.659,0.430,0.634,0.750,0.517,0.167,0.121,0.227,0.544,0.170,0.044,0.388,0.037,0.705,0.664,0.557,0.323,0.708,0.454,0.400,0.461,0.546,0.489
polarized-appointments,Polarized appointments,"High appointment polarization, higher partisan pressure, and lower public trust.",accountability-retention-court,Retention-election accountability court,court_variant,strong_form_court,doctrine,criminal_procedure,1393,1393,61077,59684,1.000,0.023,0.867,0.703,0.052,0.514,0.386,0.734,0.638,0.294,0.523,0.147,0.601,0.592,2.326,0.552,0.482,0.667,0.264,0.478,0.562,0.433,0.362,0.596,0.625,0.398,0.635,0.764,0.487,0.223,0.134,0.209,0.497,0.151,0.068,0.337,0.030,0.715,0.662,0.560,0.321,0.677,0.448,0.392,0.445,0.536,0.476
polarized-appointments,Polarized appointments,"High appointment polarization, higher partisan pressure, and lower public trust.",accountability-retention-court,Retention-election accountability court,court_variant,strong_form_court,doctrine,election_law,1315,1315,53538,52223,1.000,0.025,0.820,0.701,0.050,0.617,0.489,0.756,0.648,0.301,0.617,0.435,0.842,0.628,2.733,0.653,0.511,0.659,0.297,0.475,0.573,0.439,0.361,0.590,0.614,0.406,0.634,0.775,0.488,0.221,0.132,0.247,0.481,0.133,0.062,0.282,0.027,0.715,0.670,0.543,0.323,0.713,0.449,0.401,0.462,0.543,0.489
polarized-appointments,Polarized appointments,"High appointment polarization, higher partisan pressure, and lower public trust.",accountability-retention-court,Retention-election accountability court,court_variant,strong_form_court,doctrine,emergency_powers,1397,1397,58111,56714,1.000,0.024,0.879,0.719,0.127,0.259,0.180,0.715,0.607,0.292,0.259,0.495,0.764,0.555,1.961,0.529,0.483,0.666,0.259,0.477,0.545,0.430,0.403,0.595,0.627,0.413,0.635,0.763,0.496,0.207,0.120,0.234,0.492,0.141,0.054,0.329,0.031,0.722,0.685,0.568,0.324,0.677,0.468,0.393,0.425,0.542,0.479
polarized-appointments,Polarized appointments,"High appointment polarization, higher partisan pressure, and lower public trust.",accountability-retention-court,Retention-election accountability court,court_variant,strong_form_court,doctrine,equality,1393,1393,59774,58381,1.000,0.023,0.806,0.700,0.056,0.672,0.638,0.667,0.642,0.260,0.674,0.353,0.592,0.575,2.261,0.505,0.457,0.660,0.294,0.471,0.582,0.457,0.335,0.593,0.616,0.383,0.635,0.765,0.486,0.210,0.159,0.197,0.502,0.142,0.078,0.349,0.026,0.732,0.682,0.564,0.320,0.670,0.445,0.389,0.441,0.533,0.473
polarized-appointments,Polarized appointments,"High appointment polarization, higher partisan pressure, and lower public trust.",accountability-retention-court,Retention-election accountability court,court_variant,strong_form_court,doctrine,federalism,1319,1319,57184,55865,1.000,0.023,0.948,0.777,0.043,0.055,0.024,0.638,0.607,0.233,0.058,0.037,0.858,0.656,2.751,0.749,0.581,0.702,0.235,0.499,0.532,0.393,0.387,0.595,0.653,0.433,0.634,0.773,0.502,0.212,0.123,0.256,0.513,0.127,0.051,0.290,0.034,0.699,0.651,0.544,0.324,0.725,0.454,0.404,0.467,0.550,0.494
polarized-appointments,Polarized appointments,"High appointment polarization, higher partisan pressure, and lower public trust.",accountability-retention-court,Retention-election accountability court,court_variant,strong_form_court,doctrine,speech,1331,1331,58461,57130,1.000,0.023,0.844,0.703,0.058,0.591,0.462,0.683,0.625,0.361,0.607,0.327,0.517,0.570,2.219,0.442,0.447,0.666,0.260,0.471,0.569,0.448,0.336,0.597,0.625,0.390,0.635,0.756,0.500,0.195,0.150,0.210,0.476,0.119,0.071,0.362,0.035,0.710,0.664,0.539,0.320,0.662,0.447,0.387,0.437,0.532,0.471
polarized-appointments,Polarized appointments,"High appointment polarization, higher partisan pressure, and lower public trust.",independence-accountability-hybrid,Hybrid court balancing independence and accountability,court_variant,strong_form_court,doctrine,administrative_state,1452,1452,66639,65187,1.000,0.022,0.992,0.768,0.000,0.019,0.014,0.893,0.680,0.010,0.024,1.000,0.741,0.646,2.716,0.466,0.504,0.745,0.181,0.493,0.547,0.389,0.402,0.585,0.668,0.448,0.632,0.758,0.540,0.174,0.112,0.236,0.567,0.168,0.041,0.395,0.043,0.693,0.697,0.480,0.458,0.709,0.453,0.532,0.528,0.640,0.551
polarized-appointments,Polarized appointments,"High appointment polarization, higher partisan pressure, and lower public trust.",independence-accountability-hybrid,Hybrid court balancing independence and accountability,court_variant,strong_form_court,doctrine,criminal_procedure,1393,1393,61443,60050,1.000,0.023,0.893,0.732,0.002,0.576,0.518,0.848,0.717,0.152,0.559,1.000,0.601,0.592,2.326,0.552,0.482,0.702,0.253,0.463,0.580,0.433,0.362,0.582,0.637,0.428,0.633,0.771,0.523,0.184,0.162,0.205,0.541,0.135,0.083,0.357,0.036,0.709,0.700,0.470,0.449,0.677,0.441,0.517,0.498,0.624,0.532
polarized-appointments,Polarized appointments,"High appointment polarization, higher partisan pressure, and lower public trust.",independence-accountability-hybrid,Hybrid court balancing independence and accountability,court_variant,strong_form_court,doctrine,election_law,1315,1315,53978,52663,1.000,0.024,0.849,0.725,0.003,0.721,0.592,0.919,0.733,0.116,0.721,1.000,0.842,0.628,2.733,0.653,0.511,0.690,0.279,0.447,0.586,0.439,0.361,0.575,0.623,0.441,0.632,0.783,0.510,0.217,0.131,0.216,0.510,0.139,0.068,0.300,0.029,0.717,0.712,0.474,0.465,0.714,0.454,0.540,0.540,0.640,0.556
polarized-appointments,Polarized appointments,"High appointment polarization, higher partisan pressure, and lower public trust.",independence-accountability-hybrid,Hybrid court balancing independence and accountability,court_variant,strong_form_court,doctrine,emergency_powers,1397,1397,58750,57353,1.000,0.024,0.913,0.730,0.013,0.392,0.251,0.894,0.754,0.146,0.392,1.000,0.764,0.555,1.961,0.529,0.483,0.707,0.230,0.470,0.562,0.430,0.403,0.582,0.640,0.435,0.632,0.768,0.538,0.173,0.123,0.208,0.517,0.137,0.057,0.340,0.036,0.719,0.724,0.490,0.463,0.678,0.469,0.529,0.499,0.638,0.543
polarized-appointments,Polarized appointments,"High appointment polarization, higher partisan pressure, and lower public trust.",independence-accountability-hybrid,Hybrid court balancing independence and accountability,court_variant,strong_form_court,doctrine,equality,1393,1393,60209,58816,1.000,0.023,0.840,0.733,0.003,0.676,0.755,0.883,0.730,0.090,0.759,1.000,0.592,0.575,2.261,0.505,0.457,0.700,0.274,0.448,0.597,0.457,0.335,0.580,0.630,0.420,0.633,0.771,0.542,0.181,0.144,0.172,0.515,0.138,0.080,0.362,0.032,0.726,0.721,0.477,0.451,0.671,0.441,0.518,0.498,0.623,0.531
polarized-appointments,Polarized appointments,"High appointment polarization, higher partisan pressure, and lower public trust.",independence-accountability-hybrid,Hybrid court balancing independence and accountability,court_variant,strong_form_court,doctrine,federalism,1319,1319,57506,56187,1.000,0.023,0.982,0.777,0.000,0.116,0.027,0.895,0.684,0.095,0.121,1.000,0.858,0.656,2.751,0.749,0.581,0.733,0.224,0.497,0.542,0.393,0.387,0.579,0.661,0.451,0.631,0.782,0.541,0.162,0.120,0.234,0.526,0.111,0.058,0.305,0.041,0.690,0.683,0.469,0.467,0.725,0.461,0.543,0.545,0.650,0.562
polarized-appointments,Polarized appointments,"High appointment polarization, higher partisan pressure, and lower public trust.",independence-accountability-hybrid,Hybrid court balancing independence and accountability,court_variant,strong_form_court,doctrine,speech,1331,1331,59043,57712,1.000,0.023,0.870,0.732,0.002,0.680,0.603,0.880,0.740,0.110,0.750,1.000,0.517,0.570,2.219,0.442,0.447,0.704,0.248,0.454,0.588,0.448,0.336,0.584,0.637,0.420,0.633,0.763,0.561,0.162,0.152,0.167,0.510,0.157,0.071,0.392,0.038,0.713,0.712,0.476,0.446,0.662,0.437,0.511,0.488,0.618,0.524
polarized-appointments,Polarized appointments,"High appointment polarization, higher partisan pressure, and lower public trust.",weak-form-review,Weak-form review with legislative reply,synthetic_mechanism,weak_form_review,doctrine,administrative_state,1452,1452,1616,164,1.000,0.899,0.984,0.766,0.043,0.021,0.000,0.633,0.622,0.223,0.019,0.043,0.741,0.646,2.716,0.466,0.504,0.737,0.191,0.496,0.549,0.500,0.402,0.629,0.706,0.243,0.669,0.788,0.795,0.052,0.031,0.085,0.767,0.061,0.010,0.622,0.072,0.104,0.018,0.164,0.312,0.410,0.293,0.323,0.415,0.405,0.362
polarized-appointments,Polarized appointments,"High appointment polarization, higher partisan pressure, and lower public trust.",weak-form-review,Weak-form review with legislative reply,synthetic_mechanism,weak_form_review,doctrine,criminal_procedure,1393,1393,1512,119,1.000,0.921,0.954,0.694,0.056,0.637,0.000,0.703,0.637,0.302,0.709,0.159,0.601,0.592,2.326,0.552,0.482,0.694,0.213,0.510,0.627,0.545,0.362,0.628,0.692,0.147,0.669,0.796,0.757,0.049,0.054,0.113,0.742,0.029,0.011,0.551,0.069,0.109,0.022,0.158,0.310,0.380,0.288,0.315,0.410,0.407,0.354
polarized-appointments,Polarized appointments,"High appointment polarization, higher partisan pressure, and lower public trust.",weak-form-review,Weak-form review with legislative reply,synthetic_mechanism,weak_form_review,doctrine,election_law,1315,1315,1471,156,1.000,0.894,0.947,0.678,0.045,0.645,0.000,0.767,0.645,0.326,0.645,0.407,0.842,0.628,2.733,0.653,0.511,0.683,0.229,0.516,0.647,0.549,0.361,0.624,0.685,0.145,0.668,0.805,0.733,0.055,0.058,0.121,0.717,0.031,0.015,0.531,0.061,0.110,0.021,0.159,0.311,0.422,0.291,0.325,0.431,0.417,0.369
polarized-appointments,Polarized appointments,"High appointment polarization, higher partisan pressure, and lower public trust.",weak-form-review,Weak-form review with legislative reply,synthetic_mechanism,weak_form_review,doctrine,emergency_powers,1397,1397,1919,522,1.000,0.728,0.931,0.701,0.127,0.330,0.000,0.771,0.691,0.295,0.330,0.486,0.764,0.555,1.961,0.529,0.483,0.699,0.235,0.500,0.591,0.524,0.403,0.625,0.681,0.195,0.669,0.798,0.734,0.072,0.051,0.129,0.736,0.038,0.018,0.601,0.062,0.111,0.022,0.165,0.312,0.391,0.314,0.319,0.389,0.412,0.359
polarized-appointments,Polarized appointments,"High appointment polarization, higher partisan pressure, and lower public trust.",weak-form-review,Weak-form review with legislative reply,synthetic_mechanism,weak_form_review,doctrine,equality,1393,1393,1511,118,1.000,0.922,0.953,0.680,0.058,0.736,0.000,0.736,0.716,0.294,0.810,0.303,0.592,0.575,2.261,0.505,0.457,0.679,0.214,0.519,0.659,0.569,0.335,0.628,0.693,0.105,0.669,0.794,0.729,0.060,0.065,0.124,0.712,0.037,0.019,0.591,0.065,0.111,0.021,0.163,0.309,0.375,0.287,0.314,0.411,0.409,0.353
polarized-appointments,Polarized appointments,"High appointment polarization, higher partisan pressure, and lower public trust.",weak-form-review,Weak-form review with legislative reply,synthetic_mechanism,weak_form_review,doctrine,federalism,1319,1319,1482,163,1.000,0.890,0.974,0.771,0.046,0.082,0.000,0.688,0.600,0.247,0.082,0.012,0.858,0.656,2.751,0.749,0.581,0.727,0.233,0.502,0.549,0.503,0.387,0.624,0.699,0.243,0.668,0.811,0.772,0.063,0.045,0.123,0.752,0.038,0.013,0.542,0.074,0.105,0.016,0.151,0.314,0.429,0.296,0.329,0.422,0.411,0.369
polarized-appointments,Polarized appointments,"High appointment polarization, higher partisan pressure, and lower public trust.",weak-form-review,Weak-form review with legislative reply,synthetic_mechanism,weak_form_review,doctrine,speech,1331,1331,1417,86,1.000,0.939,0.954,0.689,0.054,0.616,0.000,0.753,0.692,0.303,0.698,0.359,0.517,0.570,2.219,0.442,0.447,0.696,0.201,0.512,0.636,0.562,0.336,0.630,0.696,0.128,0.670,0.787,0.754,0.054,0.048,0.085,0.737,0.029,0.013,0.590,0.073,0.105,0.018,0.151,0.309,0.365,0.286,0.311,0.404,0.404,0.349
polarized-appointments,Polarized appointments,"High appointment polarization, higher partisan pressure, and lower public trust.",suspended-declaration-review,Suspended declarations of invalidity,synthetic_mechanism,suspended_declaration,doctrine,administrative_state,1452,1452,1549,97,1.000,0.937,0.988,0.766,0.000,0.020,0.046,0.828,0.677,0.020,0.011,1.000,0.741,0.646,2.716,0.466,0.504,0.734,0.184,0.497,0.549,0.502,0.402,0.624,0.675,0.282,0.615,0.859,0.521,0.171,0.126,0.225,0.542,0.184,0.065,0.353,0.036,0.785,0.772,0.541,0.330,0.462,0.292,0.353,0.422,0.446,0.385
polarized-appointments,Polarized appointments,"High appointment polarization, higher partisan pressure, and lower public trust.",suspended-declaration-review,Suspended declarations of invalidity,synthetic_mechanism,suspended_declaration,doctrine,criminal_procedure,1393,1393,1472,79,1.000,0.946,0.907,0.698,0.002,0.635,0.625,0.885,0.702,0.106,0.671,1.000,0.601,0.592,2.326,0.552,0.482,0.716,0.278,0.529,0.647,0.547,0.362,0.615,0.662,0.173,0.615,0.878,0.538,0.197,0.120,0.187,0.523,0.155,0.059,0.315,0.030,0.797,0.774,0.530,0.328,0.433,0.288,0.345,0.420,0.451,0.379
polarized-appointments,Polarized appointments,"High appointment polarization, higher partisan pressure, and lower public trust.",suspended-declaration-review,Suspended declarations of invalidity,synthetic_mechanism,suspended_declaration,doctrine,election_law,1315,1315,1414,99,1.000,0.930,0.878,0.676,0.004,0.736,0.708,0.887,0.660,0.142,0.736,1.000,0.842,0.628,2.733,0.653,0.511,0.707,0.306,0.526,0.661,0.552,0.361,0.609,0.649,0.177,0.614,0.888,0.520,0.198,0.157,0.225,0.510,0.157,0.087,0.282,0.024,0.809,0.790,0.532,0.330,0.474,0.291,0.355,0.440,0.460,0.393
polarized-appointments,Polarized appointments,"High appointment polarization, higher partisan pressure, and lower public trust.",suspended-declaration-review,Suspended declarations of invalidity,synthetic_mechanism,suspended_declaration,doctrine,emergency_powers,1397,1397,1869,472,1.000,0.747,0.915,0.708,0.015,0.383,0.396,0.805,0.685,0.156,0.383,1.000,0.764,0.555,1.961,0.529,0.483,0.712,0.248,0.512,0.608,0.526,0.403,0.617,0.656,0.227,0.615,0.872,0.500,0.205,0.146,0.243,0.522,0.158,0.062,0.326,0.028,0.805,0.795,0.543,0.330,0.443,0.313,0.349,0.397,0.454,0.383
polarized-appointments,Polarized appointments,"High appointment polarization, higher partisan pressure, and lower public trust.",suspended-declaration-review,Suspended declarations of invalidity,synthetic_mechanism,suspended_declaration,doctrine,equality,1393,1393,1478,85,1.000,0.942,0.884,0.697,0.004,0.805,0.810,0.850,0.752,0.150,0.878,1.000,0.592,0.575,2.261,0.505,0.457,0.724,0.297,0.539,0.678,0.571,0.335,0.613,0.666,0.135,0.615,0.878,0.527,0.200,0.147,0.187,0.530,0.145,0.080,0.345,0.027,0.814,0.790,0.537,0.327,0.427,0.286,0.344,0.420,0.453,0.377
polarized-appointments,Polarized appointments,"High appointment polarization, higher partisan pressure, and lower public trust.",suspended-declaration-review,Suspended declarations of invalidity,synthetic_mechanism,suspended_declaration,doctrine,federalism,1319,1319,1407,88,1.000,0.937,0.972,0.767,0.000,0.080,0.097,0.898,0.580,0.057,0.084,1.000,0.858,0.656,2.751,0.749,0.581,0.723,0.232,0.505,0.553,0.506,0.387,0.617,0.668,0.280,0.614,0.883,0.505,0.218,0.128,0.246,0.509,0.126,0.058,0.285,0.035,0.778,0.758,0.531,0.332,0.481,0.295,0.358,0.429,0.453,0.393
polarized-appointments,Polarized appointments,"High appointment polarization, higher partisan pressure, and lower public trust.",suspended-declaration-review,Suspended declarations of invalidity,synthetic_mechanism,suspended_declaration,doctrine,speech,1331,1331,1406,75,1.000,0.947,0.898,0.701,0.003,0.648,0.672,0.880,0.657,0.139,0.630,1.000,0.517,0.570,2.219,0.442,0.447,0.721,0.268,0.529,0.656,0.562,0.336,0.617,0.667,0.156,0.615,0.869,0.529,0.180,0.147,0.182,0.525,0.137,0.078,0.381,0.032,0.801,0.783,0.523,0.327,0.418,0.285,0.341,0.414,0.448,0.373
polarized-appointments,Polarized appointments,"High appointment polarization, higher partisan pressure, and lower public trust.",override-clause-review,Strong-form review with explicit override clause,synthetic_mechanism,legislative_override_clause,doctrine,administrative_state,1452,1452,13672,12220,1.000,0.106,0.963,0.764,0.048,0.124,0.052,0.689,0.622,0.233,0.105,0.031,0.741,0.646,2.716,0.466,0.504,0.706,0.195,0.489,0.540,0.399,0.402,0.613,0.653,0.407,0.623,0.890,0.499,0.191,0.136,0.225,0.500,0.180,0.055,0.355,0.036,0.763,0.765,0.550,0.312,0.599,0.357,0.365,0.441,0.486,0.431
polarized-appointments,Polarized appointments,"High appointment polarization, higher partisan pressure, and lower public trust.",override-clause-review,Strong-form review with explicit override clause,synthetic_mechanism,legislative_override_clause,doctrine,criminal_procedure,1393,1393,12539,11146,1.000,0.111,0.866,0.716,0.057,0.687,0.578,0.714,0.593,0.363,0.743,0.198,0.601,0.592,2.326,0.552,0.482,0.690,0.234,0.445,0.571,0.444,0.362,0.611,0.627,0.332,0.623,0.900,0.482,0.214,0.157,0.207,0.495,0.154,0.085,0.320,0.030,0.771,0.762,0.538,0.310,0.567,0.351,0.356,0.432,0.484,0.421
polarized-appointments,Polarized appointments,"High appointment polarization, higher partisan pressure, and lower public trust.",override-clause-review,Strong-form review with explicit override clause,synthetic_mechanism,legislative_override_clause,doctrine,election_law,1315,1315,10931,9616,1.000,0.120,0.822,0.708,0.050,0.777,0.675,0.698,0.620,0.330,0.777,0.436,0.842,0.628,2.733,0.653,0.511,0.690,0.250,0.427,0.579,0.451,0.361,0.607,0.616,0.329,0.622,0.909,0.471,0.223,0.163,0.252,0.467,0.148,0.082,0.268,0.025,0.780,0.777,0.539,0.311,0.603,0.351,0.365,0.452,0.492,0.434
polarized-appointments,Polarized appointments,"High appointment polarization, higher partisan pressure, and lower public trust.",override-clause-review,Strong-form review with explicit override clause,synthetic_mechanism,legislative_override_clause,doctrine,emergency_powers,1397,1397,12019,10622,1.000,0.116,0.853,0.720,0.133,0.439,0.390,0.727,0.649,0.308,0.439,0.480,0.764,0.555,1.961,0.529,0.483,0.671,0.250,0.453,0.557,0.441,0.403,0.609,0.619,0.364,0.623,0.901,0.465,0.233,0.162,0.248,0.477,0.137,0.079,0.314,0.028,0.783,0.785,0.556,0.312,0.568,0.370,0.358,0.409,0.486,0.422
polarized-appointments,Polarized appointments,"High appointment polarization, higher partisan pressure, and lower public trust.",override-clause-review,Strong-form review with explicit override clause,synthetic_mechanism,legislative_override_clause,doctrine,equality,1393,1393,12276,10883,1.000,0.113,0.826,0.721,0.062,0.805,0.768,0.730,0.619,0.312,0.829,0.363,0.592,0.575,2.261,0.505,0.457,0.701,0.236,0.438,0.582,0.468,0.335,0.611,0.628,0.300,0.623,0.898,0.464,0.211,0.179,0.212,0.479,0.154,0.092,0.323,0.027,0.786,0.781,0.547,0.309,0.560,0.350,0.354,0.430,0.484,0.419
polarized-appointments,Polarized appointments,"High appointment polarization, higher partisan pressure, and lower public trust.",override-clause-review,Strong-form review with explicit override clause,synthetic_mechanism,legislative_override_clause,doctrine,federalism,1319,1319,11742,10423,1.000,0.112,0.943,0.768,0.045,0.196,0.102,0.652,0.595,0.266,0.208,0.038,0.858,0.656,2.751,0.749,0.581,0.695,0.236,0.490,0.538,0.404,0.387,0.608,0.645,0.406,0.622,0.913,0.494,0.208,0.137,0.262,0.483,0.136,0.065,0.280,0.034,0.755,0.750,0.530,0.313,0.615,0.358,0.369,0.447,0.491,0.437
polarized-appointments,Polarized appointments,"High appointment polarization, higher partisan pressure, and lower public trust.",override-clause-review,Strong-form review with explicit override clause,synthetic_mechanism,legislative_override_clause,doctrine,speech,1331,1331,12047,10716,1.000,0.110,0.849,0.718,0.059,0.703,0.620,0.692,0.641,0.303,0.732,0.297,0.517,0.570,2.219,0.442,0.447,0.694,0.222,0.443,0.574,0.459,0.336,0.613,0.630,0.320,0.623,0.892,0.491,0.200,0.157,0.194,0.518,0.128,0.079,0.343,0.033,0.770,0.767,0.530,0.309,0.552,0.349,0.352,0.425,0.480,0.416
polarized-appointments,Polarized appointments,"High appointment polarization, higher partisan pressure, and lower public trust.",pre-enactment-review,Pre-enactment review before laws take effect,synthetic_mechanism,pre_enactment_review,doctrine,administrative_state,1452,1452,1634,182,1.000,0.889,0.988,0.781,0.041,0.011,0.003,0.692,0.599,0.220,0.013,0.044,0.741,0.646,2.716,0.466,0.504,0.748,0.192,0.493,0.547,0.499,0.402,0.609,0.665,0.525,0.571,0.858,0.592,0.149,0.107,0.195,0.607,0.136,0.043,0.444,0.046,0.565,0.555,0.424,0.444,0.415,0.359,0.451,0.483,0.521,0.441
polarized-appointments,Polarized appointments,"High appointment polarization, higher partisan pressure, and lower public trust.",pre-enactment-review,Pre-enactment review before laws take effect,synthetic_mechanism,pre_enactment_review,doctrine,criminal_procedure,1393,1393,1567,174,1.000,0.889,0.942,0.748,0.057,0.568,0.376,0.679,0.721,0.263,0.568,0.147,0.601,0.592,2.326,0.552,0.482,0.703,0.251,0.466,0.567,0.543,0.362,0.605,0.642,0.503,0.572,0.871,0.560,0.175,0.125,0.197,0.565,0.106,0.059,0.366,0.039,0.585,0.566,0.429,0.442,0.392,0.355,0.444,0.467,0.514,0.431
polarized-appointments,Polarized appointments,"High appointment polarization, higher partisan pressure, and lower public trust.",pre-enactment-review,Pre-enactment review before laws take effect,synthetic_mechanism,pre_enactment_review,doctrine,election_law,1315,1315,1497,182,1.000,0.878,0.926,0.759,0.046,0.679,0.451,0.802,0.695,0.273,0.679,0.481,0.842,0.628,2.733,0.653,0.511,0.698,0.274,0.458,0.574,0.548,0.361,0.600,0.636,0.517,0.571,0.882,0.566,0.176,0.125,0.205,0.532,0.117,0.057,0.345,0.032,0.594,0.573,0.428,0.443,0.439,0.359,0.456,0.486,0.525,0.447
polarized-appointments,Polarized appointments,"High appointment polarization, higher partisan pressure, and lower public trust.",pre-enactment-review,Pre-enactment review before laws take effect,synthetic_mechanism,pre_enactment_review,doctrine,emergency_powers,1397,1397,1954,557,1.000,0.715,0.936,0.758,0.121,0.303,0.153,0.780,0.736,0.273,0.303,0.488,0.764,0.555,1.961,0.529,0.483,0.702,0.252,0.470,0.553,0.523,0.403,0.603,0.638,0.527,0.571,0.871,0.593,0.139,0.125,0.177,0.564,0.117,0.056,0.390,0.037,0.593,0.587,0.440,0.444,0.409,0.381,0.450,0.449,0.527,0.440
polarized-appointments,Polarized appointments,"High appointment polarization, higher partisan pressure, and lower public trust.",pre-enactment-review,Pre-enactment review before laws take effect,synthetic_mechanism,pre_enactment_review,doctrine,equality,1393,1393,1577,184,1.000,0.883,0.921,0.765,0.059,0.738,0.633,0.757,0.748,0.252,0.741,0.355,0.592,0.575,2.261,0.505,0.457,0.701,0.272,0.456,0.584,0.567,0.335,0.603,0.641,0.495,0.572,0.871,0.577,0.159,0.136,0.176,0.552,0.107,0.062,0.396,0.034,0.597,0.579,0.428,0.441,0.391,0.354,0.444,0.461,0.514,0.430
polarized-appointments,Polarized appointments,"High appointment polarization, higher partisan pressure, and lower public trust.",pre-enactment-review,Pre-enactment review before laws take effect,synthetic_mechanism,pre_enactment_review,doctrine,federalism,1319,1319,1483,164,1.000,0.889,0.982,0.792,0.042,0.061,0.009,0.726,0.713,0.207,0.064,0.037,0.858,0.656,2.751,0.749,0.581,0.737,0.234,0.498,0.543,0.503,0.387,0.603,0.660,0.529,0.571,0.882,0.556,0.169,0.102,0.219,0.578,0.099,0.042,0.332,0.044,0.564,0.543,0.416,0.445,0.434,0.362,0.456,0.492,0.526,0.449
polarized-appointments,Polarized appointments,"High appointment polarization, higher partisan pressure, and lower public trust.",pre-enactment-review,Pre-enactment review before laws take effect,synthetic_mechanism,pre_enactment_review,doctrine,speech,1331,1331,1498,167,1.000,0.889,0.937,0.755,0.053,0.594,0.441,0.724,0.714,0.307,0.624,0.318,0.517,0.570,2.219,0.442,0.447,0.706,0.242,0.462,0.573,0.558,0.336,0.607,0.646,0.495,0.572,0.863,0.585,0.148,0.107,0.174,0.566,0.109,0.055,0.412,0.041,0.585,0.573,0.431,0.441,0.381,0.353,0.441,0.457,0.512,0.426
polarized-appointments,Polarized appointments,"High appointment polarization, higher partisan pressure, and lower public trust.",abstract-review-tribunal,Abstract review tribunal,synthetic_mechanism,abstract_review,doctrine,administrative_state,1452,1452,1514,62,1.000,0.959,0.988,0.782,0.000,0.000,0.027,0.839,0.629,0.048,0.000,1.000,0.741,0.646,2.716,0.466,0.504,0.736,0.182,0.493,0.544,0.504,0.402,0.610,0.671,0.322,0.556,0.929,0.561,0.155,0.131,0.198,0.542,0.189,0.056,0.388,0.040,0.750,0.746,0.503,0.435,0.447,0.324,0.451,0.488,0.527,0.440
polarized-appointments,Polarized appointments,"High appointment polarization, higher partisan pressure, and lower public trust.",abstract-review-tribunal,Abstract review tribunal,synthetic_mechanism,abstract_review,doctrine,criminal_procedure,1393,1393,1442,49,1.000,0.966,0.882,0.757,0.001,0.667,0.585,0.843,0.784,0.098,0.607,1.000,0.601,0.592,2.326,0.552,0.482,0.696,0.261,0.453,0.583,0.548,0.362,0.605,0.640,0.305,0.556,0.944,0.531,0.195,0.148,0.191,0.534,0.143,0.080,0.303,0.032,0.762,0.746,0.497,0.426,0.424,0.313,0.438,0.461,0.516,0.424
polarized-appointments,Polarized appointments,"High appointment polarization, higher partisan pressure, and lower public trust.",abstract-review-tribunal,Abstract review tribunal,synthetic_mechanism,abstract_review,doctrine,election_law,1315,1315,1375,60,1.000,0.956,0.839,0.756,0.004,0.800,0.643,0.900,0.783,0.100,0.800,1.000,0.842,0.628,2.733,0.653,0.511,0.686,0.285,0.439,0.587,0.553,0.361,0.597,0.627,0.321,0.555,0.955,0.512,0.212,0.151,0.218,0.503,0.135,0.074,0.309,0.026,0.773,0.761,0.492,0.442,0.471,0.330,0.463,0.505,0.536,0.453
polarized-appointments,Polarized appointments,"High appointment polarization, higher partisan pressure, and lower public trust.",abstract-review-tribunal,Abstract review tribunal,synthetic_mechanism,abstract_review,doctrine,emergency_powers,1397,1397,1814,417,1.000,0.770,0.894,0.766,0.021,0.417,0.327,0.835,0.707,0.182,0.417,1.000,0.764,0.555,1.961,0.529,0.483,0.700,0.240,0.462,0.565,0.529,0.403,0.603,0.642,0.327,0.556,0.942,0.528,0.213,0.121,0.212,0.522,0.137,0.061,0.348,0.031,0.776,0.769,0.516,0.439,0.441,0.347,0.453,0.462,0.536,0.442
polarized-appointments,Polarized appointments,"High appointment polarization, higher partisan pressure, and lower public trust.",abstract-review-tribunal,Abstract review tribunal,synthetic_mechanism,abstract_review,doctrine,equality,1393,1393,1468,75,1.000,0.949,0.835,0.765,0.004,0.785,0.786,0.823,0.646,0.177,0.810,1.000,0.592,0.575,2.261,0.505,0.457,0.697,0.277,0.446,0.596,0.571,0.335,0.603,0.636,0.299,0.556,0.944,0.513,0.195,0.166,0.190,0.523,0.148,0.087,0.340,0.029,0.778,0.765,0.498,0.428,0.424,0.314,0.440,0.460,0.517,0.425
polarized-appointments,Polarized appointments,"High appointment polarization, higher partisan pressure, and lower public trust.",abstract-review-tribunal,Abstract review tribunal,synthetic_mechanism,abstract_review,doctrine,federalism,1319,1319,1366,47,1.000,0.966,0.975,0.790,0.000,0.106,0.049,0.851,0.660,0.106,0.093,1.000,0.858,0.656,2.751,0.749,0.581,0.722,0.225,0.497,0.541,0.508,0.387,0.603,0.664,0.326,0.555,0.953,0.505,0.214,0.129,0.243,0.512,0.127,0.065,0.305,0.038,0.743,0.727,0.489,0.444,0.466,0.333,0.463,0.509,0.538,0.454
polarized-appointments,Polarized appointments,"High appointment polarization, higher partisan pressure, and lower public trust.",abstract-review-tribunal,Abstract review tribunal,synthetic_mechanism,abstract_review,doctrine,speech,1331,1331,1389,58,1.000,0.958,0.866,0.764,0.002,0.645,0.633,0.823,0.758,0.048,0.613,1.000,0.517,0.570,2.219,0.442,0.447,0.701,0.251,0.454,0.587,0.563,0.336,0.607,0.644,0.298,0.557,0.936,0.543,0.187,0.149,0.175,0.512,0.134,0.075,0.384,0.034,0.766,0.755,0.493,0.422,0.413,0.309,0.433,0.447,0.512,0.417
polarized-appointments,Polarized appointments,"High appointment polarization, higher partisan pressure, and lower public trust.",ombudsman-triggered-review,Ombudsman-triggered constitutional review,synthetic_mechanism,ombudsman_triggered_review,doctrine,administrative_state,1452,1452,176699,175247,1.000,0.008,0.971,0.767,0.044,0.042,0.037,0.743,0.681,0.188,0.049,0.031,0.741,0.646,2.716,0.466,0.504,0.726,0.195,0.493,0.545,0.387,0.402,0.600,0.649,0.537,0.595,0.799,0.535,0.195,0.102,0.212,0.510,0.207,0.048,0.360,0.035,0.807,0.781,0.605,0.331,0.880,0.463,0.446,0.479,0.488,0.520
polarized-appointments,Polarized appointments,"High appointment polarization, higher partisan pressure, and lower public trust.",ombudsman-triggered-review,Ombudsman-triggered constitutional review,synthetic_mechanism,ombudsman_triggered_review,doctrine,criminal_procedure,1393,1393,152071,150678,1.000,0.009,0.859,0.719,0.059,0.698,0.595,0.762,0.725,0.344,0.698,0.164,0.601,0.592,2.326,0.552,0.482,0.679,0.275,0.443,0.578,0.431,0.362,0.594,0.609,0.521,0.595,0.815,0.480,0.208,0.166,0.228,0.477,0.166,0.088,0.304,0.027,0.823,0.785,0.600,0.332,0.864,0.454,0.444,0.463,0.483,0.512
polarized-appointments,Polarized appointments,"High appointment polarization, higher partisan pressure, and lower public trust.",ombudsman-triggered-review,Ombudsman-triggered constitutional review,synthetic_mechanism,ombudsman_triggered_review,doctrine,election_law,1315,1315,133889,132574,1.000,0.010,0.811,0.709,0.058,0.703,0.700,0.693,0.660,0.259,0.703,0.410,0.842,0.628,2.733,0.653,0.511,0.668,0.302,0.427,0.586,0.437,0.361,0.589,0.594,0.536,0.594,0.825,0.490,0.220,0.153,0.241,0.482,0.144,0.087,0.269,0.022,0.837,0.803,0.599,0.334,0.903,0.456,0.454,0.480,0.491,0.525
polarized-appointments,Polarized appointments,"High appointment polarization, higher partisan pressure, and lower public trust.",ombudsman-triggered-review,Ombudsman-triggered constitutional review,synthetic_mechanism,ombudsman_triggered_review,doctrine,emergency_powers,1397,1397,148686,147289,1.000,0.009,0.848,0.723,0.133,0.445,0.425,0.770,0.710,0.283,0.445,0.489,0.764,0.555,1.961,0.529,0.483,0.672,0.275,0.457,0.565,0.428,0.403,0.593,0.607,0.530,0.595,0.814,0.464,0.230,0.144,0.242,0.466,0.143,0.073,0.301,0.026,0.833,0.805,0.618,0.334,0.864,0.474,0.446,0.444,0.490,0.514
polarized-appointments,Polarized appointments,"High appointment polarization, higher partisan pressure, and lower public trust.",ombudsman-triggered-review,Ombudsman-triggered constitutional review,synthetic_mechanism,ombudsman_triggered_review,doctrine,equality,1393,1393,143765,142372,1.000,0.010,0.812,0.719,0.054,0.844,0.808,0.769,0.704,0.242,0.891,0.366,0.592,0.575,2.261,0.505,0.457,0.678,0.291,0.434,0.593,0.456,0.335,0.592,0.604,0.514,0.595,0.814,0.458,0.237,0.167,0.236,0.469,0.173,0.088,0.297,0.025,0.835,0.797,0.602,0.333,0.867,0.449,0.446,0.459,0.484,0.511
polarized-appointments,Polarized appointments,"High appointment polarization, higher partisan pressure, and lower public trust.",ombudsman-triggered-review,Ombudsman-triggered constitutional review,synthetic_mechanism,ombudsman_triggered_review,doctrine,federalism,1319,1319,153576,152257,1.000,0.009,0.956,0.774,0.043,0.098,0.078,0.689,0.652,0.244,0.101,0.030,0.858,0.656,2.751,0.749,0.581,0.715,0.240,0.496,0.543,0.391,0.387,0.595,0.641,0.541,0.594,0.823,0.475,0.224,0.117,0.242,0.490,0.153,0.063,0.286,0.033,0.804,0.770,0.590,0.333,0.895,0.464,0.450,0.485,0.492,0.526
polarized-appointments,Polarized appointments,"High appointment polarization, higher partisan pressure, and lower public trust.",ombudsman-triggered-review,Ombudsman-triggered constitutional review,synthetic_mechanism,ombudsman_triggered_review,doctrine,speech,1331,1331,143484,142153,1.000,0.009,0.839,0.721,0.057,0.699,0.667,0.741,0.699,0.275,0.788,0.301,0.517,0.570,2.219,0.442,0.447,0.681,0.266,0.444,0.584,0.447,0.336,0.595,0.611,0.514,0.595,0.807,0.478,0.230,0.162,0.220,0.470,0.162,0.079,0.326,0.029,0.825,0.791,0.593,0.332,0.854,0.451,0.443,0.456,0.481,0.508
polarized-appointments,Polarized appointments,"High appointment polarization, higher partisan pressure, and lower public trust.",constitutional-public-defender,Constitutional public defender access model,synthetic_mechanism,constitutional_public_defender,doctrine,administrative_state,1452,1452,193540,192088,1.000,0.008,0.978,0.779,0.000,0.063,0.052,0.775,0.640,0.072,0.063,1.000,0.741,0.646,2.716,0.466,0.504,0.730,0.184,0.493,0.545,0.387,0.402,0.598,0.656,0.525,0.622,0.769,0.517,0.185,0.125,0.226,0.525,0.190,0.056,0.358,0.034,0.799,0.790,0.558,0.332,0.865,0.461,0.444,0.479,0.521,0.523
polarized-appointments,Polarized appointments,"High appointment polarization, higher partisan pressure, and lower public trust.",constitutional-public-defender,Constitutional public defender access model,synthetic_mechanism,constitutional_public_defender,doctrine,criminal_procedure,1393,1393,167135,165742,1.000,0.008,0.860,0.770,0.002,0.680,0.639,0.890,0.790,0.160,0.708,1.000,0.601,0.592,2.326,0.552,0.482,0.693,0.267,0.447,0.585,0.431,0.362,0.591,0.625,0.510,0.623,0.786,0.502,0.208,0.153,0.208,0.490,0.134,0.086,0.299,0.028,0.815,0.795,0.562,0.334,0.844,0.452,0.442,0.462,0.518,0.514
polarized-appointments,Polarized appointments,"High appointment polarization, higher partisan pressure, and lower public trust.",constitutional-public-defender,Constitutional public defender access model,synthetic_mechanism,constitutional_public_defender,doctrine,election_law,1315,1315,149042,147727,1.000,0.009,0.812,0.746,0.004,0.775,0.719,0.863,0.755,0.108,0.775,1.000,0.842,0.628,2.733,0.653,0.511,0.680,0.294,0.427,0.591,0.437,0.361,0.587,0.607,0.525,0.622,0.796,0.455,0.229,0.163,0.230,0.465,0.147,0.085,0.254,0.023,0.827,0.807,0.560,0.334,0.878,0.454,0.449,0.479,0.521,0.525
polarized-appointments,Polarized appointments,"High appointment polarization, higher partisan pressure, and lower public trust.",constitutional-public-defender,Constitutional public defender access model,synthetic_mechanism,constitutional_public_defender,doctrine,emergency_powers,1397,1397,164923,163526,1.000,0.008,0.868,0.760,0.015,0.460,0.412,0.868,0.715,0.130,0.460,1.000,0.764,0.555,1.961,0.529,0.483,0.695,0.246,0.462,0.570,0.428,0.403,0.593,0.626,0.517,0.623,0.782,0.477,0.217,0.150,0.228,0.464,0.171,0.069,0.329,0.027,0.821,0.809,0.571,0.334,0.841,0.471,0.441,0.443,0.521,0.514
polarized-appointments,Polarized appointments,"High appointment polarization, higher partisan pressure, and lower public trust.",constitutional-public-defender,Constitutional public defender access model,synthetic_mechanism,constitutional_public_defender,doctrine,equality,1393,1393,158959,157566,1.000,0.009,0.813,0.783,0.004,0.850,0.828,0.850,0.750,0.125,0.793,1.000,0.592,0.575,2.261,0.505,0.457,0.694,0.283,0.440,0.598,0.456,0.335,0.590,0.623,0.502,0.623,0.785,0.495,0.197,0.174,0.181,0.496,0.171,0.098,0.324,0.024,0.832,0.809,0.569,0.335,0.842,0.449,0.442,0.457,0.518,0.512
polarized-appointments,Polarized appointments,"High appointment polarization, higher partisan pressure, and lower public trust.",constitutional-public-defender,Constitutional public defender access model,synthetic_mechanism,constitutional_public_defender,doctrine,federalism,1319,1319,168421,167102,1.000,0.008,0.959,0.781,0.000,0.104,0.091,0.885,0.635,0.083,0.109,1.000,0.858,0.656,2.751,0.749,0.581,0.716,0.229,0.494,0.543,0.391,0.387,0.593,0.647,0.529,0.622,0.793,0.484,0.211,0.148,0.267,0.497,0.122,0.070,0.273,0.032,0.794,0.778,0.556,0.333,0.880,0.463,0.447,0.485,0.525,0.528
polarized-appointments,Polarized appointments,"High appointment polarization, higher partisan pressure, and lower public trust.",constitutional-public-defender,Constitutional public defender access model,synthetic_mechanism,constitutional_public_defender,doctrine,speech,1331,1331,158576,157245,1.000,0.008,0.840,0.776,0.003,0.699,0.695,0.821,0.675,0.057,0.678,1.000,0.517,0.570,2.219,0.442,0.447,0.696,0.258,0.447,0.590,0.447,0.336,0.593,0.628,0.502,0.623,0.778,0.509,0.201,0.155,0.189,0.486,0.152,0.077,0.337,0.030,0.818,0.801,0.555,0.333,0.831,0.451,0.439,0.455,0.515,0.509
polarized-appointments,Polarized appointments,"High appointment polarization, higher partisan pressure, and lower public trust.",rights-impact-statement-review,Rights-impact statements before review,synthetic_mechanism,rights_impact_statement,doctrine,administrative_state,1452,1452,1653,201,1.000,0.878,0.984,0.831,0.047,0.049,0.004,0.735,0.721,0.162,0.054,0.025,0.741,0.646,2.716,0.466,0.504,0.761,0.194,0.493,0.551,0.498,0.402,0.607,0.688,0.518,0.690,0.736,0.624,0.127,0.088,0.168,0.607,0.133,0.036,0.498,0.049,0.491,0.466,0.360,0.418,0.439,0.361,0.430,0.485,0.540,0.444
polarized-appointments,Polarized appointments,"High appointment polarization, higher partisan pressure, and lower public trust.",rights-impact-statement-review,Rights-impact statements before review,synthetic_mechanism,rights_impact_statement,doctrine,criminal_procedure,1393,1393,1543,150,1.000,0.903,0.946,0.785,0.048,0.430,0.326,0.750,0.779,0.250,0.486,0.134,0.601,0.592,2.326,0.552,0.482,0.719,0.243,0.473,0.567,0.544,0.362,0.605,0.666,0.493,0.690,0.747,0.609,0.131,0.105,0.164,0.602,0.086,0.048,0.417,0.043,0.497,0.461,0.354,0.416,0.409,0.355,0.422,0.469,0.529,0.431
polarized-appointments,Polarized appointments,"High appointment polarization, higher partisan pressure, and lower public trust.",rights-impact-statement-review,Rights-impact statements before review,synthetic_mechanism,rights_impact_statement,doctrine,election_law,1315,1315,1499,184,1.000,0.877,0.925,0.790,0.046,0.637,0.432,0.811,0.726,0.300,0.637,0.458,0.842,0.628,2.733,0.653,0.511,0.710,0.272,0.460,0.575,0.548,0.361,0.599,0.656,0.507,0.690,0.758,0.592,0.153,0.126,0.168,0.572,0.110,0.062,0.362,0.033,0.524,0.492,0.377,0.417,0.450,0.360,0.432,0.487,0.536,0.445
polarized-appointments,Polarized appointments,"High appointment polarization, higher partisan pressure, and lower public trust.",rights-impact-statement-review,Rights-impact statements before review,synthetic_mechanism,rights_impact_statement,doctrine,emergency_powers,1397,1397,1949,552,1.000,0.717,0.932,0.783,0.123,0.351,0.127,0.799,0.751,0.281,0.351,0.489,0.764,0.555,1.961,0.529,0.483,0.712,0.252,0.465,0.555,0.523,0.403,0.602,0.655,0.517,0.690,0.748,0.582,0.141,0.109,0.198,0.573,0.104,0.039,0.413,0.040,0.512,0.492,0.373,0.418,0.420,0.381,0.426,0.450,0.537,0.437
polarized-appointments,Polarized appointments,"High appointment polarization, higher partisan pressure, and lower public trust.",rights-impact-statement-review,Rights-impact statements before review,synthetic_mechanism,rights_impact_statement,doctrine,equality,1393,1393,1560,167,1.000,0.893,0.921,0.797,0.056,0.706,0.594,0.766,0.766,0.264,0.766,0.323,0.592,0.575,2.261,0.505,0.457,0.714,0.267,0.457,0.584,0.567,0.335,0.603,0.662,0.484,0.690,0.747,0.599,0.135,0.135,0.174,0.602,0.088,0.068,0.424,0.037,0.516,0.485,0.362,0.415,0.404,0.354,0.420,0.462,0.526,0.428
polarized-appointments,Polarized appointments,"High appointment polarization, higher partisan pressure, and lower public trust.",rights-impact-statement-review,Rights-impact statements before review,synthetic_mechanism,rights_impact_statement,doctrine,federalism,1319,1319,1479,160,1.000,0.892,0.978,0.840,0.041,0.056,0.007,0.658,0.702,0.186,0.052,0.037,0.858,0.656,2.751,0.749,0.581,0.751,0.234,0.498,0.546,0.503,0.387,0.602,0.683,0.521,0.689,0.759,0.604,0.136,0.117,0.202,0.595,0.080,0.060,0.365,0.048,0.487,0.449,0.360,0.419,0.458,0.362,0.435,0.495,0.545,0.450
polarized-appointments,Polarized appointments,"High appointment polarization, higher partisan pressure, and lower public trust.",rights-impact-statement-review,Rights-impact statements before review,synthetic_mechanism,rights_impact_statement,doctrine,speech,1331,1331,1489,158,1.000,0.894,0.936,0.786,0.053,0.621,0.400,0.810,0.769,0.349,0.700,0.338,0.517,0.570,2.219,0.442,0.447,0.718,0.238,0.462,0.573,0.559,0.336,0.606,0.666,0.486,0.691,0.739,0.615,0.120,0.108,0.158,0.602,0.080,0.053,0.437,0.043,0.507,0.477,0.362,0.415,0.394,0.354,0.418,0.458,0.524,0.425
polarized-appointments,Polarized appointments,"High appointment polarization, higher partisan pressure, and lower public trust.",mandatory-legislative-response,Mandatory legislative response cycles,synthetic_mechanism,mandatory_legislative_response,doctrine,administrative_state,1452,1452,1543,91,1.000,0.941,0.991,0.766,0.000,0.033,0.027,0.868,0.703,0.033,0.039,1.000,0.741,0.646,2.716,0.466,0.504,0.751,0.179,0.493,0.548,0.503,0.402,0.617,0.678,0.294,0.607,0.944,0.576,0.147,0.114,0.193,0.576,0.142,0.043,0.423,0.045,0.556,0.614,0.376,0.314,0.485,0.293,0.341,0.424,0.510,0.397
polarized-appointments,Polarized appointments,"High appointment polarization, higher partisan pressure, and lower public trust.",mandatory-legislative-response,Mandatory legislative response cycles,synthetic_mechanism,mandatory_legislative_response,doctrine,criminal_procedure,1393,1393,1471,78,1.000,0.947,0.896,0.691,0.001,0.556,0.537,0.867,0.733,0.067,0.536,1.000,0.601,0.592,2.326,0.552,0.482,0.737,0.209,0.468,0.584,0.547,0.362,0.615,0.654,0.194,0.607,0.954,0.563,0.147,0.151,0.177,0.566,0.123,0.079,0.369,0.039,0.566,0.615,0.358,0.312,0.455,0.289,0.334,0.420,0.513,0.390
polarized-appointments,Polarized appointments,"High appointment polarization, higher partisan pressure, and lower public trust.",mandatory-legislative-response,Mandatory legislative response cycles,synthetic_mechanism,mandatory_legislative_response,doctrine,election_law,1315,1315,1426,111,1.000,0.922,0.847,0.673,0.005,0.759,0.640,0.902,0.813,0.152,0.759,1.000,0.842,0.628,2.733,0.653,0.511,0.730,0.236,0.453,0.595,0.551,0.361,0.610,0.638,0.194,0.606,0.964,0.516,0.167,0.164,0.248,0.548,0.125,0.087,0.305,0.031,0.584,0.636,0.368,0.313,0.497,0.294,0.344,0.441,0.523,0.405
polarized-appointments,Polarized appointments,"High appointment polarization, higher partisan pressure, and lower public trust.",mandatory-legislative-response,Mandatory legislative response cycles,synthetic_mechanism,mandatory_legislative_response,doctrine,emergency_powers,1397,1397,1852,455,1.000,0.754,0.915,0.714,0.011,0.285,0.293,0.874,0.719,0.148,0.285,1.000,0.764,0.555,1.961,0.529,0.483,0.738,0.198,0.477,0.566,0.527,0.403,0.615,0.657,0.243,0.607,0.951,0.552,0.140,0.152,0.200,0.553,0.132,0.066,0.375,0.039,0.580,0.644,0.378,0.314,0.466,0.313,0.337,0.398,0.517,0.394
polarized-appointments,Polarized appointments,"High appointment polarization, higher partisan pressure, and lower public trust.",mandatory-legislative-response,Mandatory legislative response cycles,synthetic_mechanism,mandatory_legislative_response,doctrine,equality,1393,1393,1488,95,1.000,0.936,0.851,0.680,0.003,0.695,0.752,0.848,0.800,0.048,0.694,1.000,0.592,0.575,2.261,0.505,0.457,0.748,0.208,0.459,0.600,0.570,0.335,0.615,0.651,0.151,0.607,0.951,0.536,0.167,0.155,0.177,0.553,0.123,0.067,0.378,0.034,0.580,0.640,0.366,0.311,0.450,0.287,0.332,0.421,0.516,0.389
polarized-appointments,Polarized appointments,"High appointment polarization, higher partisan pressure, and lower public trust.",mandatory-legislative-response,Mandatory legislative response cycles,synthetic_mechanism,mandatory_legislative_response,doctrine,federalism,1319,1319,1420,101,1.000,0.929,0.981,0.772,0.000,0.059,0.056,0.861,0.743,0.069,0.064,1.000,0.858,0.656,2.751,0.749,0.581,0.742,0.220,0.498,0.545,0.506,0.387,0.612,0.672,0.295,0.606,0.968,0.541,0.165,0.121,0.221,0.576,0.096,0.053,0.327,0.046,0.548,0.592,0.360,0.315,0.504,0.298,0.347,0.430,0.517,0.405
polarized-appointments,Polarized appointments,"High appointment polarization, higher partisan pressure, and lower public trust.",mandatory-legislative-response,Mandatory legislative response cycles,synthetic_mechanism,mandatory_legislative_response,doctrine,speech,1331,1331,1424,93,1.000,0.935,0.877,0.690,0.003,0.584,0.592,0.876,0.699,0.142,0.704,1.000,0.517,0.570,2.219,0.442,0.447,0.742,0.195,0.464,0.590,0.561,0.336,0.617,0.656,0.176,0.607,0.945,0.536,0.148,0.170,0.168,0.573,0.116,0.085,0.431,0.040,0.565,0.627,0.361,0.311,0.441,0.288,0.330,0.414,0.511,0.385
rights-threat-surge,Rights-threat surge,Docket contains more laws or actions with high generated rights-risk signals.,current-federal-court,Current-style federal supreme court,court_variant,strong_form_court,doctrine,administrative_state,1412,1412,61008,59596,1.000,0.023,0.828,0.656,0.312,0.573,0.287,0.020,0.339,0.566,0.572,0.000,0.796,0.650,2.710,0.508,0.543,0.587,0.312,0.414,0.518,0.416,0.375,0.613,0.570,0.527,0.643,0.747,0.380,0.275,0.160,0.334,0.397,0.256,0.070,0.234,0.025,0.962,0.911,0.822,0.308,0.714,0.420,0.386,0.452,0.442,0.460
rights-threat-surge,Rights-threat surge,Docket contains more laws or actions with high generated rights-risk signals.,current-federal-court,Current-style federal supreme court,court_variant,strong_form_court,doctrine,criminal_procedure,1372,1372,56302,54930,1.000,0.024,0.732,0.700,0.391,0.995,0.933,0.030,0.412,0.534,0.998,0.000,0.651,0.597,2.351,0.619,0.525,0.578,0.399,0.415,0.535,0.475,0.321,0.606,0.562,0.492,0.643,0.765,0.343,0.322,0.176,0.349,0.351,0.208,0.077,0.162,0.019,0.972,0.920,0.823,0.307,0.682,0.417,0.378,0.434,0.431,0.448
rights-threat-surge,Rights-threat surge,Docket contains more laws or actions with high generated rights-risk signals.,current-federal-court,Current-style federal supreme court,court_variant,strong_form_court,doctrine,election_law,1349,1349,52253,50904,1.000,0.026,0.698,0.680,0.406,1.000,0.976,0.048,0.409,0.537,1.000,0.000,0.881,0.633,2.731,0.711,0.547,0.568,0.421,0.394,0.538,0.478,0.318,0.602,0.546,0.504,0.643,0.774,0.340,0.331,0.186,0.384,0.370,0.205,0.083,0.142,0.014,0.976,0.924,0.826,0.307,0.717,0.417,0.386,0.450,0.436,0.459
rights-threat-surge,Rights-threat surge,Docket contains more laws or actions with high generated rights-risk signals.,current-federal-court,Current-style federal supreme court,court_variant,strong_form_court,doctrine,emergency_powers,1348,1348,53273,51925,1.000,0.025,0.666,0.626,0.624,0.931,0.789,0.046,0.421,0.627,0.931,0.000,0.816,0.559,1.987,0.581,0.521,0.512,0.446,0.358,0.519,0.463,0.373,0.601,0.514,0.509,0.643,0.770,0.326,0.342,0.171,0.384,0.323,0.232,0.087,0.175,0.021,0.969,0.909,0.825,0.308,0.683,0.432,0.379,0.416,0.438,0.449
rights-threat-surge,Rights-threat surge,Docket contains more laws or actions with high generated rights-risk signals.,current-federal-court,Current-style federal supreme court,court_variant,strong_form_court,doctrine,equality,1361,1361,54677,53316,1.000,0.025,0.708,0.735,0.408,0.997,0.992,0.042,0.371,0.534,1.000,0.000,0.626,0.576,2.252,0.557,0.492,0.589,0.397,0.440,0.537,0.504,0.299,0.608,0.574,0.478,0.644,0.761,0.377,0.300,0.181,0.301,0.369,0.196,0.085,0.216,0.021,0.971,0.917,0.821,0.305,0.672,0.414,0.375,0.427,0.427,0.443
rights-threat-surge,Rights-threat surge,Docket contains more laws or actions with high generated rights-risk signals.,current-federal-court,Current-style federal supreme court,court_variant,strong_form_court,doctrine,federalism,1353,1353,56002,54649,1.000,0.024,0.794,0.648,0.337,0.717,0.369,0.027,0.408,0.592,0.719,0.000,0.897,0.661,2.752,0.790,0.615,0.566,0.371,0.396,0.518,0.422,0.359,0.605,0.551,0.532,0.642,0.773,0.369,0.322,0.152,0.388,0.358,0.202,0.064,0.140,0.021,0.968,0.915,0.830,0.310,0.729,0.424,0.390,0.456,0.447,0.466
rights-threat-surge,Rights-threat surge,Docket contains more laws or actions with high generated rights-risk signals.,current-federal-court,Current-style federal supreme court,court_variant,strong_form_court,doctrine,speech,1405,1405,57858,56453,1.000,0.024,0.718,0.705,0.421,0.995,0.932,0.028,0.443,0.579,0.997,0.000,0.552,0.570,2.231,0.495,0.479,0.578,0.387,0.420,0.535,0.489,0.296,0.609,0.566,0.484,0.644,0.755,0.383,0.302,0.167,0.315,0.348,0.198,0.071,0.226,0.019,0.971,0.914,0.818,0.305,0.665,0.416,0.373,0.424,0.426,0.441
rights-threat-surge,Rights-threat surge,Docket contains more laws or actions with high generated rights-risk signals.,eighteen-year-terms,Staggered 18-year nonrenewable terms,court_variant,strong_form_court,doctrine,administrative_state,1412,1412,60905,59493,1.000,0.023,0.843,0.659,0.314,0.477,0.202,0.031,0.373,0.556,0.483,0.000,0.796,0.650,2.710,0.508,0.543,0.597,0.305,0.421,0.515,0.416,0.375,0.612,0.576,0.518,0.643,0.746,0.381,0.283,0.159,0.342,0.399,0.247,0.067,0.229,0.025,0.960,0.907,0.823,0.313,0.714,0.436,0.390,0.453,0.445,0.465
rights-threat-surge,Rights-threat surge,Docket contains more laws or actions with high generated rights-risk signals.,eighteen-year-terms,Staggered 18-year nonrenewable terms,court_variant,strong_form_court,doctrine,criminal_procedure,1372,1372,56264,54892,1.000,0.024,0.736,0.699,0.398,0.977,0.908,0.038,0.443,0.550,0.983,0.000,0.651,0.597,2.351,0.619,0.525,0.581,0.398,0.415,0.535,0.475,0.321,0.606,0.563,0.484,0.644,0.765,0.349,0.312,0.180,0.329,0.362,0.195,0.083,0.181,0.018,0.972,0.918,0.828,0.311,0.682,0.432,0.382,0.435,0.434,0.453
rights-threat-surge,Rights-threat surge,Docket contains more laws or actions with high generated rights-risk signals.,eighteen-year-terms,Staggered 18-year nonrenewable terms,court_variant,strong_form_court,doctrine,election_law,1349,1349,52216,50867,1.000,0.026,0.700,0.680,0.405,0.998,0.953,0.044,0.443,0.574,0.998,0.000,0.881,0.633,2.731,0.711,0.547,0.572,0.418,0.396,0.538,0.478,0.318,0.602,0.548,0.496,0.643,0.774,0.339,0.337,0.170,0.360,0.372,0.198,0.082,0.141,0.016,0.975,0.920,0.825,0.312,0.717,0.431,0.390,0.451,0.439,0.463
rights-threat-surge,Rights-threat surge,Docket contains more laws or actions with high generated rights-risk signals.,eighteen-year-terms,Staggered 18-year nonrenewable terms,court_variant,strong_form_court,doctrine,emergency_powers,1348,1348,53246,51898,1.000,0.025,0.672,0.628,0.631,0.908,0.714,0.051,0.399,0.625,0.908,0.000,0.816,0.559,1.987,0.581,0.521,0.516,0.444,0.362,0.518,0.463,0.373,0.600,0.516,0.500,0.644,0.770,0.314,0.343,0.182,0.444,0.319,0.214,0.079,0.165,0.022,0.967,0.905,0.827,0.313,0.683,0.448,0.383,0.417,0.440,0.454
rights-threat-surge,Rights-threat surge,Docket contains more laws or actions with high generated rights-risk signals.,eighteen-year-terms,Staggered 18-year nonrenewable terms,court_variant,strong_form_court,doctrine,equality,1361,1361,54672,53311,1.000,0.025,0.710,0.735,0.407,1.000,0.982,0.038,0.420,0.520,1.000,0.000,0.626,0.576,2.252,0.557,0.492,0.593,0.397,0.440,0.538,0.504,0.299,0.607,0.575,0.470,0.644,0.761,0.370,0.293,0.189,0.320,0.348,0.216,0.096,0.202,0.022,0.970,0.915,0.822,0.310,0.672,0.429,0.379,0.429,0.429,0.448
rights-threat-surge,Rights-threat surge,Docket contains more laws or actions with high generated rights-risk signals.,eighteen-year-terms,Staggered 18-year nonrenewable terms,court_variant,strong_form_court,doctrine,federalism,1353,1353,55906,54553,1.000,0.024,0.809,0.653,0.338,0.624,0.280,0.028,0.355,0.581,0.630,0.000,0.897,0.661,2.752,0.790,0.615,0.575,0.362,0.410,0.515,0.422,0.359,0.605,0.558,0.522,0.643,0.772,0.358,0.322,0.147,0.358,0.370,0.195,0.063,0.156,0.021,0.965,0.911,0.831,0.315,0.728,0.440,0.395,0.458,0.450,0.471
rights-threat-surge,Rights-threat surge,Docket contains more laws or actions with high generated rights-risk signals.,eighteen-year-terms,Staggered 18-year nonrenewable terms,court_variant,strong_form_court,doctrine,speech,1405,1405,57908,56503,1.000,0.024,0.722,0.706,0.413,0.984,0.922,0.033,0.438,0.564,0.993,0.000,0.552,0.570,2.231,0.495,0.479,0.584,0.384,0.422,0.537,0.489,0.296,0.608,0.568,0.476,0.644,0.755,0.369,0.283,0.196,0.316,0.364,0.206,0.081,0.244,0.019,0.970,0.910,0.822,0.310,0.665,0.430,0.377,0.426,0.429,0.446
rights-threat-surge,Rights-threat surge,Docket contains more laws or actions with high generated rights-risk signals.,fifteen-justice-commission,Fifteen-justice supermajority commission court,court_variant,strong_form_court,doctrine,administrative_state,1412,1412,62915,61503,1.000,0.022,0.936,0.674,0.049,0.295,0.160,0.623,0.661,0.295,0.271,0.120,0.796,0.650,2.710,0.508,0.543,0.702,0.221,0.446,0.535,0.416,0.375,0.617,0.625,0.434,0.643,0.737,0.442,0.241,0.140,0.263,0.481,0.210,0.064,0.305,0.037,0.935,0.890,0.714,0.365,0.716,0.423,0.444,0.459,0.462,0.480
rights-threat-surge,Rights-threat surge,Docket contains more laws or actions with high generated rights-risk signals.,fifteen-justice-commission,Fifteen-justice supermajority commission court,court_variant,strong_form_court,doctrine,criminal_procedure,1372,1372,58007,56635,1.000,0.024,0.796,0.755,0.070,0.960,0.913,0.714,0.656,0.268,0.975,0.388,0.651,0.597,2.351,0.619,0.525,0.693,0.321,0.473,0.578,0.475,0.321,0.610,0.622,0.400,0.644,0.756,0.415,0.267,0.188,0.261,0.438,0.183,0.097,0.224,0.029,0.953,0.904,0.716,0.364,0.684,0.420,0.436,0.442,0.452,0.468
rights-threat-surge,Rights-threat surge,Docket contains more laws or actions with high generated rights-risk signals.,fifteen-justice-commission,Fifteen-justice supermajority commission court,court_variant,strong_form_court,doctrine,election_law,1349,1349,53596,52247,1.000,0.025,0.752,0.743,0.057,0.967,0.963,0.768,0.659,0.227,0.967,0.588,0.881,0.633,2.731,0.711,0.547,0.688,0.339,0.457,0.585,0.478,0.318,0.606,0.609,0.413,0.643,0.765,0.423,0.265,0.193,0.259,0.420,0.186,0.107,0.188,0.023,0.954,0.904,0.716,0.365,0.718,0.418,0.444,0.458,0.456,0.478
rights-threat-surge,Rights-threat surge,Docket contains more laws or actions with high generated rights-risk signals.,fifteen-justice-commission,Fifteen-justice supermajority commission court,court_variant,strong_form_court,doctrine,emergency_powers,1348,1348,54619,53271,1.000,0.025,0.766,0.697,0.155,0.751,0.710,0.718,0.653,0.333,0.751,0.572,0.816,0.559,1.987,0.581,0.521,0.661,0.320,0.446,0.564,0.463,0.373,0.609,0.596,0.417,0.644,0.754,0.418,0.273,0.173,0.302,0.424,0.188,0.079,0.237,0.033,0.945,0.890,0.721,0.366,0.685,0.437,0.438,0.423,0.458,0.470
rights-threat-surge,Rights-threat surge,Docket contains more laws or actions with high generated rights-risk signals.,fifteen-justice-commission,Fifteen-justice supermajority commission court,court_variant,strong_form_court,doctrine,equality,1361,1361,56270,54909,1.000,0.024,0.763,0.799,0.061,0.991,0.988,0.691,0.632,0.277,1.000,0.555,0.626,0.576,2.252,0.557,0.492,0.709,0.319,0.504,0.585,0.504,0.299,0.611,0.637,0.386,0.644,0.752,0.435,0.261,0.196,0.233,0.438,0.185,0.110,0.281,0.030,0.952,0.901,0.708,0.363,0.674,0.416,0.433,0.435,0.447,0.463
rights-threat-surge,Rights-threat surge,Docket contains more laws or actions with high generated rights-risk signals.,fifteen-justice-commission,Fifteen-justice supermajority commission court,court_variant,strong_form_court,doctrine,federalism,1353,1353,57700,56347,1.000,0.023,0.915,0.685,0.050,0.310,0.208,0.579,0.532,0.374,0.323,0.082,0.897,0.661,2.752,0.790,0.615,0.690,0.267,0.456,0.535,0.422,0.359,0.611,0.617,0.438,0.643,0.760,0.458,0.243,0.143,0.282,0.456,0.152,0.063,0.211,0.033,0.940,0.893,0.724,0.367,0.730,0.425,0.449,0.465,0.467,0.486
rights-threat-surge,Rights-threat surge,Docket contains more laws or actions with high generated rights-risk signals.,fifteen-justice-commission,Fifteen-justice supermajority commission court,court_variant,strong_form_court,doctrine,speech,1405,1405,59639,58234,1.000,0.024,0.779,0.766,0.068,0.973,0.925,0.722,0.645,0.263,0.983,0.548,0.552,0.570,2.231,0.495,0.479,0.700,0.305,0.483,0.582,0.489,0.296,0.613,0.630,0.392,0.644,0.746,0.453,0.219,0.193,0.236,0.450,0.176,0.094,0.263,0.027,0.950,0.897,0.711,0.362,0.666,0.418,0.431,0.432,0.446,0.461
rights-threat-surge,Rights-threat surge,Docket contains more laws or actions with high generated rights-risk signals.,supermajority-invalidation,Supermajority required to invalidate laws,court_variant,strong_form_court,doctrine,administrative_state,1412,1412,62827,61415,1.000,0.022,0.944,0.670,0.056,0.279,0.134,0.627,0.572,0.348,0.278,0.080,0.796,0.650,2.710,0.508,0.543,0.678,0.222,0.443,0.525,0.416,0.375,0.616,0.620,0.443,0.642,0.740,0.452,0.218,0.135,0.263,0.492,0.214,0.058,0.280,0.035,0.937,0.893,0.717,0.306,0.716,0.402,0.385,0.457,0.499,0.467
rights-threat-surge,Rights-threat surge,Docket contains more laws or actions with high generated rights-risk signals.,supermajority-invalidation,Supermajority required to invalidate laws,court_variant,strong_form_court,doctrine,criminal_procedure,1372,1372,58064,56692,1.000,0.024,0.813,0.751,0.069,0.968,0.867,0.606,0.583,0.231,0.961,0.384,0.651,0.597,2.351,0.619,0.525,0.672,0.317,0.473,0.567,0.475,0.321,0.609,0.620,0.409,0.643,0.759,0.437,0.249,0.163,0.256,0.404,0.188,0.080,0.224,0.027,0.952,0.903,0.723,0.305,0.684,0.397,0.377,0.439,0.488,0.454
rights-threat-surge,Rights-threat surge,Docket contains more laws or actions with high generated rights-risk signals.,supermajority-invalidation,Supermajority required to invalidate laws,court_variant,strong_form_court,doctrine,election_law,1349,1349,53589,52240,1.000,0.025,0.767,0.742,0.057,0.981,0.933,0.726,0.582,0.269,0.981,0.587,0.881,0.633,2.731,0.711,0.547,0.668,0.336,0.458,0.575,0.478,0.318,0.605,0.608,0.422,0.642,0.768,0.444,0.260,0.182,0.265,0.431,0.172,0.098,0.233,0.023,0.955,0.906,0.719,0.305,0.718,0.397,0.385,0.455,0.492,0.465
rights-threat-surge,Rights-threat surge,Docket contains more laws or actions with high generated rights-risk signals.,supermajority-invalidation,Supermajority required to invalidate laws,court_variant,strong_form_court,doctrine,emergency_powers,1348,1348,54624,53276,1.000,0.025,0.781,0.691,0.157,0.786,0.670,0.701,0.581,0.332,0.786,0.600,0.816,0.559,1.987,0.581,0.521,0.639,0.319,0.440,0.554,0.463,0.373,0.608,0.592,0.427,0.643,0.758,0.438,0.269,0.145,0.280,0.442,0.184,0.074,0.260,0.033,0.945,0.890,0.723,0.306,0.685,0.416,0.378,0.420,0.495,0.456
rights-threat-surge,Rights-threat surge,Docket contains more laws or actions with high generated rights-risk signals.,supermajority-invalidation,Supermajority required to invalidate laws,court_variant,strong_form_court,doctrine,equality,1361,1361,56327,54966,1.000,0.024,0.776,0.800,0.058,0.995,0.969,0.684,0.553,0.282,1.000,0.573,0.626,0.576,2.252,0.557,0.492,0.690,0.317,0.505,0.576,0.504,0.299,0.610,0.636,0.395,0.643,0.755,0.440,0.253,0.179,0.231,0.454,0.181,0.084,0.259,0.029,0.953,0.902,0.709,0.303,0.674,0.393,0.373,0.433,0.483,0.449
rights-threat-surge,Rights-threat surge,Docket contains more laws or actions with high generated rights-risk signals.,supermajority-invalidation,Supermajority required to invalidate laws,court_variant,strong_form_court,doctrine,federalism,1353,1353,57684,56331,1.000,0.023,0.924,0.680,0.055,0.418,0.175,0.621,0.537,0.322,0.424,0.085,0.897,0.661,2.752,0.790,0.615,0.664,0.268,0.448,0.524,0.422,0.359,0.610,0.612,0.447,0.642,0.764,0.392,0.282,0.141,0.307,0.449,0.171,0.072,0.215,0.030,0.944,0.896,0.733,0.308,0.730,0.404,0.389,0.462,0.503,0.472
rights-threat-surge,Rights-threat surge,Docket contains more laws or actions with high generated rights-risk signals.,supermajority-invalidation,Supermajority required to invalidate laws,court_variant,strong_form_court,doctrine,speech,1405,1405,59828,58423,1.000,0.023,0.797,0.765,0.060,0.959,0.884,0.729,0.592,0.298,0.957,0.523,0.552,0.570,2.231,0.495,0.479,0.681,0.299,0.484,0.571,0.489,0.296,0.612,0.629,0.401,0.643,0.749,0.421,0.261,0.186,0.233,0.455,0.176,0.082,0.276,0.028,0.950,0.897,0.718,0.303,0.667,0.394,0.372,0.430,0.482,0.447
rights-threat-surge,Rights-threat surge,Docket contains more laws or actions with high generated rights-risk signals.,strict-recusal-court,Strict recusal with substitute justices,court_variant,strong_form_court,doctrine,administrative_state,1412,1412,62753,61341,1.000,0.023,0.936,0.672,0.057,0.236,0.143,0.722,0.665,0.255,0.212,0.075,0.796,0.650,2.710,0.508,0.543,0.719,0.221,0.448,0.541,0.416,0.375,0.614,0.627,0.432,0.643,0.740,0.448,0.226,0.146,0.275,0.467,0.208,0.065,0.292,0.036,0.931,0.886,0.704,0.364,0.715,0.425,0.443,0.459,0.497,0.486
rights-threat-surge,Rights-threat surge,Docket contains more laws or actions with high generated rights-risk signals.,strict-recusal-court,Strict recusal with substitute justices,court_variant,strong_form_court,doctrine,criminal_procedure,1372,1372,58007,56635,1.000,0.024,0.796,0.755,0.068,0.955,0.901,0.752,0.712,0.279,0.981,0.378,0.651,0.597,2.351,0.619,0.525,0.711,0.319,0.475,0.585,0.475,0.321,0.607,0.625,0.398,0.643,0.759,0.434,0.267,0.166,0.258,0.434,0.181,0.082,0.238,0.029,0.950,0.900,0.709,0.363,0.684,0.420,0.435,0.442,0.486,0.474
rights-threat-surge,Rights-threat surge,Docket contains more laws or actions with high generated rights-risk signals.,strict-recusal-court,Strict recusal with substitute justices,court_variant,strong_form_court,doctrine,election_law,1349,1349,53538,52189,1.000,0.025,0.752,0.742,0.058,0.982,0.944,0.785,0.735,0.193,0.982,0.610,0.881,0.633,2.731,0.711,0.547,0.706,0.337,0.458,0.592,0.478,0.318,0.603,0.612,0.411,0.643,0.768,0.432,0.282,0.170,0.267,0.434,0.192,0.085,0.199,0.023,0.952,0.902,0.712,0.364,0.718,0.419,0.443,0.457,0.490,0.484
rights-threat-surge,Rights-threat surge,Docket contains more laws or actions with high generated rights-risk signals.,strict-recusal-court,Strict recusal with substitute justices,court_variant,strong_form_court,doctrine,emergency_powers,1348,1348,54540,53192,1.000,0.025,0.767,0.693,0.161,0.773,0.680,0.781,0.706,0.272,0.773,0.578,0.816,0.559,1.987,0.581,0.521,0.678,0.319,0.443,0.569,0.463,0.373,0.606,0.598,0.415,0.643,0.758,0.427,0.250,0.168,0.302,0.450,0.185,0.085,0.243,0.033,0.941,0.888,0.713,0.365,0.685,0.439,0.437,0.422,0.493,0.476
rights-threat-surge,Rights-threat surge,Docket contains more laws or actions with high generated rights-risk signals.,strict-recusal-court,Strict recusal with substitute justices,court_variant,strong_form_court,doctrine,equality,1361,1361,56230,54869,1.000,0.024,0.760,0.800,0.062,0.996,0.980,0.796,0.702,0.221,1.000,0.600,0.626,0.576,2.252,0.557,0.492,0.727,0.319,0.504,0.592,0.504,0.299,0.608,0.640,0.384,0.644,0.755,0.424,0.274,0.166,0.250,0.442,0.194,0.073,0.265,0.030,0.950,0.897,0.703,0.362,0.674,0.417,0.432,0.435,0.481,0.469
rights-threat-surge,Rights-threat surge,Docket contains more laws or actions with high generated rights-risk signals.,strict-recusal-court,Strict recusal with substitute justices,court_variant,strong_form_court,doctrine,federalism,1353,1353,57698,56345,1.000,0.023,0.917,0.684,0.052,0.345,0.184,0.644,0.723,0.379,0.341,0.079,0.897,0.661,2.752,0.790,0.615,0.709,0.266,0.456,0.541,0.422,0.359,0.608,0.620,0.436,0.642,0.764,0.412,0.266,0.138,0.309,0.457,0.160,0.058,0.200,0.033,0.936,0.889,0.719,0.366,0.730,0.426,0.448,0.465,0.501,0.492
rights-threat-surge,Rights-threat surge,Docket contains more laws or actions with high generated rights-risk signals.,strict-recusal-court,Strict recusal with substitute justices,court_variant,strong_form_court,doctrine,speech,1405,1405,59776,58371,1.000,0.024,0.780,0.768,0.061,0.970,0.913,0.751,0.614,0.262,0.981,0.554,0.552,0.570,2.231,0.495,0.479,0.720,0.301,0.486,0.590,0.489,0.296,0.610,0.634,0.390,0.644,0.749,0.445,0.237,0.174,0.233,0.463,0.169,0.090,0.275,0.029,0.947,0.893,0.706,0.362,0.666,0.417,0.431,0.433,0.480,0.467
rights-threat-surge,Rights-threat surge,Docket contains more laws or actions with high generated rights-risk signals.,reasoned-emergency-review,Reasoned emergency orders with merits follow-up,court_variant,strong_form_court,doctrine,administrative_state,1412,1412,63297,61885,1.000,0.022,0.932,0.682,0.001,0.296,0.235,0.833,0.639,0.120,0.300,1.000,0.796,0.650,2.710,0.508,0.543,0.731,0.217,0.447,0.553,0.416,0.375,0.617,0.631,0.442,0.642,0.739,0.452,0.220,0.147,0.273,0.468,0.220,0.067,0.319,0.038,0.932,0.893,0.680,0.311,0.716,0.412,0.390,0.460,0.494,0.470
rights-threat-surge,Rights-threat surge,Docket contains more laws or actions with high generated rights-risk signals.,reasoned-emergency-review,Reasoned emergency orders with merits follow-up,court_variant,strong_form_court,doctrine,criminal_procedure,1372,1372,58423,57051,1.000,0.023,0.806,0.770,0.004,0.976,0.936,0.872,0.728,0.056,0.966,1.000,0.651,0.597,2.351,0.619,0.525,0.733,0.311,0.486,0.598,0.475,0.321,0.610,0.636,0.407,0.643,0.758,0.459,0.247,0.181,0.246,0.493,0.169,0.087,0.243,0.030,0.951,0.906,0.680,0.310,0.684,0.407,0.382,0.442,0.483,0.457
rights-threat-surge,Rights-threat surge,Docket contains more laws or actions with high generated rights-risk signals.,reasoned-emergency-review,Reasoned emergency orders with merits follow-up,court_variant,strong_form_court,doctrine,election_law,1349,1349,53920,52571,1.000,0.025,0.763,0.751,0.006,0.958,0.965,0.891,0.748,0.059,0.958,1.000,0.881,0.633,2.731,0.711,0.547,0.724,0.329,0.464,0.601,0.478,0.318,0.606,0.620,0.421,0.643,0.766,0.444,0.262,0.168,0.253,0.468,0.188,0.090,0.232,0.024,0.953,0.907,0.684,0.311,0.719,0.406,0.390,0.458,0.487,0.468
rights-threat-surge,Rights-threat surge,Docket contains more laws or actions with high generated rights-risk signals.,reasoned-emergency-review,Reasoned emergency orders with merits follow-up,court_variant,strong_form_court,doctrine,emergency_powers,1348,1348,55052,53704,1.000,0.024,0.785,0.713,0.026,0.769,0.737,0.903,0.727,0.186,0.769,1.000,0.816,0.559,1.987,0.581,0.521,0.713,0.295,0.455,0.587,0.463,0.373,0.611,0.614,0.426,0.643,0.754,0.441,0.243,0.193,0.262,0.455,0.183,0.092,0.251,0.035,0.942,0.893,0.683,0.311,0.685,0.425,0.383,0.423,0.489,0.459
rights-threat-surge,Rights-threat surge,Docket contains more laws or actions with high generated rights-risk signals.,reasoned-emergency-review,Reasoned emergency orders with merits follow-up,court_variant,strong_form_court,doctrine,equality,1361,1361,56608,55247,1.000,0.024,0.772,0.811,0.007,1.000,0.990,0.922,0.752,0.050,1.000,1.000,0.626,0.576,2.252,0.557,0.492,0.746,0.308,0.515,0.602,0.504,0.299,0.611,0.649,0.393,0.643,0.753,0.475,0.229,0.175,0.206,0.469,0.158,0.085,0.272,0.033,0.950,0.902,0.664,0.309,0.674,0.405,0.379,0.435,0.478,0.453
rights-threat-surge,Rights-threat surge,Docket contains more laws or actions with high generated rights-risk signals.,reasoned-emergency-review,Reasoned emergency orders with merits follow-up,court_variant,strong_form_court,doctrine,federalism,1353,1353,58009,56656,1.000,0.023,0.911,0.691,0.001,0.327,0.289,0.881,0.554,0.158,0.333,1.000,0.897,0.661,2.752,0.790,0.615,0.719,0.264,0.456,0.554,0.422,0.359,0.611,0.623,0.446,0.642,0.763,0.449,0.246,0.153,0.299,0.458,0.166,0.076,0.201,0.033,0.939,0.897,0.697,0.313,0.731,0.414,0.394,0.465,0.498,0.476
rights-threat-surge,Rights-threat surge,Docket contains more laws or actions with high generated rights-risk signals.,reasoned-emergency-review,Reasoned emergency orders with merits follow-up,court_variant,strong_form_court,doctrine,speech,1405,1405,60079,58674,1.000,0.023,0.788,0.779,0.006,0.988,0.943,0.902,0.805,0.098,1.000,1.000,0.552,0.570,2.231,0.495,0.479,0.738,0.294,0.494,0.601,0.489,0.296,0.613,0.642,0.399,0.643,0.747,0.459,0.237,0.177,0.226,0.463,0.181,0.087,0.304,0.029,0.948,0.899,0.681,0.308,0.667,0.406,0.377,0.433,0.478,0.451
rights-threat-surge,Rights-threat surge,Docket contains more laws or actions with high generated rights-risk signals.,panel-en-banc-review,Panel review with en banc safety valve,court_variant,strong_form_court,doctrine,administrative_state,1412,1412,62828,61416,1.000,0.022,0.933,0.673,0.052,0.194,0.157,0.653,0.571,0.311,0.188,0.061,0.796,0.650,2.710,0.508,0.543,0.713,0.221,0.449,0.539,0.416,0.375,0.609,0.626,0.431,0.642,0.739,0.473,0.225,0.135,0.273,0.488,0.197,0.063,0.303,0.038,0.933,0.889,0.699,0.439,0.716,0.462,0.513,0.536,0.491,0.525
rights-threat-surge,Rights-threat surge,Docket contains more laws or actions with high generated rights-risk signals.,panel-en-banc-review,Panel review with en banc safety valve,court_variant,strong_form_court,doctrine,criminal_procedure,1372,1372,58120,56748,1.000,0.024,0.792,0.757,0.061,0.969,0.928,0.733,0.718,0.267,0.978,0.374,0.651,0.597,2.351,0.619,0.525,0.707,0.321,0.474,0.585,0.475,0.321,0.603,0.624,0.397,0.643,0.758,0.407,0.286,0.165,0.277,0.445,0.188,0.081,0.231,0.028,0.953,0.903,0.706,0.430,0.684,0.450,0.499,0.507,0.475,0.506
rights-threat-surge,Rights-threat surge,Docket contains more laws or actions with high generated rights-risk signals.,panel-en-banc-review,Panel review with en banc safety valve,court_variant,strong_form_court,doctrine,election_law,1349,1349,53656,52307,1.000,0.025,0.748,0.743,0.051,0.974,0.960,0.708,0.714,0.245,0.974,0.589,0.881,0.633,2.731,0.711,0.547,0.701,0.338,0.456,0.590,0.478,0.318,0.597,0.610,0.410,0.642,0.768,0.426,0.249,0.192,0.274,0.441,0.187,0.107,0.192,0.023,0.955,0.904,0.702,0.442,0.718,0.460,0.517,0.542,0.487,0.527
rights-threat-surge,Rights-threat surge,Docket contains more laws or actions with high generated rights-risk signals.,panel-en-banc-review,Panel review with en banc safety valve,court_variant,strong_form_court,doctrine,emergency_powers,1348,1348,54597,53249,1.000,0.025,0.759,0.698,0.154,0.772,0.724,0.738,0.661,0.301,0.772,0.598,0.816,0.559,1.987,0.581,0.521,0.673,0.321,0.446,0.570,0.463,0.373,0.600,0.597,0.414,0.643,0.758,0.415,0.269,0.164,0.303,0.433,0.205,0.083,0.228,0.033,0.943,0.890,0.706,0.442,0.685,0.479,0.509,0.505,0.489,0.517
rights-threat-surge,Rights-threat surge,Docket contains more laws or actions with high generated rights-risk signals.,panel-en-banc-review,Panel review with en banc safety valve,court_variant,strong_form_court,doctrine,equality,1361,1361,56324,54963,1.000,0.024,0.758,0.801,0.056,0.985,0.992,0.738,0.694,0.223,1.000,0.583,0.626,0.576,2.252,0.557,0.492,0.723,0.319,0.505,0.591,0.504,0.299,0.603,0.639,0.383,0.643,0.754,0.441,0.248,0.172,0.237,0.458,0.186,0.085,0.256,0.030,0.953,0.901,0.697,0.432,0.674,0.449,0.498,0.505,0.472,0.504
rights-threat-surge,Rights-threat surge,Docket contains more laws or actions with high generated rights-risk signals.,panel-en-banc-review,Panel review with en banc safety valve,court_variant,strong_form_court,doctrine,federalism,1353,1353,57607,56254,1.000,0.023,0.907,0.685,0.054,0.295,0.217,0.679,0.616,0.247,0.304,0.084,0.897,0.661,2.752,0.790,0.615,0.700,0.269,0.456,0.540,0.422,0.359,0.602,0.618,0.434,0.642,0.764,0.432,0.258,0.153,0.289,0.432,0.151,0.066,0.188,0.033,0.938,0.892,0.717,0.445,0.730,0.468,0.521,0.548,0.498,0.534
rights-threat-surge,Rights-threat surge,Docket contains more laws or actions with high generated rights-risk signals.,panel-en-banc-review,Panel review with en banc safety valve,court_variant,strong_form_court,doctrine,speech,1405,1405,59728,58323,1.000,0.024,0.775,0.768,0.063,0.954,0.939,0.801,0.726,0.207,0.980,0.539,0.552,0.570,2.231,0.495,0.479,0.714,0.305,0.484,0.588,0.489,0.296,0.606,0.632,0.389,0.643,0.748,0.441,0.233,0.179,0.221,0.460,0.168,0.090,0.300,0.029,0.950,0.897,0.700,0.427,0.666,0.447,0.492,0.495,0.469,0.498
rights-threat-surge,Rights-threat surge,Docket contains more laws or actions with high generated rights-risk signals.,dual-cross-checking-courts,Dual supreme courts with cross-checking invalidations,court_variant,strong_form_court,doctrine,administrative_state,1412,1412,63471,62059,1.000,0.022,0.968,0.665,0.001,0.197,0.064,0.817,0.718,0.113,0.177,1.000,0.796,0.650,2.710,0.508,0.543,0.740,0.221,0.445,0.541,0.416,0.375,0.587,0.620,0.595,0.639,0.753,0.489,0.205,0.123,0.254,0.484,0.209,0.047,0.313,0.041,0.923,0.878,0.661,0.519,0.716,0.568,0.590,0.586,0.630,0.599
rights-threat-surge,Rights-threat surge,Docket contains more laws or actions with high generated rights-risk signals.,dual-cross-checking-courts,Dual supreme courts with cross-checking invalidations,court_variant,strong_form_court,doctrine,criminal_procedure,1372,1372,58504,57132,1.000,0.023,0.818,0.768,0.006,0.991,0.870,0.829,0.757,0.081,1.000,1.000,0.651,0.597,2.351,0.619,0.525,0.735,0.316,0.491,0.595,0.475,0.321,0.580,0.625,0.561,0.640,0.772,0.472,0.252,0.152,0.229,0.461,0.172,0.085,0.241,0.034,0.943,0.892,0.661,0.518,0.685,0.564,0.582,0.569,0.619,0.587
rights-threat-surge,Rights-threat surge,Docket contains more laws or actions with high generated rights-risk signals.,dual-cross-checking-courts,Dual supreme courts with cross-checking invalidations,court_variant,strong_form_court,doctrine,election_law,1349,1349,54045,52696,1.000,0.025,0.773,0.752,0.006,0.965,0.915,0.872,0.837,0.105,0.965,1.000,0.881,0.633,2.731,0.711,0.547,0.727,0.334,0.469,0.599,0.478,0.318,0.577,0.610,0.574,0.639,0.781,0.440,0.270,0.164,0.259,0.477,0.170,0.099,0.217,0.027,0.944,0.891,0.671,0.519,0.719,0.562,0.590,0.585,0.624,0.597
rights-threat-surge,Rights-threat surge,Docket contains more laws or actions with high generated rights-risk signals.,dual-cross-checking-courts,Dual supreme courts with cross-checking invalidations,court_variant,strong_form_court,doctrine,emergency_powers,1348,1348,55317,53969,1.000,0.024,0.817,0.703,0.030,0.730,0.566,0.860,0.757,0.194,0.730,1.000,0.816,0.559,1.987,0.581,0.521,0.713,0.304,0.457,0.575,0.463,0.373,0.581,0.602,0.578,0.640,0.769,0.456,0.239,0.162,0.252,0.458,0.177,0.076,0.270,0.040,0.933,0.877,0.670,0.520,0.686,0.579,0.584,0.550,0.625,0.588
rights-threat-surge,Rights-threat surge,Docket contains more laws or actions with high generated rights-risk signals.,dual-cross-checking-courts,Dual supreme courts with cross-checking invalidations,court_variant,strong_form_court,doctrine,equality,1361,1361,56837,55476,1.000,0.024,0.782,0.810,0.006,1.000,0.974,0.871,0.800,0.047,1.000,1.000,0.626,0.576,2.252,0.557,0.492,0.751,0.311,0.516,0.602,0.504,0.299,0.582,0.639,0.548,0.640,0.767,0.455,0.229,0.186,0.205,0.446,0.190,0.096,0.299,0.034,0.943,0.890,0.650,0.517,0.675,0.559,0.579,0.562,0.614,0.582
rights-threat-surge,Rights-threat surge,Docket contains more laws or actions with high generated rights-risk signals.,dual-cross-checking-courts,Dual supreme courts with cross-checking invalidations,court_variant,strong_form_court,doctrine,federalism,1353,1353,58220,56867,1.000,0.023,0.950,0.682,0.001,0.241,0.095,0.852,0.685,0.148,0.250,1.000,0.897,0.661,2.752,0.790,0.615,0.729,0.270,0.459,0.541,0.422,0.359,0.581,0.615,0.598,0.639,0.777,0.431,0.261,0.129,0.291,0.446,0.146,0.060,0.205,0.038,0.928,0.880,0.683,0.521,0.731,0.570,0.595,0.592,0.634,0.605
rights-threat-surge,Rights-threat surge,Docket contains more laws or actions with high generated rights-risk signals.,dual-cross-checking-courts,Dual supreme courts with cross-checking invalidations,court_variant,strong_form_court,doctrine,speech,1405,1405,60325,58920,1.000,0.023,0.802,0.776,0.006,0.953,0.882,0.841,0.776,0.112,0.979,1.000,0.552,0.570,2.231,0.495,0.479,0.741,0.298,0.497,0.597,0.489,0.296,0.584,0.631,0.553,0.640,0.762,0.447,0.257,0.177,0.221,0.488,0.164,0.080,0.298,0.034,0.939,0.884,0.663,0.517,0.667,0.561,0.578,0.560,0.614,0.580
rights-threat-surge,Rights-threat surge,Docket contains more laws or actions with high generated rights-risk signals.,constitutional-council,Pre-enactment constitutional council,court_variant,strong_form_court,doctrine,administrative_state,1412,1412,62903,61491,1.000,0.022,0.972,0.660,0.048,0.189,0.042,0.686,0.703,0.265,0.199,0.049,0.796,0.650,2.710,0.508,0.543,0.744,0.211,0.443,0.542,0.416,0.375,0.601,0.616,0.662,0.642,0.746,0.482,0.214,0.125,0.275,0.499,0.188,0.047,0.315,0.044,0.909,0.866,0.659,0.444,0.716,0.484,0.517,0.527,0.573,0.543
rights-threat-surge,Rights-threat surge,Docket contains more laws or actions with high generated rights-risk signals.,constitutional-council,Pre-enactment constitutional council,court_variant,strong_form_court,doctrine,criminal_procedure,1372,1372,57980,56608,1.000,0.024,0.903,0.748,0.071,0.978,0.812,0.707,0.773,0.258,0.981,0.367,0.651,0.597,2.351,0.619,0.525,0.730,0.310,0.476,0.586,0.475,0.321,0.593,0.623,0.627,0.642,0.766,0.442,0.254,0.170,0.254,0.474,0.156,0.085,0.249,0.033,0.934,0.883,0.662,0.443,0.684,0.482,0.509,0.509,0.562,0.531
rights-threat-surge,Rights-threat surge,Docket contains more laws or actions with high generated rights-risk signals.,constitutional-council,Pre-enactment constitutional council,court_variant,strong_form_court,doctrine,election_law,1349,1349,53657,52308,1.000,0.025,0.887,0.742,0.051,0.969,0.878,0.831,0.836,0.200,0.969,0.574,0.881,0.633,2.731,0.711,0.547,0.728,0.328,0.464,0.595,0.478,0.318,0.590,0.616,0.640,0.642,0.774,0.430,0.271,0.161,0.268,0.454,0.163,0.082,0.213,0.029,0.931,0.879,0.658,0.443,0.718,0.479,0.517,0.526,0.566,0.541
rights-threat-surge,Rights-threat surge,Docket contains more laws or actions with high generated rights-risk signals.,constitutional-council,Pre-enactment constitutional council,court_variant,strong_form_court,doctrine,emergency_powers,1348,1348,54826,53478,1.000,0.025,0.886,0.686,0.134,0.704,0.513,0.788,0.766,0.322,0.704,0.601,0.816,0.559,1.987,0.581,0.521,0.705,0.298,0.451,0.568,0.463,0.373,0.594,0.600,0.644,0.642,0.762,0.438,0.255,0.171,0.282,0.411,0.179,0.082,0.256,0.041,0.923,0.868,0.666,0.444,0.685,0.497,0.511,0.491,0.568,0.532
rights-threat-surge,Rights-threat surge,Docket contains more laws or actions with high generated rights-risk signals.,constitutional-council,Pre-enactment constitutional council,court_variant,strong_form_court,doctrine,equality,1361,1361,56348,54987,1.000,0.024,0.893,0.800,0.052,0.995,0.958,0.810,0.805,0.220,0.990,0.590,0.626,0.576,2.252,0.557,0.492,0.749,0.314,0.507,0.599,0.504,0.299,0.594,0.642,0.615,0.642,0.762,0.459,0.242,0.171,0.225,0.472,0.164,0.082,0.273,0.035,0.934,0.882,0.654,0.442,0.674,0.476,0.506,0.503,0.557,0.526
rights-threat-surge,Rights-threat surge,Docket contains more laws or actions with high generated rights-risk signals.,constitutional-council,Pre-enactment constitutional council,court_variant,strong_form_court,doctrine,federalism,1353,1353,57645,56292,1.000,0.023,0.960,0.675,0.051,0.250,0.070,0.734,0.723,0.245,0.249,0.082,0.897,0.661,2.752,0.790,0.615,0.733,0.255,0.456,0.541,0.422,0.359,0.595,0.612,0.665,0.641,0.770,0.429,0.265,0.129,0.295,0.483,0.135,0.054,0.197,0.040,0.916,0.869,0.672,0.446,0.730,0.488,0.522,0.532,0.577,0.549
rights-threat-surge,Rights-threat surge,Docket contains more laws or actions with high generated rights-risk signals.,constitutional-council,Pre-enactment constitutional council,court_variant,strong_form_court,doctrine,speech,1405,1405,59740,58335,1.000,0.024,0.901,0.762,0.063,0.962,0.856,0.852,0.788,0.195,0.972,0.504,0.552,0.570,2.231,0.495,0.479,0.739,0.295,0.486,0.593,0.489,0.296,0.596,0.633,0.620,0.643,0.755,0.457,0.240,0.154,0.236,0.468,0.169,0.072,0.274,0.036,0.930,0.875,0.661,0.441,0.666,0.478,0.504,0.500,0.556,0.524
rights-threat-surge,Rights-threat surge,Docket contains more laws or actions with high generated rights-risk signals.,legislative-override-court,Judicial review with delayed legislative override,court_variant,strong_form_court,doctrine,administrative_state,1412,1412,62869,61457,1.000,0.022,0.924,0.672,0.054,0.293,0.178,0.660,0.597,0.304,0.268,0.079,0.796,0.650,2.710,0.508,0.543,0.694,0.225,0.447,0.534,0.416,0.375,0.613,0.621,0.434,0.643,0.743,0.459,0.221,0.142,0.263,0.484,0.212,0.063,0.268,0.034,0.939,0.895,0.716,0.312,0.716,0.418,0.390,0.459,0.523,0.476
rights-threat-surge,Rights-threat surge,Docket contains more laws or actions with high generated rights-risk signals.,legislative-override-court,Judicial review with delayed legislative override,court_variant,strong_form_court,doctrine,criminal_procedure,1372,1372,58057,56685,1.000,0.024,0.787,0.750,0.068,0.958,0.913,0.670,0.637,0.222,0.980,0.354,0.651,0.597,2.351,0.619,0.525,0.688,0.326,0.477,0.578,0.475,0.321,0.605,0.619,0.397,0.643,0.763,0.435,0.251,0.179,0.264,0.424,0.190,0.097,0.214,0.026,0.957,0.909,0.715,0.311,0.684,0.414,0.383,0.442,0.512,0.464
rights-threat-surge,Rights-threat surge,Docket contains more laws or actions with high generated rights-risk signals.,legislative-override-court,Judicial review with delayed legislative override,court_variant,strong_form_court,doctrine,election_law,1349,1349,53606,52257,1.000,0.025,0.742,0.738,0.052,0.981,0.959,0.676,0.652,0.237,0.981,0.657,0.881,0.633,2.731,0.711,0.547,0.684,0.345,0.463,0.587,0.478,0.318,0.601,0.606,0.409,0.643,0.771,0.437,0.277,0.173,0.277,0.433,0.178,0.087,0.205,0.021,0.960,0.911,0.718,0.311,0.718,0.413,0.391,0.458,0.517,0.474
rights-threat-surge,Rights-threat surge,Docket contains more laws or actions with high generated rights-risk signals.,legislative-override-court,Judicial review with delayed legislative override,court_variant,strong_form_court,doctrine,emergency_powers,1348,1348,54617,53269,1.000,0.025,0.751,0.694,0.156,0.800,0.731,0.703,0.615,0.316,0.800,0.602,0.816,0.559,1.987,0.581,0.521,0.655,0.328,0.446,0.566,0.463,0.373,0.604,0.592,0.415,0.643,0.761,0.404,0.286,0.159,0.306,0.407,0.186,0.072,0.240,0.031,0.948,0.895,0.713,0.312,0.685,0.432,0.384,0.422,0.519,0.466
rights-threat-surge,Rights-threat surge,Docket contains more laws or actions with high generated rights-risk signals.,legislative-override-court,Judicial review with delayed legislative override,court_variant,strong_form_court,doctrine,equality,1361,1361,56174,54813,1.000,0.024,0.752,0.795,0.067,0.988,0.982,0.735,0.608,0.200,1.000,0.571,0.626,0.576,2.252,0.557,0.492,0.702,0.323,0.505,0.583,0.504,0.299,0.606,0.633,0.384,0.643,0.758,0.432,0.256,0.168,0.242,0.429,0.188,0.078,0.264,0.028,0.958,0.908,0.709,0.310,0.674,0.412,0.380,0.434,0.508,0.459
rights-threat-surge,Rights-threat surge,Docket contains more laws or actions with high generated rights-risk signals.,legislative-override-court,Judicial review with delayed legislative override,court_variant,strong_form_court,doctrine,federalism,1353,1353,57715,56362,1.000,0.023,0.900,0.684,0.051,0.376,0.241,0.641,0.571,0.282,0.380,0.088,0.897,0.661,2.752,0.790,0.615,0.682,0.273,0.455,0.536,0.422,0.359,0.607,0.613,0.438,0.642,0.767,0.387,0.271,0.152,0.328,0.429,0.164,0.065,0.171,0.031,0.945,0.898,0.726,0.314,0.730,0.420,0.395,0.464,0.527,0.482
rights-threat-surge,Rights-threat surge,Docket contains more laws or actions with high generated rights-risk signals.,legislative-override-court,Judicial review with delayed legislative override,court_variant,strong_form_court,doctrine,speech,1405,1405,59711,58306,1.000,0.024,0.770,0.761,0.068,0.967,0.920,0.734,0.622,0.303,0.981,0.490,0.552,0.570,2.231,0.495,0.479,0.695,0.308,0.484,0.581,0.489,0.296,0.608,0.626,0.390,0.644,0.752,0.459,0.226,0.172,0.213,0.450,0.202,0.096,0.297,0.027,0.953,0.901,0.718,0.309,0.666,0.412,0.378,0.432,0.507,0.457
rights-threat-surge,Rights-threat surge,Docket contains more laws or actions with high generated rights-risk signals.,accountability-retention-court,Retention-election accountability court,court_variant,strong_form_court,doctrine,administrative_state,1412,1412,62863,61451,1.000,0.022,0.947,0.661,0.049,0.104,0.055,0.637,0.565,0.207,0.097,0.073,0.796,0.650,2.710,0.508,0.543,0.717,0.212,0.447,0.530,0.416,0.375,0.610,0.627,0.412,0.642,0.744,0.463,0.238,0.125,0.271,0.452,0.222,0.051,0.290,0.039,0.918,0.871,0.709,0.324,0.716,0.454,0.402,0.463,0.549,0.492
rights-threat-surge,Rights-threat surge,Docket contains more laws or actions with high generated rights-risk signals.,accountability-retention-court,Retention-election accountability court,court_variant,strong_form_court,doctrine,criminal_procedure,1372,1372,58025,56653,1.000,0.024,0.785,0.716,0.067,0.884,0.784,0.657,0.671,0.306,0.895,0.352,0.651,0.597,2.351,0.619,0.525,0.694,0.325,0.490,0.579,0.475,0.321,0.601,0.616,0.366,0.643,0.765,0.401,0.276,0.174,0.265,0.429,0.181,0.082,0.219,0.029,0.941,0.886,0.716,0.322,0.684,0.450,0.394,0.447,0.540,0.480
rights-threat-surge,Rights-threat surge,Docket contains more laws or actions with high generated rights-risk signals.,accountability-retention-court,Retention-election accountability court,court_variant,strong_form_court,doctrine,election_law,1349,1349,53593,52244,1.000,0.025,0.742,0.705,0.052,0.893,0.821,0.734,0.654,0.294,0.893,0.640,0.881,0.633,2.731,0.711,0.547,0.689,0.348,0.482,0.588,0.478,0.318,0.597,0.604,0.373,0.642,0.775,0.372,0.292,0.188,0.308,0.409,0.191,0.102,0.199,0.025,0.942,0.886,0.717,0.323,0.718,0.449,0.402,0.464,0.545,0.490
rights-threat-surge,Rights-threat surge,Docket contains more laws or actions with high generated rights-risk signals.,accountability-retention-court,Retention-election accountability court,court_variant,strong_form_court,doctrine,emergency_powers,1348,1348,54695,53347,1.000,0.025,0.798,0.662,0.135,0.521,0.471,0.714,0.650,0.297,0.521,0.577,0.816,0.559,1.987,0.581,0.521,0.674,0.303,0.462,0.555,0.463,0.373,0.602,0.600,0.388,0.643,0.761,0.413,0.255,0.164,0.297,0.427,0.186,0.072,0.237,0.036,0.929,0.870,0.712,0.324,0.685,0.467,0.395,0.427,0.545,0.481
rights-threat-surge,Rights-threat surge,Docket contains more laws or actions with high generated rights-risk signals.,accountability-retention-court,Retention-election accountability court,court_variant,strong_form_court,doctrine,equality,1361,1361,56214,54853,1.000,0.024,0.739,0.760,0.063,0.949,0.926,0.752,0.662,0.218,0.969,0.568,0.626,0.576,2.252,0.557,0.492,0.708,0.335,0.514,0.592,0.504,0.299,0.601,0.627,0.350,0.643,0.763,0.398,0.274,0.193,0.261,0.424,0.179,0.096,0.231,0.030,0.940,0.884,0.706,0.321,0.674,0.447,0.391,0.441,0.536,0.475
rights-threat-surge,Rights-threat surge,Docket contains more laws or actions with high generated rights-risk signals.,accountability-retention-court,Retention-election accountability court,court_variant,strong_form_court,doctrine,federalism,1353,1353,57579,56226,1.000,0.023,0.929,0.675,0.051,0.112,0.074,0.653,0.592,0.286,0.116,0.077,0.897,0.661,2.752,0.790,0.615,0.708,0.256,0.461,0.529,0.422,0.359,0.604,0.622,0.415,0.642,0.767,0.425,0.271,0.131,0.281,0.450,0.142,0.055,0.191,0.033,0.924,0.874,0.721,0.326,0.730,0.458,0.406,0.468,0.554,0.497
rights-threat-surge,Rights-threat surge,Docket contains more laws or actions with high generated rights-risk signals.,accountability-retention-court,Retention-election accountability court,court_variant,strong_form_court,doctrine,speech,1405,1405,59687,58282,1.000,0.024,0.765,0.732,0.063,0.888,0.822,0.676,0.584,0.344,0.911,0.548,0.552,0.570,2.231,0.495,0.479,0.701,0.311,0.497,0.585,0.489,0.296,0.604,0.623,0.358,0.643,0.755,0.406,0.248,0.179,0.237,0.440,0.174,0.093,0.272,0.030,0.936,0.877,0.713,0.321,0.666,0.448,0.389,0.438,0.535,0.473
rights-threat-surge,Rights-threat surge,Docket contains more laws or actions with high generated rights-risk signals.,independence-accountability-hybrid,Hybrid court balancing independence and accountability,court_variant,strong_form_court,doctrine,administrative_state,1412,1412,63231,61819,1.000,0.022,0.969,0.669,0.001,0.197,0.091,0.829,0.684,0.103,0.165,1.000,0.796,0.650,2.710,0.508,0.543,0.743,0.201,0.448,0.543,0.416,0.375,0.594,0.635,0.430,0.640,0.752,0.492,0.195,0.147,0.250,0.496,0.198,0.067,0.283,0.042,0.918,0.880,0.656,0.463,0.716,0.458,0.538,0.536,0.646,0.557
rights-threat-surge,Rights-threat surge,Docket contains more laws or actions with high generated rights-risk signals.,independence-accountability-hybrid,Hybrid court balancing independence and accountability,court_variant,strong_form_court,doctrine,criminal_procedure,1372,1372,58475,57103,1.000,0.023,0.825,0.769,0.004,0.983,0.894,0.907,0.788,0.068,1.000,1.000,0.651,0.597,2.351,0.619,0.525,0.740,0.306,0.489,0.596,0.475,0.321,0.587,0.639,0.397,0.641,0.772,0.430,0.241,0.199,0.237,0.485,0.174,0.100,0.255,0.032,0.942,0.895,0.653,0.454,0.685,0.446,0.523,0.507,0.630,0.538
rights-threat-surge,Rights-threat surge,Docket contains more laws or actions with high generated rights-risk signals.,independence-accountability-hybrid,Hybrid court balancing independence and accountability,court_variant,strong_form_court,doctrine,election_law,1349,1349,53918,52569,1.000,0.025,0.779,0.752,0.006,0.966,0.931,0.782,0.731,0.151,0.966,1.000,0.881,0.633,2.731,0.711,0.547,0.731,0.325,0.467,0.600,0.478,0.318,0.581,0.623,0.410,0.640,0.781,0.407,0.262,0.191,0.268,0.463,0.168,0.107,0.219,0.027,0.941,0.893,0.657,0.467,0.719,0.456,0.542,0.543,0.643,0.559
rights-threat-surge,Rights-threat surge,Docket contains more laws or actions with high generated rights-risk signals.,independence-accountability-hybrid,Hybrid court balancing independence and accountability,court_variant,strong_form_court,doctrine,emergency_powers,1348,1348,55077,53729,1.000,0.024,0.822,0.705,0.024,0.748,0.606,0.910,0.794,0.166,0.748,1.000,0.816,0.559,1.987,0.581,0.521,0.720,0.280,0.459,0.578,0.463,0.373,0.587,0.619,0.414,0.640,0.767,0.436,0.262,0.160,0.278,0.472,0.159,0.078,0.272,0.039,0.929,0.882,0.667,0.466,0.685,0.473,0.534,0.506,0.644,0.549
rights-threat-surge,Rights-threat surge,Docket contains more laws or actions with high generated rights-risk signals.,independence-accountability-hybrid,Hybrid court balancing independence and accountability,court_variant,strong_form_court,doctrine,equality,1361,1361,56646,55285,1.000,0.024,0.787,0.811,0.007,0.993,0.979,0.881,0.784,0.112,1.000,1.000,0.626,0.576,2.252,0.557,0.492,0.753,0.307,0.516,0.602,0.504,0.299,0.588,0.652,0.383,0.641,0.768,0.485,0.224,0.168,0.187,0.486,0.188,0.079,0.284,0.035,0.940,0.893,0.642,0.456,0.674,0.446,0.523,0.506,0.628,0.536
rights-threat-surge,Rights-threat surge,Docket contains more laws or actions with high generated rights-risk signals.,independence-accountability-hybrid,Hybrid court balancing independence and accountability,court_variant,strong_form_court,doctrine,federalism,1353,1353,57984,56631,1.000,0.023,0.953,0.684,0.000,0.245,0.126,0.868,0.679,0.104,0.252,1.000,0.897,0.661,2.752,0.790,0.615,0.733,0.246,0.460,0.543,0.422,0.359,0.587,0.630,0.433,0.640,0.776,0.450,0.249,0.139,0.285,0.476,0.146,0.067,0.208,0.038,0.924,0.883,0.672,0.469,0.731,0.464,0.546,0.549,0.653,0.566
rights-threat-surge,Rights-threat surge,Docket contains more laws or actions with high generated rights-risk signals.,independence-accountability-hybrid,Hybrid court balancing independence and accountability,court_variant,strong_form_court,doctrine,speech,1405,1405,60211,58806,1.000,0.023,0.807,0.779,0.006,0.963,0.920,0.904,0.733,0.074,0.968,1.000,0.552,0.570,2.231,0.495,0.479,0.746,0.290,0.497,0.600,0.489,0.296,0.591,0.645,0.389,0.641,0.762,0.438,0.242,0.175,0.225,0.471,0.174,0.091,0.318,0.033,0.939,0.888,0.649,0.451,0.667,0.442,0.517,0.495,0.624,0.530
rights-threat-surge,Rights-threat surge,Docket contains more laws or actions with high generated rights-risk signals.,weak-form-review,Weak-form review with legislative reply,synthetic_mechanism,weak_form_review,doctrine,administrative_state,1412,1412,1594,182,1.000,0.886,0.971,0.666,0.049,0.185,0.000,0.677,0.646,0.296,0.182,0.090,0.796,0.650,2.710,0.508,0.543,0.746,0.201,0.456,0.556,0.526,0.375,0.639,0.676,0.203,0.677,0.781,0.673,0.084,0.088,0.157,0.646,0.101,0.031,0.489,0.080,0.325,0.192,0.342,0.313,0.419,0.295,0.326,0.420,0.413,0.367
rights-threat-surge,Rights-threat surge,Docket contains more laws or actions with high generated rights-risk signals.,weak-form-review,Weak-form review with legislative reply,synthetic_mechanism,weak_form_review,doctrine,criminal_procedure,1372,1372,1534,162,1.000,0.894,0.949,0.691,0.064,0.943,0.000,0.751,0.746,0.268,0.967,0.368,0.651,0.597,2.351,0.619,0.525,0.708,0.235,0.530,0.668,0.585,0.321,0.636,0.693,0.062,0.677,0.793,0.619,0.100,0.103,0.173,0.620,0.069,0.033,0.401,0.074,0.327,0.186,0.331,0.311,0.390,0.292,0.318,0.422,0.420,0.362
rights-threat-surge,Rights-threat surge,Docket contains more laws or actions with high generated rights-risk signals.,weak-form-review,Weak-form review with legislative reply,synthetic_mechanism,weak_form_review,doctrine,election_law,1349,1349,1564,215,1.000,0.863,0.938,0.669,0.060,0.973,0.000,0.735,0.735,0.265,0.973,0.584,0.881,0.633,2.731,0.711,0.547,0.699,0.255,0.527,0.681,0.586,0.318,0.631,0.682,0.068,0.676,0.802,0.598,0.113,0.097,0.191,0.595,0.049,0.029,0.400,0.074,0.336,0.195,0.346,0.312,0.429,0.296,0.327,0.440,0.428,0.375
rights-threat-surge,Rights-threat surge,Docket contains more laws or actions with high generated rights-risk signals.,weak-form-review,Weak-form review with legislative reply,synthetic_mechanism,weak_form_review,doctrine,emergency_powers,1348,1348,1894,546,1.000,0.712,0.902,0.636,0.148,0.660,0.000,0.757,0.728,0.331,0.660,0.568,0.816,0.559,1.987,0.581,0.521,0.711,0.254,0.493,0.628,0.556,0.373,0.633,0.662,0.121,0.677,0.794,0.596,0.109,0.097,0.224,0.590,0.075,0.031,0.403,0.075,0.348,0.215,0.361,0.313,0.401,0.317,0.322,0.400,0.425,0.366
rights-threat-surge,Rights-threat surge,Docket contains more laws or actions with high generated rights-risk signals.,weak-form-review,Weak-form review with legislative reply,synthetic_mechanism,weak_form_review,doctrine,equality,1361,1361,1530,169,1.000,0.890,0.950,0.711,0.057,0.983,0.000,0.771,0.680,0.255,0.992,0.654,0.626,0.576,2.252,0.557,0.492,0.712,0.238,0.561,0.687,0.614,0.299,0.636,0.705,0.033,0.677,0.789,0.619,0.109,0.089,0.167,0.613,0.056,0.020,0.422,0.078,0.329,0.191,0.327,0.310,0.382,0.291,0.316,0.418,0.419,0.358
rights-threat-surge,Rights-threat surge,Docket contains more laws or actions with high generated rights-risk signals.,weak-form-review,Weak-form review with legislative reply,synthetic_mechanism,weak_form_review,doctrine,federalism,1353,1353,1526,173,1.000,0.887,0.960,0.676,0.047,0.220,0.000,0.711,0.630,0.266,0.220,0.092,0.897,0.661,2.752,0.790,0.615,0.736,0.243,0.474,0.563,0.531,0.359,0.634,0.672,0.204,0.676,0.804,0.650,0.109,0.091,0.176,0.626,0.065,0.030,0.399,0.075,0.320,0.188,0.342,0.315,0.436,0.299,0.331,0.427,0.418,0.374
rights-threat-surge,Rights-threat surge,Docket contains more laws or actions with high generated rights-risk signals.,weak-form-review,Weak-form review with legislative reply,synthetic_mechanism,weak_form_review,doctrine,speech,1405,1405,1560,155,1.000,0.901,0.947,0.692,0.066,0.908,0.000,0.749,0.669,0.247,0.965,0.506,0.552,0.570,2.231,0.495,0.479,0.714,0.224,0.536,0.673,0.599,0.296,0.638,0.698,0.051,0.677,0.783,0.622,0.100,0.089,0.167,0.631,0.046,0.023,0.456,0.077,0.333,0.191,0.332,0.310,0.372,0.290,0.313,0.413,0.416,0.355
rights-threat-surge,Rights-threat surge,Docket contains more laws or actions with high generated rights-risk signals.,suspended-declaration-review,Suspended declarations of invalidity,synthetic_mechanism,suspended_declaration,doctrine,administrative_state,1412,1412,1522,110,1.000,0.928,0.957,0.663,0.001,0.264,0.218,0.864,0.655,0.109,0.250,1.000,0.796,0.650,2.710,0.508,0.543,0.742,0.214,0.469,0.571,0.529,0.375,0.631,0.649,0.233,0.623,0.855,0.478,0.210,0.137,0.256,0.490,0.229,0.069,0.300,0.039,0.934,0.893,0.672,0.331,0.471,0.294,0.356,0.429,0.455,0.390
rights-threat-surge,Rights-threat surge,Docket contains more laws or actions with high generated rights-risk signals.,suspended-declaration-review,Suspended declarations of invalidity,synthetic_mechanism,suspended_declaration,doctrine,criminal_procedure,1372,1372,1489,117,1.000,0.921,0.874,0.694,0.004,0.962,0.937,0.902,0.712,0.053,0.967,1.000,0.651,0.597,2.351,0.619,0.525,0.765,0.330,0.553,0.689,0.587,0.321,0.620,0.667,0.090,0.623,0.878,0.476,0.239,0.167,0.235,0.473,0.189,0.090,0.235,0.030,0.954,0.906,0.674,0.329,0.443,0.292,0.348,0.431,0.464,0.386
rights-threat-surge,Rights-threat surge,Docket contains more laws or actions with high generated rights-risk signals.,suspended-declaration-review,Suspended declarations of invalidity,synthetic_mechanism,suspended_declaration,doctrine,election_law,1349,1349,1476,127,1.000,0.914,0.848,0.677,0.006,0.977,0.970,0.854,0.685,0.054,0.977,1.000,0.881,0.633,2.731,0.711,0.547,0.759,0.349,0.544,0.696,0.590,0.318,0.615,0.657,0.100,0.622,0.887,0.486,0.245,0.165,0.234,0.454,0.187,0.099,0.218,0.025,0.953,0.905,0.673,0.330,0.481,0.294,0.357,0.448,0.470,0.398
rights-threat-surge,Rights-threat surge,Docket contains more laws or actions with high generated rights-risk signals.,suspended-declaration-review,Suspended declarations of invalidity,synthetic_mechanism,suspended_declaration,doctrine,emergency_powers,1348,1348,1801,453,1.000,0.748,0.859,0.649,0.025,0.750,0.728,0.866,0.706,0.182,0.750,1.000,0.816,0.559,1.987,0.581,0.521,0.740,0.303,0.520,0.656,0.560,0.373,0.621,0.644,0.149,0.623,0.873,0.465,0.231,0.172,0.263,0.453,0.182,0.088,0.267,0.035,0.943,0.893,0.672,0.331,0.452,0.314,0.352,0.409,0.467,0.389
rights-threat-surge,Rights-threat surge,Docket contains more laws or actions with high generated rights-risk signals.,suspended-declaration-review,Suspended declarations of invalidity,synthetic_mechanism,suspended_declaration,doctrine,equality,1361,1361,1477,116,1.000,0.921,0.859,0.736,0.007,1.000,0.997,0.862,0.667,0.072,1.000,1.000,0.626,0.576,2.252,0.557,0.492,0.783,0.329,0.575,0.699,0.616,0.299,0.620,0.683,0.067,0.623,0.874,0.479,0.216,0.192,0.202,0.475,0.185,0.101,0.287,0.030,0.954,0.904,0.663,0.328,0.434,0.289,0.345,0.426,0.461,0.382
rights-threat-surge,Rights-threat surge,Docket contains more laws or actions with high generated rights-risk signals.,suspended-declaration-review,Suspended declarations of invalidity,synthetic_mechanism,suspended_declaration,doctrine,federalism,1353,1353,1444,91,1.000,0.937,0.938,0.668,0.001,0.253,0.286,0.879,0.659,0.176,0.264,1.000,0.897,0.661,2.752,0.790,0.615,0.731,0.266,0.486,0.580,0.535,0.359,0.625,0.643,0.230,0.622,0.880,0.469,0.254,0.129,0.278,0.445,0.152,0.056,0.210,0.035,0.939,0.897,0.680,0.333,0.488,0.297,0.360,0.436,0.461,0.397
rights-threat-surge,Rights-threat surge,Docket contains more laws or actions with high generated rights-risk signals.,suspended-declaration-review,Suspended declarations of invalidity,synthetic_mechanism,suspended_declaration,doctrine,speech,1405,1405,1534,129,1.000,0.916,0.867,0.714,0.006,0.960,0.958,0.820,0.773,0.100,0.971,1.000,0.552,0.570,2.231,0.495,0.479,0.775,0.314,0.558,0.694,0.600,0.296,0.622,0.678,0.080,0.623,0.868,0.485,0.221,0.158,0.189,0.470,0.174,0.082,0.290,0.030,0.950,0.898,0.666,0.328,0.425,0.289,0.343,0.422,0.459,0.379
rights-threat-surge,Rights-threat surge,Docket contains more laws or actions with high generated rights-risk signals.,override-clause-review,Strong-form review with explicit override clause,synthetic_mechanism,legislative_override_clause,doctrine,administrative_state,1412,1412,12967,11555,1.000,0.109,0.935,0.672,0.060,0.215,0.158,0.680,0.607,0.265,0.211,0.041,0.796,0.650,2.710,0.508,0.543,0.713,0.216,0.447,0.537,0.427,0.375,0.622,0.625,0.383,0.631,0.884,0.479,0.224,0.127,0.250,0.475,0.212,0.055,0.297,0.041,0.921,0.883,0.674,0.313,0.606,0.359,0.367,0.443,0.490,0.434
rights-threat-surge,Rights-threat surge,Docket contains more laws or actions with high generated rights-risk signals.,override-clause-review,Strong-form review with explicit override clause,synthetic_mechanism,legislative_override_clause,doctrine,criminal_procedure,1372,1372,11921,10549,1.000,0.115,0.808,0.754,0.066,0.929,0.895,0.744,0.659,0.242,0.945,0.360,0.651,0.597,2.351,0.619,0.525,0.733,0.277,0.475,0.580,0.486,0.321,0.618,0.635,0.294,0.631,0.899,0.414,0.279,0.186,0.269,0.422,0.169,0.098,0.220,0.033,0.939,0.896,0.675,0.311,0.574,0.353,0.359,0.435,0.488,0.424
rights-threat-surge,Rights-threat surge,Docket contains more laws or actions with high generated rights-risk signals.,override-clause-review,Strong-form review with explicit override clause,synthetic_mechanism,legislative_override_clause,doctrine,election_law,1349,1349,11044,9695,1.000,0.122,0.766,0.741,0.061,0.952,0.942,0.763,0.627,0.254,0.952,0.570,0.881,0.633,2.731,0.711,0.547,0.732,0.289,0.458,0.586,0.490,0.318,0.614,0.624,0.295,0.631,0.907,0.414,0.298,0.169,0.272,0.471,0.168,0.075,0.219,0.027,0.940,0.897,0.679,0.312,0.609,0.354,0.367,0.452,0.495,0.436
rights-threat-surge,Rights-threat surge,Docket contains more laws or actions with high generated rights-risk signals.,override-clause-review,Strong-form review with explicit override clause,synthetic_mechanism,legislative_override_clause,doctrine,emergency_powers,1348,1348,11348,10000,1.000,0.119,0.777,0.696,0.150,0.728,0.696,0.726,0.649,0.339,0.728,0.582,0.816,0.559,1.987,0.581,0.521,0.696,0.285,0.447,0.566,0.475,0.373,0.616,0.607,0.325,0.631,0.898,0.403,0.254,0.187,0.300,0.438,0.165,0.082,0.243,0.038,0.931,0.883,0.680,0.313,0.576,0.372,0.360,0.414,0.492,0.426
rights-threat-surge,Rights-threat surge,Docket contains more laws or actions with high generated rights-risk signals.,override-clause-review,Strong-form review with explicit override clause,synthetic_mechanism,legislative_override_clause,doctrine,equality,1361,1361,11624,10263,1.000,0.117,0.772,0.800,0.062,1.000,0.981,0.762,0.684,0.247,1.000,0.597,0.626,0.576,2.252,0.557,0.492,0.750,0.275,0.504,0.588,0.515,0.299,0.619,0.650,0.277,0.631,0.895,0.432,0.248,0.197,0.242,0.459,0.188,0.096,0.269,0.033,0.940,0.894,0.667,0.310,0.565,0.351,0.356,0.428,0.484,0.420
rights-threat-surge,Rights-threat surge,Docket contains more laws or actions with high generated rights-risk signals.,override-clause-review,Strong-form review with explicit override clause,synthetic_mechanism,legislative_override_clause,doctrine,federalism,1353,1353,11886,10533,1.000,0.114,0.915,0.683,0.053,0.320,0.212,0.657,0.597,0.287,0.337,0.077,0.897,0.661,2.752,0.790,0.615,0.705,0.258,0.455,0.538,0.433,0.359,0.617,0.619,0.382,0.630,0.907,0.422,0.261,0.152,0.305,0.456,0.138,0.073,0.207,0.035,0.929,0.887,0.690,0.314,0.620,0.360,0.371,0.449,0.495,0.440
rights-threat-surge,Rights-threat surge,Docket contains more laws or actions with high generated rights-risk signals.,override-clause-review,Strong-form review with explicit override clause,synthetic_mechanism,legislative_override_clause,doctrine,speech,1405,1405,12328,10923,1.000,0.114,0.791,0.766,0.064,0.940,0.913,0.727,0.671,0.225,0.964,0.554,0.552,0.570,2.231,0.495,0.479,0.741,0.259,0.486,0.584,0.500,0.296,0.621,0.643,0.285,0.632,0.889,0.450,0.248,0.178,0.233,0.459,0.167,0.095,0.278,0.033,0.937,0.889,0.675,0.310,0.557,0.352,0.354,0.426,0.483,0.418
rights-threat-surge,Rights-threat surge,Docket contains more laws or actions with high generated rights-risk signals.,pre-enactment-review,Pre-enactment review before laws take effect,synthetic_mechanism,pre_enactment_review,doctrine,administrative_state,1412,1412,1609,197,1.000,0.878,0.975,0.677,0.050,0.142,0.031,0.736,0.726,0.274,0.134,0.051,0.796,0.650,2.710,0.508,0.543,0.745,0.211,0.442,0.540,0.525,0.375,0.618,0.628,0.509,0.579,0.853,0.465,0.211,0.135,0.256,0.494,0.193,0.061,0.314,0.045,0.906,0.862,0.658,0.444,0.425,0.361,0.453,0.487,0.525,0.445
rights-threat-surge,Rights-threat surge,Docket contains more laws or actions with high generated rights-risk signals.,pre-enactment-review,Pre-enactment review before laws take effect,synthetic_mechanism,pre_enactment_review,doctrine,criminal_procedure,1372,1372,1578,206,1.000,0.869,0.908,0.778,0.066,0.930,0.795,0.772,0.698,0.237,0.957,0.353,0.651,0.597,2.351,0.619,0.525,0.733,0.306,0.481,0.584,0.583,0.321,0.610,0.639,0.476,0.580,0.872,0.453,0.235,0.176,0.237,0.465,0.167,0.088,0.231,0.034,0.929,0.878,0.654,0.443,0.403,0.359,0.447,0.471,0.518,0.436
rights-threat-surge,Rights-threat surge,Docket contains more laws or actions with high generated rights-risk signals.,pre-enactment-review,Pre-enactment review before laws take effect,synthetic_mechanism,pre_enactment_review,doctrine,election_law,1349,1349,1575,226,1.000,0.857,0.890,0.779,0.056,0.930,0.845,0.855,0.737,0.241,0.930,0.618,0.881,0.633,2.731,0.711,0.547,0.730,0.325,0.467,0.591,0.585,0.318,0.606,0.631,0.491,0.579,0.881,0.443,0.255,0.177,0.262,0.451,0.184,0.085,0.234,0.030,0.928,0.875,0.653,0.443,0.446,0.362,0.457,0.487,0.527,0.450
rights-threat-surge,Rights-threat surge,Docket contains more laws or actions with high generated rights-risk signals.,pre-enactment-review,Pre-enactment review before laws take effect,synthetic_mechanism,pre_enactment_review,doctrine,emergency_powers,1348,1348,1908,560,1.000,0.706,0.890,0.717,0.140,0.656,0.474,0.813,0.738,0.301,0.656,0.585,0.816,0.559,1.987,0.581,0.521,0.707,0.296,0.450,0.563,0.555,0.373,0.610,0.613,0.507,0.579,0.869,0.445,0.257,0.152,0.283,0.439,0.188,0.068,0.285,0.040,0.919,0.864,0.661,0.444,0.418,0.383,0.452,0.452,0.530,0.443
rights-threat-surge,Rights-threat surge,Docket contains more laws or actions with high generated rights-risk signals.,pre-enactment-review,Pre-enactment review before laws take effect,synthetic_mechanism,pre_enactment_review,doctrine,equality,1361,1361,1564,203,1.000,0.870,0.895,0.834,0.060,0.987,0.943,0.800,0.791,0.231,0.992,0.573,0.626,0.576,2.252,0.557,0.492,0.751,0.314,0.506,0.596,0.612,0.299,0.610,0.656,0.464,0.580,0.869,0.456,0.246,0.166,0.247,0.485,0.175,0.084,0.275,0.036,0.928,0.875,0.648,0.441,0.398,0.357,0.445,0.463,0.517,0.432
rights-threat-surge,Rights-threat surge,Docket contains more laws or actions with high generated rights-risk signals.,pre-enactment-review,Pre-enactment review before laws take effect,synthetic_mechanism,pre_enactment_review,doctrine,federalism,1353,1353,1537,184,1.000,0.880,0.965,0.693,0.049,0.196,0.052,0.723,0.674,0.299,0.193,0.082,0.897,0.661,2.752,0.790,0.615,0.734,0.253,0.456,0.538,0.531,0.359,0.613,0.624,0.512,0.579,0.876,0.438,0.259,0.126,0.299,0.455,0.135,0.058,0.211,0.039,0.913,0.865,0.667,0.446,0.443,0.365,0.458,0.495,0.530,0.452
rights-threat-surge,Rights-threat surge,Docket contains more laws or actions with high generated rights-risk signals.,pre-enactment-review,Pre-enactment review before laws take effect,synthetic_mechanism,pre_enactment_review,doctrine,speech,1405,1405,1612,207,1.000,0.872,0.906,0.798,0.056,0.952,0.820,0.740,0.740,0.256,0.952,0.577,0.552,0.570,2.231,0.495,0.479,0.743,0.290,0.488,0.589,0.597,0.296,0.613,0.649,0.469,0.580,0.862,0.459,0.221,0.181,0.231,0.458,0.168,0.100,0.293,0.038,0.924,0.869,0.651,0.441,0.388,0.356,0.443,0.460,0.515,0.429
rights-threat-surge,Rights-threat surge,Docket contains more laws or actions with high generated rights-risk signals.,abstract-review-tribunal,Abstract review tribunal,synthetic_mechanism,abstract_review,doctrine,administrative_state,1412,1412,1486,74,1.000,0.950,0.955,0.694,0.001,0.230,0.152,0.838,0.622,0.135,0.246,1.000,0.796,0.650,2.710,0.508,0.543,0.735,0.207,0.450,0.545,0.530,0.375,0.617,0.640,0.305,0.564,0.924,0.457,0.217,0.142,0.242,0.508,0.203,0.058,0.311,0.040,0.925,0.885,0.671,0.440,0.457,0.330,0.457,0.500,0.535,0.448
rights-threat-surge,Rights-threat surge,Docket contains more laws or actions with high generated rights-risk signals.,abstract-review-tribunal,Abstract review tribunal,synthetic_mechanism,abstract_review,doctrine,criminal_procedure,1372,1372,1457,85,1.000,0.942,0.821,0.801,0.005,0.976,0.923,0.882,0.776,0.106,0.984,1.000,0.651,0.597,2.351,0.619,0.525,0.738,0.309,0.487,0.596,0.588,0.321,0.610,0.647,0.274,0.564,0.944,0.464,0.249,0.167,0.233,0.450,0.191,0.090,0.255,0.032,0.947,0.900,0.674,0.430,0.435,0.320,0.444,0.471,0.523,0.432
rights-threat-surge,Rights-threat surge,Docket contains more laws or actions with high generated rights-risk signals.,abstract-review-tribunal,Abstract review tribunal,synthetic_mechanism,abstract_review,doctrine,election_law,1349,1349,1409,60,1.000,0.957,0.775,0.791,0.004,1.000,0.961,0.833,0.800,0.117,1.000,1.000,0.881,0.633,2.731,0.711,0.547,0.731,0.328,0.465,0.599,0.593,0.318,0.604,0.633,0.288,0.563,0.954,0.440,0.255,0.192,0.256,0.460,0.168,0.098,0.202,0.026,0.947,0.899,0.669,0.444,0.477,0.331,0.465,0.508,0.539,0.456
rights-threat-surge,Rights-threat surge,Docket contains more laws or actions with high generated rights-risk signals.,abstract-review-tribunal,Abstract review tribunal,synthetic_mechanism,abstract_review,doctrine,emergency_powers,1348,1348,1734,386,1.000,0.777,0.807,0.750,0.031,0.801,0.677,0.858,0.741,0.187,0.801,1.000,0.816,0.559,1.987,0.581,0.521,0.718,0.290,0.459,0.581,0.563,0.373,0.609,0.626,0.304,0.564,0.941,0.485,0.237,0.148,0.244,0.460,0.189,0.077,0.277,0.037,0.935,0.886,0.670,0.443,0.449,0.350,0.458,0.471,0.541,0.447
rights-threat-surge,Rights-threat surge,Docket contains more laws or actions with high generated rights-risk signals.,abstract-review-tribunal,Abstract review tribunal,synthetic_mechanism,abstract_review,doctrine,equality,1361,1361,1450,89,1.000,0.939,0.784,0.848,0.007,0.989,0.994,0.880,0.793,0.109,1.000,1.000,0.626,0.576,2.252,0.557,0.492,0.752,0.309,0.514,0.600,0.617,0.299,0.610,0.661,0.261,0.564,0.940,0.448,0.243,0.189,0.231,0.465,0.173,0.100,0.284,0.032,0.947,0.898,0.657,0.432,0.430,0.321,0.445,0.468,0.523,0.432
rights-threat-surge,Rights-threat surge,Docket contains more laws or actions with high generated rights-risk signals.,abstract-review-tribunal,Abstract review tribunal,synthetic_mechanism,abstract_review,doctrine,federalism,1353,1353,1421,68,1.000,0.952,0.937,0.707,0.001,0.294,0.199,0.868,0.691,0.132,0.288,1.000,0.897,0.661,2.752,0.790,0.615,0.723,0.253,0.460,0.546,0.536,0.359,0.611,0.634,0.309,0.563,0.948,0.432,0.257,0.148,0.283,0.460,0.149,0.071,0.208,0.034,0.931,0.888,0.683,0.446,0.475,0.338,0.466,0.515,0.543,0.459
rights-threat-surge,Rights-threat surge,Docket contains more laws or actions with high generated rights-risk signals.,abstract-review-tribunal,Abstract review tribunal,synthetic_mechanism,abstract_review,doctrine,speech,1405,1405,1502,97,1.000,0.935,0.804,0.816,0.006,0.960,0.937,0.891,0.713,0.089,0.976,1.000,0.552,0.570,2.231,0.495,0.479,0.745,0.293,0.495,0.598,0.602,0.296,0.613,0.655,0.267,0.564,0.934,0.468,0.225,0.162,0.224,0.475,0.168,0.080,0.294,0.033,0.942,0.892,0.671,0.427,0.420,0.316,0.439,0.457,0.518,0.424
rights-threat-surge,Rights-threat surge,Docket contains more laws or actions with high generated rights-risk signals.,ombudsman-triggered-review,Ombudsman-triggered constitutional review,synthetic_mechanism,ombudsman_triggered_review,doctrine,administrative_state,1412,1412,156857,155445,1.000,0.009,0.928,0.679,0.049,0.287,0.209,0.669,0.669,0.354,0.264,0.077,0.796,0.650,2.710,0.508,0.543,0.724,0.225,0.450,0.548,0.415,0.375,0.608,0.617,0.521,0.602,0.795,0.453,0.230,0.144,0.267,0.479,0.208,0.066,0.290,0.036,0.937,0.893,0.718,0.334,0.898,0.460,0.453,0.482,0.496,0.526
rights-threat-surge,Rights-threat surge,Docket contains more laws or actions with high generated rights-risk signals.,ombudsman-triggered-review,Ombudsman-triggered constitutional review,synthetic_mechanism,ombudsman_triggered_review,doctrine,criminal_procedure,1372,1372,128942,127570,1.000,0.011,0.797,0.755,0.068,0.977,0.942,0.744,0.744,0.251,0.972,0.353,0.651,0.597,2.351,0.619,0.525,0.717,0.324,0.470,0.590,0.473,0.321,0.598,0.614,0.492,0.603,0.815,0.418,0.271,0.179,0.273,0.464,0.189,0.101,0.229,0.028,0.955,0.907,0.717,0.338,0.894,0.452,0.456,0.466,0.497,0.522
rights-threat-surge,Rights-threat surge,Docket contains more laws or actions with high generated rights-risk signals.,ombudsman-triggered-review,Ombudsman-triggered constitutional review,synthetic_mechanism,ombudsman_triggered_review,doctrine,election_law,1349,1349,120689,119340,1.000,0.011,0.755,0.743,0.053,0.976,0.968,0.740,0.755,0.274,0.976,0.611,0.881,0.633,2.731,0.711,0.547,0.713,0.339,0.457,0.595,0.477,0.318,0.595,0.602,0.506,0.602,0.824,0.416,0.272,0.188,0.274,0.430,0.195,0.116,0.212,0.023,0.955,0.906,0.717,0.339,0.931,0.451,0.465,0.483,0.502,0.533
rights-threat-surge,Rights-threat surge,Docket contains more laws or actions with high generated rights-risk signals.,ombudsman-triggered-review,Ombudsman-triggered constitutional review,synthetic_mechanism,ombudsman_triggered_review,doctrine,emergency_powers,1348,1348,127040,125692,1.000,0.011,0.759,0.700,0.157,0.794,0.779,0.802,0.701,0.296,0.794,0.572,0.816,0.559,1.987,0.581,0.521,0.686,0.326,0.445,0.578,0.461,0.373,0.598,0.588,0.510,0.602,0.814,0.404,0.260,0.188,0.306,0.430,0.195,0.101,0.257,0.031,0.947,0.893,0.718,0.339,0.892,0.472,0.456,0.447,0.502,0.523
rights-threat-surge,Rights-threat surge,Docket contains more laws or actions with high generated rights-risk signals.,ombudsman-triggered-review,Ombudsman-triggered constitutional review,synthetic_mechanism,ombudsman_triggered_review,doctrine,equality,1361,1361,120665,119304,1.000,0.011,0.764,0.801,0.058,1.000,0.995,0.748,0.717,0.217,1.000,0.615,0.626,0.576,2.252,0.557,0.492,0.734,0.319,0.505,0.595,0.503,0.299,0.599,0.630,0.480,0.603,0.811,0.426,0.273,0.180,0.226,0.456,0.165,0.084,0.257,0.030,0.955,0.904,0.715,0.338,0.891,0.447,0.456,0.460,0.495,0.519
rights-threat-surge,Rights-threat surge,Docket contains more laws or actions with high generated rights-risk signals.,ombudsman-triggered-review,Ombudsman-triggered constitutional review,synthetic_mechanism,ombudsman_triggered_review,doctrine,federalism,1353,1353,145692,144339,1.000,0.009,0.906,0.689,0.047,0.370,0.275,0.691,0.660,0.315,0.368,0.086,0.897,0.661,2.752,0.790,0.615,0.712,0.273,0.456,0.549,0.420,0.359,0.602,0.610,0.525,0.602,0.819,0.413,0.258,0.152,0.305,0.431,0.168,0.077,0.197,0.032,0.942,0.896,0.727,0.335,0.910,0.463,0.456,0.487,0.499,0.531
rights-threat-surge,Rights-threat surge,Docket contains more laws or actions with high generated rights-risk signals.,ombudsman-triggered-review,Ombudsman-triggered constitutional review,synthetic_mechanism,ombudsman_triggered_review,doctrine,speech,1405,1405,131219,129814,1.000,0.011,0.779,0.769,0.058,0.986,0.964,0.708,0.726,0.224,0.990,0.548,0.552,0.570,2.231,0.495,0.479,0.726,0.306,0.484,0.595,0.487,0.296,0.601,0.623,0.486,0.603,0.805,0.441,0.243,0.192,0.232,0.458,0.179,0.104,0.294,0.028,0.952,0.899,0.716,0.337,0.880,0.448,0.453,0.458,0.493,0.516
rights-threat-surge,Rights-threat surge,Docket contains more laws or actions with high generated rights-risk signals.,constitutional-public-defender,Constitutional public defender access model,synthetic_mechanism,constitutional_public_defender,doctrine,administrative_state,1412,1412,169448,168036,1.000,0.008,0.923,0.740,0.001,0.327,0.278,0.882,0.682,0.136,0.340,1.000,0.796,0.650,2.710,0.508,0.543,0.735,0.219,0.455,0.554,0.415,0.375,0.604,0.634,0.510,0.630,0.767,0.444,0.248,0.142,0.283,0.477,0.234,0.067,0.292,0.038,0.938,0.901,0.677,0.338,0.887,0.459,0.454,0.482,0.535,0.531
rights-threat-surge,Rights-threat surge,Docket contains more laws or actions with high generated rights-risk signals.,constitutional-public-defender,Constitutional public defender access model,synthetic_mechanism,constitutional_public_defender,doctrine,criminal_procedure,1372,1372,142267,140895,1.000,0.010,0.800,0.866,0.005,0.985,0.964,0.836,0.716,0.097,0.978,1.000,0.651,0.597,2.351,0.619,0.525,0.745,0.315,0.484,0.597,0.473,0.321,0.596,0.646,0.478,0.631,0.787,0.429,0.274,0.173,0.248,0.471,0.177,0.094,0.256,0.029,0.955,0.911,0.676,0.341,0.868,0.451,0.453,0.465,0.534,0.523
rights-threat-surge,Rights-threat surge,Docket contains more laws or actions with high generated rights-risk signals.,constitutional-public-defender,Constitutional public defender access model,synthetic_mechanism,constitutional_public_defender,doctrine,election_law,1349,1349,134707,133358,1.000,0.010,0.758,0.838,0.006,0.991,0.977,0.855,0.735,0.085,0.991,1.000,0.881,0.633,2.731,0.711,0.547,0.735,0.330,0.464,0.599,0.477,0.318,0.593,0.629,0.491,0.630,0.795,0.423,0.283,0.170,0.273,0.456,0.162,0.106,0.208,0.024,0.957,0.914,0.678,0.341,0.899,0.450,0.460,0.481,0.536,0.533
rights-threat-surge,Rights-threat surge,Docket contains more laws or actions with high generated rights-risk signals.,constitutional-public-defender,Constitutional public defender access model,synthetic_mechanism,constitutional_public_defender,doctrine,emergency_powers,1348,1348,141219,139871,1.000,0.010,0.776,0.794,0.027,0.833,0.780,0.893,0.750,0.154,0.833,1.000,0.816,0.559,1.987,0.581,0.521,0.722,0.299,0.459,0.587,0.461,0.373,0.598,0.621,0.496,0.631,0.782,0.467,0.230,0.185,0.244,0.428,0.212,0.099,0.275,0.033,0.948,0.901,0.682,0.341,0.865,0.469,0.452,0.446,0.537,0.524
rights-threat-surge,Rights-threat surge,Docket contains more laws or actions with high generated rights-risk signals.,constitutional-public-defender,Constitutional public defender access model,synthetic_mechanism,constitutional_public_defender,doctrine,equality,1361,1361,134506,133145,1.000,0.010,0.769,0.906,0.007,1.000,0.998,0.880,0.737,0.075,1.000,1.000,0.626,0.576,2.252,0.557,0.492,0.759,0.309,0.514,0.599,0.503,0.299,0.598,0.660,0.464,0.631,0.782,0.464,0.220,0.197,0.232,0.461,0.166,0.115,0.281,0.032,0.954,0.907,0.654,0.341,0.859,0.446,0.452,0.458,0.531,0.519
rights-threat-surge,Rights-threat surge,Docket contains more laws or actions with high generated rights-risk signals.,constitutional-public-defender,Constitutional public defender access model,synthetic_mechanism,constitutional_public_defender,doctrine,federalism,1353,1353,157499,156146,1.000,0.009,0.901,0.742,0.001,0.408,0.339,0.855,0.658,0.171,0.413,1.000,0.897,0.661,2.752,0.790,0.615,0.722,0.268,0.459,0.555,0.420,0.359,0.599,0.624,0.515,0.630,0.791,0.448,0.254,0.146,0.298,0.452,0.166,0.066,0.194,0.032,0.943,0.902,0.689,0.339,0.900,0.460,0.457,0.487,0.538,0.536
rights-threat-surge,Rights-threat surge,Docket contains more laws or actions with high generated rights-risk signals.,constitutional-public-defender,Constitutional public defender access model,synthetic_mechanism,constitutional_public_defender,doctrine,speech,1405,1405,145612,144207,1.000,0.010,0.784,0.875,0.006,0.986,0.970,0.861,0.722,0.083,0.986,1.000,0.552,0.570,2.231,0.495,0.479,0.752,0.297,0.495,0.599,0.487,0.296,0.599,0.653,0.470,0.631,0.776,0.464,0.226,0.178,0.221,0.483,0.161,0.091,0.280,0.029,0.952,0.904,0.674,0.340,0.850,0.448,0.449,0.456,0.529,0.516
rights-threat-surge,Rights-threat surge,Docket contains more laws or actions with high generated rights-risk signals.,rights-impact-statement-review,Rights-impact statements before review,synthetic_mechanism,rights_impact_statement,doctrine,administrative_state,1412,1412,1588,176,1.000,0.889,0.978,0.728,0.044,0.125,0.030,0.693,0.727,0.239,0.122,0.074,0.796,0.650,2.710,0.508,0.543,0.766,0.209,0.442,0.543,0.526,0.375,0.617,0.650,0.500,0.698,0.729,0.484,0.207,0.126,0.266,0.487,0.206,0.055,0.325,0.049,0.893,0.849,0.643,0.418,0.447,0.361,0.432,0.489,0.543,0.446
rights-threat-surge,Rights-threat surge,Docket contains more laws or actions with high generated rights-risk signals.,rights-impact-statement-review,Rights-impact statements before review,synthetic_mechanism,rights_impact_statement,doctrine,criminal_procedure,1372,1372,1567,195,1.000,0.876,0.911,0.817,0.061,0.919,0.731,0.743,0.805,0.262,0.921,0.400,0.651,0.597,2.351,0.619,0.525,0.750,0.299,0.483,0.583,0.583,0.321,0.610,0.660,0.467,0.698,0.747,0.448,0.247,0.172,0.238,0.443,0.167,0.083,0.255,0.038,0.916,0.867,0.634,0.417,0.419,0.359,0.425,0.472,0.533,0.435
rights-threat-surge,Rights-threat surge,Docket contains more laws or actions with high generated rights-risk signals.,rights-impact-statement-review,Rights-impact statements before review,synthetic_mechanism,rights_impact_statement,doctrine,election_law,1349,1349,1542,193,1.000,0.875,0.894,0.814,0.048,0.928,0.801,0.764,0.785,0.226,0.928,0.615,0.881,0.633,2.731,0.711,0.547,0.746,0.318,0.472,0.591,0.587,0.318,0.606,0.652,0.479,0.698,0.756,0.457,0.251,0.168,0.264,0.466,0.179,0.084,0.219,0.035,0.915,0.863,0.640,0.417,0.457,0.360,0.434,0.488,0.538,0.447
rights-threat-surge,Rights-threat surge,Docket contains more laws or actions with high generated rights-risk signals.,rights-impact-statement-review,Rights-impact statements before review,synthetic_mechanism,rights_impact_statement,doctrine,emergency_powers,1348,1348,1924,576,1.000,0.701,0.894,0.741,0.140,0.619,0.403,0.778,0.768,0.286,0.619,0.579,0.816,0.559,1.987,0.581,0.521,0.722,0.291,0.447,0.561,0.554,0.373,0.609,0.630,0.498,0.698,0.745,0.424,0.248,0.148,0.288,0.447,0.175,0.070,0.251,0.046,0.905,0.851,0.644,0.419,0.430,0.384,0.428,0.453,0.542,0.441
rights-threat-surge,Rights-threat surge,Docket contains more laws or actions with high generated rights-risk signals.,rights-impact-statement-review,Rights-impact statements before review,synthetic_mechanism,rights_impact_statement,doctrine,equality,1361,1361,1566,205,1.000,0.869,0.895,0.872,0.057,0.956,0.918,0.810,0.814,0.212,0.976,0.602,0.626,0.576,2.252,0.557,0.492,0.766,0.309,0.509,0.598,0.612,0.299,0.610,0.676,0.455,0.699,0.745,0.456,0.231,0.182,0.204,0.473,0.181,0.097,0.272,0.040,0.915,0.863,0.625,0.416,0.411,0.358,0.422,0.464,0.529,0.431
rights-threat-surge,Rights-threat surge,Docket contains more laws or actions with high generated rights-risk signals.,rights-impact-statement-review,Rights-impact statements before review,synthetic_mechanism,rights_impact_statement,doctrine,federalism,1353,1353,1534,181,1.000,0.882,0.968,0.741,0.047,0.188,0.035,0.735,0.680,0.215,0.193,0.088,0.897,0.661,2.752,0.790,0.615,0.755,0.251,0.456,0.540,0.531,0.359,0.611,0.646,0.504,0.697,0.753,0.454,0.264,0.120,0.285,0.460,0.147,0.053,0.220,0.044,0.897,0.851,0.654,0.420,0.465,0.366,0.437,0.497,0.548,0.454
rights-threat-surge,Rights-threat surge,Docket contains more laws or actions with high generated rights-risk signals.,rights-impact-statement-review,Rights-impact statements before review,synthetic_mechanism,rights_impact_statement,doctrine,speech,1405,1405,1615,210,1.000,0.870,0.905,0.831,0.062,0.913,0.781,0.781,0.831,0.215,0.945,0.512,0.552,0.570,2.231,0.495,0.479,0.757,0.287,0.488,0.589,0.597,0.296,0.613,0.667,0.460,0.699,0.738,0.465,0.241,0.159,0.225,0.472,0.176,0.083,0.290,0.041,0.913,0.858,0.636,0.415,0.402,0.357,0.420,0.461,0.527,0.428
rights-threat-surge,Rights-threat surge,Docket contains more laws or actions with high generated rights-risk signals.,mandatory-legislative-response,Mandatory legislative response cycles,synthetic_mechanism,mandatory_legislative_response,doctrine,administrative_state,1412,1412,1536,124,1.000,0.919,0.969,0.664,0.000,0.097,0.127,0.903,0.710,0.097,0.090,1.000,0.796,0.650,2.710,0.508,0.543,0.763,0.186,0.451,0.546,0.528,0.375,0.627,0.648,0.253,0.615,0.937,0.460,0.220,0.152,0.264,0.499,0.200,0.062,0.302,0.050,0.878,0.865,0.564,0.314,0.494,0.297,0.344,0.429,0.518,0.402
rights-threat-surge,Rights-threat surge,Docket contains more laws or actions with high generated rights-risk signals.,mandatory-legislative-response,Mandatory legislative response cycles,synthetic_mechanism,mandatory_legislative_response,doctrine,criminal_procedure,1372,1372,1494,122,1.000,0.918,0.838,0.698,0.004,0.888,0.898,0.880,0.840,0.128,0.914,1.000,0.651,0.597,2.351,0.619,0.525,0.794,0.224,0.495,0.599,0.586,0.321,0.623,0.658,0.106,0.615,0.950,0.428,0.233,0.192,0.238,0.472,0.185,0.101,0.256,0.041,0.901,0.882,0.555,0.312,0.466,0.293,0.336,0.432,0.527,0.397
rights-threat-surge,Rights-threat surge,Docket contains more laws or actions with high generated rights-risk signals.,mandatory-legislative-response,Mandatory legislative response cycles,synthetic_mechanism,mandatory_legislative_response,doctrine,election_law,1349,1349,1481,132,1.000,0.911,0.794,0.681,0.006,0.947,0.934,0.850,0.744,0.135,0.947,1.000,0.881,0.633,2.731,0.711,0.547,0.789,0.242,0.474,0.603,0.589,0.318,0.619,0.643,0.114,0.614,0.958,0.426,0.242,0.202,0.273,0.436,0.183,0.107,0.206,0.038,0.899,0.879,0.561,0.313,0.504,0.295,0.345,0.450,0.534,0.410
rights-threat-surge,Rights-threat surge,Docket contains more laws or actions with high generated rights-risk signals.,mandatory-legislative-response,Mandatory legislative response cycles,synthetic_mechanism,mandatory_legislative_response,doctrine,emergency_powers,1348,1348,1822,474,1.000,0.740,0.833,0.660,0.023,0.601,0.625,0.886,0.785,0.184,0.601,1.000,0.816,0.559,1.987,0.581,0.521,0.771,0.212,0.467,0.581,0.559,0.373,0.624,0.639,0.166,0.615,0.946,0.428,0.223,0.193,0.283,0.476,0.162,0.102,0.289,0.053,0.889,0.867,0.569,0.314,0.475,0.317,0.340,0.410,0.531,0.401
rights-threat-surge,Rights-threat surge,Docket contains more laws or actions with high generated rights-risk signals.,mandatory-legislative-response,Mandatory legislative response cycles,synthetic_mechanism,mandatory_legislative_response,doctrine,equality,1361,1361,1480,119,1.000,0.920,0.806,0.738,0.007,0.992,0.978,0.880,0.805,0.120,1.000,1.000,0.626,0.576,2.252,0.557,0.492,0.815,0.214,0.518,0.604,0.616,0.299,0.625,0.673,0.079,0.615,0.945,0.447,0.226,0.193,0.216,0.472,0.160,0.088,0.278,0.043,0.897,0.877,0.541,0.311,0.457,0.291,0.334,0.428,0.525,0.394
rights-threat-surge,Rights-threat surge,Docket contains more laws or actions with high generated rights-risk signals.,mandatory-legislative-response,Mandatory legislative response cycles,synthetic_mechanism,mandatory_legislative_response,doctrine,federalism,1353,1353,1463,110,1.000,0.925,0.953,0.674,0.001,0.164,0.168,0.882,0.700,0.136,0.168,1.000,0.897,0.661,2.752,0.790,0.615,0.753,0.231,0.463,0.547,0.534,0.359,0.621,0.642,0.255,0.614,0.961,0.462,0.229,0.152,0.295,0.477,0.135,0.061,0.218,0.049,0.884,0.868,0.572,0.316,0.511,0.300,0.349,0.435,0.523,0.409
rights-threat-surge,Rights-threat surge,Docket contains more laws or actions with high generated rights-risk signals.,mandatory-legislative-response,Mandatory legislative response cycles,synthetic_mechanism,mandatory_legislative_response,doctrine,speech,1405,1405,1535,130,1.000,0.915,0.821,0.708,0.005,0.892,0.917,0.953,0.743,0.088,0.970,1.000,0.552,0.570,2.231,0.495,0.479,0.803,0.205,0.502,0.602,0.600,0.296,0.627,0.665,0.095,0.615,0.939,0.454,0.221,0.185,0.225,0.473,0.181,0.085,0.299,0.046,0.896,0.872,0.557,0.311,0.448,0.291,0.331,0.424,0.522,0.390
emergency-docket-stress,Emergency docket stress,"Higher urgency and executive pressure, meant to stress emergency-review procedures.",current-federal-court,Current-style federal supreme court,court_variant,strong_form_court,doctrine,administrative_state,1369,1369,55930,54561,1.000,0.024,0.701,0.698,0.843,0.346,0.000,0.021,0.340,0.557,0.351,0.000,0.741,0.555,2.658,0.459,0.503,0.492,0.449,0.415,0.524,0.395,0.409,0.598,0.533,0.542,0.643,0.760,0.343,0.345,0.130,0.362,0.324,0.299,0.048,0.213,0.015,0.960,0.894,0.868,0.312,0.700,0.462,0.385,0.424,0.449,0.463
emergency-docket-stress,Emergency docket stress,"Higher urgency and executive pressure, meant to stress emergency-review procedures.",current-federal-court,Current-style federal supreme court,court_variant,strong_form_court,doctrine,criminal_procedure,1406,1406,55534,54128,1.000,0.025,0.636,0.583,0.945,0.854,0.000,0.021,0.351,0.610,0.874,0.000,0.600,0.500,2.312,0.551,0.483,0.438,0.522,0.305,0.518,0.441,0.363,0.593,0.474,0.515,0.644,0.774,0.268,0.373,0.175,0.402,0.268,0.213,0.069,0.132,0.013,0.967,0.907,0.881,0.310,0.670,0.457,0.377,0.407,0.438,0.451
emergency-docket-stress,Emergency docket stress,"Higher urgency and executive pressure, meant to stress emergency-review procedures.",current-federal-court,Current-style federal supreme court,court_variant,strong_form_court,doctrine,election_law,1374,1374,51395,50021,1.000,0.027,0.612,0.545,0.966,0.926,0.000,0.032,0.410,0.616,0.926,0.000,0.845,0.546,2.726,0.663,0.515,0.422,0.552,0.271,0.518,0.444,0.363,0.588,0.452,0.524,0.643,0.786,0.231,0.420,0.187,0.479,0.221,0.234,0.071,0.098,0.013,0.964,0.898,0.869,0.311,0.709,0.457,0.386,0.425,0.444,0.463
emergency-docket-stress,Emergency docket stress,"Higher urgency and executive pressure, meant to stress emergency-review procedures.",current-federal-court,Current-style federal supreme court,court_variant,strong_form_court,doctrine,emergency_powers,1354,1354,52802,51448,1.000,0.026,0.612,0.594,0.975,0.758,0.000,0.032,0.386,0.673,0.758,0.000,0.757,0.445,1.969,0.532,0.484,0.427,0.528,0.314,0.521,0.433,0.414,0.593,0.471,0.528,0.644,0.774,0.273,0.369,0.171,0.434,0.257,0.225,0.071,0.143,0.011,0.964,0.902,0.872,0.309,0.673,0.455,0.377,0.391,0.439,0.448
emergency-docket-stress,Emergency docket stress,"Higher urgency and executive pressure, meant to stress emergency-review procedures.",current-federal-court,Current-style federal supreme court,court_variant,strong_form_court,doctrine,equality,1390,1390,53992,52602,1.000,0.026,0.626,0.577,0.965,0.932,0.000,0.029,0.376,0.565,0.953,0.000,0.595,0.495,2.276,0.500,0.461,0.438,0.525,0.296,0.517,0.462,0.339,0.594,0.472,0.505,0.644,0.771,0.273,0.383,0.181,0.405,0.265,0.236,0.070,0.149,0.014,0.969,0.911,0.879,0.309,0.666,0.454,0.375,0.404,0.434,0.448
emergency-docket-stress,Emergency docket stress,"Higher urgency and executive pressure, meant to stress emergency-review procedures.",current-federal-court,Current-style federal supreme court,court_variant,strong_form_court,doctrine,federalism,1381,1381,54179,52798,1.000,0.025,0.668,0.660,0.867,0.476,0.000,0.017,0.324,0.592,0.481,0.000,0.852,0.567,2.763,0.749,0.577,0.462,0.507,0.380,0.520,0.398,0.392,0.591,0.505,0.545,0.643,0.786,0.297,0.393,0.148,0.405,0.290,0.214,0.072,0.109,0.017,0.961,0.899,0.872,0.313,0.718,0.465,0.390,0.431,0.453,0.470
emergency-docket-stress,Emergency docket stress,"Higher urgency and executive pressure, meant to stress emergency-review procedures.",current-federal-court,Current-style federal supreme court,court_variant,strong_form_court,doctrine,speech,1326,1326,52459,51133,1.000,0.025,0.635,0.590,0.948,0.845,0.000,0.026,0.382,0.600,0.887,0.000,0.516,0.487,2.251,0.446,0.443,0.442,0.506,0.308,0.519,0.451,0.344,0.596,0.480,0.509,0.644,0.765,0.266,0.382,0.164,0.386,0.276,0.204,0.054,0.153,0.014,0.968,0.912,0.880,0.309,0.657,0.454,0.373,0.402,0.433,0.445
emergency-docket-stress,Emergency docket stress,"Higher urgency and executive pressure, meant to stress emergency-review procedures.",eighteen-year-terms,Staggered 18-year nonrenewable terms,court_variant,strong_form_court,doctrine,administrative_state,1369,1369,55930,54561,1.000,0.024,0.717,0.719,0.826,0.261,0.000,0.031,0.356,0.533,0.272,0.000,0.741,0.555,2.658,0.459,0.503,0.511,0.439,0.436,0.525,0.395,0.409,0.598,0.547,0.534,0.643,0.759,0.340,0.324,0.149,0.346,0.337,0.289,0.056,0.218,0.016,0.959,0.891,0.868,0.316,0.700,0.477,0.389,0.426,0.451,0.468
emergency-docket-stress,Emergency docket stress,"Higher urgency and executive pressure, meant to stress emergency-review procedures.",eighteen-year-terms,Staggered 18-year nonrenewable terms,court_variant,strong_form_court,doctrine,criminal_procedure,1406,1406,55534,54128,1.000,0.025,0.641,0.594,0.938,0.817,0.000,0.038,0.409,0.592,0.846,0.000,0.600,0.500,2.312,0.551,0.483,0.447,0.517,0.315,0.519,0.441,0.363,0.593,0.480,0.507,0.644,0.774,0.281,0.365,0.173,0.393,0.286,0.223,0.078,0.144,0.014,0.966,0.905,0.878,0.314,0.670,0.471,0.382,0.409,0.440,0.455
emergency-docket-stress,Emergency docket stress,"Higher urgency and executive pressure, meant to stress emergency-review procedures.",eighteen-year-terms,Staggered 18-year nonrenewable terms,court_variant,strong_form_court,doctrine,election_law,1374,1374,51395,50021,1.000,0.027,0.616,0.557,0.958,0.893,0.000,0.044,0.408,0.622,0.893,0.000,0.845,0.546,2.726,0.663,0.515,0.430,0.546,0.285,0.520,0.444,0.363,0.588,0.459,0.516,0.643,0.785,0.242,0.404,0.165,0.459,0.246,0.227,0.071,0.090,0.013,0.963,0.895,0.869,0.316,0.709,0.472,0.391,0.427,0.446,0.468
emergency-docket-stress,Emergency docket stress,"Higher urgency and executive pressure, meant to stress emergency-review procedures.",eighteen-year-terms,Staggered 18-year nonrenewable terms,court_variant,strong_form_court,doctrine,emergency_powers,1354,1354,52802,51448,1.000,0.026,0.621,0.616,0.970,0.682,0.000,0.040,0.387,0.691,0.682,0.000,0.757,0.445,1.969,0.532,0.484,0.440,0.521,0.338,0.522,0.433,0.414,0.593,0.483,0.520,0.644,0.773,0.284,0.392,0.160,0.414,0.281,0.225,0.069,0.152,0.012,0.964,0.899,0.873,0.314,0.673,0.469,0.382,0.393,0.442,0.453
emergency-docket-stress,Emergency docket stress,"Higher urgency and executive pressure, meant to stress emergency-review procedures.",eighteen-year-terms,Staggered 18-year nonrenewable terms,court_variant,strong_form_court,doctrine,equality,1390,1390,53992,52602,1.000,0.026,0.631,0.586,0.960,0.905,0.000,0.035,0.402,0.598,0.918,0.000,0.595,0.495,2.276,0.500,0.461,0.446,0.522,0.304,0.519,0.462,0.339,0.593,0.477,0.497,0.644,0.771,0.244,0.414,0.161,0.401,0.280,0.227,0.067,0.139,0.014,0.967,0.907,0.878,0.313,0.666,0.469,0.380,0.406,0.437,0.453
emergency-docket-stress,Emergency docket stress,"Higher urgency and executive pressure, meant to stress emergency-review procedures.",eighteen-year-terms,Staggered 18-year nonrenewable terms,court_variant,strong_form_court,doctrine,federalism,1381,1381,54179,52798,1.000,0.025,0.682,0.683,0.853,0.403,0.000,0.030,0.357,0.573,0.406,0.000,0.852,0.567,2.763,0.749,0.577,0.480,0.498,0.404,0.522,0.398,0.392,0.591,0.518,0.537,0.643,0.785,0.308,0.385,0.154,0.405,0.317,0.211,0.063,0.122,0.017,0.960,0.894,0.869,0.318,0.718,0.479,0.395,0.432,0.456,0.474
emergency-docket-stress,Emergency docket stress,"Higher urgency and executive pressure, meant to stress emergency-review procedures.",eighteen-year-terms,Staggered 18-year nonrenewable terms,court_variant,strong_form_court,doctrine,speech,1326,1326,52459,51133,1.000,0.025,0.639,0.597,0.942,0.820,0.000,0.035,0.391,0.611,0.873,0.000,0.516,0.487,2.251,0.446,0.443,0.450,0.503,0.315,0.520,0.451,0.344,0.595,0.484,0.501,0.644,0.765,0.287,0.368,0.170,0.373,0.262,0.229,0.075,0.176,0.015,0.967,0.909,0.880,0.313,0.657,0.469,0.378,0.403,0.436,0.450
emergency-docket-stress,Emergency docket stress,"Higher urgency and executive pressure, meant to stress emergency-review procedures.",fifteen-justice-commission,Fifteen-justice supermajority commission court,court_variant,strong_form_court,doctrine,administrative_state,1369,1369,55935,54566,1.000,0.024,0.878,0.764,0.397,0.052,0.156,0.645,0.545,0.232,0.056,0.032,0.741,0.555,2.658,0.459,0.503,0.664,0.300,0.481,0.543,0.395,0.409,0.607,0.624,0.449,0.643,0.741,0.423,0.267,0.122,0.278,0.417,0.240,0.049,0.297,0.026,0.917,0.853,0.775,0.371,0.700,0.485,0.445,0.426,0.474,0.487
emergency-docket-stress,Emergency docket stress,"Higher urgency and executive pressure, meant to stress emergency-review procedures.",fifteen-justice-commission,Fifteen-justice supermajority commission court,court_variant,strong_form_court,doctrine,criminal_procedure,1406,1406,55539,54133,1.000,0.025,0.770,0.659,0.494,0.637,0.897,0.655,0.601,0.369,0.680,0.144,0.600,0.500,2.312,0.551,0.483,0.593,0.382,0.383,0.547,0.441,0.363,0.602,0.561,0.423,0.644,0.757,0.371,0.299,0.157,0.308,0.358,0.204,0.071,0.228,0.021,0.931,0.871,0.788,0.369,0.670,0.479,0.437,0.409,0.463,0.475
emergency-docket-stress,Emergency docket stress,"Higher urgency and executive pressure, meant to stress emergency-review procedures.",fifteen-justice-commission,Fifteen-justice supermajority commission court,court_variant,strong_form_court,doctrine,election_law,1374,1374,51411,50037,1.000,0.027,0.733,0.660,0.419,0.721,0.857,0.673,0.640,0.354,0.721,0.405,0.845,0.546,2.726,0.663,0.515,0.596,0.396,0.386,0.565,0.444,0.363,0.598,0.557,0.438,0.643,0.766,0.376,0.306,0.161,0.329,0.376,0.190,0.072,0.198,0.020,0.927,0.863,0.776,0.371,0.709,0.480,0.446,0.428,0.469,0.487
emergency-docket-stress,Emergency docket stress,"Higher urgency and executive pressure, meant to stress emergency-review procedures.",fifteen-justice-commission,Fifteen-justice supermajority commission court,court_variant,strong_form_court,doctrine,emergency_powers,1354,1354,52802,51448,1.000,0.026,0.777,0.710,0.420,0.401,0.503,0.693,0.612,0.346,0.401,0.439,0.757,0.445,1.969,0.532,0.484,0.619,0.357,0.438,0.557,0.433,0.414,0.605,0.585,0.439,0.644,0.753,0.403,0.275,0.163,0.292,0.393,0.193,0.078,0.250,0.021,0.927,0.865,0.784,0.369,0.673,0.477,0.437,0.394,0.464,0.472
emergency-docket-stress,Emergency docket stress,"Higher urgency and executive pressure, meant to stress emergency-review procedures.",fifteen-justice-commission,Fifteen-justice supermajority commission court,court_variant,strong_form_court,doctrine,equality,1390,1390,54005,52615,1.000,0.026,0.738,0.666,0.458,0.796,0.952,0.679,0.662,0.310,0.822,0.342,0.595,0.495,2.276,0.500,0.461,0.600,0.386,0.382,0.562,0.462,0.339,0.602,0.562,0.416,0.644,0.754,0.375,0.312,0.169,0.312,0.378,0.206,0.076,0.229,0.020,0.934,0.875,0.783,0.368,0.666,0.476,0.435,0.407,0.459,0.472
emergency-docket-stress,Emergency docket stress,"Higher urgency and executive pressure, meant to stress emergency-review procedures.",fifteen-justice-commission,Fifteen-justice supermajority commission court,court_variant,strong_form_court,doctrine,federalism,1381,1381,54182,52801,1.000,0.025,0.858,0.769,0.397,0.081,0.371,0.635,0.554,0.251,0.084,0.044,0.852,0.567,2.763,0.749,0.577,0.652,0.344,0.489,0.541,0.398,0.392,0.602,0.616,0.453,0.643,0.765,0.410,0.289,0.140,0.298,0.416,0.172,0.063,0.200,0.028,0.921,0.858,0.780,0.373,0.718,0.487,0.450,0.433,0.479,0.494
emergency-docket-stress,Emergency docket stress,"Higher urgency and executive pressure, meant to stress emergency-review procedures.",fifteen-justice-commission,Fifteen-justice supermajority commission court,court_variant,strong_form_court,doctrine,speech,1326,1326,52459,51133,1.000,0.025,0.762,0.676,0.442,0.649,0.886,0.684,0.615,0.345,0.710,0.297,0.516,0.487,2.251,0.446,0.443,0.607,0.359,0.399,0.559,0.451,0.344,0.605,0.573,0.419,0.644,0.747,0.398,0.294,0.148,0.294,0.402,0.185,0.066,0.252,0.021,0.933,0.874,0.781,0.368,0.657,0.477,0.433,0.404,0.459,0.469
emergency-docket-stress,Emergency docket stress,"Higher urgency and executive pressure, meant to stress emergency-review procedures.",supermajority-invalidation,Supermajority required to invalidate laws,court_variant,strong_form_court,doctrine,administrative_state,1369,1369,55939,54570,1.000,0.024,0.877,0.757,0.411,0.089,0.196,0.619,0.484,0.265,0.094,0.032,0.741,0.555,2.658,0.459,0.503,0.634,0.306,0.472,0.536,0.395,0.409,0.606,0.616,0.459,0.642,0.746,0.423,0.267,0.130,0.281,0.431,0.247,0.054,0.303,0.025,0.924,0.862,0.786,0.312,0.700,0.463,0.385,0.424,0.510,0.474
emergency-docket-stress,Emergency docket stress,"Higher urgency and executive pressure, meant to stress emergency-review procedures.",supermajority-invalidation,Supermajority required to invalidate laws,court_variant,strong_form_court,doctrine,criminal_procedure,1406,1406,55545,54139,1.000,0.025,0.776,0.651,0.506,0.661,0.877,0.586,0.529,0.372,0.704,0.144,0.600,0.500,2.312,0.551,0.483,0.567,0.387,0.374,0.539,0.441,0.363,0.600,0.554,0.432,0.643,0.762,0.347,0.312,0.176,0.330,0.377,0.205,0.084,0.196,0.020,0.937,0.879,0.797,0.310,0.670,0.457,0.377,0.407,0.499,0.461
emergency-docket-stress,Emergency docket stress,"Higher urgency and executive pressure, meant to stress emergency-review procedures.",supermajority-invalidation,Supermajority required to invalidate laws,court_variant,strong_form_court,doctrine,election_law,1374,1374,51395,50021,1.000,0.027,0.738,0.646,0.435,0.761,0.849,0.629,0.540,0.349,0.761,0.404,0.845,0.546,2.726,0.663,0.515,0.569,0.403,0.370,0.557,0.444,0.363,0.597,0.547,0.448,0.642,0.771,0.363,0.321,0.175,0.330,0.367,0.205,0.090,0.180,0.019,0.933,0.870,0.786,0.311,0.709,0.458,0.387,0.425,0.505,0.473
emergency-docket-stress,Emergency docket stress,"Higher urgency and executive pressure, meant to stress emergency-review procedures.",supermajority-invalidation,Supermajority required to invalidate laws,court_variant,strong_form_court,doctrine,emergency_powers,1354,1354,52802,51448,1.000,0.026,0.776,0.693,0.440,0.477,0.482,0.660,0.553,0.358,0.477,0.439,0.757,0.445,1.969,0.532,0.484,0.587,0.367,0.415,0.549,0.433,0.414,0.603,0.572,0.448,0.643,0.758,0.379,0.284,0.173,0.322,0.380,0.199,0.069,0.242,0.020,0.932,0.873,0.791,0.309,0.673,0.455,0.378,0.391,0.501,0.459
emergency-docket-stress,Emergency docket stress,"Higher urgency and executive pressure, meant to stress emergency-review procedures.",supermajority-invalidation,Supermajority required to invalidate laws,court_variant,strong_form_court,doctrine,equality,1390,1390,53992,52602,1.000,0.026,0.747,0.661,0.467,0.803,0.924,0.657,0.559,0.319,0.841,0.342,0.595,0.495,2.276,0.500,0.461,0.576,0.389,0.377,0.554,0.462,0.339,0.601,0.557,0.425,0.643,0.758,0.363,0.291,0.188,0.312,0.362,0.212,0.087,0.231,0.020,0.940,0.882,0.791,0.309,0.666,0.454,0.376,0.404,0.496,0.458
emergency-docket-stress,Emergency docket stress,"Higher urgency and executive pressure, meant to stress emergency-review procedures.",supermajority-invalidation,Supermajority required to invalidate laws,court_variant,strong_form_court,doctrine,federalism,1381,1381,54199,52818,1.000,0.025,0.850,0.750,0.421,0.163,0.354,0.601,0.496,0.293,0.167,0.044,0.852,0.567,2.763,0.749,0.577,0.615,0.356,0.466,0.533,0.398,0.392,0.600,0.600,0.462,0.642,0.771,0.417,0.287,0.124,0.314,0.408,0.169,0.057,0.190,0.026,0.928,0.867,0.789,0.313,0.718,0.465,0.390,0.431,0.515,0.480
emergency-docket-stress,Emergency docket stress,"Higher urgency and executive pressure, meant to stress emergency-review procedures.",supermajority-invalidation,Supermajority required to invalidate laws,court_variant,strong_form_court,doctrine,speech,1326,1326,52474,51148,1.000,0.025,0.767,0.667,0.454,0.684,0.851,0.641,0.542,0.335,0.754,0.298,0.516,0.487,2.251,0.446,0.443,0.581,0.364,0.386,0.550,0.451,0.344,0.604,0.565,0.429,0.643,0.752,0.388,0.287,0.176,0.290,0.389,0.192,0.075,0.229,0.021,0.938,0.882,0.794,0.309,0.657,0.455,0.373,0.402,0.495,0.456
emergency-docket-stress,Emergency docket stress,"Higher urgency and executive pressure, meant to stress emergency-review procedures.",strict-recusal-court,Strict recusal with substitute justices,court_variant,strong_form_court,doctrine,administrative_state,1369,1369,55935,54566,1.000,0.024,0.877,0.763,0.391,0.057,0.289,0.670,0.620,0.204,0.062,0.032,0.741,0.555,2.658,0.459,0.503,0.684,0.299,0.482,0.552,0.395,0.409,0.604,0.628,0.448,0.643,0.745,0.457,0.232,0.132,0.253,0.460,0.216,0.061,0.278,0.029,0.907,0.840,0.753,0.371,0.700,0.485,0.444,0.426,0.508,0.493
emergency-docket-stress,Emergency docket stress,"Higher urgency and executive pressure, meant to stress emergency-review procedures.",strict-recusal-court,Strict recusal with substitute justices,court_variant,strong_form_court,doctrine,criminal_procedure,1406,1406,55539,54133,1.000,0.025,0.771,0.659,0.485,0.628,0.882,0.694,0.643,0.337,0.679,0.144,0.600,0.500,2.312,0.551,0.483,0.613,0.378,0.384,0.555,0.441,0.363,0.599,0.565,0.421,0.644,0.760,0.371,0.302,0.155,0.318,0.381,0.192,0.070,0.206,0.023,0.923,0.859,0.766,0.369,0.670,0.480,0.436,0.409,0.497,0.480
emergency-docket-stress,Emergency docket stress,"Higher urgency and executive pressure, meant to stress emergency-review procedures.",strict-recusal-court,Strict recusal with substitute justices,court_variant,strong_form_court,doctrine,election_law,1374,1374,51398,50024,1.000,0.027,0.738,0.665,0.408,0.698,0.838,0.744,0.680,0.313,0.698,0.404,0.845,0.546,2.726,0.663,0.515,0.620,0.391,0.391,0.573,0.444,0.363,0.595,0.563,0.436,0.643,0.769,0.375,0.301,0.173,0.309,0.394,0.196,0.086,0.194,0.023,0.919,0.851,0.756,0.370,0.709,0.480,0.445,0.428,0.503,0.493
emergency-docket-stress,Emergency docket stress,"Higher urgency and executive pressure, meant to stress emergency-review procedures.",strict-recusal-court,Strict recusal with substitute justices,court_variant,strong_form_court,doctrine,emergency_powers,1354,1354,52802,51448,1.000,0.026,0.779,0.706,0.416,0.411,0.447,0.728,0.677,0.325,0.411,0.439,0.757,0.445,1.969,0.532,0.484,0.636,0.354,0.434,0.564,0.433,0.414,0.601,0.587,0.437,0.644,0.756,0.418,0.287,0.122,0.289,0.407,0.185,0.058,0.253,0.024,0.916,0.851,0.759,0.368,0.673,0.478,0.436,0.394,0.498,0.478
emergency-docket-stress,Emergency docket stress,"Higher urgency and executive pressure, meant to stress emergency-review procedures.",strict-recusal-court,Strict recusal with substitute justices,court_variant,strong_form_court,doctrine,equality,1390,1390,53992,52602,1.000,0.026,0.739,0.667,0.450,0.788,0.956,0.735,0.704,0.301,0.810,0.342,0.595,0.495,2.276,0.500,0.461,0.620,0.383,0.384,0.571,0.462,0.339,0.599,0.567,0.414,0.644,0.757,0.401,0.308,0.159,0.282,0.406,0.192,0.070,0.247,0.021,0.925,0.862,0.760,0.368,0.666,0.477,0.435,0.407,0.494,0.478
emergency-docket-stress,Emergency docket stress,"Higher urgency and executive pressure, meant to stress emergency-review procedures.",strict-recusal-court,Strict recusal with substitute justices,court_variant,strong_form_court,doctrine,federalism,1381,1381,54179,52798,1.000,0.025,0.858,0.769,0.392,0.083,0.361,0.671,0.604,0.237,0.083,0.044,0.852,0.567,2.763,0.749,0.577,0.672,0.342,0.489,0.549,0.398,0.392,0.598,0.619,0.451,0.643,0.769,0.426,0.267,0.133,0.285,0.419,0.158,0.063,0.196,0.030,0.912,0.846,0.761,0.372,0.718,0.488,0.449,0.433,0.513,0.499
emergency-docket-stress,Emergency docket stress,"Higher urgency and executive pressure, meant to stress emergency-review procedures.",strict-recusal-court,Strict recusal with substitute justices,court_variant,strong_form_court,doctrine,speech,1326,1326,52468,51142,1.000,0.025,0.766,0.677,0.432,0.638,0.846,0.696,0.673,0.324,0.717,0.298,0.516,0.487,2.251,0.446,0.443,0.628,0.354,0.400,0.566,0.451,0.344,0.602,0.578,0.417,0.644,0.750,0.403,0.269,0.152,0.253,0.416,0.186,0.069,0.259,0.022,0.925,0.861,0.759,0.367,0.657,0.477,0.432,0.404,0.493,0.475
emergency-docket-stress,Emergency docket stress,"Higher urgency and executive pressure, meant to stress emergency-review procedures.",reasoned-emergency-review,Reasoned emergency orders with merits follow-up,court_variant,strong_form_court,doctrine,administrative_state,1369,1369,55996,54627,1.000,0.024,0.974,0.765,0.008,0.083,0.056,0.861,0.661,0.073,0.089,1.000,0.741,0.555,2.658,0.459,0.503,0.759,0.188,0.482,0.559,0.395,0.409,0.617,0.661,0.457,0.643,0.729,0.495,0.200,0.124,0.248,0.475,0.211,0.051,0.348,0.040,0.872,0.860,0.632,0.318,0.700,0.477,0.391,0.426,0.506,0.478
emergency-docket-stress,Emergency docket stress,"Higher urgency and executive pressure, meant to stress emergency-review procedures.",reasoned-emergency-review,Reasoned emergency orders with merits follow-up,court_variant,strong_form_court,doctrine,criminal_procedure,1406,1406,55636,54230,1.000,0.025,0.850,0.717,0.039,0.670,0.627,0.873,0.692,0.139,0.702,1.000,0.600,0.500,2.312,0.551,0.483,0.711,0.279,0.438,0.598,0.441,0.363,0.611,0.620,0.438,0.643,0.746,0.494,0.228,0.174,0.212,0.472,0.198,0.089,0.272,0.029,0.905,0.885,0.647,0.316,0.670,0.471,0.383,0.409,0.495,0.465
emergency-docket-stress,Emergency docket stress,"Higher urgency and executive pressure, meant to stress emergency-review procedures.",reasoned-emergency-review,Reasoned emergency orders with merits follow-up,court_variant,strong_form_court,doctrine,election_law,1374,1374,51468,50094,1.000,0.027,0.797,0.698,0.060,0.759,0.719,0.889,0.719,0.144,0.759,1.000,0.845,0.546,2.726,0.663,0.515,0.694,0.315,0.418,0.606,0.444,0.363,0.605,0.601,0.457,0.643,0.758,0.443,0.252,0.202,0.247,0.441,0.186,0.108,0.236,0.028,0.903,0.876,0.644,0.317,0.709,0.472,0.392,0.427,0.501,0.477
emergency-docket-stress,Emergency docket stress,"Higher urgency and executive pressure, meant to stress emergency-review procedures.",reasoned-emergency-review,Reasoned emergency orders with merits follow-up,court_variant,strong_form_court,doctrine,emergency_powers,1354,1354,52802,51448,1.000,0.026,0.848,0.716,0.075,0.479,0.399,0.891,0.699,0.188,0.479,1.000,0.757,0.445,1.969,0.532,0.484,0.705,0.268,0.441,0.583,0.433,0.414,0.612,0.618,0.451,0.643,0.744,0.435,0.261,0.148,0.260,0.477,0.172,0.063,0.317,0.030,0.892,0.874,0.650,0.315,0.673,0.470,0.383,0.393,0.497,0.463
emergency-docket-stress,Emergency docket stress,"Higher urgency and executive pressure, meant to stress emergency-review procedures.",reasoned-emergency-review,Reasoned emergency orders with merits follow-up,court_variant,strong_form_court,doctrine,equality,1390,1390,54095,52705,1.000,0.026,0.804,0.724,0.059,0.822,0.786,0.875,0.735,0.118,0.837,1.000,0.595,0.495,2.276,0.500,0.461,0.707,0.298,0.437,0.610,0.462,0.339,0.610,0.617,0.431,0.643,0.745,0.468,0.251,0.187,0.213,0.480,0.193,0.096,0.306,0.026,0.908,0.886,0.637,0.315,0.666,0.468,0.381,0.406,0.492,0.462
emergency-docket-stress,Emergency docket stress,"Higher urgency and executive pressure, meant to stress emergency-review procedures.",reasoned-emergency-review,Reasoned emergency orders with merits follow-up,court_variant,strong_form_court,doctrine,federalism,1381,1381,54315,52934,1.000,0.025,0.953,0.765,0.011,0.146,0.099,0.877,0.640,0.106,0.149,1.000,0.852,0.567,2.763,0.749,0.577,0.743,0.237,0.481,0.559,0.398,0.392,0.611,0.649,0.462,0.642,0.754,0.461,0.238,0.146,0.277,0.476,0.144,0.064,0.243,0.038,0.884,0.868,0.647,0.319,0.719,0.479,0.396,0.433,0.511,0.484
emergency-docket-stress,Emergency docket stress,"Higher urgency and executive pressure, meant to stress emergency-review procedures.",reasoned-emergency-review,Reasoned emergency orders with merits follow-up,court_variant,strong_form_court,doctrine,speech,1326,1326,52534,51208,1.000,0.025,0.835,0.721,0.049,0.678,0.636,0.895,0.710,0.124,0.747,1.000,0.516,0.487,2.251,0.446,0.443,0.711,0.267,0.440,0.600,0.451,0.344,0.613,0.623,0.432,0.643,0.738,0.494,0.222,0.162,0.186,0.477,0.164,0.075,0.302,0.027,0.904,0.889,0.647,0.315,0.657,0.469,0.379,0.404,0.491,0.460
emergency-docket-stress,Emergency docket stress,"Higher urgency and executive pressure, meant to stress emergency-review procedures.",panel-en-banc-review,Panel review with en banc safety valve,court_variant,strong_form_court,doctrine,administrative_state,1369,1369,55936,54567,1.000,0.024,0.875,0.765,0.391,0.042,0.178,0.673,0.585,0.207,0.047,0.032,0.741,0.555,2.658,0.459,0.503,0.678,0.298,0.483,0.548,0.395,0.409,0.600,0.627,0.446,0.642,0.744,0.453,0.241,0.129,0.262,0.451,0.216,0.051,0.275,0.028,0.913,0.848,0.767,0.440,0.700,0.519,0.510,0.496,0.499,0.528
emergency-docket-stress,Emergency docket stress,"Higher urgency and executive pressure, meant to stress emergency-review procedures.",panel-en-banc-review,Panel review with en banc safety valve,court_variant,strong_form_court,doctrine,criminal_procedure,1406,1406,55534,54128,1.000,0.025,0.770,0.659,0.490,0.632,0.891,0.666,0.655,0.326,0.672,0.144,0.600,0.500,2.312,0.551,0.483,0.608,0.380,0.385,0.552,0.441,0.363,0.595,0.564,0.420,0.643,0.759,0.346,0.317,0.158,0.324,0.387,0.182,0.070,0.203,0.022,0.928,0.866,0.781,0.433,0.670,0.509,0.497,0.470,0.485,0.511
emergency-docket-stress,Emergency docket stress,"Higher urgency and executive pressure, meant to stress emergency-review procedures.",panel-en-banc-review,Panel review with en banc safety valve,court_variant,strong_form_court,doctrine,election_law,1374,1374,51395,50021,1.000,0.027,0.730,0.663,0.414,0.711,0.856,0.713,0.675,0.322,0.711,0.404,0.845,0.546,2.726,0.663,0.515,0.611,0.394,0.389,0.570,0.444,0.363,0.589,0.559,0.435,0.642,0.769,0.379,0.311,0.162,0.320,0.384,0.210,0.084,0.169,0.021,0.926,0.859,0.772,0.448,0.709,0.521,0.518,0.511,0.500,0.535
emergency-docket-stress,Emergency docket stress,"Higher urgency and executive pressure, meant to stress emergency-review procedures.",panel-en-banc-review,Panel review with en banc safety valve,court_variant,strong_form_court,doctrine,emergency_powers,1354,1354,52802,51448,1.000,0.026,0.776,0.708,0.416,0.400,0.461,0.720,0.659,0.349,0.400,0.439,0.757,0.445,1.969,0.532,0.484,0.631,0.355,0.437,0.561,0.433,0.414,0.596,0.586,0.435,0.643,0.755,0.391,0.304,0.149,0.306,0.405,0.177,0.067,0.252,0.023,0.923,0.860,0.776,0.443,0.673,0.516,0.506,0.471,0.493,0.517
emergency-docket-stress,Emergency docket stress,"Higher urgency and executive pressure, meant to stress emergency-review procedures.",panel-en-banc-review,Panel review with en banc safety valve,court_variant,strong_form_court,doctrine,equality,1390,1390,53996,52606,1.000,0.026,0.737,0.666,0.454,0.791,0.952,0.708,0.662,0.292,0.811,0.343,0.595,0.495,2.276,0.500,0.461,0.614,0.384,0.383,0.567,0.462,0.339,0.595,0.565,0.412,0.643,0.756,0.375,0.298,0.173,0.298,0.400,0.197,0.097,0.222,0.021,0.930,0.868,0.769,0.434,0.666,0.508,0.498,0.472,0.483,0.510
emergency-docket-stress,Emergency docket stress,"Higher urgency and executive pressure, meant to stress emergency-review procedures.",panel-en-banc-review,Panel review with en banc safety valve,court_variant,strong_form_court,doctrine,federalism,1381,1381,54185,52804,1.000,0.025,0.853,0.769,0.394,0.083,0.371,0.654,0.580,0.252,0.084,0.044,0.852,0.567,2.763,0.749,0.577,0.664,0.343,0.489,0.546,0.398,0.392,0.593,0.617,0.449,0.642,0.768,0.435,0.266,0.134,0.269,0.413,0.154,0.056,0.188,0.029,0.919,0.856,0.775,0.448,0.718,0.527,0.521,0.513,0.508,0.540
emergency-docket-stress,Emergency docket stress,"Higher urgency and executive pressure, meant to stress emergency-review procedures.",panel-en-banc-review,Panel review with en banc safety valve,court_variant,strong_form_court,doctrine,speech,1326,1326,52472,51146,1.000,0.025,0.764,0.679,0.435,0.639,0.884,0.677,0.649,0.299,0.722,0.298,0.516,0.487,2.251,0.446,0.443,0.624,0.356,0.402,0.564,0.451,0.344,0.599,0.577,0.416,0.643,0.749,0.392,0.284,0.166,0.268,0.403,0.192,0.080,0.262,0.022,0.930,0.869,0.770,0.430,0.657,0.504,0.492,0.461,0.479,0.504
emergency-docket-stress,Emergency docket stress,"Higher urgency and executive pressure, meant to stress emergency-review procedures.",dual-cross-checking-courts,Dual supreme courts with cross-checking invalidations,court_variant,strong_form_court,doctrine,administrative_state,1369,1369,56259,54890,1.000,0.024,0.989,0.767,0.023,0.028,0.005,0.877,0.694,0.047,0.031,1.000,0.741,0.555,2.658,0.459,0.503,0.770,0.197,0.485,0.556,0.395,0.409,0.588,0.653,0.611,0.639,0.744,0.474,0.213,0.125,0.247,0.548,0.183,0.063,0.359,0.046,0.835,0.815,0.604,0.526,0.700,0.632,0.592,0.553,0.642,0.607
emergency-docket-stress,Emergency docket stress,"Higher urgency and executive pressure, meant to stress emergency-review procedures.",dual-cross-checking-courts,Dual supreme courts with cross-checking invalidations,court_variant,strong_form_court,doctrine,criminal_procedure,1406,1406,55814,54408,1.000,0.025,0.868,0.718,0.059,0.584,0.465,0.865,0.716,0.153,0.628,1.000,0.600,0.500,2.312,0.551,0.483,0.714,0.292,0.444,0.587,0.441,0.363,0.581,0.612,0.587,0.640,0.761,0.477,0.229,0.161,0.240,0.513,0.174,0.075,0.292,0.033,0.863,0.837,0.620,0.524,0.671,0.627,0.584,0.536,0.631,0.594
emergency-docket-stress,Emergency docket stress,"Higher urgency and executive pressure, meant to stress emergency-review procedures.",dual-cross-checking-courts,Dual supreme courts with cross-checking invalidations,court_variant,strong_form_court,doctrine,election_law,1374,1374,51564,50190,1.000,0.027,0.820,0.708,0.079,0.662,0.551,0.866,0.717,0.170,0.662,1.000,0.845,0.546,2.726,0.663,0.515,0.699,0.326,0.431,0.594,0.444,0.363,0.575,0.596,0.602,0.639,0.774,0.463,0.246,0.154,0.252,0.446,0.178,0.086,0.240,0.034,0.865,0.832,0.608,0.526,0.709,0.628,0.593,0.554,0.637,0.607
emergency-docket-stress,Emergency docket stress,"Higher urgency and executive pressure, meant to stress emergency-review procedures.",dual-cross-checking-courts,Dual supreme courts with cross-checking invalidations,court_variant,strong_form_court,doctrine,emergency_powers,1354,1354,52802,51448,1.000,0.026,0.888,0.720,0.099,0.334,0.192,0.863,0.716,0.178,0.334,1.000,0.757,0.445,1.969,0.532,0.484,0.714,0.279,0.451,0.568,0.433,0.414,0.582,0.613,0.599,0.640,0.759,0.464,0.223,0.153,0.248,0.467,0.173,0.072,0.318,0.037,0.855,0.827,0.619,0.525,0.673,0.628,0.585,0.519,0.634,0.593
emergency-docket-stress,Emergency docket stress,"Higher urgency and executive pressure, meant to stress emergency-review procedures.",dual-cross-checking-courts,Dual supreme courts with cross-checking invalidations,court_variant,strong_form_court,doctrine,equality,1390,1390,54263,52873,1.000,0.026,0.817,0.728,0.082,0.761,0.677,0.894,0.751,0.126,0.785,1.000,0.595,0.495,2.276,0.500,0.461,0.710,0.309,0.442,0.603,0.462,0.339,0.580,0.608,0.580,0.640,0.761,0.483,0.227,0.158,0.209,0.480,0.190,0.084,0.316,0.028,0.875,0.845,0.610,0.523,0.666,0.624,0.582,0.533,0.628,0.592
emergency-docket-stress,Emergency docket stress,"Higher urgency and executive pressure, meant to stress emergency-review procedures.",dual-cross-checking-courts,Dual supreme courts with cross-checking invalidations,court_variant,strong_form_court,doctrine,federalism,1381,1381,54406,53025,1.000,0.025,0.978,0.777,0.023,0.039,0.014,0.855,0.689,0.069,0.040,1.000,0.852,0.567,2.763,0.749,0.577,0.759,0.245,0.497,0.553,0.398,0.392,0.582,0.647,0.614,0.639,0.768,0.495,0.233,0.115,0.246,0.524,0.146,0.049,0.266,0.043,0.846,0.823,0.618,0.527,0.719,0.634,0.596,0.559,0.646,0.613
emergency-docket-stress,Emergency docket stress,"Higher urgency and executive pressure, meant to stress emergency-review procedures.",dual-cross-checking-courts,Dual supreme courts with cross-checking invalidations,court_variant,strong_form_court,doctrine,speech,1326,1326,52714,51388,1.000,0.025,0.850,0.721,0.070,0.615,0.503,0.860,0.733,0.160,0.685,1.000,0.516,0.487,2.251,0.446,0.443,0.713,0.282,0.443,0.591,0.451,0.344,0.583,0.613,0.582,0.640,0.753,0.492,0.195,0.172,0.229,0.479,0.193,0.090,0.317,0.030,0.869,0.844,0.615,0.523,0.657,0.625,0.580,0.530,0.627,0.589
emergency-docket-stress,Emergency docket stress,"Higher urgency and executive pressure, meant to stress emergency-review procedures.",constitutional-council,Pre-enactment constitutional council,court_variant,strong_form_court,doctrine,administrative_state,1369,1369,55941,54572,1.000,0.024,0.906,0.767,0.379,0.025,0.043,0.693,0.688,0.210,0.027,0.032,0.741,0.555,2.658,0.459,0.503,0.711,0.293,0.486,0.559,0.395,0.409,0.591,0.620,0.678,0.642,0.751,0.446,0.215,0.133,0.258,0.445,0.208,0.053,0.307,0.032,0.892,0.818,0.736,0.450,0.700,0.546,0.518,0.494,0.584,0.550
emergency-docket-stress,Emergency docket stress,"Higher urgency and executive pressure, meant to stress emergency-review procedures.",constitutional-council,Pre-enactment constitutional council,court_variant,strong_form_court,doctrine,criminal_procedure,1406,1406,55563,54157,1.000,0.025,0.814,0.664,0.472,0.600,0.777,0.739,0.716,0.302,0.638,0.143,0.600,0.500,2.312,0.551,0.483,0.640,0.371,0.392,0.562,0.441,0.363,0.585,0.560,0.651,0.642,0.767,0.370,0.302,0.151,0.322,0.387,0.185,0.063,0.227,0.025,0.908,0.837,0.755,0.448,0.670,0.541,0.510,0.477,0.573,0.538
emergency-docket-stress,Emergency docket stress,"Higher urgency and executive pressure, meant to stress emergency-review procedures.",constitutional-council,Pre-enactment constitutional council,court_variant,strong_form_court,doctrine,election_law,1374,1374,51399,50025,1.000,0.027,0.812,0.668,0.395,0.663,0.707,0.779,0.758,0.311,0.663,0.404,0.845,0.546,2.726,0.663,0.515,0.646,0.381,0.397,0.576,0.444,0.363,0.582,0.561,0.664,0.642,0.775,0.388,0.287,0.162,0.314,0.388,0.200,0.078,0.215,0.025,0.906,0.831,0.744,0.449,0.709,0.541,0.519,0.496,0.579,0.550
emergency-docket-stress,Emergency docket stress,"Higher urgency and executive pressure, meant to stress emergency-review procedures.",constitutional-council,Pre-enactment constitutional council,court_variant,strong_form_court,doctrine,emergency_powers,1354,1354,52802,51448,1.000,0.026,0.848,0.709,0.394,0.319,0.240,0.756,0.734,0.301,0.319,0.439,0.757,0.445,1.969,0.532,0.484,0.669,0.338,0.442,0.564,0.433,0.414,0.589,0.586,0.665,0.642,0.761,0.416,0.261,0.144,0.281,0.427,0.181,0.058,0.268,0.026,0.902,0.830,0.749,0.448,0.673,0.539,0.510,0.462,0.575,0.535
emergency-docket-stress,Emergency docket stress,"Higher urgency and executive pressure, meant to stress emergency-review procedures.",constitutional-council,Pre-enactment constitutional council,court_variant,strong_form_court,doctrine,equality,1390,1390,54007,52617,1.000,0.026,0.807,0.671,0.438,0.766,0.885,0.761,0.773,0.283,0.782,0.343,0.595,0.495,2.276,0.500,0.461,0.646,0.376,0.390,0.577,0.462,0.339,0.586,0.563,0.643,0.642,0.764,0.403,0.301,0.153,0.299,0.381,0.199,0.072,0.262,0.023,0.913,0.844,0.752,0.447,0.666,0.538,0.508,0.475,0.570,0.535
emergency-docket-stress,Emergency docket stress,"Higher urgency and executive pressure, meant to stress emergency-review procedures.",constitutional-council,Pre-enactment constitutional council,court_variant,strong_form_court,doctrine,federalism,1381,1381,54188,52807,1.000,0.025,0.889,0.773,0.378,0.051,0.079,0.692,0.653,0.218,0.052,0.044,0.852,0.567,2.763,0.749,0.577,0.701,0.336,0.494,0.556,0.398,0.392,0.585,0.613,0.681,0.641,0.775,0.423,0.274,0.146,0.282,0.418,0.161,0.067,0.193,0.032,0.898,0.825,0.748,0.452,0.718,0.549,0.523,0.501,0.589,0.557
emergency-docket-stress,Emergency docket stress,"Higher urgency and executive pressure, meant to stress emergency-review procedures.",constitutional-council,Pre-enactment constitutional council,court_variant,strong_form_court,doctrine,speech,1326,1326,52464,51138,1.000,0.025,0.824,0.679,0.422,0.618,0.759,0.764,0.753,0.288,0.684,0.297,0.516,0.487,2.251,0.446,0.443,0.653,0.348,0.404,0.572,0.451,0.344,0.589,0.573,0.647,0.643,0.757,0.428,0.255,0.158,0.265,0.434,0.180,0.063,0.289,0.024,0.909,0.838,0.745,0.447,0.657,0.538,0.507,0.472,0.569,0.533
emergency-docket-stress,Emergency docket stress,"Higher urgency and executive pressure, meant to stress emergency-review procedures.",legislative-override-court,Judicial review with delayed legislative override,court_variant,strong_form_court,doctrine,administrative_state,1369,1369,55937,54568,1.000,0.024,0.861,0.759,0.404,0.082,0.289,0.615,0.542,0.249,0.087,0.032,0.741,0.555,2.658,0.459,0.503,0.653,0.304,0.477,0.542,0.395,0.409,0.603,0.618,0.449,0.643,0.748,0.441,0.243,0.132,0.278,0.449,0.229,0.064,0.295,0.027,0.919,0.856,0.765,0.318,0.700,0.479,0.391,0.426,0.534,0.483
emergency-docket-stress,Emergency docket stress,"Higher urgency and executive pressure, meant to stress emergency-review procedures.",legislative-override-court,Judicial review with delayed legislative override,court_variant,strong_form_court,doctrine,criminal_procedure,1406,1406,55540,54134,1.000,0.025,0.760,0.653,0.498,0.648,0.892,0.654,0.591,0.350,0.683,0.144,0.600,0.500,2.312,0.551,0.483,0.586,0.384,0.380,0.546,0.441,0.363,0.597,0.557,0.422,0.643,0.764,0.366,0.299,0.163,0.330,0.377,0.202,0.067,0.206,0.021,0.932,0.872,0.779,0.316,0.670,0.474,0.383,0.409,0.523,0.470
emergency-docket-stress,Emergency docket stress,"Higher urgency and executive pressure, meant to stress emergency-review procedures.",legislative-override-court,Judicial review with delayed legislative override,court_variant,strong_form_court,doctrine,election_law,1374,1374,51397,50023,1.000,0.027,0.718,0.653,0.425,0.737,0.892,0.661,0.606,0.320,0.737,0.403,0.845,0.546,2.726,0.663,0.515,0.589,0.406,0.387,0.567,0.444,0.363,0.593,0.551,0.435,0.643,0.774,0.364,0.332,0.175,0.320,0.346,0.219,0.087,0.189,0.020,0.931,0.867,0.772,0.317,0.709,0.474,0.392,0.428,0.529,0.483
emergency-docket-stress,Emergency docket stress,"Higher urgency and executive pressure, meant to stress emergency-review procedures.",legislative-override-court,Judicial review with delayed legislative override,court_variant,strong_form_court,doctrine,emergency_powers,1354,1354,52802,51448,1.000,0.026,0.757,0.699,0.429,0.448,0.539,0.694,0.560,0.360,0.448,0.439,0.757,0.445,1.969,0.532,0.484,0.607,0.366,0.431,0.558,0.433,0.414,0.600,0.577,0.438,0.643,0.760,0.400,0.305,0.140,0.300,0.395,0.205,0.064,0.242,0.021,0.927,0.866,0.775,0.316,0.673,0.472,0.383,0.393,0.524,0.468
emergency-docket-stress,Emergency docket stress,"Higher urgency and executive pressure, meant to stress emergency-review procedures.",legislative-override-court,Judicial review with delayed legislative override,court_variant,strong_form_court,doctrine,equality,1390,1390,53992,52602,1.000,0.026,0.725,0.658,0.464,0.814,0.956,0.673,0.610,0.326,0.842,0.342,0.595,0.495,2.276,0.500,0.461,0.592,0.392,0.380,0.562,0.462,0.339,0.597,0.557,0.414,0.643,0.761,0.365,0.296,0.188,0.300,0.381,0.192,0.088,0.216,0.020,0.935,0.877,0.772,0.315,0.666,0.471,0.382,0.407,0.520,0.468
emergency-docket-stress,Emergency docket stress,"Higher urgency and executive pressure, meant to stress emergency-review procedures.",legislative-override-court,Judicial review with delayed legislative override,court_variant,strong_form_court,doctrine,federalism,1381,1381,54179,52798,1.000,0.025,0.838,0.759,0.409,0.127,0.443,0.632,0.539,0.273,0.126,0.044,0.852,0.567,2.763,0.749,0.577,0.639,0.350,0.478,0.539,0.398,0.392,0.597,0.607,0.452,0.642,0.772,0.429,0.251,0.147,0.298,0.416,0.151,0.075,0.193,0.028,0.923,0.861,0.776,0.320,0.718,0.482,0.396,0.433,0.538,0.489
emergency-docket-stress,Emergency docket stress,"Higher urgency and executive pressure, meant to stress emergency-review procedures.",legislative-override-court,Judicial review with delayed legislative override,court_variant,strong_form_court,doctrine,speech,1326,1326,52477,51151,1.000,0.025,0.748,0.666,0.450,0.684,0.872,0.686,0.599,0.329,0.758,0.298,0.516,0.487,2.251,0.446,0.443,0.597,0.364,0.392,0.558,0.451,0.344,0.601,0.566,0.418,0.644,0.754,0.394,0.266,0.175,0.276,0.385,0.189,0.078,0.253,0.021,0.934,0.876,0.770,0.315,0.657,0.471,0.379,0.404,0.518,0.465
emergency-docket-stress,Emergency docket stress,"Higher urgency and executive pressure, meant to stress emergency-review procedures.",accountability-retention-court,Retention-election accountability court,court_variant,strong_form_court,doctrine,administrative_state,1369,1369,55930,54561,1.000,0.024,0.865,0.768,0.389,0.023,0.136,0.646,0.549,0.202,0.027,0.032,0.741,0.555,2.658,0.459,0.503,0.677,0.296,0.487,0.547,0.395,0.409,0.599,0.628,0.428,0.642,0.749,0.449,0.232,0.137,0.267,0.439,0.210,0.058,0.305,0.033,0.886,0.805,0.733,0.330,0.700,0.516,0.402,0.430,0.560,0.498
emergency-docket-stress,Emergency docket stress,"Higher urgency and executive pressure, meant to stress emergency-review procedures.",accountability-retention-court,Retention-election accountability court,court_variant,strong_form_court,doctrine,criminal_procedure,1406,1406,55541,54135,1.000,0.025,0.776,0.675,0.452,0.446,0.739,0.660,0.621,0.317,0.487,0.144,0.600,0.500,2.312,0.551,0.483,0.617,0.361,0.429,0.550,0.441,0.363,0.596,0.579,0.399,0.643,0.763,0.398,0.275,0.148,0.317,0.389,0.154,0.060,0.223,0.027,0.900,0.823,0.745,0.328,0.670,0.511,0.395,0.413,0.550,0.486
emergency-docket-stress,Emergency docket stress,"Higher urgency and executive pressure, meant to stress emergency-review procedures.",accountability-retention-court,Retention-election accountability court,court_variant,strong_form_court,doctrine,election_law,1374,1374,51399,50025,1.000,0.027,0.747,0.679,0.380,0.525,0.674,0.688,0.597,0.310,0.525,0.404,0.845,0.546,2.726,0.663,0.515,0.623,0.379,0.440,0.567,0.444,0.363,0.591,0.577,0.407,0.642,0.773,0.399,0.298,0.145,0.286,0.408,0.184,0.066,0.209,0.026,0.898,0.814,0.737,0.329,0.709,0.510,0.404,0.432,0.556,0.498
emergency-docket-stress,Emergency docket stress,"Higher urgency and executive pressure, meant to stress emergency-review procedures.",accountability-retention-court,Retention-election accountability court,court_variant,strong_form_court,doctrine,emergency_powers,1354,1354,52802,51448,1.000,0.026,0.808,0.717,0.389,0.208,0.234,0.680,0.579,0.292,0.208,0.439,0.757,0.445,1.969,0.532,0.484,0.646,0.336,0.466,0.553,0.433,0.414,0.598,0.602,0.413,0.643,0.759,0.422,0.267,0.133,0.264,0.419,0.166,0.063,0.252,0.028,0.895,0.815,0.740,0.327,0.673,0.508,0.395,0.397,0.551,0.483
emergency-docket-stress,Emergency docket stress,"Higher urgency and executive pressure, meant to stress emergency-review procedures.",accountability-retention-court,Retention-election accountability court,court_variant,strong_form_court,doctrine,equality,1390,1390,53997,52607,1.000,0.026,0.730,0.672,0.430,0.671,0.864,0.684,0.638,0.333,0.701,0.343,0.595,0.495,2.276,0.500,0.461,0.615,0.380,0.417,0.568,0.462,0.339,0.594,0.572,0.386,0.643,0.762,0.388,0.265,0.173,0.272,0.402,0.200,0.081,0.246,0.024,0.905,0.827,0.744,0.327,0.666,0.507,0.393,0.411,0.547,0.483
emergency-docket-stress,Emergency docket stress,"Higher urgency and executive pressure, meant to stress emergency-review procedures.",accountability-retention-court,Retention-election accountability court,court_variant,strong_form_court,doctrine,federalism,1381,1381,54179,52798,1.000,0.025,0.850,0.775,0.387,0.038,0.148,0.637,0.543,0.238,0.040,0.044,0.852,0.567,2.763,0.749,0.577,0.669,0.338,0.497,0.543,0.398,0.392,0.594,0.622,0.431,0.642,0.773,0.402,0.298,0.127,0.304,0.429,0.152,0.058,0.206,0.034,0.895,0.815,0.748,0.331,0.718,0.518,0.407,0.437,0.565,0.505
emergency-docket-stress,Emergency docket stress,"Higher urgency and executive pressure, meant to stress emergency-review procedures.",accountability-retention-court,Retention-election accountability court,court_variant,strong_form_court,doctrine,speech,1326,1326,52464,51138,1.000,0.025,0.763,0.683,0.413,0.508,0.752,0.682,0.592,0.310,0.582,0.297,0.516,0.487,2.251,0.446,0.443,0.626,0.348,0.434,0.562,0.451,0.344,0.598,0.586,0.392,0.643,0.754,0.413,0.273,0.146,0.267,0.410,0.178,0.059,0.278,0.024,0.903,0.826,0.739,0.327,0.657,0.508,0.391,0.408,0.546,0.481
emergency-docket-stress,Emergency docket stress,"Higher urgency and executive pressure, meant to stress emergency-review procedures.",independence-accountability-hybrid,Hybrid court balancing independence and accountability,court_variant,strong_form_court,doctrine,administrative_state,1369,1369,56029,54660,1.000,0.024,0.991,0.768,0.006,0.033,0.012,0.863,0.683,0.049,0.036,1.000,0.741,0.555,2.658,0.459,0.503,0.775,0.182,0.485,0.557,0.395,0.409,0.595,0.667,0.446,0.640,0.743,0.523,0.196,0.118,0.228,0.511,0.188,0.051,0.351,0.048,0.821,0.817,0.596,0.465,0.700,0.519,0.535,0.496,0.654,0.561
emergency-docket-stress,Emergency docket stress,"Higher urgency and executive pressure, meant to stress emergency-review procedures.",independence-accountability-hybrid,Hybrid court balancing independence and accountability,court_variant,strong_form_court,doctrine,criminal_procedure,1406,1406,55625,54219,1.000,0.025,0.879,0.722,0.035,0.592,0.523,0.873,0.744,0.124,0.630,1.000,0.600,0.500,2.312,0.551,0.483,0.725,0.266,0.448,0.592,0.441,0.363,0.590,0.630,0.424,0.641,0.759,0.471,0.216,0.164,0.226,0.484,0.162,0.075,0.303,0.034,0.852,0.842,0.605,0.456,0.670,0.507,0.521,0.467,0.640,0.542
emergency-docket-stress,Emergency docket stress,"Higher urgency and executive pressure, meant to stress emergency-review procedures.",independence-accountability-hybrid,Hybrid court balancing independence and accountability,court_variant,strong_form_court,doctrine,election_law,1374,1374,51471,50097,1.000,0.027,0.833,0.706,0.054,0.677,0.576,0.870,0.773,0.154,0.677,1.000,0.845,0.546,2.726,0.663,0.515,0.708,0.298,0.429,0.596,0.444,0.363,0.582,0.612,0.439,0.640,0.772,0.456,0.248,0.170,0.265,0.488,0.175,0.090,0.260,0.035,0.853,0.836,0.602,0.472,0.709,0.521,0.543,0.510,0.656,0.567
emergency-docket-stress,Emergency docket stress,"Higher urgency and executive pressure, meant to stress emergency-review procedures.",independence-accountability-hybrid,Hybrid court balancing independence and accountability,court_variant,strong_form_court,doctrine,emergency_powers,1354,1354,52802,51448,1.000,0.026,0.898,0.717,0.065,0.369,0.217,0.883,0.704,0.177,0.369,1.000,0.757,0.445,1.969,0.532,0.484,0.723,0.248,0.446,0.570,0.433,0.414,0.590,0.628,0.435,0.641,0.756,0.462,0.248,0.146,0.264,0.482,0.158,0.064,0.313,0.039,0.844,0.833,0.610,0.467,0.673,0.516,0.531,0.470,0.649,0.550
emergency-docket-stress,Emergency docket stress,"Higher urgency and executive pressure, meant to stress emergency-review procedures.",independence-accountability-hybrid,Hybrid court balancing independence and accountability,court_variant,strong_form_court,doctrine,equality,1390,1390,54098,52708,1.000,0.026,0.828,0.728,0.056,0.774,0.724,0.885,0.767,0.115,0.789,1.000,0.595,0.495,2.276,0.500,0.461,0.719,0.290,0.443,0.607,0.462,0.339,0.588,0.624,0.417,0.641,0.759,0.472,0.228,0.163,0.218,0.490,0.185,0.089,0.331,0.030,0.863,0.848,0.604,0.457,0.666,0.506,0.521,0.468,0.638,0.541
emergency-docket-stress,Emergency docket stress,"Higher urgency and executive pressure, meant to stress emergency-review procedures.",independence-accountability-hybrid,Hybrid court balancing independence and accountability,court_variant,strong_form_court,doctrine,federalism,1381,1381,54258,52877,1.000,0.025,0.982,0.774,0.007,0.063,0.023,0.869,0.712,0.075,0.065,1.000,0.852,0.567,2.763,0.749,0.577,0.763,0.226,0.494,0.554,0.398,0.392,0.588,0.660,0.449,0.640,0.767,0.475,0.251,0.122,0.269,0.460,0.140,0.063,0.265,0.044,0.832,0.825,0.601,0.473,0.718,0.527,0.546,0.513,0.663,0.573
emergency-docket-stress,Emergency docket stress,"Higher urgency and executive pressure, meant to stress emergency-review procedures.",independence-accountability-hybrid,Hybrid court balancing independence and accountability,court_variant,strong_form_court,doctrine,speech,1326,1326,52536,51210,1.000,0.025,0.862,0.724,0.046,0.619,0.552,0.880,0.722,0.129,0.699,1.000,0.516,0.487,2.251,0.446,0.443,0.723,0.257,0.446,0.595,0.451,0.344,0.593,0.631,0.419,0.641,0.750,0.489,0.219,0.168,0.211,0.498,0.174,0.082,0.344,0.032,0.853,0.845,0.601,0.451,0.657,0.501,0.514,0.456,0.633,0.534
emergency-docket-stress,Emergency docket stress,"Higher urgency and executive pressure, meant to stress emergency-review procedures.",weak-form-review,Weak-form review with legislative reply,synthetic_mechanism,weak_form_review,doctrine,administrative_state,1369,1369,2626,1257,1.000,0.521,0.898,0.765,0.385,0.033,0.000,0.693,0.617,0.196,0.036,0.032,0.741,0.555,2.658,0.459,0.503,0.695,0.295,0.486,0.554,0.457,0.409,0.627,0.649,0.286,0.677,0.788,0.439,0.247,0.127,0.259,0.465,0.229,0.050,0.335,0.035,0.857,0.768,0.723,0.318,0.428,0.372,0.332,0.387,0.424,0.381
emergency-docket-stress,Emergency docket stress,"Higher urgency and executive pressure, meant to stress emergency-review procedures.",weak-form-review,Weak-form review with legislative reply,synthetic_mechanism,weak_form_review,doctrine,criminal_procedure,1406,1406,2377,971,1.000,0.592,0.817,0.643,0.469,0.557,0.000,0.722,0.698,0.329,0.595,0.144,0.600,0.500,2.312,0.551,0.483,0.639,0.350,0.417,0.569,0.516,0.363,0.623,0.597,0.217,0.677,0.800,0.390,0.265,0.154,0.323,0.381,0.180,0.060,0.223,0.028,0.874,0.788,0.741,0.317,0.394,0.365,0.323,0.375,0.418,0.369
emergency-docket-stress,Emergency docket stress,"Higher urgency and executive pressure, meant to stress emergency-review procedures.",weak-form-review,Weak-form review with legislative reply,synthetic_mechanism,weak_form_review,doctrine,election_law,1374,1374,2613,1239,1.000,0.526,0.818,0.601,0.399,0.650,0.000,0.724,0.683,0.320,0.650,0.404,0.845,0.546,2.726,0.663,0.515,0.647,0.353,0.449,0.609,0.507,0.363,0.620,0.594,0.215,0.676,0.809,0.363,0.287,0.164,0.365,0.389,0.181,0.063,0.193,0.030,0.869,0.780,0.730,0.318,0.441,0.370,0.334,0.400,0.430,0.387
emergency-docket-stress,Emergency docket stress,"Higher urgency and executive pressure, meant to stress emergency-review procedures.",weak-form-review,Weak-form review with legislative reply,synthetic_mechanism,weak_form_review,doctrine,emergency_powers,1354,1354,2560,1206,1.000,0.529,0.849,0.680,0.399,0.318,0.000,0.732,0.705,0.304,0.318,0.439,0.757,0.445,1.969,0.532,0.484,0.669,0.321,0.479,0.586,0.496,0.414,0.626,0.622,0.231,0.677,0.796,0.395,0.270,0.154,0.306,0.437,0.162,0.062,0.273,0.031,0.865,0.780,0.736,0.316,0.403,0.366,0.324,0.362,0.422,0.370
emergency-docket-stress,Emergency docket stress,"Higher urgency and executive pressure, meant to stress emergency-review procedures.",weak-form-review,Weak-form review with legislative reply,synthetic_mechanism,weak_form_review,doctrine,equality,1390,1390,2245,855,1.000,0.619,0.817,0.606,0.439,0.741,0.000,0.744,0.702,0.302,0.773,0.343,0.595,0.495,2.276,0.500,0.461,0.652,0.338,0.430,0.604,0.542,0.339,0.625,0.599,0.169,0.677,0.796,0.366,0.283,0.165,0.352,0.407,0.150,0.061,0.260,0.026,0.873,0.788,0.733,0.316,0.389,0.361,0.321,0.378,0.421,0.369
emergency-docket-stress,Emergency docket stress,"Higher urgency and executive pressure, meant to stress emergency-review procedures.",weak-form-review,Weak-form review with legislative reply,synthetic_mechanism,weak_form_review,doctrine,federalism,1381,1381,2716,1335,1.000,0.508,0.879,0.769,0.386,0.064,0.000,0.670,0.623,0.239,0.066,0.044,0.852,0.567,2.763,0.749,0.577,0.684,0.338,0.495,0.552,0.457,0.392,0.621,0.640,0.290,0.676,0.812,0.441,0.265,0.119,0.295,0.445,0.159,0.056,0.214,0.035,0.867,0.781,0.737,0.320,0.450,0.377,0.337,0.395,0.430,0.390
emergency-docket-stress,Emergency docket stress,"Higher urgency and executive pressure, meant to stress emergency-review procedures.",weak-form-review,Weak-form review with legislative reply,synthetic_mechanism,weak_form_review,doctrine,speech,1326,1326,2026,700,1.000,0.654,0.832,0.631,0.421,0.582,0.000,0.723,0.700,0.291,0.661,0.297,0.516,0.487,2.251,0.446,0.443,0.656,0.319,0.439,0.594,0.536,0.344,0.627,0.610,0.184,0.677,0.789,0.385,0.265,0.133,0.305,0.395,0.180,0.050,0.272,0.026,0.873,0.788,0.733,0.316,0.377,0.359,0.318,0.373,0.416,0.364
emergency-docket-stress,Emergency docket stress,"Higher urgency and executive pressure, meant to stress emergency-review procedures.",suspended-declaration-review,Suspended declarations of invalidity,synthetic_mechanism,suspended_declaration,doctrine,administrative_state,1369,1369,2689,1320,1.000,0.509,0.987,0.768,0.007,0.040,0.046,0.858,0.644,0.063,0.044,1.000,0.741,0.555,2.658,0.459,0.503,0.764,0.186,0.492,0.559,0.454,0.409,0.631,0.673,0.326,0.622,0.845,0.489,0.187,0.138,0.253,0.522,0.198,0.062,0.333,0.042,0.860,0.848,0.599,0.337,0.482,0.377,0.362,0.394,0.468,0.407
emergency-docket-stress,Emergency docket stress,"Higher urgency and executive pressure, meant to stress emergency-review procedures.",suspended-declaration-review,Suspended declarations of invalidity,synthetic_mechanism,suspended_declaration,doctrine,criminal_procedure,1406,1406,2604,1198,1.000,0.540,0.898,0.688,0.038,0.613,0.622,0.865,0.662,0.122,0.654,1.000,0.600,0.500,2.312,0.551,0.483,0.738,0.288,0.528,0.657,0.506,0.363,0.621,0.654,0.210,0.623,0.865,0.523,0.205,0.152,0.193,0.473,0.179,0.072,0.282,0.030,0.890,0.872,0.608,0.335,0.452,0.371,0.354,0.393,0.472,0.399
emergency-docket-stress,Emergency docket stress,"Higher urgency and executive pressure, meant to stress emergency-review procedures.",suspended-declaration-review,Suspended declarations of invalidity,synthetic_mechanism,suspended_declaration,doctrine,election_law,1374,1374,2692,1318,1.000,0.510,0.866,0.672,0.057,0.685,0.695,0.876,0.699,0.143,0.685,1.000,0.845,0.546,2.726,0.663,0.515,0.727,0.322,0.529,0.670,0.503,0.363,0.615,0.642,0.221,0.622,0.877,0.474,0.250,0.155,0.229,0.479,0.186,0.086,0.255,0.030,0.889,0.863,0.603,0.336,0.496,0.375,0.365,0.414,0.481,0.415
emergency-docket-stress,Emergency docket stress,"Higher urgency and executive pressure, meant to stress emergency-review procedures.",suspended-declaration-review,Suspended declarations of invalidity,synthetic_mechanism,suspended_declaration,doctrine,emergency_powers,1354,1354,2656,1302,1.000,0.510,0.905,0.699,0.068,0.375,0.363,0.856,0.691,0.172,0.375,1.000,0.757,0.445,1.969,0.532,0.484,0.730,0.261,0.506,0.613,0.492,0.414,0.624,0.647,0.261,0.623,0.860,0.464,0.239,0.155,0.233,0.470,0.182,0.078,0.301,0.034,0.880,0.862,0.610,0.335,0.458,0.372,0.355,0.372,0.469,0.396
emergency-docket-stress,Emergency docket stress,"Higher urgency and executive pressure, meant to stress emergency-review procedures.",suspended-declaration-review,Suspended declarations of invalidity,synthetic_mechanism,suspended_declaration,doctrine,equality,1390,1390,2494,1104,1.000,0.557,0.870,0.688,0.059,0.777,0.790,0.884,0.720,0.130,0.792,1.000,0.595,0.495,2.276,0.500,0.461,0.742,0.312,0.542,0.687,0.532,0.339,0.619,0.657,0.173,0.623,0.865,0.506,0.212,0.190,0.193,0.475,0.197,0.099,0.304,0.027,0.897,0.874,0.610,0.334,0.447,0.368,0.353,0.395,0.473,0.398
emergency-docket-stress,Emergency docket stress,"Higher urgency and executive pressure, meant to stress emergency-review procedures.",suspended-declaration-review,Suspended declarations of invalidity,synthetic_mechanism,suspended_declaration,doctrine,federalism,1381,1381,2735,1354,1.000,0.505,0.975,0.770,0.009,0.075,0.079,0.850,0.642,0.078,0.075,1.000,0.852,0.567,2.763,0.749,0.577,0.754,0.232,0.507,0.562,0.457,0.392,0.624,0.666,0.326,0.622,0.869,0.488,0.228,0.114,0.252,0.495,0.148,0.051,0.259,0.041,0.868,0.854,0.603,0.339,0.503,0.381,0.368,0.403,0.474,0.415
emergency-docket-stress,Emergency docket stress,"Higher urgency and executive pressure, meant to stress emergency-review procedures.",suspended-declaration-review,Suspended declarations of invalidity,synthetic_mechanism,suspended_declaration,doctrine,speech,1326,1326,2294,968,1.000,0.578,0.889,0.690,0.049,0.634,0.642,0.875,0.691,0.142,0.711,1.000,0.516,0.487,2.251,0.446,0.443,0.739,0.278,0.524,0.662,0.524,0.344,0.623,0.658,0.195,0.623,0.857,0.507,0.213,0.174,0.187,0.492,0.166,0.099,0.339,0.029,0.888,0.873,0.602,0.334,0.435,0.366,0.350,0.388,0.467,0.393
emergency-docket-stress,Emergency docket stress,"Higher urgency and executive pressure, meant to stress emergency-review procedures.",override-clause-review,Strong-form review with explicit override clause,synthetic_mechanism,legislative_override_clause,doctrine,administrative_state,1369,1369,11404,10035,1.000,0.120,0.874,0.762,0.395,0.059,0.244,0.673,0.574,0.221,0.066,0.032,0.741,0.555,2.658,0.459,0.503,0.671,0.299,0.481,0.547,0.406,0.409,0.612,0.623,0.408,0.631,0.889,0.445,0.257,0.115,0.262,0.447,0.213,0.045,0.282,0.029,0.906,0.841,0.748,0.318,0.590,0.419,0.367,0.408,0.499,0.440
emergency-docket-stress,Emergency docket stress,"Higher urgency and executive pressure, meant to stress emergency-review procedures.",override-clause-review,Strong-form review with explicit override clause,synthetic_mechanism,legislative_override_clause,doctrine,criminal_procedure,1406,1406,11518,10112,1.000,0.122,0.773,0.661,0.487,0.614,0.901,0.671,0.634,0.356,0.657,0.144,0.600,0.500,2.312,0.551,0.483,0.609,0.369,0.389,0.551,0.452,0.363,0.607,0.565,0.369,0.631,0.904,0.372,0.292,0.168,0.312,0.368,0.198,0.075,0.226,0.023,0.922,0.861,0.766,0.316,0.561,0.414,0.360,0.394,0.490,0.428
emergency-docket-stress,Emergency docket stress,"Higher urgency and executive pressure, meant to stress emergency-review procedures.",override-clause-review,Strong-form review with explicit override clause,synthetic_mechanism,legislative_override_clause,doctrine,election_law,1374,1374,10907,9533,1.000,0.126,0.741,0.663,0.414,0.705,0.863,0.737,0.640,0.314,0.705,0.404,0.845,0.546,2.726,0.663,0.515,0.626,0.368,0.388,0.568,0.456,0.363,0.605,0.566,0.357,0.631,0.911,0.354,0.315,0.185,0.327,0.383,0.170,0.088,0.210,0.023,0.920,0.855,0.759,0.318,0.601,0.416,0.369,0.417,0.501,0.443
emergency-docket-stress,Emergency docket stress,"Higher urgency and executive pressure, meant to stress emergency-review procedures.",override-clause-review,Strong-form review with explicit override clause,synthetic_mechanism,legislative_override_clause,doctrine,emergency_powers,1354,1354,10940,9586,1.000,0.124,0.782,0.705,0.419,0.403,0.474,0.696,0.628,0.345,0.403,0.439,0.757,0.445,1.969,0.532,0.484,0.638,0.340,0.436,0.560,0.444,0.414,0.610,0.589,0.373,0.631,0.899,0.402,0.275,0.151,0.304,0.419,0.185,0.075,0.271,0.024,0.917,0.855,0.758,0.316,0.564,0.412,0.360,0.380,0.494,0.427
emergency-docket-stress,Emergency docket stress,"Higher urgency and executive pressure, meant to stress emergency-review procedures.",override-clause-review,Strong-form review with explicit override clause,synthetic_mechanism,legislative_override_clause,doctrine,equality,1390,1390,11282,9892,1.000,0.123,0.743,0.666,0.454,0.790,0.950,0.685,0.658,0.317,0.815,0.343,0.595,0.495,2.276,0.500,0.461,0.625,0.361,0.382,0.566,0.474,0.339,0.608,0.569,0.339,0.631,0.900,0.383,0.309,0.176,0.307,0.383,0.176,0.072,0.226,0.021,0.925,0.865,0.763,0.315,0.557,0.412,0.358,0.395,0.491,0.427
emergency-docket-stress,Emergency docket stress,"Higher urgency and executive pressure, meant to stress emergency-review procedures.",override-clause-review,Strong-form review with explicit override clause,synthetic_mechanism,legislative_override_clause,doctrine,federalism,1381,1381,11224,9843,1.000,0.123,0.851,0.763,0.400,0.106,0.387,0.649,0.588,0.257,0.108,0.044,0.852,0.567,2.763,0.749,0.577,0.656,0.345,0.482,0.544,0.410,0.392,0.606,0.612,0.411,0.630,0.914,0.414,0.287,0.140,0.306,0.401,0.161,0.061,0.196,0.030,0.914,0.849,0.761,0.320,0.609,0.422,0.372,0.416,0.504,0.447
emergency-docket-stress,Emergency docket stress,"Higher urgency and executive pressure, meant to stress emergency-review procedures.",override-clause-review,Strong-form review with explicit override clause,synthetic_mechanism,legislative_override_clause,doctrine,speech,1326,1326,10923,9597,1.000,0.121,0.763,0.672,0.443,0.667,0.876,0.692,0.616,0.320,0.729,0.297,0.516,0.487,2.251,0.446,0.443,0.626,0.342,0.394,0.562,0.463,0.344,0.611,0.576,0.351,0.632,0.894,0.394,0.275,0.167,0.285,0.403,0.188,0.072,0.238,0.022,0.923,0.862,0.761,0.315,0.548,0.412,0.356,0.391,0.488,0.424
emergency-docket-stress,Emergency docket stress,"Higher urgency and executive pressure, meant to stress emergency-review procedures.",pre-enactment-review,Pre-enactment review before laws take effect,synthetic_mechanism,pre_enactment_review,doctrine,administrative_state,1369,1369,2727,1358,1.000,0.502,0.909,0.782,0.379,0.022,0.000,0.697,0.679,0.205,0.026,0.032,0.741,0.555,2.658,0.459,0.503,0.711,0.293,0.486,0.557,0.452,0.409,0.606,0.627,0.567,0.579,0.858,0.465,0.240,0.109,0.252,0.451,0.223,0.050,0.318,0.034,0.886,0.812,0.724,0.450,0.434,0.440,0.459,0.456,0.541,0.461
emergency-docket-stress,Emergency docket stress,"Higher urgency and executive pressure, meant to stress emergency-review procedures.",pre-enactment-review,Pre-enactment review before laws take effect,synthetic_mechanism,pre_enactment_review,doctrine,criminal_procedure,1406,1406,2699,1293,1.000,0.521,0.821,0.695,0.466,0.557,0.723,0.720,0.728,0.310,0.599,0.144,0.600,0.500,2.312,0.551,0.483,0.645,0.367,0.402,0.560,0.502,0.363,0.601,0.573,0.539,0.579,0.873,0.401,0.293,0.152,0.294,0.391,0.178,0.055,0.231,0.027,0.902,0.828,0.735,0.448,0.411,0.435,0.453,0.441,0.534,0.451
emergency-docket-stress,Emergency docket stress,"Higher urgency and executive pressure, meant to stress emergency-review procedures.",pre-enactment-review,Pre-enactment review before laws take effect,synthetic_mechanism,pre_enactment_review,doctrine,election_law,1374,1374,2726,1352,1.000,0.504,0.820,0.710,0.389,0.625,0.669,0.769,0.736,0.304,0.625,0.404,0.845,0.546,2.726,0.663,0.515,0.653,0.376,0.407,0.573,0.502,0.363,0.597,0.576,0.556,0.578,0.882,0.394,0.295,0.165,0.331,0.429,0.179,0.074,0.224,0.027,0.901,0.823,0.729,0.449,0.460,0.438,0.465,0.461,0.545,0.467
emergency-docket-stress,Emergency docket stress,"Higher urgency and executive pressure, meant to stress emergency-review procedures.",pre-enactment-review,Pre-enactment review before laws take effect,synthetic_mechanism,pre_enactment_review,doctrine,emergency_powers,1354,1354,2685,1331,1.000,0.504,0.855,0.748,0.391,0.292,0.222,0.781,0.742,0.320,0.292,0.439,0.757,0.445,1.969,0.532,0.484,0.675,0.336,0.447,0.562,0.491,0.414,0.604,0.599,0.557,0.579,0.869,0.443,0.259,0.135,0.275,0.432,0.157,0.058,0.255,0.029,0.895,0.822,0.732,0.448,0.423,0.434,0.455,0.425,0.540,0.452
emergency-docket-stress,Emergency docket stress,"Higher urgency and executive pressure, meant to stress emergency-review procedures.",pre-enactment-review,Pre-enactment review before laws take effect,synthetic_mechanism,pre_enactment_review,doctrine,equality,1390,1390,2602,1212,1.000,0.534,0.811,0.710,0.436,0.747,0.884,0.756,0.735,0.304,0.774,0.342,0.595,0.495,2.276,0.500,0.461,0.650,0.374,0.394,0.575,0.527,0.339,0.600,0.576,0.530,0.579,0.871,0.389,0.294,0.169,0.312,0.399,0.197,0.071,0.269,0.024,0.907,0.835,0.733,0.447,0.412,0.431,0.453,0.437,0.534,0.450
emergency-docket-stress,Emergency docket stress,"Higher urgency and executive pressure, meant to stress emergency-review procedures.",pre-enactment-review,Pre-enactment review before laws take effect,synthetic_mechanism,pre_enactment_review,doctrine,federalism,1381,1381,2756,1375,1.000,0.501,0.892,0.789,0.378,0.044,0.111,0.729,0.670,0.214,0.044,0.044,0.852,0.567,2.763,0.749,0.577,0.700,0.336,0.495,0.554,0.456,0.392,0.601,0.619,0.571,0.578,0.882,0.444,0.267,0.122,0.282,0.463,0.151,0.051,0.206,0.034,0.893,0.819,0.735,0.452,0.455,0.444,0.465,0.468,0.546,0.470
emergency-docket-stress,Emergency docket stress,"Higher urgency and executive pressure, meant to stress emergency-review procedures.",pre-enactment-review,Pre-enactment review before laws take effect,synthetic_mechanism,pre_enactment_review,doctrine,speech,1326,1326,2402,1076,1.000,0.552,0.830,0.715,0.418,0.590,0.737,0.740,0.734,0.318,0.663,0.297,0.516,0.487,2.251,0.446,0.443,0.657,0.345,0.409,0.570,0.519,0.344,0.604,0.586,0.529,0.580,0.864,0.414,0.253,0.151,0.253,0.422,0.195,0.063,0.269,0.024,0.905,0.832,0.727,0.447,0.398,0.430,0.449,0.433,0.531,0.446
emergency-docket-stress,Emergency docket stress,"Higher urgency and executive pressure, meant to stress emergency-review procedures.",abstract-review-tribunal,Abstract review tribunal,synthetic_mechanism,abstract_review,doctrine,administrative_state,1369,1369,2694,1325,1.000,0.508,0.986,0.780,0.025,0.048,0.020,0.848,0.648,0.061,0.053,1.000,0.741,0.555,2.658,0.459,0.503,0.762,0.189,0.484,0.554,0.454,0.409,0.616,0.665,0.367,0.563,0.916,0.528,0.185,0.116,0.232,0.510,0.192,0.041,0.343,0.042,0.855,0.843,0.611,0.442,0.468,0.410,0.460,0.461,0.549,0.463
emergency-docket-stress,Emergency docket stress,"Higher urgency and executive pressure, meant to stress emergency-review procedures.",abstract-review-tribunal,Abstract review tribunal,synthetic_mechanism,abstract_review,doctrine,criminal_procedure,1406,1406,2727,1321,1.000,0.516,0.861,0.745,0.065,0.655,0.583,0.859,0.722,0.113,0.692,1.000,0.600,0.500,2.312,0.551,0.483,0.712,0.282,0.440,0.593,0.501,0.363,0.610,0.626,0.347,0.564,0.933,0.464,0.227,0.184,0.220,0.469,0.175,0.088,0.272,0.031,0.884,0.865,0.623,0.433,0.446,0.399,0.448,0.435,0.538,0.447
emergency-docket-stress,Emergency docket stress,"Higher urgency and executive pressure, meant to stress emergency-review procedures.",abstract-review-tribunal,Abstract review tribunal,synthetic_mechanism,abstract_review,doctrine,election_law,1374,1374,2706,1332,1.000,0.508,0.813,0.736,0.085,0.733,0.641,0.870,0.740,0.161,0.733,1.000,0.845,0.546,2.726,0.663,0.515,0.697,0.315,0.420,0.598,0.503,0.363,0.601,0.608,0.366,0.563,0.947,0.459,0.258,0.167,0.254,0.472,0.195,0.087,0.263,0.030,0.886,0.860,0.614,0.449,0.494,0.416,0.473,0.480,0.558,0.476
emergency-docket-stress,Emergency docket stress,"Higher urgency and executive pressure, meant to stress emergency-review procedures.",abstract-review-tribunal,Abstract review tribunal,synthetic_mechanism,abstract_review,doctrine,emergency_powers,1354,1354,2703,1349,1.000,0.501,0.870,0.752,0.109,0.431,0.294,0.853,0.691,0.209,0.431,1.000,0.757,0.445,1.969,0.532,0.484,0.709,0.268,0.443,0.573,0.490,0.414,0.609,0.625,0.361,0.563,0.932,0.460,0.239,0.148,0.264,0.472,0.173,0.075,0.306,0.032,0.875,0.855,0.617,0.445,0.457,0.412,0.461,0.437,0.552,0.457
emergency-docket-stress,Emergency docket stress,"Higher urgency and executive pressure, meant to stress emergency-review procedures.",abstract-review-tribunal,Abstract review tribunal,synthetic_mechanism,abstract_review,doctrine,equality,1390,1390,2659,1269,1.000,0.523,0.812,0.762,0.086,0.811,0.767,0.867,0.748,0.135,0.834,1.000,0.595,0.495,2.276,0.500,0.461,0.709,0.304,0.438,0.607,0.524,0.339,0.607,0.624,0.340,0.564,0.933,0.476,0.218,0.194,0.203,0.494,0.176,0.103,0.303,0.027,0.892,0.869,0.612,0.434,0.447,0.399,0.449,0.434,0.539,0.448
emergency-docket-stress,Emergency docket stress,"Higher urgency and executive pressure, meant to stress emergency-review procedures.",abstract-review-tribunal,Abstract review tribunal,synthetic_mechanism,abstract_review,doctrine,federalism,1381,1381,2715,1334,1.000,0.509,0.970,0.784,0.027,0.091,0.038,0.852,0.642,0.083,0.092,1.000,0.852,0.567,2.763,0.749,0.577,0.747,0.235,0.489,0.552,0.457,0.392,0.609,0.656,0.371,0.563,0.940,0.476,0.224,0.130,0.282,0.504,0.144,0.059,0.235,0.039,0.865,0.850,0.613,0.450,0.489,0.420,0.472,0.483,0.558,0.476
emergency-docket-stress,Emergency docket stress,"Higher urgency and executive pressure, meant to stress emergency-review procedures.",abstract-review-tribunal,Abstract review tribunal,synthetic_mechanism,abstract_review,doctrine,speech,1326,1326,2497,1171,1.000,0.531,0.844,0.753,0.076,0.671,0.612,0.849,0.705,0.141,0.742,1.000,0.516,0.487,2.251,0.446,0.443,0.713,0.272,0.440,0.597,0.515,0.344,0.612,0.629,0.340,0.564,0.925,0.499,0.229,0.152,0.198,0.502,0.182,0.078,0.317,0.028,0.886,0.870,0.614,0.429,0.434,0.393,0.442,0.421,0.533,0.439
emergency-docket-stress,Emergency docket stress,"Higher urgency and executive pressure, meant to stress emergency-review procedures.",ombudsman-triggered-review,Ombudsman-triggered constitutional review,synthetic_mechanism,ombudsman_triggered_review,doctrine,administrative_state,1369,1369,148786,147417,1.000,0.009,0.879,0.762,0.391,0.064,0.283,0.685,0.623,0.210,0.070,0.032,0.741,0.555,2.658,0.459,0.503,0.687,0.299,0.481,0.553,0.393,0.409,0.599,0.617,0.534,0.603,0.798,0.451,0.253,0.132,0.267,0.435,0.229,0.056,0.286,0.026,0.916,0.852,0.766,0.338,0.871,0.524,0.448,0.448,0.502,0.529
emergency-docket-stress,Emergency docket stress,"Higher urgency and executive pressure, meant to stress emergency-review procedures.",ombudsman-triggered-review,Ombudsman-triggered constitutional review,synthetic_mechanism,ombudsman_triggered_review,doctrine,criminal_procedure,1406,1406,138028,136622,1.000,0.010,0.770,0.652,0.494,0.676,0.921,0.687,0.683,0.322,0.713,0.144,0.600,0.500,2.312,0.551,0.483,0.616,0.384,0.376,0.557,0.439,0.363,0.592,0.551,0.511,0.603,0.815,0.351,0.304,0.179,0.317,0.372,0.193,0.073,0.205,0.021,0.931,0.872,0.783,0.339,0.858,0.516,0.448,0.432,0.498,0.522
emergency-docket-stress,Emergency docket stress,"Higher urgency and executive pressure, meant to stress emergency-review procedures.",ombudsman-triggered-review,Ombudsman-triggered constitutional review,synthetic_mechanism,ombudsman_triggered_review,doctrine,election_law,1374,1374,128711,127337,1.000,0.011,0.734,0.655,0.417,0.748,0.878,0.738,0.714,0.336,0.748,0.404,0.845,0.546,2.726,0.663,0.515,0.620,0.397,0.381,0.575,0.442,0.363,0.589,0.548,0.527,0.602,0.825,0.373,0.314,0.174,0.319,0.389,0.189,0.082,0.178,0.020,0.927,0.864,0.767,0.340,0.899,0.517,0.457,0.451,0.505,0.535
emergency-docket-stress,Emergency docket stress,"Higher urgency and executive pressure, meant to stress emergency-review procedures.",ombudsman-triggered-review,Ombudsman-triggered constitutional review,synthetic_mechanism,ombudsman_triggered_review,doctrine,emergency_powers,1354,1354,135007,133653,1.000,0.010,0.772,0.706,0.420,0.445,0.558,0.715,0.674,0.343,0.445,0.439,0.757,0.445,1.969,0.532,0.484,0.641,0.360,0.435,0.569,0.431,0.414,0.595,0.576,0.527,0.603,0.811,0.404,0.291,0.152,0.284,0.407,0.203,0.071,0.234,0.022,0.926,0.865,0.773,0.338,0.859,0.515,0.447,0.416,0.499,0.519
emergency-docket-stress,Emergency docket stress,"Higher urgency and executive pressure, meant to stress emergency-review procedures.",ombudsman-triggered-review,Ombudsman-triggered constitutional review,synthetic_mechanism,ombudsman_triggered_review,doctrine,equality,1390,1390,130366,128976,1.000,0.011,0.739,0.659,0.456,0.824,0.958,0.723,0.716,0.300,0.842,0.343,0.595,0.495,2.276,0.500,0.461,0.622,0.387,0.375,0.572,0.460,0.339,0.592,0.553,0.506,0.603,0.813,0.370,0.295,0.176,0.324,0.390,0.201,0.085,0.227,0.020,0.934,0.876,0.773,0.340,0.863,0.512,0.450,0.430,0.499,0.522
emergency-docket-stress,Emergency docket stress,"Higher urgency and executive pressure, meant to stress emergency-review procedures.",ombudsman-triggered-review,Ombudsman-triggered constitutional review,synthetic_mechanism,ombudsman_triggered_review,doctrine,federalism,1381,1381,144875,143494,1.000,0.010,0.857,0.765,0.394,0.102,0.365,0.690,0.628,0.262,0.103,0.044,0.852,0.567,2.763,0.749,0.577,0.675,0.344,0.486,0.550,0.397,0.392,0.594,0.608,0.538,0.602,0.822,0.418,0.274,0.140,0.301,0.435,0.154,0.067,0.203,0.028,0.921,0.859,0.774,0.339,0.889,0.527,0.453,0.455,0.506,0.536
emergency-docket-stress,Emergency docket stress,"Higher urgency and executive pressure, meant to stress emergency-review procedures.",ombudsman-triggered-review,Ombudsman-triggered constitutional review,synthetic_mechanism,ombudsman_triggered_review,doctrine,speech,1326,1326,129478,128152,1.000,0.010,0.759,0.668,0.445,0.701,0.931,0.718,0.689,0.296,0.763,0.297,0.516,0.487,2.251,0.446,0.443,0.628,0.363,0.389,0.570,0.449,0.344,0.595,0.562,0.509,0.603,0.806,0.397,0.285,0.159,0.274,0.408,0.186,0.060,0.266,0.021,0.934,0.875,0.773,0.339,0.849,0.513,0.446,0.427,0.496,0.518
emergency-docket-stress,Emergency docket stress,"Higher urgency and executive pressure, meant to stress emergency-review procedures.",constitutional-public-defender,Constitutional public defender access model,synthetic_mechanism,constitutional_public_defender,doctrine,administrative_state,1369,1369,162295,160926,1.000,0.008,0.976,0.779,0.008,0.071,0.047,0.850,0.644,0.076,0.079,1.000,0.741,0.555,2.658,0.459,0.503,0.759,0.186,0.484,0.555,0.393,0.409,0.607,0.658,0.523,0.631,0.755,0.500,0.205,0.134,0.238,0.503,0.221,0.055,0.345,0.039,0.872,0.859,0.623,0.339,0.858,0.527,0.447,0.447,0.537,0.533
emergency-docket-stress,Emergency docket stress,"Higher urgency and executive pressure, meant to stress emergency-review procedures.",constitutional-public-defender,Constitutional public defender access model,synthetic_mechanism,constitutional_public_defender,doctrine,criminal_procedure,1406,1406,151176,149770,1.000,0.009,0.846,0.767,0.040,0.687,0.652,0.860,0.721,0.107,0.718,1.000,0.600,0.500,2.312,0.551,0.483,0.716,0.281,0.442,0.597,0.439,0.363,0.599,0.623,0.507,0.631,0.773,0.445,0.242,0.191,0.233,0.486,0.164,0.100,0.293,0.030,0.900,0.882,0.636,0.341,0.839,0.518,0.445,0.431,0.534,0.525
emergency-docket-stress,Emergency docket stress,"Higher urgency and executive pressure, meant to stress emergency-review procedures.",constitutional-public-defender,Constitutional public defender access model,synthetic_mechanism,constitutional_public_defender,doctrine,election_law,1374,1374,142309,140935,1.000,0.010,0.799,0.740,0.059,0.740,0.709,0.856,0.711,0.155,0.740,1.000,0.845,0.546,2.726,0.663,0.515,0.699,0.312,0.427,0.602,0.442,0.363,0.594,0.604,0.523,0.630,0.785,0.445,0.244,0.190,0.255,0.443,0.215,0.095,0.212,0.027,0.903,0.877,0.629,0.341,0.873,0.520,0.452,0.449,0.537,0.536
emergency-docket-stress,Emergency docket stress,"Higher urgency and executive pressure, meant to stress emergency-review procedures.",constitutional-public-defender,Constitutional public defender access model,synthetic_mechanism,constitutional_public_defender,doctrine,emergency_powers,1354,1354,148346,146992,1.000,0.009,0.850,0.753,0.074,0.459,0.398,0.851,0.676,0.191,0.459,1.000,0.757,0.445,1.969,0.532,0.484,0.711,0.266,0.451,0.580,0.431,0.414,0.602,0.620,0.517,0.631,0.770,0.453,0.233,0.164,0.237,0.468,0.194,0.070,0.313,0.031,0.893,0.875,0.640,0.339,0.836,0.519,0.443,0.414,0.532,0.521
emergency-docket-stress,Emergency docket stress,"Higher urgency and executive pressure, meant to stress emergency-review procedures.",constitutional-public-defender,Constitutional public defender access model,synthetic_mechanism,constitutional_public_defender,doctrine,equality,1390,1390,143797,142407,1.000,0.010,0.801,0.782,0.060,0.830,0.807,0.852,0.710,0.115,0.846,1.000,0.595,0.495,2.276,0.500,0.461,0.713,0.300,0.437,0.609,0.460,0.339,0.598,0.621,0.500,0.631,0.773,0.447,0.229,0.214,0.229,0.477,0.204,0.101,0.301,0.025,0.907,0.886,0.628,0.341,0.837,0.515,0.446,0.429,0.534,0.524
emergency-docket-stress,Emergency docket stress,"Higher urgency and executive pressure, meant to stress emergency-review procedures.",constitutional-public-defender,Constitutional public defender access model,synthetic_mechanism,constitutional_public_defender,doctrine,federalism,1381,1381,158488,157107,1.000,0.009,0.959,0.780,0.010,0.107,0.080,0.858,0.628,0.086,0.109,1.000,0.852,0.567,2.763,0.749,0.577,0.746,0.232,0.492,0.554,0.396,0.392,0.602,0.648,0.527,0.630,0.779,0.472,0.224,0.149,0.269,0.484,0.152,0.076,0.217,0.038,0.883,0.867,0.630,0.340,0.874,0.530,0.451,0.454,0.540,0.539
emergency-docket-stress,Emergency docket stress,"Higher urgency and executive pressure, meant to stress emergency-review procedures.",constitutional-public-defender,Constitutional public defender access model,synthetic_mechanism,constitutional_public_defender,doctrine,speech,1326,1326,142671,141345,1.000,0.009,0.828,0.767,0.051,0.709,0.677,0.858,0.699,0.113,0.769,1.000,0.516,0.487,2.251,0.446,0.443,0.714,0.272,0.439,0.600,0.449,0.344,0.601,0.624,0.502,0.631,0.765,0.466,0.238,0.170,0.207,0.472,0.212,0.086,0.303,0.026,0.906,0.890,0.631,0.340,0.825,0.516,0.442,0.426,0.530,0.520
emergency-docket-stress,Emergency docket stress,"Higher urgency and executive pressure, meant to stress emergency-review procedures.",rights-impact-statement-review,Rights-impact statements before review,synthetic_mechanism,rights_impact_statement,doctrine,administrative_state,1369,1369,2719,1350,1.000,0.503,0.908,0.830,0.377,0.027,0.022,0.709,0.692,0.216,0.030,0.032,0.741,0.555,2.658,0.459,0.503,0.728,0.293,0.486,0.561,0.453,0.409,0.605,0.648,0.559,0.697,0.735,0.458,0.234,0.118,0.245,0.464,0.218,0.050,0.320,0.037,0.870,0.786,0.708,0.424,0.458,0.440,0.439,0.458,0.560,0.463
emergency-docket-stress,Emergency docket stress,"Higher urgency and executive pressure, meant to stress emergency-review procedures.",rights-impact-statement-review,Rights-impact statements before review,synthetic_mechanism,rights_impact_statement,doctrine,criminal_procedure,1406,1406,2663,1257,1.000,0.528,0.825,0.742,0.454,0.513,0.713,0.733,0.723,0.323,0.562,0.144,0.600,0.500,2.312,0.551,0.483,0.664,0.361,0.410,0.563,0.504,0.363,0.600,0.598,0.529,0.698,0.749,0.417,0.277,0.147,0.295,0.395,0.159,0.058,0.225,0.029,0.885,0.803,0.721,0.422,0.428,0.435,0.431,0.443,0.549,0.451
emergency-docket-stress,Emergency docket stress,"Higher urgency and executive pressure, meant to stress emergency-review procedures.",rights-impact-statement-review,Rights-impact statements before review,synthetic_mechanism,rights_impact_statement,doctrine,election_law,1374,1374,2725,1351,1.000,0.504,0.824,0.746,0.380,0.586,0.629,0.779,0.773,0.307,0.586,0.404,0.845,0.546,2.726,0.663,0.515,0.670,0.370,0.414,0.575,0.502,0.363,0.597,0.598,0.545,0.697,0.758,0.421,0.275,0.158,0.296,0.433,0.174,0.071,0.221,0.029,0.884,0.798,0.708,0.423,0.472,0.438,0.441,0.462,0.556,0.466
emergency-docket-stress,Emergency docket stress,"Higher urgency and executive pressure, meant to stress emergency-review procedures.",rights-impact-statement-review,Rights-impact statements before review,synthetic_mechanism,rights_impact_statement,doctrine,emergency_powers,1354,1354,2676,1322,1.000,0.506,0.859,0.778,0.384,0.270,0.183,0.773,0.750,0.292,0.270,0.439,0.757,0.445,1.969,0.532,0.484,0.691,0.332,0.451,0.564,0.491,0.414,0.603,0.619,0.546,0.698,0.744,0.426,0.270,0.134,0.299,0.434,0.156,0.056,0.267,0.032,0.878,0.796,0.713,0.422,0.434,0.434,0.431,0.426,0.551,0.449
emergency-docket-stress,Emergency docket stress,"Higher urgency and executive pressure, meant to stress emergency-review procedures.",rights-impact-statement-review,Rights-impact statements before review,synthetic_mechanism,rights_impact_statement,doctrine,equality,1390,1390,2573,1183,1.000,0.540,0.813,0.749,0.427,0.716,0.840,0.764,0.772,0.299,0.744,0.342,0.595,0.495,2.276,0.500,0.461,0.667,0.369,0.399,0.577,0.528,0.339,0.600,0.598,0.519,0.698,0.747,0.427,0.263,0.161,0.260,0.424,0.170,0.070,0.243,0.026,0.893,0.814,0.713,0.421,0.423,0.432,0.429,0.438,0.545,0.448
emergency-docket-stress,Emergency docket stress,"Higher urgency and executive pressure, meant to stress emergency-review procedures.",rights-impact-statement-review,Rights-impact statements before review,synthetic_mechanism,rights_impact_statement,doctrine,federalism,1381,1381,2757,1376,1.000,0.501,0.892,0.837,0.376,0.046,0.049,0.709,0.690,0.205,0.047,0.044,0.852,0.567,2.763,0.749,0.577,0.718,0.335,0.495,0.557,0.456,0.392,0.599,0.641,0.563,0.697,0.759,0.458,0.235,0.130,0.256,0.452,0.130,0.055,0.216,0.037,0.877,0.793,0.718,0.426,0.479,0.445,0.444,0.470,0.565,0.472
emergency-docket-stress,Emergency docket stress,"Higher urgency and executive pressure, meant to stress emergency-review procedures.",rights-impact-statement-review,Rights-impact statements before review,synthetic_mechanism,rights_impact_statement,doctrine,speech,1326,1326,2375,1049,1.000,0.558,0.833,0.752,0.410,0.563,0.704,0.768,0.766,0.319,0.632,0.297,0.516,0.487,2.251,0.446,0.443,0.675,0.341,0.412,0.572,0.520,0.344,0.604,0.607,0.519,0.698,0.740,0.388,0.296,0.152,0.265,0.459,0.184,0.061,0.299,0.026,0.888,0.806,0.710,0.421,0.412,0.430,0.426,0.434,0.544,0.444
emergency-docket-stress,Emergency docket stress,"Higher urgency and executive pressure, meant to stress emergency-review procedures.",mandatory-legislative-response,Mandatory legislative response cycles,synthetic_mechanism,mandatory_legislative_response,doctrine,administrative_state,1369,1369,2705,1336,1.000,0.506,0.993,0.769,0.005,0.018,0.020,0.870,0.701,0.034,0.020,1.000,0.741,0.555,2.658,0.459,0.503,0.782,0.180,0.489,0.558,0.453,0.409,0.625,0.674,0.339,0.614,0.930,0.535,0.168,0.115,0.217,0.516,0.191,0.046,0.364,0.058,0.745,0.783,0.452,0.320,0.505,0.378,0.350,0.396,0.531,0.418
emergency-docket-stress,Emergency docket stress,"Higher urgency and executive pressure, meant to stress emergency-review procedures.",mandatory-legislative-response,Mandatory legislative response cycles,synthetic_mechanism,mandatory_legislative_response,doctrine,criminal_procedure,1406,1406,2681,1275,1.000,0.524,0.890,0.691,0.033,0.504,0.523,0.873,0.715,0.107,0.552,1.000,0.600,0.500,2.312,0.551,0.483,0.763,0.216,0.468,0.594,0.503,0.363,0.622,0.648,0.234,0.615,0.941,0.497,0.211,0.154,0.191,0.512,0.171,0.087,0.295,0.044,0.773,0.804,0.465,0.318,0.476,0.373,0.343,0.393,0.534,0.411
emergency-docket-stress,Emergency docket stress,"Higher urgency and executive pressure, meant to stress emergency-review procedures.",mandatory-legislative-response,Mandatory legislative response cycles,synthetic_mechanism,mandatory_legislative_response,doctrine,election_law,1374,1374,2705,1331,1.000,0.508,0.845,0.678,0.050,0.584,0.603,0.885,0.765,0.147,0.584,1.000,0.845,0.546,2.726,0.663,0.515,0.754,0.248,0.462,0.602,0.503,0.363,0.616,0.633,0.240,0.614,0.953,0.470,0.216,0.189,0.229,0.486,0.164,0.092,0.287,0.047,0.782,0.803,0.464,0.320,0.519,0.377,0.353,0.415,0.543,0.426
emergency-docket-stress,Emergency docket stress,"Higher urgency and executive pressure, meant to stress emergency-review procedures.",mandatory-legislative-response,Mandatory legislative response cycles,synthetic_mechanism,mandatory_legislative_response,doctrine,emergency_powers,1354,1354,2685,1331,1.000,0.504,0.912,0.716,0.056,0.256,0.258,0.888,0.717,0.148,0.256,1.000,0.757,0.445,1.969,0.532,0.484,0.759,0.213,0.476,0.574,0.491,0.414,0.623,0.650,0.279,0.615,0.939,0.492,0.210,0.151,0.209,0.509,0.150,0.081,0.338,0.048,0.765,0.795,0.465,0.318,0.481,0.374,0.344,0.372,0.531,0.408
emergency-docket-stress,Emergency docket stress,"Higher urgency and executive pressure, meant to stress emergency-review procedures.",mandatory-legislative-response,Mandatory legislative response cycles,synthetic_mechanism,mandatory_legislative_response,doctrine,equality,1390,1390,2593,1203,1.000,0.536,0.840,0.682,0.054,0.719,0.735,0.882,0.755,0.142,0.747,1.000,0.595,0.495,2.276,0.500,0.461,0.768,0.224,0.461,0.611,0.527,0.339,0.621,0.643,0.193,0.615,0.939,0.486,0.197,0.191,0.179,0.501,0.174,0.112,0.324,0.038,0.792,0.815,0.462,0.317,0.471,0.371,0.341,0.396,0.536,0.410
emergency-docket-stress,Emergency docket stress,"Higher urgency and executive pressure, meant to stress emergency-review procedures.",mandatory-legislative-response,Mandatory legislative response cycles,synthetic_mechanism,mandatory_legislative_response,doctrine,federalism,1381,1381,2733,1352,1.000,0.505,0.985,0.777,0.006,0.035,0.039,0.870,0.680,0.051,0.035,1.000,0.852,0.567,2.763,0.749,0.577,0.774,0.221,0.501,0.555,0.457,0.392,0.619,0.669,0.340,0.614,0.954,0.492,0.221,0.119,0.255,0.530,0.127,0.047,0.293,0.054,0.757,0.788,0.462,0.322,0.526,0.382,0.356,0.404,0.537,0.426
emergency-docket-stress,Emergency docket stress,"Higher urgency and executive pressure, meant to stress emergency-review procedures.",mandatory-legislative-response,Mandatory legislative response cycles,synthetic_mechanism,mandatory_legislative_response,doctrine,speech,1326,1326,2388,1062,1.000,0.555,0.870,0.691,0.043,0.556,0.570,0.872,0.720,0.129,0.638,1.000,0.516,0.487,2.251,0.446,0.443,0.764,0.207,0.467,0.599,0.520,0.344,0.624,0.649,0.216,0.615,0.933,0.516,0.193,0.155,0.183,0.517,0.163,0.075,0.347,0.040,0.776,0.811,0.457,0.317,0.459,0.369,0.338,0.389,0.530,0.405
low-trust-conflict,Low-trust conflict,Lower public trust and higher legislature-court conflict.,current-federal-court,Current-style federal supreme court,court_variant,strong_form_court,doctrine,administrative_state,1381,1381,60168,58787,1.000,0.023,0.863,0.730,0.306,0.346,0.110,0.024,0.346,0.514,0.353,0.000,0.852,0.665,2.713,0.525,0.582,0.559,0.291,0.424,0.474,0.383,0.395,0.592,0.579,0.548,0.627,0.785,0.379,0.273,0.140,0.327,0.377,0.257,0.054,0.247,0.010,0.983,0.922,0.830,0.309,0.723,0.424,0.388,0.454,0.446,0.464
low-trust-conflict,Low-trust conflict,Lower public trust and higher legislature-court conflict.,current-federal-court,Current-style federal supreme court,court_variant,strong_form_court,doctrine,criminal_procedure,1361,1361,57212,55851,1.000,0.024,0.772,0.661,0.361,0.822,0.661,0.022,0.345,0.549,0.848,0.000,0.712,0.609,2.402,0.627,0.567,0.514,0.371,0.390,0.493,0.428,0.342,0.586,0.540,0.526,0.627,0.802,0.333,0.322,0.166,0.337,0.348,0.198,0.071,0.161,0.008,0.989,0.929,0.840,0.307,0.695,0.419,0.381,0.438,0.435,0.452
low-trust-conflict,Low-trust conflict,Lower public trust and higher legislature-court conflict.,current-federal-court,Current-style federal supreme court,court_variant,strong_form_court,doctrine,election_law,1329,1329,52888,51559,1.000,0.025,0.738,0.639,0.363,0.902,0.719,0.045,0.364,0.549,0.902,0.000,0.921,0.645,2.702,0.719,0.584,0.503,0.396,0.367,0.498,0.432,0.346,0.582,0.524,0.540,0.627,0.811,0.314,0.336,0.165,0.388,0.322,0.213,0.068,0.131,0.007,0.991,0.929,0.837,0.308,0.724,0.418,0.388,0.452,0.439,0.461
low-trust-conflict,Low-trust conflict,Lower public trust and higher legislature-court conflict.,current-federal-court,Current-style federal supreme court,court_variant,strong_form_court,doctrine,emergency_powers,1393,1393,56369,54976,1.000,0.025,0.720,0.646,0.579,0.703,0.415,0.033,0.373,0.619,0.703,0.000,0.863,0.573,1.969,0.590,0.560,0.469,0.410,0.365,0.478,0.421,0.393,0.582,0.514,0.535,0.627,0.805,0.314,0.351,0.154,0.383,0.332,0.204,0.067,0.149,0.006,0.990,0.932,0.840,0.309,0.692,0.434,0.381,0.418,0.441,0.453
low-trust-conflict,Low-trust conflict,Lower public trust and higher legislature-court conflict.,current-federal-court,Current-style federal supreme court,court_variant,strong_form_court,doctrine,equality,1361,1361,56205,54844,1.000,0.024,0.746,0.661,0.361,0.915,0.812,0.025,0.374,0.527,0.951,0.000,0.698,0.599,2.322,0.569,0.527,0.517,0.377,0.387,0.501,0.452,0.324,0.587,0.539,0.518,0.627,0.798,0.333,0.328,0.177,0.329,0.344,0.206,0.078,0.170,0.008,0.990,0.931,0.841,0.306,0.686,0.414,0.378,0.434,0.430,0.448
low-trust-conflict,Low-trust conflict,Lower public trust and higher legislature-court conflict.,current-federal-court,Current-style federal supreme court,court_variant,strong_form_court,doctrine,federalism,1331,1331,56129,54798,1.000,0.024,0.855,0.732,0.284,0.431,0.112,0.014,0.324,0.508,0.441,0.000,0.939,0.680,2.776,0.815,0.658,0.552,0.328,0.426,0.471,0.387,0.374,0.587,0.573,0.552,0.626,0.808,0.350,0.329,0.145,0.382,0.358,0.199,0.068,0.139,0.010,0.984,0.919,0.828,0.311,0.738,0.424,0.393,0.462,0.450,0.470
low-trust-conflict,Low-trust conflict,Lower public trust and higher legislature-court conflict.,current-federal-court,Current-style federal supreme court,court_variant,strong_form_court,doctrine,speech,1444,1444,61160,59716,1.000,0.024,0.769,0.666,0.350,0.877,0.634,0.015,0.372,0.556,0.901,0.000,0.614,0.588,2.249,0.508,0.521,0.521,0.354,0.392,0.497,0.443,0.327,0.590,0.546,0.518,0.627,0.791,0.351,0.310,0.179,0.322,0.339,0.199,0.074,0.231,0.008,0.989,0.931,0.838,0.306,0.676,0.414,0.376,0.430,0.429,0.445
low-trust-conflict,Low-trust conflict,Lower public trust and higher legislature-court conflict.,eighteen-year-terms,Staggered 18-year nonrenewable terms,court_variant,strong_form_court,doctrine,administrative_state,1381,1381,60216,58835,1.000,0.023,0.876,0.738,0.292,0.271,0.090,0.024,0.323,0.492,0.278,0.000,0.852,0.665,2.713,0.525,0.582,0.572,0.284,0.432,0.475,0.383,0.395,0.592,0.587,0.540,0.627,0.785,0.365,0.292,0.168,0.351,0.378,0.266,0.067,0.223,0.011,0.982,0.919,0.827,0.314,0.723,0.438,0.393,0.456,0.449,0.469
low-trust-conflict,Low-trust conflict,Lower public trust and higher legislature-court conflict.,eighteen-year-terms,Staggered 18-year nonrenewable terms,court_variant,strong_form_court,doctrine,criminal_procedure,1361,1361,57299,55938,1.000,0.024,0.782,0.666,0.352,0.808,0.613,0.038,0.393,0.556,0.840,0.000,0.712,0.609,2.402,0.627,0.567,0.523,0.365,0.394,0.493,0.428,0.342,0.586,0.545,0.518,0.628,0.801,0.330,0.336,0.180,0.345,0.352,0.222,0.081,0.145,0.009,0.987,0.925,0.828,0.312,0.695,0.433,0.385,0.440,0.438,0.457
low-trust-conflict,Low-trust conflict,Lower public trust and higher legislature-court conflict.,eighteen-year-terms,Staggered 18-year nonrenewable terms,court_variant,strong_form_court,doctrine,election_law,1329,1329,52943,51614,1.000,0.025,0.747,0.648,0.354,0.885,0.680,0.041,0.413,0.569,0.885,0.000,0.921,0.645,2.702,0.719,0.584,0.512,0.390,0.375,0.499,0.432,0.346,0.582,0.530,0.530,0.627,0.810,0.327,0.336,0.166,0.375,0.332,0.198,0.070,0.135,0.007,0.990,0.924,0.825,0.312,0.725,0.431,0.392,0.454,0.441,0.466
low-trust-conflict,Low-trust conflict,Lower public trust and higher legislature-court conflict.,eighteen-year-terms,Staggered 18-year nonrenewable terms,court_variant,strong_form_court,doctrine,emergency_powers,1393,1393,56407,55014,1.000,0.025,0.732,0.657,0.564,0.643,0.396,0.030,0.354,0.630,0.643,0.000,0.863,0.573,1.969,0.590,0.560,0.481,0.402,0.380,0.479,0.421,0.393,0.582,0.523,0.526,0.628,0.804,0.312,0.340,0.159,0.395,0.314,0.197,0.067,0.172,0.007,0.989,0.927,0.835,0.313,0.692,0.448,0.385,0.420,0.443,0.457
low-trust-conflict,Low-trust conflict,Lower public trust and higher legislature-court conflict.,eighteen-year-terms,Staggered 18-year nonrenewable terms,court_variant,strong_form_court,doctrine,equality,1361,1361,56179,54818,1.000,0.024,0.751,0.662,0.362,0.918,0.779,0.039,0.405,0.529,0.947,0.000,0.698,0.599,2.322,0.569,0.527,0.522,0.375,0.388,0.501,0.452,0.324,0.586,0.541,0.509,0.628,0.798,0.358,0.315,0.181,0.312,0.318,0.200,0.082,0.176,0.008,0.989,0.928,0.834,0.311,0.686,0.429,0.383,0.436,0.433,0.453
low-trust-conflict,Low-trust conflict,Lower public trust and higher legislature-court conflict.,eighteen-year-terms,Staggered 18-year nonrenewable terms,court_variant,strong_form_court,doctrine,federalism,1331,1331,56197,54866,1.000,0.024,0.873,0.752,0.259,0.297,0.098,0.025,0.330,0.548,0.302,0.000,0.939,0.680,2.776,0.815,0.658,0.571,0.316,0.442,0.472,0.387,0.374,0.587,0.585,0.543,0.627,0.807,0.343,0.321,0.151,0.362,0.385,0.158,0.074,0.151,0.012,0.982,0.914,0.825,0.315,0.738,0.437,0.397,0.464,0.452,0.474
low-trust-conflict,Low-trust conflict,Lower public trust and higher legislature-court conflict.,eighteen-year-terms,Staggered 18-year nonrenewable terms,court_variant,strong_form_court,doctrine,speech,1444,1444,61176,59732,1.000,0.024,0.775,0.673,0.343,0.824,0.620,0.043,0.430,0.580,0.861,0.000,0.614,0.588,2.249,0.508,0.521,0.529,0.349,0.401,0.498,0.443,0.327,0.589,0.552,0.510,0.628,0.791,0.346,0.303,0.182,0.308,0.360,0.187,0.092,0.204,0.009,0.987,0.928,0.832,0.310,0.676,0.429,0.380,0.431,0.432,0.450
low-trust-conflict,Low-trust conflict,Lower public trust and higher legislature-court conflict.,fifteen-justice-commission,Fifteen-justice supermajority commission court,court_variant,strong_form_court,doctrine,administrative_state,1381,1381,62292,60911,1.000,0.022,0.969,0.761,0.044,0.074,0.041,0.629,0.554,0.257,0.071,0.029,0.852,0.665,2.713,0.525,0.582,0.677,0.204,0.448,0.491,0.383,0.395,0.596,0.634,0.454,0.627,0.775,0.458,0.233,0.124,0.290,0.450,0.229,0.057,0.277,0.016,0.960,0.904,0.736,0.366,0.725,0.425,0.447,0.463,0.466,0.484
low-trust-conflict,Low-trust conflict,Lower public trust and higher legislature-court conflict.,fifteen-justice-commission,Fifteen-justice supermajority commission court,court_variant,strong_form_court,doctrine,criminal_procedure,1361,1361,59193,57832,1.000,0.023,0.857,0.715,0.060,0.630,0.598,0.635,0.569,0.320,0.685,0.099,0.712,0.609,2.402,0.627,0.567,0.631,0.286,0.444,0.524,0.428,0.342,0.591,0.602,0.435,0.628,0.792,0.418,0.249,0.170,0.265,0.411,0.170,0.084,0.224,0.014,0.972,0.912,0.741,0.364,0.697,0.420,0.439,0.446,0.455,0.472
low-trust-conflict,Low-trust conflict,Lower public trust and higher legislature-court conflict.,fifteen-justice-commission,Fifteen-justice supermajority commission court,court_variant,strong_form_court,doctrine,election_law,1329,1329,54292,52963,1.000,0.024,0.817,0.707,0.056,0.732,0.664,0.679,0.653,0.274,0.732,0.337,0.921,0.645,2.702,0.719,0.584,0.622,0.311,0.432,0.532,0.432,0.346,0.586,0.589,0.449,0.627,0.801,0.409,0.274,0.169,0.298,0.409,0.194,0.097,0.198,0.011,0.974,0.907,0.742,0.365,0.726,0.419,0.446,0.460,0.459,0.481
low-trust-conflict,Low-trust conflict,Lower public trust and higher legislature-court conflict.,fifteen-justice-commission,Fifteen-justice supermajority commission court,court_variant,strong_form_court,doctrine,emergency_powers,1393,1393,57872,56479,1.000,0.024,0.857,0.725,0.142,0.391,0.368,0.675,0.568,0.312,0.391,0.415,0.863,0.573,1.969,0.590,0.560,0.625,0.279,0.442,0.508,0.421,0.393,0.591,0.601,0.444,0.628,0.789,0.398,0.262,0.164,0.299,0.415,0.187,0.076,0.215,0.011,0.972,0.912,0.743,0.366,0.694,0.439,0.440,0.426,0.461,0.473
low-trust-conflict,Low-trust conflict,Lower public trust and higher legislature-court conflict.,fifteen-justice-commission,Fifteen-justice supermajority commission court,court_variant,strong_form_court,doctrine,equality,1361,1361,57958,56597,1.000,0.023,0.815,0.718,0.053,0.800,0.772,0.697,0.606,0.309,0.869,0.326,0.698,0.599,2.322,0.569,0.527,0.632,0.300,0.441,0.538,0.451,0.324,0.590,0.599,0.427,0.628,0.790,0.418,0.274,0.180,0.257,0.420,0.195,0.096,0.229,0.012,0.976,0.915,0.747,0.363,0.688,0.416,0.437,0.442,0.451,0.468
low-trust-conflict,Low-trust conflict,Lower public trust and higher legislature-court conflict.,fifteen-justice-commission,Fifteen-justice supermajority commission court,court_variant,strong_form_court,doctrine,federalism,1331,1331,57658,56327,1.000,0.023,0.958,0.776,0.043,0.078,0.057,0.605,0.557,0.204,0.075,0.030,0.939,0.680,2.776,0.815,0.658,0.669,0.246,0.462,0.489,0.387,0.374,0.591,0.631,0.458,0.627,0.799,0.446,0.254,0.131,0.309,0.426,0.164,0.065,0.182,0.017,0.962,0.897,0.731,0.368,0.740,0.427,0.451,0.469,0.471,0.490
low-trust-conflict,Low-trust conflict,Lower public trust and higher legislature-court conflict.,fifteen-justice-commission,Fifteen-justice supermajority commission court,court_variant,strong_form_court,doctrine,speech,1444,1444,63120,61676,1.000,0.023,0.846,0.720,0.054,0.722,0.609,0.686,0.644,0.330,0.743,0.289,0.614,0.588,2.249,0.508,0.521,0.636,0.273,0.446,0.530,0.443,0.327,0.593,0.607,0.427,0.628,0.782,0.422,0.258,0.157,0.260,0.436,0.157,0.068,0.227,0.012,0.971,0.911,0.740,0.363,0.678,0.417,0.434,0.438,0.449,0.465
low-trust-conflict,Low-trust conflict,Lower public trust and higher legislature-court conflict.,supermajority-invalidation,Supermajority required to invalidate laws,court_variant,strong_form_court,doctrine,administrative_state,1381,1381,62255,60874,1.000,0.022,0.973,0.761,0.047,0.065,0.034,0.634,0.516,0.199,0.067,0.043,0.852,0.665,2.713,0.525,0.582,0.654,0.205,0.447,0.483,0.383,0.395,0.595,0.631,0.464,0.626,0.779,0.445,0.238,0.132,0.295,0.445,0.214,0.056,0.282,0.017,0.959,0.900,0.731,0.307,0.725,0.404,0.387,0.460,0.503,0.471
low-trust-conflict,Low-trust conflict,Lower public trust and higher legislature-court conflict.,supermajority-invalidation,Supermajority required to invalidate laws,court_variant,strong_form_court,doctrine,criminal_procedure,1361,1361,59170,57809,1.000,0.023,0.876,0.715,0.062,0.641,0.534,0.549,0.429,0.293,0.674,0.103,0.712,0.609,2.402,0.627,0.567,0.611,0.280,0.442,0.512,0.428,0.342,0.590,0.601,0.443,0.627,0.794,0.381,0.300,0.160,0.287,0.427,0.165,0.091,0.221,0.014,0.971,0.909,0.743,0.305,0.697,0.398,0.380,0.444,0.491,0.459
low-trust-conflict,Low-trust conflict,Lower public trust and higher legislature-court conflict.,supermajority-invalidation,Supermajority required to invalidate laws,court_variant,strong_form_court,doctrine,election_law,1329,1329,54362,53033,1.000,0.024,0.833,0.708,0.049,0.724,0.634,0.644,0.575,0.316,0.724,0.408,0.921,0.645,2.702,0.719,0.584,0.603,0.308,0.429,0.523,0.432,0.346,0.586,0.589,0.458,0.626,0.804,0.418,0.278,0.150,0.299,0.422,0.160,0.068,0.193,0.012,0.973,0.906,0.732,0.306,0.726,0.397,0.387,0.458,0.495,0.468
low-trust-conflict,Low-trust conflict,Lower public trust and higher legislature-court conflict.,supermajority-invalidation,Supermajority required to invalidate laws,court_variant,strong_form_court,doctrine,emergency_powers,1393,1393,57938,56545,1.000,0.024,0.869,0.718,0.141,0.451,0.321,0.646,0.556,0.333,0.451,0.451,0.863,0.573,1.969,0.590,0.560,0.602,0.278,0.432,0.497,0.421,0.393,0.590,0.596,0.453,0.626,0.793,0.435,0.269,0.139,0.297,0.424,0.169,0.059,0.235,0.012,0.970,0.910,0.732,0.307,0.694,0.416,0.380,0.423,0.497,0.459
low-trust-conflict,Low-trust conflict,Lower public trust and higher legislature-court conflict.,supermajority-invalidation,Supermajority required to invalidate laws,court_variant,strong_form_court,doctrine,equality,1361,1361,57885,56524,1.000,0.024,0.829,0.719,0.056,0.824,0.735,0.644,0.532,0.277,0.897,0.367,0.698,0.599,2.322,0.569,0.527,0.611,0.297,0.440,0.527,0.451,0.324,0.589,0.598,0.435,0.627,0.793,0.417,0.262,0.166,0.250,0.406,0.180,0.079,0.235,0.012,0.975,0.912,0.739,0.304,0.688,0.395,0.377,0.439,0.487,0.454
low-trust-conflict,Low-trust conflict,Lower public trust and higher legislature-court conflict.,supermajority-invalidation,Supermajority required to invalidate laws,court_variant,strong_form_court,doctrine,federalism,1331,1331,57627,56296,1.000,0.023,0.962,0.775,0.046,0.125,0.052,0.602,0.483,0.273,0.132,0.057,0.939,0.680,2.776,0.815,0.658,0.645,0.247,0.457,0.480,0.387,0.374,0.590,0.626,0.468,0.626,0.803,0.430,0.258,0.137,0.318,0.424,0.164,0.056,0.173,0.017,0.962,0.897,0.722,0.309,0.740,0.406,0.392,0.467,0.507,0.476
low-trust-conflict,Low-trust conflict,Lower public trust and higher legislature-court conflict.,supermajority-invalidation,Supermajority required to invalidate laws,court_variant,strong_form_court,doctrine,speech,1444,1444,63124,61680,1.000,0.023,0.861,0.719,0.052,0.690,0.574,0.668,0.604,0.358,0.733,0.299,0.614,0.588,2.249,0.508,0.521,0.616,0.269,0.446,0.520,0.443,0.327,0.593,0.606,0.436,0.627,0.785,0.439,0.244,0.165,0.253,0.426,0.186,0.081,0.250,0.013,0.970,0.910,0.735,0.304,0.678,0.395,0.375,0.435,0.486,0.451
low-trust-conflict,Low-trust conflict,Lower public trust and higher legislature-court conflict.,strict-recusal-court,Strict recusal with substitute justices,court_variant,strong_form_court,doctrine,administrative_state,1381,1381,62148,60767,1.000,0.022,0.967,0.761,0.050,0.044,0.041,0.688,0.580,0.205,0.045,0.024,0.852,0.665,2.713,0.525,0.582,0.694,0.205,0.448,0.499,0.383,0.395,0.592,0.636,0.453,0.627,0.779,0.423,0.245,0.139,0.284,0.437,0.211,0.062,0.259,0.017,0.957,0.899,0.727,0.365,0.725,0.427,0.446,0.462,0.501,0.490
low-trust-conflict,Low-trust conflict,Lower public trust and higher legislature-court conflict.,strict-recusal-court,Strict recusal with substitute justices,court_variant,strong_form_court,doctrine,criminal_procedure,1361,1361,59158,57797,1.000,0.023,0.858,0.717,0.060,0.608,0.582,0.688,0.624,0.306,0.648,0.102,0.712,0.609,2.402,0.627,0.567,0.650,0.284,0.446,0.531,0.428,0.342,0.587,0.606,0.432,0.627,0.795,0.420,0.250,0.174,0.281,0.421,0.176,0.090,0.214,0.014,0.969,0.906,0.740,0.363,0.697,0.420,0.438,0.446,0.489,0.478
low-trust-conflict,Low-trust conflict,Lower public trust and higher legislature-court conflict.,strict-recusal-court,Strict recusal with substitute justices,court_variant,strong_form_court,doctrine,election_law,1329,1329,54303,52974,1.000,0.024,0.818,0.710,0.053,0.731,0.646,0.720,0.668,0.301,0.731,0.409,0.921,0.645,2.702,0.719,0.584,0.642,0.309,0.435,0.539,0.432,0.346,0.583,0.594,0.446,0.627,0.804,0.415,0.281,0.145,0.275,0.407,0.173,0.075,0.177,0.012,0.972,0.904,0.732,0.364,0.726,0.420,0.445,0.460,0.493,0.487
low-trust-conflict,Low-trust conflict,Lower public trust and higher legislature-court conflict.,strict-recusal-court,Strict recusal with substitute justices,court_variant,strong_form_court,doctrine,emergency_powers,1393,1393,57809,56416,1.000,0.024,0.857,0.723,0.139,0.416,0.353,0.732,0.628,0.290,0.416,0.449,0.863,0.573,1.969,0.590,0.560,0.644,0.278,0.439,0.515,0.421,0.393,0.587,0.603,0.442,0.627,0.792,0.421,0.263,0.156,0.291,0.419,0.170,0.078,0.233,0.011,0.969,0.908,0.738,0.365,0.693,0.440,0.439,0.425,0.496,0.479
low-trust-conflict,Low-trust conflict,Lower public trust and higher legislature-court conflict.,strict-recusal-court,Strict recusal with substitute justices,court_variant,strong_form_court,doctrine,equality,1361,1361,57931,56570,1.000,0.023,0.815,0.719,0.049,0.795,0.767,0.727,0.722,0.301,0.878,0.403,0.698,0.599,2.322,0.569,0.527,0.651,0.299,0.443,0.546,0.451,0.324,0.587,0.602,0.426,0.627,0.793,0.420,0.252,0.179,0.259,0.407,0.195,0.088,0.242,0.012,0.974,0.910,0.735,0.362,0.688,0.417,0.436,0.442,0.485,0.474
low-trust-conflict,Low-trust conflict,Lower public trust and higher legislature-court conflict.,strict-recusal-court,Strict recusal with substitute justices,court_variant,strong_form_court,doctrine,federalism,1331,1331,57652,56321,1.000,0.023,0.958,0.776,0.043,0.083,0.045,0.692,0.621,0.195,0.081,0.036,0.939,0.680,2.776,0.815,0.658,0.688,0.245,0.461,0.496,0.387,0.374,0.587,0.633,0.456,0.626,0.802,0.415,0.277,0.125,0.312,0.437,0.156,0.051,0.173,0.017,0.959,0.893,0.724,0.367,0.740,0.428,0.450,0.469,0.505,0.496
low-trust-conflict,Low-trust conflict,Lower public trust and higher legislature-court conflict.,strict-recusal-court,Strict recusal with substitute justices,court_variant,strong_form_court,doctrine,speech,1444,1444,63031,61587,1.000,0.023,0.847,0.721,0.054,0.685,0.592,0.704,0.665,0.251,0.714,0.305,0.614,0.588,2.249,0.508,0.521,0.655,0.271,0.447,0.537,0.443,0.327,0.590,0.610,0.424,0.628,0.785,0.397,0.253,0.181,0.243,0.398,0.179,0.086,0.267,0.013,0.970,0.909,0.734,0.362,0.678,0.418,0.433,0.438,0.484,0.471
low-trust-conflict,Low-trust conflict,Lower public trust and higher legislature-court conflict.,reasoned-emergency-review,Reasoned emergency orders with merits follow-up,court_variant,strong_form_court,doctrine,administrative_state,1381,1381,62729,61348,1.000,0.022,0.973,0.760,0.000,0.113,0.070,0.887,0.660,0.072,0.111,1.000,0.852,0.665,2.713,0.525,0.582,0.705,0.195,0.447,0.505,0.383,0.395,0.596,0.639,0.462,0.626,0.777,0.437,0.256,0.133,0.302,0.452,0.249,0.059,0.280,0.017,0.956,0.903,0.709,0.312,0.726,0.414,0.393,0.463,0.498,0.474
low-trust-conflict,Low-trust conflict,Lower public trust and higher legislature-court conflict.,reasoned-emergency-review,Reasoned emergency orders with merits follow-up,court_variant,strong_form_court,doctrine,criminal_procedure,1361,1361,59619,58258,1.000,0.023,0.863,0.721,0.001,0.681,0.634,0.894,0.660,0.074,0.790,1.000,0.712,0.609,2.402,0.627,0.567,0.666,0.280,0.449,0.544,0.428,0.342,0.590,0.611,0.444,0.627,0.794,0.427,0.261,0.170,0.247,0.452,0.173,0.085,0.245,0.015,0.970,0.912,0.713,0.310,0.697,0.408,0.385,0.447,0.486,0.462
low-trust-conflict,Low-trust conflict,Lower public trust and higher legislature-court conflict.,reasoned-emergency-review,Reasoned emergency orders with merits follow-up,court_variant,strong_form_court,doctrine,election_law,1329,1329,54705,53376,1.000,0.024,0.821,0.709,0.003,0.733,0.700,0.822,0.767,0.167,0.733,1.000,0.921,0.645,2.702,0.719,0.584,0.655,0.307,0.432,0.551,0.432,0.346,0.586,0.596,0.460,0.626,0.803,0.412,0.286,0.155,0.290,0.424,0.172,0.078,0.200,0.012,0.972,0.908,0.712,0.311,0.726,0.407,0.392,0.461,0.490,0.471
low-trust-conflict,Low-trust conflict,Lower public trust and higher legislature-court conflict.,reasoned-emergency-review,Reasoned emergency orders with merits follow-up,court_variant,strong_form_court,doctrine,emergency_powers,1393,1393,58427,57034,1.000,0.024,0.872,0.726,0.014,0.459,0.397,0.903,0.670,0.131,0.459,1.000,0.863,0.573,1.969,0.590,0.560,0.670,0.254,0.442,0.528,0.421,0.393,0.592,0.612,0.454,0.627,0.789,0.455,0.238,0.149,0.261,0.417,0.177,0.070,0.248,0.012,0.966,0.912,0.714,0.312,0.694,0.426,0.385,0.426,0.492,0.462
low-trust-conflict,Low-trust conflict,Lower public trust and higher legislature-court conflict.,reasoned-emergency-review,Reasoned emergency orders with merits follow-up,court_variant,strong_form_court,doctrine,equality,1361,1361,58268,56907,1.000,0.023,0.817,0.721,0.003,0.843,0.808,0.926,0.759,0.083,0.868,1.000,0.698,0.599,2.322,0.569,0.527,0.664,0.297,0.445,0.558,0.451,0.324,0.589,0.606,0.438,0.627,0.792,0.433,0.259,0.185,0.245,0.429,0.180,0.090,0.245,0.013,0.975,0.915,0.714,0.309,0.689,0.406,0.382,0.442,0.482,0.458
low-trust-conflict,Low-trust conflict,Lower public trust and higher legislature-court conflict.,reasoned-emergency-review,Reasoned emergency orders with merits follow-up,court_variant,strong_form_court,doctrine,federalism,1331,1331,58025,56694,1.000,0.023,0.958,0.773,0.000,0.070,0.102,0.872,0.686,0.070,0.072,1.000,0.939,0.680,2.776,0.815,0.658,0.695,0.239,0.460,0.504,0.387,0.374,0.590,0.635,0.467,0.626,0.801,0.424,0.262,0.137,0.302,0.431,0.171,0.068,0.183,0.018,0.959,0.899,0.705,0.314,0.740,0.416,0.397,0.470,0.502,0.480
low-trust-conflict,Low-trust conflict,Lower public trust and higher legislature-court conflict.,reasoned-emergency-review,Reasoned emergency orders with merits follow-up,court_variant,strong_form_court,doctrine,speech,1444,1444,63462,62018,1.000,0.023,0.849,0.724,0.003,0.746,0.653,0.803,0.713,0.148,0.769,1.000,0.614,0.588,2.249,0.508,0.521,0.669,0.269,0.451,0.550,0.443,0.327,0.593,0.614,0.436,0.627,0.785,0.436,0.237,0.172,0.236,0.430,0.191,0.080,0.259,0.013,0.970,0.913,0.709,0.309,0.679,0.406,0.380,0.438,0.481,0.455
low-trust-conflict,Low-trust conflict,Lower public trust and higher legislature-court conflict.,panel-en-banc-review,Panel review with en banc safety valve,court_variant,strong_form_court,doctrine,administrative_state,1381,1381,62216,60835,1.000,0.022,0.966,0.761,0.048,0.067,0.039,0.593,0.557,0.196,0.065,0.041,0.852,0.665,2.713,0.525,0.582,0.688,0.205,0.448,0.496,0.383,0.395,0.587,0.635,0.451,0.626,0.778,0.450,0.247,0.123,0.269,0.457,0.198,0.054,0.290,0.017,0.959,0.901,0.729,0.442,0.725,0.466,0.518,0.543,0.496,0.531
low-trust-conflict,Low-trust conflict,Lower public trust and higher legislature-court conflict.,panel-en-banc-review,Panel review with en banc safety valve,court_variant,strong_form_court,doctrine,criminal_procedure,1361,1361,59122,57761,1.000,0.023,0.852,0.714,0.067,0.658,0.602,0.709,0.608,0.307,0.694,0.101,0.712,0.609,2.402,0.627,0.567,0.643,0.288,0.442,0.529,0.428,0.342,0.582,0.602,0.431,0.627,0.794,0.424,0.266,0.164,0.275,0.410,0.182,0.077,0.216,0.014,0.971,0.910,0.734,0.434,0.697,0.456,0.505,0.517,0.481,0.514
low-trust-conflict,Low-trust conflict,Lower public trust and higher legislature-court conflict.,panel-en-banc-review,Panel review with en banc safety valve,court_variant,strong_form_court,doctrine,election_law,1329,1329,54349,53020,1.000,0.024,0.812,0.708,0.049,0.720,0.661,0.737,0.617,0.297,0.720,0.360,0.921,0.645,2.702,0.719,0.584,0.635,0.309,0.435,0.537,0.432,0.346,0.577,0.592,0.446,0.626,0.804,0.406,0.274,0.185,0.302,0.394,0.193,0.102,0.181,0.011,0.972,0.905,0.729,0.443,0.726,0.461,0.519,0.545,0.490,0.530
low-trust-conflict,Low-trust conflict,Lower public trust and higher legislature-court conflict.,panel-en-banc-review,Panel review with en banc safety valve,court_variant,strong_form_court,doctrine,emergency_powers,1393,1393,57928,56535,1.000,0.024,0.851,0.724,0.136,0.412,0.374,0.713,0.653,0.303,0.412,0.432,0.863,0.573,1.969,0.590,0.560,0.637,0.279,0.439,0.513,0.421,0.393,0.581,0.601,0.441,0.626,0.792,0.418,0.262,0.151,0.305,0.418,0.177,0.086,0.232,0.011,0.969,0.911,0.729,0.444,0.694,0.480,0.512,0.509,0.492,0.521
low-trust-conflict,Low-trust conflict,Lower public trust and higher legislature-court conflict.,panel-en-banc-review,Panel review with en banc safety valve,court_variant,strong_form_court,doctrine,equality,1361,1361,57854,56493,1.000,0.024,0.806,0.714,0.056,0.832,0.794,0.745,0.699,0.281,0.904,0.388,0.698,0.599,2.322,0.569,0.527,0.642,0.304,0.439,0.544,0.451,0.324,0.581,0.598,0.425,0.627,0.793,0.378,0.274,0.201,0.283,0.420,0.169,0.096,0.233,0.012,0.976,0.914,0.733,0.435,0.688,0.454,0.504,0.515,0.477,0.511
low-trust-conflict,Low-trust conflict,Lower public trust and higher legislature-court conflict.,panel-en-banc-review,Panel review with en banc safety valve,court_variant,strong_form_court,doctrine,federalism,1331,1331,57633,56302,1.000,0.023,0.952,0.776,0.045,0.102,0.060,0.693,0.557,0.233,0.105,0.057,0.939,0.680,2.776,0.815,0.658,0.681,0.246,0.463,0.494,0.387,0.374,0.581,0.632,0.455,0.626,0.802,0.421,0.269,0.134,0.327,0.449,0.138,0.051,0.177,0.017,0.960,0.897,0.723,0.446,0.740,0.471,0.524,0.554,0.502,0.539
low-trust-conflict,Low-trust conflict,Lower public trust and higher legislature-court conflict.,panel-en-banc-review,Panel review with en banc safety valve,court_variant,strong_form_court,doctrine,speech,1444,1444,63012,61568,1.000,0.023,0.839,0.719,0.057,0.724,0.635,0.668,0.701,0.336,0.759,0.341,0.614,0.588,2.249,0.508,0.521,0.648,0.277,0.447,0.537,0.443,0.327,0.586,0.607,0.425,0.627,0.785,0.415,0.256,0.164,0.247,0.422,0.184,0.083,0.252,0.013,0.970,0.910,0.730,0.429,0.678,0.449,0.497,0.502,0.473,0.503
low-trust-conflict,Low-trust conflict,Lower public trust and higher legislature-court conflict.,dual-cross-checking-courts,Dual supreme courts with cross-checking invalidations,court_variant,strong_form_court,doctrine,administrative_state,1381,1381,62894,61513,1.000,0.022,0.990,0.762,0.000,0.017,0.008,0.800,0.683,0.067,0.020,1.000,0.852,0.665,2.713,0.525,0.582,0.717,0.201,0.447,0.502,0.383,0.395,0.566,0.630,0.615,0.623,0.791,0.458,0.233,0.125,0.273,0.450,0.220,0.061,0.271,0.018,0.948,0.889,0.702,0.520,0.726,0.569,0.593,0.590,0.634,0.603
low-trust-conflict,Low-trust conflict,Lower public trust and higher legislature-court conflict.,dual-cross-checking-courts,Dual supreme courts with cross-checking invalidations,court_variant,strong_form_court,doctrine,criminal_procedure,1361,1361,59799,58438,1.000,0.023,0.885,0.729,0.002,0.627,0.504,0.864,0.780,0.153,0.652,1.000,0.712,0.609,2.402,0.627,0.567,0.672,0.284,0.459,0.535,0.428,0.342,0.561,0.605,0.594,0.623,0.808,0.425,0.263,0.164,0.257,0.439,0.162,0.084,0.216,0.016,0.961,0.896,0.708,0.519,0.697,0.564,0.586,0.574,0.623,0.591
low-trust-conflict,Low-trust conflict,Lower public trust and higher legislature-court conflict.,dual-cross-checking-courts,Dual supreme courts with cross-checking invalidations,court_variant,strong_form_court,doctrine,election_law,1329,1329,54777,53448,1.000,0.024,0.848,0.726,0.002,0.631,0.556,0.785,0.738,0.185,0.631,1.000,0.921,0.645,2.702,0.719,0.584,0.663,0.310,0.449,0.541,0.432,0.346,0.557,0.593,0.607,0.623,0.818,0.415,0.284,0.153,0.286,0.448,0.160,0.081,0.208,0.014,0.962,0.892,0.704,0.519,0.727,0.563,0.593,0.587,0.626,0.600
low-trust-conflict,Low-trust conflict,Lower public trust and higher legislature-court conflict.,dual-cross-checking-courts,Dual supreme courts with cross-checking invalidations,court_variant,strong_form_court,doctrine,emergency_powers,1393,1393,58674,57281,1.000,0.024,0.912,0.731,0.016,0.354,0.223,0.858,0.706,0.190,0.354,1.000,0.863,0.573,1.969,0.590,0.560,0.679,0.258,0.446,0.516,0.421,0.393,0.563,0.607,0.603,0.623,0.803,0.436,0.248,0.143,0.276,0.436,0.175,0.067,0.232,0.013,0.956,0.895,0.704,0.520,0.694,0.580,0.586,0.553,0.628,0.591
low-trust-conflict,Low-trust conflict,Lower public trust and higher legislature-court conflict.,dual-cross-checking-courts,Dual supreme courts with cross-checking invalidations,court_variant,strong_form_court,doctrine,equality,1361,1361,58458,57097,1.000,0.023,0.839,0.733,0.003,0.797,0.701,0.875,0.781,0.156,0.935,1.000,0.698,0.599,2.322,0.569,0.527,0.671,0.298,0.454,0.551,0.451,0.324,0.560,0.601,0.587,0.624,0.806,0.421,0.259,0.185,0.251,0.403,0.187,0.093,0.250,0.014,0.966,0.900,0.706,0.517,0.689,0.561,0.583,0.569,0.618,0.587
low-trust-conflict,Low-trust conflict,Lower public trust and higher legislature-court conflict.,dual-cross-checking-courts,Dual supreme courts with cross-checking invalidations,court_variant,strong_form_court,doctrine,federalism,1331,1331,58147,56816,1.000,0.023,0.983,0.780,0.000,0.069,0.010,0.862,0.690,0.052,0.071,1.000,0.939,0.680,2.776,0.815,0.658,0.710,0.245,0.460,0.498,0.387,0.374,0.561,0.628,0.618,0.623,0.815,0.427,0.261,0.138,0.300,0.434,0.166,0.063,0.190,0.019,0.950,0.884,0.695,0.522,0.740,0.572,0.598,0.596,0.638,0.609
low-trust-conflict,Low-trust conflict,Lower public trust and higher legislature-court conflict.,dual-cross-checking-courts,Dual supreme courts with cross-checking invalidations,court_variant,strong_form_court,doctrine,speech,1444,1444,63761,62317,1.000,0.023,0.873,0.732,0.001,0.567,0.529,0.933,0.733,0.083,0.697,1.000,0.614,0.588,2.249,0.508,0.521,0.676,0.273,0.457,0.541,0.443,0.327,0.563,0.608,0.586,0.624,0.799,0.435,0.245,0.166,0.241,0.433,0.166,0.074,0.263,0.016,0.960,0.897,0.704,0.517,0.679,0.561,0.580,0.565,0.617,0.584
low-trust-conflict,Low-trust conflict,Lower public trust and higher legislature-court conflict.,constitutional-council,Pre-enactment constitutional council,court_variant,strong_form_court,doctrine,administrative_state,1381,1381,62193,60812,1.000,0.022,0.985,0.762,0.044,0.011,0.007,0.732,0.705,0.153,0.006,0.042,0.852,0.665,2.713,0.525,0.582,0.719,0.201,0.447,0.505,0.383,0.395,0.579,0.626,0.682,0.625,0.786,0.484,0.216,0.122,0.269,0.476,0.208,0.049,0.292,0.020,0.936,0.881,0.704,0.445,0.725,0.487,0.520,0.530,0.577,0.547
low-trust-conflict,Low-trust conflict,Lower public trust and higher legislature-court conflict.,constitutional-council,Pre-enactment constitutional council,court_variant,strong_form_court,doctrine,criminal_procedure,1361,1361,59054,57693,1.000,0.023,0.931,0.717,0.066,0.629,0.454,0.688,0.741,0.283,0.683,0.117,0.712,0.609,2.402,0.627,0.567,0.671,0.271,0.449,0.530,0.428,0.342,0.574,0.602,0.659,0.626,0.800,0.411,0.274,0.156,0.305,0.441,0.163,0.074,0.229,0.017,0.949,0.887,0.707,0.443,0.697,0.483,0.512,0.514,0.566,0.535
low-trust-conflict,Low-trust conflict,Lower public trust and higher legislature-court conflict.,constitutional-council,Pre-enactment constitutional council,court_variant,strong_form_court,doctrine,election_law,1329,1329,54335,53006,1.000,0.024,0.919,0.724,0.048,0.700,0.503,0.744,0.744,0.256,0.700,0.378,0.921,0.645,2.702,0.719,0.584,0.668,0.291,0.444,0.537,0.432,0.346,0.571,0.598,0.670,0.626,0.809,0.403,0.260,0.163,0.293,0.400,0.179,0.082,0.202,0.015,0.953,0.885,0.704,0.444,0.726,0.480,0.519,0.528,0.569,0.544
low-trust-conflict,Low-trust conflict,Lower public trust and higher legislature-court conflict.,constitutional-council,Pre-enactment constitutional council,court_variant,strong_form_court,doctrine,emergency_powers,1393,1393,57833,56440,1.000,0.024,0.923,0.721,0.134,0.371,0.216,0.738,0.684,0.266,0.371,0.445,0.863,0.573,1.969,0.590,0.560,0.670,0.266,0.439,0.515,0.421,0.393,0.574,0.598,0.669,0.626,0.798,0.433,0.238,0.141,0.292,0.441,0.157,0.065,0.266,0.015,0.949,0.889,0.699,0.445,0.694,0.501,0.513,0.493,0.572,0.536
low-trust-conflict,Low-trust conflict,Lower public trust and higher legislature-court conflict.,constitutional-council,Pre-enactment constitutional council,court_variant,strong_form_court,doctrine,equality,1361,1361,57954,56593,1.000,0.023,0.916,0.726,0.050,0.817,0.673,0.709,0.760,0.309,0.883,0.360,0.698,0.599,2.322,0.569,0.527,0.673,0.287,0.449,0.547,0.451,0.324,0.574,0.603,0.651,0.626,0.799,0.398,0.265,0.181,0.268,0.440,0.173,0.084,0.235,0.015,0.959,0.895,0.705,0.442,0.688,0.478,0.510,0.510,0.561,0.531
low-trust-conflict,Low-trust conflict,Lower public trust and higher legislature-court conflict.,constitutional-council,Pre-enactment constitutional council,court_variant,strong_form_court,doctrine,federalism,1331,1331,57668,56337,1.000,0.023,0.981,0.778,0.040,0.061,0.010,0.706,0.595,0.209,0.058,0.037,0.939,0.680,2.776,0.815,0.658,0.714,0.241,0.460,0.501,0.387,0.374,0.574,0.624,0.685,0.625,0.809,0.440,0.255,0.131,0.288,0.461,0.154,0.056,0.177,0.021,0.938,0.874,0.692,0.447,0.740,0.489,0.524,0.537,0.581,0.553
low-trust-conflict,Low-trust conflict,Lower public trust and higher legislature-court conflict.,constitutional-council,Pre-enactment constitutional council,court_variant,strong_form_court,doctrine,speech,1444,1444,63204,61760,1.000,0.023,0.931,0.722,0.048,0.734,0.487,0.751,0.723,0.249,0.802,0.305,0.614,0.588,2.249,0.508,0.521,0.678,0.258,0.451,0.538,0.443,0.327,0.577,0.608,0.652,0.626,0.791,0.418,0.262,0.159,0.252,0.433,0.167,0.075,0.276,0.016,0.950,0.889,0.702,0.442,0.678,0.477,0.507,0.506,0.560,0.528
low-trust-conflict,Low-trust conflict,Lower public trust and higher legislature-court conflict.,legislative-override-court,Judicial review with delayed legislative override,court_variant,strong_form_court,doctrine,administrative_state,1381,1381,62191,60810,1.000,0.022,0.959,0.759,0.050,0.091,0.050,0.599,0.553,0.213,0.098,0.030,0.852,0.665,2.713,0.525,0.582,0.668,0.207,0.448,0.490,0.383,0.395,0.592,0.630,0.455,0.626,0.781,0.432,0.232,0.137,0.303,0.449,0.222,0.059,0.267,0.015,0.963,0.905,0.752,0.313,0.725,0.421,0.393,0.462,0.526,0.480
low-trust-conflict,Low-trust conflict,Lower public trust and higher legislature-court conflict.,legislative-override-court,Judicial review with delayed legislative override,court_variant,strong_form_court,doctrine,criminal_procedure,1361,1361,59251,57890,1.000,0.023,0.845,0.706,0.060,0.702,0.607,0.690,0.556,0.281,0.712,0.082,0.712,0.609,2.402,0.627,0.567,0.624,0.298,0.447,0.527,0.428,0.342,0.585,0.597,0.430,0.627,0.799,0.398,0.270,0.169,0.265,0.399,0.182,0.093,0.212,0.013,0.975,0.914,0.748,0.311,0.697,0.414,0.386,0.447,0.516,0.468
low-trust-conflict,Low-trust conflict,Lower public trust and higher legislature-court conflict.,legislative-override-court,Judicial review with delayed legislative override,court_variant,strong_form_court,doctrine,election_law,1329,1329,54360,53031,1.000,0.024,0.804,0.699,0.050,0.758,0.673,0.730,0.629,0.343,0.758,0.410,0.921,0.645,2.702,0.719,0.584,0.618,0.326,0.442,0.537,0.432,0.346,0.581,0.585,0.441,0.626,0.809,0.394,0.280,0.178,0.299,0.400,0.172,0.093,0.169,0.011,0.976,0.908,0.753,0.312,0.726,0.413,0.392,0.461,0.520,0.477
low-trust-conflict,Low-trust conflict,Lower public trust and higher legislature-court conflict.,legislative-override-court,Judicial review with delayed legislative override,court_variant,strong_form_court,doctrine,emergency_powers,1393,1393,57946,56553,1.000,0.024,0.842,0.719,0.137,0.423,0.397,0.655,0.596,0.308,0.423,0.441,0.863,0.573,1.969,0.590,0.560,0.619,0.287,0.441,0.510,0.421,0.393,0.586,0.596,0.442,0.627,0.796,0.422,0.246,0.167,0.281,0.396,0.180,0.073,0.224,0.010,0.973,0.914,0.753,0.313,0.694,0.433,0.386,0.426,0.521,0.469
low-trust-conflict,Low-trust conflict,Lower public trust and higher legislature-court conflict.,legislative-override-court,Judicial review with delayed legislative override,court_variant,strong_form_court,doctrine,equality,1361,1361,57881,56520,1.000,0.024,0.798,0.705,0.058,0.841,0.792,0.619,0.630,0.312,0.862,0.339,0.698,0.599,2.322,0.569,0.527,0.624,0.318,0.448,0.543,0.451,0.324,0.584,0.592,0.420,0.627,0.798,0.394,0.283,0.165,0.264,0.408,0.168,0.086,0.242,0.011,0.978,0.916,0.755,0.310,0.688,0.412,0.383,0.443,0.512,0.464
low-trust-conflict,Low-trust conflict,Lower public trust and higher legislature-court conflict.,legislative-override-court,Judicial review with delayed legislative override,court_variant,strong_form_court,doctrine,federalism,1331,1331,57696,56365,1.000,0.023,0.942,0.773,0.042,0.120,0.087,0.646,0.544,0.241,0.124,0.038,0.939,0.680,2.776,0.815,0.658,0.661,0.250,0.462,0.490,0.387,0.374,0.586,0.626,0.459,0.626,0.805,0.419,0.261,0.149,0.318,0.411,0.177,0.059,0.191,0.015,0.965,0.899,0.746,0.315,0.740,0.421,0.398,0.469,0.530,0.485
low-trust-conflict,Low-trust conflict,Lower public trust and higher legislature-court conflict.,legislative-override-court,Judicial review with delayed legislative override,court_variant,strong_form_court,doctrine,speech,1444,1444,63112,61668,1.000,0.023,0.834,0.712,0.055,0.718,0.616,0.677,0.554,0.277,0.731,0.292,0.614,0.588,2.249,0.508,0.521,0.630,0.282,0.449,0.532,0.443,0.327,0.588,0.602,0.423,0.627,0.789,0.411,0.283,0.167,0.266,0.405,0.175,0.075,0.264,0.013,0.972,0.912,0.751,0.310,0.678,0.411,0.381,0.438,0.510,0.461
low-trust-conflict,Low-trust conflict,Lower public trust and higher legislature-court conflict.,accountability-retention-court,Retention-election accountability court,court_variant,strong_form_court,doctrine,administrative_state,1381,1381,62350,60969,1.000,0.022,0.965,0.761,0.040,0.024,0.020,0.665,0.482,0.171,0.021,0.018,0.852,0.665,2.713,0.525,0.582,0.690,0.201,0.449,0.493,0.383,0.395,0.588,0.636,0.433,0.626,0.783,0.436,0.222,0.132,0.301,0.445,0.229,0.060,0.274,0.018,0.945,0.885,0.721,0.324,0.725,0.455,0.404,0.466,0.552,0.495
low-trust-conflict,Low-trust conflict,Lower public trust and higher legislature-court conflict.,accountability-retention-court,Retention-election accountability court,court_variant,strong_form_court,doctrine,criminal_procedure,1361,1361,59050,57689,1.000,0.023,0.860,0.700,0.065,0.488,0.424,0.689,0.675,0.354,0.535,0.105,0.712,0.609,2.402,0.627,0.567,0.641,0.279,0.460,0.520,0.428,0.342,0.583,0.604,0.401,0.627,0.799,0.392,0.267,0.168,0.259,0.403,0.180,0.079,0.187,0.014,0.959,0.893,0.729,0.323,0.697,0.452,0.397,0.451,0.543,0.484
low-trust-conflict,Low-trust conflict,Lower public trust and higher legislature-court conflict.,accountability-retention-court,Retention-election accountability court,court_variant,strong_form_court,doctrine,election_law,1329,1329,54443,53114,1.000,0.024,0.827,0.699,0.038,0.497,0.496,0.682,0.570,0.278,0.497,0.358,0.921,0.645,2.702,0.719,0.584,0.640,0.306,0.465,0.532,0.432,0.346,0.578,0.597,0.408,0.626,0.809,0.389,0.300,0.155,0.290,0.388,0.180,0.070,0.191,0.013,0.958,0.889,0.730,0.323,0.726,0.448,0.403,0.466,0.547,0.492
low-trust-conflict,Low-trust conflict,Lower public trust and higher legislature-court conflict.,accountability-retention-court,Retention-election accountability court,court_variant,strong_form_court,doctrine,emergency_powers,1393,1393,57982,56589,1.000,0.024,0.879,0.721,0.126,0.262,0.198,0.689,0.594,0.278,0.262,0.427,0.863,0.573,1.969,0.590,0.560,0.645,0.264,0.449,0.502,0.421,0.393,0.584,0.608,0.418,0.627,0.796,0.401,0.268,0.137,0.291,0.403,0.155,0.066,0.236,0.012,0.956,0.893,0.727,0.324,0.694,0.469,0.397,0.430,0.548,0.484
low-trust-conflict,Low-trust conflict,Lower public trust and higher legislature-court conflict.,accountability-retention-court,Retention-election accountability court,court_variant,strong_form_court,doctrine,equality,1361,1361,57835,56474,1.000,0.024,0.804,0.695,0.055,0.722,0.654,0.672,0.571,0.258,0.771,0.364,0.698,0.599,2.322,0.569,0.527,0.639,0.314,0.465,0.544,0.451,0.324,0.580,0.597,0.384,0.627,0.801,0.378,0.295,0.169,0.266,0.388,0.193,0.080,0.192,0.012,0.962,0.896,0.733,0.322,0.688,0.449,0.394,0.448,0.540,0.480
low-trust-conflict,Low-trust conflict,Lower public trust and higher legislature-court conflict.,accountability-retention-court,Retention-election accountability court,court_variant,strong_form_court,doctrine,federalism,1331,1331,57704,56373,1.000,0.023,0.952,0.778,0.039,0.058,0.022,0.724,0.609,0.199,0.062,0.058,0.939,0.680,2.776,0.815,0.658,0.684,0.242,0.462,0.490,0.387,0.374,0.583,0.633,0.436,0.626,0.807,0.409,0.279,0.127,0.321,0.410,0.147,0.061,0.200,0.018,0.948,0.880,0.717,0.326,0.740,0.458,0.409,0.473,0.557,0.501
low-trust-conflict,Low-trust conflict,Lower public trust and higher legislature-court conflict.,accountability-retention-court,Retention-election accountability court,court_variant,strong_form_court,doctrine,speech,1444,1444,63135,61691,1.000,0.023,0.846,0.693,0.048,0.557,0.465,0.649,0.584,0.281,0.559,0.276,0.614,0.588,2.249,0.508,0.521,0.646,0.278,0.465,0.532,0.443,0.327,0.584,0.606,0.388,0.627,0.792,0.398,0.259,0.159,0.265,0.420,0.161,0.072,0.234,0.014,0.956,0.892,0.729,0.321,0.678,0.447,0.392,0.444,0.538,0.477
low-trust-conflict,Low-trust conflict,Lower public trust and higher legislature-court conflict.,independence-accountability-hybrid,Hybrid court balancing independence and accountability,court_variant,strong_form_court,doctrine,administrative_state,1381,1381,62672,61291,1.000,0.022,0.991,0.762,0.000,0.029,0.016,0.905,0.629,0.057,0.034,1.000,0.852,0.665,2.713,0.525,0.582,0.718,0.189,0.447,0.502,0.383,0.395,0.572,0.643,0.451,0.624,0.791,0.453,0.206,0.133,0.284,0.487,0.203,0.064,0.306,0.019,0.940,0.891,0.685,0.467,0.725,0.462,0.543,0.544,0.651,0.563
low-trust-conflict,Low-trust conflict,Lower public trust and higher legislature-court conflict.,independence-accountability-hybrid,Hybrid court balancing independence and accountability,court_variant,strong_form_court,doctrine,criminal_procedure,1361,1361,59578,58217,1.000,0.023,0.888,0.727,0.001,0.525,0.547,0.881,0.663,0.069,0.597,1.000,0.712,0.609,2.402,0.627,0.567,0.677,0.268,0.456,0.539,0.428,0.342,0.568,0.618,0.431,0.624,0.807,0.411,0.273,0.176,0.270,0.425,0.165,0.101,0.237,0.017,0.957,0.899,0.692,0.458,0.697,0.451,0.529,0.517,0.636,0.545
low-trust-conflict,Low-trust conflict,Lower public trust and higher legislature-court conflict.,independence-accountability-hybrid,Hybrid court balancing independence and accountability,court_variant,strong_form_court,doctrine,election_law,1329,1329,54630,53301,1.000,0.024,0.855,0.723,0.003,0.726,0.576,0.906,0.736,0.170,0.726,1.000,0.921,0.645,2.702,0.719,0.584,0.667,0.289,0.447,0.543,0.432,0.346,0.562,0.607,0.443,0.624,0.817,0.421,0.266,0.175,0.279,0.430,0.184,0.085,0.201,0.014,0.958,0.895,0.698,0.468,0.726,0.458,0.544,0.546,0.646,0.562
low-trust-conflict,Low-trust conflict,Lower public trust and higher legislature-court conflict.,independence-accountability-hybrid,Hybrid court balancing independence and accountability,court_variant,strong_form_court,doctrine,emergency_powers,1393,1393,58386,56993,1.000,0.024,0.916,0.730,0.012,0.388,0.244,0.897,0.732,0.180,0.388,1.000,0.863,0.573,1.969,0.590,0.560,0.684,0.236,0.447,0.518,0.421,0.393,0.569,0.621,0.439,0.624,0.802,0.451,0.218,0.152,0.283,0.452,0.165,0.076,0.263,0.014,0.951,0.899,0.699,0.468,0.694,0.476,0.537,0.510,0.647,0.553
low-trust-conflict,Low-trust conflict,Lower public trust and higher legislature-court conflict.,independence-accountability-hybrid,Hybrid court balancing independence and accountability,court_variant,strong_form_court,doctrine,equality,1361,1361,58316,56955,1.000,0.023,0.844,0.731,0.003,0.798,0.730,0.936,0.755,0.085,0.851,1.000,0.698,0.599,2.322,0.569,0.527,0.675,0.286,0.454,0.553,0.451,0.324,0.567,0.614,0.423,0.625,0.806,0.431,0.247,0.158,0.247,0.434,0.178,0.073,0.248,0.014,0.962,0.902,0.707,0.458,0.689,0.448,0.527,0.514,0.632,0.542
low-trust-conflict,Low-trust conflict,Lower public trust and higher legislature-court conflict.,independence-accountability-hybrid,Hybrid court balancing independence and accountability,court_variant,strong_form_court,doctrine,federalism,1331,1331,58032,56701,1.000,0.023,0.983,0.779,0.000,0.084,0.029,0.771,0.663,0.084,0.089,1.000,0.939,0.680,2.776,0.815,0.658,0.711,0.231,0.462,0.500,0.387,0.374,0.566,0.641,0.454,0.623,0.815,0.421,0.244,0.133,0.297,0.449,0.139,0.059,0.191,0.019,0.944,0.885,0.694,0.471,0.740,0.467,0.550,0.555,0.657,0.571
low-trust-conflict,Low-trust conflict,Lower public trust and higher legislature-court conflict.,independence-accountability-hybrid,Hybrid court balancing independence and accountability,court_variant,strong_form_court,doctrine,speech,1444,1444,63517,62073,1.000,0.023,0.875,0.731,0.002,0.670,0.578,0.862,0.761,0.128,0.712,1.000,0.614,0.588,2.249,0.508,0.521,0.680,0.259,0.456,0.545,0.443,0.327,0.571,0.621,0.423,0.625,0.798,0.439,0.240,0.148,0.254,0.443,0.175,0.065,0.268,0.016,0.955,0.898,0.696,0.451,0.679,0.443,0.520,0.500,0.627,0.534
low-trust-conflict,Low-trust conflict,Lower public trust and higher legislature-court conflict.,weak-form-review,Weak-form review with legislative reply,synthetic_mechanism,weak_form_review,doctrine,administrative_state,1381,1381,1576,195,1.000,0.876,0.982,0.759,0.047,0.041,0.000,0.677,0.677,0.200,0.029,0.036,0.852,0.665,2.713,0.525,0.582,0.707,0.200,0.450,0.504,0.492,0.395,0.617,0.665,0.247,0.661,0.821,0.501,0.169,0.116,0.256,0.488,0.198,0.039,0.346,0.027,0.644,0.675,0.592,0.313,0.428,0.297,0.328,0.420,0.412,0.369
low-trust-conflict,Low-trust conflict,Lower public trust and higher legislature-court conflict.,weak-form-review,Weak-form review with legislative reply,synthetic_mechanism,weak_form_review,doctrine,criminal_procedure,1361,1361,1513,152,1.000,0.900,0.955,0.690,0.055,0.561,0.000,0.682,0.682,0.283,0.593,0.110,0.712,0.609,2.402,0.627,0.567,0.664,0.219,0.482,0.586,0.538,0.342,0.616,0.655,0.147,0.661,0.830,0.461,0.192,0.134,0.253,0.462,0.118,0.060,0.276,0.027,0.650,0.680,0.601,0.312,0.401,0.292,0.321,0.418,0.415,0.362
low-trust-conflict,Low-trust conflict,Lower public trust and higher legislature-court conflict.,weak-form-review,Weak-form review with legislative reply,synthetic_mechanism,weak_form_review,doctrine,election_law,1329,1329,1494,165,1.000,0.890,0.949,0.677,0.041,0.633,0.000,0.741,0.693,0.295,0.633,0.428,0.921,0.645,2.702,0.719,0.584,0.656,0.234,0.488,0.603,0.541,0.346,0.612,0.650,0.150,0.661,0.838,0.454,0.197,0.150,0.272,0.465,0.108,0.068,0.226,0.026,0.644,0.672,0.591,0.312,0.434,0.293,0.329,0.434,0.421,0.373
low-trust-conflict,Low-trust conflict,Lower public trust and higher legislature-court conflict.,weak-form-review,Weak-form review with legislative reply,synthetic_mechanism,weak_form_review,doctrine,emergency_powers,1393,1393,1947,554,1.000,0.715,0.931,0.700,0.128,0.356,0.000,0.754,0.694,0.272,0.356,0.452,0.863,0.573,1.969,0.590,0.560,0.669,0.242,0.460,0.544,0.514,0.393,0.613,0.643,0.205,0.661,0.831,0.458,0.197,0.143,0.276,0.467,0.152,0.057,0.301,0.022,0.645,0.672,0.587,0.313,0.408,0.317,0.324,0.393,0.417,0.365
low-trust-conflict,Low-trust conflict,Lower public trust and higher legislature-court conflict.,weak-form-review,Weak-form review with legislative reply,synthetic_mechanism,weak_form_review,doctrine,equality,1361,1361,1508,147,1.000,0.903,0.955,0.673,0.051,0.761,0.000,0.745,0.745,0.239,0.841,0.370,0.698,0.599,2.322,0.569,0.527,0.652,0.216,0.494,0.618,0.562,0.324,0.616,0.657,0.111,0.661,0.826,0.482,0.178,0.131,0.215,0.453,0.124,0.046,0.276,0.025,0.644,0.677,0.593,0.311,0.394,0.290,0.319,0.418,0.416,0.360
low-trust-conflict,Low-trust conflict,Lower public trust and higher legislature-court conflict.,weak-form-review,Weak-form review with legislative reply,synthetic_mechanism,weak_form_review,doctrine,federalism,1331,1331,1482,151,1.000,0.898,0.978,0.774,0.038,0.039,0.000,0.678,0.704,0.164,0.035,0.026,0.939,0.680,2.776,0.815,0.658,0.703,0.238,0.464,0.504,0.497,0.374,0.612,0.664,0.248,0.660,0.844,0.483,0.194,0.129,0.299,0.475,0.145,0.059,0.213,0.029,0.645,0.664,0.586,0.315,0.444,0.299,0.333,0.427,0.417,0.375
low-trust-conflict,Low-trust conflict,Lower public trust and higher legislature-court conflict.,weak-form-review,Weak-form review with legislative reply,synthetic_mechanism,weak_form_review,doctrine,speech,1444,1444,1585,141,1.000,0.911,0.958,0.688,0.050,0.608,0.000,0.722,0.649,0.284,0.660,0.284,0.614,0.588,2.249,0.508,0.521,0.666,0.205,0.491,0.594,0.555,0.327,0.619,0.661,0.135,0.661,0.820,0.472,0.179,0.143,0.245,0.461,0.107,0.054,0.324,0.024,0.647,0.678,0.595,0.310,0.382,0.288,0.316,0.409,0.410,0.355
low-trust-conflict,Low-trust conflict,Lower public trust and higher legislature-court conflict.,suspended-declaration-review,Suspended declarations of invalidity,synthetic_mechanism,suspended_declaration,doctrine,administrative_state,1381,1381,1474,93,1.000,0.937,0.984,0.754,0.000,0.065,0.063,0.817,0.613,0.075,0.071,1.000,0.852,0.665,2.713,0.525,0.582,0.707,0.194,0.453,0.508,0.497,0.395,0.611,0.652,0.282,0.607,0.892,0.448,0.225,0.151,0.287,0.461,0.213,0.068,0.279,0.017,0.956,0.902,0.709,0.332,0.479,0.295,0.358,0.427,0.454,0.392
low-trust-conflict,Low-trust conflict,Lower public trust and higher legislature-court conflict.,suspended-declaration-review,Suspended declarations of invalidity,synthetic_mechanism,suspended_declaration,doctrine,criminal_procedure,1361,1361,1467,106,1.000,0.928,0.906,0.660,0.002,0.670,0.647,0.844,0.633,0.055,0.727,1.000,0.712,0.609,2.402,0.627,0.567,0.687,0.294,0.498,0.607,0.540,0.342,0.601,0.634,0.173,0.607,0.913,0.431,0.245,0.181,0.262,0.442,0.171,0.094,0.215,0.014,0.971,0.912,0.716,0.330,0.454,0.292,0.351,0.427,0.459,0.386
low-trust-conflict,Low-trust conflict,Lower public trust and higher legislature-court conflict.,suspended-declaration-review,Suspended declarations of invalidity,synthetic_mechanism,suspended_declaration,doctrine,election_law,1329,1329,1435,106,1.000,0.926,0.880,0.643,0.003,0.726,0.707,0.868,0.736,0.075,0.726,1.000,0.921,0.645,2.702,0.719,0.584,0.679,0.320,0.498,0.619,0.544,0.346,0.597,0.624,0.181,0.606,0.923,0.411,0.273,0.171,0.293,0.429,0.181,0.093,0.195,0.011,0.975,0.909,0.714,0.330,0.486,0.293,0.359,0.443,0.465,0.397
low-trust-conflict,Low-trust conflict,Lower public trust and higher legislature-court conflict.,suspended-declaration-review,Suspended declarations of invalidity,synthetic_mechanism,suspended_declaration,doctrine,emergency_powers,1393,1393,1857,464,1.000,0.750,0.916,0.684,0.014,0.397,0.391,0.869,0.659,0.164,0.397,1.000,0.863,0.573,1.969,0.590,0.560,0.684,0.257,0.476,0.564,0.518,0.393,0.605,0.631,0.234,0.607,0.906,0.439,0.245,0.172,0.281,0.449,0.187,0.093,0.274,0.012,0.967,0.911,0.714,0.331,0.459,0.315,0.353,0.402,0.460,0.388
low-trust-conflict,Low-trust conflict,Lower public trust and higher legislature-court conflict.,suspended-declaration-review,Suspended declarations of invalidity,synthetic_mechanism,suspended_declaration,doctrine,equality,1361,1361,1469,108,1.000,0.926,0.881,0.641,0.003,0.835,0.818,0.878,0.617,0.139,0.891,1.000,0.698,0.599,2.322,0.569,0.527,0.691,0.314,0.509,0.637,0.564,0.324,0.600,0.633,0.140,0.607,0.912,0.419,0.265,0.183,0.240,0.439,0.181,0.103,0.232,0.012,0.976,0.914,0.714,0.329,0.446,0.290,0.349,0.427,0.459,0.384
low-trust-conflict,Low-trust conflict,Lower public trust and higher legislature-court conflict.,suspended-declaration-review,Suspended declarations of invalidity,synthetic_mechanism,suspended_declaration,doctrine,federalism,1331,1331,1432,101,1.000,0.929,0.974,0.764,0.000,0.109,0.089,0.842,0.663,0.099,0.111,1.000,0.939,0.680,2.776,0.815,0.658,0.700,0.238,0.468,0.509,0.499,0.374,0.605,0.648,0.284,0.606,0.917,0.440,0.246,0.155,0.293,0.432,0.159,0.069,0.180,0.018,0.959,0.898,0.707,0.334,0.497,0.300,0.363,0.435,0.459,0.399
low-trust-conflict,Low-trust conflict,Lower public trust and higher legislature-court conflict.,suspended-declaration-review,Suspended declarations of invalidity,synthetic_mechanism,suspended_declaration,doctrine,speech,1444,1444,1546,102,1.000,0.934,0.899,0.661,0.002,0.699,0.668,0.885,0.673,0.115,0.800,1.000,0.614,0.588,2.249,0.508,0.521,0.690,0.283,0.506,0.614,0.556,0.327,0.604,0.639,0.162,0.607,0.904,0.420,0.250,0.166,0.231,0.456,0.166,0.086,0.259,0.014,0.970,0.913,0.707,0.328,0.435,0.288,0.346,0.419,0.454,0.379
low-trust-conflict,Low-trust conflict,Lower public trust and higher legislature-court conflict.,override-clause-review,Strong-form review with explicit override clause,synthetic_mechanism,legislative_override_clause,doctrine,administrative_state,1381,1381,12834,11453,1.000,0.108,0.966,0.760,0.051,0.088,0.041,0.634,0.512,0.239,0.080,0.039,0.852,0.665,2.713,0.525,0.582,0.683,0.205,0.447,0.494,0.394,0.395,0.601,0.632,0.413,0.615,0.923,0.447,0.243,0.128,0.306,0.448,0.224,0.049,0.277,0.016,0.956,0.899,0.729,0.313,0.615,0.361,0.369,0.444,0.492,0.437
low-trust-conflict,Low-trust conflict,Lower public trust and higher legislature-court conflict.,override-clause-review,Strong-form review with explicit override clause,synthetic_mechanism,legislative_override_clause,doctrine,criminal_procedure,1361,1361,12122,10761,1.000,0.112,0.864,0.716,0.060,0.613,0.577,0.704,0.624,0.317,0.674,0.134,0.712,0.609,2.402,0.627,0.567,0.656,0.262,0.446,0.526,0.439,0.342,0.597,0.609,0.361,0.615,0.937,0.411,0.256,0.168,0.295,0.420,0.176,0.074,0.227,0.015,0.967,0.907,0.728,0.311,0.587,0.354,0.362,0.434,0.486,0.427
low-trust-conflict,Low-trust conflict,Lower public trust and higher legislature-court conflict.,override-clause-review,Strong-form review with explicit override clause,synthetic_mechanism,legislative_override_clause,doctrine,election_law,1329,1329,11151,9822,1.000,0.119,0.828,0.709,0.049,0.734,0.643,0.653,0.607,0.341,0.734,0.376,0.921,0.645,2.702,0.719,0.584,0.654,0.279,0.436,0.534,0.443,0.346,0.593,0.600,0.363,0.615,0.945,0.399,0.269,0.173,0.295,0.406,0.183,0.082,0.186,0.012,0.969,0.903,0.728,0.312,0.616,0.353,0.369,0.450,0.491,0.436
low-trust-conflict,Low-trust conflict,Lower public trust and higher legislature-court conflict.,override-clause-review,Strong-form review with explicit override clause,synthetic_mechanism,legislative_override_clause,doctrine,emergency_powers,1393,1393,12017,10624,1.000,0.116,0.859,0.722,0.139,0.390,0.364,0.685,0.625,0.329,0.390,0.432,0.863,0.573,1.969,0.590,0.560,0.642,0.266,0.441,0.511,0.432,0.393,0.596,0.603,0.386,0.615,0.936,0.384,0.262,0.164,0.313,0.418,0.175,0.073,0.209,0.012,0.966,0.907,0.730,0.313,0.584,0.374,0.362,0.411,0.489,0.427
low-trust-conflict,Low-trust conflict,Lower public trust and higher legislature-court conflict.,override-clause-review,Strong-form review with explicit override clause,synthetic_mechanism,legislative_override_clause,doctrine,equality,1361,1361,11884,10523,1.000,0.115,0.823,0.717,0.056,0.813,0.758,0.706,0.711,0.316,0.905,0.342,0.698,0.599,2.322,0.569,0.527,0.662,0.269,0.442,0.540,0.462,0.324,0.597,0.607,0.339,0.615,0.934,0.413,0.285,0.171,0.261,0.409,0.179,0.090,0.224,0.012,0.971,0.910,0.728,0.310,0.578,0.351,0.359,0.432,0.484,0.424
low-trust-conflict,Low-trust conflict,Lower public trust and higher legislature-court conflict.,override-clause-review,Strong-form review with explicit override clause,synthetic_mechanism,legislative_override_clause,doctrine,federalism,1331,1331,11852,10521,1.000,0.112,0.956,0.775,0.042,0.108,0.061,0.651,0.639,0.265,0.114,0.066,0.939,0.680,2.776,0.815,0.658,0.677,0.244,0.462,0.492,0.398,0.374,0.596,0.630,0.416,0.614,0.947,0.401,0.280,0.134,0.313,0.405,0.180,0.061,0.183,0.017,0.957,0.894,0.724,0.315,0.630,0.362,0.374,0.451,0.496,0.443
low-trust-conflict,Low-trust conflict,Lower public trust and higher legislature-court conflict.,override-clause-review,Strong-form review with explicit override clause,synthetic_mechanism,legislative_override_clause,doctrine,speech,1444,1444,12938,11494,1.000,0.112,0.855,0.720,0.049,0.736,0.584,0.697,0.663,0.315,0.810,0.303,0.614,0.588,2.249,0.508,0.521,0.664,0.245,0.448,0.532,0.454,0.327,0.600,0.615,0.348,0.615,0.927,0.420,0.255,0.173,0.238,0.444,0.173,0.082,0.253,0.013,0.965,0.906,0.734,0.310,0.568,0.350,0.356,0.426,0.481,0.420
low-trust-conflict,Low-trust conflict,Lower public trust and higher legislature-court conflict.,pre-enactment-review,Pre-enactment review before laws take effect,synthetic_mechanism,pre_enactment_review,doctrine,administrative_state,1381,1381,1590,209,1.000,0.869,0.985,0.772,0.049,0.010,0.009,0.703,0.675,0.196,0.011,0.019,0.852,0.665,2.713,0.525,0.582,0.717,0.203,0.447,0.503,0.492,0.395,0.596,0.635,0.529,0.563,0.892,0.454,0.243,0.117,0.298,0.457,0.226,0.043,0.262,0.021,0.931,0.876,0.692,0.445,0.430,0.364,0.455,0.492,0.526,0.448
low-trust-conflict,Low-trust conflict,Lower public trust and higher legislature-court conflict.,pre-enactment-review,Pre-enactment review before laws take effect,synthetic_mechanism,pre_enactment_review,doctrine,criminal_procedure,1361,1361,1558,197,1.000,0.874,0.937,0.731,0.062,0.577,0.411,0.706,0.751,0.299,0.622,0.114,0.712,0.609,2.402,0.627,0.567,0.672,0.265,0.451,0.525,0.536,0.342,0.592,0.615,0.506,0.564,0.906,0.427,0.267,0.146,0.270,0.417,0.176,0.071,0.230,0.019,0.942,0.882,0.692,0.443,0.407,0.360,0.449,0.476,0.517,0.438
low-trust-conflict,Low-trust conflict,Lower public trust and higher legislature-court conflict.,pre-enactment-review,Pre-enactment review before laws take effect,synthetic_mechanism,pre_enactment_review,doctrine,election_law,1329,1329,1518,189,1.000,0.875,0.924,0.748,0.048,0.656,0.476,0.767,0.778,0.275,0.656,0.402,0.921,0.645,2.702,0.719,0.584,0.670,0.288,0.446,0.533,0.540,0.346,0.588,0.612,0.518,0.563,0.916,0.413,0.260,0.162,0.284,0.433,0.160,0.079,0.187,0.016,0.944,0.876,0.690,0.444,0.446,0.360,0.458,0.490,0.525,0.450
low-trust-conflict,Low-trust conflict,Lower public trust and higher legislature-court conflict.,pre-enactment-review,Pre-enactment review before laws take effect,synthetic_mechanism,pre_enactment_review,doctrine,emergency_powers,1393,1393,1972,579,1.000,0.706,0.931,0.749,0.128,0.320,0.187,0.732,0.727,0.282,0.320,0.437,0.863,0.573,1.969,0.590,0.560,0.673,0.261,0.439,0.511,0.513,0.393,0.591,0.611,0.531,0.563,0.905,0.419,0.243,0.149,0.306,0.416,0.181,0.067,0.248,0.016,0.943,0.883,0.695,0.445,0.420,0.384,0.453,0.455,0.530,0.444
low-trust-conflict,Low-trust conflict,Lower public trust and higher legislature-court conflict.,pre-enactment-review,Pre-enactment review before laws take effect,synthetic_mechanism,pre_enactment_review,doctrine,equality,1361,1361,1524,163,1.000,0.893,0.920,0.750,0.050,0.814,0.641,0.760,0.808,0.246,0.865,0.317,0.698,0.599,2.322,0.569,0.527,0.675,0.283,0.451,0.543,0.561,0.324,0.591,0.618,0.497,0.564,0.905,0.445,0.248,0.160,0.252,0.431,0.159,0.087,0.229,0.017,0.950,0.887,0.693,0.442,0.403,0.355,0.447,0.470,0.515,0.434
low-trust-conflict,Low-trust conflict,Lower public trust and higher legislature-court conflict.,pre-enactment-review,Pre-enactment review before laws take effect,synthetic_mechanism,pre_enactment_review,doctrine,federalism,1331,1331,1509,178,1.000,0.882,0.981,0.788,0.044,0.073,0.009,0.663,0.607,0.242,0.076,0.039,0.939,0.680,2.776,0.815,0.658,0.710,0.242,0.460,0.500,0.496,0.374,0.591,0.633,0.531,0.563,0.915,0.433,0.276,0.130,0.300,0.418,0.177,0.053,0.189,0.021,0.931,0.868,0.688,0.447,0.447,0.367,0.460,0.500,0.531,0.455
low-trust-conflict,Low-trust conflict,Lower public trust and higher legislature-court conflict.,pre-enactment-review,Pre-enactment review before laws take effect,synthetic_mechanism,pre_enactment_review,doctrine,speech,1444,1444,1630,186,1.000,0.886,0.937,0.745,0.049,0.610,0.449,0.733,0.738,0.241,0.681,0.313,0.614,0.588,2.249,0.508,0.521,0.680,0.253,0.454,0.533,0.553,0.327,0.595,0.623,0.498,0.564,0.897,0.426,0.216,0.175,0.244,0.448,0.157,0.082,0.269,0.017,0.942,0.882,0.697,0.441,0.392,0.355,0.444,0.465,0.514,0.431
low-trust-conflict,Low-trust conflict,Lower public trust and higher legislature-court conflict.,abstract-review-tribunal,Abstract review tribunal,synthetic_mechanism,abstract_review,doctrine,administrative_state,1381,1381,1450,69,1.000,0.952,0.987,0.772,0.000,0.091,0.026,0.879,0.576,0.045,0.107,1.000,0.852,0.665,2.713,0.525,0.582,0.708,0.190,0.448,0.500,0.498,0.395,0.596,0.647,0.324,0.547,0.963,0.455,0.200,0.125,0.274,0.464,0.202,0.052,0.274,0.019,0.949,0.895,0.701,0.443,0.462,0.334,0.461,0.510,0.537,0.453
low-trust-conflict,Low-trust conflict,Lower public trust and higher legislature-court conflict.,abstract-review-tribunal,Abstract review tribunal,synthetic_mechanism,abstract_review,doctrine,criminal_procedure,1361,1361,1419,58,1.000,0.959,0.880,0.741,0.001,0.621,0.602,0.879,0.655,0.138,0.643,1.000,0.712,0.609,2.402,0.627,0.567,0.670,0.275,0.454,0.540,0.542,0.342,0.591,0.622,0.307,0.548,0.978,0.447,0.245,0.159,0.239,0.439,0.170,0.082,0.230,0.016,0.964,0.905,0.702,0.434,0.439,0.323,0.449,0.483,0.524,0.437
low-trust-conflict,Low-trust conflict,Lower public trust and higher legislature-court conflict.,abstract-review-tribunal,Abstract review tribunal,synthetic_mechanism,abstract_review,doctrine,election_law,1329,1329,1386,57,1.000,0.959,0.841,0.742,0.002,0.649,0.650,0.895,0.667,0.088,0.649,1.000,0.921,0.645,2.702,0.719,0.584,0.661,0.299,0.440,0.545,0.546,0.346,0.585,0.610,0.323,0.547,0.986,0.396,0.264,0.187,0.287,0.439,0.177,0.099,0.202,0.012,0.967,0.901,0.705,0.445,0.477,0.333,0.466,0.511,0.538,0.457
low-trust-conflict,Low-trust conflict,Lower public trust and higher legislature-court conflict.,abstract-review-tribunal,Abstract review tribunal,synthetic_mechanism,abstract_review,doctrine,emergency_powers,1393,1393,1796,403,1.000,0.776,0.898,0.756,0.018,0.429,0.319,0.839,0.732,0.124,0.429,1.000,0.863,0.573,1.969,0.590,0.560,0.675,0.246,0.447,0.520,0.521,0.393,0.591,0.624,0.329,0.548,0.974,0.433,0.267,0.139,0.291,0.428,0.194,0.062,0.268,0.013,0.961,0.906,0.699,0.444,0.451,0.353,0.460,0.476,0.541,0.449
low-trust-conflict,Low-trust conflict,Lower public trust and higher legislature-court conflict.,abstract-review-tribunal,Abstract review tribunal,synthetic_mechanism,abstract_review,doctrine,equality,1361,1361,1426,65,1.000,0.954,0.834,0.748,0.003,0.877,0.787,0.877,0.677,0.123,0.919,1.000,0.698,0.599,2.322,0.569,0.527,0.669,0.294,0.449,0.554,0.566,0.324,0.589,0.618,0.302,0.548,0.977,0.437,0.256,0.173,0.256,0.442,0.187,0.096,0.258,0.014,0.969,0.908,0.702,0.435,0.436,0.322,0.448,0.478,0.523,0.435
low-trust-conflict,Low-trust conflict,Lower public trust and higher legislature-court conflict.,abstract-review-tribunal,Abstract review tribunal,synthetic_mechanism,abstract_review,doctrine,federalism,1331,1331,1377,46,1.000,0.967,0.976,0.787,0.000,0.174,0.055,0.717,0.674,0.109,0.178,1.000,0.939,0.680,2.776,0.815,0.658,0.700,0.233,0.463,0.499,0.502,0.374,0.590,0.644,0.328,0.547,0.986,0.413,0.268,0.124,0.296,0.470,0.163,0.055,0.204,0.020,0.951,0.890,0.699,0.447,0.479,0.339,0.468,0.522,0.544,0.462
low-trust-conflict,Low-trust conflict,Lower public trust and higher legislature-court conflict.,abstract-review-tribunal,Abstract review tribunal,synthetic_mechanism,abstract_review,doctrine,speech,1444,1444,1509,65,1.000,0.957,0.868,0.753,0.002,0.712,0.620,0.788,0.727,0.076,0.767,1.000,0.614,0.588,2.249,0.508,0.521,0.675,0.264,0.456,0.545,0.558,0.327,0.594,0.627,0.300,0.548,0.970,0.444,0.256,0.156,0.223,0.409,0.167,0.077,0.263,0.015,0.962,0.904,0.704,0.428,0.424,0.315,0.440,0.463,0.518,0.426
low-trust-conflict,Low-trust conflict,Lower public trust and higher legislature-court conflict.,ombudsman-triggered-review,Ombudsman-triggered constitutional review,synthetic_mechanism,ombudsman_triggered_review,doctrine,administrative_state,1381,1381,166165,164784,1.000,0.008,0.966,0.760,0.046,0.069,0.056,0.734,0.681,0.170,0.075,0.027,0.852,0.665,2.713,0.525,0.582,0.697,0.205,0.450,0.502,0.382,0.395,0.588,0.626,0.540,0.586,0.832,0.437,0.236,0.141,0.285,0.451,0.192,0.053,0.259,0.016,0.960,0.902,0.737,0.333,0.896,0.466,0.450,0.484,0.495,0.527
low-trust-conflict,Low-trust conflict,Lower public trust and higher legislature-court conflict.,ombudsman-triggered-review,Ombudsman-triggered constitutional review,synthetic_mechanism,ombudsman_triggered_review,doctrine,criminal_procedure,1361,1361,147421,146060,1.000,0.009,0.853,0.711,0.061,0.699,0.646,0.667,0.716,0.295,0.750,0.115,0.712,0.609,2.402,0.627,0.567,0.653,0.293,0.439,0.537,0.426,0.342,0.580,0.592,0.524,0.587,0.850,0.404,0.259,0.169,0.281,0.417,0.195,0.089,0.191,0.014,0.974,0.911,0.738,0.334,0.884,0.457,0.449,0.469,0.490,0.519
low-trust-conflict,Low-trust conflict,Lower public trust and higher legislature-court conflict.,ombudsman-triggered-review,Ombudsman-triggered constitutional review,synthetic_mechanism,ombudsman_triggered_review,doctrine,election_law,1329,1329,136475,135146,1.000,0.010,0.816,0.705,0.051,0.739,0.691,0.817,0.706,0.322,0.739,0.361,0.921,0.645,2.702,0.719,0.584,0.646,0.313,0.431,0.544,0.430,0.346,0.577,0.582,0.539,0.586,0.859,0.384,0.281,0.176,0.293,0.397,0.192,0.094,0.186,0.011,0.976,0.908,0.741,0.335,0.915,0.456,0.457,0.483,0.495,0.529
low-trust-conflict,Low-trust conflict,Lower public trust and higher legislature-court conflict.,ombudsman-triggered-review,Ombudsman-triggered constitutional review,synthetic_mechanism,ombudsman_triggered_review,doctrine,emergency_powers,1393,1393,148808,147415,1.000,0.009,0.849,0.721,0.137,0.466,0.419,0.706,0.680,0.274,0.466,0.436,0.863,0.573,1.969,0.590,0.560,0.647,0.283,0.440,0.521,0.419,0.393,0.581,0.591,0.533,0.587,0.847,0.426,0.279,0.134,0.296,0.420,0.164,0.056,0.240,0.011,0.972,0.912,0.743,0.335,0.878,0.476,0.449,0.449,0.495,0.519
low-trust-conflict,Low-trust conflict,Lower public trust and higher legislature-court conflict.,ombudsman-triggered-review,Ombudsman-triggered constitutional review,synthetic_mechanism,ombudsman_triggered_review,doctrine,equality,1361,1361,139865,138504,1.000,0.010,0.811,0.712,0.054,0.893,0.808,0.738,0.749,0.267,0.952,0.401,0.698,0.599,2.322,0.569,0.527,0.653,0.306,0.437,0.551,0.450,0.324,0.579,0.589,0.519,0.587,0.849,0.433,0.260,0.167,0.256,0.422,0.184,0.088,0.237,0.011,0.977,0.915,0.745,0.334,0.884,0.453,0.451,0.465,0.490,0.518
low-trust-conflict,Low-trust conflict,Lower public trust and higher legislature-court conflict.,ombudsman-triggered-review,Ombudsman-triggered constitutional review,synthetic_mechanism,ombudsman_triggered_review,doctrine,federalism,1331,1331,155333,154002,1.000,0.009,0.954,0.774,0.041,0.119,0.082,0.713,0.681,0.194,0.126,0.056,0.939,0.680,2.776,0.815,0.658,0.691,0.247,0.463,0.500,0.385,0.374,0.583,0.623,0.544,0.586,0.856,0.385,0.285,0.159,0.337,0.440,0.153,0.074,0.174,0.016,0.962,0.898,0.737,0.334,0.911,0.467,0.455,0.491,0.498,0.532
low-trust-conflict,Low-trust conflict,Lower public trust and higher legislature-court conflict.,ombudsman-triggered-review,Ombudsman-triggered constitutional review,synthetic_mechanism,ombudsman_triggered_review,doctrine,speech,1444,1444,155598,154154,1.000,0.009,0.841,0.717,0.050,0.721,0.668,0.687,0.704,0.223,0.758,0.279,0.614,0.588,2.249,0.508,0.521,0.659,0.279,0.445,0.544,0.442,0.327,0.583,0.598,0.518,0.587,0.841,0.425,0.243,0.159,0.247,0.417,0.177,0.087,0.272,0.013,0.973,0.912,0.741,0.333,0.870,0.453,0.446,0.461,0.486,0.513
low-trust-conflict,Low-trust conflict,Lower public trust and higher legislature-court conflict.,constitutional-public-defender,Constitutional public defender access model,synthetic_mechanism,constitutional_public_defender,doctrine,administrative_state,1381,1381,181325,179944,1.000,0.008,0.969,0.778,0.000,0.098,0.083,0.880,0.598,0.109,0.103,1.000,0.852,0.665,2.713,0.525,0.582,0.702,0.195,0.452,0.503,0.382,0.395,0.586,0.635,0.529,0.614,0.803,0.446,0.237,0.139,0.272,0.437,0.252,0.052,0.280,0.016,0.961,0.908,0.723,0.334,0.884,0.463,0.449,0.484,0.529,0.530
low-trust-conflict,Low-trust conflict,Lower public trust and higher legislature-court conflict.,constitutional-public-defender,Constitutional public defender access model,synthetic_mechanism,constitutional_public_defender,doctrine,criminal_procedure,1361,1361,161285,159924,1.000,0.008,0.855,0.768,0.001,0.683,0.677,0.842,0.683,0.119,0.729,1.000,0.712,0.609,2.402,0.627,0.567,0.668,0.285,0.447,0.544,0.426,0.342,0.578,0.610,0.514,0.615,0.822,0.408,0.249,0.181,0.274,0.404,0.196,0.082,0.209,0.013,0.975,0.917,0.728,0.336,0.866,0.455,0.448,0.469,0.526,0.522
low-trust-conflict,Low-trust conflict,Lower public trust and higher legislature-court conflict.,constitutional-public-defender,Constitutional public defender access model,synthetic_mechanism,constitutional_public_defender,doctrine,election_law,1329,1329,151128,149799,1.000,0.009,0.816,0.744,0.003,0.796,0.717,0.898,0.755,0.071,0.796,1.000,0.921,0.645,2.702,0.719,0.584,0.657,0.308,0.434,0.549,0.430,0.346,0.575,0.594,0.528,0.614,0.831,0.388,0.284,0.179,0.293,0.409,0.186,0.090,0.184,0.011,0.977,0.913,0.725,0.335,0.892,0.455,0.453,0.482,0.527,0.530
low-trust-conflict,Low-trust conflict,Lower public trust and higher legislature-court conflict.,constitutional-public-defender,Constitutional public defender access model,synthetic_mechanism,constitutional_public_defender,doctrine,emergency_powers,1393,1393,164020,162627,1.000,0.008,0.864,0.758,0.015,0.473,0.438,0.861,0.667,0.145,0.473,1.000,0.863,0.573,1.969,0.590,0.560,0.670,0.258,0.445,0.528,0.419,0.393,0.581,0.610,0.522,0.615,0.816,0.419,0.249,0.161,0.281,0.444,0.184,0.082,0.262,0.011,0.972,0.917,0.720,0.336,0.859,0.475,0.446,0.448,0.528,0.521
low-trust-conflict,Low-trust conflict,Lower public trust and higher legislature-court conflict.,constitutional-public-defender,Constitutional public defender access model,synthetic_mechanism,constitutional_public_defender,doctrine,equality,1361,1361,154570,153209,1.000,0.009,0.811,0.774,0.003,0.873,0.836,0.912,0.784,0.059,0.926,1.000,0.698,0.599,2.322,0.569,0.527,0.668,0.300,0.443,0.557,0.450,0.324,0.577,0.607,0.508,0.615,0.820,0.412,0.262,0.181,0.265,0.429,0.192,0.110,0.231,0.012,0.978,0.919,0.732,0.336,0.860,0.451,0.447,0.464,0.524,0.519
low-trust-conflict,Low-trust conflict,Lower public trust and higher legislature-court conflict.,constitutional-public-defender,Constitutional public defender access model,synthetic_mechanism,constitutional_public_defender,doctrine,federalism,1331,1331,170073,168742,1.000,0.008,0.957,0.784,0.000,0.131,0.103,0.833,0.548,0.060,0.138,1.000,0.939,0.680,2.776,0.815,0.658,0.694,0.237,0.464,0.501,0.385,0.374,0.580,0.629,0.533,0.614,0.827,0.411,0.263,0.142,0.312,0.442,0.158,0.068,0.166,0.017,0.963,0.903,0.721,0.335,0.897,0.466,0.452,0.491,0.532,0.535
low-trust-conflict,Low-trust conflict,Lower public trust and higher legislature-court conflict.,constitutional-public-defender,Constitutional public defender access model,synthetic_mechanism,constitutional_public_defender,doctrine,speech,1444,1444,171205,169761,1.000,0.008,0.842,0.774,0.002,0.723,0.686,0.839,0.679,0.098,0.679,1.000,0.614,0.588,2.249,0.508,0.521,0.673,0.273,0.451,0.549,0.442,0.327,0.581,0.615,0.506,0.615,0.812,0.424,0.235,0.176,0.264,0.449,0.166,0.092,0.267,0.012,0.975,0.919,0.723,0.335,0.848,0.452,0.443,0.460,0.521,0.515
low-trust-conflict,Low-trust conflict,Lower public trust and higher legislature-court conflict.,rights-impact-statement-review,Rights-impact statements before review,synthetic_mechanism,rights_impact_statement,doctrine,administrative_state,1381,1381,1573,192,1.000,0.878,0.986,0.825,0.045,0.042,0.005,0.729,0.703,0.198,0.036,0.047,0.852,0.665,2.713,0.525,0.582,0.736,0.201,0.447,0.506,0.492,0.395,0.595,0.657,0.521,0.682,0.769,0.447,0.222,0.128,0.300,0.482,0.209,0.059,0.318,0.021,0.918,0.864,0.675,0.419,0.456,0.364,0.435,0.495,0.547,0.451
low-trust-conflict,Low-trust conflict,Lower public trust and higher legislature-court conflict.,rights-impact-statement-review,Rights-impact statements before review,synthetic_mechanism,rights_impact_statement,doctrine,criminal_procedure,1361,1361,1547,186,1.000,0.880,0.940,0.783,0.056,0.500,0.377,0.761,0.713,0.298,0.548,0.117,0.712,0.609,2.402,0.627,0.567,0.693,0.259,0.451,0.526,0.537,0.342,0.591,0.638,0.497,0.682,0.782,0.420,0.243,0.168,0.266,0.450,0.158,0.080,0.245,0.019,0.928,0.870,0.675,0.417,0.430,0.360,0.428,0.479,0.536,0.440
low-trust-conflict,Low-trust conflict,Lower public trust and higher legislature-court conflict.,rights-impact-statement-review,Rights-impact statements before review,synthetic_mechanism,rights_impact_statement,doctrine,election_law,1329,1329,1494,165,1.000,0.890,0.928,0.790,0.042,0.576,0.418,0.715,0.733,0.309,0.576,0.376,0.921,0.645,2.702,0.719,0.584,0.688,0.279,0.451,0.532,0.541,0.346,0.588,0.634,0.507,0.682,0.791,0.430,0.255,0.163,0.282,0.421,0.160,0.078,0.205,0.018,0.931,0.866,0.683,0.417,0.463,0.359,0.435,0.492,0.540,0.449
low-trust-conflict,Low-trust conflict,Lower public trust and higher legislature-court conflict.,rights-impact-statement-review,Rights-impact statements before review,synthetic_mechanism,rights_impact_statement,doctrine,emergency_powers,1393,1393,1976,583,1.000,0.705,0.933,0.787,0.129,0.305,0.155,0.774,0.732,0.264,0.305,0.422,0.863,0.573,1.969,0.590,0.560,0.690,0.259,0.438,0.512,0.513,0.393,0.590,0.631,0.522,0.682,0.781,0.421,0.258,0.142,0.308,0.431,0.151,0.064,0.236,0.017,0.927,0.870,0.676,0.419,0.437,0.385,0.430,0.457,0.544,0.444
low-trust-conflict,Low-trust conflict,Lower public trust and higher legislature-court conflict.,rights-impact-statement-review,Rights-impact statements before review,synthetic_mechanism,rights_impact_statement,doctrine,equality,1361,1361,1541,180,1.000,0.883,0.922,0.798,0.048,0.737,0.610,0.758,0.763,0.263,0.808,0.403,0.698,0.599,2.322,0.569,0.527,0.692,0.279,0.453,0.544,0.561,0.324,0.590,0.640,0.489,0.682,0.781,0.409,0.267,0.164,0.259,0.438,0.149,0.079,0.240,0.016,0.939,0.877,0.682,0.416,0.423,0.357,0.426,0.472,0.532,0.436
low-trust-conflict,Low-trust conflict,Lower public trust and higher legislature-court conflict.,rights-impact-statement-review,Rights-impact statements before review,synthetic_mechanism,rights_impact_statement,doctrine,federalism,1331,1331,1496,165,1.000,0.890,0.982,0.841,0.040,0.067,0.004,0.709,0.788,0.145,0.064,0.048,0.939,0.680,2.776,0.815,0.658,0.731,0.241,0.459,0.503,0.497,0.374,0.589,0.656,0.524,0.681,0.793,0.437,0.240,0.129,0.299,0.443,0.162,0.056,0.203,0.023,0.920,0.859,0.674,0.421,0.473,0.366,0.440,0.503,0.551,0.457
low-trust-conflict,Low-trust conflict,Lower public trust and higher legislature-court conflict.,rights-impact-statement-review,Rights-impact statements before review,synthetic_mechanism,rights_impact_statement,doctrine,speech,1444,1444,1631,187,1.000,0.885,0.936,0.787,0.051,0.670,0.413,0.782,0.756,0.305,0.699,0.315,0.614,0.588,2.249,0.508,0.521,0.696,0.250,0.454,0.534,0.553,0.327,0.594,0.643,0.489,0.683,0.773,0.446,0.224,0.142,0.240,0.467,0.136,0.062,0.274,0.018,0.928,0.871,0.677,0.416,0.411,0.356,0.422,0.467,0.530,0.432
low-trust-conflict,Low-trust conflict,Lower public trust and higher legislature-court conflict.,mandatory-legislative-response,Mandatory legislative response cycles,synthetic_mechanism,mandatory_legislative_response,doctrine,administrative_state,1381,1381,1484,103,1.000,0.931,0.989,0.758,0.000,0.019,0.036,0.845,0.563,0.078,0.011,1.000,0.852,0.665,2.713,0.525,0.582,0.724,0.186,0.450,0.504,0.496,0.395,0.605,0.652,0.296,0.598,0.977,0.462,0.237,0.127,0.274,0.460,0.217,0.050,0.271,0.021,0.928,0.886,0.648,0.315,0.502,0.297,0.346,0.429,0.518,0.404
low-trust-conflict,Low-trust conflict,Lower public trust and higher legislature-court conflict.,mandatory-legislative-response,Mandatory legislative response cycles,synthetic_mechanism,mandatory_legislative_response,doctrine,criminal_procedure,1361,1361,1456,95,1.000,0.935,0.889,0.679,0.001,0.520,0.581,0.837,0.633,0.092,0.530,1.000,0.712,0.609,2.402,0.627,0.567,0.712,0.226,0.461,0.545,0.541,0.342,0.602,0.631,0.190,0.599,0.986,0.388,0.265,0.180,0.271,0.440,0.173,0.083,0.215,0.019,0.940,0.893,0.657,0.313,0.476,0.293,0.339,0.428,0.522,0.398
low-trust-conflict,Low-trust conflict,Lower public trust and higher legislature-court conflict.,mandatory-legislative-response,Mandatory legislative response cycles,synthetic_mechanism,mandatory_legislative_response,doctrine,election_law,1329,1329,1427,98,1.000,0.931,0.852,0.667,0.003,0.633,0.628,0.898,0.755,0.133,0.633,1.000,0.921,0.645,2.702,0.719,0.584,0.704,0.252,0.455,0.552,0.544,0.346,0.597,0.619,0.197,0.598,0.992,0.381,0.272,0.199,0.275,0.436,0.158,0.102,0.192,0.016,0.941,0.889,0.658,0.314,0.509,0.294,0.347,0.444,0.527,0.409
low-trust-conflict,Low-trust conflict,Lower public trust and higher legislature-court conflict.,mandatory-legislative-response,Mandatory legislative response cycles,synthetic_mechanism,mandatory_legislative_response,doctrine,emergency_powers,1393,1393,1834,441,1.000,0.760,0.916,0.710,0.010,0.295,0.294,0.889,0.732,0.129,0.295,1.000,0.863,0.573,1.969,0.590,0.560,0.711,0.208,0.453,0.522,0.519,0.393,0.603,0.634,0.250,0.599,0.983,0.425,0.236,0.164,0.276,0.441,0.159,0.075,0.253,0.017,0.936,0.892,0.651,0.315,0.482,0.315,0.341,0.403,0.522,0.399
low-trust-conflict,Low-trust conflict,Lower public trust and higher legislature-court conflict.,mandatory-legislative-response,Mandatory legislative response cycles,synthetic_mechanism,mandatory_legislative_response,doctrine,equality,1361,1361,1463,102,1.000,0.930,0.849,0.667,0.003,0.701,0.752,0.869,0.822,0.103,0.741,1.000,0.698,0.599,2.322,0.569,0.527,0.719,0.231,0.463,0.560,0.564,0.324,0.601,0.628,0.156,0.599,0.983,0.426,0.242,0.180,0.255,0.430,0.170,0.085,0.247,0.017,0.950,0.898,0.656,0.312,0.469,0.291,0.337,0.428,0.522,0.396
low-trust-conflict,Low-trust conflict,Lower public trust and higher legislature-court conflict.,mandatory-legislative-response,Mandatory legislative response cycles,synthetic_mechanism,mandatory_legislative_response,doctrine,federalism,1331,1331,1445,114,1.000,0.921,0.983,0.774,0.000,0.026,0.050,0.895,0.711,0.079,0.027,1.000,0.939,0.680,2.776,0.815,0.658,0.718,0.228,0.464,0.502,0.499,0.374,0.599,0.649,0.299,0.598,0.995,0.407,0.277,0.143,0.303,0.446,0.141,0.070,0.198,0.022,0.930,0.879,0.647,0.317,0.520,0.302,0.351,0.436,0.523,0.411
low-trust-conflict,Low-trust conflict,Lower public trust and higher legislature-court conflict.,mandatory-legislative-response,Mandatory legislative response cycles,synthetic_mechanism,mandatory_legislative_response,doctrine,speech,1444,1444,1542,98,1.000,0.936,0.876,0.680,0.002,0.667,0.593,0.824,0.725,0.108,0.667,1.000,0.614,0.588,2.249,0.508,0.521,0.715,0.216,0.465,0.551,0.557,0.327,0.604,0.634,0.180,0.599,0.978,0.410,0.244,0.175,0.242,0.441,0.177,0.089,0.284,0.017,0.941,0.893,0.651,0.312,0.457,0.289,0.334,0.419,0.516,0.390
