weightDraw,rightsProtection,democraticResponsiveness,legalStability,legitimacy,complianceRate,caseSelectionAccess,totalInstitutionalCost,vetoRelocationRisk,averageTimeToReview,shadowDocketAbuse,constitutionalConflict,administrativeLoad
0,0.15501774921550918,0.023939206824643525,0.020759657254788903,0.11491569200700065,0.06911205467236678,0.07441404371664016,0.011406101202885842,0.15753453989618688,0.012684197687287246,0.008729956245129117,0.18056979694199607,0.17091700433556575
1,0.06510243980433057,0.18830877959442235,0.012834033710410782,0.026743185167656055,0.03583379381669298,0.06579185163673662,0.17532422570114126,0.0021959779253744012,0.3352312970477687,0.017553411860575144,0.06157425700515573,0.013506746729735352
2,0.06484683247488532,0.140034329900044,0.024062522171149174,0.0008697192565203789,0.03173366095204142,0.12608804130084478,0.11049280030725595,0.18564706594230196,0.15861431268157414,0.006933741787079548,0.0033578945649854696,0.14731907866131794
3,0.10808478089580159,0.026568053820875705,0.01376407239330034,0.02017375074308859,0.014486428346260367,0.0714036430894691,0.6623004772472721,0.017544083434461382,0.0043741803739747,0.0008403685690894307,0.019990261499746892,0.04046989958665975
4,0.06900802277631038,0.2846086754687865,0.19574174918493195,0.002945197967708628,0.147215019086098,0.04986254063147523,0.0066060149788052785,0.02182306501014923,0.00398943063439748,0.01774190899783822,0.0762077531263468,0.12425062213715238
5,0.0033335434051033844,0.13203322227538097,0.0045948446305727865,0.05572984467510816,0.23452703275305178,0.07277236118962836,0.2594142663028969,0.1282000093840165,0.08921807580644239,0.0036772370915506463,0.010615441596642537,0.005884120889605619
6,0.05880128087509422,0.0067877801380363525,0.1717068786001658,0.04474492826915295,0.19190346989402776,0.018906400026790178,0.18726773519493864,0.05568954381712294,0.21155388854135262,0.012125412190147674,0.03441969095069222,0.006092991502478601
7,0.19863150367630195,0.12379291129182869,0.04021974334969031,0.028141652467924442,0.005381919371412242,0.1756524870493847,0.06511045836325499,0.0588429972620324,0.07507149666117892,0.01859505580995454,0.13654727347477155,0.07401250122226521
8,0.025315721465580282,0.05495009889225374,0.010488240904061646,0.024103635151739036,0.0173858514978861,0.04134519142911054,0.3219428218499217,0.011947626453081705,0.16646614638829083,0.10310125763720986,0.011755298763137847,0.21119810956772683
9,0.022744002688274083,0.015461016302342916,0.07100771092475162,0.23153569053888054,0.045927310542861616,0.006561804189887114,0.02202226906097501,0.008789587007753924,0.31045124905667576,0.1385167190518641,0.05292640465539806,0.0740562359803352
10,0.006849054498985609,0.07482266021045689,0.01830460121534095,0.10511355071067541,0.23619484880855215,0.03724724798063371,0.03971077339047213,0.12906199615741537,0.03822214907258346,0.19680935584432277,0.07449669869822258,0.043167063412339036
11,0.1031730258366868,0.06532213619742412,0.12095918181816002,0.02316352537416315,0.13095329328412544,0.0038337269577159816,0.0043448107486118185,0.16413093392272235,0.031928721907528004,0.15261621011196458,0.024303180419723337,0.17527125342117433
12,0.0010541000157655276,0.13494378822910125,0.05707100930654665,0.043165354894308734,0.25489467563118895,0.16459014669771152,0.0013723668665627075,0.1398614149766515,0.03731853351427755,0.035174029017985387,0.08024162230152428,0.0503129585483759
13,0.057243689833795,0.061443439182806814,0.043389556707836514,0.1476215965783161,0.13639468830929777,0.04390756276753239,0.13028208398903976,0.09310641381680503,0.010906252457762989,0.0767488697849195,0.027804131869943356,0.17115171470194476
14,0.16419137672499695,0.050390824226951944,0.07874020824128224,0.03819242234841327,0.037331386844978616,0.1555585105763192,0.030418208575075937,0.15099360968660971,0.05888535973510305,0.13466653882694427,0.08823491101995225,0.012396643193372527
15,0.022589074752000088,0.018806790256752012,0.03376717942179131,0.08780479124410666,0.06747406006210789,0.19071893920862723,0.17149906377693167,0.1548072761283369,0.03085612175155901,0.006114325575860705,0.11113862536496069,0.1044237524569659
16,0.07273635211858515,0.1301137125647338,0.008524403828226022,0.021889639227336014,0.08383370744858692,0.2795677503458305,0.1292988750205386,0.010813994008140784,0.06896956648448063,0.1448236832579465,0.015657856274754633,0.03377045942084041
17,0.1266080258833275,0.0817744495225693,0.010832023490650695,0.05761420157400561,0.042197045012768074,0.013818484575016245,0.20459656506384075,0.012731269569923362,0.043678983403244546,0.043778054495500096,0.16038947038073534,0.20198142702841843
18,0.0657241461338887,0.034430358448801344,0.05232983935360813,0.27908683309421106,0.01906526876244438,0.02556284203902539,0.009506566007978503,0.06297705584345353,0.09731476863195163,0.1877502791694743,0.12088928401485416,0.045362758500308915
19,0.11050565693581961,0.10539292321888712,0.1406492080981476,0.2158668937950672,0.00593230951663866,0.008556047619342557,0.04009915305630577,0.03329355827797637,0.08850295937640362,0.023196879071907713,0.18001486191317356,0.047989549120330155
20,0.20051889077835627,0.21206215625897312,0.035864233210408825,0.049143722357952536,0.05973176771544243,0.012143786168622765,0.11195159508882524,0.06717717032591446,0.061946593463399556,0.026466522275262347,0.03420852164903129,0.12878504070781113
21,0.010072233358952708,0.041960208320220696,0.06622120334944644,0.2621795072924529,0.05946819071542145,0.10720228105503889,0.022378536319698786,0.06500204939503156,0.011377265642159748,0.26170428252938205,0.020283723663564603,0.07215051835863015
22,0.0584129444609093,0.05525715398706395,0.008838009305664913,0.13958790697739107,0.12952630881845117,0.2629133590330684,0.16866590898445563,0.08029787580480913,0.030588009411203345,0.026942254407361997,0.0037388451612006385,0.03523142364842052
23,0.1520124971748223,0.04695224595151549,0.08840587559226509,0.06325548794532732,0.09609409994229928,0.15591646886511173,0.0605058305279146,0.11076624637420879,0.04733548630459358,0.0741867722646535,0.06101368212275426,0.04355530693453412
24,0.02070468748970698,0.02244968125939574,0.07166660798697178,0.09794191752978182,0.12420379100025176,0.15427169632948196,0.33593826449399755,0.01587987815298141,0.00716807258730859,0.09460363420216025,0.03921275676729167,0.015959012200670496
25,0.07779219039750504,0.07123627793911556,0.09134566777885762,0.06358967728897223,0.03924519514478204,0.07256169112744744,0.025465271016108165,0.03627816685375401,0.16299916087469105,0.07567574810643753,0.04797029598026348,0.23584065749206587
26,0.06710016026153261,0.04768258951533706,0.023274032851472556,0.05154348651734971,0.14422502757390518,0.009271354147313567,0.047292862579300585,0.041732491942461314,0.09467175204848415,0.1433397929751529,0.13902748366149376,0.19083896592619656
27,0.005078288509332832,0.06540781909895653,0.20749258497097584,0.046774431382506775,0.013915357623723265,0.18028342350937235,0.014219543641275029,0.019466845502716948,0.15304823288738903,0.04693322483119203,0.1496124031677051,0.09776784487485422
28,0.05378889630403898,0.1989627227657588,0.017693710460921712,0.01828667159766735,0.013213354553939355,0.14715498919285339,0.02263574429722163,0.14569014804747532,0.03376722689584038,0.06670722839759978,0.23539400337712485,0.04670530410955849
29,0.019907499090864617,0.026580360211124882,0.004621765539094328,0.02681265130201661,0.31305446833966616,0.07608376531521112,0.10529392290322562,0.06409499123333734,0.03653341727425641,0.2187461066030051,0.012873186507597837,0.09539786568059999
30,0.04751364319430868,0.09282498122674566,0.2042304540071667,0.005978372879681789,0.14245665317262107,0.13373061380910783,0.008028832462921158,0.01286314708192237,0.0799235007543765,0.0062123763402710435,0.16106065321682414,0.10517677185405311
31,0.10940833072312815,0.17437969417145133,0.09743798904544039,0.11193768059148461,0.04292120853169018,0.22690697482153513,0.015934299383185996,0.026093496272025143,0.1312093241243391,0.0022340189734272875,0.041008522860748346,0.02052846050154429
32,0.13582334480766164,0.0005612114112447653,0.17000030151266687,0.14553307514663902,0.0007957671063837852,0.06874301876441032,0.07580331618371793,0.12257381124548276,0.09505212064506047,0.00644627578957126,0.06361666155586577,0.11505109583129548
33,0.1546524325259918,0.026028885339966598,0.12067262710746494,0.13664922612872005,0.09305193798160562,0.019538421846569044,0.05382018933844501,0.03841040881883593,0.07357277430841519,0.018986159479002198,0.22086955336235514,0.043747383762628544
34,0.060095290315020776,0.03815390693292974,0.03622749918691301,0.08350394222517789,0.14790581548764975,0.12914477927968687,0.26909342700706357,0.051862010074849675,0.0012199848558556293,0.027324748063367363,0.08568188464814426,0.06978671192334146
35,0.02943521386255494,0.2766052278469328,0.10774804839962494,0.05935270487556712,0.024471376316844293,0.02075661807340764,0.07358748388691931,0.12822687564656585,0.05330626696103467,0.025700096122075015,0.12096758551118915,0.07984250249728424
36,0.004874950040843228,0.05970288720244894,0.03716485218919909,0.01418834024562255,0.006332464378465284,0.04198327381424636,0.1172192599939539,0.04761582974309602,0.285527515527123,0.256474770275415,0.03227886868173816,0.09663698790784839
37,0.24589560731779667,0.06895709485689729,0.03168073800047065,0.031974731617466966,0.026936589094066616,0.0047474560996874264,0.18074469629100998,0.11468061396809344,0.07930594598271948,0.008965234998295817,0.1395153351827645,0.06659595659073125
38,0.04000656846376007,0.016235125319115182,0.0297442017635608,0.004702825095894666,0.046562993518520064,0.14676763720890615,0.05632475647283652,0.008245426320348121,0.2827350234422377,0.09063598601045106,0.08397351104026504,0.1940659453441046
39,0.1722106188354645,0.058531311276159105,0.23427286104950923,0.04659202789074051,0.04477929555126917,0.03145853826791611,0.0273187342733407,0.007803764087074801,0.13249325156362135,0.20479258534972392,0.033377788662526386,0.0063692231926542175
40,0.011139490544056285,0.19461244257706428,0.10757153603675106,0.018083980760669274,0.09223575560464227,0.02856281130377253,0.042187764724930646,0.07001106613419222,0.021363574678571272,0.1443411034152252,0.06001787350568787,0.20987260071443706
41,0.022491424175168705,0.10780107202773932,0.14818916579102823,0.0019163409140903571,0.09464256838637967,0.1783159890709395,0.20097562303382036,0.019927821386404417,0.07443523453090715,0.04165050459032735,0.01959563517300925,0.09005862092018566
42,0.10371986286009605,0.023228237780093718,0.004464326325028992,0.06967363726870181,0.04221461491459929,0.0647379862429883,0.06607905742663286,0.30960854321275666,0.18926252112898376,0.02651469761619149,0.09923524788176523,0.001261267342161838
43,0.01296596127829125,0.13100292031098362,0.016507780463612544,0.05470971094810741,0.04381815310316272,0.05661798634363459,0.09339938591856818,0.056550342676113856,0.0938183018673638,0.1037672812940236,0.10999405797971769,0.2268481178164207
44,0.19684247529182364,0.13673822572776123,0.027815942315323784,0.07028671553199783,0.09749074581878622,0.2122312882948215,0.06767550646032364,0.016449081575025472,0.05823087831325546,0.04736930375652554,0.021120740846552407,0.04774909606780326
45,0.013963549471993023,0.02641969569062133,0.2746087305343762,0.19366445762443418,0.04555866275937498,0.0030926918375812707,0.06265393075506429,0.125786259142919,0.09475709046985324,0.14166705408527094,0.007892040181031396,0.009935837447480153
46,0.1737984459287531,0.019826873699040827,0.09665994535287833,0.047940849951000945,0.08331293432339631,0.009305798291123246,0.2620897654391743,0.03432844714898996,0.21179514956866652,0.033079182147990806,0.02641934933181545,0.0014432588171702672
47,0.2505588445469379,0.08064769223231957,0.018830824466946387,0.016055322968843988,0.07569115266514055,0.04256059934947592,0.0739569220147812,0.002025654874388355,0.17237070218155617,0.04077149273315149,0.010552240812255965,0.21597855115420242
48,0.027619790524910374,0.0694000697210347,0.19871333321616289,0.053946234586939326,0.0746160232841147,0.22858103533185106,0.01193645054847877,0.05637670414589401,0.03849050461839482,0.010574404307861251,0.22539210866849071,0.004353341045867362
49,0.24895981124711186,0.002460550193955104,0.04099823947718456,0.05471923395145146,0.1766998209125371,0.06498596221885594,0.0003997524113268987,0.08668419301230017,0.05646169998113252,0.08579097334187276,0.13480630949164585,0.047033453760625725
50,0.06736082561599625,0.17317959011847192,0.08507428012358333,0.011140634783877385,0.10305306344060727,0.017313378051420962,0.2138124282320538,0.017099887421063456,0.05928757473721569,0.019422742519100412,0.17720505415371055,0.05605054080289894
51,0.10193158062136838,0.007408729896466904,0.2145998228877899,0.024601212232942687,0.33821195739815374,0.10860267939149529,0.02301647535786022,0.02132967401493406,0.029694156818723175,0.05141589896924038,0.05557699829676014,0.02361081411426516
52,0.1073534542422987,0.14973606204719211,0.025763753144341272,0.23128746046550583,0.005218898431110557,0.12040398925964053,0.14056307714496136,0.0011659050092074125,0.03313041332212546,0.05169550012900787,0.07744999448631223,0.05623149231829662
53,0.10189963332975131,0.05816009574799229,0.09275814270757488,0.024919831471070474,0.0011364612040187184,0.012888518363844505,0.03254081544127939,0.0061640608526273444,0.12516665206072933,0.41011277329955476,0.04195633720702555,0.09229667831453141
54,0.037437930107534934,0.035548627593396304,0.033774150723715965,0.056679933517690836,0.022811506798510867,0.07467718212612225,0.1412784546179715,0.06944570367975725,0.30480784012579865,0.0010320478104056533,0.1226505278135253,0.09985609508557056
55,0.040121731629243276,0.16989143969467466,0.04997211855442039,0.16749253849814433,0.08467227507578101,0.03864956332066332,0.08041490743925671,0.007221155287052239,0.07999303683607702,0.029343324570248096,0.14963919926518207,0.1025887098292569
56,0.0066542904605629985,0.2989370065583874,0.0898315632834645,0.0631750309322183,0.034209996048157124,0.07885982017268944,0.06681211507628486,0.132124510742724,0.07143407703937228,0.024488487576247612,0.12455867444407276,0.008914427665818762
57,0.029483379234031156,0.12505450904384507,0.038289878849683864,0.006426248840727913,0.04695117336804721,0.05831083003924542,0.09556969396987076,0.037799758506130154,0.06352451083796319,0.13189783414279438,0.051041951806543376,0.31565023136111753
58,0.0057887874657512875,0.3027129631255811,0.03814947040953651,0.1034608278729433,0.03381998281363639,0.04280904005914878,0.007397976164907536,0.026703577694078235,0.13474891982083445,0.03041901760309347,0.22946613718664996,0.04452329978383896
59,0.010734936634980105,0.03711826761630767,0.06279658390130957,0.3739698461966737,0.026871677804246624,0.042942239939393376,0.29538473200595333,0.07459788139909736,0.030530052375843962,0.009442158331229637,0.001085457236611884,0.034526166558352715
60,0.13935468918641197,0.08609123366978147,0.03840494198722392,0.13195632176408617,0.04932179316202083,0.2525996362618651,0.003952281729939731,0.056687948093890723,0.08319875209488221,0.07711188397157309,0.029885679844785698,0.05143483823353908
61,0.06645415932265272,0.01033682383315533,0.02351571254477268,0.17063137147552226,0.020441653994837095,0.09185357049490607,0.015764923467586893,0.03766973820730118,0.0611922252157498,0.37673122948942533,0.0747717899087853,0.05063680204530532
62,0.024970012428722755,0.07829154622984436,0.015278154827694814,0.03324483419251535,0.05540487797408537,0.1404541935491719,0.16601704696654457,0.1650515813128519,0.06172697351686016,0.08723937475006754,0.07161089150180362,0.10071051274983764
63,0.020996746893612542,0.000583599559208798,0.18503230688750408,0.16106216387425773,0.04992042559433161,0.01442460701616449,0.16375748717579358,0.011709750456894001,0.13802462696593898,0.07062088214688136,0.05850635091123159,0.12536105251818122
64,0.027021894797439203,0.08498454525161712,0.03186911325561844,0.006938233531273803,0.17632207467988886,0.04795023464988342,0.08948463057255361,0.3220564053195291,0.11560059588141544,0.005371907254886308,0.009301992764106657,0.08309837204178795
65,0.040572303219124986,0.05226074807935723,0.016827376609712744,0.046946408468867086,0.1124687252511855,0.06046560495173899,0.006927351151496599,0.024304755401091938,0.4830217228946593,0.07090053006975486,0.0556424187562601,0.029662055146750656
66,0.06216280054443903,0.07908973447165779,0.14292317521214581,0.02213135371643033,0.015902636739252296,0.02430964100120632,0.22303109200334212,0.02823817377418932,0.031198851590104028,0.14139218129375003,0.07047597868445228,0.15914438096903066
67,0.0684896966489607,0.17053244804928064,0.0350102860505907,0.0684148435422313,0.17251051596352313,0.018860902787480642,0.04772201742595093,0.008388391953606519,0.057673095310142884,0.06667112184572924,0.17045598718862986,0.11527069323387351
68,0.0688382479915442,0.1630828765886341,0.08513448752570944,0.049466425218748465,0.09446467157195129,0.04081113062029231,0.04851311252827144,0.05754004364585094,0.12667417451193108,0.04637529665997522,0.10154889877016829,0.11755063436692327
69,0.06825746028134988,0.013275207573295773,0.06077807226657248,0.1257633230861717,0.016735046179574775,0.07609882584557012,0.0070633710409969,0.4733908560466742,0.08441295960374351,0.005098345075617696,0.013039927999923909,0.056086605000509035
70,0.05136153472039712,0.051700212747070026,0.06995637455743661,0.09437578389174246,0.15185138079233335,0.1442495340870243,0.011123510953637204,0.10373596204215899,0.012926823156799504,0.10600195884720079,0.06973377475165975,0.1329831494525399
71,0.043676896836044345,0.0925543815332394,0.042232038984560454,0.03471165761209577,0.2595913316213588,0.04377868580242221,0.04182163389282395,0.004793104606305959,0.015497041382944752,0.2686964356000592,0.035347685798688876,0.11729910632945639
72,0.1154344765773492,0.01033575638909435,0.07095723232811856,0.20854173954896235,0.1545715861974831,0.03474905720831565,0.06960988514228447,0.107388535364734,0.19018608974230425,0.014461312872875814,0.019850211580647648,0.003914117047830549
73,0.05023129974993494,0.25426193154845345,0.0013518889732700298,0.07764831107544742,0.08326856881386555,0.062269207624742584,0.0932760952272263,0.2001347420831288,0.018999536841083232,0.021510806633728518,0.0501093051313967,0.08693830629772242
74,0.17236550041638699,0.20334659146042813,0.1631196689976095,0.028606722317579915,0.05643100586796946,0.21263597818700786,0.006956676094909958,0.041739473859362095,0.021761168619342238,0.008322782325242147,0.05820940864944164,0.026505023204720066
75,0.12084537639463641,0.21463392191291628,0.16815630564495093,0.010616844754206699,0.03621316633746096,0.05020062389009863,0.004353270437201711,0.07493924508989024,0.0516738504908929,0.03431807065526867,0.02548041649593951,0.20856890789653698
76,0.06784960272223249,0.03180365804973588,0.005421880873096355,0.07262928097521934,0.06502497866246308,0.029436428250945328,0.08705986906800363,0.07695615106427056,0.0936963492591803,0.18556523385778567,0.045181036469595585,0.23937553074747178
77,0.22330530393199546,0.09920612532208822,0.06054449470794169,0.31099785621788223,0.025572735066245793,0.0004319024658489271,0.028183602553620214,0.08548409264905912,0.06233266169507261,0.04138041283809958,0.005483703980516842,0.05707710857162918
78,0.0273295816179003,0.13601863608527304,0.13163222778105818,0.044018211429429216,0.25077197310445576,0.016613436732356265,0.07352048445680247,0.010947033986363748,0.013205334799103501,0.00636157837003957,0.10308440907115438,0.18649709256606367
79,0.0056208198200964395,0.22318691680980793,0.05057246893902929,0.07784289496576252,0.03230499371668207,0.10019577375003834,0.02201758261902263,0.0012143871171963984,0.11284678559909492,0.13188274341363465,0.10685938295886531,0.13545525029076955
80,0.1356916599630029,0.21075121216134887,0.09362331287063444,0.11501116205598985,0.028930479010368798,0.07702699017749728,0.07218825342213271,0.05306594900602208,0.04043268335811474,0.055572623250984596,0.1153963095264875,0.0023093651974162065
81,0.15947332811979414,0.01413638387330827,0.0799780853619514,0.19900310102389207,0.00807204545925464,0.06598251650659598,0.05704185876568552,0.22219404143336585,0.00795763784345657,0.11503185072062162,0.06730577301329577,0.003823377878778143
82,0.21319979447768084,0.23936747305646913,0.02611360046211583,0.02591992322656093,0.06745257123132402,0.07144434639821022,0.13163739383634265,0.013092391315401243,0.00749817287774625,0.12102684433120155,0.062252098724564886,0.020995390062382543
83,0.16504976107224972,0.05631410845708187,0.033979839572842264,0.009219849535937004,0.007820702819492998,0.11547162417595144,0.12037535913144398,0.028334195762000473,0.08479975987219517,0.10341108715685897,0.04724892587651491,0.22797478656743123
84,0.10999941681872684,0.009575133226582919,0.018149225880483,0.10847238748464218,0.2046755100271413,0.11675884532015199,0.06996251622063349,0.05828234825501548,0.05608216149111314,0.18453098407186638,0.009457100960163117,0.05405437024348023
85,0.09995337074426114,0.01287604467675512,0.16714721070922484,0.242725609078655,0.21897670544585632,0.017592232337613638,0.08117707285861879,0.006842075741963086,0.01617772345146818,0.04179662422377183,0.08632723219728294,0.008408098534529163
86,0.005663256210306456,0.1432466982640679,0.18103601613992262,0.060544810425107724,0.2343975861329188,0.03959832497677748,0.06603472501173627,0.07354525035406495,0.032112134206240976,0.09116794754663174,0.03445875287688714,0.03819449785533795
87,0.10681772575716615,0.0056752415155212855,0.01629555958677922,0.024283769428491742,0.25439126913767596,0.03207108364008958,0.034125992915007786,0.010035759275698834,0.018601930881675968,0.08931684363079907,0.397428950416911,0.01095587381418344
88,0.0033355830223431794,0.09167046046839417,0.3950017172447434,0.0406587123056609,0.12460225950380839,0.06056465070551466,0.02326129542223601,0.037740130652606105,0.010061199220823781,0.01547849918717435,0.17538080578739954,0.022244686479295533
89,0.0838218794212209,0.033235328377624274,0.10947615096067509,0.01866925788347492,0.08198175310462368,0.01582063074732188,0.07238364912991596,0.15584843343620267,0.12859116939992948,0.11428959973331065,0.03331709800949181,0.1525650497962087
90,0.029506260491946587,0.036343313043839386,0.11204549026770978,0.02325015324227628,0.10956112970347553,0.095453985623418,0.31831885203341226,0.08024873722925925,0.04326425459890418,0.08030105916514438,0.035345750376236475,0.036361014224377895
91,0.004665665859530723,0.026028749038055136,0.14623618819410605,0.17436081354892385,0.2145500548100378,0.17350954937949914,0.07004707112867029,0.024572473043653863,0.011161874614057836,0.04354103018630976,0.015664182390060927,0.09566234780709464
92,0.060399608638981396,0.03719252059825619,0.09354953570021432,0.007626746826850775,0.033430205835434185,0.01839226492248185,0.14866664279054012,0.014492744190568077,0.16427335175841132,0.05807313715763764,0.05949190921335641,0.3044113323672677
93,0.00805914962996486,0.16111147681171678,0.1077177870376963,0.08649869475329532,0.007849367629847982,0.11175267740432886,0.19845138769815954,0.04702438266878251,0.07216079659937726,0.017352209994699448,0.11519526715477006,0.06682680261736111
94,0.009608273338344272,0.0564261693060851,0.11281908457478533,0.03666020488654666,0.07514606289307155,0.18066033249451244,0.009454951073983775,0.06584560962743168,0.007538372174799335,0.034626599459459874,0.2875253554369894,0.12368898473399052
95,0.03053280763407883,0.08804251234341251,0.19306152405569713,0.017718069712113392,0.007480686159694739,0.0028858028069253822,0.05606546494133852,0.15169800251044474,0.08196075899976107,0.0976017970251175,0.1933653794458117,0.07958719436560446
96,0.04685276211253623,0.1850234551235556,0.13211867857563048,0.06519306444326825,0.010188583879110263,0.0384122838051309,0.00950647840701278,0.018541524156505354,0.11325939109987111,0.05549101256137412,0.030934618051368365,0.29447814778463655
97,0.09099684312509097,0.01173682046373049,0.07601051336916599,0.16531836273052444,0.12341944920475208,0.029789240938965896,0.09900229226913738,0.05779505991546564,0.003527703452973456,0.31045096764004004,0.03158171207227378,0.00037103481787986953
98,0.10011779525704396,0.14051446898898073,0.04251629985312697,0.10063231786837908,0.054389916648106676,0.15362085947155094,0.013487102208402029,0.05736282534476654,0.1420054808788081,0.15114176657596043,0.030346593917302746,0.01386457298757173
99,0.18845307663431288,0.0666621344046953,0.06180507888179538,0.003160584334226112,0.12078620738789828,0.07587633110527285,0.16321503471226623,0.011726731646931167,0.0060751313236385475,0.043046250706080695,0.20465505626341693,0.054538382599465536
100,0.06271691781327048,0.033219830009699906,0.0013537613077215097,0.03438896027560509,0.05950384604920576,0.2020309675323554,0.28693163734788096,0.03210805861054638,0.002174790720867772,0.14596417802632342,0.04878033385791965,0.0908267184486037
101,0.04267071754525828,0.09047583552590051,0.09185940448145419,0.09815104554299797,0.002110947723642152,0.17576115075342963,0.054809418922424344,0.03289896223997383,0.12037724587625356,0.21273678137914737,0.010420828412022552,0.06772766159749569
102,0.17728005318582113,0.04190165317219493,0.04454033894816909,0.11459445402609485,0.15311672525042433,0.14830232062216697,0.06916319679283917,0.011784027551826112,0.0793981339426134,0.007636757126973814,0.09505914408915321,0.05722319529172292
103,0.07990976727216087,0.16665986036561006,0.0008684743705351298,0.0005898406401297904,0.025469694576962756,0.03370074495289798,0.239165003211233,0.15680689616684032,0.033394518513041045,0.01263856398237152,0.059924683928585784,0.1908719520196317
104,0.14765671688006,0.009222173186570858,0.20539704734781503,0.019587473730473693,0.050829023105079287,0.029025708649491777,0.21505965744245148,0.14990326717523417,0.013319637093333402,0.0644328144279039,0.01797480574053649,0.0775916752210499
105,0.22917727884688294,0.02559951804675879,0.15728342720944294,0.025097186330034497,0.0252014438863389,0.1676441210092295,0.02005215702389521,0.18065105622194527,0.12980606805349407,0.024866095422572024,0.006261242504180151,0.008360405445225757
106,0.15273286001211817,0.028080082701658855,0.015500111996136644,0.10562604171699701,0.16159307502070883,0.08953203484816881,0.01677698843972766,0.026784861696636162,0.014190979963997014,0.06996538449942305,0.20506902430397767,0.11414855480045008
107,0.06006512326197016,0.0873850578511519,0.036043166461169965,0.05337807608108534,0.28159174817287763,0.19454505195825006,0.03555008242680972,0.05474815500812362,0.0878046722997177,0.010464264994132944,0.04711286420734003,0.051311737277370977
108,0.038451701462667326,0.06238471487496771,0.04222218792532341,0.13245942065102725,0.05020625224924411,0.065076951159392,0.018799448496445055,0.13464010854389938,0.0987054494545657,0.15647833565084077,0.15196201582239346,0.04861341370923379
109,0.0333028266035074,0.21034942483280766,0.06340378178737874,0.22424549559345852,0.01849511783400678,0.05450606811231977,0.18011214735328207,0.1462233004226824,0.005997237981709675,0.03591206480870825,0.020793210332770644,0.006659324337368069
110,0.09834390103268692,0.006524494394987258,0.08293801520360403,0.03398780702898062,0.20499618070903358,0.155974279792367,0.13563074463530733,0.04521936837384379,0.061153960048517406,0.03891561916894243,0.09721833082841425,0.03909729878331541
111,0.002470483666686471,0.04839196412698626,0.009588256296662314,0.040399396785233,0.12764716548238636,0.12460876398658711,0.20071671603846,0.024176303312450378,0.18644104965227315,0.07735153148878317,0.07338204472416912,0.08482632443932263
112,0.23534088361577138,0.07226560504240033,0.007885101054729891,0.07503339646549811,0.06301884600485146,0.09748278252990662,0.10221496312780946,0.020826754668320374,0.2599682490567913,0.01122505862862221,0.041667709434506574,0.013070650370792195
113,0.07865368797969084,0.1444726373737127,0.027859642966286777,0.08129051392290276,0.0012372133501051417,0.010763863867931338,0.12247424993600714,0.1311467819362154,0.17551122847986242,0.051516335287217906,0.12613906596456442,0.0489347789355032
114,0.14726855432992195,0.0008032191768968266,0.018825164022907646,0.005617380079990288,0.06354422438932052,0.019784569227091046,0.4588179452746432,0.04402392158390752,0.03899453735548887,0.013947254750552548,0.12095875315658695,0.06741447665269268
115,0.02088275550906862,0.017122773703450483,0.021802101503039982,0.11444630677293208,0.015762577133533975,0.35152427544287396,0.15094456969370254,0.0003254207634623918,0.023791676050649104,0.19342891777509588,0.0228071006777568,0.06716152497443409
116,0.1726493482822297,0.1341283708355604,0.03447826947856461,0.17610687350948925,0.0240492520339157,0.006192593954614121,0.046753113002493345,0.15877788985485994,0.03131649609254102,0.014707095015246368,0.08408149447418599,0.11675920346629957
117,0.121812636281264,0.03643440503374962,0.05223056526282342,0.09474277990136097,0.02389593463041088,0.31010712518128675,0.015461235406280645,0.272373574516372,0.017988062287408457,0.0052342423188111884,0.007052713523474584,0.04266672565675741
118,0.038314471142940364,0.18660201464390386,0.02109421643244871,0.0076352306608430875,0.1468586388865357,0.08622659806587889,0.01959863468968536,0.04186471818460941,0.011113761577685401,0.21874362833680472,0.050267236281197475,0.17168085109746706
119,0.2577938648639853,0.10174241860621927,0.042252387411671914,0.008309840526030959,0.02408305177036137,0.06981650701027631,0.07430293373811497,0.04592977147321592,0.03477981601405403,0.21013783209183157,0.0544897376041712,0.07636183889006715
120,0.004753053081353652,0.16294761331776728,0.03119972747285767,0.0031138012692965766,0.10567504675512854,0.009390863845497553,0.09924917006179299,0.1269503279595432,0.03738116778163218,0.04680493066566434,0.07415302718531766,0.2983812706041484
121,0.08624503897072967,0.09291321966049781,0.06715488833500127,0.10232038503488286,0.21659628174394316,0.11706336340232702,0.04726016938700591,0.11730441095937423,0.024136925039301264,0.09705743968470644,0.0006916992851324351,0.03125617849709791
122,0.09598557588171575,0.049775556673526886,0.04518188280875696,0.25096423624607495,0.08629606374916463,0.15057490650652955,0.04081966712633307,0.1168576730474007,0.012810936781481212,0.05570102078296228,0.05795716118210586,0.03707531921394814
123,0.08035367113474709,0.18354954158747538,0.019270158515308847,0.04595465934348548,0.06804426283055609,0.34430729903512747,0.1144133206129813,0.02378397338006974,0.051455543900994834,0.020981915948861594,0.022955860155838805,0.024929793554553367
124,0.009040140644675091,0.03638578219412048,0.11123890068446872,0.08000465988457005,0.09202520915765879,0.05875264592251547,0.03537937276904614,0.1137173685001857,0.1395781759699287,0.019654196068438226,0.031777699080441174,0.27244584912395153
125,0.09485586880030944,0.058653692254085926,0.0016364078661359105,0.014781343455581526,0.13844992526162025,0.025969783351379,0.3451230170545569,0.24100795619406692,0.021904096054764115,0.021261859330185744,0.03334086950005512,0.0030151808772592094
126,0.08995998469557162,0.048625057638242354,0.010398186087410916,0.008357772397343465,0.2230608651735777,0.01468743141024767,0.021965382548722556,0.060336288910855344,0.01259367640028126,0.2749150293953855,0.08788618922381,0.14721413611855172
127,0.1036971033348613,0.0024151057624257916,0.11552170733968474,0.04484864426408862,0.015800072940941157,0.057274469373192693,0.06913048814450899,0.04579160634725605,0.28896201421465545,0.0027356471487909903,0.0689804696742957,0.18484267145529854
128,0.041413424798482194,0.1398338067778223,0.055269833543972996,0.010995178973579043,0.05931169718591488,0.2526410198913917,0.0035138014001906154,0.05564038964177426,0.025228292771474616,0.06083012895339572,0.18488373328526722,0.11043869277673447
129,0.11158935815603484,0.07175894697505208,0.28876686053492356,0.012766366713386162,0.01655119519829672,0.01289072317311652,0.04222976467322646,0.1089943048220625,0.11838037427077718,0.025794202719058544,0.18182803544473397,0.008449867319331488
130,0.03506395509198055,0.05675342049247217,0.03410430008407528,0.0407707093232949,0.06260383900840459,0.08580886807468777,0.06270597969584406,0.04445422808951174,0.0008556084795039258,0.4981812714067593,0.03373506334756538,0.044962756905900375
131,0.14241606349469751,0.04112010191567989,0.018541280146996082,0.04318591372914087,0.17730761348329716,0.1822390715153291,0.0844728998790412,0.08800063824496765,0.11079555495422326,0.03576285712333627,0.0073374933891723,0.06882051212411867
132,0.054234756546800156,0.014163147861556768,0.21980939685027806,0.039373880030564266,0.02298751266981365,0.13826583552450322,0.02026203166769055,0.014110475861808037,0.19566569705910414,0.17921755928628802,0.012289625579285111,0.08962008106230793
133,0.03763426138309984,0.21621386218932404,0.16193892866746215,0.09995260639609517,0.1930288328445314,0.05682453443771085,0.06871107712602421,0.009530879795879193,0.02989074940023656,0.0639502361466782,0.03479397253296711,0.027530059079991162
134,0.31046009371087907,0.03781612761642042,0.009889081468372637,0.06363538808124214,0.18967535951737644,0.009202057497242717,0.014330622404738529,0.05050230562664708,0.1062792457680938,0.07075525097293142,0.04691425497353176,0.0905402123625239
135,0.017742999642757207,0.001431731274879953,0.03477763210676866,0.04002339364211848,0.06590668770277115,0.10261080936159955,0.05889227215614672,0.20319004275452227,0.16530730778207225,0.12169945284718049,0.11338843629065358,0.07502923443852973
136,0.03555461900835801,0.01032139317740464,0.03588936511830622,0.21722605645329116,0.13106706024662232,0.0087185252360066,0.07997340405711655,0.04893855519959077,0.13084267084998216,0.20575783132690093,0.012441814913634457,0.08326870441278617
137,0.03326450563857631,0.045838882245400545,0.07490269922439864,0.13720909603555287,0.0037728162118601744,0.17733435051002797,0.26856808864853426,0.03569075040204743,0.046260423436277516,0.041017762864171296,0.019243388253753838,0.11689723652939918
138,0.03367406595665694,0.06632339569334186,0.21586978344546087,0.07060679608311644,0.2359399038404797,0.1968611224460518,0.020390054964391766,0.026105908866405906,0.012967488264789995,0.04296732009823225,0.01711989401420255,0.0611742663268699
139,0.006669560171967537,0.27549065656210747,0.1003983726998738,0.10442314987237267,0.004659445961053866,0.047031845774824374,0.026220154664640505,0.10570977673056312,0.15941612775067282,0.09746806456655907,0.02428875922227429,0.048224086023090404
140,0.11559205135253571,0.022573500271567147,0.002581652943884418,0.08467173760019318,0.014856339457194584,0.0023732865050945452,0.08952208383340389,0.08127236026915698,0.1295716942963022,0.2198774866843765,0.07203932835596742,0.16506847843032346
141,0.0295325223417271,0.15745822323880537,0.020851174208636046,0.0412951937332723,0.05639504627451181,0.20260964276152382,0.01820558925748274,0.07715775167266818,0.3045483170370697,0.058720822081976064,0.026482093342774887,0.006743624049552066
142,0.018503967685265358,0.28689492748251466,0.0529502702045724,0.02134998240721322,0.05535562874481422,0.042777506396161236,0.06595153539353388,0.13255708643516492,0.047194215934068716,0.0641356234617121,0.0050918407062987775,0.2072374151486805
143,0.06754136697222284,0.125279224053431,0.012515632269423996,0.15336819954704095,0.05793706983871767,0.09374922406751762,0.1509898396134984,0.023219575627990773,0.1944129349817696,0.07759801854268049,0.03390206236662938,0.00948685211907722
144,0.11280920913151403,0.20087070452484354,0.15320232528448088,0.021250666253843423,0.21261140621130284,0.07585273892720269,0.02279375209606161,0.022239060581333615,0.04818419928907,0.03470848175670189,0.07650651663475891,0.018970939308886645
145,0.024834995085669026,0.14060954974839976,0.15141689186319213,0.09644208558481546,0.04771118814989156,0.14844626732280364,0.05886068884897174,0.04027609408012489,0.10214170609771957,0.030187967009362018,0.06336870526659782,0.09570386094245231
146,0.023955946536240072,0.1068399250530712,0.0501525832617405,0.021476999677755237,0.06226602874730484,0.07632906229279583,0.03014305529123161,0.11940228410630715,0.4262675213159861,0.03558159176561162,0.00592736781726816,0.04165763413468773
147,0.2075054989016432,0.11766182869213407,0.1306749858785162,0.029382137528547025,0.08644739139208048,0.18101418062235441,0.055896283859298804,0.0265897534232483,0.006304430646998065,0.009599592242870308,0.005917139159795766,0.1430067776525134
148,0.1163194551988349,0.016041909826814853,0.018282246560253818,0.34049070424470385,0.011959679108620832,0.061506359098317205,0.005580985084253391,0.013233827960417683,0.05003845179426668,0.14046024000247925,0.16309944167302506,0.06298669944801255
149,0.08018958914288556,0.0918944354207676,0.08544010769795848,0.08523979553631499,0.013650618877165944,0.016198639548031205,0.01954252435675481,0.10190556316064939,0.03229724711954547,0.15587531451271605,0.24864010179367535,0.06912606283353513
150,0.03193898478721571,0.031609936071298465,0.03874475372778457,0.036288356983041455,0.27396167365429136,0.03911557883124012,0.10125071419722115,0.027628499120937136,0.01216623677102608,0.12796547053867025,0.18458471451785377,0.09474508079941994
151,0.13683723927109714,0.02899922539697144,0.04152141717239957,0.03483768484573721,0.008671197010398996,0.010328807841933256,0.11811835781305143,0.02959010033770889,0.04640018199939819,0.16043957038908607,0.11280436352484399,0.27145185439737385
152,0.024423441083790368,0.09075418124163459,0.06990703997206361,0.04418034912750754,0.13428581403964876,0.011398924582081848,0.07267607472365227,0.010094162885864035,0.04595939118057465,0.05331426138905903,0.09840341566215881,0.34460294411196457
153,0.12716172178405283,0.03874423805559993,0.034690393370382454,0.021854877301610398,0.05314899360051753,0.042927393935527434,0.109234136263739,0.0038813824880096397,0.28022243022450233,0.25284763014535777,0.014398809310339003,0.020887993520361605
154,0.005544798028852929,0.04358162453846497,0.047953824235055655,0.14286688173544448,0.2751206325397091,0.0750374148101872,0.027869100892628642,0.02754887823288805,0.29864399750169807,0.0013216894460554578,0.04636272410139114,0.008148433937624343
155,0.08566764940811034,0.01752815969080079,0.06409675861731835,0.21265994238535946,0.07200637731415802,0.013633334848616866,0.09435024706586434,0.010308037438509698,0.02983601086010115,0.0874746898344343,0.07450001409123785,0.2379387784454888
156,0.3169667486128733,0.04350162246342236,0.19267016433314726,0.1399353909101436,0.01788494355508598,0.03697325008887496,0.07381475619982196,0.026217506973351103,0.0385125208319511,0.003176241518187716,0.0899131309253697,0.02043372358777096
157,0.20065167233003525,0.13229599935481984,0.06927338776724518,0.07675903082242835,0.08330359552303877,0.030153541888827795,0.004010941607170913,0.03848079308570001,0.07007629798956325,0.0924246585215353,0.047047749166727555,0.15552233194290774
158,0.06605793956901587,0.19466428557954174,0.21194572972178832,0.16201653691562765,0.0747163849869794,0.07375798599251664,0.004231261190965936,0.04306151774299942,0.09707816443155842,0.03954532839714288,0.005031630586939376,0.027893234884924296
159,0.19944425500672516,0.001031016294119078,0.017541085876121784,0.1381723172313549,0.1994043947606627,0.06345072503879409,0.022972353399401218,0.011466671032908049,0.2502224228624923,0.01760812906291281,0.02762902466135214,0.051057604773155796
160,0.02033485631393234,0.21121722396304365,0.1733341858339124,0.04650500532450696,0.10315559765973971,0.1950995034892901,0.015167616181388874,0.07944092198379156,0.024190515750902315,0.07174836096667994,0.044205338184750545,0.015600874348061618
161,0.052647456934012536,0.24698077349973513,0.07003432963160199,0.03982706392526415,0.3171157941447582,0.008829887504504091,0.030071980551805134,0.08656319955398588,0.023328423616036386,0.10548241936905875,0.003503141723581911,0.015615529545655756
162,0.0840339158106242,0.08157692684606774,0.1927188907028303,0.03607582552681874,0.03361996762984405,0.011740526244416974,0.06122610261816054,0.039329652705512225,0.03366516751326928,0.050072132300846416,0.22423673332672217,0.1517041587748874
163,0.02094138728009282,0.10436521354872666,0.031526341393168004,0.04318714754256684,0.03993557099620973,0.15676631323072884,0.009993770501616091,0.00953650546389027,0.0035838776380934323,0.20395108354053174,0.3319046690128388,0.044308119851536744
164,0.0828810079949904,0.05345891536766628,0.05144384291068336,0.11253878391245864,0.10471751592305598,0.14464898379567984,0.017474235806289783,0.018124272675418728,0.03888146620633739,0.04153272395157848,0.010368906722004037,0.32392934473383705
165,0.04507447944352596,0.09994764067818188,0.12409747045568359,0.31066429963415165,0.001473901621453941,0.0001113152482855776,0.023535656670142385,0.17871680241664356,0.05461786466482195,0.03520551553500824,0.00706938278743455,0.11948567084466669
166,0.10554360857591684,0.15641344471185645,0.07138280123271233,0.13065700875124867,0.0229070448280512,0.0018609690433191843,0.1469388687100282,0.042112934891681476,0.02605495902634302,0.19553711282716224,0.05347274940374101,0.0471184979979394
167,0.015748972433451774,0.1754891254890605,0.03769716568111545,0.007569473896507168,0.01658355827982351,0.020806081403718115,0.06316888140557557,0.1834087737896601,0.1737402086536575,0.14279227488855967,0.12011309001820591,0.04288239406066479
168,0.06390758620562896,0.0450714973729733,0.02636822931101499,0.08541405916725703,0.0320432508644776,0.02910523502381031,0.36670233463392016,0.08850715233049775,0.04407214673332696,0.1746275274526566,0.04316195042638563,0.001019030478050656
169,0.0008816736354254614,0.08694953484265668,0.06914982814260198,0.09653042719924718,0.21072030356642787,0.03168619436119146,0.04510086542539719,0.047597097546696915,0.08685344612229345,0.07605258850076964,0.1518329937848539,0.09664504687243829
170,0.0015894775838716838,0.02579150648298253,0.07101981866240493,0.11897220717160716,0.04400540921234709,0.08445200040878453,0.160651911040461,0.00839521883561299,0.004386219982816722,0.23722961863908082,0.22507610654153884,0.018430505438491743
171,0.014589649176334886,0.034664382412345235,0.18799622912163136,0.2954975172607005,0.024572550119421922,0.06884745275106433,0.11909571399375142,0.11028197326425174,0.06056542985159803,0.06254376921870178,0.0032761021681382155,0.01806923066206061
172,0.02334199009197601,0.012672517747867117,0.08356581871136166,0.06983688358564709,0.06124988931806322,0.26962312113120585,0.0874863669148085,0.07542958592935615,0.13827009836816614,0.05105573707696208,0.06257171379656676,0.06489627732801935
173,0.03406889864367812,0.0060189256007730715,0.06823668018130102,0.013994984745869674,0.15476293091439125,0.0871138772405894,0.0411848380830585,0.06512098550003405,0.4011528397082755,0.01600488228052731,0.023496777235216357,0.08884337986628571
174,0.10034328948183108,0.04620034648385466,0.14462271049841643,0.0077582877220601296,0.08757350806270581,0.010868681119330391,0.004075235832944843,0.05361485869371535,0.0977096918412108,0.1760624979491925,0.15527893436860415,0.11589195794613381
175,0.026957856393489844,0.09975269413836224,0.237527610544245,0.07257354626831318,0.04531218565287753,0.100513899155507,0.051105268104148616,0.13390058640885413,0.0909062363705682,0.07421819901860731,0.05465579401140636,0.01257612393362061
176,0.03284909488030218,0.008796840923670534,0.03996178010370021,0.2063552323894633,0.08416769522501544,0.2095773374901707,0.06897390104996906,0.03189693677627954,0.011547581339865833,0.14107611626209132,0.06155713050852432,0.10324035305094757
177,0.2173291633242253,0.06499691071575796,0.20334925450822655,0.01515220271561966,0.05640210405919911,0.015747365357191418,0.11736944166382123,0.03771274297025657,0.010609195596204381,0.10382170509330547,0.02107255588752544,0.13643735810866697
178,0.12318335695133371,0.049171202841016684,0.06830285035896917,0.10276950808552754,0.06464606252464603,0.1719767579256512,0.09001650213520752,0.06292750030536053,0.030797055572907232,0.004912059810210929,0.17620653968209954,0.055090603807069864
179,0.03385675401710728,0.00012614542309248095,0.2645113443546317,0.029310837464863425,0.04615657115914663,0.02374035195312077,0.04071390421429202,0.11672216256572467,0.16400774237822088,0.09594251047632466,0.14163421180950475,0.043277464183970805
180,0.08482206261127524,0.02538441273206327,0.056665962415336925,0.04842104769944185,0.015284586333460541,0.15647343495198557,0.01126550733466322,0.049469885769505145,0.18210938805720775,0.18349379940726024,0.019876356758980068,0.1667335559288202
181,0.09380338556008336,0.11853382724076902,0.027561345881221347,0.0018568116229717476,0.13085372063214223,0.27876916020484493,0.023596948255428872,0.0024199968628616955,0.05306263028259859,0.00678291488197766,0.135001157654608,0.12775810092049253
182,0.03607361376527284,0.01933481766410138,0.05908381209537666,0.16696963960100367,0.16515653455883947,0.09602637930529062,0.0006997740872273289,0.05114234283153327,0.06626046327955257,0.038893049903376026,0.02023251613271669,0.2801270567757095
183,0.030315351247069754,0.2145129635203675,0.07261120382524813,0.06041505572210641,0.042506286851105135,0.172868968055343,0.09865944808398239,0.03301858297829177,0.04104520619852468,0.07569765893665033,0.06841540426092317,0.08993387032038767
184,0.10218980140880496,0.1711131054960495,0.1091181252742424,0.02419830281063819,0.08800582146893951,0.05058290304275475,0.18064914962521994,0.11947237795741024,0.05243497854593513,0.008839563374967068,0.038832219326561,0.05456365166847724
185,0.013489208534259431,0.22140548135944393,0.14658759246685737,0.23028571540295692,0.011610782731630229,0.010520293970736361,0.09863585665750485,0.13660845425938978,0.054872613157255834,0.04131246320062401,0.016014867064802447,0.01865667119453882
186,0.02097318275489572,0.1540987946331882,0.02847497466793595,0.024834219414729124,0.26569224535475316,0.12176087986198443,0.004385056086276863,0.050317345999123526,0.1871709415854829,0.01472076572165017,0.07042738659895165,0.057144207321028234
187,0.018594213643440594,0.012017803355099678,0.025051978783725042,0.32832654585624843,0.057242701780070404,0.03273526282522805,0.01155131875461011,0.07705481322260867,0.07094568055259508,0.03316844079285876,0.08863447526528856,0.24467676516822665
188,0.015212913160812469,0.03673872099742439,0.09597999632300698,0.028417760887691556,0.018639285787396067,0.22914409481047707,0.22172087598382792,0.051534680253000294,0.004446029194259362,0.21111470255151868,0.03732759614377685,0.0497233439068084
189,0.021667972370710546,0.06931163578584124,0.06383405727099732,0.1009146146416624,0.4186473049550495,0.0031329633755962207,0.039301478642601924,0.17672619235068426,0.04432015918729743,0.006016229932481497,0.020194306921066305,0.03593308456601132
190,0.08922426999326774,0.1493800508283376,0.038958910223198834,0.04623196019065453,0.0702864504894664,0.18884605825710668,0.10213285648578993,0.21753196287056678,0.02154186935354502,0.01881487617038731,0.04261683751209061,0.014433897625588523
191,0.054810710739049744,0.16092418733639083,0.06153436567356522,0.016778645542326477,0.12787580751415079,0.0310753663338718,0.1433118418109499,0.09511731167845633,0.04940557801150652,0.04379359420174977,0.12084428754153281,0.09452830361644986
192,0.1631597797420884,0.007672418943970332,0.18437152309908403,0.05227043307833353,0.017677523892913487,0.09671208274026426,0.14439832021137272,0.06568188397054016,0.04542954411041373,0.09120939681584395,0.07194346086610262,0.059473632529072784
193,0.013125419578146277,0.27445786526766186,0.001979839107020696,0.02521171391128935,0.13578378851643216,0.050850533714919974,0.019135857560664365,0.0590287345115409,0.22531898022570082,0.010678917495805922,0.12047286036060625,0.06395548975021144
194,0.030085399634506897,0.1197058021852506,0.0933633573722148,0.02129174981410445,0.044028409035923984,0.0048303109007090846,0.05525280242235609,0.0577197956131706,0.1174213484329444,0.2403695016179167,0.004748636962353568,0.2111828860085488
195,0.010252663422382931,0.0589974309171146,0.0494821707597968,0.0002953586489245187,0.015993816142106602,0.015243778137245504,0.21732878991350166,0.0909389264952995,0.313844926651196,0.13819382856188667,0.06349764271249478,0.0259306676380505
196,0.11568513251121577,0.3588910825951818,0.11022493853351331,0.005571114311587892,0.020936610476870062,0.020083255940898454,0.14183916947319633,0.008136314779762382,0.018542077462671645,0.004938819999464501,0.18600586113053713,0.009145622785100695
197,0.09702314352700021,0.1415018328265751,0.08203009068007676,0.20625048258360743,0.02421679010854618,0.03693640158992277,0.012635020126485177,0.014154291805587695,0.011516377422764021,0.014780291197216421,0.12561823718267257,0.23333704094954563
198,0.001798333370724221,0.009515709042733581,0.03875027544871292,0.2870063537506294,0.25167416453522096,0.12232082298643686,0.01994488871513105,0.016719608882215457,0.06976380073808983,0.0005553617738668783,0.1307511812677222,0.05119949948851675
199,0.04666703500244695,0.030573033322727015,0.0832405135486294,0.10185433141826132,0.014629196618564001,0.2423217704031439,0.07068269613289103,0.02896377038723046,0.1400942345403232,0.021212432894336105,0.08275515217484902,0.13700583355659768
200,0.13698943550291834,0.14347534503490542,0.04670000156574898,0.06435177389818288,0.15240630343789474,0.004658917375510398,0.018159581327175347,0.12410399915000837,0.02309176961745627,0.20609354736060737,0.031272214642652695,0.048697111086939186
201,0.03640649944330805,0.09341093553050552,0.31229660109389645,0.04468654360160512,0.05966997844134454,0.07471574963762238,0.04686351827358247,0.027011140720360795,0.05325771769206171,0.04583727275688831,0.1326517258056039,0.07319231700322075
202,0.05860857502317108,0.05501057523228978,0.0772213898599056,0.04123956064402893,0.0705730661532012,0.0498380577178223,0.013482839741269676,0.23798781737714633,0.003426301272142616,0.012760328628831395,0.256288400200283,0.12356308814990817
203,0.07254260863462424,0.03855010101203539,0.052767325967968674,0.016202702281896943,0.15489566936309934,0.0013953368999796657,0.029916685519754585,0.28164603337315786,0.029804431848498687,0.2558404370051645,0.04302859692940644,0.023410071164413748
204,0.0063202307406464014,0.051570138212045986,0.054818495780149426,0.20205679371065924,0.023219754601494887,0.0025791099355310316,0.32019364040020903,0.02013616592717212,0.07065905354267057,0.043653180190898304,0.16583088058744008,0.03896255637108295
205,0.11474754265688997,0.06993994075606431,0.049928552619520575,0.028260575249850532,0.07874817999001307,0.05492922695726457,0.04118099100943989,0.028282321959467626,0.022996092642491996,0.18936273802989345,0.112896817393444,0.20872702073565993
206,0.03608242921676182,0.007808318021457939,0.034125554894642626,0.0037924816202369303,0.13024236492487784,0.4665580098402696,0.03658968648496678,0.030632627229467125,0.005941087199055909,0.05505150482565548,0.028887342204490102,0.16428859353811778
207,0.11431582539912387,0.03392762673072086,0.016453016559474908,0.10723846661194024,0.07845345719420635,0.18645069359824207,0.21508290204305927,0.0073897821926006526,0.007860291087766244,0.10868329375669653,0.01629575077405174,0.10784889405211728
208,0.1089288719173218,0.07783657028971044,0.022873825608001403,0.0019079121526874659,0.10724543385950418,0.1324983582890718,0.08722321008882261,0.11368201240470138,0.0012487808059699797,0.09242944936923937,0.23439677375591383,0.019728801459055752
209,0.11660564842794185,0.10439872567636607,0.09106889046462402,0.02021368418542811,0.00021172015749750528,0.13868526167188522,0.2116927687909139,0.05348135156280739,0.019383895695824133,0.0945176406732543,0.08586951438333024,0.06387089831012731
210,0.014553640497201958,0.14770138582777798,0.010915587209710538,0.1412612502569666,0.024196353195312516,0.3325395084695015,0.014438662039433349,0.027909686650166007,0.05106591808619179,0.026833778282944382,0.040398028944264745,0.16818620054052863
211,0.03367222330711826,0.12477906894911586,0.14793316344769003,0.04553107825897825,0.006655977994220222,0.05490959579113703,0.026353809794540287,0.017733571122765177,0.010766361616923976,0.2201940523174717,0.21608560461715223,0.09538549278288702
212,0.025980349733890774,0.05364214869192254,0.003521732224776685,0.15792551546640776,0.05769914251497841,0.01686514263112208,0.24733532237196285,0.12070516173637932,0.011942664451254621,0.16436351229968899,0.07401429776803652,0.0660050101095794
213,0.026034944631001332,0.06968673838495691,0.21476884183918654,0.13545485064955526,0.0997529788097224,0.0402165170017605,0.06292634450583738,0.07413630703575941,0.07449892071164022,0.000589566296813136,0.07811442652319191,0.1238195636105751
214,0.07074355936842441,0.006466954380535998,0.2570598954158618,0.015986799828561552,0.12448860842609889,0.1005626722583494,0.06089219601500827,0.0510056834824427,0.043026175121152345,0.050293396758739776,0.08008682061734476,0.13938723832748
215,0.009680140460697354,0.0661002474080626,0.11175110392805968,0.0404280350447134,0.0635013634597066,0.03569674321959503,0.1641012953735823,0.07932623409580825,0.23843317842359832,0.11583382995004834,0.03915291815159587,0.03599491048453222
216,0.035019856555061964,0.0005528238532656266,0.28261171408487895,0.022046534115635015,0.07769835653256515,0.07772431494835065,0.17391368877560717,0.061960469005883506,0.044495197439326714,0.04506323148740451,0.13892744029867884,0.03998637290334178
217,0.04951414047133157,0.11456298156022116,0.2227550524525647,0.017467970245041195,0.12449917790862017,0.11547277885605983,0.12864726401226867,0.10598627239702403,0.06324444203599973,0.014992803368970327,0.015550900269248965,0.027306216422649663
218,0.03968856747928551,0.1364072029846721,0.009291106268616053,0.11200567913836967,0.16071162209829176,0.0010088525806469096,0.038920041936036986,0.06616082591890692,0.14415543886517396,0.020557398405919438,0.2408295032630832,0.030263761060997492
219,0.08489681751852916,0.004882201159940513,0.03285509222272001,0.24186298248167826,0.007473890952843645,0.013979390368049554,0.0338698592432771,0.07949640385390322,0.09970572890800418,0.14329786455262303,0.19575010514063962,0.061929663597791736
220,0.27675806580335055,0.002055177736907157,0.04096937970926168,0.01484284371459316,0.12187461483878859,0.2140325510231986,0.05890795942646628,0.043016452051503645,0.039889004250669755,0.12377014052602814,0.023132139943868882,0.04075167097536356
221,0.009821007962248983,0.015590150922218876,0.043446801803236526,0.03158831948374353,0.15117463093382677,0.4119044236721432,0.01857498999592141,0.02174203765973263,0.01615914670474643,0.07739817563002342,0.10472809639180264,0.09787221884035555
222,0.015228166054769298,0.004264720251505516,0.1043892957556954,0.017919833688877635,0.01752746942191197,0.01572830659599186,0.12941108440385132,0.00675666422763843,0.31275995494445924,0.013274092479370942,0.07215682870131751,0.29058358347461083
223,0.09932282109873772,0.14817830046277197,0.10466135453856565,0.02278727553028315,0.057072894336648375,0.00750884028880983,0.34479172077846393,0.029880259149285517,0.046193675915898645,0.00824698964940737,0.12914662736556237,0.002209240885565392
224,0.1110332736821319,0.10566850732779376,0.1303729976562095,0.14689804116207344,0.04158132468706897,0.001210695403249385,0.10806550358603334,0.0659944144559948,0.007299495065258133,0.053858982731111234,0.21474418915011004,0.013272575092965502
225,0.17817729398094537,0.0069306267756102,0.29800436515345613,0.008197807498860952,0.04373444907295257,0.01700277127122626,0.10712195993866915,0.1125923010946444,0.07781625333561394,0.04130534749822445,0.017663939296991886,0.09145288508280475
226,0.008747885493714922,0.12523443561863298,0.01742251327838222,0.1127945069721411,0.04918012410667882,0.11164706237690732,0.04749845914802026,0.11538486605828878,0.07927138459208216,0.0839848982103853,0.19182800683950182,0.05700585730526433
227,0.03009238585707484,0.217498928407033,0.0926126309216899,0.004086425762608567,0.08911713908105748,0.049899712822834556,0.16429987110928432,0.029668228819040722,0.10721414389669913,0.05552814665919895,0.10878717648746043,0.051195210176018136
228,0.220039790050408,0.033815629359768555,0.029369830137089374,0.0811996847433546,0.018299657186888033,0.046026788286293426,0.0615123356919808,0.18300558090104388,0.06811985320368741,0.019399722246224674,0.08054546793057558,0.15866566026268564
229,0.08251183708599089,0.07409039943903459,0.2756658195672062,0.013324602691954558,0.16614256026404894,0.18359550790935183,0.04442601815275711,0.02353425909757214,0.02923080170454031,0.0040939299947299265,0.049531101486468526,0.05385316260634498
230,0.19537147592816273,0.007891891490554033,0.006346887114061737,0.20439652543378464,0.08761984869996797,0.02621916818703516,0.07730672095093005,0.011391407105538622,0.17346879509606755,0.031033949293211766,0.043225580987653986,0.13572774971303167
231,0.054769692768600796,0.0232238008098795,0.02273879714357216,0.08440938411492249,0.12706262789449208,0.15826261534788624,0.06799732661728645,0.07746637497484228,0.14208644687138802,0.03893305677123336,0.015508808682747257,0.18754106800314932
232,0.04477134749122348,0.194414129216876,0.16210763057951502,0.01022916344387546,0.07118770903214501,0.07256563956273274,0.07154173174992016,0.13099271788072595,0.0020676971911037993,0.10585847194036435,0.052541406796755834,0.08172235511476221
233,0.02899663342659264,0.06501914842025551,0.06720523281280166,0.15970460648841947,0.3292954835140146,0.0007180792224145354,0.0746027017770286,0.09902863171638195,0.001584673811071583,0.062271391997683556,0.05169525056210261,0.05987816625123321
234,0.02901299720866185,0.025241196066653426,0.1593244911563325,0.013453072896975359,0.24309873857172268,0.11874203970070689,0.08426791505737492,0.04511988675333742,0.03073081600107404,0.14952150006584883,0.028293490512063552,0.07319385600924853
235,0.08571569419714187,0.023738110056381625,0.07511618837586546,0.03964002455297385,0.02925200195161294,0.21750379543316087,0.029773607505745738,0.24747337280301243,0.02110770473767231,0.0636897920672015,0.03371588677829312,0.13327382154093828
236,0.06837472690543467,0.14680682470721437,0.0523124447203931,0.16815507744720537,0.009063995134709566,0.029872608348119816,0.05259132445233758,0.07468381164355926,0.25325918339787995,0.0056377592606548736,0.13122989609477745,0.008012347887714082
237,0.1704551200738078,0.1487916914554316,0.04542457780667743,0.2184493957021571,0.01615907767912485,0.03123073736270531,0.12313421437816251,0.013728283313574936,0.021568235241358643,0.16257490147732137,0.0006222312571698604,0.047861534252508525
238,0.04176431480509064,0.005725726935324805,0.024068129423485095,0.031939138747127914,0.4417737805504756,0.12925830066568705,0.000522708385995073,0.04837263008460239,0.003580520644486611,0.2015670003879179,0.036459372247279416,0.03496837712252748
239,0.053911489666841096,0.16214066545423111,0.17197589200187405,0.03047089328221073,0.11550639216755805,0.0484715610969582,0.08482007213399623,0.02637780669658191,0.02302431016491896,0.19829995788993057,0.0027062312385753877,0.08229472820632365
240,0.08848339961315681,0.02726939950979216,0.07058974233160557,0.04754142142700857,0.06382512038725324,0.04633224879464495,0.014106298505596955,0.16893134332202508,0.2858496569093519,0.020116815776148978,0.10085262037316525,0.06610193305025056
241,0.2037005478434227,0.12273930565968952,0.02026362000984556,0.00855757646835043,0.18812819281482565,0.030528543189077464,0.25964131282340613,0.07242345355367771,0.010967055530155234,0.00439534989315307,0.04581346600556434,0.032841576208832136
242,0.010205937645834754,0.029219206709236577,0.06854078276923126,0.10939988141923045,0.11157438012009246,0.026910058414246412,0.008403817698371814,0.026583705498614423,0.26513457302156584,0.11910319518774799,0.017872963408039143,0.20705149810778892
243,0.01544593507949676,0.20587031703679598,0.028701102514739264,0.1594347440341139,0.2288422042076006,0.008445936281376878,0.03799251491856039,0.04305967959631722,0.10409976680306346,0.011672941466062868,0.09664460931944929,0.05979024874242342
244,0.25897652494556206,0.10682534355291606,0.019091934787673234,0.024036765722223106,0.008679866181261259,0.2326297980147904,0.06350279761782565,0.056602393570057356,0.005134649802661679,0.17547239752847812,0.004905584018073043,0.04414194425847809
245,0.02898151271852426,0.05048698190420455,0.2586201019933245,0.024650507224408383,0.10673444392721726,0.24846448269360566,0.030323072450959825,0.001235750949172088,0.1718387630691489,0.03192787090598034,0.0023207006060254084,0.04441581155742875
246,0.008028903234177622,0.0792901450413464,0.06048232140480908,0.19349966606034066,0.02810017401641649,0.22179677054161737,0.08961288961336769,0.057127055982077915,0.010880792559453616,0.06789255888195428,0.14136107785749483,0.04192764480694406
247,0.009570613645829593,0.1255981823344436,0.0710723495469232,0.06591539244568083,0.01499325903961986,0.10566649759804779,0.023418707025478054,0.046717020782600205,0.08029553233018989,0.04157746341527516,0.27450388792078445,0.1406710939151273
248,0.08318712402924004,0.011065436469640099,0.2833895179675822,0.019969506365974134,0.028983392282475106,0.1105586449287898,0.18055686930962936,0.005289940826787071,0.04609551921924407,0.17805844183808212,0.015983194550068757,0.036862412212487296
249,0.13352239406941216,0.008998752030963543,0.11379280377145443,0.08381380102714674,0.11157595113789241,0.001825082986253496,0.1379032190255498,0.05746463035842062,0.020307964744719395,0.20735284877573368,0.09857423473086871,0.024868317341585018
250,0.06287475299760348,0.0667424236360626,0.09267700410677115,0.11665489443658077,0.07787435217000725,0.08724708604964632,0.35799820508454194,0.06626649715543487,0.026655584353421986,0.004150342761747153,0.018664655543138134,0.02219420170504428
251,0.06492932212555665,0.03306591492385242,0.16425147034320114,0.18055028602015485,0.02159976698770607,0.03341203281308889,0.2279553301532555,0.015506611329798956,0.13238326169103962,0.022525830224842378,0.054129198952976014,0.04969097443452757
252,0.19745895860545468,0.004676548336833387,0.038414463373491546,0.0760632053368868,0.05859292219756799,0.08051033627065052,0.06582559540231979,0.02598963306004439,0.12024576621163034,0.04600933350479049,0.20233282660680582,0.08388041109352429
253,0.033560001429098915,0.045835702649062,0.15350971454715742,0.14483112547539717,0.04374353871373954,0.1424199344885796,0.16500738949307187,0.07202332265058216,0.030689651934186404,0.06456350318808066,0.046832036027232564,0.05698407940381179
254,0.037009274510666414,0.07293268079029824,0.09565220436200207,0.12765297056026037,0.006770539551602778,0.05449747646133866,0.04092080000718917,0.0821992212504324,0.1850911465361382,0.08354679911780778,0.182808178565273,0.03091870828699081
255,0.0024130492320325017,0.04175081919429908,0.14455341447067058,0.022897673999592943,0.06784661478317211,0.009762095353020415,0.1119079163588765,0.06658720213452396,0.2031990932639568,0.038489207818373714,0.2748055782117675,0.015787335179713965
256,0.020774444908604604,0.17024883491699522,0.03867886939547061,0.032191845302489745,0.004873366897145629,0.12855292416312666,0.14544470649213484,0.0536550203762057,0.04892444947559841,0.16173794823585388,0.056447662127093144,0.1384699277092815
257,0.02755159943156068,0.06527123402756384,0.31481579251982683,0.14001236959396396,0.11002439080850265,0.026874656692512967,0.10003251648545568,0.05068244358862021,0.02127729145166902,0.01853095761691409,0.05417143852537024,0.07075530925803979
258,0.05594991453386718,0.03272489272661753,0.020563055658992673,0.11015837614779049,0.07936914945862317,0.13496283488637675,0.029032751772614978,0.14320351960170577,0.09790984500396889,0.055744563536648396,0.014078131294695722,0.22630296537809846
259,0.05804538418889868,0.10983253955744961,0.021244371931245634,0.28147498586324715,0.125271991712644,0.004675915419536767,0.03828581147421917,0.08332580889505255,0.16288158092958163,0.03061681706522372,0.04274337105577955,0.04160142190712147
260,0.06843031109135016,0.08305841491815094,0.016033747342544792,0.06849033696429982,0.08459696920667678,0.02754204770704774,0.01755216272349082,0.07630214357167404,0.07755487975121027,0.28368070111011234,0.139010642175957,0.057747643437485334
261,0.10793123721369437,0.026944298638078516,0.04271586923098182,0.26602775558275205,0.01883478280410883,0.32411832030069565,0.13501745699739762,0.0027748713989962353,0.033318855037481936,0.018823714697662797,0.011297847309571545,0.01219499078857861
262,0.1925723823349296,0.16863444096129135,0.06938972505470478,0.15199213760725047,0.024313446310233616,0.008841935534843014,0.04061522429526463,0.1402610866053006,0.04145589780698787,0.018181911528708117,0.029374094463582866,0.11436771749690303
263,0.010038186689583017,0.02316969499847263,0.13847126341006546,0.035653013310456734,0.28737862562657557,0.10928793328653989,0.0175500349925937,0.02961443843816808,0.030180683553733465,0.14284044890290967,0.17516491895210481,0.0006507578387969686
264,0.04847162637622919,0.14385315823727984,0.09315811595893586,0.008533639904090602,0.11021211308044851,0.02743634514901263,0.14533931690045404,0.029867522695424822,0.12100774053987194,0.2411989634378851,0.010417584249406319,0.020503873470961217
265,0.0385666695524817,0.022830298066246306,0.009481349966939718,0.13037234931568942,0.09634296063137295,0.24086819296949197,0.02674031659767603,0.11974366218244008,0.11928740628845708,0.034224948862388915,0.03212459311470508,0.12941725245211075
266,0.0827090054118897,0.08738384629769634,0.010657222211158503,0.08724904500856194,0.026703198870902608,0.09263012172335326,0.189094688422725,0.04263308764198982,0.1348797876947163,0.03752149246595347,0.05860100061800602,0.14993750363304703
267,0.05622125592808177,0.013874019740663898,0.10360602108978187,0.002668726545100119,0.04568570444100558,0.16267974618007303,0.15228859958668295,0.15547811354028254,0.07015349062404744,0.05878318948273454,0.06358629886086292,0.11497483398068334
268,0.001188732744791913,0.07835367444397298,0.021683207984404478,0.36118159232512587,0.16605059691708898,0.005541984562868902,0.012808543180322391,0.0029386205197198326,0.11963932058763274,0.17657570947579446,0.0420655188489745,0.011972498409303011
269,0.06841912437262386,0.0069320676706720475,0.019813555922944825,0.057099569974833085,0.09098701671880252,0.08347907350691093,0.03823170968828862,0.09733414424139719,0.05609828907686344,0.17506213430692416,0.24486526161526315,0.06167805290447622
270,0.005881820934601076,0.055775328577549445,0.012543033566602715,0.16313593852265118,0.05000907972484136,0.37707683074373904,0.21910281832530512,0.01023960135053416,0.04279448790409697,0.0053209754624366805,0.01704938004139564,0.041070704846246635
271,0.005340729809368578,0.04386197915466517,0.17163710697433077,0.3229598719323399,0.004959148842534799,0.0926114875894739,0.037337018914507365,0.04837995775794342,0.068770278219897,0.02734049849237177,0.11011156277092113,0.06669035954164619
272,0.02516571353855894,0.0444451200052756,0.028042564785042752,0.13567684787164933,0.0023884549323898176,0.45219789541357913,0.0499000088385259,0.12962203093129807,0.018710069397697007,0.02291165873413686,0.054386017977386104,0.0365536175744605
273,0.10768920428284545,0.05239397466611816,0.11553869625956892,0.016139673169058035,0.030711230230506883,0.08897263189569053,0.11678509816496763,0.1772077166219359,0.09033296322544232,2.9951789785433405e-05,0.037159368996761824,0.16703949069731888
274,0.04288261468339649,0.027019584238847167,0.023183036764719025,0.004914370340645653,0.081423797414486,0.000824031863930721,0.017791211782064966,0.4541090921889898,0.08123264141862263,0.09120670715101466,0.058793934682843704,0.11661897747043912
275,0.043269698279727514,0.02662788966068385,0.03094681596580875,0.06800060346090767,0.016822940078013247,0.05340186380046457,0.08410487328119097,0.2668032890142638,0.036881035651033914,0.06161727713637271,0.21633445263377665,0.09518926103775634
276,0.07640947194414635,0.05856494409271261,0.014329552686331612,0.012439247267562997,0.18834495594830683,0.15623637886200092,0.046453323385015094,0.057799440809405966,0.21495977858787463,0.11994734104636626,0.03958662930135816,0.014928936068918645
277,0.21452355293695258,0.0510184117047049,0.1839423338645843,0.03861408800003173,0.03988919059188761,0.04446014558674117,0.19042815723993084,0.038333376968729724,0.05879624424567152,0.018088072359943575,0.026079553403727345,0.09582687309709473
278,0.006196822704980793,0.0337278342678786,0.029339023311154237,0.231081906602975,0.14278700231126332,0.13842092395619127,0.02485782047120018,0.004508141132102833,0.198833347042408,0.005297247782235327,0.18094962050247984,0.004000309915130638
279,0.004117661206850711,0.10834617335222071,0.27802645942009735,0.08845523995858812,0.03702425996343517,0.05981057192171552,0.021078560408132437,0.04145471738311215,0.035196877305261345,0.18065176180515738,0.14548878696514256,0.0003489303102865321
280,0.00151178585677943,0.07005621015298405,0.2246814642389273,0.031295863606299525,0.09249870296957559,0.05660015403651976,0.04555055490525768,0.1142026673079552,0.21850378264284032,0.03350493798001333,0.08031385504710623,0.031280021255741655
281,0.025948327334229415,0.020693903226587335,0.04038483474714466,0.05762338555357896,0.03847306780905539,0.09861496761899781,0.08842311251171432,0.046199643445876036,0.14104684885508642,0.029489428719275596,0.15412550641582115,0.25897697376263284
282,0.041290412419189994,0.0559057389073781,0.018502997382548694,0.278767996022278,0.007398820206197088,0.028705547452303165,0.021941822941326766,0.24740693261114824,0.035542288978105394,0.20061224240235342,0.04580000206992556,0.01812519860724556
283,0.09227546338910758,0.01712496001148888,0.04234083988858238,0.22676852335624378,0.005116397804726121,0.22719375253778434,0.09162250761536583,0.01017921065297617,0.03321892538706286,0.0013023555276876911,0.0005503063037801832,0.25230675752519416
284,0.1202701383452346,0.042566785411775956,0.13541558101931012,0.005026363783801708,0.08047863163042208,0.11022199230025681,0.07206156201420191,0.021655125344148707,0.2371839510504604,0.05271757740237207,0.03893957646120094,0.08346271523681481
285,0.04571105401110981,0.2364528214633506,0.21518675729813352,0.006012574384813907,0.07402856633448249,0.01602448284807893,0.1405687184835263,0.035262289297505085,0.039069957565341706,0.02894326830973027,0.0659452247819508,0.0967942852219766
286,0.22382601976044653,0.02035191947464064,0.08868000069081407,0.07474792227432585,0.1805617051271675,0.09737317426756166,0.08535602222975464,0.13867546223828522,0.03126030774298582,0.03719377014551711,0.001126301610655964,0.02084739443784509
287,0.07214423732443467,0.00350621983301443,0.08683025515005069,0.04454121660940771,0.060332096243597935,0.15118543542116591,0.14219572209017875,0.019273688747598747,0.04525704525440013,0.2524168112757656,0.06472444024010122,0.05759283181028422
288,0.10679686490013585,0.13191436428729575,0.08021806387729308,0.07537438116315556,0.10008409532059129,0.020884136128961915,0.18172719019406564,0.10908121686416779,0.04306390413418054,0.1462231733833772,0.0033250858176083454,0.0013075239291670555
289,0.050640174758857535,0.11194084593076903,0.013893438941451149,0.0038074087962376778,0.10026903006468647,0.08212393859718588,0.03179250403074462,0.05139784438420797,0.1915904946357259,0.013191316937550561,0.20284006617945674,0.14651293674312638
290,0.08322764447180916,0.06307516827926465,0.016966648944642136,0.07597249946968979,0.18514914187163137,0.19077407750522937,0.14657125287356443,0.08762562669598321,0.001305544947454605,0.00688446215449063,0.09037774084997272,0.052070191936268016
291,0.15815308188476185,0.3096511192402744,0.012899745556356075,0.07869766122209304,0.009640700110463387,0.10136359453252201,0.004659480518753548,0.06883997407482378,0.0545610990193478,0.10447822110764685,0.071507832107945,0.025547490625012298
292,0.12890443793905984,0.0797078510717716,0.06897360805508712,0.025861111777069897,0.03043173761168758,0.10855309653463725,0.05954370791713473,0.06169250803266173,0.014462740807388599,0.024275633351446165,0.08146327251413243,0.3161302943879231
293,0.038071950482716256,0.13452042844465295,0.028789997085767138,0.03888777446049684,0.04302017897571795,0.029986115484147747,0.07422780530475419,0.17434420357788838,0.09472404220393613,0.1073393215301911,0.22044471758729703,0.01564346486243423
294,0.20379208467806814,0.05141908653898563,0.017648431827405275,0.098263104833766,0.01769667784537951,0.005747633613086631,0.0043343042366719604,0.006789780686924516,0.15406248697060837,0.10859878734764708,0.3086484423765516,0.02299917904490531
295,0.03970176240937471,0.09251300916995586,0.010097674950079908,0.0504804252959588,0.15230275360596232,0.013256923214110013,0.08315173449413135,0.1604479202880607,0.11984298766718146,0.09947007883050815,0.08757779670290762,0.09115693337176912
296,0.03140577983486225,0.0507873974762422,0.007373373371220269,0.08910941189762939,0.21501582309460468,0.1375940071252629,0.1353611671492808,0.03988278433517792,0.04641460670073563,0.07969697599700011,0.02666161760388673,0.14069705541409708
297,0.020378162479595043,0.0985152131293,0.08669061222142163,0.05560362374771954,0.0008854555865632411,0.07828389593109543,0.3091214494898533,0.033580996032106084,0.2122774591461293,0.07141031872853791,0.026204648527132467,0.007048164980546016
298,0.04152588474249949,0.11244996784273403,0.08903651404873673,0.11056166965577602,0.021504622285615872,0.0548397221083434,0.010264624234292126,0.05953634245417502,0.046801962532674206,0.14912932419507174,0.08433714622604963,0.22001221967403176
299,0.053011663491180507,0.04596751377607049,0.03782067743309064,0.024152184844363555,0.07481285547356839,0.036050317885655485,0.25475366380383707,0.013091480630290078,0.10462138170861023,0.29083661016720475,0.054184459674168274,0.01069719111196051
300,0.003998938596955751,0.036224098691997365,0.08051512730468015,0.17694880050321607,0.27730675549426753,0.0028672252893433537,0.14177516592868994,0.05485974227122386,0.017653488620918388,0.02530741665168213,0.04566916322110532,0.13687407742592014
301,0.044694289277320456,0.03259592530235439,0.057790577480070764,0.04538776233878424,0.03272564577980242,0.1461903376792281,0.0024530968879191706,0.4589281317769586,0.05491737171364967,0.06695489130939719,0.024513269035696086,0.03284870141881881
302,0.08485420562799019,0.11643512492179321,0.003641387318590371,0.05016726880069155,0.10018910219963888,0.015282070866078495,0.06474561501284049,0.124569409074501,0.01332589364981283,0.39192983342497417,0.02744248600267488,0.007417603100413892
303,0.07773614303465634,0.03289881537835413,0.08833594674667539,0.020947470604833526,0.07381116508427518,0.1455564667709193,0.05485124016379741,0.13509766135109616,0.1360643663830568,0.03665917029086105,0.12107054289351786,0.0769710112979568
304,0.3348171362176912,0.008907980225213412,0.03536571466176773,0.026968927722641017,0.08237120630165863,0.010863966473498446,0.056474859361191385,0.1440841928206445,0.11987214198629105,0.07392536523760834,0.016961056900069927,0.08938745209172437
305,0.05349338462610728,0.0019754997647558697,0.04566828226948405,0.01565103654721336,0.07080180548476175,0.052275791379072345,0.27197910062672875,0.05674039205509446,0.09286518637508313,0.11913174229295787,0.06998391906791043,0.1494338595108307
306,0.18541965229924393,0.31527862211446683,0.04531498570202722,0.15130613463430584,0.04430664882586901,0.01299666656613404,0.049307284686440446,0.10793991218250819,0.0022921797733316965,0.03879207322809191,0.042049714493074215,0.004996125494506626
307,0.11415282348022494,0.21139431354650176,0.06996498954508223,0.005040489490231678,0.1832117486991657,0.06375120994143368,0.019887263109090895,0.07087012593711933,0.019876248897603317,0.17489984452444277,0.05442157531276677,0.012529367516336933
308,0.03321855764240969,0.12665099704337282,0.01927792248958584,0.03584257035861625,0.04883694479779531,0.16236760595250588,0.01873533649233225,0.1786538065309235,0.02513463092583652,0.005258569557053285,0.2958988444685072,0.050124213741061505
309,0.11308083608721996,0.05498605383265577,0.011538152041805569,0.014695587900573839,0.0005018741531795239,0.0024365884952311104,0.03366742038244419,0.20630027196692788,0.015820027479791707,0.23671976959486254,0.0726681093266201,0.23758530873868788
310,0.04899906442902155,0.30985429111730567,0.005729334748658622,0.021348705869503326,0.18285783829589142,0.011415727697979982,0.053901210152257385,0.12752587124557072,0.015815268319619363,0.15317813634177715,0.040633807658696945,0.028740744123717854
311,0.020478527730714936,0.001322150606278259,0.006186840812462657,0.06729212408799647,0.2530963740264309,0.025780059264160424,0.23997482954509816,0.005299853260053498,0.2388086984721647,0.02259852829957235,0.04609195964563714,0.07307005424943049
312,0.019068953337664292,0.004481014081890667,0.02202716486974228,0.16747241578705532,0.0039774761459987155,0.0211886363391763,0.044257005614425554,0.27642128124300347,0.01747696887416973,0.2505208916252139,0.1634351325889155,0.009673059492744282
313,0.03757272406669307,0.03757916795251619,0.04935460537986896,0.03695473846001654,0.04098351113484077,0.18500183323561495,0.2549850970128674,0.02400607103300235,0.06634990670748693,0.005564894022151297,0.2327612341357606,0.028886216859180833
314,0.021018365253944425,0.012074502831439078,0.0629162459555462,0.01680538538749813,0.007694043778852803,0.06336345532432985,0.05875193182377786,0.05894478882983709,0.05166188545791193,0.41888315944308724,0.19916023085625337,0.028726005057521993
315,0.016323424729630494,0.07030582851025256,0.020899306726663226,0.15245217831774754,0.3829659753640746,0.04282536840260443,0.06618773534783598,0.008426194839574864,0.02738404771503627,0.04186089135337304,0.15615708154339514,0.01421196714981183
316,0.05478111018794162,0.08488656945457956,0.06115428318542733,0.1436007744248022,0.14055722476281068,0.07963070832933947,0.05659359430745115,0.07710281975571948,0.10159098359297974,0.0863773594984019,0.06726116870217334,0.04646340379837347
317,0.018429296947062773,0.05336061307803653,0.11918362017624917,0.11054154968394952,0.043946684798833596,0.06093539908702339,0.12870576810210416,0.1968229644511156,0.07744426077913161,0.06690101786349333,0.05003286160392534,0.07369596342907495
318,0.10307629508980731,0.07800488249112385,0.06802573073817131,0.061028628546808655,0.017297418149874046,0.3253345243778966,0.061519564712033036,0.11010785673841997,0.012975816526233587,0.019633354600087152,0.05481209184702926,0.0881838361825152
319,0.05309767135293032,0.06796647257135953,0.2746851513239399,0.1696545134753312,0.028142828236170234,0.004841837353013394,0.07896690108335162,0.08575581253542983,0.01694261361159465,0.0325526653389381,0.058779569723157996,0.12861396339478318
320,0.15192978235573923,0.01998277878879134,0.0470231607504561,0.08659537547277178,0.02334948104868085,0.2203391418322233,0.06711990786382532,0.013178706527408582,0.027388530814367276,0.054045687170575445,0.17005963797222184,0.11898780940293892
321,0.13223450178101367,0.08451232764116634,0.124372729710132,0.03498406893543859,0.16298812684999636,0.08412757540468646,0.006043424107676774,0.13709389666715993,0.07326723905339007,0.0641903109147812,0.08272115732783582,0.013464641606722755
322,0.03543172490430144,0.02974597914332996,6.55369004557188e-05,0.10735375648332711,0.11842612225734513,0.08149386002854778,0.06806908107091811,0.14020611826734194,0.06219833037091106,0.07893279978180699,0.008950209938105642,0.2691264808536091
323,0.12412979028505307,0.06829134527983721,0.03946839291830891,0.1826917012233511,0.08063807426311803,0.04606837020571241,0.13010109977921694,0.06330425005546135,0.14915610030988086,0.026865314897054664,0.03427923486058995,0.055006325922415555
324,0.06842385885239938,0.07930720176030522,0.02171182329050268,0.07651969555806877,0.022051874386127417,0.1437486158218894,0.010324122576809603,0.0843675800691584,0.1730759009527105,0.22697911625681014,0.035311603016832956,0.05817860745838562
325,0.026604807771283864,0.17475641666690453,0.16863784893473335,0.015785183537623964,0.1501290460644899,0.06013867678741336,0.07114686035799607,0.1753596872685873,0.01357900156704613,0.034463001374196486,0.027231427717331367,0.08216804195239362
326,0.028056719945930415,0.32259512558218795,0.0064769891126091675,0.01992651136130763,0.11413208584674046,0.05326964514881079,0.009452123221629465,0.22733386235301428,0.01778075082139384,0.137306241654686,0.05282268307149562,0.010847261880194456
327,0.009919557389341983,0.2017677899274637,0.06757880024456638,0.24913878892147187,0.035984140694072984,0.15759492563521457,0.0348592054173691,0.03824891868990352,0.047586105352801514,0.03911002895648517,0.07419873526060156,0.04401300351070763
328,0.06331661262344847,0.09060604881231836,0.1387762153293421,0.0996741304936054,0.010275323433610617,0.05858319952825463,0.10345674271530335,0.06854851065574756,0.007319629897926472,0.06088846298880385,0.2346103854375227,0.06394473808411656
329,0.09092024321597286,0.005318626251973655,0.0591416590485759,0.014215423569762797,0.0190188516150129,0.22033338335770167,0.1336723104517999,0.03339615306825707,0.09972985799441865,0.09756511200604776,0.13583913056951766,0.09084924885095917
330,0.09094583227519136,0.06332327815426934,0.1108543652683763,0.2051082238398868,0.0062222694917864725,0.024563121283416266,0.0009940648432125259,0.02734016736896413,0.1615687945237115,0.012413167062605607,0.06674289682037997,0.22992381906819967
331,0.0771573933456645,0.05720035653260987,0.14416540744381123,0.01569748422379564,0.2618718022927139,0.04089682873742831,0.0410474836343381,0.04854501758030978,0.05780598369836508,0.13398005448263736,0.048105738831694056,0.07352644919663225
332,0.11079143551643669,0.20939022309729277,0.011939693852502615,0.05811106092571449,0.13130435557626136,0.012192406840521327,0.06711544737675135,0.026359280078238935,0.08691120714699878,0.0096733492720306,0.16235052328432442,0.11386101703292671
333,0.08330304322330832,0.060497871036921703,0.10461445173709193,0.08048037343612034,0.10577443385716404,0.10161829896952171,0.04411097275154454,0.028479468247676176,0.05599967636940977,0.06748661636619921,0.01831723163307269,0.2493175623719695
334,0.15885916638875594,0.01791830448272454,0.045471418464057826,0.21138835925954402,0.05736803936856573,0.12398062999256536,0.10420772810425594,0.03947309335805906,0.1257865353895647,0.028144102489733643,0.023010617333171845,0.06439200536900147
335,0.09992719719310024,0.1718275238460959,0.059738246968613185,0.002575619781122284,0.028103942741382414,0.060448683248604,0.10896145023678494,0.05020277771632777,0.19045743014964195,0.15409946823496307,0.006665834830725418,0.06699182505263883
336,0.3253048122458277,0.054549576036701686,0.0058020880644799495,0.07649609580828343,0.03649890725270411,0.031273100280377816,0.10664667223804598,0.08310472239263784,0.04185789372316463,0.14317775479192393,0.08457327898915522,0.010715098176697743
337,0.033389195807229356,0.005474317697551449,0.26224744838134734,0.007795392886615726,0.11819309720727393,0.17323453730115318,0.07819588622810092,0.04775081476952287,0.0059878294450023085,0.1505736161956143,0.054656648499819584,0.06250121558076908
338,0.0989258598825526,0.04368833481975813,0.09498116186059764,0.1393210033782398,0.03511028317025309,0.22286041733402473,0.1460148649499563,0.06873868597911073,0.048678386317363855,0.03129268165161627,0.03197155249959896,0.03841676815692787
339,0.006747406998221102,0.007240687975310251,0.10076585086716228,0.01846794773174737,0.024596749751319168,0.017160268643298667,0.0010898138592480894,0.3163230973640506,0.017212656673759572,0.4215883199637522,0.022467366393798562,0.04633983377833216
340,0.05083874799236025,0.05901069024436111,0.039119036467702414,0.1431595359487165,0.013424435045862163,0.17842893619306555,0.11843146782793729,0.06240738661239228,0.1006801406454959,0.09742350071426238,0.11424724954072477,0.022828872767119392
341,0.06475586749262925,0.1282302246084751,0.15776130257091908,0.13683037687962626,0.02005129056786195,0.03688918340860714,0.20003510353131343,0.12588522327008517,0.002550665142657567,0.02197037450036293,0.0889679607811336,0.016072427246328524
342,0.003832957637312367,0.1501397541737076,0.04362703857205501,0.060486261616955736,0.005455714999411189,0.06532060720142245,0.10547850469562363,0.04293564588046725,0.19597962348310988,0.043991030752627544,0.06113346598069948,0.22161939500660793
343,0.004443640154731109,0.007726322609420414,0.21432668034534827,0.12308742272774692,0.0667308416496269,0.14675794904170333,0.03893468172525071,0.07852761324790353,0.08161385529262853,0.0032449002790676403,0.07650271280385612,0.15810338012271655
344,0.008688945691982315,0.085242559398971,0.013241179777625909,0.23263695699868941,0.03047566672558396,0.1044743752820038,0.025118678544879404,0.24729408290096425,0.0674223732359859,0.13897180457458996,0.02533288636181742,0.02110049050690669
345,0.02536302676246051,0.0974428214460933,0.013405125732621502,0.05954635423425311,0.2316512805675019,0.06789436126532902,0.23867437662084343,0.03723497313496454,0.0037272444699720498,0.06421954900828881,0.06228447586725764,0.09855641089041425
346,0.025942964832859773,0.018215350771463756,0.054544015142335665,0.24814836927938172,0.027457460737608148,0.2853846696520415,0.0042040709418786374,0.20402924016546103,0.054283118452215326,0.0034664651138727226,0.06598241381188107,0.008341861099000598
347,0.11866867875385341,0.0507071326370148,0.2546946427208434,0.07511270761696401,0.016206023730635916,0.15401691190293879,0.05882937099208929,0.006683485546698687,0.06981155612921087,0.10503088588508895,0.015045690690292284,0.07519291339436959
348,0.12356176129242169,0.19750144116663018,0.2615818635631802,0.005035535907480486,0.0944127078804802,0.12580856799285925,0.029324495816491075,0.004696517072560664,0.04804564502413076,0.0055788266267869455,0.057559083468099674,0.046893554188878854
349,0.02352678442974972,0.017359928837294245,0.03276512958278645,0.2963423500650885,0.1601957623675243,0.08475071318249883,0.01163683314336945,0.04662080981933152,0.1290101620106813,0.00928568712733614,0.12425274956863441,0.06425308986570505
350,0.03521048818650053,0.061360063885525055,0.0395851862011655,0.1120537267239337,0.030786260266704103,0.13539867170203815,0.03448744434716061,0.00036266679516395116,0.15051072125373657,0.384165386052447,0.011496540481242858,0.004582844104382101
351,0.14954654220924646,0.03501768316296203,0.2574578300071401,0.18586009579892418,0.02798566169924612,0.02057511227926991,0.058720392447226204,0.034043411468992035,0.0019040011915609347,0.06614070756142627,0.1578486227731345,0.004899939400871151
352,0.013940276723345513,0.02025317388467674,0.08722684130424026,0.00987918325791265,0.19284231123064377,0.05749756263681333,0.09336936618125799,0.13116075523710602,0.04030747092172452,0.0035951744785197135,0.14677814673328288,0.20314973741047657
353,0.022101690475029318,0.002935255466395821,0.08469964664839244,0.17718563346830052,0.03729976859359384,0.024181179066196993,0.12590172377654052,0.04956638908919966,0.021433964938688627,0.2658133739843022,0.11615866893450989,0.07272270555885013
354,0.1318510144752586,0.13952637064342482,0.05094649588521685,0.1727603709631496,0.1529920341334816,0.026941610020169326,0.02467571132199738,0.1391548490551317,0.02876274098295109,0.013013308888032052,0.060418855317172476,0.058956638314014424
355,0.06937647018634195,0.02371438380575414,0.05978782964263996,0.050259342964929954,0.20315788574257052,0.013422521732537657,0.15776232314268274,0.07502948055414219,0.13336605004108726,0.04940054374795285,0.04886619289493577,0.11585697554442494
356,0.07996538529259738,0.054454853196122394,0.02526719275861405,0.29432401887305426,0.07073603963066602,0.007014435189654799,0.01592661158765549,0.06464521411382415,0.10844286232520965,0.12541881817691838,0.08548463284443093,0.06831993601125246
357,0.08468662053418881,0.023650712651399383,0.05275165216192737,0.060224288489158846,0.03213161383770715,0.047380820473979735,0.04235753834461416,0.24468653333597729,0.1719261718829489,0.045882978097245244,0.027799682942289693,0.1665213872485635
358,0.15593110214503994,0.040710169334830376,0.06605992444778112,0.018691995080151194,0.20184773213800505,0.17853337523301396,0.1225356667221472,0.0708836985987842,0.017549114438555457,0.06188592369712874,0.013379964074570894,0.051991334089991875
359,0.12966886549183726,0.09117080001623677,0.05828805799138645,0.12457492247767078,0.15589328118951384,0.07897575855238043,0.019567085095112124,0.1259009445460384,0.09677923350177885,0.09485088833743849,0.0025184107584953087,0.021811752042111304
360,0.09272733345440327,0.046252504998550555,0.1071120746063768,0.027480906741614648,0.1326050733752411,0.16444102201846905,0.060262035720739654,0.03885007947306268,0.061531912526193576,0.09655203400713779,0.09040723702812299,0.08177778605008794
361,0.020553883984222133,0.25613522878334355,0.038821639021067195,0.08910463089555996,0.0018865766055821344,0.038816552167752386,0.0030779548617235124,0.04495496204892852,0.21011251580999846,0.013622872874544304,0.1421716260650501,0.1407415568822278
362,0.10529706865987486,0.13706319128601027,0.0374917205740014,0.04424711530400773,0.09112718884306979,0.07988319071733173,0.05707324613927216,0.0453034253544718,0.028751935754592048,0.10668950151451403,0.03410621406848269,0.23296620178437139
363,0.022505026593002048,0.09444744112122452,0.00703946279980719,0.2993981168580718,0.05938182544753114,0.10401677490555568,0.041616130759587616,0.13720886581193936,0.1189162639962369,0.07261948735002796,0.009778971593018439,0.033071632763997307
364,0.012891101337933421,0.07070084839926828,0.17882520792990284,0.00752001021066723,0.07577422415212717,0.2674572047569547,0.1529785454497394,0.1042406987375653,0.042609968774153455,0.0019522956997012253,0.021566781732852435,0.06348311281913449
365,0.34478781606728787,0.0018103239514886248,0.025198518801515354,0.18372558609768094,0.033497733427142774,0.06955710671220738,0.09106736447642033,0.0035345327126509243,0.0497026196113084,0.12239530636384072,0.009708489301673643,0.06501460247678302
366,0.03583671108044656,0.2134413028414768,0.06121800646893939,0.027373213553667564,0.11033153463479067,0.14199662317656211,0.003041921721182955,0.08402839113610744,0.2011772944433537,0.006143814172818527,0.1080866688782438,0.007324517892410537
367,0.13173092863746086,0.005296600321192019,0.00797241639963992,0.022694637436158877,0.17122104621789802,0.128006172359199,0.1130082522060209,0.07012614804160892,0.11982618035141405,0.1200256437584232,0.02861182142082851,0.08148015285015564
368,0.05724591928787911,0.052713098131962656,0.03479395564521942,0.11786118868838236,0.151867115084767,0.14185739472242634,0.15282326205159075,0.11990208492973978,0.015768801553550364,3.1981311043737876e-05,0.0981140304044454,0.057021168188993034
369,0.044350242927424885,0.0919397989082138,0.005243912050935506,0.12281539122343513,0.029873358793273748,0.14930931668162797,0.007153270046959731,0.12742452349663766,0.028020511239625748,0.012735248706613859,0.22637104916134657,0.15476337676390542
370,0.024371269624475944,0.2778422292888914,0.04867091919000112,0.06173902608358595,0.07585918071551988,0.001979121710178193,0.12580133980188224,0.027312563143278998,0.2058620711606531,0.07237827972433583,0.001363960639571642,0.07682003891762569
371,0.025648900162563073,0.12198098735893839,0.005268658658483375,0.18226619904980487,0.20823712307474623,0.10146427872890265,0.12866856373315355,0.055687807545122356,0.039633588114762794,0.038007373090582004,0.05392794802127682,0.03920857246166402
372,0.09153296577385227,0.10326584250846813,0.10947420974581029,0.09707856229926454,0.02987770544544658,0.10591542817580027,0.0058041248182077974,0.0793176343868237,0.10429602234234459,0.17998150580815567,0.06439530254381179,0.029060696152014495
373,0.004402247101321306,0.01084938120020308,0.026022819968443734,0.14508791740490365,0.04863921699756057,0.1402328184377835,0.00046782542630824316,0.10993636509939947,0.22216274100435737,0.0867649700264162,0.11756972684392214,0.08786397048938067
374,0.02197229862807795,0.21219755030112966,0.042748299525644254,0.07694181136208121,0.0019307574250970458,0.09314868718314614,0.008063952682358126,0.10845394702984945,0.06446756114786582,0.10354236646297572,0.07283786434094444,0.19369490391083014
375,0.0032865410241731063,0.10153511051414217,0.13308211234764075,0.018777791902693762,0.04054770772538028,0.05951076838804479,0.06126120823090631,0.05472391232057987,0.228745839164626,0.179026817710436,0.05308122480709024,0.06642096586428668
376,0.003689875833295096,0.033137441934405036,0.14735261787711335,0.4048208710951438,0.010102992659431438,0.08641003901140809,0.025257471243845205,0.09668243633084884,0.05915897210497191,0.004217695886815728,0.11461621172245609,0.014553374300265376
377,0.08451782494095063,0.09261678582281187,0.04112124278227017,0.11239914787942806,0.00987520105705392,0.18356205509424448,0.00486983982345732,0.02890363895628747,0.04883631710081322,0.1384783653085705,0.19858571204985226,0.056233869184260106
378,0.029064782729939728,0.07153157384270416,0.02844685982035567,0.1999209438244586,0.06342405680900737,0.1427176442321374,0.14658007543507814,0.03674810391630101,0.08253330214791066,0.017599673631428763,0.0741129986508582,0.10731998495982031
379,0.07984743021822835,0.1296864186725188,0.010628313556903104,0.03793355320919231,0.06635197601231496,0.021165842883917305,0.060464029594071066,0.18725364808506617,0.007504658143591751,0.09290163128122865,0.0683632406590013,0.23789925768396622
380,0.019329278636191802,0.12305799385327752,0.1120198120014154,0.2112867625094718,0.05234179300919,0.19814263707983829,0.023429351396989363,0.0857947881641687,0.039604556228477764,0.0604595446373761,0.010113865180583286,0.06441961730301993
381,0.037489812814900006,0.010095806642659749,0.029017543127658738,0.0570061931215701,0.39097861837914694,0.02341326345160153,0.03679236100555052,0.11817960597474253,0.04758763423803402,0.11057620603866758,0.09627468125295291,0.04258827395251534
382,0.07273794688537301,0.16410971117242268,0.044165386054613946,0.24044892350680422,0.08316111909526507,0.007233979930435078,0.014823853195089682,0.040330455617737494,0.022120441758575696,0.19116222865209323,0.0718239708137404,0.0478819833178494
383,0.06709333927808613,0.2815664798035542,0.013226113228399585,0.08798253726386632,0.07104983735832407,0.06436555080794226,0.08578777907138577,0.07920606414542192,0.10449753858685476,0.05232490921845863,0.0642725657609857,0.028627285476720655
384,0.02463316429863311,0.029438263428220948,0.06153383132544028,0.13025998287416274,0.1285100360785038,0.1625774765791503,0.0285236519720663,0.15432221044063663,0.0690248078009143,0.03933705385069626,0.029593195266126922,0.14224632608544846
385,0.2838776911276511,0.0071181349668753575,0.043341721023194064,0.006543123634191043,0.0011011267468297992,0.16478686957954222,0.040758882543370595,0.03948240960521417,0.013682411961536162,0.04109693321076914,0.28422658229927306,0.07398411330155329
386,0.003648978957173152,0.013498251779215277,0.12114415189127824,0.01953288810410594,0.02310402953501506,0.20937302050986198,0.07089796992423993,0.09244180727516244,0.0004581015093067946,0.044176659155122325,0.3065066530222184,0.09521748833730043
387,0.049958672834279357,0.02872235025294818,0.023266187324064998,0.09869555544938469,0.01188266848560339,0.013149512826501668,0.14715670668340558,0.03220155646758653,0.370525207086318,0.07057245541736706,0.039038134932360566,0.11483099224017995
388,0.07502385915821617,0.045683140541128785,0.09890181329843661,0.10588925471382848,0.08574575036304757,0.03492713212722912,0.08678371738269935,0.07913208051629884,0.0013998465195080181,0.156926329301746,0.18810930402034515,0.04147777205751583
389,0.025187485222769843,0.12276473615339857,0.10064779953483047,0.020737710160210948,0.005019584547695386,0.048895810926072064,0.07035505771171091,0.0017866487395300085,0.1276289049243193,0.1982177528233734,0.09557596240297704,0.18318254685311203
390,0.01979867165883497,0.10041744944750904,0.13042803660453964,0.16233841719223466,0.03283739331401833,0.0020241725132284926,0.09525521932096448,0.003103502833369793,0.23058847595639714,0.118896330649105,0.08882794701359821,0.01548438349620019
391,0.14658271866228506,0.13911261247169107,0.014405791676361298,0.040362717880271605,0.009684882409064326,0.10679305841871925,0.15890725005406542,0.082517570037879,0.13822313737766723,0.08516720646889078,0.0685140543732682,0.009729000169836806
392,0.1854827590890092,0.10226983293682697,0.11587687114402578,0.09500709207095757,0.008607554745144365,0.020968703493208188,0.030417459013929473,0.049406386129271916,0.006277847642221258,0.0426727103436384,0.16443701591251855,0.1785757674792483
393,0.047412707003407016,0.03869656157578965,0.07571595526721384,0.04201760734378164,0.03388812425611487,0.04925840410057908,0.11650636812676085,0.26155203722301573,0.15283037204304598,0.06127183854531068,0.031909686688050665,0.08894033782692998
394,0.0022392873175753627,0.12120527990285287,0.051148485220343626,0.002809936664470777,0.02199673834441025,0.03274216113278139,0.031398663174805524,0.10558489619379968,0.2962558782486134,0.16932411660785532,0.047910868483019994,0.11738368870947184
395,0.041982527512873055,0.02049175546883189,0.04005288147859254,0.05083753507588144,0.19323625198161565,0.1460213869444281,0.05673242252911076,0.21167790342013934,0.045575207933622505,0.08516960445879418,0.08432801949649973,0.02389450369961085
396,0.31758719141170516,0.04130162493990379,0.03175795098442204,0.00481797255176372,0.014403293135268556,0.27395059583889203,0.08716234322397615,0.13704286396873386,0.010546556959440382,0.0262813112466711,0.011401021144772873,0.04374727459445032
397,0.009962047799453155,0.11957957638414429,0.128981474735377,0.0058239013554243785,0.008132545921782856,0.036030963106136855,0.010862406729689448,0.0660703324056456,0.2125420957668344,0.0036814684245316653,0.2564401942609728,0.14189299311000758
398,0.2712400364817704,0.21058780641366065,0.08424207006221843,0.00429778805401653,0.07702522323072121,0.0385995533152838,0.07735611750261816,0.0907676804052114,0.003365436640056298,0.009583079747745114,0.07269165092581405,0.060243557220884016
399,0.1561607224922178,0.10188338116569584,0.11503807773025446,0.18419779827496524,0.10025542722589416,0.01219306909691996,0.05565954871325498,0.03963156792621874,0.045866771407454966,0.015599768035064179,0.026829237659774234,0.14668463027228548
400,0.06314273238574651,0.00010638402006617747,0.06092470084293141,0.03732042454975337,0.20393714490846904,0.024100334830168747,0.31674198872494363,0.06939305695899994,0.03671646517892429,0.050173554416529834,0.027230814788008872,0.11021239839545811
401,0.041107379753719156,0.29967389583774867,0.020265178861505424,0.01901180453978784,0.00981653068867375,0.08882524348626812,0.01247124675984031,0.021162473066184746,0.2930511179402237,0.020345233521438952,0.08930188056036856,0.08496801498424077
402,0.258529095526089,0.10038785635921947,0.18292096077805473,0.08001229119706893,0.02184238095783453,0.02156691787546,0.06250869149207895,0.07970404338906814,0.029579731559904968,0.02111567337164616,0.02756428695673584,0.1142680705368392
403,0.08743449493319862,0.017505083403017162,0.09529861160528828,0.12990205770426988,0.054486429722608254,0.07351318299484809,0.02835425456278456,0.03704120389770372,0.12839582077561093,0.11000770537711635,0.2266765479786198,0.011384607044934443
404,0.12600454077326645,0.19029983457115243,0.05682867488462189,0.006156708227664438,0.20022753720526243,0.03896604495954202,0.045640863173435714,0.025183423115942127,0.22077396721285525,0.06725247465347202,0.01843705481906997,0.0042288764037152395
405,0.0329434616965025,0.09956866911650969,0.023404659422974903,0.056929185969635615,0.08331575099684889,0.24595009955010966,0.10778594110255563,0.1409040614601948,0.07592233253723472,0.0010188788746861356,0.1295269121682265,0.0027300471045209143
406,0.058312337144418976,0.11865016844254264,0.019519879275867225,0.006690599753214766,0.04229397102947523,0.03354213473109043,0.12702491968507154,0.09152351512124558,0.023180889672047567,0.03371875672029497,0.2705530156968994,0.17498981272783168
407,0.054166997858238884,0.2747201800898405,0.010632308434648255,0.10416378689675058,0.005574451208766159,0.026644360711500743,0.011131068916220066,0.08043686556214555,0.09544476180840866,0.07616121548248507,0.018993192750736666,0.2419308102802589
408,0.12688208327307438,0.1693768313448359,0.27969060617346236,0.024194970550870387,0.0017419727980001638,0.05496192816541451,0.05444453610939431,0.07898900828768125,0.09776404522547259,0.046062605772684465,0.04058707224429683,0.0253043400548128
409,0.08406581095047076,0.001500845485730006,0.1659620744623873,0.12285579972951507,0.059084689244055064,0.1299360002742856,0.1025986321937031,0.16950370888212385,0.0874048367332844,0.06685114631277998,0.010152245873517178,8.420985814766317e-05
410,0.027785422663847377,0.022587828434021424,0.0034859420948318907,0.13188693443661537,0.005682124750597989,0.12172649485632141,0.0738612845906789,0.07020283446446182,0.29089970388153347,0.004456891204026541,0.2090907814058177,0.03833375721724612
411,0.17836963812616313,0.12815602422795377,0.043174101170343857,0.09062714000811374,0.06078242915880717,0.060199272568024,0.1173908805668051,0.10350682478574472,0.013890515847925082,0.07903207419518553,0.041290765176246295,0.08358033416868756
412,0.2458266880346029,0.1017850535654175,0.05505399763650231,0.025450298665342166,0.13888718148110699,0.04494038378437909,0.2135879369957023,0.01541440722704788,0.06381762203821834,0.05110654220704792,0.020426526985235813,0.023703361379396826
413,0.09732991465498313,0.019514492043939676,0.24054788101261285,0.1317977442057288,0.03562382439059867,0.11414513725560618,0.026554823932242982,0.02812811079153936,0.004521615722986858,0.033996406432482994,0.039203251335908455,0.22863679822137012
414,0.01498271701241346,0.036218061510600336,0.029155687180754914,0.34194593374203086,0.0027357507742936404,0.15808174386609064,0.002578393119697916,0.12138539935816421,0.0462406328962027,0.2091410608213688,0.02868219823097854,0.008852421487404007
415,0.04037505124395728,0.052055837975366885,0.1523520931013121,0.022209182114640916,0.12192321359646015,0.1896857360711381,0.013954174499926366,0.02803592011500843,0.07761794158544498,0.10375082477676643,0.041129228392131505,0.15691079652784684
416,0.012894286240707995,0.055445293920190264,0.052354088334592826,0.027888041578127437,0.19399580820422327,0.019695473544097106,0.04088008584494297,0.07781154179943568,0.18647443697400448,0.0635307232559044,0.028876977643751044,0.24015324266002258
417,0.03406743517341815,0.20471653598453082,0.012558936556148523,0.01000191909333447,0.08397863719536626,0.09607346598991179,0.08044760352249215,0.08652015872218534,0.039456308626632235,0.0005706686278195798,0.1789761415395644,0.17263218896859628
418,0.021065187685985344,0.24490014597032123,0.07898892095782055,0.039329536875094544,0.29264797595436615,0.18389261202841498,0.014228729502617297,0.012088229590612657,0.03034104927011195,0.009919725548577264,0.001227156475568514,0.07137073014050949
419,0.09778070190191687,0.030193895983999013,0.04500979518074078,0.10398977614185632,0.04023480133113065,0.12392291754437754,0.21664932800680026,0.03951241306247872,0.19252587022183967,0.008317469058699014,0.021158092050739406,0.08070493951542176
420,0.07340570327304786,0.07747342822442066,0.11254141641232746,0.10435830775670636,0.03543317478493093,0.21334345334474356,0.07074905779299455,0.05876375798440893,0.0402424484568079,0.13986620855854168,0.016775568385497073,0.05704747502557297
421,0.13790525897023742,0.16961111443304389,0.015247922549693357,0.09968697099334393,0.012311160019735236,0.2127980007031248,0.032802767593071644,0.04969136384326743,0.05030258295214752,0.040947086555846265,0.16121640735279008,0.01747936403369842
422,0.046637721406696205,0.05028391524800388,0.3406100775238152,0.0158886601430952,0.08194699726237868,0.21349383453822512,0.04037524821905514,0.036686041096928856,0.06555759530009875,0.008052614344556326,0.08871090958130413,0.01175638533584243
423,0.11795637241609616,0.026100352833620173,0.024793114914700227,0.12713273995100613,0.19495216408115376,0.05429977169737095,0.17380850266436698,0.08319855177780498,0.06863978113371307,0.005783110697621287,0.031763096603035244,0.09157244122951101
424,0.007542985318705924,0.09466158461740876,0.050911222095837504,0.07107453024256756,0.04035768000793033,0.014269735773478474,0.04425474206133694,0.06841664800464659,0.1612575190934572,0.07679936515338197,0.16334050360825675,0.207113484022992
425,0.0006754812587586161,0.2112284883812892,0.3348514651286221,0.00462540507177818,0.0015071166265929945,0.020578940244095432,0.014721687699251544,0.03564204913306359,0.29468876450758297,0.010675613805892012,0.03553228393393719,0.03527270420913615
426,0.10034666928516031,0.11711857234507903,0.034745552877117204,0.017319233781060348,0.0018972752922227652,0.06943086811319364,0.02838690966536347,0.18900016410653625,0.26698387744562296,0.06870712494770312,0.07474096022931342,0.03132279191162754
427,0.02714354508244187,0.12171579415058019,0.006173563406794779,0.01762816684359979,0.04451006975076334,0.16658566970471145,0.23471170384905046,0.17551240226610004,0.08276773979250626,0.03813443232543639,0.0033972191438672705,0.08171969368414811
428,0.014413127765581077,0.03875276263671693,0.2041923488862279,0.07074733299881603,0.07589101622688375,0.022864497082454274,0.12613171144679242,0.27402561534834163,0.048360902077160886,0.043299263148769945,0.058450367379662964,0.022871055002592105
429,0.17450507113936337,0.002253805884559462,0.1050358209465794,0.09318217383210656,0.11882884137654483,0.053581694270080346,0.02019646027635481,0.11125840188051647,0.01055476807251088,0.19884324712460216,0.0028714144180728668,0.10888830077870881
430,0.027966026446802,0.13270352299518584,0.01594086623381044,0.14363275878876838,0.07551685182001466,0.09218891217289298,0.13995371895053205,0.030745087455310717,0.06107037421773889,0.11393127839636469,0.07367649436961549,0.09267410815296395
431,0.04727496071512819,0.022684363309976748,0.06890125290006058,0.29341948875283896,0.015693331111838245,0.0846029687036069,0.043142055136172155,0.06199176845082999,0.11457044578720688,0.07893048776248392,0.06307045180548551,0.10571842556437185
432,0.08872728294438652,0.03885717464882928,0.048778425909997196,0.14981317773539427,0.04198956350360639,0.025091294578356807,0.20269363353970546,0.06678606505181882,0.07193785302681159,0.08747946094864767,0.10135109593852117,0.07649497217392477
433,0.014490105513584583,0.11413015334295296,0.09433412616223609,0.041592314747829325,0.20911302688827635,0.06878423770907365,0.10337972531283633,0.1793575885885193,0.051805221762201835,0.06084334331113433,0.032172873494493576,0.02999728316686175
434,0.005490859824996273,0.05424476072252955,0.07172534056693215,0.0044095660961550424,0.0044318350932130565,0.04909960463361331,0.09078474905910103,0.19662870274808053,0.03637953916902373,0.09894032576984443,0.05338388604789883,0.3344808302686121
435,0.10517755016887692,0.0530101406766348,0.1668684114684584,0.051769003416765234,0.023414550007764347,0.068724278186131,0.10602564861966333,0.06419398931429203,0.09610370615062479,0.157838935041985,0.09223741575913277,0.014636371189671458
436,0.032637820260019754,0.1776247432981538,0.04187519095136715,0.06378707561092177,0.0399497370131412,0.0024664102423131904,0.01193011277045226,0.17150480180456554,0.18644996166034436,0.03406121368757241,0.09807806714138018,0.13963486555976834
437,0.01285359347174069,0.05582499235623927,0.02229474600595586,0.4210360032581196,0.0035046303019312373,0.02570352340637344,0.02569344263072734,0.05195277779053189,0.178545251049389,0.0411288240919674,0.12267531863746384,0.038786896999560457
438,0.01671664713785777,0.06847618306258013,0.009689251718666435,0.07676672555821,0.15470567184587436,0.08680241434913354,0.08949702157436211,0.25866747089668457,0.03573806045184937,0.08016634195901712,0.04994073312609528,0.07283347831966938
439,0.03918242245480395,0.01450049232115935,0.008168995117478886,0.025999562947248738,0.057316726448348364,0.022899333251091183,0.021995965634380037,0.24244653193617258,0.0998066846524318,0.0754117321850904,0.3106283463911412,0.08164320666065362
440,0.0708810929496833,0.024872279214376104,0.22127121048726145,0.0019462258851218515,0.017273975254788375,0.07777554407360666,0.07023575874682392,0.023529203799433403,0.08618036700555133,0.12092658472388843,0.2778603079527333,0.007247449906731914
441,0.010788465760230159,0.03586783575469221,0.1394277959342959,0.01169177004786788,0.020686662539669214,0.03768320401320709,0.10906972602616105,0.22300118299893443,0.21449570286633643,0.07753577862659446,0.08008414943594618,0.03966772599606492
442,0.18713609688902164,0.1657527789067636,0.10159591815154899,0.17512652375710536,0.12195307407222641,0.015443094893114476,0.002058620284875304,0.08746706902916525,0.014730408312444852,0.012080373440581531,0.029558518287631393,0.08709752397552126
443,0.027566951555465746,0.2511661711322518,0.03194081784748143,0.041482366979859374,0.017418464315497158,0.15746780279693065,0.05821624145756405,0.06853265477541401,0.09930488772555769,0.1465834708172309,0.08998676793252824,0.010333402664218973
444,0.028263785031115273,0.02960691793654834,0.2889664646961732,0.08726757479812558,0.026370595581422154,0.05922493563506856,0.03913063997475868,0.28121112291847356,0.0021770016902690503,0.10825984216815196,0.028722895265741382,0.020798224304152232
445,0.04123538804377378,0.24682988390599164,0.04336451764735717,0.045852329608089014,0.008834672581609122,0.0879993874652939,0.12460517657327401,0.05986165853875682,0.17119104208515112,0.11080980162979064,0.05340198173236826,0.006014160188544426
446,0.17138282751181594,0.018045782858686455,0.006917086869476866,0.08231463951626078,0.05236082382957731,0.23999689900887516,0.004169798815815287,0.1310236558284331,0.04539743655274556,0.17859996452455934,0.03765860151331422,0.032132483170440033
447,0.013018582777677517,0.20048834138253135,0.06765399152649984,0.04927105759401996,0.10435408368747913,0.03773048007268905,0.14611321801738736,0.06841376583192514,0.1803182780568968,0.06337051386216785,0.052505832325247644,0.016761854865478223
448,0.016243088865017383,0.006086401648978573,0.027790129185559946,0.0857150060400277,0.08114904409922366,0.1771683742170164,0.02288599581830006,0.056132423843616115,0.014757654525262679,0.28918244612045796,0.15053566819096137,0.07235376744557818
449,0.01335386790654445,0.18492686320814505,0.005199182472341318,0.19165951154821567,0.047317876637025254,0.03175507039930726,0.14936641440303863,0.0920746877225959,0.0284293567690977,0.06344760965373722,0.03411971457168708,0.15834984470826444
450,0.394705199851133,0.02771166750640425,0.13364898921928448,0.027593386445577968,0.01950412306398589,0.013591913515604032,0.062161563527058795,0.08847061197541287,0.035377726876233556,0.0162246385164589,0.034747395180927475,0.14626278432191878
451,0.009404880342128436,0.024034852606801577,0.060494876143632914,0.10301857114648658,0.08573492359039736,0.022318374496177518,0.4249880166413561,0.20686348139380759,0.005952758090644582,0.01043578153850169,0.03623766784274083,0.010515816167324875
452,0.036570803944030214,0.05646442875542108,0.2641570597233576,0.07986010464650219,0.000631626765330127,0.010918880392945075,0.03976432445638817,0.07637391433904084,0.14967562775212562,0.21192235798262682,0.046038769803134684,0.027622101439097557
453,0.009661765844221128,0.11948841659794454,0.01967358886632177,0.10295829440551232,0.02676250079240746,0.09367184676815644,0.027834447316463774,0.043700453194774086,0.26721212886362505,0.07172540897401466,0.2080257774110671,0.009285370965491634
454,0.06437514390522789,0.13043772989619218,0.1402839558673492,0.11630295824233416,0.009008283330197759,0.004488486972137262,0.011429170145500519,0.24073905618161762,0.11773121780998555,0.028701227494856197,0.13370440353549043,0.0027983666191111504
455,0.1806730637377663,0.0058592646209511354,0.05792340477360511,0.05900360021127794,0.42571291988849147,0.0006462267963053222,0.017516936787005784,0.07095389997459291,0.05216994393497004,0.012083824845829566,0.020523835197708427,0.09693307923149598
456,0.12636616977842932,0.1545777000365861,0.035003177182885335,0.14678673487279675,0.058317391681770074,0.007081786728209799,0.10310118296090207,0.06769027936405206,0.13108186104153763,0.039319260806331,0.11619343984730784,0.014481015699191996
457,0.013985937539760905,0.157838128007575,0.10672026152281455,0.17131010161228416,0.09455413216049828,0.0716104476870727,0.05368589265503729,0.06458525097026704,0.0960060666003288,0.06676823210026488,0.06367685060297648,0.03925869854111988
458,0.12282294654758893,0.02538489975467291,0.050776686957419034,0.020571240404853374,0.3188898698861174,0.11978771845696373,0.047552467221039216,0.052560296779399135,0.008196640864989585,0.002490250899074571,0.159566465307601,0.07140051692028117
459,0.0631818366854819,0.17260858722083525,0.05896270716626634,0.11485610315159842,0.05643825261327483,0.04557657320140169,0.010492189305821454,0.03376676965088943,0.16427255900838128,0.047797589772365326,0.09158514383682449,0.14046168838685968
460,0.08500141053370522,0.04586600683810861,0.15529518428932318,0.032425937291040534,0.19747619123616766,0.08357949105180146,0.010751974701604298,0.07428334682714376,0.15227181097666273,0.09448104834260006,0.0068583068924725965,0.06170929101936985
461,0.0013689028541743447,0.13300797032778672,0.09894944352411986,0.06735986831367874,0.19840597624795217,0.12074110884441645,0.009275434010653538,0.10416927989063886,0.10521111449019013,0.11854333262972486,0.005759123187002367,0.037208445679662056
462,0.00497885864902327,0.02552303726006176,0.019477614722236112,0.06585556864440265,0.0789043428758369,0.056026702652092315,0.39666199984748785,0.008660304957309396,0.037121358835793886,0.058671918454285654,0.12241915993375765,0.1256991331677125
463,0.16889476370302234,0.09232054699736816,0.34512053960544037,0.0009250703401843987,0.07453911441558797,0.04916293563339769,0.012025632454630243,0.05849603799650137,0.007817184392484458,0.027742835772034326,0.040705045845323674,0.12225029284402494
464,0.12550707072766706,0.09013062203634259,0.15853696162313716,0.0036660603005243403,0.018798983053554097,0.004526953630177246,0.11197155673630312,0.05572239372940514,0.040087777723602114,0.05719180904898883,0.29055414323611584,0.04330566815418244
465,0.10504688217616574,0.12265116480600864,0.014396848160505349,0.06017081480225343,0.1544193199405832,0.052590710670175955,0.08962074475528932,0.06450192911580868,0.0015769941067856992,0.048083078694752056,0.033944374175083634,0.2529971385965883
466,0.3206442588629757,0.02660429840540107,0.061133963840068944,0.06722172662364022,0.05778361332973081,0.04870258070191516,0.03442962863364923,3.1816756386711804e-05,0.16824073840886214,0.04176315358667229,0.15980849057574112,0.013635730274956655
467,0.05881817910836301,0.2234133590560798,0.026632974608102447,0.012639091814742955,0.09314590230953924,0.01310570344349691,0.06934519469125215,0.10461657164503646,0.10589398167933216,0.10326958399223451,0.16967384513357628,0.019445612518243994
468,0.08741478243354137,0.04459281028457334,0.23432310407115162,0.041004445367022205,0.01484895481484832,0.18520585934267086,0.029275548594286473,0.016362400570842886,0.09388003422191646,0.04648551358992294,0.03665325400876741,0.16995329270045617
469,0.013148187239315838,0.06934357059194253,0.17396617648796445,0.02575732547568006,0.1272387769115769,0.1492699804535309,0.06416754243654892,0.05277015512865598,0.0808072703336624,0.10152621845201516,0.11620593007803454,0.02579886641107229
470,0.19198415108728484,0.05648294763802921,0.028324936626441453,0.006346786276376236,0.09627711503140006,0.034899667428111826,0.052987408112697955,0.08450088661202833,0.09054434429968572,0.18806152484500874,0.16634566545386484,0.0032445665890707934
471,0.11692839755997757,0.01069525663427476,0.1383996635834313,0.12406162560518816,0.03537356596684298,0.21147763040081147,0.0862084872594903,0.12642708393021548,0.01980629313417259,0.02567873077828297,0.009058206002902748,0.09588505914440973
472,0.05488911204899821,0.11930496808757174,0.13286344991241406,0.0033575028738251494,0.03377562268330587,0.12153814804748493,0.01127433372224067,0.014595937739755647,0.18006287539828758,0.10811114357988984,0.12658584067300221,0.09364106523322412
473,0.06990249909421165,0.0439730720300305,0.14132706611052298,0.0698825162190522,0.024319087970090237,0.004196653243850728,0.060196161340212384,0.1941380626142656,0.11676834668318796,0.0747933549650891,0.1836647154682879,0.016838464261198848
474,0.021895405591957746,0.23761380295536394,0.1592561122229034,0.40317742355528485,0.02483176581471637,0.027265722417541195,0.030073656044298347,0.002767307285587566,0.0035288788044679402,0.037683612846704205,0.027679023448548338,0.02422728901262617
475,0.09385727060540165,0.12257048670666175,0.027808955402879264,0.0552805208365398,0.03197061681577146,0.072268752068723,0.2859151009223018,0.02850875857364263,0.15703725225121215,0.030382568448963185,0.0006000109876896078,0.0937997063802137
476,0.00562902621075667,0.11826350214298498,0.002454940789372811,0.17616379381135683,0.26749944906402634,0.13174491143215525,0.0669467892638483,0.012739748904750398,0.05852248496137285,0.004653458011450687,0.015045673692368254,0.14033622171555657
477,0.034634005992455724,0.10483602485258652,0.21966031387431637,0.00549720612911329,0.0201152549339034,0.3354380888276845,0.052821425948425704,0.014072306423105134,0.016221400549390152,0.003659930576633112,0.019783437020647623,0.17326060487173853
478,0.02202514175995576,0.03243823054355952,0.19327637392961183,0.15468690473099583,0.16557665210463393,0.09827512931948339,0.07430801679559816,0.08303648737335365,0.015745590688165167,0.07767855222978672,0.004527498172569871,0.0784254223522862
479,0.0010573653622688434,0.007806715615701226,0.20544048155281056,0.020627005749336066,0.04068246337844249,0.3682790650080109,0.05008026935261366,0.0964290101496892,0.08975184137779267,0.10149067631293447,0.009210723876897605,0.009144382263502357
480,0.1097884428973307,0.0011321245671900644,0.1419422733464424,0.0005928218997184088,0.009725021164732782,0.07955993620162698,0.09881122097657856,0.06730099643750219,0.06512109022375491,0.3391736456953227,0.04532759538580566,0.041524831203994625
481,0.008376873863622484,0.07303109315263066,0.021524098145546837,0.10003514009553717,0.003669002276096903,0.3038274190518854,0.019763293594909834,0.02524668751705739,0.0627749582332128,0.038021567231658907,0.15183121601862584,0.19189865081921584
482,0.012804729918311808,0.03789401596762373,0.10655755416856255,0.04192588031728161,0.22183762224282924,0.05842890228417837,0.028718642049144615,0.040001465699615726,0.0672881667677148,0.03480322692846298,0.018537268608417725,0.33120252504785685
483,0.12131843548503535,0.0005185265602308213,0.013788182787981827,0.08627891180859837,0.2547312145159788,0.08503663279285956,0.08643102255977073,0.043716892186428796,0.06199034352266703,0.001539591653482982,0.0459720817127577,0.19867816441420805
484,0.030203610205489936,0.173789746216917,0.1341447329770276,0.05064618653695368,0.030620658717946114,0.002365354196830996,0.15110103806532155,0.21589035990831879,0.06967043220393895,0.03273747775775946,0.06704038960097687,0.04179001361251911
485,0.030450427284051982,0.025571162032427572,0.08785632688430683,0.07493558632162342,0.10345835028734869,0.10117322831585936,0.0796900482479345,0.0920319899900478,0.037649903999372944,0.08914309736736822,0.07215204362434814,0.20588783564531046
486,0.25724494626711547,0.06484353886850171,0.03155153461783989,0.012396782021684621,0.08570143516802707,0.0094416801511823,0.2043702066997178,0.07998039094694477,0.03211153551936724,0.011532080199582854,0.19275289757969374,0.018072971960342583
487,0.1254714214205829,0.039898871447899636,0.1177528784903325,0.20537484494296923,0.0039263727118434635,0.05722054741314367,0.16529515145754603,0.11869333454087556,0.0013497634066972394,0.05463034406673435,0.10823021389611648,0.002156256205258992
488,0.015626870870150533,0.009995846992522225,0.08100119285725878,0.032983070719353275,0.009389932925625464,0.06971096813238488,0.28442794748337347,0.04414886265558167,0.029849796951239564,0.1444675517990116,0.10277343690810069,0.17562452170539788
489,0.06573592669892041,0.12037389241020514,0.10180804437662304,0.07077000762066872,0.06747826665222134,0.01469605379536229,0.11863488835531218,0.015781715783418165,0.022820376585055546,0.17295279007596756,0.05668010666708805,0.1722679309791575
490,0.008767602831570142,0.1167158144899548,0.02662201320663155,0.07206634153470134,0.017415044275826467,0.040057701293345266,0.21779064203564366,0.020282059420429807,0.07760402876501128,0.0062350428592877335,0.10651915071589678,0.2899245585717011
491,0.20849693978487055,0.08904614797800901,0.009257308096684399,0.08113542419352121,0.12691859344760434,0.1909949204228003,0.030477833731884785,6.148415755701984e-05,0.06834799257597365,0.056142555453233635,0.004161168120750706,0.1349596320371104
492,0.2862319910284669,0.013058994733211853,0.04664556222617678,0.12342436848776898,0.14133462521491946,0.01672628483905597,0.11199141631571982,0.001720680448625302,0.11695305148234038,0.08170907706627355,0.03976237499859194,0.020441573158849057
493,0.0598371158195049,0.10511551747820969,0.021192046892540246,0.06518571731638699,0.10998019385301891,0.13953675167702553,0.04362607383371804,0.02907619385604454,0.041239859206326376,0.07824926981580291,0.018613752313763263,0.2883475079376586
494,0.04302014991297568,0.17820473609343832,0.06236578776916356,0.034372776564223224,0.044739363892403884,0.1626731122070763,0.005564661824972975,0.029510033695038834,0.14192855097402418,0.032381100078464085,0.035245567523877315,0.2299941594643417
495,0.2724968489590662,0.10429150854790212,0.021417011396202727,0.06853593545838635,0.0642450331084237,0.019827662555659813,0.14210162782477903,0.045261793268894526,0.11827528284374411,0.006877865618607366,0.09609309587695873,0.04057633454137536
496,0.2755054389117012,0.03406703201589735,0.1470921650926306,0.08334560390892949,0.05714336604970056,0.025773164770334936,0.04185861583223534,0.13164513096091096,0.10572123486566319,0.07536557240268674,0.008522014730727332,0.013960660458582259
497,0.007922943135245502,0.23630244664041958,0.07496027142073589,0.0386750090087614,0.03776295566944613,0.051163556598940715,0.06718920610772665,0.034682400840791855,0.11450816678371686,0.11340689484235054,0.08732545229956315,0.1361006966523018
498,0.12211623991886586,0.21908131510882833,0.10665125907709397,0.07261582138869278,0.09234593042532555,0.08323440044798351,0.01603490447851027,0.17045304936761135,0.03243388252088825,0.06645160272796553,0.012274387714997458,0.006307206823237171
499,0.07749321816328571,0.05254959814407723,0.02821941196900873,0.1332053750175811,0.047784307392270485,0.1964993079465112,0.009346087360264233,0.24192062851489576,0.03018256662291743,0.061000219588999156,0.05420563442755172,0.0675936448526372
500,0.11250202380015346,0.032390031449264424,0.1542139578766356,0.287744367709616,0.03763366890753638,0.0049474578162898375,0.07641320803837205,0.10908255877498894,0.00105303255186384,0.013606663682326787,0.04233175774104797,0.1280812716519048
501,0.14743533730400024,0.02434613529359865,0.11590700079800985,0.19518905486856286,0.13087971083810576,0.08616267884524427,0.035855448286655295,0.002904936084858833,0.08791871669124486,0.04245039411890349,0.10362060966607832,0.027329977204737597
502,0.00696832965983149,0.0010824532148998602,0.1415048351642732,0.11042460884199246,0.16624532885815943,0.15967129286425272,0.025922661963182565,0.009172833202731321,0.08368975571052296,0.07317527287085575,0.05311328440347993,0.16902934324581836
503,0.04227884675220958,0.000523582779552089,0.02532658356113392,0.09084305820600906,0.2765358444774293,0.1350929848103812,0.11831377283830825,0.1630179760189198,0.027732970895389272,0.04796556781970906,0.029124599774547313,0.043244212066411235
504,0.054035817444003785,0.04032280488069757,0.1518446728131838,0.03354143176070126,0.07111197997664061,0.014853968301763956,0.025356783434624067,0.066327443361615,0.4452179287070104,0.0024737396268144224,0.08236296222936164,0.012550467463583428
505,0.028323831319932782,0.02693868497316891,0.1661682820311216,0.17279145143671532,0.05165676985507169,0.08638892537601701,0.028692952022430353,0.12049093826786472,0.08686250941753286,0.09795541926980886,0.12258323845353182,0.01114699757680411
506,0.05877204358389372,0.03610705009371126,0.004282098071772783,0.09897928110551497,0.14167963681585297,0.08207965028818506,0.16501493048177107,0.11804674370351176,0.14866290071176846,0.10172368247488411,0.04151418164523386,0.0031378010239000147
507,0.031621517581497186,0.028118576741032412,0.28273353952893365,0.043150212619703414,0.11263548103270142,0.06643781529628458,0.12908645262152674,0.04400481567457916,0.10819778427361255,0.028024520215002003,0.056298859730565476,0.06969042468456142
508,0.04533383441460169,0.09072673940540549,0.08672159578791813,0.015633112496929023,0.04946278260254181,0.02333215187983413,0.19170154088555758,0.06675950225885209,0.009885359462262407,0.21598562536023216,0.025458721704468976,0.17899903374139647
509,0.04927388290482509,0.15966974381380966,0.0007674140622055558,0.0454693817872801,0.07357566328571322,0.028342029257106986,0.040345789989655066,0.10850924059180096,0.09865388946924764,0.27276299061721415,0.002950921389318487,0.1196790528318231
510,0.07371332015290026,0.020723183326201353,0.320948682294991,0.058255139461445386,0.04721224755763321,0.03415209321257998,0.016062479617506578,0.03968173658650663,0.00044368082447704936,0.20381213689617309,0.09848148480838573,0.08651381526119972
511,0.028963786859961406,0.1374850461476534,0.14731101702984178,0.10584797430554783,0.051002252728148685,0.04670873668312797,0.14793725191870322,0.008359711825039908,0.012573070937710571,0.029430531457436244,0.26209162146792625,0.02228899863890277
512,0.041276584102732536,0.05038796105666458,0.09149105455181397,0.023489094209881753,0.1473420744351146,0.12869884632954037,0.04020922049866129,0.015839829728210013,0.11575973743579156,0.2247625082642353,0.09276954880407526,0.027973540583278677
513,0.1674748304837796,0.057475740457642935,0.04308957404077715,0.01793079219967071,0.055942690387258076,0.15734803330789582,0.10906908304322216,0.07521210535274249,0.03050947176640421,0.09212048375493816,0.0705573502150629,0.1232698449906058
514,0.029511343817599307,0.004574396750359951,0.061209118143153524,0.5386276646633025,0.01882985914333152,0.0058776956550894936,0.10284708010423707,0.023396354767106133,0.00017769521563014626,0.08075647409163068,0.07848212062998806,0.05571019701857152
515,0.1946745858847583,0.07196518609158332,0.030818669329434386,0.0014532589879290205,0.12267294649059779,0.1504061937101096,0.045785268232773436,0.11023725673681133,0.10635416906296666,0.1370872714420842,0.01807719200972961,0.010468002021222389
516,0.07205406272628419,0.08672599855780982,0.035091516892040826,0.15299537887985445,0.0027221568878125907,0.04889217082029992,0.2190541999844547,0.10035427801900682,0.08070442995667036,0.05692693005531186,0.02027255692277976,0.12420632029767474
517,0.17214509032929198,0.24255546567785338,0.012657944934051977,0.13534052642062783,0.03511822368310267,0.030476437217187412,0.026694747700274787,0.07093150320637859,0.058246184200951574,0.1605229752856816,0.028730462136249434,0.02658043920834874
518,0.004577576145828972,0.028104831883406997,0.040721597879756925,0.0006345499161641691,0.1599773191615545,0.14326877766865173,0.10144631625501663,0.026791278867075427,0.03594422686455863,0.09554332602424907,0.12705429078633146,0.23593590854740545
519,0.08193201462355654,0.04415489107231444,0.03837572836425902,0.06351416006145039,0.05328603258376903,0.04516665384252622,0.38381619595683164,0.14957915908725786,0.03129751935966393,0.0054150622875155695,0.03529363088086832,0.06816895187998705
520,0.024371587951092913,0.11805571439660617,0.15896473229161318,0.0851961785469834,0.0007887419757944801,0.025077767606525445,0.040197201405193686,0.06938243151582611,0.019707223714414506,0.02410994768900264,0.3329424801800081,0.10120599272693936
521,0.020149858372723876,0.23021439172829852,0.20466094349516337,0.01133001630993184,0.047851156480164074,0.04767236146853224,0.03393908407726803,0.002944827731334264,0.12186382868867002,0.1801582649094837,0.09617590946190346,0.0030393572765266565
522,0.1503828254707361,0.056519806233754584,0.1778124541835413,0.0309506598594604,0.1542527342597864,0.026903699714465313,0.05507457917263244,0.037150612889398194,0.21429305666057943,0.03377852879236252,0.0387589202481459,0.02412212251513738
523,0.1314670803422299,0.0738328564653172,0.011731139882407402,0.04656033936503595,0.10377046977899661,0.13410625880867608,0.0009196624529095472,0.15418556271908582,0.08645202700176381,0.04307102020103992,0.06406888352962124,0.1498346994529165
524,0.02168335714797861,0.018705542235504836,0.0064298437735870765,0.002558276217710291,0.022884596557604428,0.13841321985646804,0.2093998004259985,0.13789731696815458,0.18698173234163018,0.16110496769926408,0.062021054140166704,0.031920292635932684
525,0.05940376377319111,0.15653509578039534,0.0954555450559411,0.07006618782033751,0.05787516998482808,0.02164693363379611,0.06207614057532214,0.1423067779993025,0.07821852003979683,0.09155191341510117,0.06537486388566423,0.09948908803632393
526,0.2270519162109518,0.11657217364826358,0.1220746727446978,0.2046030326339311,0.05060341299198257,0.06285320336748917,0.08109129230685497,0.07034466749940246,0.0063056024256013185,0.012203122066441327,0.01864215109806207,0.027654753006321923
527,0.02122524885045877,0.05835895433435212,0.04257471287174843,0.05820857657325597,0.05179900202997878,0.041603118502981686,0.02191142947515412,0.2094432458789934,0.061727017557137824,0.12843732005524416,0.290344774521074,0.014366599349620762
528,0.18377492684955918,0.013184668391590805,0.030505878314888508,0.030816271260064483,0.11957036324383133,0.182344476206681,0.021852338245357487,0.05635319260988673,0.10409889086461517,0.15928410087011394,0.034726265079289664,0.06348862806412173
529,0.04226441801576916,0.3269972906051053,0.021258841127479704,0.04246164019293375,0.028329485887964013,0.010043321356113858,0.011633708852376409,0.12293637907678578,0.047115493415053784,0.038741078655787776,0.02500190884013581,0.28321643397449464
530,0.005050484334805979,0.21456426699166695,0.24571023387750243,0.007518501003695294,0.017703616554979637,0.030386149813586682,0.09525087541458407,0.12432242595620287,0.012871810483033484,0.13347166225817889,0.017193801068851298,0.09595617224291234
531,0.01618332173258794,0.017761317734315614,0.11105005282052352,0.02952204715390901,0.07796928480706797,0.23770250921711517,0.028093014589048754,0.10471176387069357,0.16424789915155216,0.02444188330092326,0.07143823195405075,0.11687867366821234
532,0.14006009162371968,0.002968327300756334,0.025412541361269223,0.04064618737115897,0.15872695935554987,0.09225432821119824,0.05023157798688638,0.1279476736188722,0.028055854413214534,0.018221613605110317,0.0764512423190301,0.23902360283323423
533,0.015356272441900205,0.024160690988652325,0.07630205943395633,0.020824455386509556,0.20456690300552532,0.1003700505953215,0.04784103973839144,0.07941676030505153,0.03704458991408762,0.1904329078287088,0.0053017312597778525,0.19838253910211742
534,0.03307816021830952,0.03549902656498637,0.17799658911031452,0.20275237125364207,0.01856973013811305,0.20898340079130814,0.09779833374890898,0.07031495813095377,0.0698462644206524,0.038989356770333494,0.025989194065148737,0.02018261478732901
535,0.008818576523090099,0.012990885742108254,0.0005590098316621855,0.13538584765491896,0.01408474404044323,0.05037225715595545,0.015624501334056741,0.10165743111347914,0.18607472850564755,0.2948387252700466,0.016846335032592367,0.16274695779599943
536,0.07503591144030987,0.06900938603806413,0.023903970997922127,0.03758834368544084,0.035161777082109866,0.22306794257088403,0.2157140350739312,0.05513306304560362,0.07313331508870839,0.016454618275441698,0.011596926646381985,0.16420071005520223
537,0.07480011819729442,0.24343489612592434,0.02362657016999629,0.22512702227227618,0.08063445521236,0.009410902613039545,0.15925437136745849,0.08616821484379816,0.004998293819650039,0.019604195866960543,0.0356939577653715,0.03724700174587053
538,0.05401237594904378,0.0023131232151672263,0.02929697306159831,0.01008719143512105,0.010948229512322532,0.1591759184142185,0.007876541105863702,0.06095395553242377,0.28616912140894857,0.14589444818986297,0.14600265712221713,0.08726946505321237
539,0.09435308111563206,0.1766138561292471,0.02313970069416546,0.006987088727459118,0.07958475618346719,0.2193462218263566,0.06360329042834673,0.022637810931666322,0.06637637504113465,0.04033452436104529,0.002106730354049584,0.20491656420742993
540,0.0024402233000588576,0.10046623514759775,0.28387447520381237,0.10577657492230154,0.01717647140881852,0.06181113485983767,0.03855988982547837,0.015110544693266028,0.00558135933769243,0.3092511038184324,0.03715598941133447,0.022795998071369544
541,0.016230788187041285,0.18463817656405793,0.013194420048443175,0.04354191873956753,0.012643753813387006,0.11362552931048947,0.011027825578849175,0.12406755969312297,0.054539361772064136,0.3637136435631353,0.008838096919078092,0.05393892581076398
542,0.024010044900816763,0.08653705847508193,0.008832013182557141,0.1664337289318377,0.09359263610679192,0.1856601661459337,0.0088740030902829,0.05141373615144619,0.005395381655742281,0.0026773397403631748,0.008452318592274225,0.35812157302687203
543,0.02548334375759711,0.18719218361021742,0.039612328954690294,0.11362006687523946,0.04300428874911176,0.05845278702852838,0.17020452994249702,0.05048755217041071,0.07458814491875194,0.03580667517182829,0.07308421419846957,0.12846388462265795
544,0.037263598664114314,0.08738546417635024,0.10051006748325055,0.07746327417828364,0.1699794121271518,0.04252951105566756,0.07903370675492308,0.15610175594238743,0.01727051882942006,0.06234425561117054,0.071831300435187,0.09828713474209375
545,0.16508767853549744,0.09842911712788888,0.07955805397448179,0.10405310598697672,0.07519833014538344,0.06373424060734192,0.021341266531133208,0.07692372853276984,0.033711339261333365,0.057604749340957655,0.12246235565188072,0.10189603430435507
546,0.1770175962773403,0.0011283095947479714,0.055116899944416486,0.03894748100904034,0.09782321896767597,0.04142296194990054,0.21707439425492228,0.0753839695566632,0.05514765430441915,0.12057396463323129,0.06178071115382462,0.05858283835381785
547,0.007596010919431618,0.0625469889018326,0.028218487500744405,0.06475733239800181,0.06521185063170154,0.1451722225229392,0.13194331482379298,0.10868304725030259,0.030929659881279905,0.08627020348430695,0.09736153403791584,0.1713093476477506
548,0.004881597584089998,0.011599394052824997,0.02923600618722276,0.18798241281769054,0.062144862762306616,0.10281812812373947,0.15731012297111335,0.1994772394476827,0.010901154425599264,0.05492727295379846,0.14879849444527218,0.02992331422865972
549,0.059747427451586115,0.016657125138057064,0.02582943317413343,0.1487047696970087,0.00646283224908854,0.10304001960835334,0.014974923684749314,0.04598758351129698,0.28765020459583884,0.05135270171117042,0.18349585137502558,0.05609712780369171
550,0.04497627338628574,0.025418936086048113,0.031054504429844032,0.09861535652974952,0.023176277753547397,0.14305726882819533,0.031388969113041926,0.13363598001099308,0.09023442977739357,0.0016336901505052623,0.3766542118398266,0.0001541020945693783
551,0.08244763635746984,0.20124113488273238,0.16575741746149977,0.03000766948647747,0.16714819849092427,0.03981536645265995,0.026291307052836062,0.16009535546548273,0.016728672498709136,0.019365241794921183,0.07536342479347356,0.015738575262813713
552,0.11418094245084125,0.17821488851740583,0.047011672795471984,0.06771516871545533,0.08665260875104604,0.024125968360743377,0.18075186029996768,0.040446196322553904,0.015849963859798193,0.21720009041571112,0.009188948008522132,0.01866169150248319
553,0.005332111663329795,0.21299528176062207,0.22267455786829116,0.12542126870562917,0.06368906549302386,0.011369391565171527,0.0190614295737108,0.010732382127637002,0.06585209522197238,0.012017642817150299,0.2031978005666658,0.04765697263679614
554,0.02548082234402662,0.040175128701402364,0.046292258189991886,0.07889015094284141,0.046169837571351804,0.23990527012370572,0.20871917504519422,0.0034951462244291348,0.22495339815154017,0.03767221904130618,0.023885421100825963,0.024361172563384603
555,0.12670991590105893,0.019553157218484742,0.12415450575888021,0.029985168791490494,0.054551995982405954,0.13166993475692831,0.1864398797996862,0.025881468323184904,0.047195363493107344,0.08968957305121877,0.009398524370511892,0.15477051255304225
556,0.08657865773771845,0.1834838221213508,0.07594657781714917,0.039262031483503844,0.03185127136216721,0.14738156233554192,0.018263805408268073,0.044353790925114586,0.06909696773173105,0.03279238014897363,0.15041931116798082,0.12056982176050045
557,0.02343008231200256,0.03517605225381656,0.0035916480398566243,0.014589920429032316,0.03238099685737897,0.16219885890706415,0.21472231436291056,0.19768402615769592,0.11141837908330544,0.12276549511463858,0.06771567233986608,0.014326554142432321
558,0.19968982521574813,0.031150497995557275,0.11416477492632643,0.16837941478236804,0.05589079309512055,0.02841085317920446,0.21894885633432515,0.007461037469597089,0.023058243812301746,0.12066603671545927,0.0001157451462893128,0.032063921327702555
559,0.1381581644948121,0.16213127673419114,0.028959678473911375,0.0016415872811082726,0.07075233198655694,0.061495788851205685,0.02756367222636123,0.03463077942578668,0.05887381599575461,0.05663821076125852,0.017185962812166264,0.3419687309568871
560,0.010182383788179108,0.0018619903631941338,0.20018977823685266,0.22883620871268598,0.014442675597723928,0.00998058029981328,0.015680493137285048,0.17467868917231538,0.17072494570555458,0.010423601569701717,0.12195026625922582,0.04104838715746837
561,0.017450489516382145,0.1259145848304095,0.0507859345043219,0.15300701584143955,0.010984691211120685,0.0571584409192079,0.038647923065338985,0.10189524172134043,0.03591817592731566,0.04141947198166741,0.34479729544712345,0.022020735034332387
562,0.15851939048521,0.1122437497494728,0.049623720819532195,0.02926511910376014,0.06258004529117775,0.023104777199878457,0.06477295752331545,0.08829881663016774,0.04885432921786526,0.19140867177444348,0.10588763002561076,0.06544079217956598
563,0.04790031950763739,0.2550588812887442,0.028774210832389707,0.11827836485662857,0.022796226052411165,0.008932898118910744,0.06919437612928825,0.1041189033913321,0.13364022965300887,0.06626283311319611,0.007659035634327699,0.13738372142212513
564,0.1221933481756243,0.04844184674857779,0.0371945802491955,0.01181459644067228,0.17546579242038443,0.03978002600350966,0.12193628765460078,0.1476308545527085,0.00360325070710011,0.12117264624298252,0.05560884450690084,0.1151579262977433
565,0.13195899278039,0.11033100763570342,0.13884356494921363,0.034597036202219454,0.12791696218163515,0.06515476568530802,0.07988827371963518,0.10753054022912384,0.07896001122710641,0.06899176015921467,0.04395669769180799,0.011870387538642238
566,0.12088907347215498,0.13047264626618593,0.12256075698298444,0.017898947829210178,0.04279586002039434,0.13679498229999548,0.08966591019186154,0.13272946470936273,0.04602564081799437,0.06808739165263165,0.06862223982283237,0.02345708593439199
567,0.003422977205819619,0.04600294665665178,0.1396755830698348,0.08745506513966574,0.0273298080308225,0.05537768298745516,0.10130688968368917,0.06057875132624812,0.053462581400569725,0.009637443033760882,0.395518522063481,0.020231749402001557
568,0.005819678954628692,0.024115606447696992,0.06101190659460651,0.10179016328258983,0.12474407828462845,0.12671895132153316,0.18701011999348868,0.03479116110909636,0.12634057517867547,0.007355528423877603,0.06797642562049326,0.132325804788685
569,0.00985127181168531,0.07988067706423709,0.08483672299439869,0.09934174091281772,0.017756909641936023,0.1569360023915962,0.10404243632391925,0.02781772188258825,0.06125717837986219,0.1135463457508621,0.13500769051008038,0.10972530233601678
570,0.11635142908153598,0.0011159733288321951,0.07517943313031007,0.03268078637705477,0.17817902956383286,0.042375325089869985,0.15750198545093944,0.14544493748330334,0.059453633362292806,0.18664942653283279,0.0043275503628146285,0.0007404902363811422
571,0.037533432398702826,0.08731199519090456,0.2056394124003949,0.0521143985440727,0.11436994782200646,0.03090024238867703,0.1886491512713333,0.09646061788490311,0.1509089126376301,0.02132713091414084,0.004239282780078234,0.010545475767155987
572,0.07448972216372898,0.044292062356247795,0.041870059612334656,0.07661897077606337,0.018915932043509866,0.1644010511350808,0.12185710731611465,0.010724027657131159,0.027980681750851326,0.06804667372665009,0.3448846823076108,0.005919029154676478
573,0.055574773293807896,0.05863730784179726,0.1056201034519415,0.021357907829561148,0.04243048479430452,0.1415149983392702,0.20145724058488632,0.19618866159370513,0.03234314003037584,0.06391376872632328,0.02910573854151207,0.05185587497251488
574,0.09777559665494676,0.09162613035568132,0.022729541133995012,0.017004580331523588,0.018022487408923676,0.3844474009037647,0.0032164701327405056,0.03909873028475171,0.17587912702370218,0.013577670868930893,0.023439644513244914,0.11318262038779477
575,0.03634566998013841,0.1487126920704024,0.1036243490267816,0.06744735901160785,0.10852694753015975,0.14226797197811153,0.11546037461240462,0.002972911592581339,0.09062771745444927,0.041421608903260146,0.13634405462916852,0.006248343210934641
576,0.009291627733758263,0.023444597621902884,0.015595042792377691,0.026054758911666732,0.3406646836212137,0.007018735847389049,0.15093490073923332,0.12265064064712544,0.02369776754608411,0.1896299790598933,0.07091161708281007,0.020105648396545474
577,0.09428123376126324,0.017075007933302324,0.15646185700485313,0.009071183841052856,0.030110157631482098,0.14606796996351823,0.0259437471785313,0.14317263391159726,0.15032255452051307,0.2043591044687481,0.017766393234125537,0.005368156551012819
578,0.15368179468467089,0.06310363170018077,0.009669079036508902,0.03924421529680426,0.04425592010344461,0.07175157378690561,0.11455407681658705,0.09533146471943757,0.01753213752843332,0.2714279645982514,0.10134711560724056,0.018101026121535097
579,0.12791907230437305,0.031040991311197336,0.055560056686348676,0.11695741294412476,0.02721741451428473,0.012261320850130627,0.26776221093309954,0.11981419044436041,0.023421937330151535,0.1678243886358411,0.013030357311182761,0.03719064673490552
580,0.08930358243177577,0.0020041400998047783,0.12661200610853546,0.11392272495621691,0.007399679070529544,0.11235155619563598,0.048244732571493046,0.005973642802652171,0.015011407844381817,0.10243097041987533,0.2591040887248271,0.11764146877427212
581,0.12028366536500158,0.07478477619745212,0.07274978124618729,0.052855009421879075,0.05431380548960864,0.08329891093106735,0.005783343784858887,0.01748556658796895,0.017222715402536396,0.3369803559134443,0.0469735342044958,0.11726853545549958
582,0.05447204258916918,0.050517273652769666,0.1610567325901224,0.005275402634735777,0.1387714140238751,0.07209617009345008,0.08829288294497188,0.13787287606785092,0.019370145279976745,0.04763598829037204,0.18654811754586895,0.03809095428683718
583,0.008635216284751645,0.0026161239541737233,0.009440510690468933,0.003209749880979797,0.153307647444464,0.0915251417202112,0.12362636086097309,0.02069768246144294,0.33378623511662,0.08083805300427667,0.15643299627144683,0.015884282310191226
584,0.17254228723005655,0.054354961896319484,0.0992807390062485,0.013908173600951658,0.0006216594508664797,0.05187085811115346,0.26951579179200447,0.10709988134990996,0.036879322396984965,0.014413446791756384,0.09155968839764131,0.08795318997610684
585,0.03314369923719907,0.10357629922692786,0.10795681217226476,0.05178351235181084,0.053434167072857815,0.03362458395718346,0.08193297694053991,0.13251760151867084,0.0037605221998346814,0.032108223606943674,0.03339725183080982,0.3327643498849573
586,0.06832556967013466,0.09926457812543826,0.01654111943815461,0.10803865476000896,0.04183111609968231,0.1816780620343104,0.0008155684059854004,0.201941832473627,0.028159959780867713,0.059629518490243005,0.14149198968647386,0.052282031035073825
587,0.05020130952493163,0.004185720853581853,0.09207811229836538,0.06552732160006358,0.045390016093297736,0.12507428851921293,0.002910971025260678,0.07661774666463624,0.23539694987448057,0.0013519709929096018,0.17258834027402745,0.12867725227923232
588,0.038376080431377774,0.05341727675767678,0.0088269841222606,0.21224348862961154,0.004481541950149266,0.042476972603974227,0.06411829572239902,0.14415594902454826,0.0025244317833066484,0.3680541682595532,0.0077216856839858,0.05360312503115683
589,0.04493242147857454,0.024022606472550067,0.19247516565730627,0.1980990897878421,0.02424667246944912,0.050321499319010136,0.016124779846159266,0.11447277530976306,0.2103603316100051,0.049583051470756104,0.06841522328719266,0.006946383291391564
590,0.00912024207597428,0.20611851820362714,0.061933000954205085,0.15668073581232775,0.07791447610345711,0.07093275889047258,0.0543014514133539,0.01625061534303463,0.050539365966545124,0.08627294241303021,0.1060928314855492,0.10384306133842304
591,0.02445836079205536,0.07510650712578393,0.3406552843261972,0.05435465264776869,0.09925197861829567,0.04631687469344274,0.17741833966304332,0.05165238760905327,0.023631815596740928,0.04598400028814204,0.05774069111667449,0.0034291075228023715
592,0.1713898040141981,0.021544322647272938,0.004079086697861863,0.1566342868227279,0.21025983080002078,0.013982528840094186,0.0803699236332687,0.0785216652002457,0.019823169919036862,0.017457182462577374,0.09459659193311226,0.1313416070295834
593,0.15073694821126166,0.07254991569725515,0.1468882739832015,0.16451371218005795,0.014094664087834085,0.09613368419129793,0.0034248277047980143,0.11074648118711819,0.1372964504847768,0.06119617171286498,0.014377075906764828,0.028041794652768882
594,0.06441148154397999,0.06007480329307409,0.1180030627584006,0.0446876527955334,0.023051461070329324,0.08137713990101346,0.09828862788108945,0.0895586714515781,0.23677219692630821,0.04835041644194945,0.023253301979011612,0.11217118395773229
595,0.004205191595047384,0.002557249883296266,0.03763807520567325,0.37976337838930374,0.06660778509787169,0.060730683727343124,0.2564486990653295,0.06895414311031813,0.04082620417822348,0.038935124222334465,0.0041094973346824295,0.03922396819057659
596,0.04264817049997523,0.04817223147795805,0.16550652980477243,0.02834082941666202,0.14432456270969424,0.1155323614045339,0.17064464804659618,0.09632074716918194,0.10694443938633666,0.01872305350792027,0.043096633773949185,0.019745792802419844
597,0.056738845491976476,0.08632922398732187,0.10323480044241236,0.1552330105790652,0.09004753655081482,0.020803554220169405,0.011169128249610654,0.17165230695019332,0.029884507245508674,0.029622419006857723,0.1383648451180428,0.10691982215802665
598,0.17686816168057112,0.04958032315326619,0.11603783956996788,0.030882761115113167,0.00946155068182849,0.00731207571953383,0.018236504098747927,0.1740453165873326,0.0021326383205688606,0.17098737443755785,0.2049108022776461,0.039544652357865966
599,0.0975484989217143,0.09771203382082827,0.040966978855938294,0.16849851736443222,0.06276300131687897,0.013082721059351276,0.08308163162612049,0.09540282661235469,0.016860672453535785,0.1985031155147569,0.04448836581971472,0.08109163663437408
600,0.05519315403913571,0.1358768250595565,0.07262174340075847,0.03028189690887179,0.03876627862936821,0.02414527916579085,0.06799795148207609,0.02643833693245536,0.0655666596104919,0.13444472720802564,0.23570807878152705,0.1129590687819424
601,0.17081912294735166,0.029136603299319844,0.02692705068212847,0.13310861408616065,0.020312083595976447,0.04705629418209132,0.015800322580291824,0.2228182209590311,0.04873116254916649,0.0577352390835887,0.07917364115282473,0.14838164488206879
602,0.09854366512749102,0.02106264127460865,0.06712826328681346,0.035548910727988915,0.019784520858466038,0.254268813990679,0.16430545650246217,0.026634527399518656,0.04419021690419517,0.04977417773225248,0.1031133864258781,0.1156454197696463
603,0.04402147631025105,0.05419466764463425,0.005459536252972869,0.0793982928034862,0.2026513652457527,0.030150970832058716,0.026756764484197525,0.1608567644237927,0.07774257216928568,0.026550670284932323,0.22554839941044397,0.06666852013819202
604,0.10704975802076301,0.05587824109840296,0.056427640721927914,0.01141461264978248,0.10236561525227254,0.08089189541897786,0.00965778383893581,0.02525005838296565,0.2380781179747514,0.050852170586413066,0.09125441573623662,0.17087969031857075
605,0.013645002045297889,0.11008008083703769,0.0026751241008615757,0.00919054033540805,0.14415539159334192,0.046089564075578474,0.1912339305224588,0.039774100038734446,0.03348893326634712,0.23216971384563853,0.162339753621989,0.015157865717306571
606,0.010005842667481063,0.3797259953120397,0.013065563964731793,0.09125899461345562,0.04402705015094708,0.11449465010187856,0.07094464527370511,0.005911872822661736,0.004359923878892335,0.04085707165721836,0.054876479299372144,0.17047191025761652
607,0.009345544071826858,0.04833392634369947,0.03858666511881944,0.051029650957129864,0.020983058980425667,0.18741796890132117,0.03904660463844621,0.03289019508701101,0.2992317467559208,0.01589654540851628,0.148865511020038,0.10837258271684516
608,0.051788166312527036,0.0594550091856859,0.10401475010926044,0.07366564094565309,0.06680537133259415,0.19281574266548154,0.07642771432056068,0.03760972873379978,0.03420586901625579,0.044180426609885734,0.0003403169098558103,0.25869126385844
609,0.038570690757473644,0.13943872966293583,0.11573934957622213,0.20842383539233794,0.002825934493204069,0.02633860374369065,0.07358519409995938,0.2137532340252093,0.018453833965028112,0.08753997377114592,0.05190199474542064,0.02342862576737238
610,0.03550818564691213,0.00883985883198584,0.060764299017451555,0.017133463679583544,0.25303227390113286,0.009673149930915564,0.15932063373510993,0.1984304041105894,0.022835338553059626,0.17724652084086023,0.0056238262838244095,0.05159204546857494
611,0.1483919203483534,0.04683529678471444,0.022178054653982697,0.0008955187113214189,0.08209899754854866,0.02918933166576717,0.16703228432436348,0.017270028360993582,0.10227662538775129,0.12240577987042642,0.007668961861161363,0.253757200482616
612,0.046410538358892466,0.0067293524655549185,0.15664290040048326,0.1304195255853628,0.008205128685172014,0.2630503628128938,0.010302723094924292,0.08535962862068448,0.045912508736269536,0.06239769964819457,0.11560512737272523,0.06896450421884269
613,0.005806655353766765,0.06970084281204861,0.010201371340798309,0.23156330803467617,0.03037769747292834,0.08830289005877696,0.015540582628337166,0.09009135672680663,0.1297490014875505,0.09237428710125045,0.015887322304914596,0.2204046846781455
614,0.0627053047172139,0.041859116721498855,0.14901499953236486,0.19484470993783498,0.020169494659309284,0.23342400195529037,0.1098704484796545,0.08266486910246328,0.008757778059200156,0.0012376867522395697,0.056998823661185256,0.0384527664217449
615,0.048117132361037256,0.0020717019267121315,0.20618253084842614,0.11005394075383855,0.16580850455324012,0.1328360454185996,0.05728772832674215,0.024853142520179207,0.11392373740381569,0.05319655591903481,0.009823310253105672,0.07584566971526867
616,0.018394698847045535,0.03883649555873109,0.07406242463899353,0.137263372409749,0.1516095880719379,0.21707735742698975,0.027275450450783847,0.01408879299396055,0.04861875361954267,0.15808877752912429,0.08342737121163224,0.03125691724150957
617,0.009971637881884253,0.018612640224813334,0.005978090889464169,0.010048816004563683,0.13062337551189293,0.11536630726833402,0.01420378806666639,0.03129282663772988,0.17530658120572917,0.21846235588438875,0.17638700686439274,0.09374657356014067
618,0.14838066243189676,0.2938619932914368,0.17002284894909755,0.005928058313004856,0.0084321166061131,0.02261342874917352,0.20302282385989284,0.006732927774087442,0.026935624512544144,0.06735212484051999,0.000264939728853854,0.046452450943379124
619,0.03528622470085761,0.0481710455782315,0.016647642649108774,0.06068996289114643,0.18309033493944155,0.1673673911351491,0.005177602018283139,0.15672829811048392,0.04455535058418227,0.010627548517045084,0.11963225670875144,0.15202634216731925
620,0.0382166935077755,0.13531009476608855,0.1280467880341955,0.007952087789427546,0.2588317396863022,0.07214849740814246,0.0346460386711192,0.10341368853913589,0.06244431336153242,0.08095301026433542,0.015511855152325262,0.06252519281962014
621,0.14826613936004207,0.18894424576421348,0.033417120440059116,0.270921041601588,0.006828510438312438,0.025153553963022195,0.06782660881088719,0.06106329232161661,0.0856248876395748,0.037122315413603536,0.029510971744167665,0.04532131250291298
622,0.24532767705561456,0.012282573746903919,0.010084410632724892,0.020565778775829168,0.12849967272424395,0.07409396541170211,0.30926930188410795,0.06492059098344208,0.020462250814113975,0.029187814621120037,0.03064705199261528,0.05465891135758199
623,0.20230245032048966,0.21821783185168706,0.04166430082641441,0.01290198541823473,0.06645204409929528,0.14755185756773828,0.15252131054867674,0.022231524407419326,0.014385981712715686,0.10155449835480357,0.014107326865298623,0.006108888027226684
624,0.02798263495401488,0.09183010423594863,0.13589464444027505,0.1986617658015158,0.18602986427519472,0.10356574084001946,0.04092072058070005,0.006309153989021962,0.0608492162997482,0.035248303149749464,0.02408253552645177,0.08862531590736004
625,0.04915815742521918,0.033438451367579794,0.09473759253402984,0.03353104505133544,0.0371954154911883,0.07722193588061767,0.07781148511599195,0.3040030751272757,0.037893028088992795,0.05588397859299569,0.18529215672423674,0.013833678600536895
626,0.01938489825185341,0.03625387717606331,0.059687278033062716,0.05073511650404357,0.22882191370074384,0.03355471261487816,0.030942933001826482,0.10286070151142683,0.0742348668819879,0.05832483879109812,0.12321085001671055,0.1819880135163051
627,0.05304329132768154,0.036318392056081644,0.12714744353965787,0.04210099076824509,0.00621656521697976,0.01341506400463779,0.11221820518118866,0.25677916339065476,0.09984107956724503,0.08158967930520925,0.05673234096247338,0.11459778467994526
628,0.13520000404195295,0.19554553513909098,0.12714974913896399,0.05044291491112529,0.1011207187005066,0.13714520664220745,0.03348875256219978,0.05869969587976576,0.01318741678077327,0.08671542110475845,0.033333477200343825,0.02797110789831168
629,0.056625419234456006,0.09518626152191194,0.018194286803370874,0.04448784964597473,0.1082796928464273,0.0828267883887197,0.29330912489434124,0.14146255801166455,0.05820265175844542,0.016555175611352804,0.04201632968570727,0.04285386159762813
630,0.027102301264409833,0.11740942994367748,0.07161560751269053,0.13708787094520958,0.018287850362744933,0.12337415786223246,0.08799065059292326,0.13376955828447878,0.12019269899965852,0.010057375608603949,0.14796278226559045,0.0051497163577802025
631,0.02914797464209373,0.12193482559189057,0.006965429609919289,0.04058155548935673,0.2804300917454825,0.06156203074948528,0.04505175830384676,0.06172859947817226,0.014367342413987698,0.10689802855143973,0.027108810016281813,0.20422355340804366
632,0.03358653834827174,0.09540194072614896,0.029733835101894847,0.25263730046714533,0.10791641882905233,0.009065640756646079,0.06061257344265223,0.05241488440042756,0.08591094175039421,0.12141838635098477,0.10773251494391767,0.04356902488246421
633,0.09765759684230149,0.11339496823633279,0.04385447692972578,0.07091708066839951,0.23141094346814187,0.04290127860087026,0.04695286698862561,0.22429840337890342,0.010995277383545762,0.024224707925386852,0.009813811331319611,0.08357858824644708
634,0.04356357279647684,0.013154910134178908,0.23051165643139523,0.24427941496766506,0.015655980094452102,0.08185051099357557,0.0029035379865190937,0.06583226227195596,0.20154159960885673,0.014633335038119543,0.04395510598301992,0.04211811369378497
635,0.006806544266764382,0.09706238450762836,0.13995869030308553,0.03719398030853679,0.005356487129982375,0.004778892021531644,0.0642283629549363,0.02553191177607922,0.3104849376471175,0.025007915186447106,0.0016765222765790456,0.2819133716213118
636,0.1176934255398927,0.02020175931435154,0.056753328163560476,0.11325806313771167,0.000948282501425569,0.040811826232021516,0.032866398071459135,0.0569608942907852,0.3780848210964885,0.06931690502686141,0.024623023971282212,0.08848127265415999
637,0.12058945304633036,0.05229467802754945,0.11477064735483918,0.0068036402455827795,0.02469827557228255,0.19062947027000415,0.019830750836932073,0.12875439969960012,0.019254681742119917,0.1918809080781265,0.07615591101449888,0.054337184112134
638,0.0018217743597169632,0.11264276141230775,0.09825337793250669,0.08966128042543058,0.0008024757772007314,0.007534235659774204,0.12956203087696863,0.01872968442243441,0.11049515599602437,0.021743363937027534,0.37274269882522104,0.03601116037538712
639,0.08407818862026484,0.012517659778398913,0.06241407528947658,0.04591751330970399,0.10177595252606528,0.014795808874998899,0.03318422466698513,0.15471938791226553,0.05419748608712425,0.1435709918218865,0.2562681122597646,0.036560598853065535
640,0.08833837609466176,0.06000165479065361,0.18006950951076509,0.1278857740972473,0.01787253934515488,0.08382895715907525,0.027466535565906603,0.06287548822747382,0.1508688616289204,0.040619735319111935,0.11098123774351376,0.049191330517515536
641,0.004974115392562608,0.28697067109123825,0.12587327925795394,0.14915807230720182,0.017824203419109164,0.02574647009604094,0.05346929132517029,0.03875849631873647,0.12116833127462916,0.050232401160789274,0.021667046545347745,0.10415762181122029
642,0.39810786583228797,0.06380675569212521,0.11049705743731465,0.08749156428677625,0.014127278401206915,0.06438339273130224,0.19766098563045356,0.0036469401460475703,0.008342090983436794,0.022795069679836084,0.006521031111024691,0.022619968068188084
643,0.12820647146411934,0.08755467997498288,0.10943540847597094,0.07895664834851916,0.09504823115789143,0.0076379939807402625,0.026373758255949186,0.009355255228090387,0.021879427929809316,0.1266086840518736,0.026193740206490707,0.28274970092556284
644,0.01432606465652766,0.00822488662105224,0.005438923684014998,0.10186698530707432,0.20294701778628998,0.07878667640935269,0.15548577418530413,0.2098736768047114,0.03668107054644666,0.019583176111172666,0.10517508449643528,0.06161066339161802
645,0.189977667601443,0.1468619805556408,0.2057176270804317,0.0014330340311414574,0.007055973206194709,0.008532827817150961,0.029654168190895742,0.09529979954224536,0.13677827867644132,0.02255694391294332,0.1212825268713752,0.03484917251409651
646,0.027410653223952672,0.021985818031433565,0.20808785213962233,0.009019169688004496,0.05105049897651166,0.07420429784149628,0.1415580929486147,0.05081618298846355,0.05483398362082237,0.08321016332493225,0.059573231498643874,0.21825005571750222
647,0.03325265919473319,0.0024680934750993203,0.1333837067586642,0.1084790734408878,0.09697455207427334,0.08923131701460651,0.08616203145523653,0.015565623260088857,0.06324456694378724,0.12144525007839567,0.22107895989911291,0.02871416640511436
648,0.13389919053095947,0.0602534674062502,0.11078286143764712,0.1011578760724637,0.0321617228265439,0.22232320081522258,0.050781968600632964,0.028515443828405457,0.10401868504227699,0.008834796092564243,0.07714923188967429,0.07012155545735914
649,0.025565957943398217,0.052736082178830926,0.005411547416501307,0.02831026992100232,0.09449312537108549,0.035397568802174526,0.055797698226990405,0.11507384757009743,0.3939905943794324,0.04677374409283046,0.11463614373999428,0.03181342035766222
650,0.17094142782994404,0.1546113296373915,0.14090488555495104,0.18093218074570996,0.05405137459587642,0.018090571704288218,0.06831221714138791,0.04550939045890903,0.07020573343917319,0.07953220098253022,0.009837499439340815,0.007071188470497582
651,0.1347066462585145,0.03755382755389115,0.1153960345414598,0.0054108584267226175,0.06480974110055458,0.1706550038093138,0.11821157593918218,0.08036321960981925,0.09517808955203244,0.0769586023450187,0.09971329937012657,0.0010431014933644195
652,0.15872378461637127,0.04192874801822376,0.05847946819047927,0.015368904214433272,0.05856145670683337,0.050000739991845386,0.01493947555620034,0.004627825590250314,0.08605361974143072,0.1290593383960074,0.09683588156683766,0.28542075741108724
653,0.023730914921151525,0.067667217434049,0.15691530478671759,0.06291991507853292,0.09205939752374236,0.016423814024295057,0.1730442434903117,0.016829579057665373,0.19437824445407287,0.07597937406098906,0.0639963969406119,0.0560555982278607
654,0.16910159194802474,0.04214096041653425,0.1096563747694716,0.0417795411652352,0.003188843860710101,0.055236441749392566,0.20652371385763993,0.09562038371367754,0.005056858107114329,0.0016238306829090023,0.1803087740390311,0.08976268569025966
655,0.06312486487830865,0.047222348582034376,1.6126381366180034e-05,0.13255910884402453,0.036918380625076304,0.033059005017905575,0.09644087793483452,0.1385951854953031,0.3355193464250043,0.032410583886038354,0.02102597245847075,0.06310819947163326
656,0.05056154115481943,0.02102959785251425,0.22091233390522805,0.17886142817666273,0.06375882948901106,0.036238278606469214,0.0378289999281441,0.05797571597993112,0.11240458425893282,0.01927188277355273,0.12856139198024386,0.07259541589449069
657,0.07054480809458105,0.03154963374727567,0.1480276287155302,0.012437256158594298,0.3114308457132488,0.04990242129099965,0.171714865603117,0.04350716323882887,0.013478873155477722,0.06786234786076213,0.0018731532866515595,0.07767100313493311
658,0.016061342679584232,0.16809784134247233,0.3033979743968055,0.020827561700442677,0.008036321824290637,0.1352229536192313,0.047189582531587046,0.004031664068957424,0.12098981254474343,0.1429722332051216,0.00901235677909593,0.024160355307667806
659,0.04308285260717233,0.04529916267883929,0.015957785243170514,0.13334762818602824,0.028600001607794485,0.0711773382482975,0.21353591062328098,0.13965678266926018,0.15808931668057255,0.012811949085698448,0.0953471806185386,0.043094091751346826
660,0.008621667960896178,0.001372361558117256,0.059724161087622726,0.060058372190523776,0.005924144721180624,0.01595017817091696,0.18948456072258804,0.15062060683064518,0.00785524972927037,0.33002853472240284,0.019502451050116137,0.1508577112557199
661,0.05802778264115024,0.04715214068617715,0.060742852768788186,0.0859184246945675,0.12030823035944915,0.058930150043538534,0.09021905753212206,0.0029346640099781507,0.014878558948368835,0.054384208843877756,0.04436898691613927,0.3621349425558433
662,0.023940324818187735,0.023671458997148807,0.08458907941744892,0.24208431389892215,0.04955222928764163,0.07224634919332072,0.049136514927297835,0.10400820944473381,0.04678239629458026,0.1758201118813981,0.0798907390267582,0.04827827281256183
663,0.08805802906965024,0.09680641757393707,0.14236921090431087,0.1300482152412726,0.04201317184109651,0.03773822399992826,0.00849069071639199,0.08003085217118969,0.2869201446170641,0.01741209430350714,0.026563263486577202,0.043549686075074284
664,0.11160584162238431,0.024809459042513794,0.14152216352812946,0.10438431550997,0.06385428558703256,0.06941921701128893,0.11877584931239397,0.17232803088594012,0.019270504618324063,0.020677200936360003,0.1139977362356451,0.03935539571001762
665,0.02280258522799978,0.05579236123701962,0.0030332726294924218,0.10644904454127548,0.3439824191515039,0.006148040032117516,0.0035309831168347313,0.006799265140730148,0.09149597456905342,0.0026477178919431174,0.25367466781861386,0.10364366864341595
666,0.03095886170512614,0.19970277082844223,0.05598875585994137,0.17595438883691017,0.09787820840701739,0.12184635517052618,0.07623618851633204,0.01546375813906482,0.040228999839217724,0.13138345514701225,0.013277917689844758,0.04108033986056496
667,0.12481702706532308,0.1639686944615623,0.06957774798061636,0.0017291038448736724,0.08292926838282695,0.16239605215123293,0.11154012274222933,0.08670278657355078,0.09362564472407922,0.07925596431429159,0.008165649787376718,0.015291937972037152
668,0.060078367124884346,0.10389967262620042,0.0739627722914711,0.08404599449625849,0.061642963580368006,0.09836111907467125,0.002042882914897007,0.22899192679340905,0.09652857710960308,0.10631456022402914,0.06265604065824125,0.021475123105966797
669,0.019840207359666955,0.19944226281890828,0.14231039220079011,0.00601732718124719,0.056649727305976505,0.12757388146354037,0.11161415118105449,0.050674273281492835,0.17890814182427958,0.00752308568847774,0.06599860609657479,0.03344794359799111
670,0.006779943969869228,0.043394125687152944,0.05953331009027696,0.09066627782274783,0.007641318341877456,0.04113818947743822,0.25065392919517904,0.030748269654760105,0.3337210638794361,0.01620238973198798,0.11608686226167032,0.003434319887603837
671,0.14254635274786123,0.007630417723672807,0.051437968906902685,0.2740972231769487,0.1277681798573314,0.0804717096682533,0.10538226210879319,0.09973130818921318,0.025452127472068296,0.07491211559714266,0.0010707006908664686,0.009499633860946058
672,0.04234194683539197,0.13596591802323646,0.13537764643837877,0.15603729984019873,0.0915440210955127,0.026017058965894815,0.010517415426524544,0.09071612481235272,0.15245660595133068,0.03826560333272472,0.04288427680631081,0.07787608247214313
673,0.09061974194105764,0.1375049700245577,0.09861431854128498,0.12208438501290193,0.09879352761639316,0.053460211168927615,0.0797475336855526,0.0010663211968900638,0.16159977126122893,0.07123397254536622,0.060645114779339926,0.024630132226499256
674,0.1161161576506515,0.0056934794334407585,0.08995461377489325,0.0440471605324687,0.023929847815990887,0.00739884610900336,0.2590376621041823,0.009517758447551837,0.17582807574205386,0.050482833284849135,0.0028905299358310543,0.21510303516908344
675,0.10785072789995195,0.02251419319434198,0.018086459931049275,0.05127503583846759,0.025517675944458702,0.04755078040746367,0.07787745794876039,0.07384305190986831,0.2226091614845972,0.03455333999566789,0.1764788492450784,0.14184326620029472
676,0.02364072163606754,0.044859003295468304,0.017042579924769576,0.060838569381379874,0.18518438313991772,0.100257792156462,0.038340567813511056,0.043187438741248294,0.012779365135824556,0.06885426244527951,0.3229143455531254,0.08210097077694621
677,0.04314787207342876,0.007139507845082857,0.02347610698566972,0.015200854587342504,0.03008211669551667,0.15966964817720156,0.10765643012252901,0.3458498972323692,0.06556285407106656,0.030200837557633437,0.13025636353953016,0.04175751111262955
678,0.03288672157187749,0.05869043768687138,0.07940133794557527,0.18720389564559545,0.04885800472765153,0.07458514157962869,0.056618749802549474,0.006108386651991255,0.15109655534484528,0.09437880578226607,0.0007840170553418617,0.20938794620580625
679,0.13045145874284533,0.12218244042147021,0.03886055912406849,0.0736720093765119,0.0739307663866746,0.02713359923117924,0.014651973630271212,0.3472610052150436,0.09416047128164114,0.029741717593736665,0.030930024806724063,0.01702397418983356
680,0.06505074654562444,0.1974936375646716,0.14749589031713753,0.06890284664096268,0.0016790362322088189,0.09625901338190525,0.03079741579657342,0.02109483825722529,0.04650660496007948,0.16156629767449227,0.16169794533137655,0.0014557272977427332
681,0.025808430749263492,0.04061660578357624,0.008484512426642363,0.010564520692302208,0.10667510419514287,0.014130571731334318,0.13030492752753298,0.1722678201490305,0.22485527304135217,0.12990243753722272,0.020748262794352795,0.1156415333722474
682,0.007288135830239906,0.0015385557856982062,0.1791625645889215,0.07799080273108759,0.15536402890870196,0.08489641269535778,0.05517856897040375,0.0019024912430822061,0.2253761364585387,0.13796455879661745,0.055654143972323336,0.017683600019027662
683,0.04020600382046898,0.007215255831878624,0.2646191012276264,0.02511639070532777,0.11083922619482806,0.20100285275598057,0.017450841897843638,0.013184559185693848,0.21724083754514537,0.09424686675603043,0.0009561666339433251,0.007921897445232933
684,0.11617277309029277,0.21256961745557926,0.09385290829167603,0.011128732245772726,0.0376650056049452,0.07025144885958196,0.09876077048116161,0.020468013870797778,0.033751132346270404,0.016224986343753064,0.1621361134229137,0.1270184979872554
685,0.19062732051371925,0.10158162795174663,0.048230819923366246,0.12419546276778015,0.035644090831994865,0.2195913827887002,0.02336866454978605,0.05344844644380209,0.04134535339475234,0.05330106529867948,0.08885985589857387,0.019805909637098745
686,0.019693743718108853,0.25946575660523374,0.05089493573975861,0.016460971191834133,0.14408083568391142,0.061470905643742635,0.08839158068925561,0.07224662791466381,0.0010056852902395948,0.14939373999853917,0.04270751441942531,0.09418770310528707
687,0.03014981505924018,0.016551397833502197,0.119426045415136,0.10152559093959852,0.06697447461758975,0.08270860204454443,0.0462531044885258,0.032131973587546714,0.017651741602233872,0.3238632618901314,0.06965537360299705,0.09310861891895401
688,0.05075283555680942,0.10556768821676418,0.07052951893699135,0.07204648458469515,0.21954996030527224,0.07509466571422742,0.051631318994862806,0.09998751460321517,0.09724025935817775,0.09159720650823025,0.0012628947030121449,0.06473965251774216
689,0.3857051709934633,0.0081247092024786,0.007426438605566079,0.02956738878333522,0.16221910941236453,0.21694981372356525,0.0037112117268159415,0.07029934211073956,0.030008822301674374,0.043265984676903235,0.025104368940673187,0.01761763952242066
690,0.20822999267533196,0.0003455442034501756,0.059028227563850344,0.03374419133873428,0.05837466645126859,0.2397011887772526,0.09319032195698854,0.014980793145610169,0.006149141085623536,0.02193127794780384,0.10556118682985992,0.15876346802422603
691,0.09138279912451688,0.017332847430210005,0.008154047294636221,0.0517586772223581,0.08982064709358327,0.05203521691347333,0.005087413763820178,0.041564383839148865,0.13682419291260786,0.07953893989096956,0.3884702243286956,0.03803061018598009
692,0.010842806334834747,0.1147369709288584,0.07448098065246006,0.09512848722088711,0.046830718294312415,0.20742346729975258,0.12023560651499393,0.06156571691204057,0.055834276702789246,0.09876968723270192,0.02347589696901687,0.09067538493735218
693,0.2104385994607843,0.14781298542369087,0.03219880747776559,0.006565397159558882,0.005980827493903369,0.15259540914571576,0.0758593385521714,0.05840759251582931,0.04650295094793194,0.03913331385965969,0.1618382888738585,0.06266648908913051
694,0.13851008672701207,0.058539745689114034,0.01772150633920148,0.041499698360047924,0.05318620096715412,0.09639480951342737,0.026118469304930187,0.07127539578612306,0.0028327504542044898,0.0592886241512076,0.1840543705330142,0.2505783421745635
695,0.0028544702176843966,0.0567962520342536,0.02556245025430355,0.08804783037626235,0.02674823260875499,0.485444907398049,0.05961695880798452,0.02027472946768172,0.010033982592804488,0.04733797605475748,0.15545617809259063,0.021826032094873188
696,0.07634704504297951,0.0666330379188398,0.07468740432097416,0.03274045994353486,0.021727172370278686,0.09315248918665729,0.02989744338530395,0.0007561290608525301,0.030746063389790763,0.36208892865780234,0.007770472618080112,0.20345335410490598
697,0.1314255598953575,0.059432428066625756,0.009506659306171518,0.04957013258854522,0.16521427913043712,0.04431194731667018,0.08600695417636325,0.01746084973389124,0.014725419377742095,0.06399251128338022,0.08613099733908333,0.27222226178573256
698,0.06702409060250955,0.18942068008676008,0.015969532492584797,0.07257360757158851,0.2749103739944907,0.06825284919168514,0.02324155998995825,0.030115561549230348,0.014972575100576258,0.008539469484391474,0.06493943663661111,0.17004026329961375
699,0.039843236549766584,0.09657287349919001,0.012460223547382566,0.015541516549531283,0.168087620764664,0.02120284702450836,0.2769623039406088,0.11801512240580145,0.06166465197321341,0.09057863470802154,0.044209430305943445,0.054861538731368564
700,0.06828783866617621,0.011107714688996758,0.1291973846267838,0.10863897701770443,0.007797478199628134,0.06144836142141129,0.08075801936086573,0.03129067491941624,0.2611382273985377,0.02837486439535566,0.17428702538497035,0.03767343392015368
701,0.12182311972197869,0.03812682040292237,0.14313139360215774,0.035345717010766116,0.009265679175621674,0.015033068948359247,0.047777151716756984,0.08773948025100446,0.15066386348586538,0.018748500290848763,0.14357935672471167,0.18876584866900684
702,0.06297762517592419,0.03900866986875243,0.11580471356748835,0.10009401177700496,0.0133435789429706,0.19550783161159713,0.09172987269935345,0.10582702714553484,0.08672591923129001,0.06280560094128394,0.06627289182758121,0.05990225721121891
703,0.023739519329297465,0.08935090258719967,0.09643317883114749,0.03276158817770349,0.06913919519457953,0.14465887544452166,0.02819486952773363,0.19696437499001074,0.2823404328478352,0.003826554461869358,0.010648918979454042,0.021941589628647746
704,0.04952908631236392,0.14216294465843457,0.03255498338489595,0.004005171672883426,0.025873641359618865,0.29668850996883334,0.06451473118882835,0.02340029544572925,0.05985384728408872,0.16093731804246597,0.0471234969026945,0.09335597377916317
705,0.1405783946489981,0.012829317458407147,0.10310918858792585,0.06145284079257894,0.060787800658811585,0.030203468200110068,0.041497605644977564,0.14094713319028246,0.2010266639280584,0.04465846637858612,0.10397247065221593,0.058936649859047834
706,0.014976191414923372,0.00044014457446863196,0.03932725798321908,0.03933009220690573,0.10789612078058879,0.01388732774418475,0.12080889876678544,0.06014477246917491,0.08973189403179273,0.03131864174188628,0.2635993375452636,0.21853932074080665
707,0.15835806787626136,0.08440818170138083,0.07205706388743557,0.07055216633335079,0.030422631966114482,0.008337721734223353,0.010909703767528898,0.1091946489492517,0.07147651571094335,0.15020671412128697,0.19392289818001054,0.04015368577221221
708,0.06452735698998838,0.004556910885205397,0.19491311999306177,0.021675429529734214,0.17513862173981032,0.009646030404735575,0.03620740139719309,0.1668100329108659,0.008334052877283362,0.0840119339936094,0.20925516843122302,0.024923940847289633
709,0.0029635174785140636,0.017106902574480023,0.0382630910059816,0.34930524235129384,0.06110891389036319,0.13185773367042783,0.07098898850894154,0.007208870173692396,0.08829153215394121,0.08075027874118862,0.10561458974945072,0.04654033970172494
710,0.0507709831391769,0.12560579941698866,0.0870801105674817,0.058235065336212054,0.008406993127722287,0.02253199715940918,0.24677539137584298,0.005388288400729474,0.09961882078013803,0.10792051550769352,0.07978773715331339,0.10787829803529177
711,0.0009164714895456827,0.21171024038501954,0.030459892058570522,0.04088951731006786,0.2119613781546849,0.09302402124746785,0.10768988356364309,0.03468022822453642,0.14384277368798778,0.015540907296787957,0.10712957511471019,0.0021551114669782867
712,0.0037620370825032874,0.04586853988789844,0.09763828187206526,0.06055678068776618,0.03743563168030957,0.03601675268072809,0.08122060551513914,0.1368990085806732,0.15195126495415312,0.24011211300924135,0.06319863357797317,0.04534035047154921
713,0.13115654701292223,0.11181620039950488,0.026448754935619267,0.08143127616332185,0.01542993847769915,0.07443073310022227,0.12421138551911053,0.03833116214464578,0.2744336017222476,0.0007623314118573872,0.0656261733420755,0.05592189577077357
714,0.25280879671841167,0.09789624702870621,0.0318440834743491,0.09458007671183606,0.1174120278876714,0.13914741707180714,0.06647640660966977,0.013912007038672928,0.018180383036124653,0.11286251337466251,0.03456968419855036,0.020310356849538188
715,0.015627638833401267,0.01030874351157321,0.09270907665080069,0.025316522197364046,0.0831011678627095,0.18363019529692604,0.04589592298977097,0.06305772532558704,0.19683057148156496,0.15202575713023667,0.044450349970185946,0.08704632874987961
716,0.05835119285533202,0.1685156252285637,0.01791945284994613,0.1779110028400523,0.04258306449102513,0.05939279238776142,0.2486080115556544,0.04598963925637732,0.14040511112345477,0.016940483738049232,0.02052463372398716,0.00285898994979641
717,0.4231419293554584,0.028481797298502837,0.036699239082732815,0.10551716826245787,0.005449162997678911,0.01988354541168366,0.07227837428975699,0.04034830545488928,0.07932594959352336,0.150553995966241,0.015859240714418205,0.02246129157265674
718,0.35132451032117873,0.039563861146730044,0.02467647708367347,0.028360687565204556,0.15474212016697558,0.06074548580133648,0.011357104872050038,0.05800101991000593,0.04459918217977041,0.007447799212241065,0.1932118649268095,0.0259698868140242
719,0.04723501027698397,0.06485016041165133,0.05179091626388802,0.03211247635090953,0.00030433229041801325,0.047684429094539786,0.019925561180498663,0.2104180268127238,0.08866184958009958,0.07620587401065078,0.160368905162454,0.20044245856518256
720,0.005574686019268846,0.1843935230061353,0.13466479211843085,0.027008733954468803,0.02750409860681953,0.05315738113190182,0.059356609873343104,0.15733648264897263,0.164494686576699,0.05814966723543044,0.060949394093582195,0.06740994473494753
721,0.05126780288265696,0.016612838120352715,0.15883401423953955,0.029347810817011377,0.03171150991791922,0.04113360591892442,0.14219492320662108,0.0024236213614017457,0.22069426234162146,0.1737271203614833,0.11880874597872867,0.013243744853739563
722,0.13484429771698428,0.003914671648117495,0.0835102801358213,0.1555227995146107,0.05604137511369391,0.023072091060686507,0.1493842312991341,0.10655340107863244,0.13002196138556388,0.05486466202734174,0.07874285739071245,0.0235273716287012
723,0.06612438998530193,0.01624371498636771,0.058340507808101766,0.13903002795025704,0.04632980516488293,0.07020350186962204,0.013096823464948504,0.06744713458138485,0.07056451468618488,0.12534270492578223,0.028771483804446805,0.29850539077271937
724,0.03968626180786746,0.015570713019811748,0.049321032119264765,0.03488338345289763,0.00926043191754281,0.031112008062182825,0.24087007069941935,0.1275575078730776,0.041114651811828766,0.11650246038671161,0.19419219019754175,0.09992928865185378
725,0.08895025941779774,0.03620787947378306,0.2126058555680365,0.021846580074346724,0.2145038632640844,0.04588949123633726,0.01007603228491118,0.01430955707537019,0.0005105054360466725,0.17027786384362148,0.0386205994575652,0.14620151286809951
726,0.18573159236103542,0.12127080075850002,0.09743525394373127,0.16449007933139148,0.023212097767556106,0.015672433199179627,0.06364827188262506,0.05909417774462892,0.06406467120811232,0.03269760165848895,0.10318304074013064,0.0694999794046202
727,0.006487680576741196,0.009635737659597037,0.04958551411616132,0.18731249146614018,0.08353992284137882,0.05954210193599802,0.04424616580550455,0.06048630752876218,0.12653598356335224,0.09572684510322264,0.07351548353091264,0.20338576587222915
728,0.1567496611442546,0.030485348545150885,0.030804463092293066,0.020608601766306626,0.16341668864883324,0.0717151847560382,0.09053950819238003,0.02603408538028493,0.17265876229093505,0.05084257879343528,0.14055191068584066,0.045593206704247505
729,0.09404347386037189,0.0021789751786889227,0.10833723233198671,0.11515104793928295,0.3248104243057025,0.02672451305275776,0.05721688002579666,0.05791132101569503,0.015008621485527285,0.06747279335026471,0.07718552613011581,0.05395919132380975
730,0.004601777695958079,0.034244107892032624,0.02946555925625917,0.28237632916600414,0.14530404433343852,0.10824644069839671,0.09517674756104949,0.04196393723609964,0.10002680743994388,0.00755548804046957,0.10541893266418541,0.045619828016162746
731,0.253035128100783,0.16305694058845951,0.10053092699350688,0.17005145390427634,0.036734282287853054,0.007127071234740329,0.006340077110183129,0.024823488105799745,0.025843894809910357,0.11648689243602806,0.046086026481987744,0.04988381794647183
732,0.058945700172550915,0.014488360240431436,0.13123059509736473,0.1766370451626061,0.13112685458689868,0.06471888724459515,0.1364555742552231,0.07534184504829598,0.0024286907270354248,0.02492141311614731,0.0612603032598703,0.12244473108898082
733,0.07734236346391374,0.020992742295342433,0.014161353672631388,0.20252164015769653,0.11778982392099543,0.024336793629460205,0.14681781097404026,0.09781850730630269,0.0827100339241064,0.015018236246613033,0.19730353457119568,0.003187159837702183
734,0.016914879162440156,0.10407738867207424,0.12674871565691198,0.01655925253687457,0.005362071007288981,0.1384434040690144,0.387434689505559,0.12046733358681692,0.03204823912589532,0.02274491047866534,0.009142741111165028,0.02005637508729415
735,0.0024262850348504396,0.1259264553444211,0.04558188251562465,0.019021670825183436,0.013488945999727059,0.05931869437111949,0.05745950853383385,0.023647679806546362,0.09428590301207138,0.06187573912275597,0.35192582241247783,0.1450414130213884
736,0.03040872380591133,0.006849975020568345,0.05251244782762506,0.0778706363559289,0.33696680034475973,0.013187683606866106,0.001346189330746868,0.052747993520858086,0.13052708970380408,0.2181446666509525,0.05518826926057289,0.024249524571406177
737,0.23668599112156263,0.011506340135152122,0.31736056295030124,0.04312786348198565,0.09242771152212623,0.057975866686809964,0.004165744967383629,0.1466964529651585,0.01101201510881793,0.0016082082460277636,0.05881883910287389,0.01861440371180045
738,0.19281590862448358,0.1525656050438761,0.13179605623347165,0.0543663343285374,0.0786238315608815,0.00213955693071049,0.03847220185540327,3.7761262606418585e-05,0.013005679854606341,0.17329431414946164,0.11708835857864985,0.045794391577311744
739,0.07919136909249468,0.23915499488983213,0.024741505330867837,0.06678270218554574,0.041822051396467136,0.022958355071666943,0.12268136436722057,0.006821160684033249,0.29522560134010656,0.03648102858176741,0.047469795056012495,0.016670072003985275
740,0.07020402424039611,0.0583111043428849,0.15326871195771127,0.15098071353724335,0.19053210938041704,0.01135995134115335,0.09183157094095203,0.06799478238633737,0.03063802818081907,0.05896441478791276,0.1130161628845209,0.0028984260196518808
741,0.03100608511830782,0.18271397861141447,0.08867641810723517,0.14330273474706592,0.18799889469464168,0.013979958560931477,0.029405989283100058,0.09848416120306087,0.0075541464063330335,0.05971250986706104,0.10038476370662805,0.056780359694220524
742,0.08798630989321962,0.15222450258523035,0.04817110266306164,0.06142338347894001,0.22899409115059793,0.04079767475767773,0.06804252669180806,0.09468812088596038,0.14454383215862418,0.05688075951364493,0.014405641981771342,0.001842054239463852
743,0.11714609506058529,0.193685828759253,0.07206558490122168,0.14005382078519057,0.08292707458621551,0.029333198118485417,0.0035345132132274487,0.028867830774676643,0.1701025718975327,0.06386393880601829,0.04042146940457465,0.05799807369301885
744,0.02493343793957497,0.08237493258648795,0.008985645669535329,0.20310607824074642,0.06320531887060463,0.08677440873175539,0.1468508826866709,0.07555097987804424,0.04115199362270762,0.08644586224485558,0.1738482802050996,0.006772179323917339
745,0.03544133121468644,0.08583480518442904,0.008969831126761604,0.05540485611379751,0.18216806084023557,0.129714643657229,0.034743206961103834,0.23188232885360946,0.046759804076386996,0.07715209995850479,0.03553391959797167,0.07639511241528407
746,0.01639834512451076,0.05758798505844075,0.12155704643910069,0.01199042440924806,0.029244221273491782,0.12477636819837756,0.019102289476679118,0.04950257788853188,0.1470723533040261,0.053713815749307926,0.08507010962155748,0.28398446345672784
747,0.1506644894709474,0.16980504064781296,0.009857506894730486,0.08841950639876428,0.10254010067533632,0.0005001619630641764,0.01023347457970335,0.05693739709078008,0.016865559865930663,0.21775793401474627,0.16455241874058585,0.01186640965759819
748,0.050286234669942434,0.10699059920828734,0.03415099908737595,0.02197342955417888,0.02464457624453201,0.11908111492376919,0.037904952953001864,0.24992429301428762,0.3350546375302683,0.0033445970346747157,0.014367891613369821,0.0022766741663118933
749,0.11040422391047608,0.07535908192745842,0.010758082611485665,0.06548337279663911,0.123124761862935,0.11020372895445807,0.0308289535451246,0.07688203100291938,0.11230880658493778,0.10655352504045558,0.17410099904139623,0.0039924327217139965
750,0.051219423414811976,0.011595171986491473,0.032437691121173125,0.09355607309703035,0.04390754117644754,0.33402044032282824,0.052601722541374366,0.006575805024254194,0.020025250951128427,0.03821321348483789,0.004457866659262198,0.3113898002203602
751,0.04260345023821466,0.10196814600787471,0.17207172919374142,0.08776233960997967,0.037578746515511956,0.051821442036514294,0.22565163778436073,0.042756333216829305,0.0654895338600413,0.04306474904200438,0.055973300740188525,0.07325859175473896
752,0.062216579684481396,0.05885586013820836,0.008967373947423137,0.06048108903506032,0.018384462840532054,0.10698403072968544,0.01960370579336143,0.035322080409556686,0.3367982482161827,0.06114045251628063,0.12112435667046922,0.11012176001875854
753,0.13334505653686857,0.03559791637997605,0.46914885630102027,0.09832229011522707,0.020402356333170446,0.014555892661969473,0.11001978988265293,0.056764628008236305,0.0016368124783284828,0.005044987736251471,0.006708824240410368,0.04845258932588856
754,0.03586892319151063,0.023153106657038833,0.09257422902799581,0.03563191885019769,0.14125190874007282,0.00262784409679737,0.024378487444128436,0.028953563705249312,0.016730812662201337,0.19926113043371693,0.06378750718129735,0.33578056800979345
755,0.026825807125218443,0.0010602391659019265,0.03255443893531535,0.05541423946953775,0.03587177310988408,0.04309842517720575,0.06328587104483992,0.08153473630289199,0.08952251360382406,0.22964780578959007,0.17555170640690868,0.16563244386888196
756,0.043078317747178456,0.020759174781969703,0.10944230044557704,0.041252227903697425,0.07482430532133685,0.061300900161091486,0.0028215829979835777,0.10260368611501983,0.12166786316638688,0.0990521960555553,0.029614089777806912,0.2935833555263965
757,0.08622766052549886,0.06124420918750032,0.11511121443998305,0.04645617069903266,0.2670381813134483,0.04260777482018354,0.040622413525336666,0.007605569848766244,0.12604087620750318,0.04243920884141487,0.13551926864239822,0.02908745194893412
758,0.05053424597409683,0.19740030800123845,0.01714375403410939,0.006045300070803796,0.011623823397248387,0.017675470951472885,0.047254425271916735,0.24853212014415862,0.16680595338513765,0.10537569069407074,0.03382563087141708,0.09778327720432939
759,0.008799725069249892,0.20975652038169884,0.07992897543089748,0.05946731286294383,0.023694508392329703,0.27710963863487625,0.15192725704889817,0.01411467511291638,0.017347857886442705,0.010017027164422595,0.11666287765103138,0.031173624364292715
760,0.04453063672938006,0.19396012274077568,0.008015069041220499,0.03262290015701689,0.037537306339868584,0.0016206276020488465,0.12992950324751806,0.03767978937507164,0.04536028579294429,0.2773964850245709,0.10800484490694846,0.08334242904263606
761,0.09867820566351444,0.15839956080375622,0.11196229553650433,0.03893297090468713,0.0988216915055878,0.13891004488942407,0.02144954917239516,0.04034767628581673,0.06673597705109764,0.011894404647224301,0.19412172048026835,0.019745903059723794
762,0.0026019446285665583,0.16092675108962048,0.012892569416487809,0.07452342083565297,0.016884559907466703,0.02499331349249487,0.014524770073040283,0.009754243804091846,0.08322556786327241,0.20268593234911503,0.340743076176457,0.0562438503637341
763,0.12237341761447125,0.021411824436234,0.013743803887883746,0.054657254967952325,0.0702606799622156,0.03469806065965192,0.01639757934601578,0.027944684226867314,0.2651397482456773,0.17874187845889145,0.07811724734849602,0.11651382084564328
764,0.0016629272348992732,0.007341525307033325,0.06306921517248218,0.19938599402805146,0.2350620067237841,0.003672005715073666,0.05096673154010705,0.16241826152136957,0.0009562853473797478,0.08283790660202649,0.18702347528728175,0.005603665520511351
765,0.0019775558097880723,0.002171493669722097,0.013555011468280209,0.013552190717312961,0.01550982725827851,0.05533079037870603,0.16967430633298666,0.11778894212090076,0.053463563939813274,0.03820847038643456,0.4401895139525627,0.0785783339652141
766,0.0875893538511672,0.1352385791458847,0.010868256380857436,0.03741984669150871,0.08625289681264867,0.038164351600341706,0.08400455565540481,0.08425575713442784,0.05069770450658836,0.08558718177735923,0.2514353881247613,0.04848612831905016
767,0.1870572309755739,0.147882818469374,0.13988823285080865,0.001681861542887612,0.11142207975570619,0.024735319733729853,0.033255345233422,0.14717386177445613,0.022294835139906273,0.051862890127058664,0.1255834927449584,0.007162031652118355
768,0.14791040093849153,0.0578281033243124,0.14323683119499364,0.00789356453024011,0.1819150277938462,0.030502448086091868,0.1249564932342974,0.003054822330600573,0.04158291520500436,0.0725669957786478,0.06145182131744721,0.1271005762660269
769,0.01144026772093905,0.009201540829827022,0.10019205073084232,0.0354932910979498,0.026696444212403313,0.08920980410193394,0.443106615645183,0.07431895888011023,0.0890582454797821,0.01996836433628565,0.08222378749599471,0.019090629468748913
770,0.325407253429897,0.020334971709581713,0.06888084863258426,0.06436157972031264,0.16322281428027186,0.12024318557225834,0.04393509775644285,0.06264431930266298,0.039796293664823956,0.04222504771830099,0.03574871408057851,0.013199874132284906
771,0.052966954636245296,0.04112193733297852,0.06738472952283876,0.020420920980024664,0.08113681806707246,0.269141084536471,0.2032419885196549,0.0030786765424338784,0.06870854433989103,0.05787200344861897,0.018606620563191595,0.11631972151057896
772,0.1679869181775566,0.05721718427691138,0.2839582813991495,0.04079378871392588,0.09420946231081438,0.0215263178199766,0.01060157608776738,0.11880378361764578,0.012669875829112175,0.061280129491960274,0.10961111943599669,0.021341562839183342
773,0.08052378479172916,0.006740465689578032,0.009771013092849036,0.13067422191270478,0.1049703073693756,0.13254648050511716,0.12388837211409538,0.008760525147056579,0.19491179074742143,0.13348092312477658,0.017515834906543338,0.05621628059875282
774,0.04298836611133887,0.055880947144233736,0.1283305472786196,0.05636476424366576,0.1267641324603341,0.009497414101082955,0.057163232252763166,0.12613474946310257,0.13831607713597965,0.07708616248149083,0.14133102723836466,0.04014258008902421
775,0.042965396769598284,0.021153562837375843,0.032198074959193475,0.1263899685528832,0.17140738534876776,0.021111195049506152,0.22010756773506282,0.06548989009213288,0.003969970806113168,0.11915673761439056,0.011316300574897043,0.1647339496600788
776,0.05178344687250207,0.12677951337768026,0.08864714230405389,0.03425251138507572,0.05124346382499919,0.12375397811578,0.18873816260901102,0.00411212412260179,0.04423053473001502,0.0551434510981645,0.03080721541541133,0.2005084561447053
777,0.05675304199294906,0.062377104794386566,0.06896949919569276,0.0024012571249256588,0.11210667848249654,0.12095301806129055,0.1734626093818568,0.033164431838031125,0.15499390653206735,0.08267438638507506,0.09430502256402674,0.03783904364720181
778,0.15831434843871203,0.042343906071707224,0.21309856630456273,0.05859790015395439,0.06723784324103894,0.07109032805030929,0.04433307433949991,0.16304109713597872,0.0991661845153689,0.04132357305997863,0.01715946652800495,0.024293712160884356
779,0.08630897825185307,0.08502551933231343,0.04653021178849293,0.018767275849152103,0.025146573451028043,0.14972131384901857,0.09051344905357678,0.04436442998973008,0.2550156308630279,0.04064309504301094,0.10640548770400075,0.05155803482479534
780,0.043071644593192036,0.005682865584125286,0.018120927002256124,0.2607229332571546,0.049420968246919925,0.05629198640850272,0.03671918050196725,0.20030524222236,0.12378174229541507,0.024901703116221,0.10693368536897628,0.07404712140290978
781,0.15108819935205495,0.028675873993840684,0.08056534457298853,0.016621720654080834,0.058343293648340774,0.08452951561445585,0.019154631222725937,0.14519385327731868,0.17221378043365093,0.13816200068307893,0.09020899188828652,0.01524279465917728
782,0.029717824623357425,0.09154066140098133,0.08703181647524184,0.03433204504684707,0.05396687278921753,0.14304569368958153,0.0734714557729163,0.13133906638397816,0.04773600291128118,0.16839652645066697,0.05178258658860453,0.08763944786732625
783,0.009816213064598173,0.09463275527468712,0.14135258397878822,0.13433386656214594,0.10468984012811118,0.15998383609620523,0.04779489546345576,0.02830285677367186,0.0257992466961601,0.14479151710924767,0.05561428986022539,0.05288809899270339
784,0.07346665973824257,0.18024209205053968,0.1263725129153173,0.23627238939188783,0.05105956579833411,0.02065784100144036,0.011423862826943564,0.05910693344099264,0.017112310690700676,0.09375508578287524,0.10659741515186524,0.023933331210860845
785,0.03488265132797053,0.007346869829680753,0.06002946702027735,0.1287179535182692,0.13062568545696668,0.09408558746585305,0.05022847699968428,0.06776103024596956,0.01178877995040781,0.035014035147190335,0.06650606263453246,0.3130134004031979
786,0.10958176051443051,0.008584065764429646,0.23096791130847083,0.07164289154839444,0.04316872556331351,0.1940329030472384,0.003475637342119851,0.03139076439494207,0.04073310169451257,0.2572954164357987,0.004662150788232799,0.004464671598116674
787,0.1549732596843242,0.005291899674075905,0.14306905801082484,0.029378414826077073,0.03499182269137094,0.0872835908860854,0.11756626151023072,0.05015886408740357,0.027723610551657042,0.25388166889802377,0.018293200476488816,0.07738834870343769
788,0.37386570180197676,0.024938707402919796,0.03641983556789658,0.018687935814807842,0.09650288610669551,0.02879237535514577,0.07886230831899137,0.14104152893810507,0.07010247393864705,0.017445079454355934,0.08581361717684978,0.02752755012360849
789,0.10436276599131279,0.08836093118762052,0.0747231262228715,0.06000616899237844,0.37517567984134176,0.030286274297748755,0.0256840129836419,0.09726553222433233,0.05241498799214571,0.0775844452219802,0.00020118288820404522,0.013934892156422084
790,0.07508828380605827,0.04111321798890757,0.020636758124897084,0.06454670531216741,0.08861171420164583,0.1521278401735488,0.24245965856304538,0.008337698185317486,0.08519610409815112,0.11314045560041483,0.003404946997396633,0.10533661694844963
791,0.08498172299599119,0.08628096340045588,0.21782531412745904,0.004974184981443632,0.16620446039655132,0.004322262069098618,0.008096840876633838,0.03912738991016728,0.1703068153373612,0.119787761236999,0.037433467939196836,0.06065881672864215
792,0.10085770139725386,0.03826972612551363,0.07003625732123533,0.09524868308192386,0.0387710027953164,0.12798686482826846,0.051448516704643725,0.06878555699778396,0.058622662333673685,0.07119686818384494,0.13892454277195027,0.13985161745859184
793,0.11781442342812429,0.12174499922633533,0.04862922550237833,0.1197330075210368,0.18837913984967314,0.0039917503664557725,0.09605525539451688,0.0023776737794545563,0.005571901056824068,0.11444374057508298,0.004188049509466415,0.17707083379065144
794,0.09523053056916628,0.03153007942527425,0.251708387852866,0.22484642578498537,0.044234284750881606,0.084367914816857,0.0675298598110632,0.0029986757010378247,0.0068307816184257335,0.09863574215707223,0.0463457679317964,0.04574154958057415
795,0.12685768112266074,0.07649303298158391,0.04310555361489028,0.0003228253206542112,0.018099334444176187,0.31616560933510485,0.016402572722566865,0.011088359437275774,0.053184481363710914,0.01750124850202732,0.02764256102855562,0.2931367401267933
796,0.1141471679075549,0.026327280997556223,0.03342309165065637,0.22415174712832397,0.1259220562062005,0.1290917107676781,0.015511887521050515,0.03173215426508343,0.1078135903791329,0.051577872356831526,0.07988836621762206,0.060413074602309394
797,0.0616319704704241,0.1290579984919028,0.008775513136523385,0.002350096460187819,0.09324832914598323,0.12985350810708426,0.007637903658817351,0.07574018085872568,0.19148422145623772,0.01651109688138747,0.14642498999550996,0.13728419133721623
798,0.08990330164521665,0.03491619986913712,0.005172278968831004,0.07974649239127883,0.06303428655118508,0.16067906588705316,0.036315904763856786,0.19951416637265032,0.07506700496893444,0.022668794832791623,0.07172086806013629,0.1612616356889287
799,0.1799900081913547,0.015332059871709307,0.02178829261289285,0.09023712470488147,0.19522857885539693,0.010813378810811741,0.08658193614567629,0.08427224118949425,0.012258887475957641,0.0024724775916544523,0.26073368440911154,0.04029133014105885
800,0.16408507934420186,0.06322576861677066,0.050565084578507585,0.03332640090491043,0.15030746526203756,0.07765429782111866,0.019334308363839498,0.167079199221588,0.0014192168614394426,0.22889186828260552,0.04018540545468875,0.003925905288292117
801,0.046498809485235125,0.0009376685545626237,0.2213189733859086,0.014682659796026662,0.13975998155387617,0.026454456922605434,0.06631152365340079,0.047369544667777645,0.12424252105803493,0.2388583781682901,0.0640674301844486,0.009498052569833243
802,0.03362022522911689,0.004103552817564116,0.24766948457036256,0.03719630418879683,0.023908828370227876,0.12230045020414348,0.1306352753652243,0.04931664003603438,0.13566273191089037,0.10108939470749283,0.06044823104060172,0.0540488815595446
803,0.06083464231524827,0.0018588323150859618,0.04903418196994373,0.011807308212422287,0.3624675226726938,0.06996218344828076,0.10894447914590069,0.13625847240436656,0.007621382933804444,0.14148112876280416,0.026593229826053597,0.02313663599339576
804,0.026828203147675672,0.055952751439640264,0.0016119462611234878,0.05098111389692194,0.004467928998168128,0.04398766334720371,0.17990632287547118,0.013515787083515684,0.3628685570038069,0.14625973684513818,0.05107305310546886,0.06254693599586596
805,0.18692237939625422,0.012037227386105794,0.06537149114321963,0.059287197291138655,0.02648911991792953,0.04593593592432902,0.15883814173216035,0.018828439006196872,0.0640255568549605,0.12244739753241446,0.2159962998788347,0.02382081393645629
806,0.09772376515866564,0.12377162439649136,0.16005653007462828,0.01028930240825295,0.03862725731316582,0.027389835788001256,0.24532414868214508,0.0026743576002647034,0.07718137496957227,0.17314112015651953,0.00045788046202852614,0.04336280299026456
807,0.01177355045013918,0.055059049944322154,0.15816978902243967,0.12693647003049086,0.000970436355897341,0.09961335837605147,0.004608358955649232,0.047898810938007505,0.12136133671263613,0.26766576889163196,0.0619566630890628,0.04398640723367174
808,0.03582411632057874,0.12518672633381003,0.023150096043736242,0.2224087487794714,0.017148382120986082,0.05994631734714764,0.057513837126797286,0.09903993588345004,0.10925920743870093,0.0846770718063401,0.013461543417074014,0.15238401738190752
809,0.1680412291769541,0.0545423538829274,0.015180142121266053,0.01687371722317541,0.11825019214233339,0.4297678469295425,0.05187196228646731,0.04231654151537,0.03759937891535172,0.01801658544014045,0.020843518808600858,0.026696531557870853
810,0.31249061210802964,0.07347543197031763,0.02697501863955932,0.03976654043634556,0.02793305313778125,0.07202072405300522,0.10053966965318317,0.033001206845030114,0.05340887442749879,0.10975379042572977,0.09754735471400158,0.05308772358951801
811,0.09026575319986485,0.04481864662669605,0.19200302165112793,0.0793281781975559,0.06085263145789898,0.005975438359909669,0.04494745809291879,0.10448255695520614,0.048089742539317346,0.0030119033097449443,0.2304292641780037,0.09579540543175571
812,0.11588479884012644,0.0020772091282153294,0.08861402343515688,0.015638440417210735,0.005401012364792648,0.0014962990621365843,0.034275000749104445,0.30913822966487364,0.14283315798751697,0.02378851001947536,0.041808662955327966,0.2190446553760631
813,0.1752435638883529,0.1361977812937819,0.08516560632878868,0.12754113835067676,0.0711605505553577,0.12208610615428189,0.03795897698020388,0.028425863962252704,0.04381707744898951,0.012685689791521952,0.030896167838639063,0.12882147740715302
814,0.12759485621958463,0.05314382975102681,0.0023431682945348506,0.22120965645002397,0.05998104173445069,0.017035351609002703,0.15953851435210095,0.1173682237670506,0.08463567735658782,0.028609105709549824,0.07951473152054925,0.04902584323553789
815,0.028733744520691797,0.18837915819385434,0.1889549636756801,0.03398226113579393,0.02954046514437731,0.09347294949297147,0.011384884062739018,0.08680236816268852,0.07949594611916387,0.10105577092685591,0.023935439879477938,0.13426204868570582
816,0.015133528988605097,0.166257038078076,0.19858466207976852,0.05612740727950421,0.14923085488491783,0.11691743346550766,0.02179112284343488,0.01259964952463372,0.15275135896865855,0.009866516915086913,0.031060268447600594,0.06968015852420612
817,0.14548032082294388,0.14735504917249295,0.1875964297910484,0.02428414445150471,0.027516257392824123,0.008759979591764184,0.007653848526541014,0.05812011679315224,0.09935875971737758,0.13254270067083773,0.14341924385898072,0.017913149210532567
818,0.012086217051780758,0.208333043469721,0.26546527084092275,0.040407607238990964,0.03658406018954373,0.1343509338580487,0.06460113467935846,0.09610095901343294,0.017798586729683156,0.09615412452584263,0.026280197782429057,0.00183786462024587
819,0.18658737759845867,0.044711021358742845,0.1099918771288302,0.1971983583954207,0.008722606169282419,0.031247559706402247,0.00897564117744968,0.07032288583306615,0.0054031610613544485,0.16376867774590692,0.01174533302818996,0.1613255007968957
820,0.007444448654399636,0.1024421586253359,0.08702194456024488,0.01685356665529088,0.20849406260171957,0.14371161016792225,0.1805245711509591,0.09457885970359621,0.04070031793465582,0.0048611728914642015,0.1015771885757299,0.011790098478681722
821,0.06707875633128847,0.0864313156920395,0.020806859758791294,0.008482647367685454,0.025586402026361064,0.016029125999791782,0.06815997923096445,0.13934314887572793,0.33593699503030827,0.16055367051291738,0.06603831995557527,0.005552779218549092
822,0.1775016317786008,0.20292866823549005,0.007192641157381148,0.03752111748247155,0.08027756398677074,0.0655786944753778,0.07028130581954514,0.03704590251920436,0.007250598708218174,0.0742856430986135,0.1239813082260264,0.11615492451230033
823,0.12777757551421626,0.0731562782566513,0.0283868824350414,0.050005670027013754,0.14479424227165458,0.021500408871091708,0.020861919646539374,0.053196624769235465,0.024826669101873665,0.13580663710539048,0.17748970276106393,0.14219738924022812
824,0.07466911510261524,0.20758117283640445,0.12375460908462382,0.007724591785044602,0.010175037835358707,0.014492771928969417,0.18629492816292872,0.07941203574172136,0.0015396043987494555,0.07837941673187962,0.04571270864120012,0.17026400775050443
825,0.09140739065985166,0.12192241375063444,0.002166892070269852,0.2280580464062514,0.03555521716593116,0.0936959992281577,0.15914462994341844,0.046323606640027264,0.12113004391568712,0.011612994387103531,0.005721427481806762,0.08326133835086058
826,0.03862047872547983,0.25299277070204973,0.051556425432190925,0.12452703204940777,0.03166927665040479,0.13278600957054437,0.008450605832830315,0.05732421205061103,0.07841949837483102,0.05529067984597354,0.08256518295649873,0.08579782780917798
827,0.007980043504046791,0.058653993617461486,0.2169811884750757,0.19306727371681523,0.02399490521551159,0.04831843753535846,0.002149064203589824,0.010268800172436018,0.06732844960164798,0.30585252550568875,0.030620195184521654,0.03478512326784642
828,0.035887556338992356,0.029232105570983997,0.12901351956413218,0.07563478526508502,0.12392173932734313,0.10545004553885821,0.12695418340207354,0.01835606825498818,0.04719208797399022,0.11780621589315234,0.13526329845209098,0.055288394418309836
829,0.04441739020972414,0.0285347500471879,0.11184864279294285,0.057508715706916805,0.039545577257710816,0.04638305931752866,0.007395376716511189,0.05671550132394408,0.09133121015799205,0.1162696357244081,0.04546332577138456,0.35458681497374894
830,0.21850672075774868,0.048938998489636995,0.021282896363730604,0.0754438394484292,0.0025251241336336147,0.009283521705875425,0.025705777785576308,0.08809451450436394,0.2042717531918912,0.010251230425513274,0.11408121361343831,0.1816144095801624
831,0.09820902791655137,0.08297033091750568,0.04275154378770631,0.036889169871299546,0.04639156917057948,0.2129552708914895,0.1836655070940014,0.042411735899092785,0.07557619167978458,0.06476103661580619,0.02651919141654775,0.08689942473963536
832,0.22080771765206308,0.22606579439826963,0.09403335780825409,0.01686344765530985,0.056428152315274815,0.004282590670918157,0.012241825675695523,0.06356792068436859,0.14774204844366373,0.029600366550988477,0.05899260462736351,0.06937417351783046
833,0.04122690227511477,0.08384218627894402,0.13415580686798315,0.2703913723930159,0.02566875562125592,0.0013045340429127489,0.07711550831713904,0.10756355807277262,0.03533942230376365,0.1402424212300097,0.02716332495849269,0.05598620763859582
834,0.030153090753178333,0.03968731275749127,0.11118045253046695,0.14375292488530395,0.012787257410365146,0.04566947069675898,0.06633869709845874,0.11440230504170583,0.10396566324474794,0.02753700382073142,0.12496987438364658,0.17955594737714492
835,0.12680434160147552,0.10177062066291873,0.08268329772721916,0.13651795854823792,0.012652105113785717,0.00514583908829962,0.028740602969730047,0.04867917455459339,0.1072787911791478,0.15088592838588036,0.12475468520515386,0.07408665496355787
836,0.08382223348032741,0.053516538500515624,0.02027383664196695,0.06869929981538445,0.3845617266115523,0.16227169436977337,0.033424084113695525,0.052249497274269155,0.016035330024737445,0.0119113501461415,0.08512026940094894,0.028114139620687366
837,0.04126771987161879,0.22202026954109746,0.03952116084076974,0.025528252460770135,0.06295689579150666,0.022041447737594467,0.14647430915519757,0.0070057079858943504,0.03579661334034186,0.14689331837684405,0.13902366929804874,0.1114706356003161
838,0.10406584372560401,0.003837529367999155,0.02720273967914269,0.18103120792193358,0.03827563339344436,0.06803436785456371,0.030237614683367192,0.09972025769121032,0.17154599593351524,0.008030403980310458,0.19477842604631962,0.07323997972258961
839,0.035554202948780964,0.039682393920316576,0.07899189732766597,0.06754661776902393,0.11974079814335371,0.17110702188253826,0.12768854569595048,0.048961704528647766,0.12723554923397604,0.12622556106407806,0.030998874476645732,0.026266833009022442
840,0.06188852720365541,0.07933241566348541,0.07002360938282043,0.0007457896097701358,0.07685444503287922,0.10127580031858603,0.019803505777622233,0.04540379091654212,0.11597209124712793,0.046349271462400865,0.030917799926180385,0.35143295345892983
841,0.10748819533947802,0.09440788532320901,0.01983136002735765,0.02267612261756061,0.0859819216228691,0.06142328916758682,0.06189806469368586,0.173571084945857,0.11194037607737405,0.013262523684286423,0.05988025285460474,0.18763892364613077
842,0.04850348830749621,0.10992977761568398,0.09128540720774109,0.023241196924525018,0.002497219746685703,0.0665293129792482,0.10808970862586403,0.165854671652557,0.1200469503863371,0.15564142717207524,0.019888516281035468,0.08849232310075097
843,0.013996929313702892,0.0016617384550797292,0.2734929653179435,0.004791659056520797,0.02300433759595514,0.19122896175158977,0.0034479359914493133,0.29773307353434175,0.057037556900200556,0.023055714318041844,0.05171786303667117,0.05883126472850364
844,0.04794162751519265,0.026321224713800443,0.09114481264470742,0.0884155116755143,0.169953073230084,0.03890889274948127,0.1286593304658562,0.08131365981505417,0.04083457914647949,0.0336039863299698,0.16836344632117892,0.08453985539268134
845,0.13151361970302838,0.024638463504062597,0.01915252571825028,0.20285035237023707,0.04084187195962218,0.07483211819758143,0.06917895163516147,0.07019143935386397,0.07395876193245211,0.2089526544252216,0.07125406425696232,0.012635176943556588
846,0.016141993714453885,0.14709897124515145,0.20768569926717223,0.07139219397528304,0.013320181302549682,0.0029868134148785183,0.05507036733542586,0.014105096176109265,0.06549484273677575,0.010721641864530597,0.2599724826621417,0.13600971630552797
847,0.0013955537045928343,0.015846325894497863,0.104845423847939,0.06404590356319471,0.1380400511618876,0.15444159034484037,0.0013554836081551716,0.06005872560942322,0.18896845153261074,0.021967825542776313,0.14800219413021087,0.10103247105987133
848,0.18246291036380627,0.005631346832849645,0.18061365151070974,0.06231700882266554,0.031316791686394,0.035937934632330734,0.12917856577343156,0.08624240791923482,0.01843666734611738,0.007522475613133093,0.0730474774680018,0.18729276203132547
849,0.06550417264040591,0.0006794512597351161,0.02897920142648205,0.1371832308510745,0.003643213995926863,0.016715537710086662,0.45626619847281763,0.15936524054612958,0.028620352570267342,0.02180350044476956,0.04643135208204646,0.03480854800025839
850,0.1901419504450449,0.09672984682546838,0.1545140243512867,0.05027969226394963,0.0004291175099772636,0.03842741258025101,0.004199669556431295,0.017609214300051548,0.10652893305035031,0.28038717833879806,0.038877817267327544,0.02187514351106333
851,0.05469549087471668,0.05236856801480872,0.004902845188956849,0.03720345972389157,0.008364019054590588,0.14929706799631,0.0493794982469965,0.02493329506227051,0.30096441599226537,0.12300969204776065,0.03677573532306065,0.158105912474372
852,0.10835825291388343,0.08493414269327267,0.2253814052749643,0.00191837918567356,0.04809325172051108,0.03232875194353538,0.019963220032811136,0.15359910195708115,0.0263907027530842,0.0005701675450731107,0.24627653728102208,0.0521860866990878
853,0.10182725631951266,0.11351596438101823,0.031130702720404278,0.16488952718812525,0.1177470148751438,0.22500326710836993,0.08528690385544961,0.03355468634596357,0.01909311779704345,0.07394201613552448,0.02437202574315093,0.009637517530293776
854,0.008222464527295109,0.031202978055825507,0.47000651481093714,0.09442266232110644,0.014573174622607972,0.0002422224697261831,0.05121849673710828,0.028432125474492333,0.2416849714679842,0.02011130763520455,0.0176427089886868,0.022240372889025417
855,0.18173033813435324,0.01121992025657145,0.02194484378791125,0.02311705620226516,0.18630142683750672,0.29457867228944745,0.028483561369014677,0.06654330130090803,0.05092915135843564,0.012360607823521844,0.11620732396512513,0.006583796674939383
856,0.18527795069919917,0.011810332941693794,0.08018238235130112,0.0165993746742738,0.08536034374913057,0.02922247936479228,0.022351281513531603,0.24632148036082566,0.0017992049944257067,0.09948112046214701,0.03647963922970892,0.1851144096589704
857,0.011471892539303453,0.20415514931522402,0.013882287580585994,0.049373831146251344,0.03971226503246428,0.04667994704305274,0.1828509027984932,0.008637139876718361,0.1098812258602001,0.042414169133318726,0.286157955816277,0.004783233858110746
858,0.035149269683274774,0.0924299062181137,0.058050005837648515,0.01864393624432852,0.2152388339797419,0.014074352362935572,0.15392632132390183,0.022632379227679435,0.03132419710412339,0.0024620840034513445,0.07484838062484163,0.28122033338995944
859,0.005821487407670206,0.0426472309574196,0.08001588601993512,0.13457231433333627,0.04099153244911507,0.05419136391987825,0.0900631913200889,0.1573486303717205,0.09699910787030097,0.06983674439928081,0.011611845275030348,0.21590066567622399
860,0.33896549961189487,0.059799812731418156,0.10807624488455761,0.038891492173743845,0.06625267539758561,0.2706428481891197,0.03475781125912875,0.01727659648878703,0.012443042610819537,0.003864625864060331,0.03359935891622762,0.015429991872656897
861,0.10931605869152218,0.054581889304734434,0.003321723999702334,0.16354810999640487,0.1156971280063608,0.006602202362534354,0.018574083574882525,0.2520776125662723,0.0717548027143433,0.12659072068864902,0.06338975057950688,0.014545917515087006
862,0.08026431742442303,0.0426168961993073,0.058705518052856696,0.015478180303260048,0.07571466652559265,0.015895916903336832,0.03735917011305245,0.07019663708545591,0.014076349121211792,0.1728257439230102,0.28865148010964753,0.12821512423884557
863,0.012624603845702295,0.019787863372632917,0.05177757448802054,0.037981606089977096,0.04002586207507732,0.08910159106028281,0.13294495280410912,0.18311052476582915,0.10281000140583768,0.16924542306583304,0.15251201012246,0.008077986904238088
864,0.04557103238627095,0.10827461740768365,0.10476593293769262,0.10186452972592105,0.24594089715316755,0.00020356095894230207,0.004648207255769906,0.09832520161333823,0.05750136633839891,0.21731160135834338,0.0037773336605567403,0.011815719203914754
865,0.012858896192889971,0.026633077386737935,0.03953088153891257,0.08598557847202844,0.0712636109057417,0.016035159987565578,0.08784508149873202,0.0007678253872169795,0.05366705670364385,0.031070841658698733,0.42512957802106577,0.1492124122467665
866,0.034877023288264475,0.021010083102010236,0.04854932280391719,0.16790155324840036,0.07762762122706211,0.09037815956404033,0.08810561246865795,0.27642766489965503,0.0001959349779024117,0.09861122296020193,0.061926382874067855,0.03438941858582018
867,0.084637433852574,0.19697592863296196,0.30939354808884656,0.027185021900683372,0.12051011446822983,0.0006684431804607786,0.038857102054044516,0.022389342514390044,0.032831432335496694,0.03777201543467173,0.012329098072454006,0.11645051946518663
868,0.2637379732113235,0.04467131789616154,0.08340848592306249,0.022544709067739158,0.03884668059662503,0.09393841147355815,0.07360593694787304,0.13956074334470134,0.005568805343225768,0.004823097619306147,0.22007692299817833,0.009216915578245537
869,0.058729460311976484,0.13159773779133926,0.04057803231041095,0.03902611850067323,0.0378840555523066,0.04653868244159254,0.2502681318757205,0.0445048171470319,0.06376892186404663,0.12864326511218463,0.15356322760501642,0.004897549487700793
870,0.27024614087055654,0.0051198104013806325,0.04311268497635098,0.1704573607412253,0.05727153573377122,0.08156797484446374,0.0012073469474523492,0.07518970820913529,0.1444245712890442,0.005858758679625796,0.07905194264036727,0.06649216466662664
871,0.018712893809529046,0.023291749654828237,0.049126006126443446,0.07426777474767211,0.14820559882127124,0.08995475518284318,0.26043123757808967,0.001173864892882502,0.06974016138893475,0.042785943791560796,0.03825965842691119,0.18405035557903382
872,0.05435684752531517,0.06202118874207188,0.01746141842707836,0.11514361428225431,0.22657279450611842,0.006357578926121895,0.03770428202855879,0.061816958969602244,0.14503745890889239,0.03282231616849634,0.0018980853793643738,0.23880745613612575
873,0.07139328982294309,0.25190399198355995,0.07612059304975242,0.03780887392583833,0.207704352350536,0.03197160143767191,0.0019432789035075304,0.07596962345483727,0.011171762584085528,0.025736667622517223,0.1671389157388529,0.04113704912589781
874,0.09619226762745724,0.0610260288383006,0.26290725027491624,0.03126203166921626,0.0035759332573651985,0.12797400292087688,0.01241358363668315,0.007644097775865724,0.009360923845951339,0.09385302921896929,0.00031141157703183187,0.29347943935736626
875,0.13602138062079777,0.33032296278321377,0.0048484259969336614,0.06208176359060521,0.016924175923183925,0.05818717963440578,0.042078983105913244,0.05393398634484617,0.13804766449138814,0.13859493710950022,0.018438495793662454,0.0005200446055496729
876,0.06592214995145056,0.08562719843907673,0.03550202988685646,0.024074479562946758,0.044251975106866806,0.008348088644136735,0.17796783684082068,0.0923303912022339,0.20705363098321483,0.0023096552417615707,0.21823837594740794,0.038374188193227035
877,0.2018877294814208,0.14410654096309575,0.2166958729561003,0.011050246172446166,0.004323103016001812,0.0660397104121808,0.11572640417626051,0.07973490112790631,0.017629451812809394,0.09116291313719509,0.0456229118551144,0.006020214889468698
878,0.03840682723479479,0.28108807983348116,0.017319232019586517,0.07158300900492683,0.005546368327477965,0.07513579010232138,0.013870805726599454,0.20254327298912253,0.07473013109589088,0.003486473231240688,0.14270844609304553,0.0735815643415123
879,0.0894680644597869,8.202419619212503e-05,0.10353185605444036,0.006914749238907604,0.1552309090598949,0.2386157818980318,0.04853313705170694,0.09569830111189748,0.2018213131494314,0.0067812181077772545,0.018881363148030055,0.03444128252390317
880,0.11474090841358468,0.19651151480846135,0.0072135577210737005,0.01091757169763497,0.03767048676502477,0.011250930894250713,0.08051530153965962,0.060866059437247585,0.08703439526019736,0.2931747896249152,0.04213969076078053,0.05796479307716956
881,0.008699353025329114,0.010248587985428504,0.008613240737078092,0.030105831347872432,0.1026146327512289,0.055739787157840545,0.03321988341703595,0.1447933716349538,0.23869991201761545,0.17026719535638699,0.16858568252680112,0.0284125220424291
882,0.057379209596118204,0.04135216977950165,0.00019483321857046676,0.015040788468268796,0.2724547717528252,0.2759222905756784,0.019909175289165817,0.08113314825972914,0.021650965782869853,0.0741396096964009,0.021187251039964907,0.1196357865409066
883,0.19142175810447884,0.011216094792061064,0.020560973360725786,0.05140795511749966,0.023291723960332925,0.09648541520407913,0.009898283282911554,0.1578298349810027,0.04735616458490763,0.07797502271242861,0.03587624880334955,0.27668052509622265
884,0.02091779832799867,0.09797628870229293,0.10325093701023272,0.0751685245339927,0.12005771653565132,0.027136088161175215,0.20383844619335795,0.019534086824473513,0.1563079752015157,0.00154536841730217,0.16314921864585577,0.011117551446151338
885,0.009142487843254797,0.08054973460903048,0.13371974231414682,0.026284849115779618,0.03499311246242123,0.028841846527380532,0.06148459118024933,0.21136741548477156,0.1234048736159526,0.09074794290356496,0.1390107807455711,0.060452623197877
886,0.08922076898982328,0.19031217734921288,0.017461093697407334,0.18300420620560798,0.10946935608049117,0.047015077573110034,0.08357160622446942,0.14133331668948526,0.03371028144443104,0.07004387315479688,0.017811017774351665,0.017047224816812995
887,0.021209064975921014,0.07990327371001252,0.07265307982058775,0.04054090544317417,0.02829014716696342,0.3486374829616528,0.023853855975558606,0.08577423522307691,0.012373664427574491,0.16149686615578998,0.04451663778999404,0.08075078634969421
888,0.038765614257666496,0.1458136531934037,0.01843386553389171,0.07914542437278786,0.04961694168911052,0.009560300726646409,0.15676940354873697,0.2148375318216956,0.07800577890517307,0.01125496913776167,0.05673753186313284,0.14105898494999317
889,0.11653718115951862,0.07269499334837848,0.021235861332287383,0.11993348105356612,0.1374365156363236,0.18569250852710892,0.07163860868594851,0.0013081284773892499,0.03219741183552528,0.1411279203346437,0.02801325565895314,0.07218413395035699
890,0.15157381220076874,0.15338013660240363,0.0888173891087995,0.01697065061038306,0.00423018375067425,0.06621133080983223,0.02269995963410525,0.3534098793878814,0.021114775429283632,0.03308504419411056,0.06041278340050947,0.028094054871248223
891,0.0222233738513836,0.20798892398613045,0.015283949153054751,0.24998154275985737,0.11780377708920242,0.011268641195316299,0.03631205602546692,0.07092549160237266,0.11230967767526338,0.10330054086826704,0.007972046535145556,0.0446299792585396
892,0.15013361463693337,0.042392210654512784,0.00509464792873044,0.005347697850393594,0.06135173973540992,0.03264450128928874,0.04695978578507668,0.03305541312921394,0.007703818799870507,0.03633725454734079,0.44084546096915933,0.13813385467406997
893,0.007733378650063355,0.15887887603942974,0.08279673105457717,0.015906617410619942,0.04237614991589719,0.40169975545935016,0.055182694845144833,0.000350613055868862,0.0261742196115812,0.12799874046902895,0.07207979798891083,0.008822425499527763
894,0.2853078232879784,0.006249481063499075,0.18780959958488147,0.012707515309683393,0.045702132056202834,0.15929798070081977,0.0015736405655478658,0.019754128158521643,0.03508856228809017,0.005012351762893985,0.15459083648860927,0.08690594873327218
895,0.04440774693823355,0.08899174713998148,0.01962930490957771,0.11657534331232924,0.03510371591295434,0.03994184563484214,0.014170062118821504,0.12173256217134404,0.0328802643726968,0.08162276620544556,0.008598255365586081,0.3963463859181876
896,0.195174846885286,0.017791637291810783,0.09926229035638655,0.004597019629959799,0.054188275182776,0.002564096241878515,0.043857474736944,0.24774078924169246,0.037283537014993186,0.2552604686599567,0.024564751088153494,0.01771481367016256
897,0.029035944143160963,0.009343778426756748,0.025122740739842372,0.006855719199150427,0.17376000314075146,0.031348553053524617,0.1254026375826907,0.14994604322664454,0.037947919105572915,0.0022693490701077945,0.06934218041767853,0.3396251318941189
898,0.07863186776184795,0.04491050831123271,0.006182267796817103,0.06510344527849231,0.1074538991554817,0.06820632170885657,0.37929712470179944,0.084782274106332,0.09374601255062652,0.02249762201882645,0.030083469973429602,0.019105186636257675
899,0.0030672851708953984,0.03684278824577064,0.12122110810889225,0.0848247141628682,0.014875700460516433,0.13650980907661606,0.009678483893439662,0.11853249476670552,0.040416834257374794,0.16434310344063194,0.2175088895953426,0.05217878882094649
900,0.10008481677258098,0.2134885717495275,0.16972428035655604,0.20235609584856143,0.03097886786527769,0.012796454373252114,0.03482913395282525,0.030582176596128694,0.08669726786823495,0.03696395713080404,0.0628309752247354,0.018667402261515975
901,0.02336256771370353,0.15094042194088422,0.10647837788125118,0.04010309513082884,0.209479220902828,0.0033434454546850843,0.060221220460385395,0.016208498501981423,0.20020565271449184,0.10056817492244322,0.08231848143201924,0.006770842944497991
902,0.07400679478388159,0.09769323556899848,0.016553755589065675,0.00823041378804519,0.20511639978608684,0.0026630811417579178,0.1085437004592518,0.006937144086910661,0.07377142844607174,0.21253346701630854,0.05717710833270871,0.1367734710009129
903,0.08854736913002939,0.00044150595538083247,0.07530557393632618,0.11808812658899857,0.07016317030221095,0.13433532635841516,0.01267093737202135,0.030585309480267896,0.0767234363975228,0.02063443764534783,0.09622186302136385,0.2762829438121151
904,0.27729046140124064,0.07125433566764067,0.02198129227586317,0.09451552675037968,0.14319405489123918,0.07834602445036166,0.027820368261193103,0.00927991049799969,0.08429384712865964,0.1403079409460231,0.03745531603728952,0.014260921692109988
905,0.06976015874225147,0.001464206225961618,0.056258838401663416,0.12515206704610163,0.05115339314977406,0.124595676953344,0.0904831891958459,0.19130001208544445,0.04221879999711105,0.05032036363932391,0.18529634611266205,0.011996948450516388
906,0.1800629449400361,0.08384280777536021,0.042633658805589655,0.00031649208023707786,0.2590058915111482,0.06093388672896452,0.11271097508148893,0.012921225094256273,0.030026640579095067,0.0624661833163362,0.1394205161303949,0.015658777957092786
907,0.0492866239473618,0.1055167948916595,0.1098440351501583,0.0014440357493589492,0.03983997332057072,0.08755358124698882,0.11998927016094135,0.034534691494074336,0.026603370504249636,0.05313379260520783,0.069412873705546,0.30284095722388277
908,0.07376435536513942,0.02218070925433184,0.06162521462918031,0.09795478202027585,0.017883277579107387,0.056026259779175774,0.2621862232577979,0.1347195960812315,0.06498529386449732,0.046897018570891395,0.10265586365983274,0.059121405938538575
909,0.2097634136057561,0.020385642232265414,0.07493489704473848,0.07862873022477967,0.08145959604084972,0.032945141330021785,0.22809896051596593,0.04229101893310925,0.12003155483641532,0.011079656853363491,0.07412503008680604,0.02625635829592881
910,0.0073806691054192144,0.038226815075517694,0.0700289757907718,0.20536025890834192,0.05383411737473109,0.06976504819567375,0.022521206466981428,0.2185673366907316,0.00844112761591406,0.17993047764802392,0.11097162062968631,0.014972346498207167
911,0.0369917907107663,0.013398042152227313,0.040050261909825524,0.2660958311342672,0.05960934477145839,0.011493311804895235,0.0001930621133334063,0.05786770184419669,0.23465520547113486,0.21464634258042792,0.04091690400891032,0.024082201498556822
912,0.0051988805106412935,0.13484635823517818,0.03903607102384402,0.07170285680018403,0.010027737787906577,0.04129369705140445,0.1563728700708536,0.17311071540613976,0.17979341363941626,0.020860061813745542,0.04881696707826861,0.11894037058241763
913,0.009205128523386901,0.06983686085925607,0.05020119474085686,0.05160338980671434,0.0038310170997580334,0.19129953765325594,0.020499739884573268,0.025526943036160172,0.029350425397477953,0.27579731355799325,0.23387361660047645,0.03897483284009072
914,0.02958425424360215,0.015332993967164468,0.0010671717692420748,0.02459840948385824,0.2165454185231195,0.15954464036148264,0.08316770447283772,0.20372025095945856,0.12703694391591544,0.03498254315060212,0.08417657642723302,0.020243092725483997
915,0.06040134625010894,0.07673097374688474,0.1048915770995827,0.0070810752079356765,0.0006743827132215069,0.13373507074688135,0.10656003542269105,0.09690260232065019,0.18083671417843394,0.028028541269142317,0.048516207380823996,0.1556414736636436
916,0.0763978932907844,0.017737007787302573,0.03723665607563652,0.11787777248407444,0.005546460090706589,0.22340833928253842,0.26029855826323156,0.06471397237822024,0.1360158524949014,0.010775868536332089,0.016963971323134475,0.03302764799313737
917,0.12547594459225347,0.016430065772855162,0.13931784743469916,0.11751951846781021,0.09134806900241924,0.06986759762214298,0.19682799890254268,0.021913285340820873,0.04739996278594172,0.031675171375549455,0.06634941149016997,0.07587512721279503
918,0.004301771021079352,0.2724002253878105,0.025971385604419098,0.008414869974351627,0.007769437734536261,0.011156350784129495,0.07690555868523923,0.018199496361086122,0.2309172541429309,0.013420233250436927,0.27078347999405117,0.059759937059929345
919,0.04674290805988927,0.01595439556362285,0.04001011246902336,0.2133315229510398,0.1808732644155145,0.0007593308805468796,0.021217296439605012,0.10784993901447502,0.01094087437634644,0.0548667355862012,0.2944700772477376,0.012983542995998066
920,0.0449021051265096,0.11178348433051026,0.1726702518117008,0.060722986222017473,0.18385460996317768,0.04185643309674249,0.03125547906665974,0.055354036252800956,0.15041411332160762,0.042350064094705375,0.011779455394533369,0.09305698131903457
921,0.05888479986715837,0.020984322380427377,0.021222890381769853,0.08659448777733618,0.010521835246364419,0.04001683289721899,0.19223542913807537,0.046260687142724397,0.043277286332560436,0.3424969156819291,0.1301032953116053,0.0074012178428301545
922,0.16489703670401132,0.11719235544184131,0.008478436784692914,0.10792123505091651,0.20170525984025367,0.0721225568875109,0.029823289335043544,0.003394735076545232,0.0009680923124824604,0.12898810152096712,0.12596807238135835,0.03854082866437662
923,0.07564071033421155,0.20365882785391531,0.032461143761043594,0.033134339254914796,0.009640340800088777,0.026414278695310777,0.11113383293468312,0.04737960266529532,0.0483036238683907,0.0648828208603542,0.20125678263513358,0.14609369633665825
924,0.20058109294894583,0.093240710827093,0.023442625921943655,0.03619847077125757,0.07742124935316907,0.08850879735557907,0.016821704681636598,0.07515340255424391,0.04323342391947506,0.01425671390529503,0.158339921351959,0.17280188640940214
925,0.006409433881396793,0.0151916660821319,0.29077486563950733,0.007289606879026728,0.2726913443629815,0.07915499621124514,0.033001128426148045,0.015556156131080929,0.12110144814823733,0.022881364586354102,0.060888120182184244,0.075059869469706
926,0.14619784927466026,0.21706331267390988,0.028559220569997504,0.038456517228007796,0.017835996613933022,0.052502121152928204,0.0069202271506667605,0.12862992407366752,0.08014562282352597,0.09775566417330275,0.06852421224519244,0.11740933202020787
927,0.00997839033393448,0.030819642493681618,0.018888025080230204,0.07870322794631392,0.0186066920659126,0.03813582286163759,0.06647576698752554,0.023497790388908053,0.08471180901271295,0.204327953979698,0.19442288961923945,0.23143198923020555
928,0.015046664142066488,0.07134385227094987,0.08248835836572506,0.06203578957872325,0.06275008428189188,0.21257908486494514,0.045595347746540366,0.21018305234069531,0.03788151246114532,0.04065398944669803,0.1037596163435932,0.05568264815702599
929,0.13324600879207688,0.1297741744817737,0.032982155394111985,0.01472589387375264,0.06388401505530239,0.09409494114875974,0.015293915465408097,0.18359449499176242,0.14719247250170178,0.04945915407001425,0.025490531804202247,0.11026224242113389
930,0.021532699923005254,0.15085315590757326,0.029735242736332983,0.04222360094546532,0.025733940026897564,0.03861527477316259,0.1970992303705786,0.014128879914711033,0.14626902030116498,0.023339899055590533,0.25240130430558627,0.058067751739931533
931,0.2621593525125396,0.036156248363715934,0.0023960032007600373,0.02138532482230438,0.1727145907840572,0.18160043452489003,0.03825028981334224,0.09592268768151971,0.03964460282911638,0.015212753667885217,0.1183231269489645,0.01623458485090474
932,0.021967829054402668,0.005531487618127175,0.04456903168210125,0.08027698801246007,0.1253315759498673,0.06801095779850644,0.12618999711419715,0.028457660136803675,0.10350671046028567,0.01329550411014612,0.1302250429435709,0.2526372151195316
933,0.19323952453330395,0.07554637863732976,0.026759224182260816,0.140057408842655,0.052573274621063704,0.005405081444238838,0.2245330367670699,0.012406959291652603,0.044145176516566985,0.03477611168652655,0.13566232375861784,0.054895499718714186
934,0.14350886924005368,0.04927779485875551,0.0734952021137494,0.02923186800041813,0.03340449918076864,0.11709208704719808,0.0366776776172915,0.09539683167693738,0.32942302247179667,0.024779466996776203,0.05093716595615224,0.016775514840102472
935,0.02103968575434165,0.024117818849457347,0.029587846666227637,0.101033414173192,0.1287998765121937,0.0322713151884409,0.056266114843357536,0.035552465988651326,0.02284762260300344,0.24693828619054875,0.1424468922313376,0.15909866099924805
936,0.08829213774736643,0.06318966968743944,0.008740798269272236,0.04621294375920676,0.05239175969704643,0.08226819992762706,0.16044726538177656,0.055949621147653596,0.026598555670807867,0.2759730754333358,0.07737848846222008,0.0625574848162478
937,0.2329733567844506,0.0069961600287572106,0.013731706460808452,0.03615311018843423,0.11984821172262275,0.044698916400956946,0.07121000414467442,0.012311776611320236,0.022564049931290665,0.049611957632467216,0.010343144351640018,0.37955760574257724
938,0.09503754741886214,0.050303662745699904,0.055352009614971005,0.14373606730641617,0.005028589455542764,0.4305689189727643,0.007051260325316603,0.018573337011644823,0.023262722990437336,0.09947134019750493,0.04653716180672451,0.02507738215411564
939,0.1267070127602242,0.11043334923825607,0.23437083575259768,0.12277731212352407,0.039439631793022976,0.0012889506897162805,0.05777834549996089,0.033569501540905385,0.09469282688568934,0.05573030765513602,0.056788882289883415,0.06642304377108373
940,0.0008500530063438759,0.013338093243766794,0.04472442999273183,0.04866038108235803,0.04261395898883601,0.41420841926544955,0.00485059717379105,0.08974318462687486,0.09017002402913935,0.22513502443998604,0.006177433117450961,0.019528401033271664
941,0.02706024009401404,0.01768005691999831,0.03325047804709341,0.0017753159085039853,0.18536777230855173,0.02804635593126167,0.008533974713997035,0.2379130046157776,0.07566061813054883,0.13051498592323138,0.13693786380011075,0.1172593336069113
942,0.21809762782529174,0.1824004679294937,0.01052709665942247,0.0740301904927588,0.06973606035397681,0.07021645021586391,0.04128936610390619,0.019922976022941633,0.011411436751028434,0.1798795266241919,0.025776325010119436,0.0967124760110049
943,0.176564428508813,0.0259966682584602,0.10001669510554326,0.2639268820094644,0.019109956447704652,0.019556639591073677,0.10357040119654344,0.008039963237231102,0.0724860396212619,0.18807195514036604,0.017565006328755503,0.005095364554782835
944,0.042253493939888184,0.18107127383995167,0.06464220825166782,0.19547582484489792,0.008974639904210548,0.025306782332592967,0.030746332359999275,0.1520435064001062,0.03890796946683232,0.018826304633530334,0.07796416967141392,0.16378749435490889
945,0.034172546687392155,0.03725481295035683,0.015244763426965785,0.1149769735028838,0.054960085793582,0.04786302255450239,0.19731003487583612,0.07810470874801886,0.16019934348290552,0.1419668447542519,0.10961409899885154,0.008332764224453145
946,0.05115960189916962,0.1704871132712111,0.044774194513435055,0.008338656696449688,0.03301347421011204,0.05217303751024735,0.08158745237192586,0.029339750146171704,0.33226037818385573,0.1473220573949809,0.00292925177098891,0.04661503203145213
947,0.016593052805571103,0.09886435884876309,0.035180374877238255,0.23363899896586385,0.039074513792766025,0.009466815015744156,0.18563470700270512,0.031925283533968306,0.1760809505094977,0.019658515382744216,0.09776714425280253,0.05611528501233573
948,0.11430477359960914,0.12546773316307974,0.038824563057364175,0.22036776391670168,0.0304167717288675,0.2029768042622777,0.031696684210822765,0.10218098171406978,0.044595134907109216,0.008714863083094307,0.07144936269210454,0.009004563664899493
949,0.09740676354321794,0.3099750669928873,0.2919802615599348,0.03633507314747397,0.02708739834080703,0.017482595895243785,0.02483098336428982,0.04172589196891676,0.01193022211689056,0.03946343685399062,0.06353836581822327,0.03824394039812422
950,0.09213467453932941,0.1530128399407178,0.007686851836612987,0.050631270377385525,0.00504191991260631,0.27246085585904817,0.10809928286074127,0.048960180424992644,0.03297731414793124,0.096265269839077,0.04971430080789348,0.08301523945366418
951,0.028779898792769935,0.002234126013001444,0.10459660586392627,0.03191642467769329,0.06327013782282752,0.36925181210308244,0.0030925137902520082,0.010330227098501944,0.04462835895065512,0.0386153227160122,0.0077811185950373545,0.2955034535762404
952,0.03886877886473142,0.24479417577894286,0.0358639242375009,0.000110104818440511,0.019262662571869853,0.020529686461727936,0.01852608237483298,0.08186817614544924,0.00434447539281381,0.2579088344273113,0.18520561357515894,0.09271748535122033
953,0.05213030907043778,0.07946060157052559,0.0056409309288024505,0.20300904552423485,0.0007269335725345297,0.07314641051431507,0.15480922007945364,0.17820130533557893,0.1122354827018988,0.05631835209103012,0.010468353723612754,0.0738530548875755
954,0.08961089763338004,0.010840909289371538,0.03470471827472542,0.11169684099400942,0.08721945189914754,0.06135375968112253,0.002877182575754531,0.09693266529863559,0.027974842637627,0.0712687050947945,0.26640599810810955,0.13911402851332227
955,0.08070264655193787,0.028768008327140954,0.19635796192421523,0.13437666140717205,0.04218992230812715,0.04250687571664127,0.04647644142142692,0.034594190436762366,0.030625464809354064,0.012255837408366112,0.11184672952573443,0.23929926016312147
956,0.08621109110319561,0.28945474826991874,0.010188894669238032,0.09296857541142235,0.02623299285085897,0.018158235508908563,0.029000103489352214,0.059028604529239935,0.1001010147351379,0.19427445174879793,0.04791817106256675,0.046463116621363015
957,0.18372202699961043,0.008153903904064189,0.05002111456820621,0.08296806499875548,0.1909586230399546,0.04107604891843322,0.04612161059097569,0.009979595631753749,0.059333053351690146,0.16487066886209895,0.032042282915533356,0.13075300621892408
958,0.05128549415646271,0.017966959286493632,0.03385173597028366,0.052947518686857764,0.0713895000612134,0.036044638636809685,0.03818673620145585,0.3846626562415732,0.02578105702829535,0.08062243873798454,0.01117262234332297,0.19608864264924725
959,0.15144278300049122,0.15376531447480962,0.0776742662161225,0.04275453809321883,0.11428476781568579,0.046113546988845164,0.004987418334448022,0.050102126649429604,0.04462151727339351,0.06493408683642682,0.15413581724839862,0.09518381706873034
960,0.043398887717211544,0.1623169866075708,0.21597214237463494,0.05589857379553065,0.05109607264364555,0.010812009319863218,0.0840080548793241,0.030382970834080338,0.09024853026098775,0.04724117359617806,0.20318008510934382,0.00544451286162915
961,0.0009157332918372428,0.03164652081075188,0.007261533629841457,0.2035412128775175,0.12173093690497803,0.02699123699620991,0.10065542480646414,0.21859083294318443,0.05792533094078285,0.2042474492504149,0.014841800525706605,0.011651987022311008
962,0.023276151587586683,0.18666637442199677,0.1677146808985802,0.08535001575906877,0.10252917965744032,0.0013881412845924935,0.07666954850763509,0.07267592679874613,0.10803473884480054,0.09249078296239699,0.0030458060639930225,0.08015865321316294
963,0.06968321404932716,0.1327872406513626,0.04778825543942736,0.02792768733304628,0.11165754608141953,0.1376898449120508,0.0700427959076727,0.22329159502898221,0.04305126155648606,0.04033383327113144,0.01950860391547496,0.0762381218536189
964,0.09555870605215547,0.16297698634178853,0.055498513016683244,0.01770783351971417,0.016835995826485706,0.01490840282576727,0.35194084358279104,0.004587323615331706,0.05890431742678665,0.15784989108611694,0.06262484126243094,0.0006063454439483851
965,0.011289463632514258,0.06326252638663972,0.025971910109679964,0.08809043339285805,0.040311940783601306,0.047122033363907176,0.06233319076872045,0.013823459950794113,0.07869468063555655,0.027680204975057337,0.39362715237074364,0.14779300362992745
966,0.058331706518276294,0.09110704389918807,0.061578133950221735,0.0394743885267591,0.1687342764071857,0.048711321926868896,0.12888603567785561,0.1334432090202177,0.09109977517727443,0.0107858032941569,0.07594817453071313,0.09190013107128245
967,0.03733859063277901,0.07436357141306357,0.1692038560155697,0.013828389114434108,0.06458461114953863,0.06035643105299541,0.016474834715563852,0.16142905394892693,0.16034216962772393,0.0438069856896049,0.06735242982449986,0.13091907681530002
968,0.2134872041867826,0.06011609864436773,0.17398973439756726,0.1367993805407334,0.009656638321290658,0.04133333078474063,0.03366198278624141,0.06769113090992421,0.0007521198603074669,0.027726483279299205,0.2178025069308151,0.016983389357930295
969,0.07208898996874177,0.20384261421969646,0.017267705706469214,0.032988689932943606,0.14100769542654346,0.12545756189976576,0.22542095211354718,0.04300065155539135,0.04332616774101098,0.04991750890368254,0.03200813054905139,0.01367333198315627
970,0.05962117455143507,0.11865410331904264,0.02719399739869459,0.07535985373499063,0.1884121094107195,0.0695542557651051,0.19960760368443942,0.0016739980874387803,0.011312519024458933,0.07420155379624334,0.1359569296027718,0.03845190162466018
971,0.017238245904119397,0.14912164004935305,0.11117745867735054,0.04366747585081911,0.08114359624464713,0.15561593490384545,0.00665758326028685,0.029367714869318152,0.014145421286046225,0.0027295192973796406,0.12278022912263509,0.26635518053419943
972,0.020945177481818494,0.06762417095079493,0.05566977514237675,0.11870129085614976,0.061743538210515966,0.32754942006794097,0.1435549924538476,0.041594116808966214,0.04725793690195245,0.05901853772139522,0.007617847636785914,0.04872319576745576
973,0.05520046112519309,0.1727248922995754,0.1486948982431533,0.029875703674500202,0.009878619091304053,0.031669168796907336,0.18634863359255927,0.05942717561138702,0.07996986202791524,0.0945829289819629,0.09565072797498345,0.035976928580558745
974,0.048840734671736594,0.04028415035562429,0.018050249826499516,0.11292361601923366,0.040120810281065435,0.024093177541124954,0.0624769412556129,0.11267963330537707,0.352503735652615,0.007148928032604676,0.14468757589239434,0.03619044716611158
975,0.16840482924037425,0.029449059476227387,0.1306261823359557,0.005762406663605529,0.11572152651865422,0.20670665969782837,0.024080127198506853,0.08228773213238508,0.044734401455983806,0.057770871848465306,0.0708194337421618,0.06363676968985166
976,0.028318150371444452,0.1220507117295378,0.1868721801593171,0.10652470240184711,0.021408382438563772,0.0416253817125063,0.09880204874300043,0.06448106549006814,0.08241046720085339,0.16117799151979337,0.03728632001186177,0.04904259822120641
977,0.02529052902073338,0.013085176123983843,0.1627839586312322,0.2102177402845883,0.17240696966685096,0.05190004978846089,0.1476893782337926,0.019819364880853476,0.009755057185148817,0.11312245497898438,0.031241415237096514,0.0426879059682746
978,0.43163348373994787,0.0607903610985927,0.08438796213922575,0.01872585554849615,0.14640603536974345,0.028651201089434107,0.058299776928781646,0.025876269451146985,0.01707127335746885,0.0015353290121501472,0.05699644734287825,0.06962600492213401
979,0.1330671188074093,0.02878006685664621,0.02742839634868002,0.1648918879630482,0.018689963773953638,0.049512396957917586,0.05337075194279062,0.13178186824929805,0.22726852735857986,0.07210252054979019,0.08344742739893009,0.009659073792956163
980,0.031079710185130803,0.054657263472264135,0.007829743005402099,0.0730868975797563,0.10629314984626687,0.22932150613354552,0.04693905024890646,0.11226394399383707,0.023111030776103856,0.25762013042308374,0.03888573486169,0.018911839474013127
981,0.08878225470100315,0.015578713943967004,0.017206336756660275,0.022344957724947927,0.0525267994153484,0.24856026398165598,0.043857933997205764,0.1013754939405891,0.13326686828328252,0.17741255728244082,0.07785777376173848,0.02123004621116052
982,0.01732600540379626,0.16695180097220352,0.031436967935472376,0.11314164596277522,0.005022894954333961,0.05845742575238844,0.18023387315659598,0.14893646201390723,0.11896446430019786,0.10445787365865097,0.01013681902468084,0.04493376686499743
983,0.016642795623096857,0.2096233810491483,0.0877543999087703,0.10619526217351487,0.08475444929266454,0.09092636004926326,0.010345023318297494,0.019973676250208166,0.324265144448158,0.01476662826084251,0.018464997459711068,0.01628788216632466
984,0.03735622378770657,0.03498186445609137,0.1393162783908439,0.03799108254023154,0.0017914069697110603,0.3882367438425127,0.03717999862972115,0.013358213996016973,0.025608513667321125,0.08119418057754406,0.08930458166093,0.11368091148136954
985,0.07984764250540778,0.03518809200650049,0.017313009682667878,0.09738991270736033,0.28800201649215734,0.04459613514124968,0.05487623553414684,0.03222416438356691,0.10070520188934962,0.05406642997869437,0.17324241593676065,0.02254874374213814
986,0.214032143428627,0.004708797267415986,0.010310692271306859,0.29997799635721306,0.021277140849753053,0.14420516802530972,0.10636625487758745,0.039711136787002506,0.06562096343662395,0.024998828321024638,0.02214255037887778,0.04664832799925798
987,0.08897545262732519,0.38763334805775657,0.16880426020197933,0.088762979240768,0.0568294580959905,0.0030513070172771277,0.07158749163381355,0.02880174576229579,0.014723384528118685,0.0018013205513098048,0.027593984803543792,0.061435267479821684
988,0.05579243866161849,0.03269308291987679,0.04424682550106788,0.14034747054878832,0.00690408196729272,0.06100258480242226,0.008025024703458032,0.08740357039805141,0.04846770272498403,0.023800801297411838,0.3573606520909387,0.13395576438408954
989,0.05671866635295254,0.11561346570273776,0.08282902270823693,0.15824070533075776,0.0033333616470388556,0.0031164521878450325,0.005695547372383095,0.3999375307316506,0.05043314592177463,0.03737866935635483,0.03813395899392894,0.048569473694339046
990,0.014754528459139134,0.12805103404716453,0.10025898187254335,0.021079862044714678,0.026606148103653086,0.08992752468240171,0.03467749818241707,0.1741776390366466,0.2550015491930471,0.07170074033527533,0.0625084579978033,0.021256036045194056
991,0.025230341346024195,0.02836940160988127,0.1470390355416835,0.036031157954259214,0.12546214805578185,0.04239827168652535,0.06098622111041562,0.19137888864369518,0.01958844103537143,0.17408230387288218,0.09872252319448507,0.050711265948995096
992,0.009221060379641911,0.022505304667924744,0.02753028014456058,0.15076117998294417,0.028537021460919614,0.17340529010198982,0.1704382358600728,0.07726212787581914,0.011348991123058544,0.12507649934436177,0.05469934148471757,0.14921466757398935
993,0.0008718149489770287,0.10088173785257061,0.09036892197544193,0.21783857410756294,0.20421954372171405,0.09333799941956053,0.022658563054042395,0.07906559333299555,0.0847042738080729,0.05743856058483675,0.032302339191068695,0.01631207800315668
994,0.08141903283376878,0.04395882181925503,0.052505390032612884,0.05507331851206556,0.08579901253220974,0.04152538154016524,0.18089621360997002,0.08744692230767925,0.018987209630201615,0.10719784508895963,0.0869486797859801,0.15824217230713222
995,0.00909847359355936,0.09503222758497844,0.007437001714384661,0.09014135697384201,0.06873920279378756,0.04453902153439745,0.08305397094850708,0.013556225758378093,0.18597154069666585,0.03678415001901724,0.3514007616302811,0.014246066752201218
996,0.0031006730989128874,0.09296702449003529,0.15092401068338124,0.006818007945733276,0.12013297035911784,0.1452764484114161,0.1317265499751946,0.0004806585020243281,0.00035044996781333784,0.12468404050383908,0.08197709557664336,0.14156207048588862
997,0.0777291271757343,0.0294409260534435,0.062401171943331626,0.17853442284189835,0.04916589675779724,0.1439713295301119,0.07018846112900913,0.10881172336068994,0.14456080409991623,0.10825829595284811,0.011784379681909712,0.01515346147330997
998,0.0005184271623947195,0.04349733182278013,0.03906965908752173,0.1862609428079101,0.04136550586809572,0.0016028018897615657,0.0031637751321073743,0.11766841511294343,0.1287487948937477,0.04599319011237697,0.11853331448780585,0.27357784162255466
999,0.00769149955894262,0.10105741751276165,0.08010317912851167,0.19118510323673238,0.1255665086604414,0.020292645100399152,0.044976221334373755,0.13953104777548797,0.0648554689340869,0.005965212607129775,0.16268992611160635,0.056085770039526375
